ISO-10303-21;
HEADER;
/* Generated by software containing ST-Developer
 * from STEP Tools, Inc. (www.steptools.com) 
 */
/* OPTION: using custom renumber hook */

FILE_DESCRIPTION(
/* description */ (
'CAx-IF Rec.Pracs.---Representation and Presentation of Product Manufa
cturing Information (PMI)---4.0---2014-10-13',
'CAx-IF Rec.Pracs.---3D Tessellated Geometry---0.4---2014-09-14','2;1'),

/* implementation_level */ '2;1');

FILE_NAME(
/* name */ 'Dog hause UBV',
/* time_stamp */ '2025-12-12T08:22:18+01:00',
/* author */ (''),
/* organization */ (''),
/* preprocessor_version */ 'ST-DEVELOPER v20',
/* originating_system */ 'SIEMENS PLM Software NX2412.3001',
/* authorisation */ $);

FILE_SCHEMA (('AP242_MANAGED_MODEL_BASED_3D_ENGINEERING_MIM_LF { 1 0 10303 442 3 1 4 }'));
ENDSEC;

DATA;
#10=DEFAULT_MODEL_GEOMETRIC_VIEW('__Trimetric','',#137,#72,'','',#3220,
*);
#11=MECHANICAL_DESIGN_AND_DRAUGHTING_RELATIONSHIP('','',#52,#53);
#12=MECHANICAL_DESIGN_AND_DRAUGHTING_RELATIONSHIP('','',#54,#53);
#13=MECHANICAL_DESIGN_AND_DRAUGHTING_RELATIONSHIP('','',#55,#53);
#14=MECHANICAL_DESIGN_AND_DRAUGHTING_RELATIONSHIP('','',#56,#53);
#15=MECHANICAL_DESIGN_AND_DRAUGHTING_RELATIONSHIP('','',#57,#53);
#16=MECHANICAL_DESIGN_AND_DRAUGHTING_RELATIONSHIP('','',#58,#53);
#17=MECHANICAL_DESIGN_AND_DRAUGHTING_RELATIONSHIP('','',#59,#53);
#18=MECHANICAL_DESIGN_AND_DRAUGHTING_RELATIONSHIP('','',#60,#53);
#19=MECHANICAL_DESIGN_AND_DRAUGHTING_RELATIONSHIP('','',#61,#53);
#20=MECHANICAL_DESIGN_AND_DRAUGHTING_RELATIONSHIP('','',#62,#53);
#21=MECHANICAL_DESIGN_AND_DRAUGHTING_RELATIONSHIP('','',#63,#53);
#22=MECHANICAL_DESIGN_AND_DRAUGHTING_RELATIONSHIP('','',#64,#53);
#23=MECHANICAL_DESIGN_AND_DRAUGHTING_RELATIONSHIP('','',#65,#53);
#24=MECHANICAL_DESIGN_AND_DRAUGHTING_RELATIONSHIP('','',#66,#53);
#25=MECHANICAL_DESIGN_AND_DRAUGHTING_RELATIONSHIP('','',#67,#53);
#26=MECHANICAL_DESIGN_AND_DRAUGHTING_RELATIONSHIP('','',#68,#53);
#27=MECHANICAL_DESIGN_AND_DRAUGHTING_RELATIONSHIP('','',#69,#53);
#28=MECHANICAL_DESIGN_AND_DRAUGHTING_RELATIONSHIP('','',#70,#53);
#29=MECHANICAL_DESIGN_AND_DRAUGHTING_RELATIONSHIP('','',#71,#53);
#30=MECHANICAL_DESIGN_AND_DRAUGHTING_RELATIONSHIP('','',#72,#53);
#31=MECHANICAL_DESIGN_AND_DRAUGHTING_RELATIONSHIP('','',#73,#53);
#32=MODEL_GEOMETRIC_VIEW('Top','',#118,#52);
#33=MODEL_GEOMETRIC_VIEW('Front','',#119,#54);
#34=MODEL_GEOMETRIC_VIEW('Right','',#120,#55);
#35=MODEL_GEOMETRIC_VIEW('Back','',#121,#56);
#36=MODEL_GEOMETRIC_VIEW('Bottom','',#122,#57);
#37=MODEL_GEOMETRIC_VIEW('Left','',#123,#58);
#38=MODEL_GEOMETRIC_VIEW('Isometric','',#124,#59);
#39=MODEL_GEOMETRIC_VIEW('Trimetric','',#125,#60);
#40=MODEL_GEOMETRIC_VIEW('_All','',#126,#61);
#41=MODEL_GEOMETRIC_VIEW('_Output_Assembly_Tolerances','',#127,#62);
#42=MODEL_GEOMETRIC_VIEW('_Part_Tolerances','',#128,#63);
#43=MODEL_GEOMETRIC_VIEW('_Tool_Datums','',#129,#64);
#44=MODEL_GEOMETRIC_VIEW('__Back','',#130,#65);
#45=MODEL_GEOMETRIC_VIEW('__Bottom','',#131,#66);
#46=MODEL_GEOMETRIC_VIEW('__Front','',#132,#67);
#47=MODEL_GEOMETRIC_VIEW('__Left','',#133,#68);
#48=MODEL_GEOMETRIC_VIEW('__Right','',#134,#69);
#49=MODEL_GEOMETRIC_VIEW('__Top','',#135,#70);
#50=MODEL_GEOMETRIC_VIEW('__Isometric','',#136,#71);
#51=MODEL_GEOMETRIC_VIEW('__Isometric-DQ','',#138,#73);
#52=DRAUGHTING_MODEL('Top',(#118,#96),#3215);
#53=DRAUGHTING_MODEL('',(#97),#3215);
#54=DRAUGHTING_MODEL('Front',(#119,#98),#3215);
#55=DRAUGHTING_MODEL('Right',(#120,#99),#3215);
#56=DRAUGHTING_MODEL('Back',(#121,#100),#3215);
#57=DRAUGHTING_MODEL('Bottom',(#122,#101),#3215);
#58=DRAUGHTING_MODEL('Left',(#123,#102),#3215);
#59=DRAUGHTING_MODEL('Isometric',(#124,#103),#3215);
#60=DRAUGHTING_MODEL('Trimetric',(#125,#104),#3215);
#61=DRAUGHTING_MODEL('_All',(#126,#105),#3215);
#62=DRAUGHTING_MODEL('_Output_Assembly_Tolerances',(#127,#106),#3215);
#63=DRAUGHTING_MODEL('_Part_Tolerances',(#128,#107),#3215);
#64=DRAUGHTING_MODEL('_Tool_Datums',(#129,#108),#3215);
#65=DRAUGHTING_MODEL('__Back',(#130,#109),#3215);
#66=DRAUGHTING_MODEL('__Bottom',(#131,#110),#3215);
#67=DRAUGHTING_MODEL('__Front',(#132,#111),#3215);
#68=DRAUGHTING_MODEL('__Left',(#133,#112),#3215);
#69=DRAUGHTING_MODEL('__Right',(#134,#113),#3215);
#70=DRAUGHTING_MODEL('__Top',(#135,#114),#3215);
#71=DRAUGHTING_MODEL('__Isometric',(#136,#115),#3215);
#72=DRAUGHTING_MODEL('__Trimetric',(#137,#116),#3215);
#73=DRAUGHTING_MODEL('__Isometric-DQ',(#138,#117),#3215);
#74=REPRESENTATION_MAP(#1616,#182);
#75=REPRESENTATION_MAP(#1616,#182);
#76=REPRESENTATION_MAP(#1616,#182);
#77=REPRESENTATION_MAP(#1616,#182);
#78=REPRESENTATION_MAP(#1616,#182);
#79=REPRESENTATION_MAP(#1616,#182);
#80=REPRESENTATION_MAP(#1616,#182);
#81=REPRESENTATION_MAP(#1616,#182);
#82=REPRESENTATION_MAP(#1616,#182);
#83=REPRESENTATION_MAP(#1616,#182);
#84=REPRESENTATION_MAP(#1616,#182);
#85=REPRESENTATION_MAP(#1616,#182);
#86=REPRESENTATION_MAP(#1616,#182);
#87=REPRESENTATION_MAP(#1616,#182);
#88=REPRESENTATION_MAP(#1616,#182);
#89=REPRESENTATION_MAP(#1616,#182);
#90=REPRESENTATION_MAP(#1616,#182);
#91=REPRESENTATION_MAP(#1616,#182);
#92=REPRESENTATION_MAP(#1616,#182);
#93=REPRESENTATION_MAP(#1616,#182);
#94=REPRESENTATION_MAP(#1616,#182);
#95=REPRESENTATION_MAP(#1616,#182);
#96=MAPPED_ITEM('',#74,#1616);
#97=MAPPED_ITEM('',#75,#1616);
#98=MAPPED_ITEM('',#76,#1616);
#99=MAPPED_ITEM('',#77,#1616);
#100=MAPPED_ITEM('',#78,#1616);
#101=MAPPED_ITEM('',#79,#1616);
#102=MAPPED_ITEM('',#80,#1616);
#103=MAPPED_ITEM('',#81,#1616);
#104=MAPPED_ITEM('',#82,#1616);
#105=MAPPED_ITEM('',#83,#1616);
#106=MAPPED_ITEM('',#84,#1616);
#107=MAPPED_ITEM('',#85,#1616);
#108=MAPPED_ITEM('',#86,#1616);
#109=MAPPED_ITEM('',#87,#1616);
#110=MAPPED_ITEM('',#88,#1616);
#111=MAPPED_ITEM('',#89,#1616);
#112=MAPPED_ITEM('',#90,#1616);
#113=MAPPED_ITEM('',#91,#1616);
#114=MAPPED_ITEM('',#92,#1616);
#115=MAPPED_ITEM('',#93,#1616);
#116=MAPPED_ITEM('',#94,#1616);
#117=MAPPED_ITEM('',#95,#1616);
#118=CAMERA_MODEL_D3('Top',#1725,#139);
#119=CAMERA_MODEL_D3('Front',#1727,#140);
#120=CAMERA_MODEL_D3('Right',#1729,#141);
#121=CAMERA_MODEL_D3('Back',#1731,#142);
#122=CAMERA_MODEL_D3('Bottom',#1733,#143);
#123=CAMERA_MODEL_D3('Left',#1735,#144);
#124=CAMERA_MODEL_D3('Isometric',#1737,#145);
#125=CAMERA_MODEL_D3('Trimetric',#1739,#146);
#126=CAMERA_MODEL_D3('_All',#1741,#147);
#127=CAMERA_MODEL_D3('_Output_Assembly_Tolerances',#1743,#148);
#128=CAMERA_MODEL_D3('_Part_Tolerances',#1745,#149);
#129=CAMERA_MODEL_D3('_Tool_Datums',#1747,#150);
#130=CAMERA_MODEL_D3('__Back',#1749,#151);
#131=CAMERA_MODEL_D3('__Bottom',#1751,#152);
#132=CAMERA_MODEL_D3('__Front',#1753,#153);
#133=CAMERA_MODEL_D3('__Left',#1755,#154);
#134=CAMERA_MODEL_D3('__Right',#1757,#155);
#135=CAMERA_MODEL_D3('__Top',#1759,#156);
#136=CAMERA_MODEL_D3('__Isometric',#1761,#157);
#137=CAMERA_MODEL_D3('__Trimetric',#1763,#158);
#138=CAMERA_MODEL_D3('__Isometric-DQ',#1765,#159);
#139=VIEW_VOLUME(.PARALLEL.,#3152,289.025756835938,0.,.F.,0.,.F.,.F.,#160);
#140=VIEW_VOLUME(.PARALLEL.,#3155,1718.3955078125,0.,.F.,0.,.F.,.F.,#161);
#141=VIEW_VOLUME(.PARALLEL.,#3158,1718.3955078125,0.,.F.,0.,.F.,.F.,#162);
#142=VIEW_VOLUME(.PARALLEL.,#3161,1718.39544677734,0.,.F.,0.,.F.,.F.,#163);
#143=VIEW_VOLUME(.PARALLEL.,#3164,289.025756835938,0.,.F.,0.,.F.,.F.,#164);
#144=VIEW_VOLUME(.PARALLEL.,#3167,1718.39538574219,0.,.F.,0.,.F.,.F.,#165);
#145=VIEW_VOLUME(.PARALLEL.,#3170,1688.14835035676,0.,.F.,0.,.F.,.F.,#166);
#146=VIEW_VOLUME(.PARALLEL.,#3173,1785.13409807114,0.,.F.,0.,.F.,.F.,#167);
#147=VIEW_VOLUME(.PARALLEL.,#3176,369.018439747343,0.,.F.,0.,.F.,.F.,#168);
#148=VIEW_VOLUME(.PARALLEL.,#3179,369.018439747343,0.,.F.,0.,.F.,.F.,#169);
#149=VIEW_VOLUME(.PARALLEL.,#3182,369.018439747343,0.,.F.,0.,.F.,.F.,#170);
#150=VIEW_VOLUME(.PARALLEL.,#3185,369.018439747343,0.,.F.,0.,.F.,.F.,#171);
#151=VIEW_VOLUME(.PARALLEL.,#3188,305.529418945313,0.,.F.,0.,.F.,.F.,#172);
#152=VIEW_VOLUME(.PARALLEL.,#3191,305.529418945313,0.,.F.,0.,.F.,.F.,#173);
#153=VIEW_VOLUME(.PARALLEL.,#3194,305.529403686523,0.,.F.,0.,.F.,.F.,#174);
#154=VIEW_VOLUME(.PARALLEL.,#3197,305.529418945313,0.,.F.,0.,.F.,.F.,#175);
#155=VIEW_VOLUME(.PARALLEL.,#3200,305.529418945313,0.,.F.,0.,.F.,.F.,#176);
#156=VIEW_VOLUME(.PARALLEL.,#3203,305.529418945313,0.,.F.,0.,.F.,.F.,#177);
#157=VIEW_VOLUME(.PARALLEL.,#3206,424.040810325429,0.,.F.,0.,.F.,.F.,#178);
#158=VIEW_VOLUME(.PARALLEL.,#3209,424.04081084306,0.,.F.,0.,.F.,.F.,#179);
#159=VIEW_VOLUME(.PARALLEL.,#3212,424.040810325429,0.,.F.,0.,.F.,.F.,#180);
#160=PLANAR_BOX('',144.124429149746,144.124429149746,#1726);
#161=PLANAR_BOX('',856.888238363987,856.888238363987,#1728);
#162=PLANAR_BOX('',856.888238363987,856.888238363987,#1730);
#163=PLANAR_BOX('',856.888207928439,856.888207928439,#1732);
#164=PLANAR_BOX('',144.124429149746,144.124429149746,#1734);
#165=PLANAR_BOX('',856.888177492892,856.888177492892,#1736);
#166=PLANAR_BOX('',841.805311674565,841.805311674565,#1738);
#167=PLANAR_BOX('',890.167837139489,890.167837139489,#1740);
#168=PLANAR_BOX('',184.013260812964,184.013260812964,#1742);
#169=PLANAR_BOX('',184.013260812964,184.013260812964,#1744);
#170=PLANAR_BOX('',184.013260812964,184.013260812964,#1746);
#171=PLANAR_BOX('',184.013260812964,184.013260812964,#1748);
#172=PLANAR_BOX('',152.354079359586,152.354079359586,#1750);
#173=PLANAR_BOX('',152.354079359586,152.354079359586,#1752);
#174=PLANAR_BOX('',152.354071750699,152.354071750699,#1754);
#175=PLANAR_BOX('',152.354079359586,152.354079359586,#1756);
#176=PLANAR_BOX('',152.354079359586,152.354079359586,#1758);
#177=PLANAR_BOX('',152.354079359586,152.354079359586,#1760);
#178=PLANAR_BOX('',211.450496292755,211.450496292755,#1762);
#179=PLANAR_BOX('',211.450496550875,211.450496550875,#1764);
#180=PLANAR_BOX('',211.450496292755,211.450496292755,#1766);
#181=SHAPE_REPRESENTATION_RELATIONSHIP('','',#1615,#182);
#182=ADVANCED_BREP_SHAPE_REPRESENTATION('',(#1613),#3215);
#183=(
BOUNDED_SURFACE()
B_SPLINE_SURFACE(3,2,((#2486,#2487,#2488),(#2489,#2490,#2491),(#2492,#2493,
#2494),(#2495,#2496,#2497),(#2498,#2499,#2500),(#2501,#2502,#2503),(#2504,
#2505,#2506)),.UNSPECIFIED.,.F.,.F.,.F.)
B_SPLINE_SURFACE_WITH_KNOTS((4,1,1,1,4),(3,3),(5.47466954497572,5.85357596212963,
6.23248237928355,6.61138879643747,6.99029521359139),(0.,1.),
 .UNSPECIFIED.)
GEOMETRIC_REPRESENTATION_ITEM()
RATIONAL_B_SPLINE_SURFACE(((1.,0.726448191874331,1.),(1.,0.728972634099467,
1.),(1.,0.733070068323837,1.),(1.,0.735574214679755,1.),(1.,0.734119164201268,
1.),(1.,0.730632453830203,1.),(1.,0.728370969882412,1.)))
REPRESENTATION_ITEM('')
SURFACE()
);
#184=(
BOUNDED_SURFACE()
B_SPLINE_SURFACE(3,2,((#2518,#2519,#2520),(#2521,#2522,#2523),(#2524,#2525,
#2526),(#2527,#2528,#2529),(#2530,#2531,#2532),(#2533,#2534,#2535),(#2536,
#2537,#2538)),.UNSPECIFIED.,.F.,.F.,.F.)
B_SPLINE_SURFACE_WITH_KNOTS((4,1,1,1,4),(3,3),(5.57607540076778,5.9549818179217,
6.33388823507561,6.71279465222953,7.09170106938345),(0.,1.),
 .UNSPECIFIED.)
GEOMETRIC_REPRESENTATION_ITEM()
RATIONAL_B_SPLINE_SURFACE(((1.,0.728370969882412,1.),(1.,0.730632453830203,
1.),(1.,0.734119164201634,1.),(1.,0.735574214678525,1.),(1.,0.73307006832829,
1.),(1.,0.728972634089895,1.),(1.,0.726448191874331,1.)))
REPRESENTATION_ITEM('')
SURFACE()
);
#185=ELLIPSE('',#1634,5.00707324620981,5.);
#186=ELLIPSE('',#1636,5.00019039192868,5.);
#187=ELLIPSE('',#1637,5.00019039192868,5.);
#188=ELLIPSE('',#1639,5.00707324620981,5.);
#189=ELLIPSE('',#1640,5.00707324620981,5.);
#190=ELLIPSE('',#1642,5.00019039192868,5.);
#191=ELLIPSE('',#1643,5.00019039192868,5.);
#192=ELLIPSE('',#1645,5.00707324620981,5.);
#193=ELLIPSE('',#1646,5.00688259220312,5.);
#194=ELLIPSE('',#1647,6.83714384958439,5.);
#195=ELLIPSE('',#1650,1.50208414519612,1.5);
#196=ELLIPSE('',#1652,3.60397303360853,3.6);
#197=ELLIPSE('',#1654,2.10680365173821,2.1);
#198=ELLIPSE('',#1658,2.10680365173821,2.1);
#199=ELLIPSE('',#1659,3.60397303360853,3.6);
#200=ELLIPSE('',#1661,1.50208414519612,1.5);
#201=ELLIPSE('',#1664,6.83714384958441,5.);
#202=ELLIPSE('',#1666,5.00707324620981,5.);
#203=ELLIPSE('',#1667,5.00688259220312,5.);
#204=ELLIPSE('',#1669,5.00019039192868,5.);
#205=ELLIPSE('',#1670,5.00019039192868,5.);
#206=ELLIPSE('',#1672,5.00707324620981,5.);
#207=ELLIPSE('',#1673,5.00707324620981,5.);
#208=ELLIPSE('',#1675,5.00019039192868,5.);
#209=ELLIPSE('',#1676,5.00019039192868,5.);
#210=ELLIPSE('',#1678,5.00707324620981,5.);
#211=SPHERICAL_SURFACE('',#1630,5.);
#212=SPHERICAL_SURFACE('',#1680,5.);
#213=CYLINDRICAL_SURFACE('',#1628,5.);
#214=CYLINDRICAL_SURFACE('',#1633,5.);
#215=CYLINDRICAL_SURFACE('',#1635,5.);
#216=CYLINDRICAL_SURFACE('',#1638,5.);
#217=CYLINDRICAL_SURFACE('',#1641,5.);
#218=CYLINDRICAL_SURFACE('',#1644,5.);
#219=CYLINDRICAL_SURFACE('',#1649,1.5);
#220=CYLINDRICAL_SURFACE('',#1655,1.5);
#221=CYLINDRICAL_SURFACE('',#1660,1.5);
#222=CYLINDRICAL_SURFACE('',#1665,5.);
#223=CYLINDRICAL_SURFACE('',#1668,5.);
#224=CYLINDRICAL_SURFACE('',#1671,5.);
#225=CYLINDRICAL_SURFACE('',#1674,5.);
#226=CYLINDRICAL_SURFACE('',#1677,5.);
#227=CYLINDRICAL_SURFACE('',#1683,5.);
#228=CYLINDRICAL_SURFACE('',#1684,5.);
#229=CYLINDRICAL_SURFACE('',#1686,5.);
#230=CYLINDRICAL_SURFACE('',#1688,5.);
#231=CYLINDRICAL_SURFACE('',#1690,5.);
#232=CYLINDRICAL_SURFACE('',#1702,3.6);
#233=CYLINDRICAL_SURFACE('',#1704,3.6);
#234=CYLINDRICAL_SURFACE('',#1716,5.);
#235=CONICAL_SURFACE('',#1622,3.,0.0174532925199433);
#236=CONICAL_SURFACE('',#1625,3.,0.0174532925199433);
#237=CIRCLE('',#1619,3.);
#238=CIRCLE('',#1620,3.);
#239=CIRCLE('',#1623,3.01396405194257);
#240=CIRCLE('',#1626,3.01396405194257);
#241=CIRCLE('',#1629,5.);
#242=CIRCLE('',#1631,5.);
#243=CIRCLE('',#1632,5.);
#244=CIRCLE('',#1651,1.5);
#245=CIRCLE('',#1653,1.5);
#246=CIRCLE('',#1656,1.5);
#247=CIRCLE('',#1657,1.5);
#248=CIRCLE('',#1679,5.);
#249=CIRCLE('',#1681,5.);
#250=CIRCLE('',#1682,5.);
#251=LINE('',#2342,#374);
#252=LINE('',#2345,#375);
#253=LINE('',#2347,#376);
#254=LINE('',#2349,#377);
#255=LINE('',#2351,#378);
#256=LINE('',#2356,#379);
#257=LINE('',#2360,#380);
#258=LINE('',#2362,#381);
#259=LINE('',#2363,#382);
#260=LINE('',#2365,#383);
#261=LINE('',#2367,#384);
#262=LINE('',#2369,#385);
#263=LINE('',#2381,#386);
#264=LINE('',#2383,#387);
#265=LINE('',#2385,#388);
#266=LINE('',#2387,#389);
#267=LINE('',#2398,#390);
#268=LINE('',#2400,#391);
#269=LINE('',#2419,#392);
#270=LINE('',#2423,#393);
#271=LINE('',#2429,#394);
#272=LINE('',#2433,#395);
#273=LINE('',#2438,#396);
#274=LINE('',#2442,#397);
#275=LINE('',#2444,#398);
#276=LINE('',#2449,#399);
#277=LINE('',#2456,#400);
#278=LINE('',#2460,#401);
#279=LINE('',#2465,#402);
#280=LINE('',#2471,#403);
#281=LINE('',#2473,#404);
#282=LINE('',#2474,#405);
#283=LINE('',#2476,#406);
#284=LINE('',#2481,#407);
#285=LINE('',#2485,#408);
#286=LINE('',#2516,#409);
#287=LINE('',#2517,#410);
#288=LINE('',#2548,#411);
#289=LINE('',#2549,#412);
#290=LINE('',#2551,#413);
#291=LINE('',#2553,#414);
#292=LINE('',#2554,#415);
#293=LINE('',#2556,#416);
#294=LINE('',#2560,#417);
#295=LINE('',#2565,#418);
#296=LINE('',#2568,#419);
#297=LINE('',#2573,#420);
#298=LINE('',#2577,#421);
#299=LINE('',#2579,#422);
#300=LINE('',#2584,#423);
#301=LINE('',#2591,#424);
#302=LINE('',#2595,#425);
#303=LINE('',#2597,#426);
#304=LINE('',#2602,#427);
#305=LINE('',#2627,#428);
#306=LINE('',#2628,#429);
#307=LINE('',#2647,#430);
#308=LINE('',#2665,#431);
#309=LINE('',#2667,#432);
#310=LINE('',#2668,#433);
#311=LINE('',#2678,#434);
#312=LINE('',#2679,#435);
#313=LINE('',#2680,#436);
#314=LINE('',#2682,#437);
#315=LINE('',#2701,#438);
#316=LINE('',#2718,#439);
#317=LINE('',#2719,#440);
#318=LINE('',#2720,#441);
#319=LINE('',#2721,#442);
#320=LINE('',#2727,#443);
#321=LINE('',#2750,#444);
#322=LINE('',#2796,#445);
#323=LINE('',#2798,#446);
#324=LINE('',#2815,#447);
#325=LINE('',#2822,#448);
#326=LINE('',#2824,#449);
#327=LINE('',#2826,#450);
#328=LINE('',#2833,#451);
#329=LINE('',#2835,#452);
#330=LINE('',#2837,#453);
#331=LINE('',#2844,#454);
#332=LINE('',#2846,#455);
#333=LINE('',#2848,#456);
#334=LINE('',#2855,#457);
#335=LINE('',#2857,#458);
#336=LINE('',#2859,#459);
#337=LINE('',#2866,#460);
#338=LINE('',#2868,#461);
#339=LINE('',#2870,#462);
#340=LINE('',#2877,#463);
#341=LINE('',#2892,#464);
#342=LINE('',#2894,#465);
#343=LINE('',#2896,#466);
#344=LINE('',#2911,#467);
#345=LINE('',#2918,#468);
#346=LINE('',#2920,#469);
#347=LINE('',#2922,#470);
#348=LINE('',#2929,#471);
#349=LINE('',#2931,#472);
#350=LINE('',#2933,#473);
#351=LINE('',#2940,#474);
#352=LINE('',#2942,#475);
#353=LINE('',#2944,#476);
#354=LINE('',#2951,#477);
#355=LINE('',#2953,#478);
#356=LINE('',#2955,#479);
#357=LINE('',#2962,#480);
#358=LINE('',#2964,#481);
#359=LINE('',#2966,#482);
#360=LINE('',#2973,#483);
#361=LINE('',#2990,#484);
#362=LINE('',#2992,#485);
#363=LINE('',#3022,#486);
#364=LINE('',#3052,#487);
#365=LINE('',#3082,#488);
#366=LINE('',#3109,#489);
#367=LINE('',#3116,#490);
#368=LINE('',#3118,#491);
#369=LINE('',#3120,#492);
#370=LINE('',#3122,#493);
#371=LINE('',#3124,#494);
#372=LINE('',#3131,#495);
#373=LINE('',#3133,#496);
#374=VECTOR('',#1771,1000.);
#375=VECTOR('',#1772,1000.);
#376=VECTOR('',#1773,1000.);
#377=VECTOR('',#1774,1000.);
#378=VECTOR('',#1777,1000.);
#379=VECTOR('',#1780,1000.);
#380=VECTOR('',#1783,1000.);
#381=VECTOR('',#1784,1000.);
#382=VECTOR('',#1785,1000.);
#383=VECTOR('',#1788,1000.);
#384=VECTOR('',#1789,1000.);
#385=VECTOR('',#1790,1000.);
#386=VECTOR('',#1795,1000.);
#387=VECTOR('',#1798,1000.);
#388=VECTOR('',#1799,1000.);
#389=VECTOR('',#1802,1000.);
#390=VECTOR('',#1807,1000.);
#391=VECTOR('',#1808,1000.);
#392=VECTOR('',#1811,1000.);
#393=VECTOR('',#1814,1000.);
#394=VECTOR('',#1823,1000.);
#395=VECTOR('',#1826,1000.);
#396=VECTOR('',#1831,1000.);
#397=VECTOR('',#1834,1000.);
#398=VECTOR('',#1837,1000.);
#399=VECTOR('',#1840,1000.);
#400=VECTOR('',#1847,1000.);
#401=VECTOR('',#1850,1000.);
#402=VECTOR('',#1855,1000.);
#403=VECTOR('',#1860,1000.);
#404=VECTOR('',#1863,1000.);
#405=VECTOR('',#1864,1000.);
#406=VECTOR('',#1865,1000.);
#407=VECTOR('',#1870,1000.);
#408=VECTOR('',#1873,1000.);
#409=VECTOR('',#1884,1000.);
#410=VECTOR('',#1885,1000.);
#411=VECTOR('',#1896,1000.);
#412=VECTOR('',#1897,1000.);
#413=VECTOR('',#1900,1000.);
#414=VECTOR('',#1901,1000.);
#415=VECTOR('',#1902,1000.);
#416=VECTOR('',#1905,1000.);
#417=VECTOR('',#1908,1000.);
#418=VECTOR('',#1913,1000.);
#419=VECTOR('',#1916,1000.);
#420=VECTOR('',#1921,1000.);
#421=VECTOR('',#1924,1000.);
#422=VECTOR('',#1927,1000.);
#423=VECTOR('',#1930,1000.);
#424=VECTOR('',#1937,1000.);
#425=VECTOR('',#1940,1000.);
#426=VECTOR('',#1943,1000.);
#427=VECTOR('',#1946,1000.);
#428=VECTOR('',#1957,1000.);
#429=VECTOR('',#1958,1000.);
#430=VECTOR('',#1961,1000.);
#431=VECTOR('',#1962,1000.);
#432=VECTOR('',#1965,1000.);
#433=VECTOR('',#1966,1000.);
#434=VECTOR('',#1967,1000.);
#435=VECTOR('',#1968,1000.);
#436=VECTOR('',#1969,1000.);
#437=VECTOR('',#1972,1000.);
#438=VECTOR('',#1973,1000.);
#439=VECTOR('',#1976,1000.);
#440=VECTOR('',#1977,1000.);
#441=VECTOR('',#1978,1000.);
#442=VECTOR('',#1979,1000.);
#443=VECTOR('',#1980,1000.);
#444=VECTOR('',#1983,1000.);
#445=VECTOR('',#1986,1000.);
#446=VECTOR('',#1987,1000.);
#447=VECTOR('',#1990,1000.);
#448=VECTOR('',#1993,1000.);
#449=VECTOR('',#1996,1000.);
#450=VECTOR('',#1997,1000.);
#451=VECTOR('',#2000,1000.);
#452=VECTOR('',#2003,1000.);
#453=VECTOR('',#2004,1000.);
#454=VECTOR('',#2007,1000.);
#455=VECTOR('',#2010,1000.);
#456=VECTOR('',#2011,1000.);
#457=VECTOR('',#2014,1000.);
#458=VECTOR('',#2017,1000.);
#459=VECTOR('',#2018,1000.);
#460=VECTOR('',#2021,1000.);
#461=VECTOR('',#2024,1000.);
#462=VECTOR('',#2025,1000.);
#463=VECTOR('',#2028,1000.);
#464=VECTOR('',#2031,1000.);
#465=VECTOR('',#2034,1000.);
#466=VECTOR('',#2035,1000.);
#467=VECTOR('',#2038,1000.);
#468=VECTOR('',#2041,1000.);
#469=VECTOR('',#2044,1000.);
#470=VECTOR('',#2045,1000.);
#471=VECTOR('',#2048,1000.);
#472=VECTOR('',#2051,1000.);
#473=VECTOR('',#2052,1000.);
#474=VECTOR('',#2055,1000.);
#475=VECTOR('',#2058,1000.);
#476=VECTOR('',#2059,1000.);
#477=VECTOR('',#2062,1000.);
#478=VECTOR('',#2065,1000.);
#479=VECTOR('',#2066,1000.);
#480=VECTOR('',#2069,1000.);
#481=VECTOR('',#2072,1000.);
#482=VECTOR('',#2073,1000.);
#483=VECTOR('',#2076,1000.);
#484=VECTOR('',#2079,1000.);
#485=VECTOR('',#2082,1000.);
#486=VECTOR('',#2085,1000.);
#487=VECTOR('',#2088,1000.);
#488=VECTOR('',#2091,1000.);
#489=VECTOR('',#2092,1000.);
#490=VECTOR('',#2093,1000.);
#491=VECTOR('',#2096,1000.);
#492=VECTOR('',#2097,1000.);
#493=VECTOR('',#2098,1000.);
#494=VECTOR('',#2101,1000.);
#495=VECTOR('',#2104,1000.);
#496=VECTOR('',#2105,1000.);
#497=PLANE('',#1617);
#498=PLANE('',#1618);
#499=PLANE('',#1621);
#500=PLANE('',#1624);
#501=PLANE('',#1627);
#502=PLANE('',#1648);
#503=PLANE('',#1662);
#504=PLANE('',#1663);
#505=PLANE('',#1685);
#506=PLANE('',#1687);
#507=PLANE('',#1689);
#508=PLANE('',#1691);
#509=PLANE('',#1692);
#510=PLANE('',#1693);
#511=PLANE('',#1694);
#512=PLANE('',#1695);
#513=PLANE('',#1696);
#514=PLANE('',#1697);
#515=PLANE('',#1698);
#516=PLANE('',#1699);
#517=PLANE('',#1700);
#518=PLANE('',#1701);
#519=PLANE('',#1703);
#520=PLANE('',#1705);
#521=PLANE('',#1706);
#522=PLANE('',#1707);
#523=PLANE('',#1708);
#524=PLANE('',#1709);
#525=PLANE('',#1710);
#526=PLANE('',#1711);
#527=PLANE('',#1712);
#528=PLANE('',#1713);
#529=PLANE('',#1714);
#530=PLANE('',#1715);
#531=PLANE('',#1717);
#532=PLANE('',#1718);
#533=PLANE('',#1719);
#534=PLANE('',#1720);
#535=PLANE('',#1721);
#536=PLANE('',#1722);
#537=PLANE('',#1723);
#538=PLANE('',#1724);
#539=ORIENTED_EDGE('',*,*,#961,.T.);
#540=ORIENTED_EDGE('',*,*,#962,.T.);
#541=ORIENTED_EDGE('',*,*,#963,.T.);
#542=ORIENTED_EDGE('',*,*,#964,.T.);
#543=ORIENTED_EDGE('',*,*,#965,.F.);
#544=ORIENTED_EDGE('',*,*,#966,.F.);
#545=ORIENTED_EDGE('',*,*,#967,.T.);
#546=ORIENTED_EDGE('',*,*,#968,.T.);
#547=ORIENTED_EDGE('',*,*,#969,.T.);
#548=ORIENTED_EDGE('',*,*,#970,.T.);
#549=ORIENTED_EDGE('',*,*,#971,.T.);
#550=ORIENTED_EDGE('',*,*,#972,.F.);
#551=ORIENTED_EDGE('',*,*,#964,.F.);
#552=ORIENTED_EDGE('',*,*,#973,.F.);
#553=ORIENTED_EDGE('',*,*,#962,.F.);
#554=ORIENTED_EDGE('',*,*,#974,.F.);
#555=ORIENTED_EDGE('',*,*,#975,.F.);
#556=ORIENTED_EDGE('',*,*,#976,.T.);
#557=ORIENTED_EDGE('',*,*,#967,.F.);
#558=ORIENTED_EDGE('',*,*,#976,.F.);
#559=ORIENTED_EDGE('',*,*,#977,.F.);
#560=ORIENTED_EDGE('',*,*,#978,.T.);
#561=ORIENTED_EDGE('',*,*,#979,.F.);
#562=ORIENTED_EDGE('',*,*,#968,.F.);
#563=ORIENTED_EDGE('',*,*,#980,.T.);
#564=ORIENTED_EDGE('',*,*,#981,.T.);
#565=ORIENTED_EDGE('',*,*,#969,.F.);
#566=ORIENTED_EDGE('',*,*,#979,.T.);
#567=ORIENTED_EDGE('',*,*,#982,.F.);
#568=ORIENTED_EDGE('',*,*,#970,.F.);
#569=ORIENTED_EDGE('',*,*,#981,.F.);
#570=ORIENTED_EDGE('',*,*,#983,.T.);
#571=ORIENTED_EDGE('',*,*,#984,.F.);
#572=ORIENTED_EDGE('',*,*,#985,.F.);
#573=ORIENTED_EDGE('',*,*,#971,.F.);
#574=ORIENTED_EDGE('',*,*,#982,.T.);
#575=ORIENTED_EDGE('',*,*,#986,.F.);
#576=ORIENTED_EDGE('',*,*,#987,.F.);
#577=ORIENTED_EDGE('',*,*,#988,.F.);
#578=ORIENTED_EDGE('',*,*,#989,.T.);
#579=ORIENTED_EDGE('',*,*,#990,.F.);
#580=ORIENTED_EDGE('',*,*,#991,.F.);
#581=ORIENTED_EDGE('',*,*,#992,.T.);
#582=ORIENTED_EDGE('',*,*,#989,.F.);
#583=ORIENTED_EDGE('',*,*,#993,.F.);
#584=ORIENTED_EDGE('',*,*,#994,.T.);
#585=ORIENTED_EDGE('',*,*,#995,.F.);
#586=ORIENTED_EDGE('',*,*,#992,.F.);
#587=ORIENTED_EDGE('',*,*,#996,.F.);
#588=ORIENTED_EDGE('',*,*,#997,.F.);
#589=ORIENTED_EDGE('',*,*,#998,.F.);
#590=ORIENTED_EDGE('',*,*,#999,.F.);
#591=ORIENTED_EDGE('',*,*,#1000,.F.);
#592=ORIENTED_EDGE('',*,*,#1001,.T.);
#593=ORIENTED_EDGE('',*,*,#1002,.F.);
#594=ORIENTED_EDGE('',*,*,#1003,.F.);
#595=ORIENTED_EDGE('',*,*,#1004,.F.);
#596=ORIENTED_EDGE('',*,*,#1005,.F.);
#597=ORIENTED_EDGE('',*,*,#1006,.F.);
#598=ORIENTED_EDGE('',*,*,#1007,.F.);
#599=ORIENTED_EDGE('',*,*,#1008,.F.);
#600=ORIENTED_EDGE('',*,*,#1009,.F.);
#601=ORIENTED_EDGE('',*,*,#1010,.F.);
#602=ORIENTED_EDGE('',*,*,#1011,.T.);
#603=ORIENTED_EDGE('',*,*,#1012,.F.);
#604=ORIENTED_EDGE('',*,*,#965,.T.);
#605=ORIENTED_EDGE('',*,*,#972,.T.);
#606=ORIENTED_EDGE('',*,*,#985,.T.);
#607=ORIENTED_EDGE('',*,*,#1013,.T.);
#608=ORIENTED_EDGE('',*,*,#1011,.F.);
#609=ORIENTED_EDGE('',*,*,#1014,.F.);
#610=ORIENTED_EDGE('',*,*,#1015,.F.);
#611=ORIENTED_EDGE('',*,*,#1016,.F.);
#612=ORIENTED_EDGE('',*,*,#1017,.F.);
#613=ORIENTED_EDGE('',*,*,#1018,.F.);
#614=ORIENTED_EDGE('',*,*,#1019,.F.);
#615=ORIENTED_EDGE('',*,*,#1018,.T.);
#616=ORIENTED_EDGE('',*,*,#1020,.F.);
#617=ORIENTED_EDGE('',*,*,#1021,.F.);
#618=ORIENTED_EDGE('',*,*,#1022,.F.);
#619=ORIENTED_EDGE('',*,*,#1023,.F.);
#620=ORIENTED_EDGE('',*,*,#1024,.F.);
#621=ORIENTED_EDGE('',*,*,#1021,.T.);
#622=ORIENTED_EDGE('',*,*,#1025,.F.);
#623=ORIENTED_EDGE('',*,*,#1026,.T.);
#624=ORIENTED_EDGE('',*,*,#1027,.F.);
#625=ORIENTED_EDGE('',*,*,#1023,.T.);
#626=ORIENTED_EDGE('',*,*,#1028,.F.);
#627=ORIENTED_EDGE('',*,*,#1029,.F.);
#628=ORIENTED_EDGE('',*,*,#1030,.F.);
#629=ORIENTED_EDGE('',*,*,#1026,.F.);
#630=ORIENTED_EDGE('',*,*,#1031,.F.);
#631=ORIENTED_EDGE('',*,*,#1024,.T.);
#632=ORIENTED_EDGE('',*,*,#1027,.T.);
#633=ORIENTED_EDGE('',*,*,#1030,.T.);
#634=ORIENTED_EDGE('',*,*,#1032,.T.);
#635=ORIENTED_EDGE('',*,*,#1033,.T.);
#636=ORIENTED_EDGE('',*,*,#966,.T.);
#637=ORIENTED_EDGE('',*,*,#1015,.T.);
#638=ORIENTED_EDGE('',*,*,#1034,.F.);
#639=ORIENTED_EDGE('',*,*,#1019,.T.);
#640=ORIENTED_EDGE('',*,*,#1022,.T.);
#641=ORIENTED_EDGE('',*,*,#961,.F.);
#642=ORIENTED_EDGE('',*,*,#1035,.F.);
#643=ORIENTED_EDGE('',*,*,#1036,.F.);
#644=ORIENTED_EDGE('',*,*,#1037,.T.);
#645=ORIENTED_EDGE('',*,*,#974,.T.);
#646=ORIENTED_EDGE('',*,*,#973,.T.);
#647=ORIENTED_EDGE('',*,*,#963,.F.);
#648=ORIENTED_EDGE('',*,*,#1033,.F.);
#649=ORIENTED_EDGE('',*,*,#1038,.F.);
#650=ORIENTED_EDGE('',*,*,#1039,.F.);
#651=ORIENTED_EDGE('',*,*,#1036,.T.);
#652=ORIENTED_EDGE('',*,*,#1040,.F.);
#653=ORIENTED_EDGE('',*,*,#1041,.F.);
#654=ORIENTED_EDGE('',*,*,#1042,.F.);
#655=ORIENTED_EDGE('',*,*,#1043,.F.);
#656=ORIENTED_EDGE('',*,*,#1044,.F.);
#657=ORIENTED_EDGE('',*,*,#1045,.F.);
#658=ORIENTED_EDGE('',*,*,#1046,.F.);
#659=ORIENTED_EDGE('',*,*,#1047,.T.);
#660=ORIENTED_EDGE('',*,*,#1048,.F.);
#661=ORIENTED_EDGE('',*,*,#1049,.F.);
#662=ORIENTED_EDGE('',*,*,#1050,.F.);
#663=ORIENTED_EDGE('',*,*,#1051,.F.);
#664=ORIENTED_EDGE('',*,*,#1052,.F.);
#665=ORIENTED_EDGE('',*,*,#1053,.F.);
#666=ORIENTED_EDGE('',*,*,#1054,.F.);
#667=ORIENTED_EDGE('',*,*,#1055,.T.);
#668=ORIENTED_EDGE('',*,*,#1056,.F.);
#669=ORIENTED_EDGE('',*,*,#1057,.F.);
#670=ORIENTED_EDGE('',*,*,#1057,.T.);
#671=ORIENTED_EDGE('',*,*,#1058,.F.);
#672=ORIENTED_EDGE('',*,*,#1059,.T.);
#673=ORIENTED_EDGE('',*,*,#1060,.F.);
#674=ORIENTED_EDGE('',*,*,#1061,.F.);
#675=ORIENTED_EDGE('',*,*,#1059,.F.);
#676=ORIENTED_EDGE('',*,*,#1062,.F.);
#677=ORIENTED_EDGE('',*,*,#1063,.F.);
#678=ORIENTED_EDGE('',*,*,#1064,.F.);
#679=ORIENTED_EDGE('',*,*,#1065,.F.);
#680=ORIENTED_EDGE('',*,*,#1066,.F.);
#681=ORIENTED_EDGE('',*,*,#1067,.T.);
#682=ORIENTED_EDGE('',*,*,#1053,.T.);
#683=ORIENTED_EDGE('',*,*,#1068,.F.);
#684=ORIENTED_EDGE('',*,*,#1054,.T.);
#685=ORIENTED_EDGE('',*,*,#1061,.T.);
#686=ORIENTED_EDGE('',*,*,#1069,.T.);
#687=ORIENTED_EDGE('',*,*,#1066,.T.);
#688=ORIENTED_EDGE('',*,*,#1070,.F.);
#689=ORIENTED_EDGE('',*,*,#1071,.T.);
#690=ORIENTED_EDGE('',*,*,#977,.T.);
#691=ORIENTED_EDGE('',*,*,#975,.T.);
#692=ORIENTED_EDGE('',*,*,#1037,.F.);
#693=ORIENTED_EDGE('',*,*,#1039,.T.);
#694=ORIENTED_EDGE('',*,*,#1072,.T.);
#695=ORIENTED_EDGE('',*,*,#1045,.T.);
#696=ORIENTED_EDGE('',*,*,#1073,.F.);
#697=ORIENTED_EDGE('',*,*,#1046,.T.);
#698=ORIENTED_EDGE('',*,*,#1074,.F.);
#699=ORIENTED_EDGE('',*,*,#1075,.T.);
#700=ORIENTED_EDGE('',*,*,#1076,.F.);
#701=ORIENTED_EDGE('',*,*,#983,.F.);
#702=ORIENTED_EDGE('',*,*,#980,.F.);
#703=ORIENTED_EDGE('',*,*,#978,.F.);
#704=ORIENTED_EDGE('',*,*,#1071,.F.);
#705=ORIENTED_EDGE('',*,*,#1077,.T.);
#706=ORIENTED_EDGE('',*,*,#1078,.F.);
#707=ORIENTED_EDGE('',*,*,#999,.T.);
#708=ORIENTED_EDGE('',*,*,#1079,.T.);
#709=ORIENTED_EDGE('',*,*,#1002,.T.);
#710=ORIENTED_EDGE('',*,*,#1080,.F.);
#711=ORIENTED_EDGE('',*,*,#1007,.T.);
#712=ORIENTED_EDGE('',*,*,#1081,.T.);
#713=ORIENTED_EDGE('',*,*,#1012,.T.);
#714=ORIENTED_EDGE('',*,*,#1013,.F.);
#715=ORIENTED_EDGE('',*,*,#986,.T.);
#716=ORIENTED_EDGE('',*,*,#984,.T.);
#717=ORIENTED_EDGE('',*,*,#1076,.T.);
#718=ORIENTED_EDGE('',*,*,#1082,.F.);
#719=ORIENTED_EDGE('',*,*,#1083,.T.);
#720=ORIENTED_EDGE('',*,*,#1084,.T.);
#721=ORIENTED_EDGE('',*,*,#990,.T.);
#722=ORIENTED_EDGE('',*,*,#995,.T.);
#723=ORIENTED_EDGE('',*,*,#1085,.F.);
#724=ORIENTED_EDGE('',*,*,#1086,.F.);
#725=ORIENTED_EDGE('',*,*,#1087,.F.);
#726=ORIENTED_EDGE('',*,*,#1083,.F.);
#727=ORIENTED_EDGE('',*,*,#1088,.T.);
#728=ORIENTED_EDGE('',*,*,#1089,.T.);
#729=ORIENTED_EDGE('',*,*,#1090,.T.);
#730=ORIENTED_EDGE('',*,*,#987,.T.);
#731=ORIENTED_EDGE('',*,*,#1084,.F.);
#732=ORIENTED_EDGE('',*,*,#1087,.T.);
#733=ORIENTED_EDGE('',*,*,#1090,.F.);
#734=ORIENTED_EDGE('',*,*,#1091,.T.);
#735=ORIENTED_EDGE('',*,*,#1092,.T.);
#736=ORIENTED_EDGE('',*,*,#988,.T.);
#737=ORIENTED_EDGE('',*,*,#1092,.F.);
#738=ORIENTED_EDGE('',*,*,#1093,.T.);
#739=ORIENTED_EDGE('',*,*,#1094,.F.);
#740=ORIENTED_EDGE('',*,*,#991,.T.);
#741=ORIENTED_EDGE('',*,*,#1094,.T.);
#742=ORIENTED_EDGE('',*,*,#1095,.T.);
#743=ORIENTED_EDGE('',*,*,#1096,.T.);
#744=ORIENTED_EDGE('',*,*,#993,.T.);
#745=ORIENTED_EDGE('',*,*,#1097,.F.);
#746=ORIENTED_EDGE('',*,*,#1098,.T.);
#747=ORIENTED_EDGE('',*,*,#996,.T.);
#748=ORIENTED_EDGE('',*,*,#1078,.T.);
#749=ORIENTED_EDGE('',*,*,#994,.F.);
#750=ORIENTED_EDGE('',*,*,#1096,.F.);
#751=ORIENTED_EDGE('',*,*,#1098,.F.);
#752=ORIENTED_EDGE('',*,*,#1099,.T.);
#753=ORIENTED_EDGE('',*,*,#1100,.F.);
#754=ORIENTED_EDGE('',*,*,#997,.T.);
#755=ORIENTED_EDGE('',*,*,#1100,.T.);
#756=ORIENTED_EDGE('',*,*,#1101,.T.);
#757=ORIENTED_EDGE('',*,*,#1102,.T.);
#758=ORIENTED_EDGE('',*,*,#1003,.T.);
#759=ORIENTED_EDGE('',*,*,#1079,.F.);
#760=ORIENTED_EDGE('',*,*,#998,.T.);
#761=ORIENTED_EDGE('',*,*,#1102,.F.);
#762=ORIENTED_EDGE('',*,*,#1103,.T.);
#763=ORIENTED_EDGE('',*,*,#1104,.T.);
#764=ORIENTED_EDGE('',*,*,#1000,.T.);
#765=ORIENTED_EDGE('',*,*,#1105,.F.);
#766=ORIENTED_EDGE('',*,*,#1106,.T.);
#767=ORIENTED_EDGE('',*,*,#1004,.T.);
#768=ORIENTED_EDGE('',*,*,#1080,.T.);
#769=ORIENTED_EDGE('',*,*,#1001,.F.);
#770=ORIENTED_EDGE('',*,*,#1104,.F.);
#771=ORIENTED_EDGE('',*,*,#1106,.F.);
#772=ORIENTED_EDGE('',*,*,#1107,.T.);
#773=ORIENTED_EDGE('',*,*,#1108,.F.);
#774=ORIENTED_EDGE('',*,*,#1005,.T.);
#775=ORIENTED_EDGE('',*,*,#1108,.T.);
#776=ORIENTED_EDGE('',*,*,#1109,.T.);
#777=ORIENTED_EDGE('',*,*,#1110,.T.);
#778=ORIENTED_EDGE('',*,*,#1008,.T.);
#779=ORIENTED_EDGE('',*,*,#1081,.F.);
#780=ORIENTED_EDGE('',*,*,#1006,.T.);
#781=ORIENTED_EDGE('',*,*,#1110,.F.);
#782=ORIENTED_EDGE('',*,*,#1111,.T.);
#783=ORIENTED_EDGE('',*,*,#1112,.F.);
#784=ORIENTED_EDGE('',*,*,#1009,.T.);
#785=ORIENTED_EDGE('',*,*,#1112,.T.);
#786=ORIENTED_EDGE('',*,*,#1113,.T.);
#787=ORIENTED_EDGE('',*,*,#1114,.F.);
#788=ORIENTED_EDGE('',*,*,#1016,.T.);
#789=ORIENTED_EDGE('',*,*,#1034,.T.);
#790=ORIENTED_EDGE('',*,*,#1014,.T.);
#791=ORIENTED_EDGE('',*,*,#1010,.T.);
#792=ORIENTED_EDGE('',*,*,#1115,.F.);
#793=ORIENTED_EDGE('',*,*,#1116,.F.);
#794=ORIENTED_EDGE('',*,*,#1017,.T.);
#795=ORIENTED_EDGE('',*,*,#1114,.T.);
#796=ORIENTED_EDGE('',*,*,#1117,.F.);
#797=ORIENTED_EDGE('',*,*,#1118,.T.);
#798=ORIENTED_EDGE('',*,*,#1020,.T.);
#799=ORIENTED_EDGE('',*,*,#1116,.T.);
#800=ORIENTED_EDGE('',*,*,#1119,.F.);
#801=ORIENTED_EDGE('',*,*,#1120,.F.);
#802=ORIENTED_EDGE('',*,*,#1025,.T.);
#803=ORIENTED_EDGE('',*,*,#1118,.F.);
#804=ORIENTED_EDGE('',*,*,#1121,.F.);
#805=ORIENTED_EDGE('',*,*,#1122,.T.);
#806=ORIENTED_EDGE('',*,*,#1028,.T.);
#807=ORIENTED_EDGE('',*,*,#1120,.T.);
#808=ORIENTED_EDGE('',*,*,#1123,.F.);
#809=ORIENTED_EDGE('',*,*,#1124,.F.);
#810=ORIENTED_EDGE('',*,*,#1031,.T.);
#811=ORIENTED_EDGE('',*,*,#1122,.F.);
#812=ORIENTED_EDGE('',*,*,#1124,.T.);
#813=ORIENTED_EDGE('',*,*,#1125,.T.);
#814=ORIENTED_EDGE('',*,*,#1126,.F.);
#815=ORIENTED_EDGE('',*,*,#1040,.T.);
#816=ORIENTED_EDGE('',*,*,#1035,.T.);
#817=ORIENTED_EDGE('',*,*,#1032,.F.);
#818=ORIENTED_EDGE('',*,*,#1029,.T.);
#819=ORIENTED_EDGE('',*,*,#1126,.T.);
#820=ORIENTED_EDGE('',*,*,#1127,.T.);
#821=ORIENTED_EDGE('',*,*,#1128,.F.);
#822=ORIENTED_EDGE('',*,*,#1041,.T.);
#823=ORIENTED_EDGE('',*,*,#1128,.T.);
#824=ORIENTED_EDGE('',*,*,#1129,.T.);
#825=ORIENTED_EDGE('',*,*,#1130,.T.);
#826=ORIENTED_EDGE('',*,*,#1042,.T.);
#827=ORIENTED_EDGE('',*,*,#1072,.F.);
#828=ORIENTED_EDGE('',*,*,#1038,.T.);
#829=ORIENTED_EDGE('',*,*,#1130,.F.);
#830=ORIENTED_EDGE('',*,*,#1131,.T.);
#831=ORIENTED_EDGE('',*,*,#1132,.F.);
#832=ORIENTED_EDGE('',*,*,#1043,.T.);
#833=ORIENTED_EDGE('',*,*,#1133,.F.);
#834=ORIENTED_EDGE('',*,*,#1134,.F.);
#835=ORIENTED_EDGE('',*,*,#1047,.F.);
#836=ORIENTED_EDGE('',*,*,#1073,.T.);
#837=ORIENTED_EDGE('',*,*,#1044,.T.);
#838=ORIENTED_EDGE('',*,*,#1132,.T.);
#839=ORIENTED_EDGE('',*,*,#1134,.T.);
#840=ORIENTED_EDGE('',*,*,#1135,.T.);
#841=ORIENTED_EDGE('',*,*,#1136,.F.);
#842=ORIENTED_EDGE('',*,*,#1048,.T.);
#843=ORIENTED_EDGE('',*,*,#1136,.T.);
#844=ORIENTED_EDGE('',*,*,#1137,.T.);
#845=ORIENTED_EDGE('',*,*,#1138,.T.);
#846=ORIENTED_EDGE('',*,*,#1050,.T.);
#847=ORIENTED_EDGE('',*,*,#1067,.F.);
#848=ORIENTED_EDGE('',*,*,#1049,.T.);
#849=ORIENTED_EDGE('',*,*,#1138,.F.);
#850=ORIENTED_EDGE('',*,*,#1139,.T.);
#851=ORIENTED_EDGE('',*,*,#1140,.F.);
#852=ORIENTED_EDGE('',*,*,#1051,.T.);
#853=ORIENTED_EDGE('',*,*,#1141,.F.);
#854=ORIENTED_EDGE('',*,*,#1142,.F.);
#855=ORIENTED_EDGE('',*,*,#1055,.F.);
#856=ORIENTED_EDGE('',*,*,#1068,.T.);
#857=ORIENTED_EDGE('',*,*,#1052,.T.);
#858=ORIENTED_EDGE('',*,*,#1140,.T.);
#859=ORIENTED_EDGE('',*,*,#1142,.T.);
#860=ORIENTED_EDGE('',*,*,#1143,.T.);
#861=ORIENTED_EDGE('',*,*,#1144,.T.);
#862=ORIENTED_EDGE('',*,*,#1056,.T.);
#863=ORIENTED_EDGE('',*,*,#1144,.F.);
#864=ORIENTED_EDGE('',*,*,#1145,.T.);
#865=ORIENTED_EDGE('',*,*,#1146,.F.);
#866=ORIENTED_EDGE('',*,*,#1058,.T.);
#867=ORIENTED_EDGE('',*,*,#1146,.T.);
#868=ORIENTED_EDGE('',*,*,#1147,.T.);
#869=ORIENTED_EDGE('',*,*,#1148,.F.);
#870=ORIENTED_EDGE('',*,*,#1062,.T.);
#871=ORIENTED_EDGE('',*,*,#1148,.T.);
#872=ORIENTED_EDGE('',*,*,#1149,.T.);
#873=ORIENTED_EDGE('',*,*,#1150,.T.);
#874=ORIENTED_EDGE('',*,*,#1063,.T.);
#875=ORIENTED_EDGE('',*,*,#1069,.F.);
#876=ORIENTED_EDGE('',*,*,#1060,.T.);
#877=ORIENTED_EDGE('',*,*,#1150,.F.);
#878=ORIENTED_EDGE('',*,*,#1151,.T.);
#879=ORIENTED_EDGE('',*,*,#1152,.F.);
#880=ORIENTED_EDGE('',*,*,#1064,.T.);
#881=ORIENTED_EDGE('',*,*,#1153,.F.);
#882=ORIENTED_EDGE('',*,*,#1154,.F.);
#883=ORIENTED_EDGE('',*,*,#1077,.F.);
#884=ORIENTED_EDGE('',*,*,#1070,.T.);
#885=ORIENTED_EDGE('',*,*,#1065,.T.);
#886=ORIENTED_EDGE('',*,*,#1152,.T.);
#887=ORIENTED_EDGE('',*,*,#1154,.T.);
#888=ORIENTED_EDGE('',*,*,#1155,.T.);
#889=ORIENTED_EDGE('',*,*,#1156,.T.);
#890=ORIENTED_EDGE('',*,*,#1074,.T.);
#891=ORIENTED_EDGE('',*,*,#1157,.F.);
#892=ORIENTED_EDGE('',*,*,#1158,.T.);
#893=ORIENTED_EDGE('',*,*,#1085,.T.);
#894=ORIENTED_EDGE('',*,*,#1082,.T.);
#895=ORIENTED_EDGE('',*,*,#1075,.F.);
#896=ORIENTED_EDGE('',*,*,#1156,.F.);
#897=ORIENTED_EDGE('',*,*,#1158,.F.);
#898=ORIENTED_EDGE('',*,*,#1159,.T.);
#899=ORIENTED_EDGE('',*,*,#1088,.F.);
#900=ORIENTED_EDGE('',*,*,#1086,.T.);
#901=ORIENTED_EDGE('',*,*,#1160,.T.);
#902=ORIENTED_EDGE('',*,*,#1161,.T.);
#903=ORIENTED_EDGE('',*,*,#1162,.T.);
#904=ORIENTED_EDGE('',*,*,#1163,.T.);
#905=ORIENTED_EDGE('',*,*,#1159,.F.);
#906=ORIENTED_EDGE('',*,*,#1157,.T.);
#907=ORIENTED_EDGE('',*,*,#1155,.F.);
#908=ORIENTED_EDGE('',*,*,#1153,.T.);
#909=ORIENTED_EDGE('',*,*,#1151,.F.);
#910=ORIENTED_EDGE('',*,*,#1149,.F.);
#911=ORIENTED_EDGE('',*,*,#1147,.F.);
#912=ORIENTED_EDGE('',*,*,#1145,.F.);
#913=ORIENTED_EDGE('',*,*,#1143,.F.);
#914=ORIENTED_EDGE('',*,*,#1141,.T.);
#915=ORIENTED_EDGE('',*,*,#1139,.F.);
#916=ORIENTED_EDGE('',*,*,#1137,.F.);
#917=ORIENTED_EDGE('',*,*,#1135,.F.);
#918=ORIENTED_EDGE('',*,*,#1133,.T.);
#919=ORIENTED_EDGE('',*,*,#1131,.F.);
#920=ORIENTED_EDGE('',*,*,#1129,.F.);
#921=ORIENTED_EDGE('',*,*,#1127,.F.);
#922=ORIENTED_EDGE('',*,*,#1125,.F.);
#923=ORIENTED_EDGE('',*,*,#1123,.T.);
#924=ORIENTED_EDGE('',*,*,#1121,.T.);
#925=ORIENTED_EDGE('',*,*,#1119,.T.);
#926=ORIENTED_EDGE('',*,*,#1117,.T.);
#927=ORIENTED_EDGE('',*,*,#1115,.T.);
#928=ORIENTED_EDGE('',*,*,#1113,.F.);
#929=ORIENTED_EDGE('',*,*,#1111,.F.);
#930=ORIENTED_EDGE('',*,*,#1109,.F.);
#931=ORIENTED_EDGE('',*,*,#1107,.F.);
#932=ORIENTED_EDGE('',*,*,#1105,.T.);
#933=ORIENTED_EDGE('',*,*,#1103,.F.);
#934=ORIENTED_EDGE('',*,*,#1101,.F.);
#935=ORIENTED_EDGE('',*,*,#1099,.F.);
#936=ORIENTED_EDGE('',*,*,#1097,.T.);
#937=ORIENTED_EDGE('',*,*,#1095,.F.);
#938=ORIENTED_EDGE('',*,*,#1093,.F.);
#939=ORIENTED_EDGE('',*,*,#1091,.F.);
#940=ORIENTED_EDGE('',*,*,#1089,.F.);
#941=ORIENTED_EDGE('',*,*,#1164,.T.);
#942=ORIENTED_EDGE('',*,*,#1165,.T.);
#943=ORIENTED_EDGE('',*,*,#1166,.F.);
#944=ORIENTED_EDGE('',*,*,#1161,.F.);
#945=ORIENTED_EDGE('',*,*,#1167,.T.);
#946=ORIENTED_EDGE('',*,*,#1168,.T.);
#947=ORIENTED_EDGE('',*,*,#1164,.F.);
#948=ORIENTED_EDGE('',*,*,#1160,.F.);
#949=ORIENTED_EDGE('',*,*,#1169,.T.);
#950=ORIENTED_EDGE('',*,*,#1170,.T.);
#951=ORIENTED_EDGE('',*,*,#1167,.F.);
#952=ORIENTED_EDGE('',*,*,#1163,.F.);
#953=ORIENTED_EDGE('',*,*,#1166,.T.);
#954=ORIENTED_EDGE('',*,*,#1171,.T.);
#955=ORIENTED_EDGE('',*,*,#1169,.F.);
#956=ORIENTED_EDGE('',*,*,#1162,.F.);
#957=ORIENTED_EDGE('',*,*,#1165,.F.);
#958=ORIENTED_EDGE('',*,*,#1168,.F.);
#959=ORIENTED_EDGE('',*,*,#1170,.F.);
#960=ORIENTED_EDGE('',*,*,#1171,.F.);
#961=EDGE_CURVE('',#1172,#1172,#1310,.F.);
#962=EDGE_CURVE('',#1173,#1173,#1311,.T.);
#963=EDGE_CURVE('',#1174,#1175,#251,.F.);
#964=EDGE_CURVE('',#1175,#1176,#252,.T.);
#965=EDGE_CURVE('',#1177,#1176,#253,.F.);
#966=EDGE_CURVE('',#1174,#1177,#254,.T.);
#967=EDGE_CURVE('',#1178,#1179,#255,.F.);
#968=EDGE_CURVE('',#1179,#1180,#237,.F.);
#969=EDGE_CURVE('',#1180,#1181,#256,.F.);
#970=EDGE_CURVE('',#1181,#1182,#238,.F.);
#971=EDGE_CURVE('',#1182,#1183,#257,.F.);
#972=EDGE_CURVE('',#1176,#1183,#258,.T.);
#973=EDGE_CURVE('',#1178,#1175,#259,.T.);
#974=EDGE_CURVE('',#1184,#1178,#260,.F.);
#975=EDGE_CURVE('',#1185,#1184,#261,.F.);
#976=EDGE_CURVE('',#1185,#1179,#262,.T.);
#977=EDGE_CURVE('',#1186,#1185,#239,.T.);
#978=EDGE_CURVE('',#1186,#1187,#1312,.T.);
#979=EDGE_CURVE('',#1180,#1187,#263,.F.);
#980=EDGE_CURVE('',#1187,#1188,#264,.T.);
#981=EDGE_CURVE('',#1188,#1181,#265,.T.);
#982=EDGE_CURVE('',#1182,#1189,#266,.F.);
#983=EDGE_CURVE('',#1188,#1190,#1313,.T.);
#984=EDGE_CURVE('',#1189,#1190,#240,.T.);
#985=EDGE_CURVE('',#1183,#1191,#267,.F.);
#986=EDGE_CURVE('',#1191,#1189,#268,.F.);
#987=EDGE_CURVE('',#1192,#1193,#1314,.T.);
#988=EDGE_CURVE('',#1194,#1192,#269,.T.);
#989=EDGE_CURVE('',#1194,#1195,#241,.T.);
#990=EDGE_CURVE('',#1193,#1195,#270,.F.);
#991=EDGE_CURVE('',#1196,#1194,#242,.T.);
#992=EDGE_CURVE('',#1196,#1195,#243,.T.);
#993=EDGE_CURVE('',#1197,#1196,#271,.T.);
#994=EDGE_CURVE('',#1197,#1198,#185,.T.);
#995=EDGE_CURVE('',#1195,#1198,#272,.F.);
#996=EDGE_CURVE('',#1199,#1200,#186,.T.);
#997=EDGE_CURVE('',#1201,#1199,#273,.F.);
#998=EDGE_CURVE('',#1202,#1201,#187,.T.);
#999=EDGE_CURVE('',#1200,#1202,#274,.F.);
#1000=EDGE_CURVE('',#1203,#1204,#275,.T.);
#1001=EDGE_CURVE('',#1203,#1205,#188,.T.);
#1002=EDGE_CURVE('',#1206,#1205,#276,.F.);
#1003=EDGE_CURVE('',#1204,#1206,#189,.F.);
#1004=EDGE_CURVE('',#1207,#1208,#190,.T.);
#1005=EDGE_CURVE('',#1209,#1207,#277,.F.);
#1006=EDGE_CURVE('',#1210,#1209,#191,.T.);
#1007=EDGE_CURVE('',#1208,#1210,#278,.F.);
#1008=EDGE_CURVE('',#1211,#1212,#192,.F.);
#1009=EDGE_CURVE('',#1213,#1211,#279,.T.);
#1010=EDGE_CURVE('',#1214,#1213,#193,.T.);
#1011=EDGE_CURVE('',#1214,#1215,#194,.F.);
#1012=EDGE_CURVE('',#1212,#1215,#280,.F.);
#1013=EDGE_CURVE('',#1191,#1215,#281,.T.);
#1014=EDGE_CURVE('',#1216,#1214,#282,.T.);
#1015=EDGE_CURVE('',#1177,#1216,#283,.T.);
#1016=EDGE_CURVE('',#1217,#1218,#195,.F.);
#1017=EDGE_CURVE('',#1219,#1217,#284,.F.);
#1018=EDGE_CURVE('',#1220,#1219,#244,.T.);
#1019=EDGE_CURVE('',#1218,#1220,#285,.T.);
#1020=EDGE_CURVE('',#1221,#1219,#196,.T.);
#1021=EDGE_CURVE('',#1222,#1221,#245,.T.);
#1022=EDGE_CURVE('',#1220,#1222,#197,.T.);
#1023=EDGE_CURVE('',#1223,#1224,#246,.T.);
#1024=EDGE_CURVE('',#1222,#1223,#286,.T.);
#1025=EDGE_CURVE('',#1224,#1221,#287,.F.);
#1026=EDGE_CURVE('',#1225,#1226,#247,.T.);
#1027=EDGE_CURVE('',#1223,#1226,#198,.T.);
#1028=EDGE_CURVE('',#1225,#1224,#199,.T.);
#1029=EDGE_CURVE('',#1227,#1228,#200,.F.);
#1030=EDGE_CURVE('',#1226,#1227,#288,.T.);
#1031=EDGE_CURVE('',#1228,#1225,#289,.F.);
#1032=EDGE_CURVE('',#1227,#1229,#290,.T.);
#1033=EDGE_CURVE('',#1229,#1174,#291,.T.);
#1034=EDGE_CURVE('',#1218,#1216,#292,.F.);
#1035=EDGE_CURVE('',#1230,#1229,#293,.T.);
#1036=EDGE_CURVE('',#1231,#1230,#201,.F.);
#1037=EDGE_CURVE('',#1231,#1184,#294,.T.);
#1038=EDGE_CURVE('',#1232,#1233,#202,.F.);
#1039=EDGE_CURVE('',#1231,#1232,#295,.F.);
#1040=EDGE_CURVE('',#1234,#1230,#203,.T.);
#1041=EDGE_CURVE('',#1233,#1234,#296,.T.);
#1042=EDGE_CURVE('',#1235,#1236,#204,.T.);
#1043=EDGE_CURVE('',#1237,#1235,#297,.F.);
#1044=EDGE_CURVE('',#1238,#1237,#205,.T.);
#1045=EDGE_CURVE('',#1236,#1238,#298,.T.);
#1046=EDGE_CURVE('',#1239,#1240,#299,.F.);
#1047=EDGE_CURVE('',#1239,#1241,#206,.T.);
#1048=EDGE_CURVE('',#1242,#1241,#300,.T.);
#1049=EDGE_CURVE('',#1240,#1242,#207,.F.);
#1050=EDGE_CURVE('',#1243,#1244,#208,.T.);
#1051=EDGE_CURVE('',#1245,#1243,#301,.F.);
#1052=EDGE_CURVE('',#1246,#1245,#209,.T.);
#1053=EDGE_CURVE('',#1244,#1246,#302,.T.);
#1054=EDGE_CURVE('',#1247,#1248,#303,.F.);
#1055=EDGE_CURVE('',#1247,#1249,#210,.T.);
#1056=EDGE_CURVE('',#1250,#1249,#304,.T.);
#1057=EDGE_CURVE('',#1248,#1250,#248,.T.);
#1058=EDGE_CURVE('',#1251,#1250,#249,.T.);
#1059=EDGE_CURVE('',#1251,#1248,#250,.T.);
#1060=EDGE_CURVE('',#1252,#1253,#1315,.T.);
#1061=EDGE_CURVE('',#1248,#1252,#305,.F.);
#1062=EDGE_CURVE('',#1253,#1251,#306,.T.);
#1063=EDGE_CURVE('',#1254,#1255,#1316,.T.);
#1064=EDGE_CURVE('',#1256,#1254,#307,.F.);
#1065=EDGE_CURVE('',#1257,#1256,#1317,.T.);
#1066=EDGE_CURVE('',#1255,#1257,#308,.T.);
#1067=EDGE_CURVE('',#1240,#1244,#309,.T.);
#1068=EDGE_CURVE('',#1247,#1246,#310,.F.);
#1069=EDGE_CURVE('',#1252,#1255,#1318,.T.);
#1070=EDGE_CURVE('',#1258,#1257,#1319,.T.);
#1071=EDGE_CURVE('',#1258,#1186,#311,.F.);
#1072=EDGE_CURVE('',#1232,#1236,#312,.T.);
#1073=EDGE_CURVE('',#1239,#1238,#313,.F.);
#1074=EDGE_CURVE('',#1259,#1260,#314,.T.);
#1075=EDGE_CURVE('',#1259,#1261,#1320,.T.);
#1076=EDGE_CURVE('',#1190,#1261,#315,.F.);
#1077=EDGE_CURVE('',#1258,#1260,#1321,.T.);
#1078=EDGE_CURVE('',#1200,#1198,#316,.F.);
#1079=EDGE_CURVE('',#1202,#1206,#317,.T.);
#1080=EDGE_CURVE('',#1208,#1205,#318,.F.);
#1081=EDGE_CURVE('',#1210,#1212,#319,.T.);
#1082=EDGE_CURVE('',#1262,#1261,#1322,.F.);
#1083=EDGE_CURVE('',#1262,#1263,#320,.F.);
#1084=EDGE_CURVE('',#1263,#1193,#1323,.F.);
#1085=EDGE_CURVE('',#1264,#1262,#1324,.T.);
#1086=EDGE_CURVE('',#1265,#1264,#321,.F.);
#1087=EDGE_CURVE('',#1263,#1265,#1325,.T.);
#1088=EDGE_CURVE('',#1265,#1266,#1326,.F.);
#1089=EDGE_CURVE('',#1266,#1267,#1327,.T.);
#1090=EDGE_CURVE('',#1267,#1192,#1328,.T.);
#1091=EDGE_CURVE('',#1267,#1268,#322,.T.);
#1092=EDGE_CURVE('',#1268,#1194,#323,.F.);
#1093=EDGE_CURVE('',#1268,#1269,#1329,.T.);
#1094=EDGE_CURVE('',#1196,#1269,#324,.T.);
#1095=EDGE_CURVE('',#1269,#1270,#1330,.T.);
#1096=EDGE_CURVE('',#1270,#1197,#325,.F.);
#1097=EDGE_CURVE('',#1271,#1270,#326,.F.);
#1098=EDGE_CURVE('',#1271,#1199,#327,.T.);
#1099=EDGE_CURVE('',#1271,#1272,#1331,.T.);
#1100=EDGE_CURVE('',#1201,#1272,#328,.F.);
#1101=EDGE_CURVE('',#1272,#1273,#329,.F.);
#1102=EDGE_CURVE('',#1273,#1204,#330,.T.);
#1103=EDGE_CURVE('',#1273,#1274,#1332,.T.);
#1104=EDGE_CURVE('',#1274,#1203,#331,.F.);
#1105=EDGE_CURVE('',#1275,#1274,#332,.F.);
#1106=EDGE_CURVE('',#1275,#1207,#333,.T.);
#1107=EDGE_CURVE('',#1275,#1276,#1333,.T.);
#1108=EDGE_CURVE('',#1209,#1276,#334,.F.);
#1109=EDGE_CURVE('',#1276,#1277,#335,.F.);
#1110=EDGE_CURVE('',#1277,#1211,#336,.T.);
#1111=EDGE_CURVE('',#1277,#1278,#1334,.T.);
#1112=EDGE_CURVE('',#1213,#1278,#337,.T.);
#1113=EDGE_CURVE('',#1278,#1279,#338,.F.);
#1114=EDGE_CURVE('',#1217,#1279,#339,.T.);
#1115=EDGE_CURVE('',#1280,#1279,#1335,.T.);
#1116=EDGE_CURVE('',#1219,#1280,#340,.T.);
#1117=EDGE_CURVE('',#1281,#1280,#1336,.T.);
#1118=EDGE_CURVE('',#1281,#1221,#341,.F.);
#1119=EDGE_CURVE('',#1282,#1281,#342,.T.);
#1120=EDGE_CURVE('',#1224,#1282,#343,.T.);
#1121=EDGE_CURVE('',#1283,#1282,#1337,.T.);
#1122=EDGE_CURVE('',#1283,#1225,#344,.F.);
#1123=EDGE_CURVE('',#1284,#1283,#1338,.T.);
#1124=EDGE_CURVE('',#1228,#1284,#345,.T.);
#1125=EDGE_CURVE('',#1284,#1285,#346,.F.);
#1126=EDGE_CURVE('',#1234,#1285,#347,.T.);
#1127=EDGE_CURVE('',#1285,#1286,#1339,.T.);
#1128=EDGE_CURVE('',#1233,#1286,#348,.T.);
#1129=EDGE_CURVE('',#1286,#1287,#349,.F.);
#1130=EDGE_CURVE('',#1287,#1235,#350,.T.);
#1131=EDGE_CURVE('',#1287,#1288,#1340,.T.);
#1132=EDGE_CURVE('',#1237,#1288,#351,.F.);
#1133=EDGE_CURVE('',#1289,#1288,#352,.F.);
#1134=EDGE_CURVE('',#1241,#1289,#353,.F.);
#1135=EDGE_CURVE('',#1289,#1290,#1341,.T.);
#1136=EDGE_CURVE('',#1242,#1290,#354,.T.);
#1137=EDGE_CURVE('',#1290,#1291,#355,.F.);
#1138=EDGE_CURVE('',#1291,#1243,#356,.T.);
#1139=EDGE_CURVE('',#1291,#1292,#1342,.T.);
#1140=EDGE_CURVE('',#1245,#1292,#357,.F.);
#1141=EDGE_CURVE('',#1293,#1292,#358,.F.);
#1142=EDGE_CURVE('',#1249,#1293,#359,.F.);
#1143=EDGE_CURVE('',#1293,#1294,#1343,.T.);
#1144=EDGE_CURVE('',#1294,#1250,#360,.F.);
#1145=EDGE_CURVE('',#1294,#1295,#1344,.T.);
#1146=EDGE_CURVE('',#1251,#1295,#361,.T.);
#1147=EDGE_CURVE('',#1295,#1296,#362,.T.);
#1148=EDGE_CURVE('',#1253,#1296,#1345,.F.);
#1149=EDGE_CURVE('',#1296,#1297,#1346,.T.);
#1150=EDGE_CURVE('',#1297,#1254,#1347,.T.);
#1151=EDGE_CURVE('',#1297,#1298,#363,.T.);
#1152=EDGE_CURVE('',#1256,#1298,#1348,.F.);
#1153=EDGE_CURVE('',#1299,#1298,#1349,.T.);
#1154=EDGE_CURVE('',#1260,#1299,#1350,.T.);
#1155=EDGE_CURVE('',#1299,#1300,#364,.T.);
#1156=EDGE_CURVE('',#1300,#1259,#1351,.T.);
#1157=EDGE_CURVE('',#1301,#1300,#1352,.T.);
#1158=EDGE_CURVE('',#1301,#1264,#1353,.T.);
#1159=EDGE_CURVE('',#1301,#1266,#365,.T.);
#1160=EDGE_CURVE('',#1302,#1303,#1354,.T.);
#1161=EDGE_CURVE('',#1303,#1304,#366,.T.);
#1162=EDGE_CURVE('',#1304,#1305,#1355,.T.);
#1163=EDGE_CURVE('',#1305,#1302,#367,.F.);
#1164=EDGE_CURVE('',#1303,#1306,#368,.T.);
#1165=EDGE_CURVE('',#1306,#1307,#369,.T.);
#1166=EDGE_CURVE('',#1304,#1307,#370,.T.);
#1167=EDGE_CURVE('',#1302,#1308,#371,.T.);
#1168=EDGE_CURVE('',#1308,#1306,#1356,.T.);
#1169=EDGE_CURVE('',#1305,#1309,#372,.T.);
#1170=EDGE_CURVE('',#1309,#1308,#373,.F.);
#1171=EDGE_CURVE('',#1307,#1309,#1357,.T.);
#1172=VERTEX_POINT('',#2284);
#1173=VERTEX_POINT('',#2340);
#1174=VERTEX_POINT('',#2343);
#1175=VERTEX_POINT('',#2344);
#1176=VERTEX_POINT('',#2346);
#1177=VERTEX_POINT('',#2348);
#1178=VERTEX_POINT('',#2352);
#1179=VERTEX_POINT('',#2353);
#1180=VERTEX_POINT('',#2355);
#1181=VERTEX_POINT('',#2357);
#1182=VERTEX_POINT('',#2359);
#1183=VERTEX_POINT('',#2361);
#1184=VERTEX_POINT('',#2366);
#1185=VERTEX_POINT('',#2368);
#1186=VERTEX_POINT('',#2372);
#1187=VERTEX_POINT('',#2380);
#1188=VERTEX_POINT('',#2384);
#1189=VERTEX_POINT('',#2388);
#1190=VERTEX_POINT('',#2395);
#1191=VERTEX_POINT('',#2399);
#1192=VERTEX_POINT('',#2417);
#1193=VERTEX_POINT('',#2418);
#1194=VERTEX_POINT('',#2420);
#1195=VERTEX_POINT('',#2422);
#1196=VERTEX_POINT('',#2426);
#1197=VERTEX_POINT('',#2430);
#1198=VERTEX_POINT('',#2432);
#1199=VERTEX_POINT('',#2436);
#1200=VERTEX_POINT('',#2437);
#1201=VERTEX_POINT('',#2439);
#1202=VERTEX_POINT('',#2441);
#1203=VERTEX_POINT('',#2445);
#1204=VERTEX_POINT('',#2446);
#1205=VERTEX_POINT('',#2448);
#1206=VERTEX_POINT('',#2450);
#1207=VERTEX_POINT('',#2454);
#1208=VERTEX_POINT('',#2455);
#1209=VERTEX_POINT('',#2457);
#1210=VERTEX_POINT('',#2459);
#1211=VERTEX_POINT('',#2463);
#1212=VERTEX_POINT('',#2464);
#1213=VERTEX_POINT('',#2466);
#1214=VERTEX_POINT('',#2468);
#1215=VERTEX_POINT('',#2470);
#1216=VERTEX_POINT('',#2475);
#1217=VERTEX_POINT('',#2479);
#1218=VERTEX_POINT('',#2480);
#1219=VERTEX_POINT('',#2482);
#1220=VERTEX_POINT('',#2484);
#1221=VERTEX_POINT('',#2508);
#1222=VERTEX_POINT('',#2510);
#1223=VERTEX_POINT('',#2514);
#1224=VERTEX_POINT('',#2515);
#1225=VERTEX_POINT('',#2540);
#1226=VERTEX_POINT('',#2541);
#1227=VERTEX_POINT('',#2546);
#1228=VERTEX_POINT('',#2547);
#1229=VERTEX_POINT('',#2552);
#1230=VERTEX_POINT('',#2557);
#1231=VERTEX_POINT('',#2559);
#1232=VERTEX_POINT('',#2563);
#1233=VERTEX_POINT('',#2564);
#1234=VERTEX_POINT('',#2567);
#1235=VERTEX_POINT('',#2571);
#1236=VERTEX_POINT('',#2572);
#1237=VERTEX_POINT('',#2574);
#1238=VERTEX_POINT('',#2576);
#1239=VERTEX_POINT('',#2580);
#1240=VERTEX_POINT('',#2581);
#1241=VERTEX_POINT('',#2583);
#1242=VERTEX_POINT('',#2585);
#1243=VERTEX_POINT('',#2589);
#1244=VERTEX_POINT('',#2590);
#1245=VERTEX_POINT('',#2592);
#1246=VERTEX_POINT('',#2594);
#1247=VERTEX_POINT('',#2598);
#1248=VERTEX_POINT('',#2599);
#1249=VERTEX_POINT('',#2601);
#1250=VERTEX_POINT('',#2603);
#1251=VERTEX_POINT('',#2607);
#1252=VERTEX_POINT('',#2625);
#1253=VERTEX_POINT('',#2626);
#1254=VERTEX_POINT('',#2645);
#1255=VERTEX_POINT('',#2646);
#1256=VERTEX_POINT('',#2648);
#1257=VERTEX_POINT('',#2664);
#1258=VERTEX_POINT('',#2677);
#1259=VERTEX_POINT('',#2683);
#1260=VERTEX_POINT('',#2684);
#1261=VERTEX_POINT('',#2700);
#1262=VERTEX_POINT('',#2726);
#1263=VERTEX_POINT('',#2728);
#1264=VERTEX_POINT('',#2749);
#1265=VERTEX_POINT('',#2751);
#1266=VERTEX_POINT('',#2785);
#1267=VERTEX_POINT('',#2790);
#1268=VERTEX_POINT('',#2797);
#1269=VERTEX_POINT('',#2814);
#1270=VERTEX_POINT('',#2821);
#1271=VERTEX_POINT('',#2825);
#1272=VERTEX_POINT('',#2832);
#1273=VERTEX_POINT('',#2836);
#1274=VERTEX_POINT('',#2843);
#1275=VERTEX_POINT('',#2847);
#1276=VERTEX_POINT('',#2854);
#1277=VERTEX_POINT('',#2858);
#1278=VERTEX_POINT('',#2865);
#1279=VERTEX_POINT('',#2869);
#1280=VERTEX_POINT('',#2876);
#1281=VERTEX_POINT('',#2891);
#1282=VERTEX_POINT('',#2895);
#1283=VERTEX_POINT('',#2910);
#1284=VERTEX_POINT('',#2917);
#1285=VERTEX_POINT('',#2921);
#1286=VERTEX_POINT('',#2928);
#1287=VERTEX_POINT('',#2932);
#1288=VERTEX_POINT('',#2939);
#1289=VERTEX_POINT('',#2943);
#1290=VERTEX_POINT('',#2950);
#1291=VERTEX_POINT('',#2954);
#1292=VERTEX_POINT('',#2961);
#1293=VERTEX_POINT('',#2965);
#1294=VERTEX_POINT('',#2972);
#1295=VERTEX_POINT('',#2989);
#1296=VERTEX_POINT('',#2993);
#1297=VERTEX_POINT('',#3016);
#1298=VERTEX_POINT('',#3023);
#1299=VERTEX_POINT('',#3046);
#1300=VERTEX_POINT('',#3053);
#1301=VERTEX_POINT('',#3076);
#1302=VERTEX_POINT('',#3107);
#1303=VERTEX_POINT('',#3108);
#1304=VERTEX_POINT('',#3110);
#1305=VERTEX_POINT('',#3115);
#1306=VERTEX_POINT('',#3119);
#1307=VERTEX_POINT('',#3121);
#1308=VERTEX_POINT('',#3125);
#1309=VERTEX_POINT('',#3132);
#1310=B_SPLINE_CURVE_WITH_KNOTS('',3,(#2229,#2230,#2231,#2232,#2233,#2234,
#2235,#2236,#2237,#2238,#2239,#2240,#2241,#2242,#2243,#2244,#2245,#2246,
#2247,#2248,#2249,#2250,#2251,#2252,#2253,#2254,#2255,#2256,#2257,#2258,
#2259,#2260,#2261,#2262,#2263,#2264,#2265,#2266,#2267,#2268,#2269,#2270,
#2271,#2272,#2273,#2274,#2275,#2276,#2277,#2278,#2279,#2280,#2281,#2282,
#2283),.UNSPECIFIED.,.T.,.F.,(1,1,1,1,1,1,1,1,1,1,1,1,1,1,1,1,1,1,1,1,1,
1,1,1,1,1,1,1,1,1,1,1,1,1,1,1,1,1,1,1,1,1,1,1,1,1,1,1,1,1,1,1,1,1,1,1,1,
1,1),(-0.00136683581212752,-0.00102512685909564,-0.000683417906063761,0.,
0.00034170895303188,0.000683417906063761,0.00102512685909564,0.00136683581212752,
0.00205025371819128,0.00273367162425504,0.0034170895303188,0.00375879848335068,
0.00410050743638256,0.00444221638941444,0.00478392534244632,0.0051256342954782,
0.00546734324851008,0.00580905220154196,0.00615076115457384,0.00683417906063761,
0.00717588801366949,0.00751759696670137,0.00785930591973325,0.00820101487276513,
0.00854272382579701,0.00888443277882889,0.00922614173186077,0.00956785068489265,
0.0102512685909564,0.0109346864970202,0.0116181044030839,0.0119598133561158,
0.0123015223091477,0.0126432312621796,0.0129849402152114,0.0133266491682433,
0.0136683581212752,0.0140100670743071,0.014351776027339,0.0150351939334027,
0.0153769028864346,0.0157186118394665,0.0160603207924984,0.0164020297455303,
0.0167437386985621,0.017085447651594,0.0174271566046259,0.0177688655576578,
0.0184522834637215,0.0191357013697853,0.0198191192758491,0.0201608282288809,
0.0205025371819128,0.0208442461349447,0.0211859550879766,0.0218693729940403,
0.0222110819470722,0.0225527909001041,0.022894499853136),.UNSPECIFIED.);
#1311=B_SPLINE_CURVE_WITH_KNOTS('',3,(#2285,#2286,#2287,#2288,#2289,#2290,
#2291,#2292,#2293,#2294,#2295,#2296,#2297,#2298,#2299,#2300,#2301,#2302,
#2303,#2304,#2305,#2306,#2307,#2308,#2309,#2310,#2311,#2312,#2313,#2314,
#2315,#2316,#2317,#2318,#2319,#2320,#2321,#2322,#2323,#2324,#2325,#2326,
#2327,#2328,#2329,#2330,#2331,#2332,#2333,#2334,#2335,#2336,#2337,#2338,
#2339),.UNSPECIFIED.,.T.,.F.,(1,1,1,1,1,1,1,1,1,1,1,1,1,1,1,1,1,1,1,1,1,
1,1,1,1,1,1,1,1,1,1,1,1,1,1,1,1,1,1,1,1,1,1,1,1,1,1,1,1,1,1,1,1,1,1,1,1,
1,1),(-0.00138985531789336,-0.00104239148842002,-0.000694927658946676,0.,
0.000347463829473339,0.000694927658946677,0.00104239148842002,0.00138985531789335,
0.00208478297684003,0.00277971063578671,0.00347463829473339,0.00382210212420673,
0.00416956595368006,0.0045170297831534,0.00486449361262674,0.00521195744210008,
0.00555942127157342,0.00590688510104676,0.0062543489305201,0.00694927658946677,
0.00729674041894011,0.00764420424841345,0.00799166807788679,0.00833913190736013,
0.00868659573683347,0.00903405956630681,0.00938152339578015,0.00972898722525348,
0.0104239148842002,0.0111188425431468,0.0118137702020935,0.0121612340315669,
0.0125086978610402,0.0128561616905135,0.0132036255199869,0.0135510893494602,
0.0138985531789335,0.0142460170084069,0.0145934808378802,0.0152884084968269,
0.0156358723263002,0.0159833361557736,0.0163307999852469,0.0166782638147203,
0.0170257276441936,0.0173731914736669,0.0177206553031403,0.0180681191326136,
0.0187630467915603,0.019457974450507,0.0201529021094536,0.020500365938927,
0.0208478297684003,0.0211952935978737,0.021542757427347,0.0222376850862937,
0.022585148915767,0.0229326127452404,0.0232800765747137),.UNSPECIFIED.);
#1312=B_SPLINE_CURVE_WITH_KNOTS('',3,(#2373,#2374,#2375,#2376,#2377,#2378,
#2379),.UNSPECIFIED.,.F.,.F.,(4,1,1,1,4),(0.00363893877675023,0.00418203734255823,
0.00472513590836624,0.00526823447417424,0.00581133303998224),
 .UNSPECIFIED.);
#1313=B_SPLINE_CURVE_WITH_KNOTS('',3,(#2389,#2390,#2391,#2392,#2393,#2394),
 .UNSPECIFIED.,.F.,.F.,(4,1,1,4),(0.,0.000543715872335119,0.00108743174467024,
0.00217486348934048),.UNSPECIFIED.);
#1314=B_SPLINE_CURVE_WITH_KNOTS('',3,(#2402,#2403,#2404,#2405,#2406,#2407,
#2408,#2409,#2410,#2411,#2412,#2413,#2414,#2415,#2416),.UNSPECIFIED.,.F.,
 .F.,(4,1,1,1,1,1,1,1,1,1,1,1,4),(0.0237100710784431,0.0246540200202897,
0.0255979689621364,0.026541917903983,0.0270138923749064,0.0274858668458297,
0.027957841316753,0.0284298157876764,0.0289017902585997,0.029373764729523,
0.0298457392004463,0.0303177136713697,0.0312616626132163),.UNSPECIFIED.);
#1315=B_SPLINE_CURVE_WITH_KNOTS('',3,(#2610,#2611,#2612,#2613,#2614,#2615,
#2616,#2617,#2618,#2619,#2620,#2621,#2622,#2623,#2624),.UNSPECIFIED.,.F.,
 .F.,(4,1,1,1,1,1,1,1,1,1,1,1,4),(0.0237100580317988,0.0246540051045853,
0.0255979521773719,0.0265418992501585,0.0270138727865517,0.027485846322945,
0.0279578198593383,0.0284297933957316,0.0289017669321248,0.0293737404685181,
0.0298457140049114,0.0303176875413047,0.0312616346140912),.UNSPECIFIED.);
#1316=B_SPLINE_CURVE_WITH_KNOTS('',3,(#2630,#2631,#2632,#2633,#2634,#2635,
#2636,#2637,#2638,#2639,#2640,#2641,#2642,#2643,#2644),.UNSPECIFIED.,.F.,
 .F.,(4,1,1,1,1,1,1,1,1,1,1,1,4),(0.0238465416006899,0.0247734317300505,
0.025700321859411,0.0266272119887716,0.0270906570534518,0.0275541021181321,
0.0280175471828124,0.0284809922474926,0.0289444373121729,0.0294078823768532,
0.0298713274415335,0.0303347725062137,0.0312616626355743),.UNSPECIFIED.);
#1317=B_SPLINE_CURVE_WITH_KNOTS('',3,(#2649,#2650,#2651,#2652,#2653,#2654,
#2655,#2656,#2657,#2658,#2659,#2660,#2661,#2662,#2663),.UNSPECIFIED.,.F.,
 .F.,(4,1,1,1,1,1,1,1,1,1,1,1,4),(0.0238465269649848,0.0247734153684118,
0.0257003037718387,0.0266271921752657,0.0270906363769791,0.0275540805786926,
0.0280175247804061,0.0284809689821195,0.028944413183833,0.0294078573855465,
0.02987130158726,0.0303347457889734,0.0312616341924004),.UNSPECIFIED.);
#1318=B_SPLINE_CURVE_WITH_KNOTS('',3,(#2669,#2670,#2671,#2672),
 .UNSPECIFIED.,.F.,.F.,(4,4),(0.0101629241087557,0.013791774114485),
 .UNSPECIFIED.);
#1319=B_SPLINE_CURVE_WITH_KNOTS('',3,(#2673,#2674,#2675,#2676),
 .UNSPECIFIED.,.F.,.F.,(4,4),(0.0101629241092827,0.0137917741150133),
 .UNSPECIFIED.);
#1320=B_SPLINE_CURVE_WITH_KNOTS('',3,(#2685,#2686,#2687,#2688,#2689,#2690,
#2691,#2692,#2693,#2694,#2695,#2696,#2697,#2698,#2699),.UNSPECIFIED.,.F.,
 .F.,(4,1,1,1,1,1,1,1,1,1,1,1,4),(0.,0.000944549411789134,0.0014168241176837,
0.00188909882357827,0.0028336482353674,0.00377819764715654,0.00472274705894567,
0.00519502176484024,0.0056672964707348,0.00613957117662937,0.00661184588252394,
0.0070841205884185,0.00755639529431307),.UNSPECIFIED.);
#1321=B_SPLINE_CURVE_WITH_KNOTS('',3,(#2702,#2703,#2704,#2705,#2706,#2707,
#2708,#2709,#2710,#2711,#2712,#2713,#2714,#2715,#2716),.UNSPECIFIED.,.F.,
 .F.,(4,1,1,1,1,1,1,1,1,1,1,1,4),(5.55111512312578E-17,0.000944549595850815,
0.0014168243937762,0.00188909919170158,0.00283364878755234,0.00377819838340309,
0.00472274797925385,0.00519502277717923,0.00566729757510461,0.00613957237303,
0.00661184717095537,0.00708412196888075,0.00755639676680613),
 .UNSPECIFIED.);
#1322=B_SPLINE_CURVE_WITH_KNOTS('',3,(#2722,#2723,#2724,#2725),
 .UNSPECIFIED.,.F.,.F.,(4,4),(0.0101629241071733,0.0137917741129042),
 .UNSPECIFIED.);
#1323=B_SPLINE_CURVE_WITH_KNOTS('',3,(#2729,#2730,#2731,#2732),
 .UNSPECIFIED.,.F.,.F.,(4,4),(0.0101629241092015,0.0137917741149335),
 .UNSPECIFIED.);
#1324=B_SPLINE_CURVE_WITH_KNOTS('',3,(#2734,#2735,#2736,#2737,#2738,#2739,
#2740,#2741,#2742,#2743,#2744,#2745,#2746,#2747,#2748),.UNSPECIFIED.,.F.,
 .F.,(4,1,1,1,1,1,1,1,1,1,1,1,4),(0.0238465416006953,0.0247734317300565,
0.0257003218594177,0.0266272119887789,0.0270906570534595,0.0275541021181401,
0.0280175471828207,0.0284809922475013,0.0289444373121819,0.0294078823768625,
0.0298713274415431,0.0303347725062237,0.0312616626355849),.UNSPECIFIED.);
#1325=B_SPLINE_CURVE_WITH_KNOTS('',3,(#2752,#2753,#2754,#2755,#2756,#2757,
#2758,#2759,#2760,#2761,#2762,#2763,#2764,#2765,#2766),.UNSPECIFIED.,.F.,
 .F.,(4,1,1,1,1,1,1,1,1,1,1,1,4),(0.0238465269649937,0.0247734153684202,
0.0257003037718468,0.0266271921752733,0.0270906363769866,0.0275540805786998,
0.0280175247804131,0.0284809689821264,0.0289444131838396,0.0294078573855529,
0.0298713015872662,0.0303347457889794,0.031261634192406),.UNSPECIFIED.);
#1326=B_SPLINE_CURVE_WITH_KNOTS('',3,(#2781,#2782,#2783,#2784),
 .UNSPECIFIED.,.F.,.F.,(4,4),(0.0398706574777019,0.0529246051355323),
 .UNSPECIFIED.);
#1327=B_SPLINE_CURVE_WITH_KNOTS('',3,(#2786,#2787,#2788,#2789),
 .UNSPECIFIED.,.F.,.F.,(4,4),(0.00461943151827431,0.00860649567747215),
 .UNSPECIFIED.);
#1328=B_SPLINE_CURVE_WITH_KNOTS('',3,(#2791,#2792,#2793,#2794),
 .UNSPECIFIED.,.F.,.F.,(4,4),(0.,0.0133299083751196),.UNSPECIFIED.);
#1329=B_SPLINE_CURVE_WITH_KNOTS('',3,(#2800,#2801,#2802,#2803,#2804,#2805,
#2806,#2807,#2808,#2809,#2810,#2811,#2812,#2813),.UNSPECIFIED.,.F.,.F.,
(4,1,1,1,1,1,1,1,1,1,1,4),(0.,0.000944315159688096,0.00141647273953214,
0.00188863031937619,0.00283294547906429,0.00377726063875238,0.00472157579844048,
0.00519373337828453,0.00566589095812858,0.00661020611781667,0.00708236369766072,
0.00755452127750477),.UNSPECIFIED.);
#1330=B_SPLINE_CURVE_WITH_KNOTS('',3,(#2817,#2818,#2819,#2820),
 .UNSPECIFIED.,.F.,.F.,(4,4),(0.0059365729131339,0.00869887062046994),
 .UNSPECIFIED.);
#1331=B_SPLINE_CURVE_WITH_KNOTS('',3,(#2828,#2829,#2830,#2831),
 .UNSPECIFIED.,.F.,.F.,(4,4),(0.,0.0014079709461374),.UNSPECIFIED.);
#1332=B_SPLINE_CURVE_WITH_KNOTS('',3,(#2839,#2840,#2841,#2842),
 .UNSPECIFIED.,.F.,.F.,(4,4),(0.,0.0121857814982977),.UNSPECIFIED.);
#1333=B_SPLINE_CURVE_WITH_KNOTS('',3,(#2850,#2851,#2852,#2853),
 .UNSPECIFIED.,.F.,.F.,(4,4),(0.,0.00140726398081618),.UNSPECIFIED.);
#1334=B_SPLINE_CURVE_WITH_KNOTS('',3,(#2861,#2862,#2863,#2864),
 .UNSPECIFIED.,.F.,.F.,(4,4),(0.,0.00362426042821843),.UNSPECIFIED.);
#1335=B_SPLINE_CURVE_WITH_KNOTS('',3,(#2872,#2873,#2874,#2875),
 .UNSPECIFIED.,.F.,.F.,(4,4),(0.00604746520577013,0.02736216290135),
 .UNSPECIFIED.);
#1336=B_SPLINE_CURVE_WITH_KNOTS('',3,(#2879,#2880,#2881,#2882,#2883,#2884,
#2885,#2886,#2887,#2888,#2889,#2890),.UNSPECIFIED.,.F.,.F.,(4,1,1,1,1,1,
1,1,1,4),(1.11022302462516E-16,0.000679899144600817,0.00101984871690117,
0.00135979828920152,0.00203969743380223,0.00271959657840293,0.00339949572300364,
0.00407939486760435,0.00475929401220505,0.00543919315680576),
 .UNSPECIFIED.);
#1337=B_SPLINE_CURVE_WITH_KNOTS('',3,(#2898,#2899,#2900,#2901,#2902,#2903,
#2904,#2905,#2906,#2907,#2908,#2909),.UNSPECIFIED.,.F.,.F.,(4,1,1,1,1,1,
1,1,1,4),(0.,0.000679900891122224,0.00101985133668334,0.00135980178224445,
0.00203970267336667,0.00271960356448889,0.00339950445561112,0.00407940534673334,
0.00475930623785557,0.00543920712897779),.UNSPECIFIED.);
#1338=B_SPLINE_CURVE_WITH_KNOTS('',3,(#2913,#2914,#2915,#2916),
 .UNSPECIFIED.,.F.,.F.,(4,4),(2.77555756156289E-16,0.0213146976955801),
 .UNSPECIFIED.);
#1339=B_SPLINE_CURVE_WITH_KNOTS('',3,(#2924,#2925,#2926,#2927),
 .UNSPECIFIED.,.F.,.F.,(4,4),(0.,0.00362426042821974),.UNSPECIFIED.);
#1340=B_SPLINE_CURVE_WITH_KNOTS('',3,(#2935,#2936,#2937,#2938),
 .UNSPECIFIED.,.F.,.F.,(4,4),(0.,0.00140726398081762),.UNSPECIFIED.);
#1341=B_SPLINE_CURVE_WITH_KNOTS('',3,(#2946,#2947,#2948,#2949),
 .UNSPECIFIED.,.F.,.F.,(4,4),(1.35519990959551E-15,0.0121857814982989),
 .UNSPECIFIED.);
#1342=B_SPLINE_CURVE_WITH_KNOTS('',3,(#2957,#2958,#2959,#2960),
 .UNSPECIFIED.,.F.,.F.,(4,4),(2.77555756156289E-16,0.0014079709461376),
 .UNSPECIFIED.);
#1343=B_SPLINE_CURVE_WITH_KNOTS('',3,(#2968,#2969,#2970,#2971),
 .UNSPECIFIED.,.F.,.F.,(4,4),(5.55111512312578E-16,0.00276229770735288),
 .UNSPECIFIED.);
#1344=B_SPLINE_CURVE_WITH_KNOTS('',3,(#2975,#2976,#2977,#2978,#2979,#2980,
#2981,#2982,#2983,#2984,#2985,#2986,#2987,#2988),.UNSPECIFIED.,.F.,.F.,
(4,1,1,1,1,1,1,1,1,1,1,4),(1.11022302462516E-16,0.000944317604572294,0.00141647640685838,
0.00188863520914448,0.00283295281371666,0.00377727041828884,0.00472158802286102,
0.00519374682514712,0.00566590562743321,0.00661022323200539,0.00708238203429148,
0.00755454083657757),.UNSPECIFIED.);
#1345=B_SPLINE_CURVE_WITH_KNOTS('',3,(#2994,#2995,#2996,#2997),
 .UNSPECIFIED.,.F.,.F.,(4,4),(0.0398706574779871,0.0532005658531026),
 .UNSPECIFIED.);
#1346=B_SPLINE_CURVE_WITH_KNOTS('',3,(#3012,#3013,#3014,#3015),
 .UNSPECIFIED.,.F.,.F.,(4,4),(0.00581004325720114,0.00979710741642203),
 .UNSPECIFIED.);
#1347=B_SPLINE_CURVE_WITH_KNOTS('',3,(#3017,#3018,#3019,#3020),
 .UNSPECIFIED.,.F.,.F.,(4,4),(0.,0.013053947657824),.UNSPECIFIED.);
#1348=B_SPLINE_CURVE_WITH_KNOTS('',3,(#3024,#3025,#3026,#3027),
 .UNSPECIFIED.,.F.,.F.,(4,4),(0.0398706574779558,0.0529246051357777),
 .UNSPECIFIED.);
#1349=B_SPLINE_CURVE_WITH_KNOTS('',3,(#3042,#3043,#3044,#3045),
 .UNSPECIFIED.,.F.,.F.,(4,4),(0.00581004325720097,0.00979710741642217),
 .UNSPECIFIED.);
#1350=B_SPLINE_CURVE_WITH_KNOTS('',3,(#3047,#3048,#3049,#3050),
 .UNSPECIFIED.,.F.,.F.,(4,4),(0.,0.0133299083751185),.UNSPECIFIED.);
#1351=B_SPLINE_CURVE_WITH_KNOTS('',3,(#3054,#3055,#3056,#3057),
 .UNSPECIFIED.,.F.,.F.,(4,4),(0.0398706574778796,0.0532005658529979),
 .UNSPECIFIED.);
#1352=B_SPLINE_CURVE_WITH_KNOTS('',3,(#3072,#3073,#3074,#3075),
 .UNSPECIFIED.,.F.,.F.,(4,4),(0.0046194315182737,0.0086064956774721),
 .UNSPECIFIED.);
#1353=B_SPLINE_CURVE_WITH_KNOTS('',3,(#3077,#3078,#3079,#3080),
 .UNSPECIFIED.,.F.,.F.,(4,4),(0.,0.0130539476578216),.UNSPECIFIED.);
#1354=B_SPLINE_CURVE_WITH_KNOTS('',3,(#3103,#3104,#3105,#3106),
 .UNSPECIFIED.,.F.,.F.,(4,4),(1.11022302462516E-16,0.0512762041047065),
 .UNSPECIFIED.);
#1355=B_SPLINE_CURVE_WITH_KNOTS('',3,(#3111,#3112,#3113,#3114),
 .UNSPECIFIED.,.F.,.F.,(4,4),(0.,0.0512762041047066),.UNSPECIFIED.);
#1356=B_SPLINE_CURVE_WITH_KNOTS('',3,(#3126,#3127,#3128,#3129),
 .UNSPECIFIED.,.F.,.F.,(4,4),(3.33066907387547E-16,0.0512755192182288),
 .UNSPECIFIED.);
#1357=B_SPLINE_CURVE_WITH_KNOTS('',3,(#3135,#3136,#3137,#3138),
 .UNSPECIFIED.,.F.,.F.,(4,4),(0.,0.0512755192182289),.UNSPECIFIED.);
#1358=EDGE_LOOP('',(#539));
#1359=EDGE_LOOP('',(#540));
#1360=EDGE_LOOP('',(#541,#542,#543,#544));
#1361=EDGE_LOOP('',(#545,#546,#547,#548,#549,#550,#551,#552));
#1362=EDGE_LOOP('',(#553));
#1363=EDGE_LOOP('',(#554,#555,#556,#557));
#1364=EDGE_LOOP('',(#558,#559,#560,#561,#562));
#1365=EDGE_LOOP('',(#563,#564,#565,#566));
#1366=EDGE_LOOP('',(#567,#568,#569,#570,#571));
#1367=EDGE_LOOP('',(#572,#573,#574,#575));
#1368=EDGE_LOOP('',(#576,#577,#578,#579));
#1369=EDGE_LOOP('',(#580,#581,#582));
#1370=EDGE_LOOP('',(#583,#584,#585,#586));
#1371=EDGE_LOOP('',(#587,#588,#589,#590));
#1372=EDGE_LOOP('',(#591,#592,#593,#594));
#1373=EDGE_LOOP('',(#595,#596,#597,#598));
#1374=EDGE_LOOP('',(#599,#600,#601,#602,#603));
#1375=EDGE_LOOP('',(#604,#605,#606,#607,#608,#609,#610));
#1376=EDGE_LOOP('',(#611,#612,#613,#614));
#1377=EDGE_LOOP('',(#615,#616,#617,#618));
#1378=EDGE_LOOP('',(#619,#620,#621,#622));
#1379=EDGE_LOOP('',(#623,#624,#625,#626));
#1380=EDGE_LOOP('',(#627,#628,#629,#630));
#1381=EDGE_LOOP('',(#631,#632,#633,#634,#635,#636,#637,#638,#639,#640));
#1382=EDGE_LOOP('',(#641));
#1383=EDGE_LOOP('',(#642,#643,#644,#645,#646,#647,#648));
#1384=EDGE_LOOP('',(#649,#650,#651,#652,#653));
#1385=EDGE_LOOP('',(#654,#655,#656,#657));
#1386=EDGE_LOOP('',(#658,#659,#660,#661));
#1387=EDGE_LOOP('',(#662,#663,#664,#665));
#1388=EDGE_LOOP('',(#666,#667,#668,#669));
#1389=EDGE_LOOP('',(#670,#671,#672));
#1390=EDGE_LOOP('',(#673,#674,#675,#676));
#1391=EDGE_LOOP('',(#677,#678,#679,#680));
#1392=EDGE_LOOP('',(#681,#682,#683,#684,#685,#686,#687,#688,#689,#690,#691,
#692,#693,#694,#695,#696,#697));
#1393=EDGE_LOOP('',(#698,#699,#700,#701,#702,#703,#704,#705));
#1394=EDGE_LOOP('',(#706,#707,#708,#709,#710,#711,#712,#713,#714,#715,#716,
#717,#718,#719,#720,#721,#722));
#1395=EDGE_LOOP('',(#723,#724,#725,#726));
#1396=EDGE_LOOP('',(#727,#728,#729,#730,#731,#732));
#1397=EDGE_LOOP('',(#733,#734,#735,#736));
#1398=EDGE_LOOP('',(#737,#738,#739,#740));
#1399=EDGE_LOOP('',(#741,#742,#743,#744));
#1400=EDGE_LOOP('',(#745,#746,#747,#748,#749,#750));
#1401=EDGE_LOOP('',(#751,#752,#753,#754));
#1402=EDGE_LOOP('',(#755,#756,#757,#758,#759,#760));
#1403=EDGE_LOOP('',(#761,#762,#763,#764));
#1404=EDGE_LOOP('',(#765,#766,#767,#768,#769,#770));
#1405=EDGE_LOOP('',(#771,#772,#773,#774));
#1406=EDGE_LOOP('',(#775,#776,#777,#778,#779,#780));
#1407=EDGE_LOOP('',(#781,#782,#783,#784));
#1408=EDGE_LOOP('',(#785,#786,#787,#788,#789,#790,#791));
#1409=EDGE_LOOP('',(#792,#793,#794,#795));
#1410=EDGE_LOOP('',(#796,#797,#798,#799));
#1411=EDGE_LOOP('',(#800,#801,#802,#803));
#1412=EDGE_LOOP('',(#804,#805,#806,#807));
#1413=EDGE_LOOP('',(#808,#809,#810,#811));
#1414=EDGE_LOOP('',(#812,#813,#814,#815,#816,#817,#818));
#1415=EDGE_LOOP('',(#819,#820,#821,#822));
#1416=EDGE_LOOP('',(#823,#824,#825,#826,#827,#828));
#1417=EDGE_LOOP('',(#829,#830,#831,#832));
#1418=EDGE_LOOP('',(#833,#834,#835,#836,#837,#838));
#1419=EDGE_LOOP('',(#839,#840,#841,#842));
#1420=EDGE_LOOP('',(#843,#844,#845,#846,#847,#848));
#1421=EDGE_LOOP('',(#849,#850,#851,#852));
#1422=EDGE_LOOP('',(#853,#854,#855,#856,#857,#858));
#1423=EDGE_LOOP('',(#859,#860,#861,#862));
#1424=EDGE_LOOP('',(#863,#864,#865,#866));
#1425=EDGE_LOOP('',(#867,#868,#869,#870));
#1426=EDGE_LOOP('',(#871,#872,#873,#874,#875,#876));
#1427=EDGE_LOOP('',(#877,#878,#879,#880));
#1428=EDGE_LOOP('',(#881,#882,#883,#884,#885,#886));
#1429=EDGE_LOOP('',(#887,#888,#889,#890));
#1430=EDGE_LOOP('',(#891,#892,#893,#894,#895,#896));
#1431=EDGE_LOOP('',(#897,#898,#899,#900));
#1432=EDGE_LOOP('',(#901,#902,#903,#904));
#1433=EDGE_LOOP('',(#905,#906,#907,#908,#909,#910,#911,#912,#913,#914,#915,
#916,#917,#918,#919,#920,#921,#922,#923,#924,#925,#926,#927,#928,#929,#930,
#931,#932,#933,#934,#935,#936,#937,#938,#939,#940));
#1434=EDGE_LOOP('',(#941,#942,#943,#944));
#1435=EDGE_LOOP('',(#945,#946,#947,#948));
#1436=EDGE_LOOP('',(#949,#950,#951,#952));
#1437=EDGE_LOOP('',(#953,#954,#955,#956));
#1438=EDGE_LOOP('',(#957,#958,#959,#960));
#1439=FACE_BOUND('',#1358,.T.);
#1440=FACE_BOUND('',#1359,.T.);
#1441=FACE_BOUND('',#1360,.T.);
#1442=FACE_BOUND('',#1361,.T.);
#1443=FACE_BOUND('',#1362,.T.);
#1444=FACE_BOUND('',#1363,.T.);
#1445=FACE_BOUND('',#1364,.T.);
#1446=FACE_BOUND('',#1365,.T.);
#1447=FACE_BOUND('',#1366,.T.);
#1448=FACE_BOUND('',#1367,.T.);
#1449=FACE_BOUND('',#1368,.T.);
#1450=FACE_BOUND('',#1369,.T.);
#1451=FACE_BOUND('',#1370,.T.);
#1452=FACE_BOUND('',#1371,.T.);
#1453=FACE_BOUND('',#1372,.T.);
#1454=FACE_BOUND('',#1373,.T.);
#1455=FACE_BOUND('',#1374,.T.);
#1456=FACE_BOUND('',#1375,.T.);
#1457=FACE_BOUND('',#1376,.T.);
#1458=FACE_BOUND('',#1377,.T.);
#1459=FACE_BOUND('',#1378,.T.);
#1460=FACE_BOUND('',#1379,.T.);
#1461=FACE_BOUND('',#1380,.T.);
#1462=FACE_BOUND('',#1381,.T.);
#1463=FACE_BOUND('',#1382,.T.);
#1464=FACE_BOUND('',#1383,.T.);
#1465=FACE_BOUND('',#1384,.T.);
#1466=FACE_BOUND('',#1385,.T.);
#1467=FACE_BOUND('',#1386,.T.);
#1468=FACE_BOUND('',#1387,.T.);
#1469=FACE_BOUND('',#1388,.T.);
#1470=FACE_BOUND('',#1389,.T.);
#1471=FACE_BOUND('',#1390,.T.);
#1472=FACE_BOUND('',#1391,.T.);
#1473=FACE_BOUND('',#1392,.T.);
#1474=FACE_BOUND('',#1393,.T.);
#1475=FACE_BOUND('',#1394,.T.);
#1476=FACE_BOUND('',#1395,.T.);
#1477=FACE_BOUND('',#1396,.T.);
#1478=FACE_BOUND('',#1397,.T.);
#1479=FACE_BOUND('',#1398,.T.);
#1480=FACE_BOUND('',#1399,.T.);
#1481=FACE_BOUND('',#1400,.T.);
#1482=FACE_BOUND('',#1401,.T.);
#1483=FACE_BOUND('',#1402,.T.);
#1484=FACE_BOUND('',#1403,.T.);
#1485=FACE_BOUND('',#1404,.T.);
#1486=FACE_BOUND('',#1405,.T.);
#1487=FACE_BOUND('',#1406,.T.);
#1488=FACE_BOUND('',#1407,.T.);
#1489=FACE_BOUND('',#1408,.T.);
#1490=FACE_BOUND('',#1409,.T.);
#1491=FACE_BOUND('',#1410,.T.);
#1492=FACE_BOUND('',#1411,.T.);
#1493=FACE_BOUND('',#1412,.T.);
#1494=FACE_BOUND('',#1413,.T.);
#1495=FACE_BOUND('',#1414,.T.);
#1496=FACE_BOUND('',#1415,.T.);
#1497=FACE_BOUND('',#1416,.T.);
#1498=FACE_BOUND('',#1417,.T.);
#1499=FACE_BOUND('',#1418,.T.);
#1500=FACE_BOUND('',#1419,.T.);
#1501=FACE_BOUND('',#1420,.T.);
#1502=FACE_BOUND('',#1421,.T.);
#1503=FACE_BOUND('',#1422,.T.);
#1504=FACE_BOUND('',#1423,.T.);
#1505=FACE_BOUND('',#1424,.T.);
#1506=FACE_BOUND('',#1425,.T.);
#1507=FACE_BOUND('',#1426,.T.);
#1508=FACE_BOUND('',#1427,.T.);
#1509=FACE_BOUND('',#1428,.T.);
#1510=FACE_BOUND('',#1429,.T.);
#1511=FACE_BOUND('',#1430,.T.);
#1512=FACE_BOUND('',#1431,.T.);
#1513=FACE_BOUND('',#1432,.T.);
#1514=FACE_BOUND('',#1433,.T.);
#1515=FACE_BOUND('',#1434,.T.);
#1516=FACE_BOUND('',#1435,.T.);
#1517=FACE_BOUND('',#1436,.T.);
#1518=FACE_BOUND('',#1437,.T.);
#1519=FACE_BOUND('',#1438,.T.);
#1520=B_SPLINE_SURFACE_WITH_KNOTS('',1,3,((#2193,#2194,#2195,#2196,#2197,
#2198,#2199,#2200,#2201,#2202,#2203,#2204,#2205,#2206,#2207,#2208,#2209,
#2210),(#2211,#2212,#2213,#2214,#2215,#2216,#2217,#2218,#2219,#2220,#2221,
#2222,#2223,#2224,#2225,#2226,#2227,#2228)),.RULED_SURF.,.F.,.T.,.F.,(2,
2),(2,2,2,2,2,2,2,2,2,2,2),(0.,1.),(-0.785398163397448,0.,0.785398163397448,
1.5707963267949,2.35619449019234,3.14159265358979,3.92699081698724,4.71238898038469,
5.49778714378214,6.28318530717959,7.06858347057703),.UNSPECIFIED.);
#1521=B_SPLINE_SURFACE_WITH_KNOTS('',1,3,((#2767,#2768,#2769,#2770,#2771,
#2772,#2773),(#2774,#2775,#2776,#2777,#2778,#2779,#2780)),
 .SURF_OF_LINEAR_EXTRUSION.,.F.,.F.,.F.,(2,2),(4,3,4),(0.023602061844026,
0.870381964697772),(0.00461943151827431,0.00860649567747215,0.0143894716289659),
 .PIECEWISE_BEZIER_KNOTS.);
#1522=B_SPLINE_SURFACE_WITH_KNOTS('',1,3,((#2998,#2999,#3000,#3001,#3002,
#3003,#3004),(#3005,#3006,#3007,#3008,#3009,#3010,#3011)),
 .SURF_OF_LINEAR_EXTRUSION.,.F.,.F.,.F.,(2,2),(4,3,4),(0.0236020618351513,
0.87038196478039),(2.70673055143373E-5,0.00581004325720114,0.00979710741642203),
 .PIECEWISE_BEZIER_KNOTS.);
#1523=B_SPLINE_SURFACE_WITH_KNOTS('',1,3,((#3028,#3029,#3030,#3031,#3032,
#3033,#3034),(#3035,#3036,#3037,#3038,#3039,#3040,#3041)),
 .SURF_OF_LINEAR_EXTRUSION.,.F.,.F.,.F.,(2,2),(4,3,4),(0.0236020618427624,
0.870381964700148),(2.7067305704077E-5,0.00581004325720097,0.00979710741642217),
 .PIECEWISE_BEZIER_KNOTS.);
#1524=B_SPLINE_SURFACE_WITH_KNOTS('',1,3,((#3058,#3059,#3060,#3061,#3062,
#3063,#3064),(#3065,#3066,#3067,#3068,#3069,#3070,#3071)),
 .SURF_OF_LINEAR_EXTRUSION.,.F.,.F.,.F.,(2,2),(4,3,4),(0.0236020618179601,
0.87038196501108),(0.0046194315182737,0.0086064956774721,0.0143894716297021),
 .PIECEWISE_BEZIER_KNOTS.);
#1525=B_SPLINE_SURFACE_WITH_KNOTS('',3,3,((#3083,#3084,#3085,#3086),(#3087,
#3088,#3089,#3090),(#3091,#3092,#3093,#3094),(#3095,#3096,#3097,#3098),
(#3099,#3100,#3101,#3102)),.UNSPECIFIED.,.F.,.F.,.F.,(4,1,4),(4,4),(0.461366552977932,
0.49688198698488,0.532397420991828),(0.688333333333334,0.730833333333334),
 .UNSPECIFIED.);
#1526=B_SPLINE_SURFACE_WITH_KNOTS('',5,1,((#3139,#3140),(#3141,#3142),(#3143,
#3144),(#3145,#3146),(#3147,#3148),(#3149,#3150)),
 .SURF_OF_LINEAR_EXTRUSION.,.F.,.F.,.F.,(6,6),(2,2),(0.460906666999113,
0.531849132456572),(0.688333333333334,0.730833333333334),
 .PIECEWISE_BEZIER_KNOTS.);
#1527=ADVANCED_FACE('',(#1439,#1440),#1520,.F.);
#1528=ADVANCED_FACE('',(#1441),#497,.T.);
#1529=ADVANCED_FACE('',(#1442,#1443),#498,.F.);
#1530=ADVANCED_FACE('',(#1444),#499,.T.);
#1531=ADVANCED_FACE('',(#1445),#235,.F.);
#1532=ADVANCED_FACE('',(#1446),#500,.T.);
#1533=ADVANCED_FACE('',(#1447),#236,.F.);
#1534=ADVANCED_FACE('',(#1448),#501,.T.);
#1535=ADVANCED_FACE('',(#1449),#213,.T.);
#1536=ADVANCED_FACE('',(#1450),#211,.T.);
#1537=ADVANCED_FACE('',(#1451),#214,.T.);
#1538=ADVANCED_FACE('',(#1452),#215,.T.);
#1539=ADVANCED_FACE('',(#1453),#216,.T.);
#1540=ADVANCED_FACE('',(#1454),#217,.T.);
#1541=ADVANCED_FACE('',(#1455),#218,.T.);
#1542=ADVANCED_FACE('',(#1456),#502,.T.);
#1543=ADVANCED_FACE('',(#1457),#219,.F.);
#1544=ADVANCED_FACE('',(#1458),#183,.F.);
#1545=ADVANCED_FACE('',(#1459),#220,.F.);
#1546=ADVANCED_FACE('',(#1460),#184,.F.);
#1547=ADVANCED_FACE('',(#1461),#221,.F.);
#1548=ADVANCED_FACE('',(#1462,#1463),#503,.T.);
#1549=ADVANCED_FACE('',(#1464),#504,.T.);
#1550=ADVANCED_FACE('',(#1465),#222,.T.);
#1551=ADVANCED_FACE('',(#1466),#223,.T.);
#1552=ADVANCED_FACE('',(#1467),#224,.T.);
#1553=ADVANCED_FACE('',(#1468),#225,.T.);
#1554=ADVANCED_FACE('',(#1469),#226,.T.);
#1555=ADVANCED_FACE('',(#1470),#212,.T.);
#1556=ADVANCED_FACE('',(#1471),#227,.T.);
#1557=ADVANCED_FACE('',(#1472),#228,.T.);
#1558=ADVANCED_FACE('',(#1473),#505,.F.);
#1559=ADVANCED_FACE('',(#1474),#229,.T.);
#1560=ADVANCED_FACE('',(#1475),#506,.F.);
#1561=ADVANCED_FACE('',(#1476),#230,.T.);
#1562=ADVANCED_FACE('',(#1477),#1521,.F.);
#1563=ADVANCED_FACE('',(#1478),#507,.T.);
#1564=ADVANCED_FACE('',(#1479),#231,.T.);
#1565=ADVANCED_FACE('',(#1480),#508,.T.);
#1566=ADVANCED_FACE('',(#1481),#509,.T.);
#1567=ADVANCED_FACE('',(#1482),#510,.F.);
#1568=ADVANCED_FACE('',(#1483),#511,.T.);
#1569=ADVANCED_FACE('',(#1484),#512,.T.);
#1570=ADVANCED_FACE('',(#1485),#513,.T.);
#1571=ADVANCED_FACE('',(#1486),#514,.F.);
#1572=ADVANCED_FACE('',(#1487),#515,.T.);
#1573=ADVANCED_FACE('',(#1488),#516,.T.);
#1574=ADVANCED_FACE('',(#1489),#517,.T.);
#1575=ADVANCED_FACE('',(#1490),#518,.F.);
#1576=ADVANCED_FACE('',(#1491),#232,.F.);
#1577=ADVANCED_FACE('',(#1492),#519,.F.);
#1578=ADVANCED_FACE('',(#1493),#233,.F.);
#1579=ADVANCED_FACE('',(#1494),#520,.F.);
#1580=ADVANCED_FACE('',(#1495),#521,.T.);
#1581=ADVANCED_FACE('',(#1496),#522,.T.);
#1582=ADVANCED_FACE('',(#1497),#523,.T.);
#1583=ADVANCED_FACE('',(#1498),#524,.T.);
#1584=ADVANCED_FACE('',(#1499),#525,.T.);
#1585=ADVANCED_FACE('',(#1500),#526,.T.);
#1586=ADVANCED_FACE('',(#1501),#527,.T.);
#1587=ADVANCED_FACE('',(#1502),#528,.T.);
#1588=ADVANCED_FACE('',(#1503),#529,.T.);
#1589=ADVANCED_FACE('',(#1504),#530,.T.);
#1590=ADVANCED_FACE('',(#1505),#234,.T.);
#1591=ADVANCED_FACE('',(#1506),#531,.T.);
#1592=ADVANCED_FACE('',(#1507),#1522,.F.);
#1593=ADVANCED_FACE('',(#1508),#532,.T.);
#1594=ADVANCED_FACE('',(#1509),#1523,.T.);
#1595=ADVANCED_FACE('',(#1510),#533,.T.);
#1596=ADVANCED_FACE('',(#1511),#1524,.T.);
#1597=ADVANCED_FACE('',(#1512),#534,.F.);
#1598=ADVANCED_FACE('',(#1513,#1514),#1525,.T.);
#1599=ADVANCED_FACE('',(#1515),#535,.T.);
#1600=ADVANCED_FACE('',(#1516),#536,.T.);
#1601=ADVANCED_FACE('',(#1517),#537,.T.);
#1602=ADVANCED_FACE('',(#1518),#538,.T.);
#1603=ADVANCED_FACE('',(#1519),#1526,.F.);
#1604=CLOSED_SHELL('',(#1527,#1528,#1529,#1530,#1531,#1532,#1533,#1534,
#1535,#1536,#1537,#1538,#1539,#1540,#1541,#1542,#1543,#1544,#1545,#1546,
#1547,#1548,#1549,#1550,#1551,#1552,#1553,#1554,#1555,#1556,#1557,#1558,
#1559,#1560,#1561,#1562,#1563,#1564,#1565,#1566,#1567,#1568,#1569,#1570,
#1571,#1572,#1573,#1574,#1575,#1576,#1577,#1578,#1579,#1580,#1581,#1582,
#1583,#1584,#1585,#1586,#1587,#1588,#1589,#1590,#1591,#1592,#1593,#1594,
#1595,#1596,#1597,#1598,#1599,#1600,#1601,#1602,#1603));
#1605=STYLED_ITEM('',(#1606),#1613);
#1606=PRESENTATION_STYLE_ASSIGNMENT((#1607));
#1607=SURFACE_STYLE_USAGE(.BOTH.,#1608);
#1608=SURFACE_SIDE_STYLE('',(#1609));
#1609=SURFACE_STYLE_FILL_AREA(#1610);
#1610=FILL_AREA_STYLE('',(#1611));
#1611=FILL_AREA_STYLE_COLOUR('',#1612);
#1612=COLOUR_RGB('',0.596078431372549,0.666666666666667,0.686274509803922);
#1613=MANIFOLD_SOLID_BREP('EXP_STRAK_KN10___A_SURFACE_BEARBEITET',#1604);
#1614=SHAPE_DEFINITION_REPRESENTATION(#3220,#1615);
#1615=SHAPE_REPRESENTATION('Dog hause UBV',(#1616),#3215);
#1616=AXIS2_PLACEMENT_3D('',#2192,#1767,#1768);
#1617=AXIS2_PLACEMENT_3D('',#2341,#1769,#1770);
#1618=AXIS2_PLACEMENT_3D('',#2350,#1775,#1776);
#1619=AXIS2_PLACEMENT_3D('',#2354,#1778,#1779);
#1620=AXIS2_PLACEMENT_3D('',#2358,#1781,#1782);
#1621=AXIS2_PLACEMENT_3D('',#2364,#1786,#1787);
#1622=AXIS2_PLACEMENT_3D('',#2370,#1791,#1792);
#1623=AXIS2_PLACEMENT_3D('',#2371,#1793,#1794);
#1624=AXIS2_PLACEMENT_3D('',#2382,#1796,#1797);
#1625=AXIS2_PLACEMENT_3D('',#2386,#1800,#1801);
#1626=AXIS2_PLACEMENT_3D('',#2396,#1803,#1804);
#1627=AXIS2_PLACEMENT_3D('',#2397,#1805,#1806);
#1628=AXIS2_PLACEMENT_3D('',#2401,#1809,#1810);
#1629=AXIS2_PLACEMENT_3D('',#2421,#1812,#1813);
#1630=AXIS2_PLACEMENT_3D('',#2424,#1815,#1816);
#1631=AXIS2_PLACEMENT_3D('',#2425,#1817,#1818);
#1632=AXIS2_PLACEMENT_3D('',#2427,#1819,#1820);
#1633=AXIS2_PLACEMENT_3D('',#2428,#1821,#1822);
#1634=AXIS2_PLACEMENT_3D('',#2431,#1824,#1825);
#1635=AXIS2_PLACEMENT_3D('',#2434,#1827,#1828);
#1636=AXIS2_PLACEMENT_3D('',#2435,#1829,#1830);
#1637=AXIS2_PLACEMENT_3D('',#2440,#1832,#1833);
#1638=AXIS2_PLACEMENT_3D('',#2443,#1835,#1836);
#1639=AXIS2_PLACEMENT_3D('',#2447,#1838,#1839);
#1640=AXIS2_PLACEMENT_3D('',#2451,#1841,#1842);
#1641=AXIS2_PLACEMENT_3D('',#2452,#1843,#1844);
#1642=AXIS2_PLACEMENT_3D('',#2453,#1845,#1846);
#1643=AXIS2_PLACEMENT_3D('',#2458,#1848,#1849);
#1644=AXIS2_PLACEMENT_3D('',#2461,#1851,#1852);
#1645=AXIS2_PLACEMENT_3D('',#2462,#1853,#1854);
#1646=AXIS2_PLACEMENT_3D('',#2467,#1856,#1857);
#1647=AXIS2_PLACEMENT_3D('',#2469,#1858,#1859);
#1648=AXIS2_PLACEMENT_3D('',#2472,#1861,#1862);
#1649=AXIS2_PLACEMENT_3D('',#2477,#1866,#1867);
#1650=AXIS2_PLACEMENT_3D('',#2478,#1868,#1869);
#1651=AXIS2_PLACEMENT_3D('',#2483,#1871,#1872);
#1652=AXIS2_PLACEMENT_3D('',#2507,#1874,#1875);
#1653=AXIS2_PLACEMENT_3D('',#2509,#1876,#1877);
#1654=AXIS2_PLACEMENT_3D('',#2511,#1878,#1879);
#1655=AXIS2_PLACEMENT_3D('',#2512,#1880,#1881);
#1656=AXIS2_PLACEMENT_3D('',#2513,#1882,#1883);
#1657=AXIS2_PLACEMENT_3D('',#2539,#1886,#1887);
#1658=AXIS2_PLACEMENT_3D('',#2542,#1888,#1889);
#1659=AXIS2_PLACEMENT_3D('',#2543,#1890,#1891);
#1660=AXIS2_PLACEMENT_3D('',#2544,#1892,#1893);
#1661=AXIS2_PLACEMENT_3D('',#2545,#1894,#1895);
#1662=AXIS2_PLACEMENT_3D('',#2550,#1898,#1899);
#1663=AXIS2_PLACEMENT_3D('',#2555,#1903,#1904);
#1664=AXIS2_PLACEMENT_3D('',#2558,#1906,#1907);
#1665=AXIS2_PLACEMENT_3D('',#2561,#1909,#1910);
#1666=AXIS2_PLACEMENT_3D('',#2562,#1911,#1912);
#1667=AXIS2_PLACEMENT_3D('',#2566,#1914,#1915);
#1668=AXIS2_PLACEMENT_3D('',#2569,#1917,#1918);
#1669=AXIS2_PLACEMENT_3D('',#2570,#1919,#1920);
#1670=AXIS2_PLACEMENT_3D('',#2575,#1922,#1923);
#1671=AXIS2_PLACEMENT_3D('',#2578,#1925,#1926);
#1672=AXIS2_PLACEMENT_3D('',#2582,#1928,#1929);
#1673=AXIS2_PLACEMENT_3D('',#2586,#1931,#1932);
#1674=AXIS2_PLACEMENT_3D('',#2587,#1933,#1934);
#1675=AXIS2_PLACEMENT_3D('',#2588,#1935,#1936);
#1676=AXIS2_PLACEMENT_3D('',#2593,#1938,#1939);
#1677=AXIS2_PLACEMENT_3D('',#2596,#1941,#1942);
#1678=AXIS2_PLACEMENT_3D('',#2600,#1944,#1945);
#1679=AXIS2_PLACEMENT_3D('',#2604,#1947,#1948);
#1680=AXIS2_PLACEMENT_3D('',#2605,#1949,#1950);
#1681=AXIS2_PLACEMENT_3D('',#2606,#1951,#1952);
#1682=AXIS2_PLACEMENT_3D('',#2608,#1953,#1954);
#1683=AXIS2_PLACEMENT_3D('',#2609,#1955,#1956);
#1684=AXIS2_PLACEMENT_3D('',#2629,#1959,#1960);
#1685=AXIS2_PLACEMENT_3D('',#2666,#1963,#1964);
#1686=AXIS2_PLACEMENT_3D('',#2681,#1970,#1971);
#1687=AXIS2_PLACEMENT_3D('',#2717,#1974,#1975);
#1688=AXIS2_PLACEMENT_3D('',#2733,#1981,#1982);
#1689=AXIS2_PLACEMENT_3D('',#2795,#1984,#1985);
#1690=AXIS2_PLACEMENT_3D('',#2799,#1988,#1989);
#1691=AXIS2_PLACEMENT_3D('',#2816,#1991,#1992);
#1692=AXIS2_PLACEMENT_3D('',#2823,#1994,#1995);
#1693=AXIS2_PLACEMENT_3D('',#2827,#1998,#1999);
#1694=AXIS2_PLACEMENT_3D('',#2834,#2001,#2002);
#1695=AXIS2_PLACEMENT_3D('',#2838,#2005,#2006);
#1696=AXIS2_PLACEMENT_3D('',#2845,#2008,#2009);
#1697=AXIS2_PLACEMENT_3D('',#2849,#2012,#2013);
#1698=AXIS2_PLACEMENT_3D('',#2856,#2015,#2016);
#1699=AXIS2_PLACEMENT_3D('',#2860,#2019,#2020);
#1700=AXIS2_PLACEMENT_3D('',#2867,#2022,#2023);
#1701=AXIS2_PLACEMENT_3D('',#2871,#2026,#2027);
#1702=AXIS2_PLACEMENT_3D('',#2878,#2029,#2030);
#1703=AXIS2_PLACEMENT_3D('',#2893,#2032,#2033);
#1704=AXIS2_PLACEMENT_3D('',#2897,#2036,#2037);
#1705=AXIS2_PLACEMENT_3D('',#2912,#2039,#2040);
#1706=AXIS2_PLACEMENT_3D('',#2919,#2042,#2043);
#1707=AXIS2_PLACEMENT_3D('',#2923,#2046,#2047);
#1708=AXIS2_PLACEMENT_3D('',#2930,#2049,#2050);
#1709=AXIS2_PLACEMENT_3D('',#2934,#2053,#2054);
#1710=AXIS2_PLACEMENT_3D('',#2941,#2056,#2057);
#1711=AXIS2_PLACEMENT_3D('',#2945,#2060,#2061);
#1712=AXIS2_PLACEMENT_3D('',#2952,#2063,#2064);
#1713=AXIS2_PLACEMENT_3D('',#2956,#2067,#2068);
#1714=AXIS2_PLACEMENT_3D('',#2963,#2070,#2071);
#1715=AXIS2_PLACEMENT_3D('',#2967,#2074,#2075);
#1716=AXIS2_PLACEMENT_3D('',#2974,#2077,#2078);
#1717=AXIS2_PLACEMENT_3D('',#2991,#2080,#2081);
#1718=AXIS2_PLACEMENT_3D('',#3021,#2083,#2084);
#1719=AXIS2_PLACEMENT_3D('',#3051,#2086,#2087);
#1720=AXIS2_PLACEMENT_3D('',#3081,#2089,#2090);
#1721=AXIS2_PLACEMENT_3D('',#3117,#2094,#2095);
#1722=AXIS2_PLACEMENT_3D('',#3123,#2099,#2100);
#1723=AXIS2_PLACEMENT_3D('',#3130,#2102,#2103);
#1724=AXIS2_PLACEMENT_3D('',#3134,#2106,#2107);
#1725=AXIS2_PLACEMENT_3D('',#3151,#2108,#2109);
#1726=AXIS2_PLACEMENT_3D('',#3153,#2110,#2111);
#1727=AXIS2_PLACEMENT_3D('',#3154,#2112,#2113);
#1728=AXIS2_PLACEMENT_3D('',#3156,#2114,#2115);
#1729=AXIS2_PLACEMENT_3D('',#3157,#2116,#2117);
#1730=AXIS2_PLACEMENT_3D('',#3159,#2118,#2119);
#1731=AXIS2_PLACEMENT_3D('',#3160,#2120,#2121);
#1732=AXIS2_PLACEMENT_3D('',#3162,#2122,#2123);
#1733=AXIS2_PLACEMENT_3D('',#3163,#2124,#2125);
#1734=AXIS2_PLACEMENT_3D('',#3165,#2126,#2127);
#1735=AXIS2_PLACEMENT_3D('',#3166,#2128,#2129);
#1736=AXIS2_PLACEMENT_3D('',#3168,#2130,#2131);
#1737=AXIS2_PLACEMENT_3D('',#3169,#2132,#2133);
#1738=AXIS2_PLACEMENT_3D('',#3171,#2134,#2135);
#1739=AXIS2_PLACEMENT_3D('',#3172,#2136,#2137);
#1740=AXIS2_PLACEMENT_3D('',#3174,#2138,#2139);
#1741=AXIS2_PLACEMENT_3D('',#3175,#2140,#2141);
#1742=AXIS2_PLACEMENT_3D('',#3177,#2142,#2143);
#1743=AXIS2_PLACEMENT_3D('',#3178,#2144,#2145);
#1744=AXIS2_PLACEMENT_3D('',#3180,#2146,#2147);
#1745=AXIS2_PLACEMENT_3D('',#3181,#2148,#2149);
#1746=AXIS2_PLACEMENT_3D('',#3183,#2150,#2151);
#1747=AXIS2_PLACEMENT_3D('',#3184,#2152,#2153);
#1748=AXIS2_PLACEMENT_3D('',#3186,#2154,#2155);
#1749=AXIS2_PLACEMENT_3D('',#3187,#2156,#2157);
#1750=AXIS2_PLACEMENT_3D('',#3189,#2158,#2159);
#1751=AXIS2_PLACEMENT_3D('',#3190,#2160,#2161);
#1752=AXIS2_PLACEMENT_3D('',#3192,#2162,#2163);
#1753=AXIS2_PLACEMENT_3D('',#3193,#2164,#2165);
#1754=AXIS2_PLACEMENT_3D('',#3195,#2166,#2167);
#1755=AXIS2_PLACEMENT_3D('',#3196,#2168,#2169);
#1756=AXIS2_PLACEMENT_3D('',#3198,#2170,#2171);
#1757=AXIS2_PLACEMENT_3D('',#3199,#2172,#2173);
#1758=AXIS2_PLACEMENT_3D('',#3201,#2174,#2175);
#1759=AXIS2_PLACEMENT_3D('',#3202,#2176,#2177);
#1760=AXIS2_PLACEMENT_3D('',#3204,#2178,#2179);
#1761=AXIS2_PLACEMENT_3D('',#3205,#2180,#2181);
#1762=AXIS2_PLACEMENT_3D('',#3207,#2182,#2183);
#1763=AXIS2_PLACEMENT_3D('',#3208,#2184,#2185);
#1764=AXIS2_PLACEMENT_3D('',#3210,#2186,#2187);
#1765=AXIS2_PLACEMENT_3D('',#3211,#2188,#2189);
#1766=AXIS2_PLACEMENT_3D('',#3213,#2190,#2191);
#1767=DIRECTION('',(0.,0.,1.));
#1768=DIRECTION('',(1.,0.,0.));
#1769=DIRECTION('',(1.,-2.36115139785732E-15,0.));
#1770=DIRECTION('',(2.36115139785732E-15,1.,0.));
#1771=DIRECTION('',(0.,0.,-1.));
#1772=DIRECTION('',(-2.36115139785732E-15,-1.,0.));
#1773=DIRECTION('',(0.,0.,-1.));
#1774=DIRECTION('',(-2.36115139785732E-15,-1.,-2.11100794973453E-17));
#1775=DIRECTION('',(0.,0.,-1.));
#1776=DIRECTION('',(-1.,0.,0.));
#1777=DIRECTION('',(1.,-2.03641451527712E-15,0.));
#1778=DIRECTION('',(0.,0.,-1.));
#1779=DIRECTION('',(-1.,0.,0.));
#1780=DIRECTION('',(2.34187669256869E-15,1.,0.));
#1781=DIRECTION('',(0.,0.,-1.));
#1782=DIRECTION('',(-1.,0.,0.));
#1783=DIRECTION('',(-1.,2.33810555457744E-15,0.));
#1784=DIRECTION('',(0.642787609686538,-0.766044443118979,0.));
#1785=DIRECTION('',(-0.642787609686541,-0.766044443118976,0.));
#1786=DIRECTION('',(-2.03610435948285E-15,-0.999847695156391,0.0174524064372835));
#1787=DIRECTION('',(0.,-0.0174524064372835,-0.999847695156391));
#1788=DIRECTION('',(0.0146427377791872,0.0174505353537613,0.999740500853195));
#1789=DIRECTION('',(-1.,2.03641451527712E-15,0.));
#1790=DIRECTION('',(-3.55403337954E-17,-0.0174524064372835,-0.999847695156391));
#1791=DIRECTION('',(0.,0.,1.));
#1792=DIRECTION('',(-1.,0.,0.));
#1793=DIRECTION('',(0.,0.,-1.));
#1794=DIRECTION('',(-1.,0.,0.));
#1795=DIRECTION('',(0.0174524064372835,-4.087138386471E-17,-0.999847695156391));
#1796=DIRECTION('',(0.999847695156391,-2.34152001340528E-15,0.0174524064372835));
#1797=DIRECTION('',(0.0174524064372835,0.,-0.999847695156391));
#1798=DIRECTION('',(5.78241158658914E-17,-1.,0.));
#1799=DIRECTION('',(0.0174524064372835,-4.087138386471E-17,-0.999847695156391));
#1800=DIRECTION('',(0.,0.,1.));
#1801=DIRECTION('',(-1.,0.,0.));
#1802=DIRECTION('',(4.08055684317556E-17,0.0174524064372835,-0.999847695156391));
#1803=DIRECTION('',(0.,0.,-1.));
#1804=DIRECTION('',(-1.,0.,0.));
#1805=DIRECTION('',(2.33774944977661E-15,0.999847695156391,0.0174524064372835));
#1806=DIRECTION('',(0.,-0.0174524064372835,0.999847695156391));
#1807=DIRECTION('',(-0.0146427377791872,0.0174505353537613,-0.999740500853195));
#1808=DIRECTION('',(1.,-2.33810555457744E-15,0.));
#1809=DIRECTION('',(5.78241158658914E-17,-1.,0.));
#1810=DIRECTION('',(1.,5.78241158658915E-17,0.));
#1811=DIRECTION('',(-5.78241158658914E-17,1.,-2.62538114455996E-34));
#1812=DIRECTION('',(3.29238222350092E-16,1.,-3.46944695195361E-16));
#1813=DIRECTION('',(0.,3.46944695195361E-16,1.));
#1814=DIRECTION('',(-5.78241158658915E-17,1.,0.));
#1815=DIRECTION('',(0.,0.,-1.));
#1816=DIRECTION('',(-1.,0.,0.));
#1817=DIRECTION('',(-0.0522644276887139,-0.0522644276887139,-0.997264688634237));
#1818=DIRECTION('',(-0.998629534754574,0.,0.0523359562429438));
#1819=DIRECTION('',(-0.998625373757747,0.0524152924936979,1.81852076778018E-17));
#1820=DIRECTION('',(-0.0524152924936979,-0.998625373757747,0.));
#1821=DIRECTION('',(0.998625373757747,-0.052415292493698,0.));
#1822=DIRECTION('',(0.052415292493698,0.998625373757747,0.));
#1823=DIRECTION('',(-0.998625373757747,0.052415292493698,0.));
#1824=DIRECTION('',(-0.999961923064171,0.,0.00872653549837393));
#1825=DIRECTION('',(0.00143122308813982,-0.986458981041745,0.164001921703844));
#1826=DIRECTION('',(-0.998625373757747,0.052415292493698,0.));
#1827=DIRECTION('',(1.,-6.03683769639929E-15,0.));
#1828=DIRECTION('',(6.03683769639929E-15,1.,0.));
#1829=DIRECTION('',(-0.999961923064171,0.,0.00872653549837393));
#1830=DIRECTION('',(0.00872653549837393,-6.91779423520843E-13,0.999961923064171));
#1831=DIRECTION('',(1.,-6.03683769639929E-15,-6.35309759173302E-32));
#1832=DIRECTION('',(0.999961923064171,0.,0.00872653549837393));
#1833=DIRECTION('',(0.00872653549837393,-6.91779423520843E-13,-0.999961923064171));
#1834=DIRECTION('',(-1.,6.03683769639929E-15,0.));
#1835=DIRECTION('',(0.998625373757747,-0.052415292493698,0.));
#1836=DIRECTION('',(0.052415292493698,0.998625373757747,0.));
#1837=DIRECTION('',(-0.998625373757747,0.052415292493698,0.));
#1838=DIRECTION('',(-0.999961923064171,0.,0.00872653549837393));
#1839=DIRECTION('',(0.00143122308813982,-0.986458981041745,0.164001921703844));
#1840=DIRECTION('',(-0.998625373757747,0.052415292493698,0.));
#1841=DIRECTION('',(0.999961923064171,0.,0.00872653549837393));
#1842=DIRECTION('',(0.00143122308813982,-0.986458981041745,-0.164001921703844));
#1843=DIRECTION('',(1.,-6.08887940067859E-15,0.));
#1844=DIRECTION('',(6.08887940067859E-15,1.,0.));
#1845=DIRECTION('',(-0.999961923064171,0.,0.00872653549837393));
#1846=DIRECTION('',(0.00872653549837393,-6.9774303924085E-13,0.999961923064171));
#1847=DIRECTION('',(1.,-6.08887940067859E-15,-6.35309759173303E-32));
#1848=DIRECTION('',(0.999961923064171,0.,0.00872653549837393));
#1849=DIRECTION('',(0.00872653549837393,-6.9774303924085E-13,-0.999961923064171));
#1850=DIRECTION('',(-1.,6.08887940067859E-15,0.));
#1851=DIRECTION('',(0.998625373757747,-0.052415292493698,0.));
#1852=DIRECTION('',(0.052415292493698,0.998625373757747,0.));
#1853=DIRECTION('',(0.999961923064171,0.,0.00872653549837393));
#1854=DIRECTION('',(0.00143122308813982,-0.986458981041745,-0.164001921703844));
#1855=DIRECTION('',(-0.998625373757747,0.052415292493698,0.));
#1856=DIRECTION('',(1.,5.78241158658917E-17,0.));
#1857=DIRECTION('',(5.78241158658917E-17,-1.,0.));
#1858=DIRECTION('',(0.766044443118979,0.642787609686538,0.));
#1859=DIRECTION('',(0.642787609686538,-0.766044443118979,0.));
#1860=DIRECTION('',(-0.998625373757747,0.052415292493698,0.));
#1861=DIRECTION('',(0.766044443118979,0.642787609686538,0.));
#1862=DIRECTION('',(-0.642787609686538,0.766044443118979,0.));
#1863=DIRECTION('',(0.642787609686538,-0.766044443118979,0.));
#1864=DIRECTION('',(0.,0.,1.));
#1865=DIRECTION('',(0.642777496709095,-0.766032390941779,0.00560943423265516));
#1866=DIRECTION('',(-0.998612497706749,0.0519339233569688,-0.00871475924168621));
#1867=DIRECTION('',(-0.0519358955828903,-0.998650420692848,0.));
#1868=DIRECTION('',(1.,5.78241158658917E-17,0.));
#1869=DIRECTION('',(-5.70267970200084E-17,0.986211309348292,-0.165490946318909));
#1870=DIRECTION('',(-0.998612497706749,0.0519339233569688,-0.00871475924168622));
#1871=DIRECTION('',(0.998612497706749,-0.051933923356968,0.0087147592416865));
#1872=DIRECTION('',(0.0519358955828895,0.998650420692848,0.));
#1873=DIRECTION('',(-0.998612497706749,0.0519339233569688,-0.00871475924168621));
#1874=DIRECTION('',(0.0166514965895803,0.0217528379935112,0.999624700425392));
#1875=DIRECTION('',(-0.759042149435725,-0.650489674021118,0.0267992420022333));
#1876=DIRECTION('',(0.,-1.,0.));
#1877=DIRECTION('',(0.,0.,-1.));
#1878=DIRECTION('',(0.00872653549837393,5.04604199765789E-19,-0.999961923064171));
#1879=DIRECTION('',(-0.759174620582692,-0.65085328759166,-0.00662521654392462));
#1880=DIRECTION('',(-5.78241158658915E-17,1.,9.62158545324546E-35));
#1881=DIRECTION('',(-1.,-5.78241158658915E-17,0.));
#1882=DIRECTION('',(0.,-1.,0.));
#1883=DIRECTION('',(0.,0.,-1.));
#1884=DIRECTION('',(-5.78241158658915E-17,1.,0.));
#1885=DIRECTION('',(-5.78241158658914E-17,1.,-7.73187455773061E-34));
#1886=DIRECTION('',(0.998612497706749,0.0519339233569692,0.00871475924168656));
#1887=DIRECTION('',(-0.0519358955828907,0.998650420692848,0.));
#1888=DIRECTION('',(0.00872653549837393,5.04604199765789E-19,-0.999961923064171));
#1889=DIRECTION('',(-0.759174620582689,0.650853287591663,-0.00662521654392459));
#1890=DIRECTION('',(0.0166514965895807,-0.0217528379935117,0.999624700425392));
#1891=DIRECTION('',(-0.759042149435722,0.650489674021121,0.0267992420022339));
#1892=DIRECTION('',(0.998612497706749,0.0519339233569688,0.00871475924168621));
#1893=DIRECTION('',(-0.0519358955828903,0.998650420692848,0.));
#1894=DIRECTION('',(1.,5.78241158658917E-17,0.));
#1895=DIRECTION('',(-5.70267970200084E-17,0.986211309348292,0.16549094631891));
#1896=DIRECTION('',(0.998612497706749,0.0519339233569688,0.00871475924168621));
#1897=DIRECTION('',(0.998612497706749,0.0519339233569688,0.00871475924168622));
#1898=DIRECTION('',(0.00872653549837393,5.04604199765789E-19,-0.999961923064171));
#1899=DIRECTION('',(-0.999961923064171,0.,-0.00872653549837393));
#1900=DIRECTION('',(5.78241158658917E-17,-1.,1.92607661420146E-33));
#1901=DIRECTION('',(-0.642777496709098,-0.766032390941777,-0.00560943423265519));
#1902=DIRECTION('',(5.78241158658917E-17,-1.,1.92607661420146E-33));
#1903=DIRECTION('',(0.766044443118976,-0.642787609686541,0.));
#1904=DIRECTION('',(0.642787609686541,0.766044443118976,0.));
#1905=DIRECTION('',(0.,0.,-1.));
#1906=DIRECTION('',(0.766044443118976,-0.642787609686541,0.));
#1907=DIRECTION('',(-0.642787609686541,-0.766044443118976,0.));
#1908=DIRECTION('',(-0.642787609686541,-0.766044443118976,0.));
#1909=DIRECTION('',(-0.998625373757747,-0.052415292493698,0.));
#1910=DIRECTION('',(0.052415292493698,-0.998625373757747,0.));
#1911=DIRECTION('',(0.999961923064171,0.,0.00872653549837393));
#1912=DIRECTION('',(-0.00143122308813982,-0.986458981041745,0.164001921703844));
#1913=DIRECTION('',(0.998625373757747,0.052415292493698,0.));
#1914=DIRECTION('',(1.,5.78241158658917E-17,0.));
#1915=DIRECTION('',(5.78241158658917E-17,-1.,0.));
#1916=DIRECTION('',(0.998625373757747,0.052415292493698,4.33022463164891E-19));
#1917=DIRECTION('',(1.,-6.08887940067859E-15,0.));
#1918=DIRECTION('',(6.08887940067859E-15,1.,0.));
#1919=DIRECTION('',(0.999961923064171,0.,0.00872653549837393));
#1920=DIRECTION('',(0.00872653549837393,-6.9774303924085E-13,-0.999961923064171));
#1921=DIRECTION('',(-1.,6.08887940067859E-15,-6.29078882371314E-32));
#1922=DIRECTION('',(-0.999961923064171,0.,0.00872653549837393));
#1923=DIRECTION('',(0.00872653549837393,-6.9774303924085E-13,0.999961923064171));
#1924=DIRECTION('',(-1.,6.08887940067859E-15,0.));
#1925=DIRECTION('',(-0.998625373757747,-0.052415292493698,0.));
#1926=DIRECTION('',(0.052415292493698,-0.998625373757747,0.));
#1927=DIRECTION('',(0.998625373757747,0.052415292493698,0.));
#1928=DIRECTION('',(-0.999961923064171,0.,0.00872653549837393));
#1929=DIRECTION('',(-0.00143122308813982,-0.986458981041745,-0.164001921703844));
#1930=DIRECTION('',(0.998625373757747,0.052415292493698,4.33022463164891E-19));
#1931=DIRECTION('',(0.999961923064171,0.,0.00872653549837393));
#1932=DIRECTION('',(-0.00143122308813982,-0.986458981041745,0.164001921703844));
#1933=DIRECTION('',(1.,-6.03683769639929E-15,0.));
#1934=DIRECTION('',(6.03683769639929E-15,1.,0.));
#1935=DIRECTION('',(0.999961923064171,0.,0.00872653549837393));
#1936=DIRECTION('',(0.00872653549837393,-6.91779423520843E-13,-0.999961923064171));
#1937=DIRECTION('',(-1.,6.03683769639929E-15,-6.41540635975291E-32));
#1938=DIRECTION('',(-0.999961923064171,0.,0.00872653549837393));
#1939=DIRECTION('',(0.00872653549837393,-6.91779423520843E-13,0.999961923064171));
#1940=DIRECTION('',(-1.,6.03683769639929E-15,0.));
#1941=DIRECTION('',(-0.998625373757747,-0.052415292493698,0.));
#1942=DIRECTION('',(0.052415292493698,-0.998625373757747,0.));
#1943=DIRECTION('',(0.998625373757747,0.052415292493698,0.));
#1944=DIRECTION('',(-0.999961923064171,0.,0.00872653549837393));
#1945=DIRECTION('',(-0.00143122308813982,-0.986458981041745,-0.164001921703844));
#1946=DIRECTION('',(0.998625373757747,0.052415292493698,4.33022463164891E-19));
#1947=DIRECTION('',(-0.998625373757747,-0.0524152924936983,0.));
#1948=DIRECTION('',(0.0524152924936983,-0.998625373757747,0.));
#1949=DIRECTION('',(0.,0.,-1.));
#1950=DIRECTION('',(-1.,0.,0.));
#1951=DIRECTION('',(-0.0522644276887139,0.0522644276887144,-0.997264688634237));
#1952=DIRECTION('',(0.,0.998629534754574,0.0523359562429443));
#1953=DIRECTION('',(3.63652020184411E-17,1.,6.93889390390723E-16));
#1954=DIRECTION('',(0.,-6.93889390390723E-16,1.));
#1955=DIRECTION('',(5.78241158658914E-17,-1.,0.));
#1956=DIRECTION('',(1.,5.78241158658915E-17,0.));
#1957=DIRECTION('',(-5.78241158658915E-17,1.,0.));
#1958=DIRECTION('',(-5.78241158658914E-17,1.,-2.62538114455996E-34));
#1959=DIRECTION('',(2.21659110819258E-15,1.,0.));
#1960=DIRECTION('',(-1.,2.21659110819258E-15,0.));
#1961=DIRECTION('',(-2.21659110819258E-15,-1.,-7.03681987111988E-33));
#1962=DIRECTION('',(-2.21659110819258E-15,-1.,0.));
#1963=DIRECTION('',(0.,0.,-1.));
#1964=DIRECTION('',(-1.,0.,0.));
#1965=DIRECTION('',(0.,1.,0.));
#1966=DIRECTION('',(0.,-1.,0.));
#1967=DIRECTION('',(-5.78241158658915E-17,1.,0.));
#1968=DIRECTION('',(0.,1.,0.));
#1969=DIRECTION('',(0.,-1.,0.));
#1970=DIRECTION('',(5.78241158658914E-17,-1.,0.));
#1971=DIRECTION('',(1.,5.78241158658915E-17,0.));
#1972=DIRECTION('',(-5.78241158658914E-17,1.,-2.62538114455996E-34));
#1973=DIRECTION('',(-5.78241158658915E-17,1.,0.));
#1974=DIRECTION('',(0.,0.,-1.));
#1975=DIRECTION('',(-1.,0.,0.));
#1976=DIRECTION('',(0.,-1.,0.));
#1977=DIRECTION('',(0.,1.,0.));
#1978=DIRECTION('',(0.,-1.,0.));
#1979=DIRECTION('',(0.,1.,0.));
#1980=DIRECTION('',(4.72230279571464E-15,1.,0.));
#1981=DIRECTION('',(-4.72230279571464E-15,-1.,0.));
#1982=DIRECTION('',(1.,-4.72230279571464E-15,0.));
#1983=DIRECTION('',(-4.72230279571464E-15,-1.,0.));
#1984=DIRECTION('',(-0.998629534754574,-5.77448699247497E-17,0.0523359562429438));
#1985=DIRECTION('',(0.0523359562429438,0.,0.998629534754574));
#1986=DIRECTION('',(0.,-1.,0.));
#1987=DIRECTION('',(-0.0522644276887139,-0.0522644276887139,-0.997264688634237));
#1988=DIRECTION('',(-0.0522644276887139,-0.0522644276887139,-0.997264688634237));
#1989=DIRECTION('',(-0.998629534754574,0.,0.0523359562429438));
#1990=DIRECTION('',(-0.0522644276887139,-0.0522644276887139,-0.997264688634237));
#1991=DIRECTION('',(-0.0523359562429438,-0.997113845551137,0.0549993335810555));
#1992=DIRECTION('',(0.,-0.0550748116963838,-0.99848223074655));
#1993=DIRECTION('',(-0.00871351019497708,-0.0546167525082149,-0.998469371130401));
#1994=DIRECTION('',(-0.999961923064171,0.,0.00872653549837393));
#1995=DIRECTION('',(0.00872653549837393,0.,0.999961923064171));
#1996=DIRECTION('',(0.,-1.,0.));
#1997=DIRECTION('',(0.00869874601976479,0.0797422051378041,0.996777564222552));
#1998=DIRECTION('',(6.01761204981364E-15,0.996815278536125,-0.07974522228289));
#1999=DIRECTION('',(1.,-6.03683769639929E-15,0.));
#2000=DIRECTION('',(-0.00869874601976479,0.0797422051378042,0.996777564222552));
#2001=DIRECTION('',(0.999961923064171,0.,0.00872653549837393));
#2002=DIRECTION('',(0.00872653549837393,0.,-0.999961923064171));
#2003=DIRECTION('',(0.,-1.,0.));
#2004=DIRECTION('',(-0.00871307127402578,0.0555286549936109,0.998419075771078));
#2005=DIRECTION('',(-0.0523359562429438,-0.997113845551137,0.0549993335810555));
#2006=DIRECTION('',(0.,-0.0550748116963838,-0.99848223074655));
#2007=DIRECTION('',(-0.00871351019497708,-0.0546167525082149,-0.998469371130401));
#2008=DIRECTION('',(-0.999961923064171,0.,0.00872653549837393));
#2009=DIRECTION('',(0.00872653549837393,0.,0.999961923064171));
#2010=DIRECTION('',(0.,-1.,0.));
#2011=DIRECTION('',(0.00869874601976479,0.0797422051378041,0.996777564222552));
#2012=DIRECTION('',(6.06948801576031E-15,0.996815278536125,-0.07974522228289));
#2013=DIRECTION('',(1.,-6.08887940067859E-15,0.));
#2014=DIRECTION('',(-0.00869874601976479,0.0797422051378042,0.996777564222552));
#2015=DIRECTION('',(0.999961923064171,0.,0.00872653549837393));
#2016=DIRECTION('',(0.00872653549837393,0.,-0.999961923064171));
#2017=DIRECTION('',(0.,-1.,0.));
#2018=DIRECTION('',(-0.00871307127402578,0.0555286549936109,0.998419075771078));
#2019=DIRECTION('',(-0.0523359562429438,-0.997113845551137,0.0549993335810555));
#2020=DIRECTION('',(0.,-0.0550748116963838,-0.99848223074655));
#2021=DIRECTION('',(3.18465229282386E-18,-0.0550748116963838,-0.99848223074655));
#2022=DIRECTION('',(1.,5.78241158658917E-17,0.));
#2023=DIRECTION('',(-5.78241158658917E-17,1.,0.));
#2024=DIRECTION('',(0.,-1.,0.));
#2025=DIRECTION('',(3.18465229282386E-18,-0.0550748116963838,-0.99848223074655));
#2026=DIRECTION('',(-0.0523359562429438,-0.997113845551137,0.0549993335810555));
#2027=DIRECTION('',(0.,-0.0550748116963838,-0.99848223074655));
#2028=DIRECTION('',(-0.0522644276887139,-0.0522644276887139,-0.997264688634237));
#2029=DIRECTION('',(-0.0522644276887139,-0.0522644276887139,-0.997264688634237));
#2030=DIRECTION('',(-0.998629534754574,0.,0.0523359562429438));
#2031=DIRECTION('',(-0.0522644276887139,-0.0522644276887139,-0.997264688634237));
#2032=DIRECTION('',(-0.998629534754574,-5.77448699247497E-17,0.0523359562429438));
#2033=DIRECTION('',(0.0523359562429438,0.,0.998629534754574));
#2034=DIRECTION('',(0.,-1.,0.));
#2035=DIRECTION('',(-0.0522644276887139,0.0522644276887144,-0.997264688634237));
#2036=DIRECTION('',(-0.0522644276887139,0.0522644276887144,-0.997264688634237));
#2037=DIRECTION('',(0.,0.998629534754574,0.0523359562429443));
#2038=DIRECTION('',(-0.0522644276887139,0.0522644276887144,-0.997264688634237));
#2039=DIRECTION('',(-0.0523359562429438,0.997113845551137,0.054999333581056));
#2040=DIRECTION('',(0.,-0.0550748116963843,0.99848223074655));
#2041=DIRECTION('',(-3.18465229282389E-18,0.0550748116963843,-0.99848223074655));
#2042=DIRECTION('',(1.,5.78241158658917E-17,0.));
#2043=DIRECTION('',(-5.78241158658917E-17,1.,0.));
#2044=DIRECTION('',(0.,-1.,0.));
#2045=DIRECTION('',(-3.18465229282389E-18,0.0550748116963843,-0.99848223074655));
#2046=DIRECTION('',(-0.0523359562429438,0.997113845551137,0.054999333581056));
#2047=DIRECTION('',(0.,-0.0550748116963843,0.99848223074655));
#2048=DIRECTION('',(0.00871307127402578,0.0555286549936114,-0.998419075771078));
#2049=DIRECTION('',(0.999961923064171,0.,0.00872653549837393));
#2050=DIRECTION('',(0.00872653549837393,0.,-0.999961923064171));
#2051=DIRECTION('',(0.,-1.,0.));
#2052=DIRECTION('',(-0.00869874601976479,-0.0797422051378041,0.996777564222552));
#2053=DIRECTION('',(6.06948801576031E-15,0.996815278536125,0.07974522228289));
#2054=DIRECTION('',(-1.,6.08887940067859E-15,0.));
#2055=DIRECTION('',(0.00869874601976479,-0.0797422051378042,0.996777564222552));
#2056=DIRECTION('',(-0.999961923064171,0.,0.00872653549837393));
#2057=DIRECTION('',(0.00872653549837393,0.,0.999961923064171));
#2058=DIRECTION('',(0.,-1.,0.));
#2059=DIRECTION('',(0.00871351019497708,-0.0546167525082154,0.998469371130401));
#2060=DIRECTION('',(-0.0523359562429438,0.997113845551137,0.054999333581056));
#2061=DIRECTION('',(0.,-0.0550748116963843,0.99848223074655));
#2062=DIRECTION('',(0.00871307127402578,0.0555286549936114,-0.998419075771078));
#2063=DIRECTION('',(0.999961923064171,0.,0.00872653549837393));
#2064=DIRECTION('',(0.00872653549837393,0.,-0.999961923064171));
#2065=DIRECTION('',(0.,-1.,0.));
#2066=DIRECTION('',(-0.00869874601976479,-0.0797422051378041,0.996777564222552));
#2067=DIRECTION('',(6.01761204981364E-15,0.996815278536125,0.07974522228289));
#2068=DIRECTION('',(-1.,6.03683769639929E-15,0.));
#2069=DIRECTION('',(0.00869874601976479,-0.0797422051378042,0.996777564222552));
#2070=DIRECTION('',(-0.999961923064171,0.,0.00872653549837393));
#2071=DIRECTION('',(0.00872653549837393,0.,0.999961923064171));
#2072=DIRECTION('',(0.,-1.,0.));
#2073=DIRECTION('',(0.00871351019497708,-0.0546167525082154,0.998469371130401));
#2074=DIRECTION('',(-0.0523359562429438,0.997113845551137,0.054999333581056));
#2075=DIRECTION('',(0.,-0.0550748116963843,0.99848223074655));
#2076=DIRECTION('',(-0.0522644276887139,0.0522644276887144,-0.997264688634237));
#2077=DIRECTION('',(-0.0522644276887139,0.0522644276887144,-0.997264688634237));
#2078=DIRECTION('',(0.,0.998629534754574,0.0523359562429443));
#2079=DIRECTION('',(-0.0522644276887139,0.0522644276887144,-0.997264688634237));
#2080=DIRECTION('',(-0.998629534754574,-5.77448699247497E-17,0.0523359562429438));
#2081=DIRECTION('',(0.0523359562429438,0.,0.998629534754574));
#2082=DIRECTION('',(0.,-1.,0.));
#2083=DIRECTION('',(-0.996815278536125,2.20953188291368E-15,0.07974522228289));
#2084=DIRECTION('',(-2.21659110819258E-15,-1.,0.));
#2085=DIRECTION('',(0.,-1.,0.));
#2086=DIRECTION('',(-0.998629534754574,-5.77448699247497E-17,0.0523359562429438));
#2087=DIRECTION('',(0.0523359562429438,0.,0.998629534754574));
#2088=DIRECTION('',(0.,-1.,0.));
#2089=DIRECTION('',(0.996815278536125,-4.70726357664221E-15,-0.07974522228289));
#2090=DIRECTION('',(-4.72230279571464E-15,-1.,0.));
#2091=DIRECTION('',(0.,-1.,0.));
#2092=DIRECTION('',(0.,-1.,0.));
#2093=DIRECTION('',(0.,-1.,0.));
#2094=DIRECTION('',(-1.,2.17690789142188E-15,0.));
#2095=DIRECTION('',(-2.17690789142188E-15,-1.,0.));
#2096=DIRECTION('',(0.,0.,-1.));
#2097=DIRECTION('',(0.,-1.,0.));
#2098=DIRECTION('',(0.,0.,-1.));
#2099=DIRECTION('',(2.17690789142188E-15,1.,0.));
#2100=DIRECTION('',(-1.,2.17690789142188E-15,0.));
#2101=DIRECTION('',(0.,0.,-1.));
#2102=DIRECTION('',(1.,-2.17690789142188E-15,0.));
#2103=DIRECTION('',(2.17690789142188E-15,1.,0.));
#2104=DIRECTION('',(0.,0.,-1.));
#2105=DIRECTION('',(0.,-1.,0.));
#2106=DIRECTION('',(-2.17690789142188E-15,-1.,0.));
#2107=DIRECTION('',(1.,-2.17690789142188E-15,0.));
#2108=DIRECTION('',(0.,0.,-1.));
#2109=DIRECTION('',(-1.,0.,0.));
#2110=DIRECTION('',(0.,0.,1.));
#2111=DIRECTION('',(1.,0.,0.));
#2112=DIRECTION('',(0.,1.,0.));
#2113=DIRECTION('',(-1.,0.,0.));
#2114=DIRECTION('',(0.,0.,1.));
#2115=DIRECTION('',(1.,0.,0.));
#2116=DIRECTION('',(-1.,0.,0.));
#2117=DIRECTION('',(0.,-1.,0.));
#2118=DIRECTION('',(0.,0.,1.));
#2119=DIRECTION('',(1.,0.,0.));
#2120=DIRECTION('',(0.,-1.,0.));
#2121=DIRECTION('',(1.,0.,0.));
#2122=DIRECTION('',(0.,0.,1.));
#2123=DIRECTION('',(1.,0.,0.));
#2124=DIRECTION('',(0.,0.,1.));
#2125=DIRECTION('',(-1.,0.,0.));
#2126=DIRECTION('',(0.,0.,1.));
#2127=DIRECTION('',(1.,0.,0.));
#2128=DIRECTION('',(1.,0.,0.));
#2129=DIRECTION('',(0.,1.,0.));
#2130=DIRECTION('',(0.,0.,1.));
#2131=DIRECTION('',(1.,0.,0.));
#2132=DIRECTION('',(-0.577350269189626,0.577350269189626,-0.577350269189626));
#2133=DIRECTION('',(-0.707106781186548,-0.707106781186547,1.66533453693773E-16));
#2134=DIRECTION('',(0.,0.,1.));
#2135=DIRECTION('',(1.,0.,0.));
#2136=DIRECTION('',(-0.718873086818576,0.585048618558824,-0.375419230954334));
#2137=DIRECTION('',(-0.631219054078084,-0.775604606593313,-3.66828946940512E-8));
#2138=DIRECTION('',(0.,0.,1.));
#2139=DIRECTION('',(1.,0.,0.));
#2140=DIRECTION('',(-0.718873086818576,0.585048618558824,-0.375419230954334));
#2141=DIRECTION('',(-0.631219051846475,-0.775604608409488,-4.37864034474877E-8));
#2142=DIRECTION('',(0.,0.,1.));
#2143=DIRECTION('',(1.,0.,0.));
#2144=DIRECTION('',(-0.718873086818576,0.585048618558824,-0.375419230954334));
#2145=DIRECTION('',(-0.631219051846475,-0.775604608409488,-4.37864034474877E-8));
#2146=DIRECTION('',(0.,0.,1.));
#2147=DIRECTION('',(1.,0.,0.));
#2148=DIRECTION('',(-0.718873086818576,0.585048618558824,-0.375419230954334));
#2149=DIRECTION('',(-0.631219051846475,-0.775604608409488,-4.37864034474877E-8));
#2150=DIRECTION('',(0.,0.,1.));
#2151=DIRECTION('',(1.,0.,0.));
#2152=DIRECTION('',(-0.718873086818576,0.585048618558824,-0.375419230954334));
#2153=DIRECTION('',(-0.631219051846475,-0.775604608409488,-4.37864034474877E-8));
#2154=DIRECTION('',(0.,0.,1.));
#2155=DIRECTION('',(1.,0.,0.));
#2156=DIRECTION('',(-1.,0.,0.));
#2157=DIRECTION('',(0.,-1.,0.));
#2158=DIRECTION('',(0.,0.,1.));
#2159=DIRECTION('',(1.,0.,0.));
#2160=DIRECTION('',(0.,0.,1.));
#2161=DIRECTION('',(-1.,0.,0.));
#2162=DIRECTION('',(0.,0.,1.));
#2163=DIRECTION('',(1.,0.,0.));
#2164=DIRECTION('',(1.,0.,0.));
#2165=DIRECTION('',(0.,1.,0.));
#2166=DIRECTION('',(0.,0.,1.));
#2167=DIRECTION('',(1.,0.,0.));
#2168=DIRECTION('',(0.,1.,0.));
#2169=DIRECTION('',(-1.,0.,0.));
#2170=DIRECTION('',(0.,0.,1.));
#2171=DIRECTION('',(1.,0.,0.));
#2172=DIRECTION('',(0.,-1.,0.));
#2173=DIRECTION('',(1.,0.,0.));
#2174=DIRECTION('',(0.,0.,1.));
#2175=DIRECTION('',(1.,0.,0.));
#2176=DIRECTION('',(0.,0.,-1.));
#2177=DIRECTION('',(-1.,0.,0.));
#2178=DIRECTION('',(0.,0.,1.));
#2179=DIRECTION('',(1.,0.,0.));
#2180=DIRECTION('',(0.577350328794266,0.577350328794266,-0.577350149980328));
#2181=DIRECTION('',(-0.707106817686784,0.707106744686305,-7.30005011995161E-8));
#2182=DIRECTION('',(0.,0.,1.));
#2183=DIRECTION('',(1.,0.,0.));
#2184=DIRECTION('',(0.531990598048176,0.760000005230434,-0.373344339234017));
#2185=DIRECTION('',(-0.819000017143996,0.573792579868467,0.00102333084814549));
#2186=DIRECTION('',(0.,0.,1.));
#2187=DIRECTION('',(1.,0.,0.));
#2188=DIRECTION('',(0.577350328794266,0.577350328794266,-0.577350149980328));
#2189=DIRECTION('',(-0.707106817686784,0.707106744686305,-7.30005011995161E-8));
#2190=DIRECTION('',(0.,0.,1.));
#2191=DIRECTION('',(1.,0.,0.));
#2192=CARTESIAN_POINT('',(0.,0.,0.));
#2193=CARTESIAN_POINT('',(418.501279555562,-852.915962895358,-1422.28321446178));
#2194=CARTESIAN_POINT('',(418.501279555572,-851.084037104644,-1422.28321446178));
#2195=CARTESIAN_POINT('',(418.878347500079,-850.173714596454,-1422.27992263623));
#2196=CARTESIAN_POINT('',(420.173714596451,-848.878347500082,-1422.26861400455));
#2197=CARTESIAN_POINT('',(421.084037142027,-848.50127955557,-1422.26066683466));
#2198=CARTESIAN_POINT('',(422.915962857969,-848.50127955557,-1422.24467401436));
#2199=CARTESIAN_POINT('',(423.826285403545,-848.878347500082,-1422.23672684448));
#2200=CARTESIAN_POINT('',(425.121652499917,-850.173714596454,-1422.22541821279));
#2201=CARTESIAN_POINT('',(425.498720444429,-851.084037142031,-1422.22212638724));
#2202=CARTESIAN_POINT('',(425.498720444429,-852.915962857971,-1422.22212638724));
#2203=CARTESIAN_POINT('',(425.121652499917,-853.826285403548,-1422.22541821279));
#2204=CARTESIAN_POINT('',(423.826285403546,-855.121652499921,-1422.23672684448));
#2205=CARTESIAN_POINT('',(422.915962857969,-855.498720444432,-1422.24467401436));
#2206=CARTESIAN_POINT('',(421.084037142027,-855.498720444432,-1422.26066683466));
#2207=CARTESIAN_POINT('',(420.173714596451,-855.12165249992,-1422.26861400455));
#2208=CARTESIAN_POINT('',(418.878347500079,-853.826285403548,-1422.27992263623));
#2209=CARTESIAN_POINT('',(418.501279555562,-852.915962895358,-1422.28321446178));
#2210=CARTESIAN_POINT('',(418.501279555572,-851.084037104644,-1422.28321446178));
#2211=CARTESIAN_POINT('',(418.428575785168,-852.934996698455,-1418.11801824553));
#2212=CARTESIAN_POINT('',(418.428575785179,-851.065003301547,-1418.11801824553));
#2213=CARTESIAN_POINT('',(418.813479240323,-850.135764198084,-1418.11472641998));
#2214=CARTESIAN_POINT('',(420.135764198081,-848.813479240326,-1418.1034177883));
#2215=CARTESIAN_POINT('',(421.065003339706,-848.428575785177,-1418.09547061841));
#2216=CARTESIAN_POINT('',(422.93499666029,-848.428575785177,-1418.07947779812));
#2217=CARTESIAN_POINT('',(423.864235801915,-848.813479240326,-1418.07153062823));
#2218=CARTESIAN_POINT('',(425.186520759673,-850.135764198084,-1418.06022199655));
#2219=CARTESIAN_POINT('',(425.571424214823,-851.06500333971,-1418.056930171));
#2220=CARTESIAN_POINT('',(425.571424214823,-852.934996660292,-1418.056930171));
#2221=CARTESIAN_POINT('',(425.186520759673,-853.864235801918,-1418.06022199655));
#2222=CARTESIAN_POINT('',(423.864235801916,-855.186520759676,-1418.07153062823));
#2223=CARTESIAN_POINT('',(422.93499666029,-855.571424214826,-1418.07947779812));
#2224=CARTESIAN_POINT('',(421.065003339706,-855.571424214826,-1418.09547061841));
#2225=CARTESIAN_POINT('',(420.135764198081,-855.186520759676,-1418.1034177883));
#2226=CARTESIAN_POINT('',(418.813479240323,-853.864235801919,-1418.11472641998));
#2227=CARTESIAN_POINT('',(418.428575785168,-852.934996698455,-1418.11801824553));
#2228=CARTESIAN_POINT('',(418.428575785179,-851.065003301547,-1418.11801824553));
#2229=CARTESIAN_POINT('',(425.464272578342,-852.57544382777,-1422.14913248629));
#2230=CARTESIAN_POINT('',(425.511935671588,-852.114950059943,-1422.14871653677));
#2231=CARTESIAN_POINT('',(425.48804443013,-851.654976438161,-1422.14892503248));
#2232=CARTESIAN_POINT('',(425.436443117154,-851.317420128498,-1422.14937535032));
#2233=CARTESIAN_POINT('',(425.352372720833,-850.985228890167,-1422.15010902155));
#2234=CARTESIAN_POINT('',(425.195662681815,-850.549507349482,-1422.15147660934));
#2235=CARTESIAN_POINT('',(424.929132493114,-850.047108989703,-1422.15380258306));
#2236=CARTESIAN_POINT('',(424.489500181719,-849.506472164319,-1422.15763919612));
#2237=CARTESIAN_POINT('',(424.048678685943,-849.147883135313,-1422.16148618703));
#2238=CARTESIAN_POINT('',(423.650832200622,-848.910851890973,-1422.16495814071));
#2239=CARTESIAN_POINT('',(423.34112805131,-848.765051425795,-1422.16766088787));
#2240=CARTESIAN_POINT('',(423.019420846609,-848.649108835148,-1422.17046838412));
#2241=CARTESIAN_POINT('',(422.683313828336,-848.563523202273,-1422.17340154563));
#2242=CARTESIAN_POINT('',(422.343764219112,-848.511891484399,-1422.17636475018));
#2243=CARTESIAN_POINT('',(422.003134909842,-848.494203612543,-1422.17933737712));
#2244=CARTESIAN_POINT('',(421.660328392221,-848.511300969406,-1422.18232900428));
#2245=CARTESIAN_POINT('',(421.20281247132,-848.580952269172,-1422.18632168523));
#2246=CARTESIAN_POINT('',(420.768151205274,-848.713851566882,-1422.19011491664));
#2247=CARTESIAN_POINT('',(420.349234452244,-848.910809927858,-1422.19377074776));
#2248=CARTESIAN_POINT('',(420.054489411916,-849.086224691228,-1422.19634294876));
#2249=CARTESIAN_POINT('',(419.779309761151,-849.288228434115,-1422.19874440519));
#2250=CARTESIAN_POINT('',(419.523288385716,-849.518512586889,-1422.20097866988));
#2251=CARTESIAN_POINT('',(419.29104304515,-849.775741521943,-1422.20300544426));
#2252=CARTESIAN_POINT('',(419.08860090645,-850.05094667698,-1422.20477213004));
#2253=CARTESIAN_POINT('',(418.913094876438,-850.344947640124,-1422.20630374797));
#2254=CARTESIAN_POINT('',(418.715472503213,-850.763820092632,-1422.20802837229));
#2255=CARTESIAN_POINT('',(418.548265792517,-851.307753746612,-1422.20948756315));
#2256=CARTESIAN_POINT('',(418.476469604674,-852.001019228992,-1422.21011411898));
#2257=CARTESIAN_POINT('',(418.534293089953,-852.566187814274,-1422.20960950107));
#2258=CARTESIAN_POINT('',(418.647761249641,-853.015212118476,-1422.20861927945));
#2259=CARTESIAN_POINT('',(418.763590607996,-853.337614260092,-1422.20760845195));
#2260=CARTESIAN_POINT('',(418.908922826905,-853.647063964252,-1422.20634015689));
#2261=CARTESIAN_POINT('',(419.085746117556,-853.945093297426,-1422.20479704341));
#2262=CARTESIAN_POINT('',(419.28948684663,-854.222219635912,-1422.203019025));
#2263=CARTESIAN_POINT('',(419.51776980487,-854.475694748661,-1422.20102682981));
#2264=CARTESIAN_POINT('',(419.771845037135,-854.70587349274,-1422.19880954885));
#2265=CARTESIAN_POINT('',(420.144720535071,-854.980527203409,-1422.19555551367));
#2266=CARTESIAN_POINT('',(420.546006028379,-855.194057961213,-1422.19205354823));
#2267=CARTESIAN_POINT('',(420.981177616519,-855.351136140732,-1422.18825586331));
#2268=CARTESIAN_POINT('',(421.313958609307,-855.435766489948,-1422.18535172759));
#2269=CARTESIAN_POINT('',(421.651363382866,-855.487617701504,-1422.18240724073));
#2270=CARTESIAN_POINT('',(421.994710915363,-855.505971383878,-1422.17941089221));
#2271=CARTESIAN_POINT('',(422.341256219067,-855.48847644036,-1422.17638663716));
#2272=CARTESIAN_POINT('',(422.679157580356,-855.437122166654,-1422.17343781666));
#2273=CARTESIAN_POINT('',(423.011000885861,-855.353513876643,-1422.170541864));
#2274=CARTESIAN_POINT('',(423.446983044408,-855.197268168357,-1422.16673710534));
#2275=CARTESIAN_POINT('',(423.950113794476,-854.930998826403,-1422.16234634981));
#2276=CARTESIAN_POINT('',(424.491300394179,-854.491723550083,-1422.1576234859));
#2277=CARTESIAN_POINT('',(424.850189303477,-854.051369956602,-1422.15449150984));
#2278=CARTESIAN_POINT('',(425.087590283488,-853.653780619976,-1422.15241974287));
#2279=CARTESIAN_POINT('',(425.233891052641,-853.343722099936,-1422.1511429954));
#2280=CARTESIAN_POINT('',(425.350025189922,-853.022127515254,-1422.15012950814));
#2281=CARTESIAN_POINT('',(425.464272578342,-852.57544382777,-1422.14913248629));
#2282=CARTESIAN_POINT('',(425.511935671588,-852.114950059943,-1422.14871653677));
#2283=CARTESIAN_POINT('',(425.48804443013,-851.654976438161,-1422.14892503248));
#2284=CARTESIAN_POINT('',(425.499999999998,-852.000000000001,-1422.1488206978));
#2285=CARTESIAN_POINT('',(425.522128305798,-852.585117449825,-1418.8));
#2286=CARTESIAN_POINT('',(425.570589839973,-852.116887462573,-1418.8));
#2287=CARTESIAN_POINT('',(425.546297351731,-851.649167578044,-1418.8));
#2288=CARTESIAN_POINT('',(425.493828083717,-851.30592698939,-1418.8));
#2289=CARTESIAN_POINT('',(425.408342263767,-850.968137395353,-1418.8));
#2290=CARTESIAN_POINT('',(425.248996810119,-850.525080534121,-1418.8));
#2291=CARTESIAN_POINT('',(424.977978401043,-850.014212479418,-1418.8));
#2292=CARTESIAN_POINT('',(424.530944374587,-849.464468423583,-1418.8));
#2293=CARTESIAN_POINT('',(424.082689752194,-849.099828979305,-1418.8));
#2294=CARTESIAN_POINT('',(423.678137134416,-848.858798393718,-1418.8));
#2295=CARTESIAN_POINT('',(423.363215298084,-848.710538266304,-1418.8));
#2296=CARTESIAN_POINT('',(423.036080193673,-848.592636297375,-1418.8));
#2297=CARTESIAN_POINT('',(422.694297339262,-848.505604409235,-1418.8));
#2298=CARTESIAN_POINT('',(422.349028235154,-848.453103239935,-1418.8));
#2299=CARTESIAN_POINT('',(422.002651935127,-848.435118295204,-1418.8));
#2300=CARTESIAN_POINT('',(421.654051441598,-848.452508042684,-1418.8));
#2301=CARTESIAN_POINT('',(421.188824969007,-848.523336447552,-1418.8));
#2302=CARTESIAN_POINT('',(420.746829520616,-848.658479007357,-1418.8));
#2303=CARTESIAN_POINT('',(420.320843652046,-848.858764936353,-1418.8));
#2304=CARTESIAN_POINT('',(420.021137847296,-849.037135809559,-1418.8));
#2305=CARTESIAN_POINT('',(419.741320454644,-849.242547532853,-1418.8));
#2306=CARTESIAN_POINT('',(419.480976807562,-849.47672810631,-1418.8));
#2307=CARTESIAN_POINT('',(419.244831387837,-849.738286719402,-1418.8));
#2308=CARTESIAN_POINT('',(419.03898263591,-850.018128425069,-1418.8));
#2309=CARTESIAN_POINT('',(418.860519754077,-850.317089315942,-1418.8));
#2310=CARTESIAN_POINT('',(418.659573406163,-850.743017340908,-1418.8));
#2311=CARTESIAN_POINT('',(418.489556165054,-851.296106658142,-1418.8));
#2312=CARTESIAN_POINT('',(418.416553734355,-852.001040492963,-1418.8));
#2313=CARTESIAN_POINT('',(418.475350490578,-852.575725912444,-1418.8));
#2314=CARTESIAN_POINT('',(418.590728917543,-853.032311302604,-1418.8));
#2315=CARTESIAN_POINT('',(418.708505374832,-853.360136313326,-1418.8));
#2316=CARTESIAN_POINT('',(418.856283962369,-853.674800266929,-1418.8));
#2317=CARTESIAN_POINT('',(419.036088522201,-853.977857506402,-1418.8));
#2318=CARTESIAN_POINT('',(419.243252736166,-854.259644838881,-1418.8));
#2319=CARTESIAN_POINT('',(419.475378295231,-854.517394739397,-1418.8));
#2320=CARTESIAN_POINT('',(419.733739109546,-854.751461904417,-1418.8));
#2321=CARTESIAN_POINT('',(420.112895517914,-855.030746030403,-1418.8));
#2322=CARTESIAN_POINT('',(420.520945277133,-855.247879371317,-1418.8));
#2323=CARTESIAN_POINT('',(420.963463996522,-855.407609854501,-1418.8));
#2324=CARTESIAN_POINT('',(421.301851709366,-855.493666318972,-1418.8));
#2325=CARTESIAN_POINT('',(421.644949416717,-855.546394073394,-1418.8));
#2326=CARTESIAN_POINT('',(421.994101741615,-855.565059376771,-1418.8));
#2327=CARTESIAN_POINT('',(422.346485985047,-855.547270043053,-1418.8));
#2328=CARTESIAN_POINT('',(422.690084456822,-855.495049251556,-1418.8));
#2329=CARTESIAN_POINT('',(423.02752942366,-855.41002716922,-1418.8));
#2330=CARTESIAN_POINT('',(423.470865694556,-855.251140387155,-1418.8));
#2331=CARTESIAN_POINT('',(423.982474362155,-854.980375796237,-1418.8));
#2332=CARTESIAN_POINT('',(424.532780437368,-854.533691368427,-1418.8));
#2333=CARTESIAN_POINT('',(424.897713525275,-854.085915218403,-1418.8));
#2334=CARTESIAN_POINT('',(425.139110864968,-853.681622768863,-1418.8));
#2335=CARTESIAN_POINT('',(425.287869005908,-853.366348584161,-1418.8));
#2336=CARTESIAN_POINT('',(425.405957714135,-853.039335988825,-1418.8));
#2337=CARTESIAN_POINT('',(425.522128305798,-852.585117449825,-1418.8));
#2338=CARTESIAN_POINT('',(425.570589839973,-852.116887462573,-1418.8));
#2339=CARTESIAN_POINT('',(425.546297351731,-851.649167578044,-1418.8));
#2340=CARTESIAN_POINT('',(425.558453882711,-852.000000000001,-1418.8));
#2341=CARTESIAN_POINT('',(429.799999999998,-842.957724851842,-1416.5));
#2342=CARTESIAN_POINT('',(429.799999999998,-842.957724851842,-1416.5));
#2343=CARTESIAN_POINT('',(429.799999999998,-842.957724851842,-1422.1112951663));
#2344=CARTESIAN_POINT('',(429.799999999998,-842.957724851842,-1418.8));
#2345=CARTESIAN_POINT('',(429.799999999998,-852.000000000001,-1418.8));
#2346=CARTESIAN_POINT('',(429.799999999998,-860.957724851842,-1418.8));
#2347=CARTESIAN_POINT('',(429.799999999998,-860.957724851842,-1416.5));
#2348=CARTESIAN_POINT('',(429.799999999998,-860.957724851842,-1422.1112951663));
#2349=CARTESIAN_POINT('',(429.799999999998,-852.000000000001,-1422.1112951663));
#2350=CARTESIAN_POINT('',(421.999999999998,-852.000000000001,-1418.8));
#2351=CARTESIAN_POINT('',(410.999999999998,-842.000000000001,-1418.8));
#2352=CARTESIAN_POINT('',(430.603626569947,-842.000000000001,-1418.8));
#2353=CARTESIAN_POINT('',(413.999999999998,-842.000000000001,-1418.8));
#2354=CARTESIAN_POINT('',(413.999999999998,-845.000000000001,-1418.8));
#2355=CARTESIAN_POINT('',(410.999999999998,-845.000000000001,-1418.8));
#2356=CARTESIAN_POINT('',(410.999999999998,-862.000000000001,-1418.8));
#2357=CARTESIAN_POINT('',(410.999999999998,-859.000000000001,-1418.8));
#2358=CARTESIAN_POINT('',(413.999999999998,-859.000000000001,-1418.8));
#2359=CARTESIAN_POINT('',(413.999999999998,-862.000000000001,-1418.8));
#2360=CARTESIAN_POINT('',(433.999999999998,-862.000000000001,-1418.8));
#2361=CARTESIAN_POINT('',(430.674572692404,-862.000000000001,-1418.8));
#2362=CARTESIAN_POINT('',(422.166409451178,-851.860365890892,-1418.8));
#2363=CARTESIAN_POINT('',(422.124776557511,-852.104699963389,-1418.8));
#2364=CARTESIAN_POINT('',(422.301813284972,-842.000000000001,-1418.8));
#2365=CARTESIAN_POINT('',(430.601846580073,-842.002121309328,-1418.92152972998));
#2366=CARTESIAN_POINT('',(430.615343800782,-841.986035948059,-1418.));
#2367=CARTESIAN_POINT('',(421.999999999998,-841.986035948059,-1418.));
#2368=CARTESIAN_POINT('',(413.999999999998,-841.986035948059,-1418.));
#2369=CARTESIAN_POINT('',(413.999999999998,-842.000000000001,-1418.8));
#2370=CARTESIAN_POINT('',(413.999999999998,-845.000000000001,-1418.8));
#2371=CARTESIAN_POINT('',(413.999999999998,-845.000000000001,-1418.));
#2372=CARTESIAN_POINT('',(411.744822833572,-843.000461239578,-1418.));
#2373=CARTESIAN_POINT('',(411.744822833572,-843.000461239578,-1418.));
#2374=CARTESIAN_POINT('',(411.624317565847,-843.136372947612,-1418.));
#2375=CARTESIAN_POINT('',(411.405725821676,-843.433983445123,-1418.00883532236));
#2376=CARTESIAN_POINT('',(411.168196603323,-843.922411478376,-1418.03214275611));
#2377=CARTESIAN_POINT('',(411.019810289627,-844.45479401053,-1418.0525457155));
#2378=CARTESIAN_POINT('',(410.987044090518,-844.816328973514,-1418.05775644301));
#2379=CARTESIAN_POINT('',(410.987044090518,-845.000000000001,-1418.05775644301));
#2380=CARTESIAN_POINT('',(410.987044090518,-845.000000000001,-1418.05775644301));
#2381=CARTESIAN_POINT('',(410.999999999998,-845.000000000001,-1418.8));
#2382=CARTESIAN_POINT('',(410.999999999998,-852.000000000001,-1418.8));
#2383=CARTESIAN_POINT('',(410.987044090518,-845.000000000001,-1418.05775644301));
#2384=CARTESIAN_POINT('',(410.987044090518,-859.000000000001,-1418.05775644301));
#2385=CARTESIAN_POINT('',(410.999999999998,-859.000000000001,-1418.8));
#2386=CARTESIAN_POINT('',(413.999999999998,-859.000000000001,-1418.8));
#2387=CARTESIAN_POINT('',(413.999999999998,-862.000000000001,-1418.8));
#2388=CARTESIAN_POINT('',(413.999999999998,-862.013964051944,-1418.));
#2389=CARTESIAN_POINT('',(410.987044090518,-859.000000000001,-1418.05775644301));
#2390=CARTESIAN_POINT('',(410.987044090518,-859.18387513624,-1418.05775644301));
#2391=CARTESIAN_POINT('',(411.019885465028,-859.544894883413,-1418.05252062346));
#2392=CARTESIAN_POINT('',(411.216631219815,-860.252633317759,-1418.02556050614));
#2393=CARTESIAN_POINT('',(411.5008140347,-860.724333756892,-1418.));
#2394=CARTESIAN_POINT('',(411.744822833572,-860.999538760424,-1418.));
#2395=CARTESIAN_POINT('',(411.744822833572,-860.999538760424,-1418.));
#2396=CARTESIAN_POINT('',(413.999999999998,-859.000000000001,-1418.));
#2397=CARTESIAN_POINT('',(422.337286346201,-862.000000000001,-1418.8));
#2398=CARTESIAN_POINT('',(430.672785096759,-861.997869626469,-1418.92204901792));
#2399=CARTESIAN_POINT('',(430.686289923239,-862.013964051944,-1418.));
#2400=CARTESIAN_POINT('',(421.999999999998,-862.013964051944,-1418.));
#2401=CARTESIAN_POINT('',(411.744822833572,-867.000000000002,-1423.));
#2402=CARTESIAN_POINT('',(406.751675159799,-862.2831695346,-1422.73832021878));
#2403=CARTESIAN_POINT('',(406.768275823363,-862.280389367446,-1422.42156068823));
#2404=CARTESIAN_POINT('',(406.859857884781,-862.274878048231,-1421.80004490542));
#2405=CARTESIAN_POINT('',(407.177781473642,-862.26665038417,-1420.89202802609));
#2406=CARTESIAN_POINT('',(407.572177799717,-862.260351702612,-1420.21341657225));
#2407=CARTESIAN_POINT('',(407.968099855565,-862.255595498408,-1419.71172242745));
#2408=CARTESIAN_POINT('',(408.296206218863,-862.252295019936,-1419.3694190633));
#2409=CARTESIAN_POINT('',(408.653163749116,-862.249262393506,-1419.06096474802));
#2410=CARTESIAN_POINT('',(409.040019712484,-862.246490996057,-1418.78571512226));
#2411=CARTESIAN_POINT('',(409.455104886431,-862.244008011129,-1418.54660250251));
#2412=CARTESIAN_POINT('',(409.884721354652,-862.241890482592,-1418.3509567242));
#2413=CARTESIAN_POINT('',(410.330757196473,-862.240114615301,-1418.19625768482));
#2414=CARTESIAN_POINT('',(410.950777394645,-862.238206843615,-1418.0454773488));
#2415=CARTESIAN_POINT('',(411.425643043197,-862.237356615836,-1418.));
#2416=CARTESIAN_POINT('',(411.744822833572,-862.237051895742,-1418.));
#2417=CARTESIAN_POINT('',(406.751675159799,-862.2831695346,-1422.73832021879));
#2418=CARTESIAN_POINT('',(411.744822833573,-862.237051895743,-1418.));
#2419=CARTESIAN_POINT('',(406.7516751598,-841.737961115806,-1422.73832021879));
#2420=CARTESIAN_POINT('',(406.7516751598,-862.510363724395,-1422.73832021879));
#2421=CARTESIAN_POINT('',(411.744822833572,-862.510363724395,-1423.));
#2422=CARTESIAN_POINT('',(411.744822833572,-862.510363724395,-1418.));
#2423=CARTESIAN_POINT('',(411.744822833572,-862.262038884196,-1418.));
#2424=CARTESIAN_POINT('',(411.744822833572,-862.510363724395,-1423.));
#2425=CARTESIAN_POINT('',(411.744822833572,-862.510363724395,-1423.));
#2426=CARTESIAN_POINT('',(411.483143052358,-867.49593295215,-1422.72500333209));
#2427=CARTESIAN_POINT('',(411.744822833572,-862.510363724395,-1423.));
#2428=CARTESIAN_POINT('',(404.076707448341,-862.107883954349,-1423.));
#2429=CARTESIAN_POINT('',(411.717128066875,-867.508214227289,-1422.72500333209));
#2430=CARTESIAN_POINT('',(413.62330410733,-867.60826453377,-1422.72500333209));
#2431=CARTESIAN_POINT('',(413.620904247767,-862.608834440893,-1423.));
#2432=CARTESIAN_POINT('',(413.66453858672,-862.611124695776,-1418.));
#2433=CARTESIAN_POINT('',(432.24803786399,-863.586525056884,-1418.));
#2434=CARTESIAN_POINT('',(421.999999999998,-866.384025518407,-1423.));
#2435=CARTESIAN_POINT('',(413.620904247767,-866.384025518407,-1423.));
#2436=CARTESIAN_POINT('',(413.624383877826,-871.368101911088,-1422.60127388859));
#2437=CARTESIAN_POINT('',(413.66453858672,-866.384025518407,-1418.));
#2438=CARTESIAN_POINT('',(413.499999999998,-871.368101911088,-1422.60127388859));
#2439=CARTESIAN_POINT('',(414.774314681648,-871.368101911088,-1422.60127388859));
#2440=CARTESIAN_POINT('',(414.777794311707,-866.384025518407,-1423.));
#2441=CARTESIAN_POINT('',(414.734159972753,-866.384025518407,-1418.));
#2442=CARTESIAN_POINT('',(414.899999999998,-866.384025518407,-1418.));
#2443=CARTESIAN_POINT('',(404.076707448341,-862.107883954349,-1423.));
#2444=CARTESIAN_POINT('',(411.717128066875,-867.508214227289,-1422.72500333209));
#2445=CARTESIAN_POINT('',(427.135598755923,-868.317490330429,-1422.72500333209));
#2446=CARTESIAN_POINT('',(414.775394452143,-867.668734810202,-1422.72500333209));
#2447=CARTESIAN_POINT('',(427.133198896359,-863.318060237552,-1423.));
#2448=CARTESIAN_POINT('',(427.176833235313,-863.320350492435,-1418.));
#2449=CARTESIAN_POINT('',(432.24803786399,-863.586525056884,-1418.));
#2450=CARTESIAN_POINT('',(414.734159972753,-862.667266387425,-1418.));
#2451=CARTESIAN_POINT('',(414.777794311707,-862.669556642309,-1423.));
#2452=CARTESIAN_POINT('',(421.999999999998,-866.384025518407,-1423.));
#2453=CARTESIAN_POINT('',(427.133198896359,-866.384025518407,-1423.));
#2454=CARTESIAN_POINT('',(427.136678526418,-871.368101911088,-1422.60127388859));
#2455=CARTESIAN_POINT('',(427.176833235313,-866.384025518407,-1418.));
#2456=CARTESIAN_POINT('',(426.999999999998,-871.368101911088,-1422.60127388859));
#2457=CARTESIAN_POINT('',(428.262079243458,-871.368101911088,-1422.60127388859));
#2458=CARTESIAN_POINT('',(428.265558873517,-866.384025518407,-1423.));
#2459=CARTESIAN_POINT('',(428.221924534563,-866.384025518407,-1418.));
#2460=CARTESIAN_POINT('',(428.399999999998,-866.384025518407,-1418.));
#2461=CARTESIAN_POINT('',(404.076707448341,-862.107883954349,-1423.));
#2462=CARTESIAN_POINT('',(428.265558873517,-863.377494917433,-1423.));
#2463=CARTESIAN_POINT('',(428.263159013953,-868.376673085326,-1422.72500333209));
#2464=CARTESIAN_POINT('',(428.221924534563,-863.37520466255,-1418.));
#2465=CARTESIAN_POINT('',(411.717128066875,-867.508214227289,-1422.72500333209));
#2466=CARTESIAN_POINT('',(431.999999999998,-868.572810313994,-1422.72500333209));
#2467=CARTESIAN_POINT('',(431.999999999998,-863.573506183608,-1423.));
#2468=CARTESIAN_POINT('',(431.999999999998,-863.579582755549,-1418.00000368233));
#2469=CARTESIAN_POINT('',(431.994666240241,-863.573226228197,-1423.));
#2470=CARTESIAN_POINT('',(431.994666240241,-863.573226228197,-1418.));
#2471=CARTESIAN_POINT('',(432.24803786399,-863.586525056884,-1418.));
#2472=CARTESIAN_POINT('',(429.799999999998,-860.957724851842,-1416.5));
#2473=CARTESIAN_POINT('',(422.166409451178,-851.860365890892,-1418.));
#2474=CARTESIAN_POINT('',(431.999999999998,-863.579582755549,-1418.));
#2475=CARTESIAN_POINT('',(431.999999999998,-863.579582755549,-1422.09209605716));
#2476=CARTESIAN_POINT('',(416.454639786368,-845.053343872784,-1422.2277583605));
#2477=CARTESIAN_POINT('',(407.542734583407,-864.440320401105,-1423.80558849655));
#2478=CARTESIAN_POINT('',(431.999999999998,-865.712246949774,-1423.59215317474));
#2479=CARTESIAN_POINT('',(431.999999999998,-867.212000400142,-1423.50896908091));
#2480=CARTESIAN_POINT('',(431.999999999998,-865.712927699154,-1422.09209605716));
#2481=CARTESIAN_POINT('',(403.376090989647,-865.723383043425,-1423.7587661505));
#2482=CARTESIAN_POINT('',(411.509991613899,-866.146395345578,-1423.68778267513));
#2483=CARTESIAN_POINT('',(411.588495548263,-864.650724577251,-1423.7702816755));
#2484=CARTESIAN_POINT('',(411.575405745016,-864.650724577251,-1422.2703387909));
#2485=CARTESIAN_POINT('',(407.52964478016,-864.440320401105,-1422.30564561196));
#2486=CARTESIAN_POINT('',(411.575405745016,-864.650724577251,-1422.2703387909));
#2487=CARTESIAN_POINT('',(411.50171418037,-866.067812236048,-1422.27098188745));
#2488=CARTESIAN_POINT('',(411.509991613899,-866.146395345578,-1423.68778267513));
#2489=CARTESIAN_POINT('',(411.310090007866,-864.636926545277,-1422.27265416626));
#2490=CARTESIAN_POINT('',(411.059530571826,-866.034396887402,-1422.27484076541));
#2491=CARTESIAN_POINT('',(411.055741578133,-866.122164634304,-1423.68074317704));
#2492=CARTESIAN_POINT('',(410.785184337527,-864.507625652907,-1422.27723494865));
#2493=CARTESIAN_POINT('',(410.189798436288,-865.802950350708,-1422.28243080266));
#2494=CARTESIAN_POINT('',(410.156845699979,-865.899563547769,-1423.67061361912));
#2495=CARTESIAN_POINT('',(410.126300453036,-864.036062898701,-1422.2829849412));
#2496=CARTESIAN_POINT('',(409.100201035584,-865.010620959926,-1422.29193957517));
#2497=CARTESIAN_POINT('',(409.027910025788,-865.090590698501,-1423.66941215504));
#2498=CARTESIAN_POINT('',(409.689467595701,-863.353761297439,-1422.28679712379));
#2499=CARTESIAN_POINT('',(408.369252174604,-863.879878630375,-1422.29831846921));
#2500=CARTESIAN_POINT('',(408.278716685644,-863.921267823888,-1423.68237792173));
#2501=CARTESIAN_POINT('',(409.587573205029,-862.822999035891,-1422.28768634267));
#2502=CARTESIAN_POINT('',(408.18587055553,-862.999933840723,-1422.29991881642));
#2503=CARTESIAN_POINT('',(408.103236919208,-863.012193329414,-1423.69923719861));
#2504=CARTESIAN_POINT('',(409.58757320503,-862.557401526705,-1422.28768634267));
#2505=CARTESIAN_POINT('',(408.176567833478,-862.557401526705,-1422.3));
#2506=CARTESIAN_POINT('',(408.102718706145,-862.557401526705,-1423.7091252929));
#2507=CARTESIAN_POINT('',(411.704507140107,-862.55067941786,-1423.76926925768));
#2508=CARTESIAN_POINT('',(408.102718706145,-862.557401526705,-1423.7091252929));
#2509=CARTESIAN_POINT('',(409.600663008277,-862.557401526705,-1423.78762922727));
#2510=CARTESIAN_POINT('',(409.58757320503,-862.557401526705,-1422.28768634267));
#2511=CARTESIAN_POINT('',(411.691417336859,-862.55067941786,-1422.26932637308));
#2512=CARTESIAN_POINT('',(409.600663008277,-852.000000000001,-1423.78762922727));
#2513=CARTESIAN_POINT('',(409.600663008277,-841.442598473297,-1423.78762922727));
#2514=CARTESIAN_POINT('',(409.58757320503,-841.442598473297,-1422.28768634267));
#2515=CARTESIAN_POINT('',(408.102718706145,-841.442598473297,-1423.7091252929));
#2516=CARTESIAN_POINT('',(409.58757320503,-852.000000000001,-1422.28768634267));
#2517=CARTESIAN_POINT('',(408.102718706145,-867.000000000002,-1423.7091252929));
#2518=CARTESIAN_POINT('',(409.58757320503,-841.442598473297,-1422.28768634267));
#2519=CARTESIAN_POINT('',(408.176567833478,-841.442598473297,-1422.3));
#2520=CARTESIAN_POINT('',(408.102718706145,-841.442598473297,-1423.7091252929));
#2521=CARTESIAN_POINT('',(409.587573205029,-841.177000964111,-1422.28768634267));
#2522=CARTESIAN_POINT('',(408.18587055553,-841.000066159242,-1422.29991881642));
#2523=CARTESIAN_POINT('',(408.103236919208,-840.987806670588,-1423.69923719861));
#2524=CARTESIAN_POINT('',(409.689467595701,-840.646238702563,-1422.28679712379));
#2525=CARTESIAN_POINT('',(408.369252174606,-840.120121369643,-1422.29831846921));
#2526=CARTESIAN_POINT('',(408.278716685644,-840.078732176114,-1423.68237792173));
#2527=CARTESIAN_POINT('',(410.126300453036,-839.963937101302,-1422.2829849412));
#2528=CARTESIAN_POINT('',(409.100201035578,-838.989379040075,-1422.29193957517));
#2529=CARTESIAN_POINT('',(409.027910025789,-838.909409301501,-1423.66941215504));
#2530=CARTESIAN_POINT('',(410.785184337527,-839.492374347095,-1422.27723494865));
#2531=CARTESIAN_POINT('',(410.1897984363,-838.197049649287,-1422.28243080267));
#2532=CARTESIAN_POINT('',(410.156845699975,-838.100436452233,-1423.67061361911));
#2533=CARTESIAN_POINT('',(411.310090007866,-839.363073454725,-1422.27265416626));
#2534=CARTESIAN_POINT('',(411.059530571812,-837.965603112615,-1422.2748407654));
#2535=CARTESIAN_POINT('',(411.055741578141,-837.877835365698,-1423.68074317704));
#2536=CARTESIAN_POINT('',(411.575405745016,-839.349275422751,-1422.2703387909));
#2537=CARTESIAN_POINT('',(411.50171418037,-837.932187763954,-1422.27098188745));
#2538=CARTESIAN_POINT('',(411.509991613899,-837.853604654424,-1423.68778267513));
#2539=CARTESIAN_POINT('',(411.588495548263,-839.349275422751,-1423.7702816755));
#2540=CARTESIAN_POINT('',(411.509991613899,-837.853604654424,-1423.68778267513));
#2541=CARTESIAN_POINT('',(411.575405745016,-839.349275422751,-1422.2703387909));
#2542=CARTESIAN_POINT('',(411.691417336859,-841.449320582142,-1422.26932637308));
#2543=CARTESIAN_POINT('',(411.704507140107,-841.449320582142,-1423.76926925768));
#2544=CARTESIAN_POINT('',(407.542734583407,-839.559679598897,-1423.80558849655));
#2545=CARTESIAN_POINT('',(431.999999999998,-838.287753050228,-1423.59215317474));
#2546=CARTESIAN_POINT('',(431.999999999998,-838.287072300848,-1422.09209605716));
#2547=CARTESIAN_POINT('',(431.999999999998,-836.78799959986,-1423.50896908091));
#2548=CARTESIAN_POINT('',(407.52964478016,-839.559679598897,-1422.30564561196));
#2549=CARTESIAN_POINT('',(403.376090989647,-838.276616956577,-1423.7587661505));
#2550=CARTESIAN_POINT('',(408.176567833478,-852.000000000001,-1422.3));
#2551=CARTESIAN_POINT('',(431.999999999998,-852.000000000001,-1422.09209605716));
#2552=CARTESIAN_POINT('',(431.999999999998,-840.335866948134,-1422.09209605716));
#2553=CARTESIAN_POINT('',(416.413008202711,-858.911720420287,-1422.22812167383));
#2554=CARTESIAN_POINT('',(431.999999999998,-852.000000000001,-1422.09209605716));
#2555=CARTESIAN_POINT('',(436.799999999998,-834.615449703682,-1416.5));
#2556=CARTESIAN_POINT('',(431.999999999998,-840.335866948134,-1418.));
#2557=CARTESIAN_POINT('',(431.999999999998,-840.335866948134,-1418.00081913355));
#2558=CARTESIAN_POINT('',(431.920451539526,-840.430669111687,-1423.));
#2559=CARTESIAN_POINT('',(431.920451539526,-840.430669111687,-1418.));
#2560=CARTESIAN_POINT('',(422.124776557511,-852.104699963389,-1418.));
#2561=CARTESIAN_POINT('',(404.076707448341,-841.892116045654,-1423.));
#2562=CARTESIAN_POINT('',(428.265558873517,-840.622505082569,-1423.));
#2563=CARTESIAN_POINT('',(428.221924534563,-840.624795337452,-1418.));
#2564=CARTESIAN_POINT('',(428.263159013953,-835.623326914676,-1422.72500333209));
#2565=CARTESIAN_POINT('',(411.97880784809,-841.477355000469,-1418.));
#2566=CARTESIAN_POINT('',(431.999999999998,-840.426493816394,-1423.));
#2567=CARTESIAN_POINT('',(431.999999999998,-835.427189686008,-1422.72500333209));
#2568=CARTESIAN_POINT('',(431.986358082775,-835.427905715363,-1422.72500333209));
#2569=CARTESIAN_POINT('',(421.999999999998,-837.615974481595,-1423.));
#2570=CARTESIAN_POINT('',(428.265558873517,-837.615974481595,-1423.));
#2571=CARTESIAN_POINT('',(428.262079243458,-832.631898088914,-1422.60127388859));
#2572=CARTESIAN_POINT('',(428.221924534563,-837.615974481595,-1418.));
#2573=CARTESIAN_POINT('',(428.399999999998,-832.631898088914,-1422.60127388859));
#2574=CARTESIAN_POINT('',(427.136678526418,-832.631898088914,-1422.60127388859));
#2575=CARTESIAN_POINT('',(427.133198896359,-837.615974481595,-1423.));
#2576=CARTESIAN_POINT('',(427.176833235313,-837.615974481595,-1418.));
#2577=CARTESIAN_POINT('',(426.999999999998,-837.615974481595,-1418.));
#2578=CARTESIAN_POINT('',(404.076707448341,-841.892116045654,-1423.));
#2579=CARTESIAN_POINT('',(411.97880784809,-841.477355000469,-1418.));
#2580=CARTESIAN_POINT('',(427.176833235313,-840.679649507567,-1418.));
#2581=CARTESIAN_POINT('',(414.734159972753,-841.332733612577,-1418.));
#2582=CARTESIAN_POINT('',(427.133198896359,-840.681939762451,-1423.));
#2583=CARTESIAN_POINT('',(427.135598755923,-835.682509669573,-1422.72500333209));
#2584=CARTESIAN_POINT('',(431.986358082775,-835.427905715363,-1422.72500333209));
#2585=CARTESIAN_POINT('',(414.775394452143,-836.3312651898,-1422.72500333209));
#2586=CARTESIAN_POINT('',(414.777794311707,-841.330443357693,-1423.));
#2587=CARTESIAN_POINT('',(421.999999999998,-837.615974481595,-1423.));
#2588=CARTESIAN_POINT('',(414.777794311707,-837.615974481595,-1423.));
#2589=CARTESIAN_POINT('',(414.774314681648,-832.631898088914,-1422.60127388859));
#2590=CARTESIAN_POINT('',(414.734159972753,-837.615974481595,-1418.));
#2591=CARTESIAN_POINT('',(414.899999999998,-832.631898088914,-1422.60127388859));
#2592=CARTESIAN_POINT('',(413.624383877826,-832.631898088914,-1422.60127388859));
#2593=CARTESIAN_POINT('',(413.620904247767,-837.615974481595,-1423.));
#2594=CARTESIAN_POINT('',(413.66453858672,-837.615974481595,-1418.));
#2595=CARTESIAN_POINT('',(413.499999999998,-837.615974481595,-1418.));
#2596=CARTESIAN_POINT('',(404.076707448341,-841.892116045654,-1423.));
#2597=CARTESIAN_POINT('',(411.97880784809,-841.477355000469,-1418.));
#2598=CARTESIAN_POINT('',(413.66453858672,-841.388875304226,-1418.));
#2599=CARTESIAN_POINT('',(411.744822833572,-841.489636275607,-1418.));
#2600=CARTESIAN_POINT('',(413.620904247767,-841.391165559109,-1423.));
#2601=CARTESIAN_POINT('',(413.62330410733,-836.391735466232,-1422.72500333209));
#2602=CARTESIAN_POINT('',(431.986358082775,-835.427905715363,-1422.72500333209));
#2603=CARTESIAN_POINT('',(411.483143052358,-836.504067047852,-1422.72500333209));
#2604=CARTESIAN_POINT('',(411.744822833572,-841.489636275607,-1423.));
#2605=CARTESIAN_POINT('',(411.744822833572,-841.489636275607,-1423.));
#2606=CARTESIAN_POINT('',(411.744822833572,-841.489636275607,-1423.));
#2607=CARTESIAN_POINT('',(406.7516751598,-841.489636275607,-1422.73832021879));
#2608=CARTESIAN_POINT('',(411.744822833572,-841.489636275607,-1423.));
#2609=CARTESIAN_POINT('',(411.744822833572,-867.000000000002,-1423.));
#2610=CARTESIAN_POINT('',(411.744822833572,-841.762948100462,-1418.));
#2611=CARTESIAN_POINT('',(411.427613655067,-841.762645261918,-1418.));
#2612=CARTESIAN_POINT('',(410.802133910458,-841.761533807801,-1418.05893416772));
#2613=CARTESIAN_POINT('',(409.878697702399,-841.758296092856,-1418.32891803088));
#2614=CARTESIAN_POINT('',(409.180364587906,-841.754502037643,-1418.68727786775));
#2615=CARTESIAN_POINT('',(408.658638895656,-841.750782551139,-1419.05641337012));
#2616=CARTESIAN_POINT('',(408.299637016628,-841.747736666678,-1419.36616328613));
#2617=CARTESIAN_POINT('',(407.972930990806,-841.74445474582,-1419.70649337669));
#2618=CARTESIAN_POINT('',(407.677821100148,-841.740927283705,-1420.07841624346));
#2619=CARTESIAN_POINT('',(407.417324556901,-841.737170405455,-1420.48041420583));
#2620=CARTESIAN_POINT('',(407.199473783,-841.733307774307,-1420.89919558624));
#2621=CARTESIAN_POINT('',(407.021653190551,-841.729321590142,-1421.33651393812));
#2622=CARTESIAN_POINT('',(406.838641799756,-841.723812477276,-1421.94777477416));
#2623=CARTESIAN_POINT('',(406.768379070096,-841.719627923146,-1422.41959062321));
#2624=CARTESIAN_POINT('',(406.7516751598,-841.716830464936,-1422.73832021878));
#2625=CARTESIAN_POINT('',(411.744822833572,-841.762948100462,-1418.));
#2626=CARTESIAN_POINT('',(406.7516751598,-841.716830464937,-1422.73832021879));
#2627=CARTESIAN_POINT('',(411.744822833572,-862.262038884196,-1418.));
#2628=CARTESIAN_POINT('',(406.7516751598,-841.737961115806,-1422.73832021879));
#2629=CARTESIAN_POINT('',(408.115974481592,-852.000000000001,-1423.));
#2630=CARTESIAN_POINT('',(403.131898088911,-841.714557620698,-1422.60127388859));
#2631=CARTESIAN_POINT('',(403.15665815795,-841.717282452959,-1422.29177302559));
#2632=CARTESIAN_POINT('',(403.262192730191,-841.722692824081,-1421.68345933974));
#2633=CARTESIAN_POINT('',(403.594117651268,-841.730728317152,-1420.79930563369));
#2634=CARTESIAN_POINT('',(403.993782988243,-841.736863398143,-1420.14033494942));
#2635=CARTESIAN_POINT('',(404.390985368173,-841.741492018587,-1419.65365411036));
#2636=CARTESIAN_POINT('',(404.717313792079,-841.744690558181,-1419.3230096125));
#2637=CARTESIAN_POINT('',(405.071685039797,-841.747634858046,-1419.02453874481));
#2638=CARTESIAN_POINT('',(405.455336754852,-841.750328016464,-1418.75801120192));
#2639=CARTESIAN_POINT('',(405.864509958223,-841.75273108176,-1418.52746795442));
#2640=CARTESIAN_POINT('',(406.287689025462,-841.754782992424,-1418.33863123659));
#2641=CARTESIAN_POINT('',(406.726706003222,-841.756505319346,-1418.18930096572));
#2642=CARTESIAN_POINT('',(407.3364278423,-841.758357087975,-1418.04381077345));
#2643=CARTESIAN_POINT('',(407.802562829969,-841.759184437989,-1418.));
#2644=CARTESIAN_POINT('',(408.115974481592,-841.759483651047,-1418.));
#2645=CARTESIAN_POINT('',(403.131898088911,-841.714557620698,-1422.60127388859));
#2646=CARTESIAN_POINT('',(408.115974481592,-841.759483651047,-1418.));
#2647=CARTESIAN_POINT('',(403.131898088911,-841.600000000013,-1422.60127388859));
#2648=CARTESIAN_POINT('',(403.131898088911,-842.885442379575,-1422.60127388859));
#2649=CARTESIAN_POINT('',(408.115974481592,-842.840516348063,-1418.));
#2650=CARTESIAN_POINT('',(407.805470722139,-842.840812785104,-1418.));
#2651=CARTESIAN_POINT('',(407.190657778297,-842.841894507618,-1418.05669296974));
#2652=CARTESIAN_POINT('',(406.282823817706,-842.845033455618,-1418.3170713842));
#2653=CARTESIAN_POINT('',(405.594070880691,-842.848709433506,-1418.66293264597));
#2654=CARTESIAN_POINT('',(405.077266230267,-842.852320820287,-1419.02007186755));
#2655=CARTESIAN_POINT('',(404.721655214134,-842.85527030015,-1419.31900154501));
#2656=CARTESIAN_POINT('',(404.395882293838,-842.858457846034,-1419.6484475401));
#2657=CARTESIAN_POINT('',(404.099617814961,-842.861894285436,-1420.00962560029));
#2658=CARTESIAN_POINT('',(403.837191057613,-842.865545457809,-1420.39910700143));
#2659=CARTESIAN_POINT('',(403.615220049974,-842.869308754102,-1420.80587317078));
#2660=CARTESIAN_POINT('',(403.431365842992,-842.873200743269,-1421.23157424444));
#2661=CARTESIAN_POINT('',(403.237728331315,-842.878589819608,-1421.82773423993));
#2662=CARTESIAN_POINT('',(403.156890170537,-842.882692014458,-1422.28887286826));
#2663=CARTESIAN_POINT('',(403.131898088911,-842.885442379575,-1422.60127388859));
#2664=CARTESIAN_POINT('',(408.115974481592,-842.840516348063,-1418.));
#2665=CARTESIAN_POINT('',(408.115974481592,-843.000000000013,-1418.));
#2666=CARTESIAN_POINT('',(421.999999999998,-852.000000000001,-1418.));
#2667=CARTESIAN_POINT('',(414.734159972753,-833.508439822048,-1418.));
#2668=CARTESIAN_POINT('',(413.66453858672,-833.55525914911,-1418.));
#2669=CARTESIAN_POINT('',(411.744822833572,-841.762948100462,-1418.));
#2670=CARTESIAN_POINT('',(410.535206716246,-841.761793283991,-1418.));
#2671=CARTESIAN_POINT('',(409.325590598919,-841.760638467519,-1418.));
#2672=CARTESIAN_POINT('',(408.115974481592,-841.759483651047,-1418.));
#2673=CARTESIAN_POINT('',(411.744822833572,-842.837051897036,-1418.));
#2674=CARTESIAN_POINT('',(410.535206716245,-842.838206714045,-1418.));
#2675=CARTESIAN_POINT('',(409.325590598919,-842.839361531054,-1418.));
#2676=CARTESIAN_POINT('',(408.115974481592,-842.840516348063,-1418.));
#2677=CARTESIAN_POINT('',(411.744822833572,-842.837051897037,-1418.));
#2678=CARTESIAN_POINT('',(411.744822833572,-862.262038884196,-1418.));
#2679=CARTESIAN_POINT('',(428.221924534563,-833.059400590104,-1418.));
#2680=CARTESIAN_POINT('',(427.176833235313,-833.105761402631,-1418.));
#2681=CARTESIAN_POINT('',(411.744822833572,-867.000000000002,-1423.));
#2682=CARTESIAN_POINT('',(406.7516751598,-841.737961115806,-1422.73832021879));
#2683=CARTESIAN_POINT('',(406.7516751598,-861.11683046523,-1422.73832021879));
#2684=CARTESIAN_POINT('',(406.7516751598,-842.883169534779,-1422.73832021879));
#2685=CARTESIAN_POINT('',(406.7516751598,-861.116830465231,-1422.73832021879));
#2686=CARTESIAN_POINT('',(406.76838972979,-861.119629708661,-1422.41938722411));
#2687=CARTESIAN_POINT('',(406.83853800024,-861.123784867819,-1421.9509271873));
#2688=CARTESIAN_POINT('',(407.018092042773,-861.12923188454,-1421.34640364919));
#2689=CARTESIAN_POINT('',(407.258427595668,-861.13463982177,-1420.75300751955));
#2690=CARTESIAN_POINT('',(407.653410806773,-861.140943941294,-1420.07383713079));
#2691=CARTESIAN_POINT('',(408.2858168761,-861.147882301172,-1419.34796345216));
#2692=CARTESIAN_POINT('',(408.904281384301,-861.152697368921,-1418.86386978111));
#2693=CARTESIAN_POINT('',(409.458561731687,-861.156011713641,-1418.54472035246));
#2694=CARTESIAN_POINT('',(409.890486710258,-861.158135641726,-1418.34859379321));
#2695=CARTESIAN_POINT('',(410.336742949176,-861.159905489698,-1418.19460859951));
#2696=CARTESIAN_POINT('',(410.798553277821,-861.161323902849,-1418.08259542549));
#2697=CARTESIAN_POINT('',(411.273048965746,-861.162369224102,-1418.01472209442));
#2698=CARTESIAN_POINT('',(411.587397937677,-861.162797809931,-1418.));
#2699=CARTESIAN_POINT('',(411.744822833572,-861.162948103026,-1418.));
#2700=CARTESIAN_POINT('',(411.744822833572,-861.162948103025,-1418.));
#2701=CARTESIAN_POINT('',(411.744822833572,-862.262038884196,-1418.));
#2702=CARTESIAN_POINT('',(411.744822833572,-842.837051897037,-1418.));
#2703=CARTESIAN_POINT('',(411.425439885023,-842.837356811014,-1418.));
#2704=CARTESIAN_POINT('',(410.953933918497,-842.838204362098,-1418.04553818291));
#2705=CARTESIAN_POINT('',(410.340820864549,-842.840078485958,-1418.19321849978));
#2706=CARTESIAN_POINT('',(409.735644848041,-842.842479842327,-1418.40218196984));
#2707=CARTESIAN_POINT('',(409.036724717487,-842.84627930704,-1418.7610974205));
#2708=CARTESIAN_POINT('',(408.27875343464,-842.852182939497,-1419.35466656689));
#2709=CARTESIAN_POINT('',(407.762969677736,-842.857844168172,-1419.94695368961));
#2710=CARTESIAN_POINT('',(407.415261804914,-842.862860864802,-1420.48377182888));
#2711=CARTESIAN_POINT('',(407.196813327725,-842.86674391804,-1420.90482795084));
#2712=CARTESIAN_POINT('',(407.019693570804,-842.870731676756,-1421.3424033888));
#2713=CARTESIAN_POINT('',(406.883671575016,-842.874834951988,-1421.79771169901));
#2714=CARTESIAN_POINT('',(406.79106575903,-842.879027353918,-1422.26798253651));
#2715=CARTESIAN_POINT('',(406.759913822835,-842.88178977907,-1422.58111716328));
#2716=CARTESIAN_POINT('',(406.7516751598,-842.883169534779,-1422.73832021879));
#2717=CARTESIAN_POINT('',(421.999999999998,-852.000000000001,-1418.));
#2718=CARTESIAN_POINT('',(413.66453858672,-870.444740850892,-1418.));
#2719=CARTESIAN_POINT('',(414.734159972753,-870.491560177954,-1418.));
#2720=CARTESIAN_POINT('',(427.176833235313,-870.894238597371,-1418.));
#2721=CARTESIAN_POINT('',(428.221924534563,-870.940599409898,-1418.));
#2722=CARTESIAN_POINT('',(411.744822833573,-861.162948103025,-1418.));
#2723=CARTESIAN_POINT('',(410.535206716246,-861.161793286003,-1418.));
#2724=CARTESIAN_POINT('',(409.325590598919,-861.160638468983,-1418.));
#2725=CARTESIAN_POINT('',(408.115974481592,-861.159483651961,-1418.));
#2726=CARTESIAN_POINT('',(408.115974481592,-861.159483651961,-1418.));
#2727=CARTESIAN_POINT('',(408.115974481592,-862.39999999999,-1418.));
#2728=CARTESIAN_POINT('',(408.115974481592,-862.240516347579,-1418.));
#2729=CARTESIAN_POINT('',(411.744822833573,-862.237051895743,-1418.));
#2730=CARTESIAN_POINT('',(410.535206716246,-862.238206713022,-1418.));
#2731=CARTESIAN_POINT('',(409.325590598919,-862.2393615303,-1418.));
#2732=CARTESIAN_POINT('',(408.115974481592,-862.240516347579,-1418.));
#2733=CARTESIAN_POINT('',(408.115974481592,-852.000000000001,-1423.));
#2734=CARTESIAN_POINT('',(403.131898088911,-861.114557620328,-1422.60127388859));
#2735=CARTESIAN_POINT('',(403.156658157951,-861.117282452584,-1422.29177302559));
#2736=CARTESIAN_POINT('',(403.262192730191,-861.122692823683,-1421.68345933974));
#2737=CARTESIAN_POINT('',(403.594117651269,-861.130728316701,-1420.79930563369));
#2738=CARTESIAN_POINT('',(403.993782988244,-861.136863397665,-1420.14033494942));
#2739=CARTESIAN_POINT('',(404.390985368175,-861.141492018123,-1419.65365411036));
#2740=CARTESIAN_POINT('',(404.717313792082,-861.144690557752,-1419.3230096125));
#2741=CARTESIAN_POINT('',(405.071685039799,-861.147634857683,-1419.02453874481));
#2742=CARTESIAN_POINT('',(405.455336754855,-861.150328016204,-1418.75801120192));
#2743=CARTESIAN_POINT('',(405.864509958225,-861.152731081648,-1418.52746795442));
#2744=CARTESIAN_POINT('',(406.287689025464,-861.154782992508,-1418.33863123659));
#2745=CARTESIAN_POINT('',(406.726706003222,-861.156505319628,-1418.18930096572));
#2746=CARTESIAN_POINT('',(407.3364278423,-861.158357088535,-1418.04381077345));
#2747=CARTESIAN_POINT('',(407.802562829969,-861.159184438761,-1418.));
#2748=CARTESIAN_POINT('',(408.115974481592,-861.159483651961,-1418.));
#2749=CARTESIAN_POINT('',(403.131898088911,-861.114557620328,-1422.60127388859));
#2750=CARTESIAN_POINT('',(403.131898088911,-860.999999999989,-1422.60127388859));
#2751=CARTESIAN_POINT('',(403.131898088911,-862.28544237868,-1422.60127388859));
#2752=CARTESIAN_POINT('',(408.115974481592,-862.240516347579,-1418.));
#2753=CARTESIAN_POINT('',(407.80547072214,-862.240812784689,-1418.));
#2754=CARTESIAN_POINT('',(407.190657778297,-862.241894507336,-1418.05669296974));
#2755=CARTESIAN_POINT('',(406.282823817708,-862.24503345556,-1418.3170713842));
#2756=CARTESIAN_POINT('',(405.594070880693,-862.248709433537,-1418.66293264597));
#2757=CARTESIAN_POINT('',(405.077266230268,-862.252320820099,-1419.02007186755));
#2758=CARTESIAN_POINT('',(404.721655214135,-862.255270299779,-1419.31900154501));
#2759=CARTESIAN_POINT('',(404.395882293839,-862.258457845479,-1419.6484475401));
#2760=CARTESIAN_POINT('',(404.09961781496,-862.261894284729,-1420.00962560029));
#2761=CARTESIAN_POINT('',(403.837191057613,-862.265545456992,-1420.39910700143));
#2762=CARTESIAN_POINT('',(403.615220049973,-862.26930875322,-1420.80587317078));
#2763=CARTESIAN_POINT('',(403.431365842992,-862.273200742358,-1421.23157424444));
#2764=CARTESIAN_POINT('',(403.237728331315,-862.278589818693,-1421.82773423993));
#2765=CARTESIAN_POINT('',(403.156890170537,-862.282692013559,-1422.28887286826));
#2766=CARTESIAN_POINT('',(403.131898088911,-862.28544237868,-1422.60127388858));
#2767=CARTESIAN_POINT('',(402.090948216961,-862.400000000004,-1435.6131472899));
#2768=CARTESIAN_POINT('',(403.411889137417,-862.399999998234,-1435.75948367523));
#2769=CARTESIAN_POINT('',(404.732928965851,-862.400000000889,-1435.90491990158));
#2770=CARTESIAN_POINT('',(406.054068453961,-862.400000000004,-1436.04944912882));
#2771=CARTESIAN_POINT('',(407.970294926186,-862.39999999872,-1436.25907932588));
#2772=CARTESIAN_POINT('',(409.88652139841,-862.399999997436,-1436.46870952293));
#2773=CARTESIAN_POINT('',(411.802747870635,-862.399999996152,-1436.67833971999));
#2774=CARTESIAN_POINT('',(402.090948216961,-862.236074210954,-1416.82911240123));
#2775=CARTESIAN_POINT('',(403.411889137417,-862.236074209183,-1416.97544878655));
#2776=CARTESIAN_POINT('',(404.73292896585,-862.236074211839,-1417.1208850129));
#2777=CARTESIAN_POINT('',(406.054068453961,-862.236074210953,-1417.26541424014));
#2778=CARTESIAN_POINT('',(407.970294926186,-862.236074209669,-1417.4750444372));
#2779=CARTESIAN_POINT('',(409.886521398411,-862.236074208385,-1417.68467463426));
#2780=CARTESIAN_POINT('',(411.802747870637,-862.236074207101,-1417.89430483132));
#2781=CARTESIAN_POINT('',(402.090948216984,-862.39999999999,-1435.61314728825));
#2782=CARTESIAN_POINT('',(402.437931507258,-862.361813577028,-1431.27585615984));
#2783=CARTESIAN_POINT('',(402.784914797869,-862.323627702963,-1426.93856502661));
#2784=CARTESIAN_POINT('',(403.131898088911,-862.28544237868,-1422.60127388859));
#2785=CARTESIAN_POINT('',(402.090948216961,-862.39999999999,-1435.61314728825));
#2786=CARTESIAN_POINT('',(402.090948216961,-862.39999999999,-1435.61314728825));
#2787=CARTESIAN_POINT('',(403.411889137408,-862.39999999999,-1435.75948367347));
#2788=CARTESIAN_POINT('',(404.732928965936,-862.399999999989,-1435.90491989931));
#2789=CARTESIAN_POINT('',(406.054068453961,-862.399999999989,-1436.04944912716));
#2790=CARTESIAN_POINT('',(406.054068453961,-862.39999999999,-1436.04944912716));
#2791=CARTESIAN_POINT('',(406.054068453961,-862.39999999999,-1436.04944912716));
#2792=CARTESIAN_POINT('',(406.286604022574,-862.361056511526,-1431.6124061577));
#2793=CARTESIAN_POINT('',(406.519139591187,-862.322113023063,-1427.17536318824));
#2794=CARTESIAN_POINT('',(406.7516751598,-862.2831695346,-1422.73832021879));
#2795=CARTESIAN_POINT('',(406.999999999998,-867.000000000002,-1418.));
#2796=CARTESIAN_POINT('',(406.054068453961,-911.62886570022,-1436.04944912716));
#2797=CARTESIAN_POINT('',(406.054068453961,-863.207970430233,-1436.04944912716));
#2798=CARTESIAN_POINT('',(406.98705792565,-862.274980958544,-1418.24694948966));
#2799=CARTESIAN_POINT('',(408.623978612065,-865.631207945902,-1482.54925517168));
#2800=CARTESIAN_POINT('',(406.054068453961,-863.207970430233,-1436.04944912716));
#2801=CARTESIAN_POINT('',(406.054068453961,-863.527285047264,-1436.04944912716));
#2802=CARTESIAN_POINT('',(406.099269456514,-863.998702408978,-1436.05439472943));
#2803=CARTESIAN_POINT('',(406.245683818517,-864.611688471219,-1436.07040596938));
#2804=CARTESIAN_POINT('',(406.452794210115,-865.216911419951,-1436.09304459019));
#2805=CARTESIAN_POINT('',(406.808455601853,-865.916296382128,-1436.13189245681));
#2806=CARTESIAN_POINT('',(407.396355949858,-866.675584888915,-1436.19600031641));
#2807=CARTESIAN_POINT('',(407.983119808372,-867.193488950887,-1436.25984984896));
#2808=CARTESIAN_POINT('',(408.514867426071,-867.543499920152,-1436.31760100341));
#2809=CARTESIAN_POINT('',(409.071645547732,-867.837699911761,-1436.37798974742));
#2810=CARTESIAN_POINT('',(409.661741525683,-868.050289441284,-1436.44186230057));
#2811=CARTESIAN_POINT('',(410.285147637213,-868.178221821144,-1436.50918544869));
#2812=CARTESIAN_POINT('',(410.599604523079,-868.211743725605,-1436.54309197663));
#2813=CARTESIAN_POINT('',(410.758072921583,-868.221003082925,-1436.5601656056));
#2814=CARTESIAN_POINT('',(410.758072921599,-868.221003082926,-1436.5601656056));
#2815=CARTESIAN_POINT('',(408.362298830851,-870.616777173658,-1482.27425850378));
#2816=CARTESIAN_POINT('',(403.643773012641,-870.356226987359,-1482.04062590081));
#2817=CARTESIAN_POINT('',(410.758072921599,-868.221003082926,-1436.5601656056));
#2818=CARTESIAN_POINT('',(411.671999890184,-868.274404117116,-1436.65863350272));
#2819=CARTESIAN_POINT('',(412.585975505251,-868.327783569973,-1436.75666384895));
#2820=CARTESIAN_POINT('',(413.499999999998,-868.38114133804,-1436.8542545468));
#2821=CARTESIAN_POINT('',(413.499999999998,-868.38114133804,-1436.8542545468));
#2822=CARTESIAN_POINT('',(413.105182462929,-870.855878983999,-1482.09586316683));
#2823=CARTESIAN_POINT('',(413.499999999997,-870.444740850892,-1436.8542545468));
#2824=CARTESIAN_POINT('',(413.499999999997,-911.62886570022,-1436.8542545468));
#2825=CARTESIAN_POINT('',(413.499999999998,-872.508340363745,-1436.8542545468));
#2826=CARTESIAN_POINT('',(413.665169315934,-870.994218047264,-1417.92772559078));
#2827=CARTESIAN_POINT('',(421.999999999998,-871.000000000001,-1418.));
#2828=CARTESIAN_POINT('',(413.499999999998,-872.508340363745,-1436.8542545468));
#2829=CARTESIAN_POINT('',(413.966654366471,-872.512326351039,-1436.90407938797));
#2830=CARTESIAN_POINT('',(414.433321023392,-872.516303166647,-1436.95378958307));
#2831=CARTESIAN_POINT('',(414.899999999998,-872.520270788751,-1437.00338485937));
#2832=CARTESIAN_POINT('',(414.899999999998,-872.520270788751,-1437.00338485937));
#2833=CARTESIAN_POINT('',(414.898592770297,-872.507370584605,-1436.84213230754));
#2834=CARTESIAN_POINT('',(414.899999999998,-870.491560177954,-1437.00338485937));
#2835=CARTESIAN_POINT('',(414.899999999998,-911.628865700219,-1437.00338485937));
#2836=CARTESIAN_POINT('',(414.899999999998,-868.462849567157,-1437.00338485937));
#2837=CARTESIAN_POINT('',(415.291853834158,-870.960145374879,-1481.90538676379));
#2838=CARTESIAN_POINT('',(403.643773012641,-870.356226987359,-1482.04062590081));
#2839=CARTESIAN_POINT('',(414.899999999998,-868.462849567157,-1437.00338485937));
#2840=CARTESIAN_POINT('',(418.932409304601,-868.698137802701,-1437.43192024156));
#2841=CARTESIAN_POINT('',(422.965736815691,-868.933000861679,-1437.85187361697));
#2842=CARTESIAN_POINT('',(426.999999999998,-869.167430656103,-1438.26308173298));
#2843=CARTESIAN_POINT('',(426.999999999997,-869.167430656103,-1438.26308173298));
#2844=CARTESIAN_POINT('',(426.616788710169,-871.569419717514,-1482.17474614853));
#2845=CARTESIAN_POINT('',(426.999999999996,-870.894238597371,-1438.26308173298));
#2846=CARTESIAN_POINT('',(426.999999999996,-911.62886570022,-1438.26308173298));
#2847=CARTESIAN_POINT('',(426.999999999998,-872.621046538639,-1438.26308173298));
#2848=CARTESIAN_POINT('',(427.176441513752,-871.003590947594,-1418.04488684491));
#2849=CARTESIAN_POINT('',(421.999999999998,-871.000000000001,-1418.));
#2850=CARTESIAN_POINT('',(426.999999999998,-872.621046538639,-1438.26308173298));
#2851=CARTESIAN_POINT('',(427.466654682219,-872.624851787508,-1438.31064734383));
#2852=CARTESIAN_POINT('',(427.933321340981,-872.628647672942,-1438.35809591176));
#2853=CARTESIAN_POINT('',(428.399999999998,-872.632434176403,-1438.40542720502));
#2854=CARTESIAN_POINT('',(428.399999999997,-872.632434176403,-1438.40542720502));
#2855=CARTESIAN_POINT('',(428.398826446646,-872.621676104871,-1438.27095131087));
#2856=CARTESIAN_POINT('',(428.399999999995,-870.940599409898,-1438.40542720502));
#2857=CARTESIAN_POINT('',(428.399999999995,-911.62886570022,-1438.40542720502));
#2858=CARTESIAN_POINT('',(428.399999999998,-869.248764643394,-1438.40542720502));
#2859=CARTESIAN_POINT('',(428.778251918778,-871.659375051383,-1481.74880398708));
#2860=CARTESIAN_POINT('',(403.643773012641,-870.356226987359,-1482.04062590081));
#2861=CARTESIAN_POINT('',(428.399999999998,-869.248764643394,-1438.40542720502));
#2862=CARTESIAN_POINT('',(429.599919514427,-869.318458019551,-1438.52712495427));
#2863=CARTESIAN_POINT('',(430.799919382717,-869.388112853552,-1438.64804748843));
#2864=CARTESIAN_POINT('',(431.999999999998,-869.45772895587,-1438.76819099547));
#2865=CARTESIAN_POINT('',(431.999999999998,-869.45772895587,-1438.76819099547));
#2866=CARTESIAN_POINT('',(431.999999999998,-868.217208862675,-1416.2781046604));
#2867=CARTESIAN_POINT('',(431.999999999998,-837.000000000001,-1418.));
#2868=CARTESIAN_POINT('',(431.999999999998,-911.628865700219,-1438.76819099547));
#2869=CARTESIAN_POINT('',(431.999999999998,-868.053676644044,-1438.76819099547));
#2870=CARTESIAN_POINT('',(431.999999999998,-866.817415371299,-1416.35531521115));
#2871=CARTESIAN_POINT('',(403.717043351381,-868.960267603588,-1482.11762496782));
#2872=CARTESIAN_POINT('',(410.834944609577,-866.8214423499,-1436.56844683524));
#2873=CARTESIAN_POINT('',(417.887117856498,-867.233492435785,-1437.3280672253));
#2874=CARTESIAN_POINT('',(424.942105071209,-867.644251536727,-1438.06160492376));
#2875=CARTESIAN_POINT('',(431.999999999998,-868.053676644044,-1438.76819099547));
#2876=CARTESIAN_POINT('',(410.834944609577,-866.8214423499,-1436.56844683524));
#2877=CARTESIAN_POINT('',(408.435569169591,-869.220817789886,-1482.35125757079));
#2878=CARTESIAN_POINT('',(408.623978612065,-865.631207945902,-1482.54925517168));
#2879=CARTESIAN_POINT('',(407.448015720696,-863.212104512155,-1436.20160244813));
#2880=CARTESIAN_POINT('',(407.448015720696,-863.442008306175,-1436.20160244813));
#2881=CARTESIAN_POINT('',(407.480559682501,-863.781424268974,-1436.20514712898));
#2882=CARTESIAN_POINT('',(407.585981531617,-864.222771944318,-1436.21662524665));
#2883=CARTESIAN_POINT('',(407.735094301104,-864.658519620777,-1436.23285511202));
#2884=CARTESIAN_POINT('',(407.991245514721,-865.162141554877,-1436.2607205637));
#2885=CARTESIAN_POINT('',(408.414255691775,-865.708540098955,-1436.30668238275));
#2886=CARTESIAN_POINT('',(408.922303118496,-866.15706046213,-1436.36180003988));
#2887=CARTESIAN_POINT('',(409.515046903149,-866.507970890347,-1436.42598968444));
#2888=CARTESIAN_POINT('',(410.152463937791,-866.73678553231,-1436.49487730171));
#2889=CARTESIAN_POINT('',(410.60675210607,-866.808109333626,-1436.54386722375));
#2890=CARTESIAN_POINT('',(410.834944609577,-866.8214423499,-1436.56844683524));
#2891=CARTESIAN_POINT('',(407.448015720696,-863.212104512155,-1436.20160244813));
#2892=CARTESIAN_POINT('',(405.028912286949,-865.631207945902,-1482.36084572921));
#2893=CARTESIAN_POINT('',(408.398081348654,-867.000000000002,-1418.07327033874));
#2894=CARTESIAN_POINT('',(407.448015720696,-911.62886570022,-1436.20160244813));
#2895=CARTESIAN_POINT('',(407.448015720696,-840.787895487847,-1436.20160244813));
#2896=CARTESIAN_POINT('',(408.467086386355,-841.806966153507,-1416.75657578223));
#2897=CARTESIAN_POINT('',(412.062152711472,-841.806966153507,-1416.9449852247));
#2898=CARTESIAN_POINT('',(410.834944609577,-837.178557650103,-1436.56844683524));
#2899=CARTESIAN_POINT('',(410.606748063215,-837.191890902596,-1436.54386678828));
#2900=CARTESIAN_POINT('',(410.271735540251,-837.244227794674,-1436.50773967905));
#2901=CARTESIAN_POINT('',(409.839774455222,-837.375597813841,-1436.46108389577));
#2902=CARTESIAN_POINT('',(409.415880855657,-837.550490471251,-1436.41525101412));
#2903=CARTESIAN_POINT('',(408.930778293765,-837.83674656278,-1436.36271852607));
#2904=CARTESIAN_POINT('',(408.412817508374,-838.292994461915,-1436.30652647026));
#2905=CARTESIAN_POINT('',(407.996913127824,-838.828973234529,-1436.26133657708));
#2906=CARTESIAN_POINT('',(407.6827790796,-839.444449053871,-1436.22716408724));
#2907=CARTESIAN_POINT('',(407.49250521254,-840.097680445025,-1436.20644815102));
#2908=CARTESIAN_POINT('',(407.448015720695,-840.557992381387,-1436.20160244813));
#2909=CARTESIAN_POINT('',(407.448015720695,-840.787895487847,-1436.20160244813));
#2910=CARTESIAN_POINT('',(410.834944609577,-837.178557650102,-1436.56844683524));
#2911=CARTESIAN_POINT('',(411.873743268997,-838.217356309523,-1416.74698762381));
#2912=CARTESIAN_POINT('',(403.717043351381,-835.039732396415,-1482.11762496782));
#2913=CARTESIAN_POINT('',(431.999999999998,-835.946323355958,-1438.76819099547));
#2914=CARTESIAN_POINT('',(424.942105071209,-836.355748463275,-1438.06160492376));
#2915=CARTESIAN_POINT('',(417.887117856498,-836.766507564217,-1437.3280672253));
#2916=CARTESIAN_POINT('',(410.834944609577,-837.178557650102,-1436.56844683524));
#2917=CARTESIAN_POINT('',(431.999999999998,-835.946323355958,-1438.76819099547));
#2918=CARTESIAN_POINT('',(431.999999999998,-833.559735155748,-1482.03599049619));
#2919=CARTESIAN_POINT('',(431.999999999998,-837.000000000001,-1418.));
#2920=CARTESIAN_POINT('',(431.999999999998,-911.628865700219,-1438.76819099547));
#2921=CARTESIAN_POINT('',(431.999999999998,-834.542271044132,-1438.76819099547));
#2922=CARTESIAN_POINT('',(431.999999999998,-832.159941664372,-1481.95877994544));
#2923=CARTESIAN_POINT('',(403.643773012641,-833.643773012643,-1482.04062590081));
#2924=CARTESIAN_POINT('',(431.999999999998,-834.542271044132,-1438.76819099547));
#2925=CARTESIAN_POINT('',(430.799919382717,-834.611887146451,-1438.64804748843));
#2926=CARTESIAN_POINT('',(429.599919514428,-834.681541980451,-1438.52712495428));
#2927=CARTESIAN_POINT('',(428.399999999999,-834.751235356609,-1438.40542720502));
#2928=CARTESIAN_POINT('',(428.399999999997,-834.751235356608,-1438.40542720502));
#2929=CARTESIAN_POINT('',(428.778251918778,-832.340624948619,-1481.74880398708));
#2930=CARTESIAN_POINT('',(428.399999999995,-833.059400590104,-1438.40542720502));
#2931=CARTESIAN_POINT('',(428.399999999995,-911.62886570022,-1438.40542720502));
#2932=CARTESIAN_POINT('',(428.399999999998,-831.367565823599,-1438.40542720502));
#2933=CARTESIAN_POINT('',(428.398826446646,-831.378323895131,-1438.27095131087));
#2934=CARTESIAN_POINT('',(426.999999999998,-827.000000000001,-1493.));
#2935=CARTESIAN_POINT('',(428.399999999998,-831.367565823599,-1438.40542720502));
#2936=CARTESIAN_POINT('',(427.933321340981,-831.37135232706,-1438.35809591176));
#2937=CARTESIAN_POINT('',(427.466654682219,-831.375148212495,-1438.31064734383));
#2938=CARTESIAN_POINT('',(426.999999999998,-831.378953461363,-1438.26308173298));
#2939=CARTESIAN_POINT('',(426.999999999998,-831.378953461363,-1438.26308173298));
#2940=CARTESIAN_POINT('',(426.522354296323,-827.00033134745,-1492.99585815689));
#2941=CARTESIAN_POINT('',(426.999999999996,-833.105761402631,-1438.26308173298));
#2942=CARTESIAN_POINT('',(426.999999999996,-911.62886570022,-1438.26308173298));
#2943=CARTESIAN_POINT('',(426.999999999997,-834.832569343899,-1438.26308173298));
#2944=CARTESIAN_POINT('',(426.616788710169,-832.430580282489,-1482.17474614853));
#2945=CARTESIAN_POINT('',(403.643773012641,-833.643773012643,-1482.04062590081));
#2946=CARTESIAN_POINT('',(426.999999999998,-834.832569343899,-1438.26308173298));
#2947=CARTESIAN_POINT('',(422.965736815692,-835.066999138323,-1437.85187361697));
#2948=CARTESIAN_POINT('',(418.932409304601,-835.301862197301,-1437.43192024156));
#2949=CARTESIAN_POINT('',(414.899999999998,-835.537150432845,-1437.00338485937));
#2950=CARTESIAN_POINT('',(414.899999999998,-835.537150432845,-1437.00338485937));
#2951=CARTESIAN_POINT('',(415.291853834158,-833.039854625123,-1481.90538676379));
#2952=CARTESIAN_POINT('',(414.899999999998,-833.508439822048,-1437.00338485937));
#2953=CARTESIAN_POINT('',(414.899999999998,-911.628865700219,-1437.00338485937));
#2954=CARTESIAN_POINT('',(414.899999999998,-831.479729211252,-1437.00338485937));
#2955=CARTESIAN_POINT('',(414.898592770297,-831.492629415397,-1436.84213230754));
#2956=CARTESIAN_POINT('',(413.499999999998,-827.000000000001,-1493.));
#2957=CARTESIAN_POINT('',(414.899999999998,-831.479729211252,-1437.00338485937));
#2958=CARTESIAN_POINT('',(414.433321023392,-831.483696833355,-1436.95378958307));
#2959=CARTESIAN_POINT('',(413.966654366471,-831.487673648963,-1436.90407938797));
#2960=CARTESIAN_POINT('',(413.499999999998,-831.491659636257,-1436.8542545468));
#2961=CARTESIAN_POINT('',(413.499999999998,-831.491659636257,-1436.8542545468));
#2962=CARTESIAN_POINT('',(413.010060578044,-827.000339875721,-1492.9957515535));
#2963=CARTESIAN_POINT('',(413.499999999997,-833.55525914911,-1436.8542545468));
#2964=CARTESIAN_POINT('',(413.499999999997,-911.62886570022,-1436.8542545468));
#2965=CARTESIAN_POINT('',(413.499999999998,-835.618858661962,-1436.8542545468));
#2966=CARTESIAN_POINT('',(413.105182462929,-833.144121016003,-1482.09586316683));
#2967=CARTESIAN_POINT('',(403.643773012641,-833.643773012643,-1482.04062590081));
#2968=CARTESIAN_POINT('',(413.499999999998,-835.618858661963,-1436.8542545468));
#2969=CARTESIAN_POINT('',(412.585975505246,-835.67221643003,-1436.75666384895));
#2970=CARTESIAN_POINT('',(411.671999890173,-835.725595882887,-1436.65863350271));
#2971=CARTESIAN_POINT('',(410.758072921583,-835.778996917077,-1436.5601656056));
#2972=CARTESIAN_POINT('',(410.758072921583,-835.778996917077,-1436.5601656056));
#2973=CARTESIAN_POINT('',(408.362298830851,-833.383222826345,-1482.27425850378));
#2974=CARTESIAN_POINT('',(412.062152711472,-841.806966153507,-1416.9449852247));
#2975=CARTESIAN_POINT('',(410.758072921583,-835.778996917077,-1436.5601656056));
#2976=CARTESIAN_POINT('',(410.441130444628,-835.797515963598,-1436.5260177357));
#2977=CARTESIAN_POINT('',(409.975832961848,-835.870210229888,-1436.47580592621));
#2978=CARTESIAN_POINT('',(409.375893072256,-836.052671156184,-1436.41092188621));
#2979=CARTESIAN_POINT('',(408.787146894608,-836.295597302797,-1436.34715503492));
#2980=CARTESIAN_POINT('',(408.113493739587,-836.693082956266,-1436.27403501845));
#2981=CARTESIAN_POINT('',(407.393755796259,-837.327184744043,-1436.19571746177));
#2982=CARTESIAN_POINT('',(406.913527819239,-837.946248629815,-1436.14335058656));
#2983=CARTESIAN_POINT('',(406.596807931871,-838.50035885618,-1436.10877454912));
#2984=CARTESIAN_POINT('',(406.336899262721,-839.076504213761,-1436.08038034463));
#2985=CARTESIAN_POINT('',(406.160015696469,-839.681269843369,-1436.06103837174));
#2986=CARTESIAN_POINT('',(406.069115436526,-840.314670636487,-1436.05109530581));
#2987=CARTESIAN_POINT('',(406.054068453961,-840.632372743902,-1436.04944912716));
#2988=CARTESIAN_POINT('',(406.054068453961,-840.792029569769,-1436.04944912716));
#2989=CARTESIAN_POINT('',(406.054068453961,-840.792029569769,-1436.04944912716));
#2990=CARTESIAN_POINT('',(407.069005037699,-841.806966153507,-1416.68330544349));
#2991=CARTESIAN_POINT('',(406.999999999998,-867.000000000002,-1418.));
#2992=CARTESIAN_POINT('',(406.054068453961,-911.62886570022,-1436.04944912716));
#2993=CARTESIAN_POINT('',(406.054068453961,-841.600000000013,-1436.04944912716));
#2994=CARTESIAN_POINT('',(406.054068453961,-841.600000000013,-1436.04944912716));
#2995=CARTESIAN_POINT('',(406.286604022574,-841.638943488321,-1431.6124061577));
#2996=CARTESIAN_POINT('',(406.519139591187,-841.677886976629,-1427.17536318824));
#2997=CARTESIAN_POINT('',(406.7516751598,-841.716830464937,-1422.73832021879));
#2998=CARTESIAN_POINT('',(411.802747870633,-841.599999999997,-1436.67833972203));
#2999=CARTESIAN_POINT('',(409.886521398409,-841.599999999997,-1436.46870952436));
#3000=CARTESIAN_POINT('',(407.970294926185,-841.599999999997,-1436.25907932669));
#3001=CARTESIAN_POINT('',(406.054068453961,-841.599999999997,-1436.04944912902));
#3002=CARTESIAN_POINT('',(404.732928965887,-841.599999999997,-1435.90491990136));
#3003=CARTESIAN_POINT('',(403.411889137421,-841.599999999997,-1435.75948367526));
#3004=CARTESIAN_POINT('',(402.090948216938,-841.599999999997,-1435.6131472901));
#3005=CARTESIAN_POINT('',(411.802747870636,-841.763925789065,-1417.89430483132));
#3006=CARTESIAN_POINT('',(409.886521398411,-841.763925789065,-1417.68467463365));
#3007=CARTESIAN_POINT('',(407.970294926186,-841.763925789065,-1417.47504443598));
#3008=CARTESIAN_POINT('',(406.054068453961,-841.763925789065,-1417.26541423831));
#3009=CARTESIAN_POINT('',(404.732928965887,-841.763925789065,-1417.12088501065));
#3010=CARTESIAN_POINT('',(403.411889137422,-841.763925789065,-1416.97544878455));
#3011=CARTESIAN_POINT('',(402.090948216938,-841.763925789065,-1416.82911239939));
#3012=CARTESIAN_POINT('',(406.054068453961,-841.600000000013,-1436.04944912716));
#3013=CARTESIAN_POINT('',(404.732928965928,-841.600000000013,-1435.90491989931));
#3014=CARTESIAN_POINT('',(403.411889137392,-841.600000000013,-1435.75948367347));
#3015=CARTESIAN_POINT('',(402.090948216938,-841.600000000013,-1435.61314728825));
#3016=CARTESIAN_POINT('',(402.090948216938,-841.600000000013,-1435.61314728825));
#3017=CARTESIAN_POINT('',(402.090948216938,-841.600000000013,-1435.61314728825));
#3018=CARTESIAN_POINT('',(402.437931507212,-841.638186422509,-1431.27585615983));
#3019=CARTESIAN_POINT('',(402.784914797869,-841.676372296414,-1426.93856502661));
#3020=CARTESIAN_POINT('',(403.131898088911,-841.714557620698,-1422.60127388859));
#3021=CARTESIAN_POINT('',(397.499999999998,-843.000000000013,-1493.));
#3022=CARTESIAN_POINT('',(402.090948216938,-911.628865700219,-1435.61314728825));
#3023=CARTESIAN_POINT('',(402.090948216938,-843.000000000013,-1435.61314728825));
#3024=CARTESIAN_POINT('',(402.090948216938,-843.000000000013,-1435.61314728825));
#3025=CARTESIAN_POINT('',(402.437931507212,-842.961813577613,-1431.27585615983));
#3026=CARTESIAN_POINT('',(402.784914797869,-842.923627703794,-1426.93856502661));
#3027=CARTESIAN_POINT('',(403.131898088911,-842.885442379575,-1422.60127388859));
#3028=CARTESIAN_POINT('',(411.802747870633,-842.999999997459,-1436.67833972008));
#3029=CARTESIAN_POINT('',(409.886521398409,-842.999999998315,-1436.468709523));
#3030=CARTESIAN_POINT('',(407.970294926185,-842.999999999171,-1436.25907932592));
#3031=CARTESIAN_POINT('',(406.054068453961,-843.000000000027,-1436.04944912885));
#3032=CARTESIAN_POINT('',(404.732928965844,-843.000000000617,-1435.9049199016));
#3033=CARTESIAN_POINT('',(403.411889137415,-843.000000000396,-1435.75948367514));
#3034=CARTESIAN_POINT('',(402.090948216938,-843.000000000027,-1435.61314728993));
#3035=CARTESIAN_POINT('',(411.802747870636,-842.836074208408,-1417.89430483132));
#3036=CARTESIAN_POINT('',(409.886521398411,-842.836074209264,-1417.68467463424));
#3037=CARTESIAN_POINT('',(407.970294926186,-842.83607421012,-1417.47504443716));
#3038=CARTESIAN_POINT('',(406.054068453961,-842.836074210976,-1417.26541424009));
#3039=CARTESIAN_POINT('',(404.732928965843,-842.836074211566,-1417.12088501284));
#3040=CARTESIAN_POINT('',(403.411889137416,-842.836074211345,-1416.97544878638));
#3041=CARTESIAN_POINT('',(402.090948216938,-842.836074210976,-1416.82911240117));
#3042=CARTESIAN_POINT('',(406.054068453961,-843.000000000013,-1436.04944912716));
#3043=CARTESIAN_POINT('',(404.732928965929,-843.000000000013,-1435.90491989931));
#3044=CARTESIAN_POINT('',(403.411889137393,-843.000000000013,-1435.75948367347));
#3045=CARTESIAN_POINT('',(402.090948216938,-843.000000000013,-1435.61314728825));
#3046=CARTESIAN_POINT('',(406.054068453961,-843.000000000013,-1436.04944912716));
#3047=CARTESIAN_POINT('',(406.7516751598,-842.883169534779,-1422.73832021879));
#3048=CARTESIAN_POINT('',(406.519139591187,-842.92211302319,-1427.17536318824));
#3049=CARTESIAN_POINT('',(406.286604022574,-842.961056511601,-1431.6124061577));
#3050=CARTESIAN_POINT('',(406.054068453961,-843.000000000013,-1436.04944912716));
#3051=CARTESIAN_POINT('',(406.999999999998,-867.000000000002,-1418.));
#3052=CARTESIAN_POINT('',(406.054068453961,-911.62886570022,-1436.04944912716));
#3053=CARTESIAN_POINT('',(406.054068453961,-860.99999999999,-1436.04944912716));
#3054=CARTESIAN_POINT('',(406.054068453961,-860.99999999999,-1436.04944912716));
#3055=CARTESIAN_POINT('',(406.286604022574,-861.038943488403,-1431.6124061577));
#3056=CARTESIAN_POINT('',(406.519139591187,-861.077886976817,-1427.17536318824));
#3057=CARTESIAN_POINT('',(406.7516751598,-861.116830465231,-1422.73832021879));
#3058=CARTESIAN_POINT('',(402.090948216961,-860.99999999997,-1435.61314729048));
#3059=CARTESIAN_POINT('',(403.411889137499,-860.99999999938,-1435.75948367511));
#3060=CARTESIAN_POINT('',(404.732928966018,-860.99999999938,-1435.90491990058));
#3061=CARTESIAN_POINT('',(406.054068453961,-860.99999999997,-1436.04944912939));
#3062=CARTESIAN_POINT('',(407.970294926186,-861.000000000826,-1436.25907932878));
#3063=CARTESIAN_POINT('',(409.886521398411,-861.000000001682,-1436.46870952816));
#3064=CARTESIAN_POINT('',(411.802747870636,-861.000000002538,-1436.67833972755));
#3065=CARTESIAN_POINT('',(402.090948216961,-861.163925789086,-1416.82911239427));
#3066=CARTESIAN_POINT('',(403.411889137498,-861.163925788496,-1416.97544877891));
#3067=CARTESIAN_POINT('',(404.732928966019,-861.163925788496,-1417.12088500437));
#3068=CARTESIAN_POINT('',(406.054068453961,-861.163925789086,-1417.26541423319));
#3069=CARTESIAN_POINT('',(407.970294926185,-861.163925789942,-1417.47504443257));
#3070=CARTESIAN_POINT('',(409.886521398409,-861.163925790798,-1417.68467463196));
#3071=CARTESIAN_POINT('',(411.802747870633,-861.163925791655,-1417.89430483134));
#3072=CARTESIAN_POINT('',(402.090948216961,-860.99999999999,-1435.61314728825));
#3073=CARTESIAN_POINT('',(403.411889137407,-860.999999999989,-1435.75948367347));
#3074=CARTESIAN_POINT('',(404.732928965936,-860.999999999989,-1435.90491989931));
#3075=CARTESIAN_POINT('',(406.054068453961,-860.99999999999,-1436.04944912716));
#3076=CARTESIAN_POINT('',(402.090948216961,-860.99999999999,-1435.61314728825));
#3077=CARTESIAN_POINT('',(402.090948216961,-860.99999999999,-1435.61314728825));
#3078=CARTESIAN_POINT('',(402.437931507234,-861.03818642233,-1431.27585615983));
#3079=CARTESIAN_POINT('',(402.784914797869,-861.076372296119,-1426.93856502661));
#3080=CARTESIAN_POINT('',(403.131898088911,-861.114557620328,-1422.60127388858));
#3081=CARTESIAN_POINT('',(403.499999999998,-852.000000000001,-1418.));
#3082=CARTESIAN_POINT('',(402.090948216938,-911.628865700219,-1435.61314728825));
#3083=CARTESIAN_POINT('',(445.999999999995,-825.999999999994,-1440.13387439649));
#3084=CARTESIAN_POINT('',(446.000000000001,-843.000000000007,-1440.13387439651));
#3085=CARTESIAN_POINT('',(445.999999999997,-859.999999999999,-1440.13387439649));
#3086=CARTESIAN_POINT('',(445.999999999998,-877.000000000001,-1440.1338743965));
#3087=CARTESIAN_POINT('',(437.492488636954,-825.999999999994,-1439.32591984105));
#3088=CARTESIAN_POINT('',(437.49248863696,-843.000000000006,-1439.32591984107));
#3089=CARTESIAN_POINT('',(437.492488636957,-859.999999999999,-1439.32591984105));
#3090=CARTESIAN_POINT('',(437.492488636958,-877.000000000001,-1439.32591984106));
#3091=CARTESIAN_POINT('',(420.48525105381,-825.999999999994,-1437.63028300761));
#3092=CARTESIAN_POINT('',(420.485251053817,-843.000000000007,-1437.63028300763));
#3093=CARTESIAN_POINT('',(420.485251053812,-859.999999999999,-1437.63028300762));
#3094=CARTESIAN_POINT('',(420.485251053813,-877.000000000001,-1437.63028300762));
#3095=CARTESIAN_POINT('',(403.492776387086,-825.999999999995,-1435.78057287377));
#3096=CARTESIAN_POINT('',(403.492776387091,-843.000000000006,-1435.78057287379));
#3097=CARTESIAN_POINT('',(403.492776387088,-859.999999999999,-1435.78057287377));
#3098=CARTESIAN_POINT('',(403.492776387089,-877.000000000001,-1435.78057287378));
#3099=CARTESIAN_POINT('',(394.999999999995,-825.999999999994,-1434.8188854607));
#3100=CARTESIAN_POINT('',(395.,-843.000000000007,-1434.81888546072));
#3101=CARTESIAN_POINT('',(394.999999999997,-859.999999999999,-1434.81888546071));
#3102=CARTESIAN_POINT('',(394.999999999998,-877.000000000001,-1434.81888546071));
#3103=CARTESIAN_POINT('',(445.999999999998,-826.000000000001,-1440.1338743965));
#3104=CARTESIAN_POINT('',(428.983784136555,-826.000000000001,-1438.51781080777));
#3105=CARTESIAN_POINT('',(411.984208799759,-826.000000000001,-1436.74207297152));
#3106=CARTESIAN_POINT('',(394.999999999998,-826.000000000001,-1434.81888546071));
#3107=CARTESIAN_POINT('',(445.999999999998,-826.000000000001,-1440.1338743965));
#3108=CARTESIAN_POINT('',(394.999999999998,-826.000000000001,-1434.81888546071));
#3109=CARTESIAN_POINT('',(394.999999999998,-911.662675874179,-1434.81888546071));
#3110=CARTESIAN_POINT('',(394.999999999998,-877.000000000001,-1434.81888546071));
#3111=CARTESIAN_POINT('',(394.999999999998,-877.000000000001,-1434.81888546071));
#3112=CARTESIAN_POINT('',(411.984208799759,-877.000000000001,-1436.74207297151));
#3113=CARTESIAN_POINT('',(428.983784136555,-877.000000000001,-1438.51781080777));
#3114=CARTESIAN_POINT('',(445.999999999998,-877.000000000001,-1440.1338743965));
#3115=CARTESIAN_POINT('',(445.999999999998,-877.000000000001,-1440.1338743965));
#3116=CARTESIAN_POINT('',(445.999999999994,-911.662675874179,-1440.1338743965));
#3117=CARTESIAN_POINT('',(394.999999999998,-877.000000000001,-1183.));
#3118=CARTESIAN_POINT('',(394.999999999998,-826.000000000001,-1183.));
#3119=CARTESIAN_POINT('',(394.999999999998,-826.000000000001,-1438.34122572585));
#3120=CARTESIAN_POINT('',(394.999999999998,-909.37000215,-1438.34122572585));
#3121=CARTESIAN_POINT('',(394.999999999998,-877.000000000001,-1438.34122572585));
#3122=CARTESIAN_POINT('',(394.999999999998,-877.000000000001,-1183.));
#3123=CARTESIAN_POINT('',(394.999999999998,-826.000000000001,-1183.));
#3124=CARTESIAN_POINT('',(445.999999999998,-826.000000000001,-1183.));
#3125=CARTESIAN_POINT('',(445.999999999998,-826.000000000001,-1443.64960317089));
#3126=CARTESIAN_POINT('',(445.999999999998,-826.000000000001,-1443.64960317089));
#3127=CARTESIAN_POINT('',(428.983816861625,-826.000000000001,-1442.03562280407));
#3128=CARTESIAN_POINT('',(411.984237601858,-826.000000000001,-1440.26212141266));
#3129=CARTESIAN_POINT('',(394.999999999998,-826.000000000001,-1438.34122572585));
#3130=CARTESIAN_POINT('',(445.999999999998,-826.000000000001,-1183.));
#3131=CARTESIAN_POINT('',(445.999999999998,-877.000000000001,-1183.));
#3132=CARTESIAN_POINT('',(445.999999999998,-877.000000000001,-1443.64960317089));
#3133=CARTESIAN_POINT('',(445.999999999998,-909.37000215,-1443.64960317089));
#3134=CARTESIAN_POINT('',(445.999999999998,-877.000000000001,-1183.));
#3135=CARTESIAN_POINT('',(394.999999999998,-877.000000000001,-1438.34122572585));
#3136=CARTESIAN_POINT('',(411.984237601858,-877.000000000001,-1440.26212141266));
#3137=CARTESIAN_POINT('',(428.983816861624,-877.000000000001,-1442.03562280407));
#3138=CARTESIAN_POINT('',(445.999999999998,-877.000000000001,-1443.64960317089));
#3139=CARTESIAN_POINT('',(445.999999999998,-826.000000000001,-1443.64960317088));
#3140=CARTESIAN_POINT('',(445.999999999998,-877.000000000001,-1443.64960317088));
#3141=CARTESIAN_POINT('',(435.790547497672,-826.000000000001,-1442.68123936328));
#3142=CARTESIAN_POINT('',(435.790547497672,-877.000000000001,-1442.68123936328));
#3143=CARTESIAN_POINT('',(425.585923727791,-826.000000000001,-1441.66519514781));
#3144=CARTESIAN_POINT('',(425.585923727791,-877.000000000001,-1441.66519514781));
#3145=CARTESIAN_POINT('',(415.386046041355,-826.000000000001,-1440.60229910494));
#3146=CARTESIAN_POINT('',(415.386046041355,-877.000000000001,-1440.60229910494));
#3147=CARTESIAN_POINT('',(405.190790181643,-826.000000000001,-1439.4937911435));
#3148=CARTESIAN_POINT('',(405.190790181643,-877.000000000001,-1439.4937911435));
#3149=CARTESIAN_POINT('',(394.999999999998,-826.000000000001,-1438.34122572585));
#3150=CARTESIAN_POINT('',(394.999999999998,-877.000000000001,-1438.34122572585));
#3151=CARTESIAN_POINT('',(0.,0.,-1141.79907226562));
#3152=CARTESIAN_POINT('',(0.,0.,0.));
#3153=CARTESIAN_POINT('',(-72.062214574873,-72.062214574873,289.025756835938));
#3154=CARTESIAN_POINT('',(0.,-2569.8955078125,0.));
#3155=CARTESIAN_POINT('',(0.,0.,0.));
#3156=CARTESIAN_POINT('',(-428.444119181993,-428.444119181993,1718.3955078125));
#3157=CARTESIAN_POINT('',(2138.8955078125,0.,0.));
#3158=CARTESIAN_POINT('',(0.,0.,0.));
#3159=CARTESIAN_POINT('',(-428.444119181993,-428.444119181993,1718.3955078125));
#3160=CARTESIAN_POINT('',(0.,866.895446777344,0.));
#3161=CARTESIAN_POINT('',(0.,0.,0.));
#3162=CARTESIAN_POINT('',(-428.44410396422,-428.44410396422,1718.39544677734));
#3163=CARTESIAN_POINT('',(0.,0.,-1719.8505859375));
#3164=CARTESIAN_POINT('',(0.,0.,0.));
#3165=CARTESIAN_POINT('',(-72.062214574873,-72.062214574873,289.025756835938));
#3166=CARTESIAN_POINT('',(-1297.89538574219,0.,0.));
#3167=CARTESIAN_POINT('',(0.,0.,0.));
#3168=CARTESIAN_POINT('',(-428.444088746446,-428.444088746446,1718.39538574219));
#3169=CARTESIAN_POINT('',(921.711303710938,-921.711303710938,921.711303710938));
#3170=CARTESIAN_POINT('',(0.,0.,0.));
#3171=CARTESIAN_POINT('',(-420.902655837283,-420.902655837283,1688.14835035676));
#3172=CARTESIAN_POINT('',(1472.56118087663,-1198.43113157346,769.020006612973));
#3173=CARTESIAN_POINT('',(0.,0.,0.));
#3174=CARTESIAN_POINT('',(-445.083918569744,-445.083918569744,1785.13409807114));
#3175=CARTESIAN_POINT('',(454.55374628528,-369.934621951603,237.382955222662));
#3176=CARTESIAN_POINT('',(0.,0.,0.));
#3177=CARTESIAN_POINT('',(-92.006630406482,-92.006630406482,369.018439747343));
#3178=CARTESIAN_POINT('',(454.55374628528,-369.934621951603,237.382955222662));
#3179=CARTESIAN_POINT('',(0.,0.,0.));
#3180=CARTESIAN_POINT('',(-92.006630406482,-92.006630406482,369.018439747343));
#3181=CARTESIAN_POINT('',(454.55374628528,-369.934621951603,237.382955222662));
#3182=CARTESIAN_POINT('',(0.,0.,0.));
#3183=CARTESIAN_POINT('',(-92.006630406482,-92.006630406482,369.018439747343));
#3184=CARTESIAN_POINT('',(454.55374628528,-369.934621951603,237.382955222662));
#3185=CARTESIAN_POINT('',(0.,0.,0.));
#3186=CARTESIAN_POINT('',(-92.006630406482,-92.006630406482,369.018439747343));
#3187=CARTESIAN_POINT('',(726.029418945312,0.,0.));
#3188=CARTESIAN_POINT('',(0.,0.,0.));
#3189=CARTESIAN_POINT('',(-76.1770396797929,-76.1770396797929,305.529418945313));
#3190=CARTESIAN_POINT('',(0.,0.,-1736.35424804688));
#3191=CARTESIAN_POINT('',(0.,0.,0.));
#3192=CARTESIAN_POINT('',(-76.1770396797929,-76.1770396797929,305.529418945313));
#3193=CARTESIAN_POINT('',(114.970596313477,0.,0.));
#3194=CARTESIAN_POINT('',(0.,0.,0.));
#3195=CARTESIAN_POINT('',(-76.1770358753495,-76.1770358753495,305.529403686523));
#3196=CARTESIAN_POINT('',(0.,-1157.02941894531,0.));
#3197=CARTESIAN_POINT('',(0.,0.,0.));
#3198=CARTESIAN_POINT('',(-76.1770396797929,-76.1770396797929,305.529418945313));
#3199=CARTESIAN_POINT('',(0.,-545.970581054688,0.));
#3200=CARTESIAN_POINT('',(0.,0.,0.));
#3201=CARTESIAN_POINT('',(-76.1770396797929,-76.1770396797929,305.529418945313));
#3202=CARTESIAN_POINT('',(0.,0.,-1125.29541015625));
#3203=CARTESIAN_POINT('',(0.,0.,0.));
#3204=CARTESIAN_POINT('',(-76.1770396797929,-76.1770396797929,305.529418945313));
#3205=CARTESIAN_POINT('',(88.4547400450207,88.4547400450207,-88.4546937991152));
#3206=CARTESIAN_POINT('',(0.,0.,0.));
#3207=CARTESIAN_POINT('',(-105.725248146378,-105.725248146378,424.040810325429));
#3208=CARTESIAN_POINT('',(-166.66648932774,-238.099196864404,116.964454746766));
#3209=CARTESIAN_POINT('',(0.,0.,0.));
#3210=CARTESIAN_POINT('',(-105.725248275437,-105.725248275437,424.04081084306));
#3211=CARTESIAN_POINT('',(88.4547400450207,88.4547400450207,-88.4546937991152));
#3212=CARTESIAN_POINT('',(0.,0.,0.));
#3213=CARTESIAN_POINT('',(-105.725248146378,-105.725248146378,424.040810325429));
#3214=MECHANICAL_DESIGN_GEOMETRIC_PRESENTATION_REPRESENTATION('',(#1605),
#3215);
#3215=(
GEOMETRIC_REPRESENTATION_CONTEXT(3)
GLOBAL_UNCERTAINTY_ASSIGNED_CONTEXT((#3216))
GLOBAL_UNIT_ASSIGNED_CONTEXT((#3219,#3218,#3217))
REPRESENTATION_CONTEXT('Dog hause UBV','TOP_LEVEL_ASSEMBLY_PART')
);
#3216=UNCERTAINTY_MEASURE_WITH_UNIT(LENGTH_MEASURE(1.E-5),#3219,
'DISTANCE_ACCURACY_VALUE','Maximum Tolerance applied to model');
#3217=(
NAMED_UNIT(*)
SI_UNIT($,.STERADIAN.)
SOLID_ANGLE_UNIT()
);
#3218=(
NAMED_UNIT(*)
PLANE_ANGLE_UNIT()
SI_UNIT($,.RADIAN.)
);
#3219=(
LENGTH_UNIT()
NAMED_UNIT(*)
SI_UNIT(.MILLI.,.METRE.)
);
#3220=PRODUCT_DEFINITION_SHAPE('','',#3221);
#3221=PRODUCT_DEFINITION('','',#3223,#3222);
#3222=PRODUCT_DEFINITION_CONTEXT('',#3229,'design');
#3223=PRODUCT_DEFINITION_FORMATION_WITH_SPECIFIED_SOURCE('','',#3225,
 .NOT_KNOWN.);
#3224=PRODUCT_RELATED_PRODUCT_CATEGORY('','',(#3225));
#3225=PRODUCT('Dog hause UBV','Dog hause UBV','Dog hause UBV',(#3227));
#3226=PRODUCT_CATEGORY('','');
#3227=PRODUCT_CONTEXT('',#3229,'mechanical');
#3228=APPLICATION_PROTOCOL_DEFINITION('international standard',
'ap242_managed_model_based_3d_engineering',2020,#3229);
#3229=APPLICATION_CONTEXT('managed model based 3d engineering');
ENDSEC;
END-ISO-10303-21;
