ISO-10303-21;
HEADER;
FILE_NAME('Open CASCADE Shape Model','2026-10-02T23:44:51',('Author'),(
    'Open CASCADE'),'Open CASCADE STEP processor 7.9','Open CASCADE 7.9'
  ,'Unknown');
FILE_DESCRIPTION(('Open CASCADE Model'),'2;1');
FILE_SCHEMA((''));
ENDSEC;
DATA;
#1 = APPLICATION_PROTOCOL_DEFINITION('international standard',
  'automotive_design',2000,#2);
#2 = APPLICATION_CONTEXT(
  'core data for automotive mechanical design processes');
#3 = SHAPE_DEFINITION_REPRESENTATION(#4,#10);
#4 = PRODUCT_DEFINITION_SHAPE('','',#5);
#5 = PRODUCT_DEFINITION('design','',#6,#9);
#6 = PRODUCT_DEFINITION_FORMATION('','',#7);
#7 = PRODUCT('Open CASCADE STEP translator 7.9 1',
  'Open CASCADE STEP translator 7.9 1','',(#8));
#8 = PRODUCT_CONTEXT('',#2,'mechanical');
#9 = PRODUCT_DEFINITION_CONTEXT('part definition',#2,'design');
#10 = ADVANCED_BREP_SHAPE_REPRESENTATION('',(#11,#15),#8069);
#11 = AXIS2_PLACEMENT_3D('',#12,#13,#14);
#12 = CARTESIAN_POINT('',(0.,0.,0.));
#13 = DIRECTION('',(0.,0.,1.));
#14 = DIRECTION('',(1.,0.,-0.));
#15 = MANIFOLD_SOLID_BREP('',#16);
#16 = CLOSED_SHELL('',(#17,#868,#986,#1060,#1134,#1164,#1231,#1274,#1317
    ,#1341,#1459,#1533,#1607,#1637,#1750,#1824,#1898,#1923,#2017,#2122,
    #2227,#2311,#2391,#2485,#2590,#2695,#2779,#2873,#2978,#3083,#3167,
    #3386,#3430,#3474,#3626,#3633,#3968,#4012,#4056,#4315,#4340,#4365,
    #4557,#4818,#4896,#4969,#5863,#6029,#6110,#6191,#6269,#6410,#6489,
    #6568,#6625,#6650,#6674,#6699,#6723,#6730,#6755,#6780,#6805,#6812,
    #6837,#6844,#7012,#7070,#7153,#7162,#7246,#7302,#7375,#7407,#7471,
    #7566,#7574,#7782,#7846,#7910,#7917,#7999,#8065));
#17 = ADVANCED_FACE('',(#18,#137,#239,#353,#467,#581,#640,#754),#31,.T.
  );
#18 = FACE_BOUND('',#19,.T.);
#19 = EDGE_LOOP('',(#20,#55,#83,#111));
#20 = ORIENTED_EDGE('',*,*,#21,.T.);
#21 = EDGE_CURVE('',#22,#24,#26,.T.);
#22 = VERTEX_POINT('',#23);
#23 = CARTESIAN_POINT('',(153.,19.729666822786,2.));
#24 = VERTEX_POINT('',#25);
#25 = CARTESIAN_POINT('',(147.,19.729666822786,2.));
#26 = SURFACE_CURVE('',#27,(#30,#41),.PCURVE_S1.);
#27 = B_SPLINE_CURVE_WITH_KNOTS('',1,(#28,#29),.UNSPECIFIED.,.F.,.F.,(2,
    2),(-1.,5.),.PIECEWISE_BEZIER_KNOTS.);
#28 = CARTESIAN_POINT('',(153.,19.729666822786,2.));
#29 = CARTESIAN_POINT('',(147.,19.729666822786,2.));
#30 = PCURVE('',#31,#36);
#31 = B_SPLINE_SURFACE_WITH_KNOTS('',1,1,(
    (#32,#33)
    ,(#34,#35
    )),.UNSPECIFIED.,.F.,.F.,.F.,(2,2),(2,2),(-150.,150.),(-100.,100.),
  .PIECEWISE_BEZIER_KNOTS.);
#32 = CARTESIAN_POINT('',(0.,0.,2.));
#33 = CARTESIAN_POINT('',(0.,200.,2.));
#34 = CARTESIAN_POINT('',(300.,0.,2.));
#35 = CARTESIAN_POINT('',(300.,200.,2.));
#36 = DEFINITIONAL_REPRESENTATION('',(#37),#40);
#37 = B_SPLINE_CURVE_WITH_KNOTS('',1,(#38,#39),.UNSPECIFIED.,.F.,.F.,(2,
    2),(-1.,5.),.PIECEWISE_BEZIER_KNOTS.);
#38 = CARTESIAN_POINT('',(3.,-80.27033317721));
#39 = CARTESIAN_POINT('',(-3.,-80.27033317721));
#40 = ( GEOMETRIC_REPRESENTATION_CONTEXT(2) 
PARAMETRIC_REPRESENTATION_CONTEXT() REPRESENTATION_CONTEXT('2D SPACE',''
  ) );
#41 = PCURVE('',#42,#49);
#42 = ( BOUNDED_SURFACE() B_SPLINE_SURFACE(2,1,(
    (#43,#44)
    ,(#45,#46)
,(#47,#48
  )),.UNSPECIFIED.,.F.,.F.,.F.) B_SPLINE_SURFACE_WITH_KNOTS((3,3),(2,2),
  (0.,1.570796326795),(-1.,5.),.PIECEWISE_BEZIER_KNOTS.) 
GEOMETRIC_REPRESENTATION_ITEM() RATIONAL_B_SPLINE_SURFACE((
    (1.,1.)
    ,(0.707106781187,0.707106781187)
,(1.,1.))) REPRESENTATION_ITEM('') SURFACE() );
#43 = CARTESIAN_POINT('',(153.,19.729666822786,2.));
#44 = CARTESIAN_POINT('',(147.,19.729666822786,2.));
#45 = CARTESIAN_POINT('',(153.,20.729666822786,2.));
#46 = CARTESIAN_POINT('',(147.,20.729666822786,2.));
#47 = CARTESIAN_POINT('',(153.,20.729666822786,3.));
#48 = CARTESIAN_POINT('',(147.,20.729666822786,3.));
#49 = DEFINITIONAL_REPRESENTATION('',(#50),#54);
#50 = B_SPLINE_CURVE_WITH_KNOTS('',2,(#51,#52,#53),.UNSPECIFIED.,.F.,.F.
  ,(3,3),(-1.,5.),.PIECEWISE_BEZIER_KNOTS.);
#51 = CARTESIAN_POINT('',(0.,-1.));
#52 = CARTESIAN_POINT('',(0.,2.));
#53 = CARTESIAN_POINT('',(0.,5.));
#54 = ( GEOMETRIC_REPRESENTATION_CONTEXT(2) 
PARAMETRIC_REPRESENTATION_CONTEXT() REPRESENTATION_CONTEXT('2D SPACE',''
  ) );
#55 = ORIENTED_EDGE('',*,*,#56,.T.);
#56 = EDGE_CURVE('',#24,#57,#59,.T.);
#57 = VERTEX_POINT('',#58);
#58 = CARTESIAN_POINT('',(147.,80.270333177214,2.));
#59 = SURFACE_CURVE('',#60,(#63,#69),.PCURVE_S1.);
#60 = B_SPLINE_CURVE_WITH_KNOTS('',1,(#61,#62),.UNSPECIFIED.,.F.,.F.,(2,
    2),(-1.,59.540666354427),.PIECEWISE_BEZIER_KNOTS.);
#61 = CARTESIAN_POINT('',(147.,19.729666822786,2.));
#62 = CARTESIAN_POINT('',(147.,80.270333177214,2.));
#63 = PCURVE('',#31,#64);
#64 = DEFINITIONAL_REPRESENTATION('',(#65),#68);
#65 = B_SPLINE_CURVE_WITH_KNOTS('',1,(#66,#67),.UNSPECIFIED.,.F.,.F.,(2,
    2),(-1.,59.540666354427),.PIECEWISE_BEZIER_KNOTS.);
#66 = CARTESIAN_POINT('',(-3.,-80.27033317721));
#67 = CARTESIAN_POINT('',(-3.,-19.72966682278));
#68 = ( GEOMETRIC_REPRESENTATION_CONTEXT(2) 
PARAMETRIC_REPRESENTATION_CONTEXT() REPRESENTATION_CONTEXT('2D SPACE',''
  ) );
#69 = PCURVE('',#70,#77);
#70 = ( BOUNDED_SURFACE() B_SPLINE_SURFACE(2,1,(
    (#71,#72)
    ,(#73,#74)
,(#75,#76
  )),.UNSPECIFIED.,.F.,.F.,.F.) B_SPLINE_SURFACE_WITH_KNOTS((3,3),(2,2),
  (0.,1.570796326795),(-1.,59.540666354427),.PIECEWISE_BEZIER_KNOTS.) 
GEOMETRIC_REPRESENTATION_ITEM() RATIONAL_B_SPLINE_SURFACE((
    (1.,1.)
    ,(0.707106781187,0.707106781187)
,(1.,1.))) REPRESENTATION_ITEM('') SURFACE() );
#71 = CARTESIAN_POINT('',(147.,19.729666822786,2.));
#72 = CARTESIAN_POINT('',(147.,80.270333177214,2.));
#73 = CARTESIAN_POINT('',(148.,19.729666822786,2.));
#74 = CARTESIAN_POINT('',(148.,80.270333177214,2.));
#75 = CARTESIAN_POINT('',(148.,19.729666822786,3.));
#76 = CARTESIAN_POINT('',(148.,80.270333177214,3.));
#77 = DEFINITIONAL_REPRESENTATION('',(#78),#82);
#78 = B_SPLINE_CURVE_WITH_KNOTS('',2,(#79,#80,#81),.UNSPECIFIED.,.F.,.F.
  ,(3,3),(-1.,59.540666354427),.PIECEWISE_BEZIER_KNOTS.);
#79 = CARTESIAN_POINT('',(0.,-1.));
#80 = CARTESIAN_POINT('',(0.,29.270333177214));
#81 = CARTESIAN_POINT('',(0.,59.540666354427));
#82 = ( GEOMETRIC_REPRESENTATION_CONTEXT(2) 
PARAMETRIC_REPRESENTATION_CONTEXT() REPRESENTATION_CONTEXT('2D SPACE',''
  ) );
#83 = ORIENTED_EDGE('',*,*,#84,.F.);
#84 = EDGE_CURVE('',#85,#57,#87,.T.);
#85 = VERTEX_POINT('',#86);
#86 = CARTESIAN_POINT('',(153.,80.270333177214,2.));
#87 = SURFACE_CURVE('',#88,(#91,#97),.PCURVE_S1.);
#88 = B_SPLINE_CURVE_WITH_KNOTS('',1,(#89,#90),.UNSPECIFIED.,.F.,.F.,(2,
    2),(-1.,5.),.PIECEWISE_BEZIER_KNOTS.);
#89 = CARTESIAN_POINT('',(153.,80.270333177214,2.));
#90 = CARTESIAN_POINT('',(147.,80.270333177214,2.));
#91 = PCURVE('',#31,#92);
#92 = DEFINITIONAL_REPRESENTATION('',(#93),#96);
#93 = B_SPLINE_CURVE_WITH_KNOTS('',1,(#94,#95),.UNSPECIFIED.,.F.,.F.,(2,
    2),(-1.,5.),.PIECEWISE_BEZIER_KNOTS.);
#94 = CARTESIAN_POINT('',(3.,-19.72966682278));
#95 = CARTESIAN_POINT('',(-3.,-19.72966682278));
#96 = ( GEOMETRIC_REPRESENTATION_CONTEXT(2) 
PARAMETRIC_REPRESENTATION_CONTEXT() REPRESENTATION_CONTEXT('2D SPACE',''
  ) );
#97 = PCURVE('',#98,#105);
#98 = ( BOUNDED_SURFACE() B_SPLINE_SURFACE(2,1,(
    (#99,#100)
    ,(#101,#102)
,(#103,#104
    )),.UNSPECIFIED.,.F.,.F.,.F.) B_SPLINE_SURFACE_WITH_KNOTS((3,3),(2,2
    ),(0.,1.570796326795),(-1.,5.),.PIECEWISE_BEZIER_KNOTS.) 
GEOMETRIC_REPRESENTATION_ITEM() RATIONAL_B_SPLINE_SURFACE((
    (1.,1.)
    ,(0.707106781187,0.707106781187)
,(1.,1.))) REPRESENTATION_ITEM('') SURFACE() );
#99 = CARTESIAN_POINT('',(153.,80.270333177214,2.));
#100 = CARTESIAN_POINT('',(147.,80.270333177214,2.));
#101 = CARTESIAN_POINT('',(153.,79.270333177214,2.));
#102 = CARTESIAN_POINT('',(147.,79.270333177214,2.));
#103 = CARTESIAN_POINT('',(153.,79.270333177214,3.));
#104 = CARTESIAN_POINT('',(147.,79.270333177214,3.));
#105 = DEFINITIONAL_REPRESENTATION('',(#106),#110);
#106 = B_SPLINE_CURVE_WITH_KNOTS('',2,(#107,#108,#109),.UNSPECIFIED.,.F.
  ,.F.,(3,3),(-1.,5.),.PIECEWISE_BEZIER_KNOTS.);
#107 = CARTESIAN_POINT('',(0.,-1.));
#108 = CARTESIAN_POINT('',(0.,2.));
#109 = CARTESIAN_POINT('',(0.,5.));
#110 = ( GEOMETRIC_REPRESENTATION_CONTEXT(2) 
PARAMETRIC_REPRESENTATION_CONTEXT() REPRESENTATION_CONTEXT('2D SPACE',''
  ) );
#111 = ORIENTED_EDGE('',*,*,#112,.F.);
#112 = EDGE_CURVE('',#22,#85,#113,.T.);
#113 = SURFACE_CURVE('',#114,(#117,#123),.PCURVE_S1.);
#114 = B_SPLINE_CURVE_WITH_KNOTS('',1,(#115,#116),.UNSPECIFIED.,.F.,.F.,
  (2,2),(-1.,59.540666354427),.PIECEWISE_BEZIER_KNOTS.);
#115 = CARTESIAN_POINT('',(153.,19.729666822786,2.));
#116 = CARTESIAN_POINT('',(153.,80.270333177214,2.));
#117 = PCURVE('',#31,#118);
#118 = DEFINITIONAL_REPRESENTATION('',(#119),#122);
#119 = B_SPLINE_CURVE_WITH_KNOTS('',1,(#120,#121),.UNSPECIFIED.,.F.,.F.,
  (2,2),(-1.,59.540666354427),.PIECEWISE_BEZIER_KNOTS.);
#120 = CARTESIAN_POINT('',(3.,-80.27033317721));
#121 = CARTESIAN_POINT('',(3.,-19.72966682278));
#122 = ( GEOMETRIC_REPRESENTATION_CONTEXT(2) 
PARAMETRIC_REPRESENTATION_CONTEXT() REPRESENTATION_CONTEXT('2D SPACE',''
  ) );
#123 = PCURVE('',#124,#131);
#124 = ( BOUNDED_SURFACE() B_SPLINE_SURFACE(2,1,(
    (#125,#126)
    ,(#127,#128)
,(#129,#130
    )),.UNSPECIFIED.,.F.,.F.,.F.) B_SPLINE_SURFACE_WITH_KNOTS((3,3),(2,2
    ),(0.,1.570796326795),(-1.,59.540666354427),
.PIECEWISE_BEZIER_KNOTS.) GEOMETRIC_REPRESENTATION_ITEM() 
RATIONAL_B_SPLINE_SURFACE((
    (1.,1.)
    ,(0.707106781187,0.707106781187)
,(1.,1.))) REPRESENTATION_ITEM('') SURFACE() );
#125 = CARTESIAN_POINT('',(153.,19.729666822786,2.));
#126 = CARTESIAN_POINT('',(153.,80.270333177214,2.));
#127 = CARTESIAN_POINT('',(152.,19.729666822786,2.));
#128 = CARTESIAN_POINT('',(152.,80.270333177214,2.));
#129 = CARTESIAN_POINT('',(152.,19.729666822786,3.));
#130 = CARTESIAN_POINT('',(152.,80.270333177214,3.));
#131 = DEFINITIONAL_REPRESENTATION('',(#132),#136);
#132 = B_SPLINE_CURVE_WITH_KNOTS('',2,(#133,#134,#135),.UNSPECIFIED.,.F.
  ,.F.,(3,3),(-1.,59.540666354427),.PIECEWISE_BEZIER_KNOTS.);
#133 = CARTESIAN_POINT('',(0.,-1.));
#134 = CARTESIAN_POINT('',(0.,29.270333177214));
#135 = CARTESIAN_POINT('',(0.,59.540666354427));
#136 = ( GEOMETRIC_REPRESENTATION_CONTEXT(2) 
PARAMETRIC_REPRESENTATION_CONTEXT() REPRESENTATION_CONTEXT('2D SPACE',''
  ) );
#137 = FACE_BOUND('',#138,.T.);
#138 = EDGE_LOOP('',(#139,#166,#191,#216));
#139 = ORIENTED_EDGE('',*,*,#140,.T.);
#140 = EDGE_CURVE('',#141,#143,#145,.T.);
#141 = VERTEX_POINT('',#142);
#142 = CARTESIAN_POINT('',(0.,0.,2.));
#143 = VERTEX_POINT('',#144);
#144 = CARTESIAN_POINT('',(300.,0.,2.));
#145 = SURFACE_CURVE('',#146,(#149,#155),.PCURVE_S1.);
#146 = B_SPLINE_CURVE_WITH_KNOTS('',1,(#147,#148),.UNSPECIFIED.,.F.,.F.,
  (2,2),(0.,300.),.PIECEWISE_BEZIER_KNOTS.);
#147 = CARTESIAN_POINT('',(0.,0.,2.));
#148 = CARTESIAN_POINT('',(300.,0.,2.));
#149 = PCURVE('',#31,#150);
#150 = DEFINITIONAL_REPRESENTATION('',(#151),#154);
#151 = B_SPLINE_CURVE_WITH_KNOTS('',1,(#152,#153),.UNSPECIFIED.,.F.,.F.,
  (2,2),(0.,300.),.PIECEWISE_BEZIER_KNOTS.);
#152 = CARTESIAN_POINT('',(-150.,-100.));
#153 = CARTESIAN_POINT('',(150.,-100.));
#154 = ( GEOMETRIC_REPRESENTATION_CONTEXT(2) 
PARAMETRIC_REPRESENTATION_CONTEXT() REPRESENTATION_CONTEXT('2D SPACE',''
  ) );
#155 = PCURVE('',#156,#161);
#156 = B_SPLINE_SURFACE_WITH_KNOTS('',1,1,(
    (#157,#158)
    ,(#159,#160
    )),.UNSPECIFIED.,.F.,.F.,.F.,(2,2),(2,2),(-2.,2.),(-150.,150.),
  .PIECEWISE_BEZIER_KNOTS.);
#157 = CARTESIAN_POINT('',(0.,0.,-2.));
#158 = CARTESIAN_POINT('',(300.,0.,-2.));
#159 = CARTESIAN_POINT('',(0.,0.,2.));
#160 = CARTESIAN_POINT('',(300.,0.,2.));
#161 = DEFINITIONAL_REPRESENTATION('',(#162),#165);
#162 = B_SPLINE_CURVE_WITH_KNOTS('',1,(#163,#164),.UNSPECIFIED.,.F.,.F.,
  (2,2),(0.,300.),.PIECEWISE_BEZIER_KNOTS.);
#163 = CARTESIAN_POINT('',(2.,-150.));
#164 = CARTESIAN_POINT('',(2.,150.));
#165 = ( GEOMETRIC_REPRESENTATION_CONTEXT(2) 
PARAMETRIC_REPRESENTATION_CONTEXT() REPRESENTATION_CONTEXT('2D SPACE',''
  ) );
#166 = ORIENTED_EDGE('',*,*,#167,.T.);
#167 = EDGE_CURVE('',#143,#168,#170,.T.);
#168 = VERTEX_POINT('',#169);
#169 = CARTESIAN_POINT('',(300.,200.,2.));
#170 = SURFACE_CURVE('',#171,(#174,#180),.PCURVE_S1.);
#171 = B_SPLINE_CURVE_WITH_KNOTS('',1,(#172,#173),.UNSPECIFIED.,.F.,.F.,
  (2,2),(0.,200.),.PIECEWISE_BEZIER_KNOTS.);
#172 = CARTESIAN_POINT('',(300.,0.,2.));
#173 = CARTESIAN_POINT('',(300.,200.,2.));
#174 = PCURVE('',#31,#175);
#175 = DEFINITIONAL_REPRESENTATION('',(#176),#179);
#176 = B_SPLINE_CURVE_WITH_KNOTS('',1,(#177,#178),.UNSPECIFIED.,.F.,.F.,
  (2,2),(0.,200.),.PIECEWISE_BEZIER_KNOTS.);
#177 = CARTESIAN_POINT('',(150.,-100.));
#178 = CARTESIAN_POINT('',(150.,100.));
#179 = ( GEOMETRIC_REPRESENTATION_CONTEXT(2) 
PARAMETRIC_REPRESENTATION_CONTEXT() REPRESENTATION_CONTEXT('2D SPACE',''
  ) );
#180 = PCURVE('',#181,#186);
#181 = B_SPLINE_SURFACE_WITH_KNOTS('',1,1,(
    (#182,#183)
    ,(#184,#185
    )),.UNSPECIFIED.,.F.,.F.,.F.,(2,2),(2,2),(-2.,2.),(-100.,100.),
  .PIECEWISE_BEZIER_KNOTS.);
#182 = CARTESIAN_POINT('',(300.,200.,-2.));
#183 = CARTESIAN_POINT('',(300.,0.,-2.));
#184 = CARTESIAN_POINT('',(300.,200.,2.));
#185 = CARTESIAN_POINT('',(300.,0.,2.));
#186 = DEFINITIONAL_REPRESENTATION('',(#187),#190);
#187 = B_SPLINE_CURVE_WITH_KNOTS('',1,(#188,#189),.UNSPECIFIED.,.F.,.F.,
  (2,2),(0.,200.),.PIECEWISE_BEZIER_KNOTS.);
#188 = CARTESIAN_POINT('',(2.,100.));
#189 = CARTESIAN_POINT('',(2.,-100.));
#190 = ( GEOMETRIC_REPRESENTATION_CONTEXT(2) 
PARAMETRIC_REPRESENTATION_CONTEXT() REPRESENTATION_CONTEXT('2D SPACE',''
  ) );
#191 = ORIENTED_EDGE('',*,*,#192,.T.);
#192 = EDGE_CURVE('',#168,#193,#195,.T.);
#193 = VERTEX_POINT('',#194);
#194 = CARTESIAN_POINT('',(0.,200.,2.));
#195 = SURFACE_CURVE('',#196,(#199,#205),.PCURVE_S1.);
#196 = B_SPLINE_CURVE_WITH_KNOTS('',1,(#197,#198),.UNSPECIFIED.,.F.,.F.,
  (2,2),(0.,300.),.PIECEWISE_BEZIER_KNOTS.);
#197 = CARTESIAN_POINT('',(300.,200.,2.));
#198 = CARTESIAN_POINT('',(0.,200.,2.));
#199 = PCURVE('',#31,#200);
#200 = DEFINITIONAL_REPRESENTATION('',(#201),#204);
#201 = B_SPLINE_CURVE_WITH_KNOTS('',1,(#202,#203),.UNSPECIFIED.,.F.,.F.,
  (2,2),(0.,300.),.PIECEWISE_BEZIER_KNOTS.);
#202 = CARTESIAN_POINT('',(150.,100.));
#203 = CARTESIAN_POINT('',(-150.,100.));
#204 = ( GEOMETRIC_REPRESENTATION_CONTEXT(2) 
PARAMETRIC_REPRESENTATION_CONTEXT() REPRESENTATION_CONTEXT('2D SPACE',''
  ) );
#205 = PCURVE('',#206,#211);
#206 = B_SPLINE_SURFACE_WITH_KNOTS('',1,1,(
    (#207,#208)
    ,(#209,#210
    )),.UNSPECIFIED.,.F.,.F.,.F.,(2,2),(2,2),(-2.,2.),(-150.,150.),
  .PIECEWISE_BEZIER_KNOTS.);
#207 = CARTESIAN_POINT('',(0.,200.,-2.));
#208 = CARTESIAN_POINT('',(300.,200.,-2.));
#209 = CARTESIAN_POINT('',(0.,200.,2.));
#210 = CARTESIAN_POINT('',(300.,200.,2.));
#211 = DEFINITIONAL_REPRESENTATION('',(#212),#215);
#212 = B_SPLINE_CURVE_WITH_KNOTS('',1,(#213,#214),.UNSPECIFIED.,.F.,.F.,
  (2,2),(0.,300.),.PIECEWISE_BEZIER_KNOTS.);
#213 = CARTESIAN_POINT('',(2.,150.));
#214 = CARTESIAN_POINT('',(2.,-150.));
#215 = ( GEOMETRIC_REPRESENTATION_CONTEXT(2) 
PARAMETRIC_REPRESENTATION_CONTEXT() REPRESENTATION_CONTEXT('2D SPACE',''
  ) );
#216 = ORIENTED_EDGE('',*,*,#217,.T.);
#217 = EDGE_CURVE('',#193,#141,#218,.T.);
#218 = SURFACE_CURVE('',#219,(#222,#228),.PCURVE_S1.);
#219 = B_SPLINE_CURVE_WITH_KNOTS('',1,(#220,#221),.UNSPECIFIED.,.F.,.F.,
  (2,2),(0.,200.),.PIECEWISE_BEZIER_KNOTS.);
#220 = CARTESIAN_POINT('',(0.,200.,2.));
#221 = CARTESIAN_POINT('',(0.,0.,2.));
#222 = PCURVE('',#31,#223);
#223 = DEFINITIONAL_REPRESENTATION('',(#224),#227);
#224 = B_SPLINE_CURVE_WITH_KNOTS('',1,(#225,#226),.UNSPECIFIED.,.F.,.F.,
  (2,2),(0.,200.),.PIECEWISE_BEZIER_KNOTS.);
#225 = CARTESIAN_POINT('',(-150.,100.));
#226 = CARTESIAN_POINT('',(-150.,-100.));
#227 = ( GEOMETRIC_REPRESENTATION_CONTEXT(2) 
PARAMETRIC_REPRESENTATION_CONTEXT() REPRESENTATION_CONTEXT('2D SPACE',''
  ) );
#228 = PCURVE('',#229,#234);
#229 = B_SPLINE_SURFACE_WITH_KNOTS('',1,1,(
    (#230,#231)
    ,(#232,#233
    )),.UNSPECIFIED.,.F.,.F.,.F.,(2,2),(2,2),(-2.,2.),(-100.,100.),
  .PIECEWISE_BEZIER_KNOTS.);
#230 = CARTESIAN_POINT('',(0.,200.,-2.));
#231 = CARTESIAN_POINT('',(0.,0.,-2.));
#232 = CARTESIAN_POINT('',(0.,200.,2.));
#233 = CARTESIAN_POINT('',(0.,0.,2.));
#234 = DEFINITIONAL_REPRESENTATION('',(#235),#238);
#235 = B_SPLINE_CURVE_WITH_KNOTS('',1,(#236,#237),.UNSPECIFIED.,.F.,.F.,
  (2,2),(0.,200.),.PIECEWISE_BEZIER_KNOTS.);
#236 = CARTESIAN_POINT('',(2.,-100.));
#237 = CARTESIAN_POINT('',(2.,100.));
#238 = ( GEOMETRIC_REPRESENTATION_CONTEXT(2) 
PARAMETRIC_REPRESENTATION_CONTEXT() REPRESENTATION_CONTEXT('2D SPACE',''
  ) );
#239 = FACE_BOUND('',#240,.T.);
#240 = EDGE_LOOP('',(#241,#271,#299,#327));
#241 = ORIENTED_EDGE('',*,*,#242,.T.);
#242 = EDGE_CURVE('',#243,#245,#247,.T.);
#243 = VERTEX_POINT('',#244);
#244 = CARTESIAN_POINT('',(244.34822027514,28.714869582776,2.));
#245 = VERTEX_POINT('',#246);
#246 = CARTESIAN_POINT('',(238.34822027514,28.714869582776,2.));
#247 = SURFACE_CURVE('',#248,(#251,#257),.PCURVE_S1.);
#248 = B_SPLINE_CURVE_WITH_KNOTS('',1,(#249,#250),.UNSPECIFIED.,.F.,.F.,
  (2,2),(-1.,5.),.PIECEWISE_BEZIER_KNOTS.);
#249 = CARTESIAN_POINT('',(244.34822027514,28.714869582776,2.));
#250 = CARTESIAN_POINT('',(238.34822027514,28.714869582776,2.));
#251 = PCURVE('',#31,#252);
#252 = DEFINITIONAL_REPRESENTATION('',(#253),#256);
#253 = B_SPLINE_CURVE_WITH_KNOTS('',1,(#254,#255),.UNSPECIFIED.,.F.,.F.,
  (2,2),(-1.,5.),.PIECEWISE_BEZIER_KNOTS.);
#254 = CARTESIAN_POINT('',(94.348220275141,-71.28513041722));
#255 = CARTESIAN_POINT('',(88.348220275141,-71.28513041722));
#256 = ( GEOMETRIC_REPRESENTATION_CONTEXT(2) 
PARAMETRIC_REPRESENTATION_CONTEXT() REPRESENTATION_CONTEXT('2D SPACE',''
  ) );
#257 = PCURVE('',#258,#265);
#258 = ( BOUNDED_SURFACE() B_SPLINE_SURFACE(2,1,(
    (#259,#260)
    ,(#261,#262)
,(#263,#264
    )),.UNSPECIFIED.,.F.,.F.,.F.) B_SPLINE_SURFACE_WITH_KNOTS((3,3),(2,2
    ),(0.,1.570796326795),(-1.,5.),.PIECEWISE_BEZIER_KNOTS.) 
GEOMETRIC_REPRESENTATION_ITEM() RATIONAL_B_SPLINE_SURFACE((
    (1.,1.)
    ,(0.707106781187,0.707106781187)
,(1.,1.))) REPRESENTATION_ITEM('') SURFACE() );
#259 = CARTESIAN_POINT('',(244.34822027514,28.714869582776,2.));
#260 = CARTESIAN_POINT('',(238.34822027514,28.714869582776,2.));
#261 = CARTESIAN_POINT('',(244.34822027514,29.714869582776,2.));
#262 = CARTESIAN_POINT('',(238.34822027514,29.714869582776,2.));
#263 = CARTESIAN_POINT('',(244.34822027514,29.714869582776,3.));
#264 = CARTESIAN_POINT('',(238.34822027514,29.714869582776,3.));
#265 = DEFINITIONAL_REPRESENTATION('',(#266),#270);
#266 = B_SPLINE_CURVE_WITH_KNOTS('',2,(#267,#268,#269),.UNSPECIFIED.,.F.
  ,.F.,(3,3),(-1.,5.),.PIECEWISE_BEZIER_KNOTS.);
#267 = CARTESIAN_POINT('',(1.078760396278E-42,-1.));
#268 = CARTESIAN_POINT('',(1.230796290173E-43,2.));
#269 = CARTESIAN_POINT('',(1.106420919259E-42,5.));
#270 = ( GEOMETRIC_REPRESENTATION_CONTEXT(2) 
PARAMETRIC_REPRESENTATION_CONTEXT() REPRESENTATION_CONTEXT('2D SPACE',''
  ) );
#271 = ORIENTED_EDGE('',*,*,#272,.T.);
#272 = EDGE_CURVE('',#245,#273,#275,.T.);
#273 = VERTEX_POINT('',#274);
#274 = CARTESIAN_POINT('',(238.34822027514,71.285130417224,2.));
#275 = SURFACE_CURVE('',#276,(#279,#285),.PCURVE_S1.);
#276 = B_SPLINE_CURVE_WITH_KNOTS('',1,(#277,#278),.UNSPECIFIED.,.F.,.F.,
  (2,2),(-1.,41.570260834448),.PIECEWISE_BEZIER_KNOTS.);
#277 = CARTESIAN_POINT('',(238.34822027514,28.714869582776,2.));
#278 = CARTESIAN_POINT('',(238.34822027514,71.285130417224,2.));
#279 = PCURVE('',#31,#280);
#280 = DEFINITIONAL_REPRESENTATION('',(#281),#284);
#281 = B_SPLINE_CURVE_WITH_KNOTS('',1,(#282,#283),.UNSPECIFIED.,.F.,.F.,
  (2,2),(-1.,41.570260834448),.PIECEWISE_BEZIER_KNOTS.);
#282 = CARTESIAN_POINT('',(88.348220275141,-71.28513041722));
#283 = CARTESIAN_POINT('',(88.348220275141,-28.71486958277));
#284 = ( GEOMETRIC_REPRESENTATION_CONTEXT(2) 
PARAMETRIC_REPRESENTATION_CONTEXT() REPRESENTATION_CONTEXT('2D SPACE',''
  ) );
#285 = PCURVE('',#286,#293);
#286 = ( BOUNDED_SURFACE() B_SPLINE_SURFACE(2,1,(
    (#287,#288)
    ,(#289,#290)
,(#291,#292
    )),.UNSPECIFIED.,.F.,.F.,.F.) B_SPLINE_SURFACE_WITH_KNOTS((3,3),(2,2
    ),(0.,1.570796326795),(-1.,41.570260834448),
.PIECEWISE_BEZIER_KNOTS.) GEOMETRIC_REPRESENTATION_ITEM() 
RATIONAL_B_SPLINE_SURFACE((
    (1.,1.)
    ,(0.707106781187,0.707106781187)
,(1.,1.))) REPRESENTATION_ITEM('') SURFACE() );
#287 = CARTESIAN_POINT('',(238.34822027514,28.714869582776,2.));
#288 = CARTESIAN_POINT('',(238.34822027514,71.285130417224,2.));
#289 = CARTESIAN_POINT('',(239.34822027514,28.714869582776,2.));
#290 = CARTESIAN_POINT('',(239.34822027514,71.285130417224,2.));
#291 = CARTESIAN_POINT('',(239.34822027514,28.714869582776,3.));
#292 = CARTESIAN_POINT('',(239.34822027514,71.285130417224,3.));
#293 = DEFINITIONAL_REPRESENTATION('',(#294),#298);
#294 = B_SPLINE_CURVE_WITH_KNOTS('',2,(#295,#296,#297),.UNSPECIFIED.,.F.
  ,.F.,(3,3),(-1.,41.570260834448),.PIECEWISE_BEZIER_KNOTS.);
#295 = CARTESIAN_POINT('',(0.,-1.));
#296 = CARTESIAN_POINT('',(2.964970738475E-14,20.285130417224));
#297 = CARTESIAN_POINT('',(3.156858197541E-14,41.570260834448));
#298 = ( GEOMETRIC_REPRESENTATION_CONTEXT(2) 
PARAMETRIC_REPRESENTATION_CONTEXT() REPRESENTATION_CONTEXT('2D SPACE',''
  ) );
#299 = ORIENTED_EDGE('',*,*,#300,.F.);
#300 = EDGE_CURVE('',#301,#273,#303,.T.);
#301 = VERTEX_POINT('',#302);
#302 = CARTESIAN_POINT('',(244.34822027514,71.285130417224,2.));
#303 = SURFACE_CURVE('',#304,(#307,#313),.PCURVE_S1.);
#304 = B_SPLINE_CURVE_WITH_KNOTS('',1,(#305,#306),.UNSPECIFIED.,.F.,.F.,
  (2,2),(-1.,5.),.PIECEWISE_BEZIER_KNOTS.);
#305 = CARTESIAN_POINT('',(244.34822027514,71.285130417224,2.));
#306 = CARTESIAN_POINT('',(238.34822027514,71.285130417224,2.));
#307 = PCURVE('',#31,#308);
#308 = DEFINITIONAL_REPRESENTATION('',(#309),#312);
#309 = B_SPLINE_CURVE_WITH_KNOTS('',1,(#310,#311),.UNSPECIFIED.,.F.,.F.,
  (2,2),(-1.,5.),.PIECEWISE_BEZIER_KNOTS.);
#310 = CARTESIAN_POINT('',(94.348220275141,-28.71486958277));
#311 = CARTESIAN_POINT('',(88.348220275141,-28.71486958277));
#312 = ( GEOMETRIC_REPRESENTATION_CONTEXT(2) 
PARAMETRIC_REPRESENTATION_CONTEXT() REPRESENTATION_CONTEXT('2D SPACE',''
  ) );
#313 = PCURVE('',#314,#321);
#314 = ( BOUNDED_SURFACE() B_SPLINE_SURFACE(2,1,(
    (#315,#316)
    ,(#317,#318)
,(#319,#320
    )),.UNSPECIFIED.,.F.,.F.,.F.) B_SPLINE_SURFACE_WITH_KNOTS((3,3),(2,2
    ),(0.,1.570796326795),(-1.,5.),.PIECEWISE_BEZIER_KNOTS.) 
GEOMETRIC_REPRESENTATION_ITEM() RATIONAL_B_SPLINE_SURFACE((
    (1.,1.)
    ,(0.707106781187,0.707106781187)
,(1.,1.))) REPRESENTATION_ITEM('') SURFACE() );
#315 = CARTESIAN_POINT('',(244.34822027514,71.285130417224,2.));
#316 = CARTESIAN_POINT('',(238.34822027514,71.285130417224,2.));
#317 = CARTESIAN_POINT('',(244.34822027514,70.285130417224,2.));
#318 = CARTESIAN_POINT('',(238.34822027514,70.285130417224,2.));
#319 = CARTESIAN_POINT('',(244.34822027514,70.285130417224,3.));
#320 = CARTESIAN_POINT('',(238.34822027514,70.285130417224,3.));
#321 = DEFINITIONAL_REPRESENTATION('',(#322),#326);
#322 = B_SPLINE_CURVE_WITH_KNOTS('',2,(#323,#324,#325),.UNSPECIFIED.,.F.
  ,.F.,(3,3),(-1.,5.),.PIECEWISE_BEZIER_KNOTS.);
#323 = CARTESIAN_POINT('',(1.078760396278E-42,-1.));
#324 = CARTESIAN_POINT('',(1.230796290173E-43,2.));
#325 = CARTESIAN_POINT('',(1.106420919259E-42,5.));
#326 = ( GEOMETRIC_REPRESENTATION_CONTEXT(2) 
PARAMETRIC_REPRESENTATION_CONTEXT() REPRESENTATION_CONTEXT('2D SPACE',''
  ) );
#327 = ORIENTED_EDGE('',*,*,#328,.F.);
#328 = EDGE_CURVE('',#243,#301,#329,.T.);
#329 = SURFACE_CURVE('',#330,(#333,#339),.PCURVE_S1.);
#330 = B_SPLINE_CURVE_WITH_KNOTS('',1,(#331,#332),.UNSPECIFIED.,.F.,.F.,
  (2,2),(-1.,41.570260834448),.PIECEWISE_BEZIER_KNOTS.);
#331 = CARTESIAN_POINT('',(244.34822027514,28.714869582776,2.));
#332 = CARTESIAN_POINT('',(244.34822027514,71.285130417224,2.));
#333 = PCURVE('',#31,#334);
#334 = DEFINITIONAL_REPRESENTATION('',(#335),#338);
#335 = B_SPLINE_CURVE_WITH_KNOTS('',1,(#336,#337),.UNSPECIFIED.,.F.,.F.,
  (2,2),(-1.,41.570260834448),.PIECEWISE_BEZIER_KNOTS.);
#336 = CARTESIAN_POINT('',(94.348220275141,-71.28513041722));
#337 = CARTESIAN_POINT('',(94.348220275141,-28.71486958277));
#338 = ( GEOMETRIC_REPRESENTATION_CONTEXT(2) 
PARAMETRIC_REPRESENTATION_CONTEXT() REPRESENTATION_CONTEXT('2D SPACE',''
  ) );
#339 = PCURVE('',#340,#347);
#340 = ( BOUNDED_SURFACE() B_SPLINE_SURFACE(2,1,(
    (#341,#342)
    ,(#343,#344)
,(#345,#346
    )),.UNSPECIFIED.,.F.,.F.,.F.) B_SPLINE_SURFACE_WITH_KNOTS((3,3),(2,2
    ),(0.,1.570796326795),(-1.,41.570260834448),
.PIECEWISE_BEZIER_KNOTS.) GEOMETRIC_REPRESENTATION_ITEM() 
RATIONAL_B_SPLINE_SURFACE((
    (1.,1.)
    ,(0.707106781187,0.707106781187)
,(1.,1.))) REPRESENTATION_ITEM('') SURFACE() );
#341 = CARTESIAN_POINT('',(244.34822027514,28.714869582776,2.));
#342 = CARTESIAN_POINT('',(244.34822027514,71.285130417224,2.));
#343 = CARTESIAN_POINT('',(243.34822027514,28.714869582776,2.));
#344 = CARTESIAN_POINT('',(243.34822027514,71.285130417224,2.));
#345 = CARTESIAN_POINT('',(243.34822027514,28.714869582776,3.));
#346 = CARTESIAN_POINT('',(243.34822027514,71.285130417224,3.));
#347 = DEFINITIONAL_REPRESENTATION('',(#348),#352);
#348 = B_SPLINE_CURVE_WITH_KNOTS('',2,(#349,#350,#351),.UNSPECIFIED.,.F.
  ,.F.,(3,3),(-1.,41.570260834448),.PIECEWISE_BEZIER_KNOTS.);
#349 = CARTESIAN_POINT('',(0.,-1.));
#350 = CARTESIAN_POINT('',(3.25391700729E-45,20.285130417224));
#351 = CARTESIAN_POINT('',(-6.91513074537E-45,41.570260834448));
#352 = ( GEOMETRIC_REPRESENTATION_CONTEXT(2) 
PARAMETRIC_REPRESENTATION_CONTEXT() REPRESENTATION_CONTEXT('2D SPACE',''
  ) );
#353 = FACE_BOUND('',#354,.T.);
#354 = EDGE_LOOP('',(#355,#385,#413,#441));
#355 = ORIENTED_EDGE('',*,*,#356,.F.);
#356 = EDGE_CURVE('',#357,#359,#361,.T.);
#357 = VERTEX_POINT('',#358);
#358 = CARTESIAN_POINT('',(261.65177972485,71.285130417224,2.));
#359 = VERTEX_POINT('',#360);
#360 = CARTESIAN_POINT('',(255.65177972485,71.285130417224,2.));
#361 = SURFACE_CURVE('',#362,(#365,#371),.PCURVE_S1.);
#362 = B_SPLINE_CURVE_WITH_KNOTS('',1,(#363,#364),.UNSPECIFIED.,.F.,.F.,
  (2,2),(-1.,5.),.PIECEWISE_BEZIER_KNOTS.);
#363 = CARTESIAN_POINT('',(261.65177972485,71.285130417224,2.));
#364 = CARTESIAN_POINT('',(255.65177972485,71.285130417224,2.));
#365 = PCURVE('',#31,#366);
#366 = DEFINITIONAL_REPRESENTATION('',(#367),#370);
#367 = B_SPLINE_CURVE_WITH_KNOTS('',1,(#368,#369),.UNSPECIFIED.,.F.,.F.,
  (2,2),(-1.,5.),.PIECEWISE_BEZIER_KNOTS.);
#368 = CARTESIAN_POINT('',(111.65177972485,-28.71486958277));
#369 = CARTESIAN_POINT('',(105.65177972485,-28.71486958277));
#370 = ( GEOMETRIC_REPRESENTATION_CONTEXT(2) 
PARAMETRIC_REPRESENTATION_CONTEXT() REPRESENTATION_CONTEXT('2D SPACE',''
  ) );
#371 = PCURVE('',#372,#379);
#372 = ( BOUNDED_SURFACE() B_SPLINE_SURFACE(2,1,(
    (#373,#374)
    ,(#375,#376)
,(#377,#378
    )),.UNSPECIFIED.,.F.,.F.,.F.) B_SPLINE_SURFACE_WITH_KNOTS((3,3),(2,2
    ),(0.,1.570796326795),(-1.,5.),.PIECEWISE_BEZIER_KNOTS.) 
GEOMETRIC_REPRESENTATION_ITEM() RATIONAL_B_SPLINE_SURFACE((
    (1.,1.)
    ,(0.707106781187,0.707106781187)
,(1.,1.))) REPRESENTATION_ITEM('') SURFACE() );
#373 = CARTESIAN_POINT('',(261.65177972485,71.285130417224,2.));
#374 = CARTESIAN_POINT('',(255.65177972485,71.285130417224,2.));
#375 = CARTESIAN_POINT('',(261.65177972485,70.285130417224,2.));
#376 = CARTESIAN_POINT('',(255.65177972485,70.285130417224,2.));
#377 = CARTESIAN_POINT('',(261.65177972485,70.285130417224,3.));
#378 = CARTESIAN_POINT('',(255.65177972485,70.285130417224,3.));
#379 = DEFINITIONAL_REPRESENTATION('',(#380),#384);
#380 = B_SPLINE_CURVE_WITH_KNOTS('',2,(#381,#382,#383),.UNSPECIFIED.,.F.
  ,.F.,(3,3),(-1.,5.),.PIECEWISE_BEZIER_KNOTS.);
#381 = CARTESIAN_POINT('',(0.,-1.));
#382 = CARTESIAN_POINT('',(0.,2.));
#383 = CARTESIAN_POINT('',(0.,5.));
#384 = ( GEOMETRIC_REPRESENTATION_CONTEXT(2) 
PARAMETRIC_REPRESENTATION_CONTEXT() REPRESENTATION_CONTEXT('2D SPACE',''
  ) );
#385 = ORIENTED_EDGE('',*,*,#386,.T.);
#386 = EDGE_CURVE('',#357,#387,#389,.T.);
#387 = VERTEX_POINT('',#388);
#388 = CARTESIAN_POINT('',(261.65177972485,28.714869582776,2.));
#389 = SURFACE_CURVE('',#390,(#393,#399),.PCURVE_S1.);
#390 = B_SPLINE_CURVE_WITH_KNOTS('',1,(#391,#392),.UNSPECIFIED.,.F.,.F.,
  (2,2),(-1.,41.570260834448),.PIECEWISE_BEZIER_KNOTS.);
#391 = CARTESIAN_POINT('',(261.65177972485,71.285130417224,2.));
#392 = CARTESIAN_POINT('',(261.65177972485,28.714869582776,2.));
#393 = PCURVE('',#31,#394);
#394 = DEFINITIONAL_REPRESENTATION('',(#395),#398);
#395 = B_SPLINE_CURVE_WITH_KNOTS('',1,(#396,#397),.UNSPECIFIED.,.F.,.F.,
  (2,2),(-1.,41.570260834448),.PIECEWISE_BEZIER_KNOTS.);
#396 = CARTESIAN_POINT('',(111.65177972485,-28.71486958277));
#397 = CARTESIAN_POINT('',(111.65177972485,-71.28513041722));
#398 = ( GEOMETRIC_REPRESENTATION_CONTEXT(2) 
PARAMETRIC_REPRESENTATION_CONTEXT() REPRESENTATION_CONTEXT('2D SPACE',''
  ) );
#399 = PCURVE('',#400,#407);
#400 = ( BOUNDED_SURFACE() B_SPLINE_SURFACE(2,1,(
    (#401,#402)
    ,(#403,#404)
,(#405,#406
    )),.UNSPECIFIED.,.F.,.F.,.F.) B_SPLINE_SURFACE_WITH_KNOTS((3,3),(2,2
    ),(0.,1.570796326795),(-1.,41.570260834448),
.PIECEWISE_BEZIER_KNOTS.) GEOMETRIC_REPRESENTATION_ITEM() 
RATIONAL_B_SPLINE_SURFACE((
    (1.,1.)
    ,(0.707106781187,0.707106781187)
,(1.,1.))) REPRESENTATION_ITEM('') SURFACE() );
#401 = CARTESIAN_POINT('',(261.65177972485,71.285130417224,2.));
#402 = CARTESIAN_POINT('',(261.65177972485,28.714869582776,2.));
#403 = CARTESIAN_POINT('',(260.65177972485,71.285130417224,2.));
#404 = CARTESIAN_POINT('',(260.65177972485,28.714869582776,2.));
#405 = CARTESIAN_POINT('',(260.65177972485,71.285130417224,3.));
#406 = CARTESIAN_POINT('',(260.65177972485,28.714869582776,3.));
#407 = DEFINITIONAL_REPRESENTATION('',(#408),#412);
#408 = B_SPLINE_CURVE_WITH_KNOTS('',2,(#409,#410,#411),.UNSPECIFIED.,.F.
  ,.F.,(3,3),(-1.,41.570260834448),.PIECEWISE_BEZIER_KNOTS.);
#409 = CARTESIAN_POINT('',(2.117758790769E-44,-1.));
#410 = CARTESIAN_POINT('',(-1.018123505605E-44,20.285130417224));
#411 = CARTESIAN_POINT('',(0.,41.570260834448));
#412 = ( GEOMETRIC_REPRESENTATION_CONTEXT(2) 
PARAMETRIC_REPRESENTATION_CONTEXT() REPRESENTATION_CONTEXT('2D SPACE',''
  ) );
#413 = ORIENTED_EDGE('',*,*,#414,.T.);
#414 = EDGE_CURVE('',#387,#415,#417,.T.);
#415 = VERTEX_POINT('',#416);
#416 = CARTESIAN_POINT('',(255.65177972485,28.714869582776,2.));
#417 = SURFACE_CURVE('',#418,(#421,#427),.PCURVE_S1.);
#418 = B_SPLINE_CURVE_WITH_KNOTS('',1,(#419,#420),.UNSPECIFIED.,.F.,.F.,
  (2,2),(-1.,5.),.PIECEWISE_BEZIER_KNOTS.);
#419 = CARTESIAN_POINT('',(261.65177972485,28.714869582776,2.));
#420 = CARTESIAN_POINT('',(255.65177972485,28.714869582776,2.));
#421 = PCURVE('',#31,#422);
#422 = DEFINITIONAL_REPRESENTATION('',(#423),#426);
#423 = B_SPLINE_CURVE_WITH_KNOTS('',1,(#424,#425),.UNSPECIFIED.,.F.,.F.,
  (2,2),(-1.,5.),.PIECEWISE_BEZIER_KNOTS.);
#424 = CARTESIAN_POINT('',(111.65177972485,-71.28513041722));
#425 = CARTESIAN_POINT('',(105.65177972485,-71.28513041722));
#426 = ( GEOMETRIC_REPRESENTATION_CONTEXT(2) 
PARAMETRIC_REPRESENTATION_CONTEXT() REPRESENTATION_CONTEXT('2D SPACE',''
  ) );
#427 = PCURVE('',#428,#435);
#428 = ( BOUNDED_SURFACE() B_SPLINE_SURFACE(2,1,(
    (#429,#430)
    ,(#431,#432)
,(#433,#434
    )),.UNSPECIFIED.,.F.,.F.,.F.) B_SPLINE_SURFACE_WITH_KNOTS((3,3),(2,2
    ),(0.,1.570796326795),(-1.,5.),.PIECEWISE_BEZIER_KNOTS.) 
GEOMETRIC_REPRESENTATION_ITEM() RATIONAL_B_SPLINE_SURFACE((
    (1.,1.)
    ,(0.707106781187,0.707106781187)
,(1.,1.))) REPRESENTATION_ITEM('') SURFACE() );
#429 = CARTESIAN_POINT('',(261.65177972485,28.714869582776,2.));
#430 = CARTESIAN_POINT('',(255.65177972485,28.714869582776,2.));
#431 = CARTESIAN_POINT('',(261.65177972485,29.714869582776,2.));
#432 = CARTESIAN_POINT('',(255.65177972485,29.714869582776,2.));
#433 = CARTESIAN_POINT('',(261.65177972485,29.714869582776,3.));
#434 = CARTESIAN_POINT('',(255.65177972485,29.714869582776,3.));
#435 = DEFINITIONAL_REPRESENTATION('',(#436),#440);
#436 = B_SPLINE_CURVE_WITH_KNOTS('',2,(#437,#438,#439),.UNSPECIFIED.,.F.
  ,.F.,(3,3),(-1.,5.),.PIECEWISE_BEZIER_KNOTS.);
#437 = CARTESIAN_POINT('',(0.,-1.));
#438 = CARTESIAN_POINT('',(0.,2.));
#439 = CARTESIAN_POINT('',(0.,5.));
#440 = ( GEOMETRIC_REPRESENTATION_CONTEXT(2) 
PARAMETRIC_REPRESENTATION_CONTEXT() REPRESENTATION_CONTEXT('2D SPACE',''
  ) );
#441 = ORIENTED_EDGE('',*,*,#442,.F.);
#442 = EDGE_CURVE('',#359,#415,#443,.T.);
#443 = SURFACE_CURVE('',#444,(#447,#453),.PCURVE_S1.);
#444 = B_SPLINE_CURVE_WITH_KNOTS('',1,(#445,#446),.UNSPECIFIED.,.F.,.F.,
  (2,2),(-1.,41.570260834448),.PIECEWISE_BEZIER_KNOTS.);
#445 = CARTESIAN_POINT('',(255.65177972485,71.285130417224,2.));
#446 = CARTESIAN_POINT('',(255.65177972485,28.714869582776,2.));
#447 = PCURVE('',#31,#448);
#448 = DEFINITIONAL_REPRESENTATION('',(#449),#452);
#449 = B_SPLINE_CURVE_WITH_KNOTS('',1,(#450,#451),.UNSPECIFIED.,.F.,.F.,
  (2,2),(-1.,41.570260834448),.PIECEWISE_BEZIER_KNOTS.);
#450 = CARTESIAN_POINT('',(105.65177972485,-28.71486958277));
#451 = CARTESIAN_POINT('',(105.65177972485,-71.28513041722));
#452 = ( GEOMETRIC_REPRESENTATION_CONTEXT(2) 
PARAMETRIC_REPRESENTATION_CONTEXT() REPRESENTATION_CONTEXT('2D SPACE',''
  ) );
#453 = PCURVE('',#454,#461);
#454 = ( BOUNDED_SURFACE() B_SPLINE_SURFACE(2,1,(
    (#455,#456)
    ,(#457,#458)
,(#459,#460
    )),.UNSPECIFIED.,.F.,.F.,.F.) B_SPLINE_SURFACE_WITH_KNOTS((3,3),(2,2
    ),(0.,1.570796326795),(-1.,41.570260834448),
.PIECEWISE_BEZIER_KNOTS.) GEOMETRIC_REPRESENTATION_ITEM() 
RATIONAL_B_SPLINE_SURFACE((
    (1.,1.)
    ,(0.707106781187,0.707106781187)
,(1.,1.))) REPRESENTATION_ITEM('') SURFACE() );
#455 = CARTESIAN_POINT('',(255.65177972485,71.285130417224,2.));
#456 = CARTESIAN_POINT('',(255.65177972485,28.714869582776,2.));
#457 = CARTESIAN_POINT('',(256.65177972485,71.285130417224,2.));
#458 = CARTESIAN_POINT('',(256.65177972485,28.714869582776,2.));
#459 = CARTESIAN_POINT('',(256.65177972485,71.285130417224,3.));
#460 = CARTESIAN_POINT('',(256.65177972485,28.714869582776,3.));
#461 = DEFINITIONAL_REPRESENTATION('',(#462),#466);
#462 = B_SPLINE_CURVE_WITH_KNOTS('',2,(#463,#464,#465),.UNSPECIFIED.,.F.
  ,.F.,(3,3),(-1.,41.570260834448),.PIECEWISE_BEZIER_KNOTS.);
#463 = CARTESIAN_POINT('',(2.11775879077E-44,-1.));
#464 = CARTESIAN_POINT('',(-1.018123505606E-44,20.285130417224));
#465 = CARTESIAN_POINT('',(0.,41.570260834448));
#466 = ( GEOMETRIC_REPRESENTATION_CONTEXT(2) 
PARAMETRIC_REPRESENTATION_CONTEXT() REPRESENTATION_CONTEXT('2D SPACE',''
  ) );
#467 = FACE_BOUND('',#468,.T.);
#468 = EDGE_LOOP('',(#469,#499,#527,#555));
#469 = ORIENTED_EDGE('',*,*,#470,.T.);
#470 = EDGE_CURVE('',#471,#473,#475,.T.);
#471 = VERTEX_POINT('',#472);
#472 = CARTESIAN_POINT('',(223.72253288288,147.,2.));
#473 = VERTEX_POINT('',#474);
#474 = CARTESIAN_POINT('',(223.72253288288,153.,2.));
#475 = SURFACE_CURVE('',#476,(#479,#485),.PCURVE_S1.);
#476 = B_SPLINE_CURVE_WITH_KNOTS('',1,(#477,#478),.UNSPECIFIED.,.F.,.F.,
  (2,2),(-1.,5.),.PIECEWISE_BEZIER_KNOTS.);
#477 = CARTESIAN_POINT('',(223.72253288288,147.,2.));
#478 = CARTESIAN_POINT('',(223.72253288288,153.,2.));
#479 = PCURVE('',#31,#480);
#480 = DEFINITIONAL_REPRESENTATION('',(#481),#484);
#481 = B_SPLINE_CURVE_WITH_KNOTS('',1,(#482,#483),.UNSPECIFIED.,.F.,.F.,
  (2,2),(-1.,5.),.PIECEWISE_BEZIER_KNOTS.);
#482 = CARTESIAN_POINT('',(73.722532882882,47.));
#483 = CARTESIAN_POINT('',(73.722532882882,53.));
#484 = ( GEOMETRIC_REPRESENTATION_CONTEXT(2) 
PARAMETRIC_REPRESENTATION_CONTEXT() REPRESENTATION_CONTEXT('2D SPACE',''
  ) );
#485 = PCURVE('',#486,#493);
#486 = ( BOUNDED_SURFACE() B_SPLINE_SURFACE(2,1,(
    (#487,#488)
    ,(#489,#490)
,(#491,#492
    )),.UNSPECIFIED.,.F.,.F.,.F.) B_SPLINE_SURFACE_WITH_KNOTS((3,3),(2,2
    ),(0.,0.862170054668),(-1.,5.),.PIECEWISE_BEZIER_KNOTS.) 
GEOMETRIC_REPRESENTATION_ITEM() RATIONAL_B_SPLINE_SURFACE((
    (1.,1.)
    ,(0.908512898493,0.908512898493)
,(1.,1.))) REPRESENTATION_ITEM('') SURFACE() );
#487 = CARTESIAN_POINT('',(223.72253288288,147.,2.));
#488 = CARTESIAN_POINT('',(223.72253288288,153.,2.));
#489 = CARTESIAN_POINT('',(224.18246780535,147.,2.));
#490 = CARTESIAN_POINT('',(224.18246780535,153.,2.));
#491 = CARTESIAN_POINT('',(224.48178948524,147.,2.349208626545));
#492 = CARTESIAN_POINT('',(224.48178948524,153.,2.349208626545));
#493 = DEFINITIONAL_REPRESENTATION('',(#494),#498);
#494 = B_SPLINE_CURVE_WITH_KNOTS('',2,(#495,#496,#497),.UNSPECIFIED.,.F.
  ,.F.,(3,3),(-1.,5.),.PIECEWISE_BEZIER_KNOTS.);
#495 = CARTESIAN_POINT('',(0.,-1.));
#496 = CARTESIAN_POINT('',(0.,2.));
#497 = CARTESIAN_POINT('',(0.,5.));
#498 = ( GEOMETRIC_REPRESENTATION_CONTEXT(2) 
PARAMETRIC_REPRESENTATION_CONTEXT() REPRESENTATION_CONTEXT('2D SPACE',''
  ) );
#499 = ORIENTED_EDGE('',*,*,#500,.T.);
#500 = EDGE_CURVE('',#473,#501,#503,.T.);
#501 = VERTEX_POINT('',#502);
#502 = CARTESIAN_POINT('',(234.45050065625,153.,2.));
#503 = SURFACE_CURVE('',#504,(#507,#513),.PCURVE_S1.);
#504 = B_SPLINE_CURVE_WITH_KNOTS('',1,(#505,#506),.UNSPECIFIED.,.F.,.F.,
  (2,2),(-0.45993492247,10.268032850904),.PIECEWISE_BEZIER_KNOTS.);
#505 = CARTESIAN_POINT('',(223.72253288288,153.,2.));
#506 = CARTESIAN_POINT('',(234.45050065625,153.,2.));
#507 = PCURVE('',#31,#508);
#508 = DEFINITIONAL_REPRESENTATION('',(#509),#512);
#509 = B_SPLINE_CURVE_WITH_KNOTS('',1,(#510,#511),.UNSPECIFIED.,.F.,.F.,
  (2,2),(-0.45993492247,10.268032850904),.PIECEWISE_BEZIER_KNOTS.);
#510 = CARTESIAN_POINT('',(73.722532882882,53.));
#511 = CARTESIAN_POINT('',(84.450500656256,53.));
#512 = ( GEOMETRIC_REPRESENTATION_CONTEXT(2) 
PARAMETRIC_REPRESENTATION_CONTEXT() REPRESENTATION_CONTEXT('2D SPACE',''
  ) );
#513 = PCURVE('',#514,#521);
#514 = ( BOUNDED_SURFACE() B_SPLINE_SURFACE(2,1,(
    (#515,#516)
    ,(#517,#518)
,(#519,#520
    )),.UNSPECIFIED.,.F.,.F.,.F.) B_SPLINE_SURFACE_WITH_KNOTS((3,3),(2,2
    ),(0.,1.570796326795),(-0.45993492247,10.268032850904),
.PIECEWISE_BEZIER_KNOTS.) GEOMETRIC_REPRESENTATION_ITEM() 
RATIONAL_B_SPLINE_SURFACE((
    (1.,1.)
    ,(0.707106781187,0.707106781187)
,(1.,1.))) REPRESENTATION_ITEM('') SURFACE() );
#515 = CARTESIAN_POINT('',(223.72253288288,153.,2.));
#516 = CARTESIAN_POINT('',(234.45050065625,153.,2.));
#517 = CARTESIAN_POINT('',(223.72253288288,152.,2.));
#518 = CARTESIAN_POINT('',(234.45050065625,152.,2.));
#519 = CARTESIAN_POINT('',(223.72253288288,152.,3.));
#520 = CARTESIAN_POINT('',(234.45050065625,152.,3.));
#521 = DEFINITIONAL_REPRESENTATION('',(#522),#526);
#522 = B_SPLINE_CURVE_WITH_KNOTS('',2,(#523,#524,#525),.UNSPECIFIED.,.F.
  ,.F.,(3,3),(-0.45993492247,10.268032850903),.PIECEWISE_BEZIER_KNOTS.);
#523 = CARTESIAN_POINT('',(0.,-0.45993492247));
#524 = CARTESIAN_POINT('',(-1.282114641304E-43,4.904048964216));
#525 = CARTESIAN_POINT('',(-1.58353940243E-42,10.268032850903));
#526 = ( GEOMETRIC_REPRESENTATION_CONTEXT(2) 
PARAMETRIC_REPRESENTATION_CONTEXT() REPRESENTATION_CONTEXT('2D SPACE',''
  ) );
#527 = ORIENTED_EDGE('',*,*,#528,.F.);
#528 = EDGE_CURVE('',#529,#501,#531,.T.);
#529 = VERTEX_POINT('',#530);
#530 = CARTESIAN_POINT('',(234.45050065625,147.,2.));
#531 = SURFACE_CURVE('',#532,(#535,#541),.PCURVE_S1.);
#532 = B_SPLINE_CURVE_WITH_KNOTS('',1,(#533,#534),.UNSPECIFIED.,.F.,.F.,
  (2,2),(-1.,5.),.PIECEWISE_BEZIER_KNOTS.);
#533 = CARTESIAN_POINT('',(234.45050065625,147.,2.));
#534 = CARTESIAN_POINT('',(234.45050065625,153.,2.));
#535 = PCURVE('',#31,#536);
#536 = DEFINITIONAL_REPRESENTATION('',(#537),#540);
#537 = B_SPLINE_CURVE_WITH_KNOTS('',1,(#538,#539),.UNSPECIFIED.,.F.,.F.,
  (2,2),(-1.,5.),.PIECEWISE_BEZIER_KNOTS.);
#538 = CARTESIAN_POINT('',(84.450500656256,47.));
#539 = CARTESIAN_POINT('',(84.450500656256,53.));
#540 = ( GEOMETRIC_REPRESENTATION_CONTEXT(2) 
PARAMETRIC_REPRESENTATION_CONTEXT() REPRESENTATION_CONTEXT('2D SPACE',''
  ) );
#541 = PCURVE('',#542,#549);
#542 = ( BOUNDED_SURFACE() B_SPLINE_SURFACE(2,1,(
    (#543,#544)
    ,(#545,#546)
,(#547,#548
    )),.UNSPECIFIED.,.F.,.F.,.F.) B_SPLINE_SURFACE_WITH_KNOTS((3,3),(2,2
    ),(0.,2.356194490192),(-1.,5.),.PIECEWISE_BEZIER_KNOTS.) 
GEOMETRIC_REPRESENTATION_ITEM() RATIONAL_B_SPLINE_SURFACE((
    (1.,1.)
    ,(0.382683432365,0.382683432365)
,(1.,1.))) REPRESENTATION_ITEM('') SURFACE() );
#543 = CARTESIAN_POINT('',(234.45050065625,147.,2.));
#544 = CARTESIAN_POINT('',(234.45050065625,153.,2.));
#545 = CARTESIAN_POINT('',(232.03628709388,147.,2.));
#546 = CARTESIAN_POINT('',(232.03628709388,153.,2.));
#547 = CARTESIAN_POINT('',(233.74339387507,147.,3.707106781187));
#548 = CARTESIAN_POINT('',(233.74339387507,153.,3.707106781187));
#549 = DEFINITIONAL_REPRESENTATION('',(#550),#554);
#550 = B_SPLINE_CURVE_WITH_KNOTS('',2,(#551,#552,#553),.UNSPECIFIED.,.F.
  ,.F.,(3,3),(-1.,5.),.PIECEWISE_BEZIER_KNOTS.);
#551 = CARTESIAN_POINT('',(0.,-1.));
#552 = CARTESIAN_POINT('',(0.,2.));
#553 = CARTESIAN_POINT('',(0.,5.));
#554 = ( GEOMETRIC_REPRESENTATION_CONTEXT(2) 
PARAMETRIC_REPRESENTATION_CONTEXT() REPRESENTATION_CONTEXT('2D SPACE',''
  ) );
#555 = ORIENTED_EDGE('',*,*,#556,.F.);
#556 = EDGE_CURVE('',#471,#529,#557,.T.);
#557 = SURFACE_CURVE('',#558,(#561,#567),.PCURVE_S1.);
#558 = B_SPLINE_CURVE_WITH_KNOTS('',1,(#559,#560),.UNSPECIFIED.,.F.,.F.,
  (2,2),(-0.45993492247,10.268032850904),.PIECEWISE_BEZIER_KNOTS.);
#559 = CARTESIAN_POINT('',(223.72253288288,147.,2.));
#560 = CARTESIAN_POINT('',(234.45050065625,147.,2.));
#561 = PCURVE('',#31,#562);
#562 = DEFINITIONAL_REPRESENTATION('',(#563),#566);
#563 = B_SPLINE_CURVE_WITH_KNOTS('',1,(#564,#565),.UNSPECIFIED.,.F.,.F.,
  (2,2),(-0.45993492247,10.268032850904),.PIECEWISE_BEZIER_KNOTS.);
#564 = CARTESIAN_POINT('',(73.722532882882,47.));
#565 = CARTESIAN_POINT('',(84.450500656256,47.));
#566 = ( GEOMETRIC_REPRESENTATION_CONTEXT(2) 
PARAMETRIC_REPRESENTATION_CONTEXT() REPRESENTATION_CONTEXT('2D SPACE',''
  ) );
#567 = PCURVE('',#568,#575);
#568 = ( BOUNDED_SURFACE() B_SPLINE_SURFACE(2,1,(
    (#569,#570)
    ,(#571,#572)
,(#573,#574
    )),.UNSPECIFIED.,.F.,.F.,.F.) B_SPLINE_SURFACE_WITH_KNOTS((3,3),(2,2
    ),(0.,1.570796326795),(-0.45993492247,10.268032850904),
.PIECEWISE_BEZIER_KNOTS.) GEOMETRIC_REPRESENTATION_ITEM() 
RATIONAL_B_SPLINE_SURFACE((
    (1.,1.)
    ,(0.707106781187,0.707106781187)
,(1.,1.))) REPRESENTATION_ITEM('') SURFACE() );
#569 = CARTESIAN_POINT('',(223.72253288288,147.,2.));
#570 = CARTESIAN_POINT('',(234.45050065625,147.,2.));
#571 = CARTESIAN_POINT('',(223.72253288288,148.,2.));
#572 = CARTESIAN_POINT('',(234.45050065625,148.,2.));
#573 = CARTESIAN_POINT('',(223.72253288288,148.,3.));
#574 = CARTESIAN_POINT('',(234.45050065625,148.,3.));
#575 = DEFINITIONAL_REPRESENTATION('',(#576),#580);
#576 = B_SPLINE_CURVE_WITH_KNOTS('',2,(#577,#578,#579),.UNSPECIFIED.,.F.
  ,.F.,(3,3),(-0.45993492247,10.268032850903),.PIECEWISE_BEZIER_KNOTS.);
#577 = CARTESIAN_POINT('',(2.020947972076E-42,-0.45993492247));
#578 = CARTESIAN_POINT('',(1.748755947488E-42,4.904048964216));
#579 = CARTESIAN_POINT('',(0.,10.268032850903));
#580 = ( GEOMETRIC_REPRESENTATION_CONTEXT(2) 
PARAMETRIC_REPRESENTATION_CONTEXT() REPRESENTATION_CONTEXT('2D SPACE',''
  ) );
#581 = FACE_BOUND('',#582,.T.);
#582 = EDGE_LOOP('',(#583));
#583 = ORIENTED_EDGE('',*,*,#584,.F.);
#584 = EDGE_CURVE('',#585,#585,#587,.T.);
#585 = VERTEX_POINT('',#586);
#586 = CARTESIAN_POINT('',(264.96371290611,150.,2.));
#587 = SURFACE_CURVE('',#588,(#596,#607),.PCURVE_S1.);
#588 = ( BOUNDED_CURVE() B_SPLINE_CURVE(2,(#589,#590,#591,#592,#593,#594
,#595),.UNSPECIFIED.,.T.,.F.) B_SPLINE_CURVE_WITH_KNOTS((3,2,2,3),(0.,
    2.094395102393,4.188790204786,6.28318530718),
.PIECEWISE_BEZIER_KNOTS.) CURVE() GEOMETRIC_REPRESENTATION_ITEM() 
RATIONAL_B_SPLINE_CURVE((1.,0.5,1.,0.5,1.,0.5,1.)) REPRESENTATION_ITEM(
  '') );
#589 = CARTESIAN_POINT('',(264.96371290611,150.,2.));
#590 = CARTESIAN_POINT('',(264.96371290611,175.91791102326,2.));
#591 = CARTESIAN_POINT('',(242.51814354694,162.95895551163,2.));
#592 = CARTESIAN_POINT('',(220.07257418776,150.,2.));
#593 = CARTESIAN_POINT('',(242.51814354694,137.04104448836,2.));
#594 = CARTESIAN_POINT('',(264.96371290611,124.08208897673,2.));
#595 = CARTESIAN_POINT('',(264.96371290611,150.,2.));
#596 = PCURVE('',#31,#597);
#597 = DEFINITIONAL_REPRESENTATION('',(#598),#606);
#598 = ( BOUNDED_CURVE() B_SPLINE_CURVE(2,(#599,#600,#601,#602,#603,#604
,#605),.UNSPECIFIED.,.F.,.F.) B_SPLINE_CURVE_WITH_KNOTS((3,2,2,3),(0.,
    2.094395102393,4.188790204786,6.28318530718),
.PIECEWISE_BEZIER_KNOTS.) CURVE() GEOMETRIC_REPRESENTATION_ITEM() 
RATIONAL_B_SPLINE_CURVE((1.,0.5,1.,0.5,1.,0.5,1.)) REPRESENTATION_ITEM(
  '') );
#599 = CARTESIAN_POINT('',(114.96371290611,50.));
#600 = CARTESIAN_POINT('',(114.96371290611,75.917911023268));
#601 = CARTESIAN_POINT('',(92.518143546942,62.958955511634));
#602 = CARTESIAN_POINT('',(70.072574187766,50.));
#603 = CARTESIAN_POINT('',(92.518143546942,37.041044488366));
#604 = CARTESIAN_POINT('',(114.96371290611,24.082088976732));
#605 = CARTESIAN_POINT('',(114.96371290611,50.));
#606 = ( GEOMETRIC_REPRESENTATION_CONTEXT(2) 
PARAMETRIC_REPRESENTATION_CONTEXT() REPRESENTATION_CONTEXT('2D SPACE',''
  ) );
#607 = PCURVE('',#608,#630);
#608 = ( BOUNDED_SURFACE() B_SPLINE_SURFACE(2,2,(
    (#609,#610,#611)
    ,(#612,#613,#614)
    ,(#615,#616,#617)
    ,(#618,#619,#620)
    ,(#621,#622,#623)
    ,(#624,#625,#626)
    ,(#627,#628,#629
)),.UNSPECIFIED.,.T.,.F.,.F.) B_SPLINE_SURFACE_WITH_KNOTS((1,2,2,2,2,1),
  (3,3),(-2.094395102393,0.,2.094395102393,4.188790204786,6.28318530718,
    8.377580409573),(1.570796326795,3.14159265359),.UNSPECIFIED.) 
GEOMETRIC_REPRESENTATION_ITEM() RATIONAL_B_SPLINE_SURFACE((
    (1.,0.707106781187,1.)
    ,(0.5,0.353553390593,0.5)
    ,(1.,0.707106781187,1.)
    ,(0.5,0.353553390593,0.5)
    ,(1.,0.707106781187,1.)
    ,(0.5,0.353553390593,0.5)
,(1.,0.707106781187,1.))) REPRESENTATION_ITEM('') SURFACE() );
#609 = CARTESIAN_POINT('',(264.96371290611,150.,2.));
#610 = CARTESIAN_POINT('',(263.96371290611,150.,2.));
#611 = CARTESIAN_POINT('',(263.96371290611,150.,3.));
#612 = CARTESIAN_POINT('',(264.96371290611,175.91791102326,2.));
#613 = CARTESIAN_POINT('',(263.96371290611,174.1858602157,2.));
#614 = CARTESIAN_POINT('',(263.96371290611,174.1858602157,3.));
#615 = CARTESIAN_POINT('',(242.51814354694,162.95895551163,2.));
#616 = CARTESIAN_POINT('',(243.01814354694,162.09293010785,2.));
#617 = CARTESIAN_POINT('',(243.01814354694,162.09293010785,3.));
#618 = CARTESIAN_POINT('',(220.07257418776,150.,2.));
#619 = CARTESIAN_POINT('',(222.07257418776,150.,2.));
#620 = CARTESIAN_POINT('',(222.07257418776,150.,3.));
#621 = CARTESIAN_POINT('',(242.51814354694,137.04104448836,2.));
#622 = CARTESIAN_POINT('',(243.01814354694,137.90706989215,2.));
#623 = CARTESIAN_POINT('',(243.01814354694,137.90706989215,3.));
#624 = CARTESIAN_POINT('',(264.96371290611,124.08208897673,2.));
#625 = CARTESIAN_POINT('',(263.96371290611,125.8141397843,2.));
#626 = CARTESIAN_POINT('',(263.96371290611,125.8141397843,3.));
#627 = CARTESIAN_POINT('',(264.96371290611,150.,2.));
#628 = CARTESIAN_POINT('',(263.96371290611,150.,2.));
#629 = CARTESIAN_POINT('',(263.96371290611,150.,3.));
#630 = DEFINITIONAL_REPRESENTATION('',(#631),#639);
#631 = B_SPLINE_CURVE_WITH_KNOTS('',2,(#632,#633,#634,#635,#636,#637,
    #638),.UNSPECIFIED.,.F.,.F.,(3,2,2,3),(0.,2.094395102393,
    4.188790204786,6.28318530718),.UNSPECIFIED.);
#632 = CARTESIAN_POINT('',(0.,1.570796326795));
#633 = CARTESIAN_POINT('',(1.047197551197,1.570796326795));
#634 = CARTESIAN_POINT('',(2.094395102393,1.570796326795));
#635 = CARTESIAN_POINT('',(3.14159265359,1.570796326795));
#636 = CARTESIAN_POINT('',(4.188790204786,1.570796326795));
#637 = CARTESIAN_POINT('',(5.235987755983,1.570796326795));
#638 = CARTESIAN_POINT('',(6.28318530718,1.570796326795));
#639 = ( GEOMETRIC_REPRESENTATION_CONTEXT(2) 
PARAMETRIC_REPRESENTATION_CONTEXT() REPRESENTATION_CONTEXT('2D SPACE',''
  ) );
#640 = FACE_BOUND('',#641,.T.);
#641 = EDGE_LOOP('',(#642,#672,#700,#728));
#642 = ORIENTED_EDGE('',*,*,#643,.F.);
#643 = EDGE_CURVE('',#644,#646,#648,.T.);
#644 = VERTEX_POINT('',#645);
#645 = CARTESIAN_POINT('',(276.27746711711,147.,2.));
#646 = VERTEX_POINT('',#647);
#647 = CARTESIAN_POINT('',(276.27746711711,153.,2.));
#648 = SURFACE_CURVE('',#649,(#652,#658),.PCURVE_S1.);
#649 = B_SPLINE_CURVE_WITH_KNOTS('',1,(#650,#651),.UNSPECIFIED.,.F.,.F.,
  (2,2),(-1.,5.),.PIECEWISE_BEZIER_KNOTS.);
#650 = CARTESIAN_POINT('',(276.27746711711,147.,2.));
#651 = CARTESIAN_POINT('',(276.27746711711,153.,2.));
#652 = PCURVE('',#31,#653);
#653 = DEFINITIONAL_REPRESENTATION('',(#654),#657);
#654 = B_SPLINE_CURVE_WITH_KNOTS('',1,(#655,#656),.UNSPECIFIED.,.F.,.F.,
  (2,2),(-1.,5.),.PIECEWISE_BEZIER_KNOTS.);
#655 = CARTESIAN_POINT('',(126.27746711711,47.));
#656 = CARTESIAN_POINT('',(126.27746711711,53.));
#657 = ( GEOMETRIC_REPRESENTATION_CONTEXT(2) 
PARAMETRIC_REPRESENTATION_CONTEXT() REPRESENTATION_CONTEXT('2D SPACE',''
  ) );
#658 = PCURVE('',#659,#666);
#659 = ( BOUNDED_SURFACE() B_SPLINE_SURFACE(2,1,(
    (#660,#661)
    ,(#662,#663)
,(#664,#665
    )),.UNSPECIFIED.,.F.,.F.,.F.) B_SPLINE_SURFACE_WITH_KNOTS((3,3),(2,2
    ),(0.,0.862170054668),(-1.,5.),.PIECEWISE_BEZIER_KNOTS.) 
GEOMETRIC_REPRESENTATION_ITEM() RATIONAL_B_SPLINE_SURFACE((
    (1.,1.)
    ,(0.908512898493,0.908512898493)
,(1.,1.))) REPRESENTATION_ITEM('') SURFACE() );
#660 = CARTESIAN_POINT('',(276.27746711711,147.,2.));
#661 = CARTESIAN_POINT('',(276.27746711711,153.,2.));
#662 = CARTESIAN_POINT('',(275.81753219464,147.,2.));
#663 = CARTESIAN_POINT('',(275.81753219464,153.,2.));
#664 = CARTESIAN_POINT('',(275.51821051475,147.,2.349208626545));
#665 = CARTESIAN_POINT('',(275.51821051475,153.,2.349208626545));
#666 = DEFINITIONAL_REPRESENTATION('',(#667),#671);
#667 = B_SPLINE_CURVE_WITH_KNOTS('',2,(#668,#669,#670),.UNSPECIFIED.,.F.
  ,.F.,(3,3),(-1.,5.),.PIECEWISE_BEZIER_KNOTS.);
#668 = CARTESIAN_POINT('',(0.,-1.));
#669 = CARTESIAN_POINT('',(0.,2.));
#670 = CARTESIAN_POINT('',(0.,5.));
#671 = ( GEOMETRIC_REPRESENTATION_CONTEXT(2) 
PARAMETRIC_REPRESENTATION_CONTEXT() REPRESENTATION_CONTEXT('2D SPACE',''
  ) );
#672 = ORIENTED_EDGE('',*,*,#673,.T.);
#673 = EDGE_CURVE('',#644,#674,#676,.T.);
#674 = VERTEX_POINT('',#675);
#675 = CARTESIAN_POINT('',(265.54949934374,147.,2.));
#676 = SURFACE_CURVE('',#677,(#680,#686),.PCURVE_S1.);
#677 = B_SPLINE_CURVE_WITH_KNOTS('',1,(#678,#679),.UNSPECIFIED.,.F.,.F.,
  (2,2),(-0.45993492247,10.268032850904),.PIECEWISE_BEZIER_KNOTS.);
#678 = CARTESIAN_POINT('',(276.27746711711,147.,2.));
#679 = CARTESIAN_POINT('',(265.54949934374,147.,2.));
#680 = PCURVE('',#31,#681);
#681 = DEFINITIONAL_REPRESENTATION('',(#682),#685);
#682 = B_SPLINE_CURVE_WITH_KNOTS('',1,(#683,#684),.UNSPECIFIED.,.F.,.F.,
  (2,2),(-0.45993492247,10.268032850904),.PIECEWISE_BEZIER_KNOTS.);
#683 = CARTESIAN_POINT('',(126.27746711711,47.));
#684 = CARTESIAN_POINT('',(115.54949934374,47.));
#685 = ( GEOMETRIC_REPRESENTATION_CONTEXT(2) 
PARAMETRIC_REPRESENTATION_CONTEXT() REPRESENTATION_CONTEXT('2D SPACE',''
  ) );
#686 = PCURVE('',#687,#694);
#687 = ( BOUNDED_SURFACE() B_SPLINE_SURFACE(2,1,(
    (#688,#689)
    ,(#690,#691)
,(#692,#693
    )),.UNSPECIFIED.,.F.,.F.,.F.) B_SPLINE_SURFACE_WITH_KNOTS((3,3),(2,2
    ),(0.,1.570796326795),(-0.45993492247,10.268032850904),
.PIECEWISE_BEZIER_KNOTS.) GEOMETRIC_REPRESENTATION_ITEM() 
RATIONAL_B_SPLINE_SURFACE((
    (1.,1.)
    ,(0.707106781187,0.707106781187)
,(1.,1.))) REPRESENTATION_ITEM('') SURFACE() );
#688 = CARTESIAN_POINT('',(276.27746711711,147.,2.));
#689 = CARTESIAN_POINT('',(265.54949934374,147.,2.));
#690 = CARTESIAN_POINT('',(276.27746711711,148.,2.));
#691 = CARTESIAN_POINT('',(265.54949934374,148.,2.));
#692 = CARTESIAN_POINT('',(276.27746711711,148.,3.));
#693 = CARTESIAN_POINT('',(265.54949934374,148.,3.));
#694 = DEFINITIONAL_REPRESENTATION('',(#695),#699);
#695 = B_SPLINE_CURVE_WITH_KNOTS('',2,(#696,#697,#698),.UNSPECIFIED.,.F.
  ,.F.,(3,3),(-0.45993492247,10.268032850903),.PIECEWISE_BEZIER_KNOTS.);
#696 = CARTESIAN_POINT('',(0.,-0.45993492247));
#697 = CARTESIAN_POINT('',(5.72145666658E-42,4.904048964216));
#698 = CARTESIAN_POINT('',(5.65119640265E-42,10.268032850903));
#699 = ( GEOMETRIC_REPRESENTATION_CONTEXT(2) 
PARAMETRIC_REPRESENTATION_CONTEXT() REPRESENTATION_CONTEXT('2D SPACE',''
  ) );
#700 = ORIENTED_EDGE('',*,*,#701,.T.);
#701 = EDGE_CURVE('',#674,#702,#704,.T.);
#702 = VERTEX_POINT('',#703);
#703 = CARTESIAN_POINT('',(265.54949934374,153.,2.));
#704 = SURFACE_CURVE('',#705,(#708,#714),.PCURVE_S1.);
#705 = B_SPLINE_CURVE_WITH_KNOTS('',1,(#706,#707),.UNSPECIFIED.,.F.,.F.,
  (2,2),(-1.,5.),.PIECEWISE_BEZIER_KNOTS.);
#706 = CARTESIAN_POINT('',(265.54949934374,147.,2.));
#707 = CARTESIAN_POINT('',(265.54949934374,153.,2.));
#708 = PCURVE('',#31,#709);
#709 = DEFINITIONAL_REPRESENTATION('',(#710),#713);
#710 = B_SPLINE_CURVE_WITH_KNOTS('',1,(#711,#712),.UNSPECIFIED.,.F.,.F.,
  (2,2),(-1.,5.),.PIECEWISE_BEZIER_KNOTS.);
#711 = CARTESIAN_POINT('',(115.54949934374,47.));
#712 = CARTESIAN_POINT('',(115.54949934374,53.));
#713 = ( GEOMETRIC_REPRESENTATION_CONTEXT(2) 
PARAMETRIC_REPRESENTATION_CONTEXT() REPRESENTATION_CONTEXT('2D SPACE',''
  ) );
#714 = PCURVE('',#715,#722);
#715 = ( BOUNDED_SURFACE() B_SPLINE_SURFACE(2,1,(
    (#716,#717)
    ,(#718,#719)
,(#720,#721
    )),.UNSPECIFIED.,.F.,.F.,.F.) B_SPLINE_SURFACE_WITH_KNOTS((3,3),(2,2
    ),(0.,2.356194490192),(-1.,5.),.PIECEWISE_BEZIER_KNOTS.) 
GEOMETRIC_REPRESENTATION_ITEM() RATIONAL_B_SPLINE_SURFACE((
    (1.,1.)
    ,(0.382683432365,0.382683432365)
,(1.,1.))) REPRESENTATION_ITEM('') SURFACE() );
#716 = CARTESIAN_POINT('',(265.54949934374,147.,2.));
#717 = CARTESIAN_POINT('',(265.54949934374,153.,2.));
#718 = CARTESIAN_POINT('',(267.96371290611,147.,2.));
#719 = CARTESIAN_POINT('',(267.96371290611,153.,2.));
#720 = CARTESIAN_POINT('',(266.25660612493,147.,3.707106781187));
#721 = CARTESIAN_POINT('',(266.25660612493,153.,3.707106781187));
#722 = DEFINITIONAL_REPRESENTATION('',(#723),#727);
#723 = B_SPLINE_CURVE_WITH_KNOTS('',2,(#724,#725,#726),.UNSPECIFIED.,.F.
  ,.F.,(3,3),(-1.,5.),.PIECEWISE_BEZIER_KNOTS.);
#724 = CARTESIAN_POINT('',(-7.248463983149E-14,-1.));
#725 = CARTESIAN_POINT('',(-4.90774384683E-14,2.));
#726 = CARTESIAN_POINT('',(-7.248463983149E-14,5.));
#727 = ( GEOMETRIC_REPRESENTATION_CONTEXT(2) 
PARAMETRIC_REPRESENTATION_CONTEXT() REPRESENTATION_CONTEXT('2D SPACE',''
  ) );
#728 = ORIENTED_EDGE('',*,*,#729,.F.);
#729 = EDGE_CURVE('',#646,#702,#730,.T.);
#730 = SURFACE_CURVE('',#731,(#734,#740),.PCURVE_S1.);
#731 = B_SPLINE_CURVE_WITH_KNOTS('',1,(#732,#733),.UNSPECIFIED.,.F.,.F.,
  (2,2),(-0.45993492247,10.268032850904),.PIECEWISE_BEZIER_KNOTS.);
#732 = CARTESIAN_POINT('',(276.27746711711,153.,2.));
#733 = CARTESIAN_POINT('',(265.54949934374,153.,2.));
#734 = PCURVE('',#31,#735);
#735 = DEFINITIONAL_REPRESENTATION('',(#736),#739);
#736 = B_SPLINE_CURVE_WITH_KNOTS('',1,(#737,#738),.UNSPECIFIED.,.F.,.F.,
  (2,2),(-0.45993492247,10.268032850904),.PIECEWISE_BEZIER_KNOTS.);
#737 = CARTESIAN_POINT('',(126.27746711711,53.));
#738 = CARTESIAN_POINT('',(115.54949934374,53.));
#739 = ( GEOMETRIC_REPRESENTATION_CONTEXT(2) 
PARAMETRIC_REPRESENTATION_CONTEXT() REPRESENTATION_CONTEXT('2D SPACE',''
  ) );
#740 = PCURVE('',#741,#748);
#741 = ( BOUNDED_SURFACE() B_SPLINE_SURFACE(2,1,(
    (#742,#743)
    ,(#744,#745)
,(#746,#747
    )),.UNSPECIFIED.,.F.,.F.,.F.) B_SPLINE_SURFACE_WITH_KNOTS((3,3),(2,2
    ),(0.,1.570796326795),(-0.45993492247,10.268032850904),
.PIECEWISE_BEZIER_KNOTS.) GEOMETRIC_REPRESENTATION_ITEM() 
RATIONAL_B_SPLINE_SURFACE((
    (1.,1.)
    ,(0.707106781187,0.707106781187)
,(1.,1.))) REPRESENTATION_ITEM('') SURFACE() );
#742 = CARTESIAN_POINT('',(276.27746711711,153.,2.));
#743 = CARTESIAN_POINT('',(265.54949934374,153.,2.));
#744 = CARTESIAN_POINT('',(276.27746711711,152.,2.));
#745 = CARTESIAN_POINT('',(265.54949934374,152.,2.));
#746 = CARTESIAN_POINT('',(276.27746711711,152.,3.));
#747 = CARTESIAN_POINT('',(265.54949934374,152.,3.));
#748 = DEFINITIONAL_REPRESENTATION('',(#749),#753);
#749 = B_SPLINE_CURVE_WITH_KNOTS('',2,(#750,#751,#752),.UNSPECIFIED.,.F.
  ,.F.,(3,3),(-0.45993492247,10.268032850903),.PIECEWISE_BEZIER_KNOTS.);
#750 = CARTESIAN_POINT('',(0.,-0.45993492247));
#751 = CARTESIAN_POINT('',(5.721456666581E-42,4.904048964216));
#752 = CARTESIAN_POINT('',(5.65119640265E-42,10.268032850903));
#753 = ( GEOMETRIC_REPRESENTATION_CONTEXT(2) 
PARAMETRIC_REPRESENTATION_CONTEXT() REPRESENTATION_CONTEXT('2D SPACE',''
  ) );
#754 = FACE_BOUND('',#755,.T.);
#755 = EDGE_LOOP('',(#756,#786,#814,#842));
#756 = ORIENTED_EDGE('',*,*,#757,.F.);
#757 = EDGE_CURVE('',#758,#760,#762,.T.);
#758 = VERTEX_POINT('',#759);
#759 = CARTESIAN_POINT('',(253.,176.27746711711,2.));
#760 = VERTEX_POINT('',#761);
#761 = CARTESIAN_POINT('',(247.,176.27746711711,2.));
#762 = SURFACE_CURVE('',#763,(#766,#772),.PCURVE_S1.);
#763 = B_SPLINE_CURVE_WITH_KNOTS('',1,(#764,#765),.UNSPECIFIED.,.F.,.F.,
  (2,2),(-1.,5.),.PIECEWISE_BEZIER_KNOTS.);
#764 = CARTESIAN_POINT('',(253.,176.27746711711,2.));
#765 = CARTESIAN_POINT('',(247.,176.27746711711,2.));
#766 = PCURVE('',#31,#767);
#767 = DEFINITIONAL_REPRESENTATION('',(#768),#771);
#768 = B_SPLINE_CURVE_WITH_KNOTS('',1,(#769,#770),.UNSPECIFIED.,.F.,.F.,
  (2,2),(-1.,5.),.PIECEWISE_BEZIER_KNOTS.);
#769 = CARTESIAN_POINT('',(103.,76.277467117118));
#770 = CARTESIAN_POINT('',(97.,76.277467117118));
#771 = ( GEOMETRIC_REPRESENTATION_CONTEXT(2) 
PARAMETRIC_REPRESENTATION_CONTEXT() REPRESENTATION_CONTEXT('2D SPACE',''
  ) );
#772 = PCURVE('',#773,#780);
#773 = ( BOUNDED_SURFACE() B_SPLINE_SURFACE(2,1,(
    (#774,#775)
    ,(#776,#777)
,(#778,#779
    )),.UNSPECIFIED.,.F.,.F.,.F.) B_SPLINE_SURFACE_WITH_KNOTS((3,3),(2,2
    ),(0.,0.862170054667),(-1.,5.),.PIECEWISE_BEZIER_KNOTS.) 
GEOMETRIC_REPRESENTATION_ITEM() RATIONAL_B_SPLINE_SURFACE((
    (1.,1.)
    ,(0.908512898493,0.908512898493)
,(1.,1.))) REPRESENTATION_ITEM('') SURFACE() );
#774 = CARTESIAN_POINT('',(253.,176.27746711711,2.));
#775 = CARTESIAN_POINT('',(247.,176.27746711711,2.));
#776 = CARTESIAN_POINT('',(253.,175.81753219464,2.));
#777 = CARTESIAN_POINT('',(247.,175.81753219464,2.));
#778 = CARTESIAN_POINT('',(253.,175.51821051475,2.349208626544));
#779 = CARTESIAN_POINT('',(247.,175.51821051475,2.349208626544));
#780 = DEFINITIONAL_REPRESENTATION('',(#781),#785);
#781 = B_SPLINE_CURVE_WITH_KNOTS('',2,(#782,#783,#784),.UNSPECIFIED.,.F.
  ,.F.,(3,3),(-1.,5.),.PIECEWISE_BEZIER_KNOTS.);
#782 = CARTESIAN_POINT('',(0.,-1.));
#783 = CARTESIAN_POINT('',(0.,2.));
#784 = CARTESIAN_POINT('',(0.,5.));
#785 = ( GEOMETRIC_REPRESENTATION_CONTEXT(2) 
PARAMETRIC_REPRESENTATION_CONTEXT() REPRESENTATION_CONTEXT('2D SPACE',''
  ) );
#786 = ORIENTED_EDGE('',*,*,#787,.T.);
#787 = EDGE_CURVE('',#758,#788,#790,.T.);
#788 = VERTEX_POINT('',#789);
#789 = CARTESIAN_POINT('',(253.,165.54949934374,2.));
#790 = SURFACE_CURVE('',#791,(#794,#800),.PCURVE_S1.);
#791 = B_SPLINE_CURVE_WITH_KNOTS('',1,(#792,#793),.UNSPECIFIED.,.F.,.F.,
  (2,2),(-0.45993492247,10.268032850904),.PIECEWISE_BEZIER_KNOTS.);
#792 = CARTESIAN_POINT('',(253.,176.27746711711,2.));
#793 = CARTESIAN_POINT('',(253.,165.54949934374,2.));
#794 = PCURVE('',#31,#795);
#795 = DEFINITIONAL_REPRESENTATION('',(#796),#799);
#796 = B_SPLINE_CURVE_WITH_KNOTS('',1,(#797,#798),.UNSPECIFIED.,.F.,.F.,
  (2,2),(-0.45993492247,10.268032850904),.PIECEWISE_BEZIER_KNOTS.);
#797 = CARTESIAN_POINT('',(103.,76.277467117118));
#798 = CARTESIAN_POINT('',(103.,65.549499343744));
#799 = ( GEOMETRIC_REPRESENTATION_CONTEXT(2) 
PARAMETRIC_REPRESENTATION_CONTEXT() REPRESENTATION_CONTEXT('2D SPACE',''
  ) );
#800 = PCURVE('',#801,#808);
#801 = ( BOUNDED_SURFACE() B_SPLINE_SURFACE(2,1,(
    (#802,#803)
    ,(#804,#805)
,(#806,#807
    )),.UNSPECIFIED.,.F.,.F.,.F.) B_SPLINE_SURFACE_WITH_KNOTS((3,3),(2,2
    ),(0.,1.570796326795),(-0.45993492247,10.268032850904),
.PIECEWISE_BEZIER_KNOTS.) GEOMETRIC_REPRESENTATION_ITEM() 
RATIONAL_B_SPLINE_SURFACE((
    (1.,1.)
    ,(0.707106781187,0.707106781187)
,(1.,1.))) REPRESENTATION_ITEM('') SURFACE() );
#802 = CARTESIAN_POINT('',(253.,176.27746711711,2.));
#803 = CARTESIAN_POINT('',(253.,165.54949934374,2.));
#804 = CARTESIAN_POINT('',(252.,176.27746711711,2.));
#805 = CARTESIAN_POINT('',(252.,165.54949934374,2.));
#806 = CARTESIAN_POINT('',(252.,176.27746711711,3.));
#807 = CARTESIAN_POINT('',(252.,165.54949934374,3.));
#808 = DEFINITIONAL_REPRESENTATION('',(#809),#813);
#809 = B_SPLINE_CURVE_WITH_KNOTS('',2,(#810,#811,#812),.UNSPECIFIED.,.F.
  ,.F.,(3,3),(-0.45993492247,10.268032850903),.PIECEWISE_BEZIER_KNOTS.);
#810 = CARTESIAN_POINT('',(-3.156858197541E-14,-0.45993492247));
#811 = CARTESIAN_POINT('',(-9.203940585346E-15,4.904048964216));
#812 = CARTESIAN_POINT('',(-3.156858197541E-14,10.268032850903));
#813 = ( GEOMETRIC_REPRESENTATION_CONTEXT(2) 
PARAMETRIC_REPRESENTATION_CONTEXT() REPRESENTATION_CONTEXT('2D SPACE',''
  ) );
#814 = ORIENTED_EDGE('',*,*,#815,.T.);
#815 = EDGE_CURVE('',#788,#816,#818,.T.);
#816 = VERTEX_POINT('',#817);
#817 = CARTESIAN_POINT('',(247.,165.54949934374,2.));
#818 = SURFACE_CURVE('',#819,(#822,#828),.PCURVE_S1.);
#819 = B_SPLINE_CURVE_WITH_KNOTS('',1,(#820,#821),.UNSPECIFIED.,.F.,.F.,
  (2,2),(-1.,5.),.PIECEWISE_BEZIER_KNOTS.);
#820 = CARTESIAN_POINT('',(253.,165.54949934374,2.));
#821 = CARTESIAN_POINT('',(247.,165.54949934374,2.));
#822 = PCURVE('',#31,#823);
#823 = DEFINITIONAL_REPRESENTATION('',(#824),#827);
#824 = B_SPLINE_CURVE_WITH_KNOTS('',1,(#825,#826),.UNSPECIFIED.,.F.,.F.,
  (2,2),(-1.,5.),.PIECEWISE_BEZIER_KNOTS.);
#825 = CARTESIAN_POINT('',(103.,65.549499343744));
#826 = CARTESIAN_POINT('',(97.,65.549499343744));
#827 = ( GEOMETRIC_REPRESENTATION_CONTEXT(2) 
PARAMETRIC_REPRESENTATION_CONTEXT() REPRESENTATION_CONTEXT('2D SPACE',''
  ) );
#828 = PCURVE('',#829,#836);
#829 = ( BOUNDED_SURFACE() B_SPLINE_SURFACE(2,1,(
    (#830,#831)
    ,(#832,#833)
,(#834,#835
    )),.UNSPECIFIED.,.F.,.F.,.F.) B_SPLINE_SURFACE_WITH_KNOTS((3,3),(2,2
    ),(0.,2.356194490192),(-1.,5.),.PIECEWISE_BEZIER_KNOTS.) 
GEOMETRIC_REPRESENTATION_ITEM() RATIONAL_B_SPLINE_SURFACE((
    (1.,1.)
    ,(0.382683432365,0.382683432365)
,(1.,1.))) REPRESENTATION_ITEM('') SURFACE() );
#830 = CARTESIAN_POINT('',(253.,165.54949934374,2.));
#831 = CARTESIAN_POINT('',(247.,165.54949934374,2.));
#832 = CARTESIAN_POINT('',(253.,167.96371290611,2.));
#833 = CARTESIAN_POINT('',(247.,167.96371290611,2.));
#834 = CARTESIAN_POINT('',(253.,166.25660612493,3.707106781187));
#835 = CARTESIAN_POINT('',(247.,166.25660612493,3.707106781187));
#836 = DEFINITIONAL_REPRESENTATION('',(#837),#841);
#837 = B_SPLINE_CURVE_WITH_KNOTS('',2,(#838,#839,#840),.UNSPECIFIED.,.F.
  ,.F.,(3,3),(-1.,5.),.PIECEWISE_BEZIER_KNOTS.);
#838 = CARTESIAN_POINT('',(0.,-1.));
#839 = CARTESIAN_POINT('',(0.,2.));
#840 = CARTESIAN_POINT('',(0.,5.));
#841 = ( GEOMETRIC_REPRESENTATION_CONTEXT(2) 
PARAMETRIC_REPRESENTATION_CONTEXT() REPRESENTATION_CONTEXT('2D SPACE',''
  ) );
#842 = ORIENTED_EDGE('',*,*,#843,.F.);
#843 = EDGE_CURVE('',#760,#816,#844,.T.);
#844 = SURFACE_CURVE('',#845,(#848,#854),.PCURVE_S1.);
#845 = B_SPLINE_CURVE_WITH_KNOTS('',1,(#846,#847),.UNSPECIFIED.,.F.,.F.,
  (2,2),(-0.45993492247,10.268032850904),.PIECEWISE_BEZIER_KNOTS.);
#846 = CARTESIAN_POINT('',(247.,176.27746711711,2.));
#847 = CARTESIAN_POINT('',(247.,165.54949934374,2.));
#848 = PCURVE('',#31,#849);
#849 = DEFINITIONAL_REPRESENTATION('',(#850),#853);
#850 = B_SPLINE_CURVE_WITH_KNOTS('',1,(#851,#852),.UNSPECIFIED.,.F.,.F.,
  (2,2),(-0.45993492247,10.268032850904),.PIECEWISE_BEZIER_KNOTS.);
#851 = CARTESIAN_POINT('',(97.,76.277467117118));
#852 = CARTESIAN_POINT('',(97.,65.549499343744));
#853 = ( GEOMETRIC_REPRESENTATION_CONTEXT(2) 
PARAMETRIC_REPRESENTATION_CONTEXT() REPRESENTATION_CONTEXT('2D SPACE',''
  ) );
#854 = PCURVE('',#855,#862);
#855 = ( BOUNDED_SURFACE() B_SPLINE_SURFACE(2,1,(
    (#856,#857)
    ,(#858,#859)
,(#860,#861
    )),.UNSPECIFIED.,.F.,.F.,.F.) B_SPLINE_SURFACE_WITH_KNOTS((3,3),(2,2
    ),(0.,1.570796326795),(-0.45993492247,10.268032850904),
.PIECEWISE_BEZIER_KNOTS.) GEOMETRIC_REPRESENTATION_ITEM() 
RATIONAL_B_SPLINE_SURFACE((
    (1.,1.)
    ,(0.707106781187,0.707106781187)
,(1.,1.))) REPRESENTATION_ITEM('') SURFACE() );
#856 = CARTESIAN_POINT('',(247.,176.27746711711,2.));
#857 = CARTESIAN_POINT('',(247.,165.54949934374,2.));
#858 = CARTESIAN_POINT('',(248.,176.27746711711,2.));
#859 = CARTESIAN_POINT('',(248.,165.54949934374,2.));
#860 = CARTESIAN_POINT('',(248.,176.27746711711,3.));
#861 = CARTESIAN_POINT('',(248.,165.54949934374,3.));
#862 = DEFINITIONAL_REPRESENTATION('',(#863),#867);
#863 = B_SPLINE_CURVE_WITH_KNOTS('',2,(#864,#865,#866),.UNSPECIFIED.,.F.
  ,.F.,(3,3),(-0.45993492247,10.268032850903),.PIECEWISE_BEZIER_KNOTS.);
#864 = CARTESIAN_POINT('',(0.,-0.45993492247));
#865 = CARTESIAN_POINT('',(-3.146369199305E-44,4.904048964216));
#866 = CARTESIAN_POINT('',(-4.237389097126E-43,10.268032850903));
#867 = ( GEOMETRIC_REPRESENTATION_CONTEXT(2) 
PARAMETRIC_REPRESENTATION_CONTEXT() REPRESENTATION_CONTEXT('2D SPACE',''
  ) );
#868 = ADVANCED_FACE('',(#869),#42,.T.);
#869 = FACE_BOUND('',#870,.T.);
#870 = EDGE_LOOP('',(#871,#916,#942,#985));
#871 = ORIENTED_EDGE('',*,*,#872,.T.);
#872 = EDGE_CURVE('',#22,#873,#875,.T.);
#873 = VERTEX_POINT('',#874);
#874 = CARTESIAN_POINT('',(152.,20.729666822786,3.));
#875 = SURFACE_CURVE('',#876,(#880,#898),.PCURVE_S1.);
#876 = ( BOUNDED_CURVE() B_SPLINE_CURVE(2,(#877,#878,#879),
.UNSPECIFIED.,.F.,.F.) B_SPLINE_CURVE_WITH_KNOTS((3,3),(4.712388980385,
6.28318530718),.PIECEWISE_BEZIER_KNOTS.) CURVE() 
GEOMETRIC_REPRESENTATION_ITEM() RATIONAL_B_SPLINE_CURVE((1.,
0.707106781187,1.)) REPRESENTATION_ITEM('') );
#877 = CARTESIAN_POINT('',(153.,19.729666822786,2.));
#878 = CARTESIAN_POINT('',(152.,20.729666822786,2.));
#879 = CARTESIAN_POINT('',(152.,20.729666822786,3.));
#880 = PCURVE('',#42,#881);
#881 = DEFINITIONAL_REPRESENTATION('',(#882),#897);
#882 = B_SPLINE_CURVE_WITH_KNOTS('',7,(#883,#884,#885,#886,#887,#888,
    #889,#890,#891,#892,#893,#894,#895,#896),.UNSPECIFIED.,.F.,.F.,(8,6,
    8),(4.712388980385,5.497787143782,6.28318530718),.UNSPECIFIED.);
#883 = CARTESIAN_POINT('',(0.,-1.));
#884 = CARTESIAN_POINT('',(0.112199737629,-0.898985131649));
#885 = CARTESIAN_POINT('',(0.224399475255,-0.793035561422));
#886 = CARTESIAN_POINT('',(0.336599212884,-0.684262727183));
#887 = CARTESIAN_POINT('',(0.448798950509,-0.575743786378));
#888 = CARTESIAN_POINT('',(0.560998688142,-0.471812644373));
#889 = CARTESIAN_POINT('',(0.67319842577,-0.376577344704));
#890 = CARTESIAN_POINT('',(0.897597901025,-0.209209160281));
#891 = CARTESIAN_POINT('',(1.009797638659,-0.137082147639));
#892 = CARTESIAN_POINT('',(1.121997376255,-7.936826800317E-02));
#893 = CARTESIAN_POINT('',(1.234197113931,-3.780301467518E-02));
#894 = CARTESIAN_POINT('',(1.346396851529,-1.19059693088E-02));
#895 = CARTESIAN_POINT('',(1.45859658917,1.848935327464E-07));
#896 = CARTESIAN_POINT('',(1.570796326795,-2.84217094304E-14));
#897 = ( GEOMETRIC_REPRESENTATION_CONTEXT(2) 
PARAMETRIC_REPRESENTATION_CONTEXT() REPRESENTATION_CONTEXT('2D SPACE',''
  ) );
#898 = PCURVE('',#124,#899);
#899 = DEFINITIONAL_REPRESENTATION('',(#900),#915);
#900 = B_SPLINE_CURVE_WITH_KNOTS('',7,(#901,#902,#903,#904,#905,#906,
    #907,#908,#909,#910,#911,#912,#913,#914),.UNSPECIFIED.,.F.,.F.,(8,6,
    8),(4.712388980385,5.497787143782,6.28318530718),.UNSPECIFIED.);
#901 = CARTESIAN_POINT('',(0.,-1.));
#902 = CARTESIAN_POINT('',(0.112199737628,-0.898985131649));
#903 = CARTESIAN_POINT('',(0.224399475256,-0.793035561423));
#904 = CARTESIAN_POINT('',(0.336599212881,-0.68426272718));
#905 = CARTESIAN_POINT('',(0.448798950516,-0.575743786383));
#906 = CARTESIAN_POINT('',(0.560998688139,-0.471812644371));
#907 = CARTESIAN_POINT('',(0.67319842577,-0.376577344704));
#908 = CARTESIAN_POINT('',(0.897597901027,-0.209209160281));
#909 = CARTESIAN_POINT('',(1.009797638653,-0.137082147638));
#910 = CARTESIAN_POINT('',(1.121997376281,-7.936826800565E-02));
#911 = CARTESIAN_POINT('',(1.234197113917,-3.780301467343E-02));
#912 = CARTESIAN_POINT('',(1.346396851534,-1.19059693096E-02));
#913 = CARTESIAN_POINT('',(1.458596589169,1.848934880344E-07));
#914 = CARTESIAN_POINT('',(1.570796326795,3.774758283726E-15));
#915 = ( GEOMETRIC_REPRESENTATION_CONTEXT(2) 
PARAMETRIC_REPRESENTATION_CONTEXT() REPRESENTATION_CONTEXT('2D SPACE',''
  ) );
#916 = ORIENTED_EDGE('',*,*,#917,.T.);
#917 = EDGE_CURVE('',#873,#918,#920,.T.);
#918 = VERTEX_POINT('',#919);
#919 = CARTESIAN_POINT('',(148.,20.729666822786,3.));
#920 = SURFACE_CURVE('',#921,(#924,#931),.PCURVE_S1.);
#921 = B_SPLINE_CURVE_WITH_KNOTS('',1,(#922,#923),.UNSPECIFIED.,.F.,.F.,
  (2,2),(-0.,4.),.PIECEWISE_BEZIER_KNOTS.);
#922 = CARTESIAN_POINT('',(152.,20.729666822786,3.));
#923 = CARTESIAN_POINT('',(148.,20.729666822786,3.));
#924 = PCURVE('',#42,#925);
#925 = DEFINITIONAL_REPRESENTATION('',(#926),#930);
#926 = B_SPLINE_CURVE_WITH_KNOTS('',2,(#927,#928,#929),.UNSPECIFIED.,.F.
  ,.F.,(3,3),(-0.,4.),.PIECEWISE_BEZIER_KNOTS.);
#927 = CARTESIAN_POINT('',(1.570796326795,0.));
#928 = CARTESIAN_POINT('',(1.570796326795,2.));
#929 = CARTESIAN_POINT('',(1.570796326795,4.));
#930 = ( GEOMETRIC_REPRESENTATION_CONTEXT(2) 
PARAMETRIC_REPRESENTATION_CONTEXT() REPRESENTATION_CONTEXT('2D SPACE',''
  ) );
#931 = PCURVE('',#932,#937);
#932 = B_SPLINE_SURFACE_WITH_KNOTS('',1,1,(
    (#933,#934)
    ,(#935,#936
    )),.UNSPECIFIED.,.F.,.F.,.F.,(2,2),(2,2),(-3.105509157202,
    13.105509157202),(-2.,26.36917278516),.PIECEWISE_BEZIER_KNOTS.);
#933 = CARTESIAN_POINT('',(148.,20.729666822786,3.));
#934 = CARTESIAN_POINT('',(176.36917278516,20.729666822786,3.));
#935 = CARTESIAN_POINT('',(148.,20.729666822786,19.211018314404));
#936 = CARTESIAN_POINT('',(176.36917278516,20.729666822786,
    19.211018314404));
#937 = DEFINITIONAL_REPRESENTATION('',(#938),#941);
#938 = B_SPLINE_CURVE_WITH_KNOTS('',1,(#939,#940),.UNSPECIFIED.,.F.,.F.,
  (2,2),(-0.,4.),.PIECEWISE_BEZIER_KNOTS.);
#939 = CARTESIAN_POINT('',(-3.105509157202,2.));
#940 = CARTESIAN_POINT('',(-3.105509157202,-2.));
#941 = ( GEOMETRIC_REPRESENTATION_CONTEXT(2) 
PARAMETRIC_REPRESENTATION_CONTEXT() REPRESENTATION_CONTEXT('2D SPACE',''
  ) );
#942 = ORIENTED_EDGE('',*,*,#943,.F.);
#943 = EDGE_CURVE('',#24,#918,#944,.T.);
#944 = SURFACE_CURVE('',#945,(#949,#967),.PCURVE_S1.);
#945 = ( BOUNDED_CURVE() B_SPLINE_CURVE(2,(#946,#947,#948),
.UNSPECIFIED.,.F.,.F.) B_SPLINE_CURVE_WITH_KNOTS((3,3),(1.570796326795,
3.14159265359),.PIECEWISE_BEZIER_KNOTS.) CURVE() 
GEOMETRIC_REPRESENTATION_ITEM() RATIONAL_B_SPLINE_CURVE((1.,
0.707106781187,1.)) REPRESENTATION_ITEM('') );
#946 = CARTESIAN_POINT('',(147.,19.729666822786,2.));
#947 = CARTESIAN_POINT('',(148.,20.729666822786,2.));
#948 = CARTESIAN_POINT('',(148.,20.729666822786,3.));
#949 = PCURVE('',#42,#950);
#950 = DEFINITIONAL_REPRESENTATION('',(#951),#966);
#951 = B_SPLINE_CURVE_WITH_KNOTS('',7,(#952,#953,#954,#955,#956,#957,
    #958,#959,#960,#961,#962,#963,#964,#965),.UNSPECIFIED.,.F.,.F.,(8,6,
    8),(1.570796326795,2.356194490192,3.14159265359),.UNSPECIFIED.);
#952 = CARTESIAN_POINT('',(3.487868498009E-15,5.));
#953 = CARTESIAN_POINT('',(0.11219973763,4.898985131645));
#954 = CARTESIAN_POINT('',(0.224399475249,4.793035561482));
#955 = CARTESIAN_POINT('',(0.336599212893,4.684262727072));
#956 = CARTESIAN_POINT('',(0.448798950501,4.575743786439));
#957 = CARTESIAN_POINT('',(0.560998688147,4.471812644324));
#958 = CARTESIAN_POINT('',(0.673198425769,4.376577344716));
#959 = CARTESIAN_POINT('',(0.897597901026,4.209209160284));
#960 = CARTESIAN_POINT('',(1.009797638661,4.137082147658));
#961 = CARTESIAN_POINT('',(1.121997376265,4.079368267974));
#962 = CARTESIAN_POINT('',(1.234197113921,4.037803014699));
#963 = CARTESIAN_POINT('',(1.346396851534,4.011905969301));
#964 = CARTESIAN_POINT('',(1.45859658917,3.999999815115));
#965 = CARTESIAN_POINT('',(1.570796326795,4.));
#966 = ( GEOMETRIC_REPRESENTATION_CONTEXT(2) 
PARAMETRIC_REPRESENTATION_CONTEXT() REPRESENTATION_CONTEXT('2D SPACE',''
  ) );
#967 = PCURVE('',#70,#968);
#968 = DEFINITIONAL_REPRESENTATION('',(#969),#984);
#969 = B_SPLINE_CURVE_WITH_KNOTS('',7,(#970,#971,#972,#973,#974,#975,
    #976,#977,#978,#979,#980,#981,#982,#983),.UNSPECIFIED.,.F.,.F.,(8,6,
    8),(1.570796326795,2.356194490192,3.14159265359),.UNSPECIFIED.);
#970 = CARTESIAN_POINT('',(3.487868498009E-15,-1.));
#971 = CARTESIAN_POINT('',(0.112199737629,-0.898985131649));
#972 = CARTESIAN_POINT('',(0.224399475256,-0.793035561422));
#973 = CARTESIAN_POINT('',(0.336599212887,-0.684262727189));
#974 = CARTESIAN_POINT('',(0.448798950511,-0.575743786382));
#975 = CARTESIAN_POINT('',(0.560998688142,-0.471812644373));
#976 = CARTESIAN_POINT('',(0.67319842577,-0.376577344703));
#977 = CARTESIAN_POINT('',(0.897597901028,-0.209209160281));
#978 = CARTESIAN_POINT('',(1.00979763865,-0.137082147639));
#979 = CARTESIAN_POINT('',(1.121997376299,-7.936826800457E-02));
#980 = CARTESIAN_POINT('',(1.234197113901,-3.780301467472E-02));
#981 = CARTESIAN_POINT('',(1.346396851545,-1.190596930906E-02));
#982 = CARTESIAN_POINT('',(1.458596589168,1.848935038683E-07));
#983 = CARTESIAN_POINT('',(1.570796326795,-3.552713678801E-15));
#984 = ( GEOMETRIC_REPRESENTATION_CONTEXT(2) 
PARAMETRIC_REPRESENTATION_CONTEXT() REPRESENTATION_CONTEXT('2D SPACE',''
  ) );
#985 = ORIENTED_EDGE('',*,*,#21,.F.);
#986 = ADVANCED_FACE('',(#987),#124,.F.);
#987 = FACE_BOUND('',#988,.F.);
#988 = EDGE_LOOP('',(#989,#990,#1016,#1059));
#989 = ORIENTED_EDGE('',*,*,#872,.T.);
#990 = ORIENTED_EDGE('',*,*,#991,.T.);
#991 = EDGE_CURVE('',#873,#992,#994,.T.);
#992 = VERTEX_POINT('',#993);
#993 = CARTESIAN_POINT('',(152.,79.270333177214,3.));
#994 = SURFACE_CURVE('',#995,(#998,#1005),.PCURVE_S1.);
#995 = B_SPLINE_CURVE_WITH_KNOTS('',1,(#996,#997),.UNSPECIFIED.,.F.,.F.,
  (2,2),(-0.,58.540666354427),.PIECEWISE_BEZIER_KNOTS.);
#996 = CARTESIAN_POINT('',(152.,20.729666822786,3.));
#997 = CARTESIAN_POINT('',(152.,79.270333177214,3.));
#998 = PCURVE('',#124,#999);
#999 = DEFINITIONAL_REPRESENTATION('',(#1000),#1004);
#1000 = B_SPLINE_CURVE_WITH_KNOTS('',2,(#1001,#1002,#1003),
  .UNSPECIFIED.,.F.,.F.,(3,3),(-0.,58.540666354427),
  .PIECEWISE_BEZIER_KNOTS.);
#1001 = CARTESIAN_POINT('',(1.570796326795,3.552713678801E-15));
#1002 = CARTESIAN_POINT('',(1.570796326795,29.270333177214));
#1003 = CARTESIAN_POINT('',(1.570796326795,58.540666354427));
#1004 = ( GEOMETRIC_REPRESENTATION_CONTEXT(2) 
PARAMETRIC_REPRESENTATION_CONTEXT() REPRESENTATION_CONTEXT('2D SPACE',''
  ) );
#1005 = PCURVE('',#1006,#1011);
#1006 = B_SPLINE_SURFACE_WITH_KNOTS('',1,1,(
    (#1007,#1008)
    ,(#1009,#1010
    )),.UNSPECIFIED.,.F.,.F.,.F.,(2,2),(2,2),(3.,12.211018314404),(
    -58.54066635442,0.),.PIECEWISE_BEZIER_KNOTS.);
#1007 = CARTESIAN_POINT('',(152.,79.270333177214,3.));
#1008 = CARTESIAN_POINT('',(152.,20.729666822786,3.));
#1009 = CARTESIAN_POINT('',(152.,79.270333177214,12.211018314404));
#1010 = CARTESIAN_POINT('',(152.,20.729666822786,12.211018314404));
#1011 = DEFINITIONAL_REPRESENTATION('',(#1012),#1015);
#1012 = B_SPLINE_CURVE_WITH_KNOTS('',1,(#1013,#1014),.UNSPECIFIED.,.F.,
  .F.,(2,2),(-0.,58.540666354427),.PIECEWISE_BEZIER_KNOTS.);
#1013 = CARTESIAN_POINT('',(3.,0.));
#1014 = CARTESIAN_POINT('',(3.,-58.54066635442));
#1015 = ( GEOMETRIC_REPRESENTATION_CONTEXT(2) 
PARAMETRIC_REPRESENTATION_CONTEXT() REPRESENTATION_CONTEXT('2D SPACE',''
  ) );
#1016 = ORIENTED_EDGE('',*,*,#1017,.F.);
#1017 = EDGE_CURVE('',#85,#992,#1018,.T.);
#1018 = SURFACE_CURVE('',#1019,(#1023,#1041),.PCURVE_S1.);
#1019 = ( BOUNDED_CURVE() B_SPLINE_CURVE(2,(#1020,#1021,#1022),
.UNSPECIFIED.,.F.,.F.) B_SPLINE_CURVE_WITH_KNOTS((3,3),(1.570796326795,
3.14159265359),.PIECEWISE_BEZIER_KNOTS.) CURVE() 
GEOMETRIC_REPRESENTATION_ITEM() RATIONAL_B_SPLINE_CURVE((1.,
0.707106781187,1.)) REPRESENTATION_ITEM('') );
#1020 = CARTESIAN_POINT('',(153.,80.270333177214,2.));
#1021 = CARTESIAN_POINT('',(152.,79.270333177214,2.));
#1022 = CARTESIAN_POINT('',(152.,79.270333177214,3.));
#1023 = PCURVE('',#124,#1024);
#1024 = DEFINITIONAL_REPRESENTATION('',(#1025),#1040);
#1025 = B_SPLINE_CURVE_WITH_KNOTS('',7,(#1026,#1027,#1028,#1029,#1030,
    #1031,#1032,#1033,#1034,#1035,#1036,#1037,#1038,#1039),
  .UNSPECIFIED.,.F.,.F.,(8,6,8),(1.570796326795,2.356194490192,
    3.14159265359),.UNSPECIFIED.);
#1026 = CARTESIAN_POINT('',(3.487868498009E-15,59.540666354427));
#1027 = CARTESIAN_POINT('',(0.112199737629,59.439651486076));
#1028 = CARTESIAN_POINT('',(0.224399475258,59.333701915925));
#1029 = CARTESIAN_POINT('',(0.336599212883,59.224929081504));
#1030 = CARTESIAN_POINT('',(0.448798950512,59.116410140984));
#1031 = CARTESIAN_POINT('',(0.560998688141,59.012478998605));
#1032 = CARTESIAN_POINT('',(0.67319842577,58.917243699207));
#1033 = CARTESIAN_POINT('',(0.897597901027,58.749875514733));
#1034 = CARTESIAN_POINT('',(1.009797638653,58.677748502168));
#1035 = CARTESIAN_POINT('',(1.121997376281,58.620034621967));
#1036 = CARTESIAN_POINT('',(1.234197113906,58.578469369337));
#1037 = CARTESIAN_POINT('',(1.346396851536,58.55257232351));
#1038 = CARTESIAN_POINT('',(1.458596589169,58.540666169637));
#1039 = CARTESIAN_POINT('',(1.570796326795,58.540666354427));
#1040 = ( GEOMETRIC_REPRESENTATION_CONTEXT(2) 
PARAMETRIC_REPRESENTATION_CONTEXT() REPRESENTATION_CONTEXT('2D SPACE',''
  ) );
#1041 = PCURVE('',#98,#1042);
#1042 = DEFINITIONAL_REPRESENTATION('',(#1043),#1058);
#1043 = B_SPLINE_CURVE_WITH_KNOTS('',7,(#1044,#1045,#1046,#1047,#1048,
    #1049,#1050,#1051,#1052,#1053,#1054,#1055,#1056,#1057),
  .UNSPECIFIED.,.F.,.F.,(8,6,8),(1.570796326795,2.356194490192,
    3.14159265359),.UNSPECIFIED.);
#1044 = CARTESIAN_POINT('',(3.487868498009E-15,-1.));
#1045 = CARTESIAN_POINT('',(0.11219973763,-0.898985131649));
#1046 = CARTESIAN_POINT('',(0.224399475252,-0.793035561425));
#1047 = CARTESIAN_POINT('',(0.33659921289,-0.684262727176));
#1048 = CARTESIAN_POINT('',(0.448798950508,-0.575743786388));
#1049 = CARTESIAN_POINT('',(0.560998688145,-0.471812644373));
#1050 = CARTESIAN_POINT('',(0.673198425769,-0.376577344704));
#1051 = CARTESIAN_POINT('',(0.897597901025,-0.209209160281));
#1052 = CARTESIAN_POINT('',(1.009797638661,-0.137082147639));
#1053 = CARTESIAN_POINT('',(1.121997376267,-7.936826800353E-02));
#1054 = CARTESIAN_POINT('',(1.234197113922,-3.780301467506E-02));
#1055 = CARTESIAN_POINT('',(1.346396851533,-1.190596930797E-02));
#1056 = CARTESIAN_POINT('',(1.45859658917,1.848933418701E-07));
#1057 = CARTESIAN_POINT('',(1.570796326795,2.84217094304E-14));
#1058 = ( GEOMETRIC_REPRESENTATION_CONTEXT(2) 
PARAMETRIC_REPRESENTATION_CONTEXT() REPRESENTATION_CONTEXT('2D SPACE',''
  ) );
#1059 = ORIENTED_EDGE('',*,*,#112,.F.);
#1060 = ADVANCED_FACE('',(#1061),#70,.T.);
#1061 = FACE_BOUND('',#1062,.T.);
#1062 = EDGE_LOOP('',(#1063,#1064,#1090,#1133));
#1063 = ORIENTED_EDGE('',*,*,#943,.T.);
#1064 = ORIENTED_EDGE('',*,*,#1065,.T.);
#1065 = EDGE_CURVE('',#918,#1066,#1068,.T.);
#1066 = VERTEX_POINT('',#1067);
#1067 = CARTESIAN_POINT('',(148.,79.270333177214,3.));
#1068 = SURFACE_CURVE('',#1069,(#1072,#1079),.PCURVE_S1.);
#1069 = B_SPLINE_CURVE_WITH_KNOTS('',1,(#1070,#1071),.UNSPECIFIED.,.F.,
  .F.,(2,2),(-0.,58.540666354427),.PIECEWISE_BEZIER_KNOTS.);
#1070 = CARTESIAN_POINT('',(148.,20.729666822786,3.));
#1071 = CARTESIAN_POINT('',(148.,79.270333177214,3.));
#1072 = PCURVE('',#70,#1073);
#1073 = DEFINITIONAL_REPRESENTATION('',(#1074),#1078);
#1074 = B_SPLINE_CURVE_WITH_KNOTS('',2,(#1075,#1076,#1077),
  .UNSPECIFIED.,.F.,.F.,(3,3),(-0.,58.540666354427),
  .PIECEWISE_BEZIER_KNOTS.);
#1075 = CARTESIAN_POINT('',(1.570796326795,3.552713678801E-15));
#1076 = CARTESIAN_POINT('',(1.570796326795,29.270333177214));
#1077 = CARTESIAN_POINT('',(1.570796326795,58.540666354427));
#1078 = ( GEOMETRIC_REPRESENTATION_CONTEXT(2) 
PARAMETRIC_REPRESENTATION_CONTEXT() REPRESENTATION_CONTEXT('2D SPACE',''
  ) );
#1079 = PCURVE('',#1080,#1085);
#1080 = B_SPLINE_SURFACE_WITH_KNOTS('',1,1,(
    (#1081,#1082)
    ,(#1083,#1084
    )),.UNSPECIFIED.,.F.,.F.,.F.,(2,2),(2,2),(3.,12.211018314404),(
    -58.54066635442,0.),.PIECEWISE_BEZIER_KNOTS.);
#1081 = CARTESIAN_POINT('',(148.,79.270333177214,3.));
#1082 = CARTESIAN_POINT('',(148.,20.729666822786,3.));
#1083 = CARTESIAN_POINT('',(148.,79.270333177214,12.211018314404));
#1084 = CARTESIAN_POINT('',(148.,20.729666822786,12.211018314404));
#1085 = DEFINITIONAL_REPRESENTATION('',(#1086),#1089);
#1086 = B_SPLINE_CURVE_WITH_KNOTS('',1,(#1087,#1088),.UNSPECIFIED.,.F.,
  .F.,(2,2),(-0.,58.540666354427),.PIECEWISE_BEZIER_KNOTS.);
#1087 = CARTESIAN_POINT('',(3.,0.));
#1088 = CARTESIAN_POINT('',(3.,-58.54066635442));
#1089 = ( GEOMETRIC_REPRESENTATION_CONTEXT(2) 
PARAMETRIC_REPRESENTATION_CONTEXT() REPRESENTATION_CONTEXT('2D SPACE',''
  ) );
#1090 = ORIENTED_EDGE('',*,*,#1091,.F.);
#1091 = EDGE_CURVE('',#57,#1066,#1092,.T.);
#1092 = SURFACE_CURVE('',#1093,(#1097,#1115),.PCURVE_S1.);
#1093 = ( BOUNDED_CURVE() B_SPLINE_CURVE(2,(#1094,#1095,#1096),
.UNSPECIFIED.,.F.,.F.) B_SPLINE_CURVE_WITH_KNOTS((3,3),(1.570796326795,
3.14159265359),.PIECEWISE_BEZIER_KNOTS.) CURVE() 
GEOMETRIC_REPRESENTATION_ITEM() RATIONAL_B_SPLINE_CURVE((1.,
0.707106781187,1.)) REPRESENTATION_ITEM('') );
#1094 = CARTESIAN_POINT('',(147.,80.270333177214,2.));
#1095 = CARTESIAN_POINT('',(148.,79.270333177214,2.));
#1096 = CARTESIAN_POINT('',(148.,79.270333177214,3.));
#1097 = PCURVE('',#70,#1098);
#1098 = DEFINITIONAL_REPRESENTATION('',(#1099),#1114);
#1099 = B_SPLINE_CURVE_WITH_KNOTS('',7,(#1100,#1101,#1102,#1103,#1104,
    #1105,#1106,#1107,#1108,#1109,#1110,#1111,#1112,#1113),
  .UNSPECIFIED.,.F.,.F.,(8,6,8),(1.570796326795,2.356194490192,
    3.14159265359),.UNSPECIFIED.);
#1100 = CARTESIAN_POINT('',(3.487868498009E-15,59.540666354427));
#1101 = CARTESIAN_POINT('',(0.11219973763,59.439651486092));
#1102 = CARTESIAN_POINT('',(0.224399475252,59.333701915783));
#1103 = CARTESIAN_POINT('',(0.336599212892,59.224929081212));
#1104 = CARTESIAN_POINT('',(0.448798950505,59.116410140684));
#1105 = CARTESIAN_POINT('',(0.560998688146,59.012478998704));
#1106 = CARTESIAN_POINT('',(0.673198425769,58.917243699229));
#1107 = CARTESIAN_POINT('',(0.897597901028,58.749875514733));
#1108 = CARTESIAN_POINT('',(1.009797638653,58.677748502168));
#1109 = CARTESIAN_POINT('',(1.121997376285,58.620034621967));
#1110 = CARTESIAN_POINT('',(1.234197113909,58.578469369337));
#1111 = CARTESIAN_POINT('',(1.346396851543,58.55257232351));
#1112 = CARTESIAN_POINT('',(1.458596589169,58.540666169695));
#1113 = CARTESIAN_POINT('',(1.570796326795,58.540666354427));
#1114 = ( GEOMETRIC_REPRESENTATION_CONTEXT(2) 
PARAMETRIC_REPRESENTATION_CONTEXT() REPRESENTATION_CONTEXT('2D SPACE',''
  ) );
#1115 = PCURVE('',#98,#1116);
#1116 = DEFINITIONAL_REPRESENTATION('',(#1117),#1132);
#1117 = B_SPLINE_CURVE_WITH_KNOTS('',7,(#1118,#1119,#1120,#1121,#1122,
    #1123,#1124,#1125,#1126,#1127,#1128,#1129,#1130,#1131),
  .UNSPECIFIED.,.F.,.F.,(8,6,8),(1.570796326795,2.356194490192,
    3.14159265359),.UNSPECIFIED.);
#1118 = CARTESIAN_POINT('',(3.487868498009E-15,5.));
#1119 = CARTESIAN_POINT('',(0.112199737629,4.898985131647));
#1120 = CARTESIAN_POINT('',(0.224399475255,4.793035561466));
#1121 = CARTESIAN_POINT('',(0.336599212888,4.684262727043));
#1122 = CARTESIAN_POINT('',(0.44879895051,4.575743786487));
#1123 = CARTESIAN_POINT('',(0.560998688143,4.471812644332));
#1124 = CARTESIAN_POINT('',(0.67319842577,4.376577344724));
#1125 = CARTESIAN_POINT('',(0.897597901026,4.209209160279));
#1126 = CARTESIAN_POINT('',(1.009797638662,4.137082147688));
#1127 = CARTESIAN_POINT('',(1.121997376266,4.079368267947));
#1128 = CARTESIAN_POINT('',(1.234197113917,4.037803014724));
#1129 = CARTESIAN_POINT('',(1.346396851534,4.011905969262));
#1130 = CARTESIAN_POINT('',(1.458596589169,3.999999815122));
#1131 = CARTESIAN_POINT('',(1.570796326795,4.));
#1132 = ( GEOMETRIC_REPRESENTATION_CONTEXT(2) 
PARAMETRIC_REPRESENTATION_CONTEXT() REPRESENTATION_CONTEXT('2D SPACE',''
  ) );
#1133 = ORIENTED_EDGE('',*,*,#56,.F.);
#1134 = ADVANCED_FACE('',(#1135),#98,.F.);
#1135 = FACE_BOUND('',#1136,.F.);
#1136 = EDGE_LOOP('',(#1137,#1138,#1162,#1163));
#1137 = ORIENTED_EDGE('',*,*,#1017,.T.);
#1138 = ORIENTED_EDGE('',*,*,#1139,.T.);
#1139 = EDGE_CURVE('',#992,#1066,#1140,.T.);
#1140 = SURFACE_CURVE('',#1141,(#1144,#1151),.PCURVE_S1.);
#1141 = B_SPLINE_CURVE_WITH_KNOTS('',1,(#1142,#1143),.UNSPECIFIED.,.F.,
  .F.,(2,2),(-0.,4.),.PIECEWISE_BEZIER_KNOTS.);
#1142 = CARTESIAN_POINT('',(152.,79.270333177214,3.));
#1143 = CARTESIAN_POINT('',(148.,79.270333177214,3.));
#1144 = PCURVE('',#98,#1145);
#1145 = DEFINITIONAL_REPRESENTATION('',(#1146),#1150);
#1146 = B_SPLINE_CURVE_WITH_KNOTS('',2,(#1147,#1148,#1149),
  .UNSPECIFIED.,.F.,.F.,(3,3),(-0.,4.),.PIECEWISE_BEZIER_KNOTS.);
#1147 = CARTESIAN_POINT('',(1.570796326795,0.));
#1148 = CARTESIAN_POINT('',(1.570796326795,2.));
#1149 = CARTESIAN_POINT('',(1.570796326795,4.));
#1150 = ( GEOMETRIC_REPRESENTATION_CONTEXT(2) 
PARAMETRIC_REPRESENTATION_CONTEXT() REPRESENTATION_CONTEXT('2D SPACE',''
  ) );
#1151 = PCURVE('',#1152,#1157);
#1152 = B_SPLINE_SURFACE_WITH_KNOTS('',1,1,(
    (#1153,#1154)
    ,(#1155,#1156
    )),.UNSPECIFIED.,.F.,.F.,.F.,(2,2),(2,2),(-3.105509157202,
    13.105509157202),(-2.,26.36917278516),.PIECEWISE_BEZIER_KNOTS.);
#1153 = CARTESIAN_POINT('',(148.,79.270333177214,3.));
#1154 = CARTESIAN_POINT('',(176.36917278516,79.270333177214,3.));
#1155 = CARTESIAN_POINT('',(148.,79.270333177214,19.211018314404));
#1156 = CARTESIAN_POINT('',(176.36917278516,79.270333177214,
    19.211018314404));
#1157 = DEFINITIONAL_REPRESENTATION('',(#1158),#1161);
#1158 = B_SPLINE_CURVE_WITH_KNOTS('',1,(#1159,#1160),.UNSPECIFIED.,.F.,
  .F.,(2,2),(-0.,4.),.PIECEWISE_BEZIER_KNOTS.);
#1159 = CARTESIAN_POINT('',(-3.105509157202,2.));
#1160 = CARTESIAN_POINT('',(-3.105509157202,-2.));
#1161 = ( GEOMETRIC_REPRESENTATION_CONTEXT(2) 
PARAMETRIC_REPRESENTATION_CONTEXT() REPRESENTATION_CONTEXT('2D SPACE',''
  ) );
#1162 = ORIENTED_EDGE('',*,*,#1091,.F.);
#1163 = ORIENTED_EDGE('',*,*,#84,.F.);
#1164 = ADVANCED_FACE('',(#1165),#156,.F.);
#1165 = FACE_BOUND('',#1166,.T.);
#1166 = EDGE_LOOP('',(#1167,#1194,#1212,#1213));
#1167 = ORIENTED_EDGE('',*,*,#1168,.T.);
#1168 = EDGE_CURVE('',#1169,#1171,#1173,.T.);
#1169 = VERTEX_POINT('',#1170);
#1170 = CARTESIAN_POINT('',(0.,0.,-2.));
#1171 = VERTEX_POINT('',#1172);
#1172 = CARTESIAN_POINT('',(300.,0.,-2.));
#1173 = SURFACE_CURVE('',#1174,(#1177,#1183),.PCURVE_S1.);
#1174 = B_SPLINE_CURVE_WITH_KNOTS('',1,(#1175,#1176),.UNSPECIFIED.,.F.,
  .F.,(2,2),(0.,300.),.PIECEWISE_BEZIER_KNOTS.);
#1175 = CARTESIAN_POINT('',(0.,0.,-2.));
#1176 = CARTESIAN_POINT('',(300.,0.,-2.));
#1177 = PCURVE('',#156,#1178);
#1178 = DEFINITIONAL_REPRESENTATION('',(#1179),#1182);
#1179 = B_SPLINE_CURVE_WITH_KNOTS('',1,(#1180,#1181),.UNSPECIFIED.,.F.,
  .F.,(2,2),(0.,300.),.PIECEWISE_BEZIER_KNOTS.);
#1180 = CARTESIAN_POINT('',(-2.,-150.));
#1181 = CARTESIAN_POINT('',(-2.,150.));
#1182 = ( GEOMETRIC_REPRESENTATION_CONTEXT(2) 
PARAMETRIC_REPRESENTATION_CONTEXT() REPRESENTATION_CONTEXT('2D SPACE',''
  ) );
#1183 = PCURVE('',#1184,#1189);
#1184 = B_SPLINE_SURFACE_WITH_KNOTS('',1,1,(
    (#1185,#1186)
    ,(#1187,#1188
    )),.UNSPECIFIED.,.F.,.F.,.F.,(2,2),(2,2),(-150.,150.),(-100.,100.),
  .PIECEWISE_BEZIER_KNOTS.);
#1185 = CARTESIAN_POINT('',(0.,0.,-2.));
#1186 = CARTESIAN_POINT('',(0.,200.,-2.));
#1187 = CARTESIAN_POINT('',(300.,0.,-2.));
#1188 = CARTESIAN_POINT('',(300.,200.,-2.));
#1189 = DEFINITIONAL_REPRESENTATION('',(#1190),#1193);
#1190 = B_SPLINE_CURVE_WITH_KNOTS('',1,(#1191,#1192),.UNSPECIFIED.,.F.,
  .F.,(2,2),(0.,300.),.PIECEWISE_BEZIER_KNOTS.);
#1191 = CARTESIAN_POINT('',(-150.,-100.));
#1192 = CARTESIAN_POINT('',(150.,-100.));
#1193 = ( GEOMETRIC_REPRESENTATION_CONTEXT(2) 
PARAMETRIC_REPRESENTATION_CONTEXT() REPRESENTATION_CONTEXT('2D SPACE',''
  ) );
#1194 = ORIENTED_EDGE('',*,*,#1195,.T.);
#1195 = EDGE_CURVE('',#1171,#143,#1196,.T.);
#1196 = SURFACE_CURVE('',#1197,(#1200,#1206),.PCURVE_S1.);
#1197 = B_SPLINE_CURVE_WITH_KNOTS('',1,(#1198,#1199),.UNSPECIFIED.,.F.,
  .F.,(2,2),(0.,4.),.PIECEWISE_BEZIER_KNOTS.);
#1198 = CARTESIAN_POINT('',(300.,0.,-2.));
#1199 = CARTESIAN_POINT('',(300.,0.,2.));
#1200 = PCURVE('',#156,#1201);
#1201 = DEFINITIONAL_REPRESENTATION('',(#1202),#1205);
#1202 = B_SPLINE_CURVE_WITH_KNOTS('',1,(#1203,#1204),.UNSPECIFIED.,.F.,
  .F.,(2,2),(0.,4.),.PIECEWISE_BEZIER_KNOTS.);
#1203 = CARTESIAN_POINT('',(-2.,150.));
#1204 = CARTESIAN_POINT('',(2.,150.));
#1205 = ( GEOMETRIC_REPRESENTATION_CONTEXT(2) 
PARAMETRIC_REPRESENTATION_CONTEXT() REPRESENTATION_CONTEXT('2D SPACE',''
  ) );
#1206 = PCURVE('',#181,#1207);
#1207 = DEFINITIONAL_REPRESENTATION('',(#1208),#1211);
#1208 = B_SPLINE_CURVE_WITH_KNOTS('',1,(#1209,#1210),.UNSPECIFIED.,.F.,
  .F.,(2,2),(0.,4.),.PIECEWISE_BEZIER_KNOTS.);
#1209 = CARTESIAN_POINT('',(-2.,100.));
#1210 = CARTESIAN_POINT('',(2.,100.));
#1211 = ( GEOMETRIC_REPRESENTATION_CONTEXT(2) 
PARAMETRIC_REPRESENTATION_CONTEXT() REPRESENTATION_CONTEXT('2D SPACE',''
  ) );
#1212 = ORIENTED_EDGE('',*,*,#140,.F.);
#1213 = ORIENTED_EDGE('',*,*,#1214,.F.);
#1214 = EDGE_CURVE('',#1169,#141,#1215,.T.);
#1215 = SURFACE_CURVE('',#1216,(#1219,#1225),.PCURVE_S1.);
#1216 = B_SPLINE_CURVE_WITH_KNOTS('',1,(#1217,#1218),.UNSPECIFIED.,.F.,
  .F.,(2,2),(0.,4.),.PIECEWISE_BEZIER_KNOTS.);
#1217 = CARTESIAN_POINT('',(0.,0.,-2.));
#1218 = CARTESIAN_POINT('',(0.,0.,2.));
#1219 = PCURVE('',#156,#1220);
#1220 = DEFINITIONAL_REPRESENTATION('',(#1221),#1224);
#1221 = B_SPLINE_CURVE_WITH_KNOTS('',1,(#1222,#1223),.UNSPECIFIED.,.F.,
  .F.,(2,2),(0.,4.),.PIECEWISE_BEZIER_KNOTS.);
#1222 = CARTESIAN_POINT('',(-2.,-150.));
#1223 = CARTESIAN_POINT('',(2.,-150.));
#1224 = ( GEOMETRIC_REPRESENTATION_CONTEXT(2) 
PARAMETRIC_REPRESENTATION_CONTEXT() REPRESENTATION_CONTEXT('2D SPACE',''
  ) );
#1225 = PCURVE('',#229,#1226);
#1226 = DEFINITIONAL_REPRESENTATION('',(#1227),#1230);
#1227 = B_SPLINE_CURVE_WITH_KNOTS('',1,(#1228,#1229),.UNSPECIFIED.,.F.,
  .F.,(2,2),(0.,4.),.PIECEWISE_BEZIER_KNOTS.);
#1228 = CARTESIAN_POINT('',(-2.,100.));
#1229 = CARTESIAN_POINT('',(2.,100.));
#1230 = ( GEOMETRIC_REPRESENTATION_CONTEXT(2) 
PARAMETRIC_REPRESENTATION_CONTEXT() REPRESENTATION_CONTEXT('2D SPACE',''
  ) );
#1231 = ADVANCED_FACE('',(#1232),#229,.F.);
#1232 = FACE_BOUND('',#1233,.T.);
#1233 = EDGE_LOOP('',(#1234,#1254,#1255,#1256));
#1234 = ORIENTED_EDGE('',*,*,#1235,.T.);
#1235 = EDGE_CURVE('',#1236,#1169,#1238,.T.);
#1236 = VERTEX_POINT('',#1237);
#1237 = CARTESIAN_POINT('',(0.,200.,-2.));
#1238 = SURFACE_CURVE('',#1239,(#1242,#1248),.PCURVE_S1.);
#1239 = B_SPLINE_CURVE_WITH_KNOTS('',1,(#1240,#1241),.UNSPECIFIED.,.F.,
  .F.,(2,2),(0.,200.),.PIECEWISE_BEZIER_KNOTS.);
#1240 = CARTESIAN_POINT('',(0.,200.,-2.));
#1241 = CARTESIAN_POINT('',(0.,0.,-2.));
#1242 = PCURVE('',#229,#1243);
#1243 = DEFINITIONAL_REPRESENTATION('',(#1244),#1247);
#1244 = B_SPLINE_CURVE_WITH_KNOTS('',1,(#1245,#1246),.UNSPECIFIED.,.F.,
  .F.,(2,2),(0.,200.),.PIECEWISE_BEZIER_KNOTS.);
#1245 = CARTESIAN_POINT('',(-2.,-100.));
#1246 = CARTESIAN_POINT('',(-2.,100.));
#1247 = ( GEOMETRIC_REPRESENTATION_CONTEXT(2) 
PARAMETRIC_REPRESENTATION_CONTEXT() REPRESENTATION_CONTEXT('2D SPACE',''
  ) );
#1248 = PCURVE('',#1184,#1249);
#1249 = DEFINITIONAL_REPRESENTATION('',(#1250),#1253);
#1250 = B_SPLINE_CURVE_WITH_KNOTS('',1,(#1251,#1252),.UNSPECIFIED.,.F.,
  .F.,(2,2),(0.,200.),.PIECEWISE_BEZIER_KNOTS.);
#1251 = CARTESIAN_POINT('',(-150.,100.));
#1252 = CARTESIAN_POINT('',(-150.,-100.));
#1253 = ( GEOMETRIC_REPRESENTATION_CONTEXT(2) 
PARAMETRIC_REPRESENTATION_CONTEXT() REPRESENTATION_CONTEXT('2D SPACE',''
  ) );
#1254 = ORIENTED_EDGE('',*,*,#1214,.T.);
#1255 = ORIENTED_EDGE('',*,*,#217,.F.);
#1256 = ORIENTED_EDGE('',*,*,#1257,.F.);
#1257 = EDGE_CURVE('',#1236,#193,#1258,.T.);
#1258 = SURFACE_CURVE('',#1259,(#1262,#1268),.PCURVE_S1.);
#1259 = B_SPLINE_CURVE_WITH_KNOTS('',1,(#1260,#1261),.UNSPECIFIED.,.F.,
  .F.,(2,2),(0.,4.),.PIECEWISE_BEZIER_KNOTS.);
#1260 = CARTESIAN_POINT('',(0.,200.,-2.));
#1261 = CARTESIAN_POINT('',(0.,200.,2.));
#1262 = PCURVE('',#229,#1263);
#1263 = DEFINITIONAL_REPRESENTATION('',(#1264),#1267);
#1264 = B_SPLINE_CURVE_WITH_KNOTS('',1,(#1265,#1266),.UNSPECIFIED.,.F.,
  .F.,(2,2),(0.,4.),.PIECEWISE_BEZIER_KNOTS.);
#1265 = CARTESIAN_POINT('',(-2.,-100.));
#1266 = CARTESIAN_POINT('',(2.,-100.));
#1267 = ( GEOMETRIC_REPRESENTATION_CONTEXT(2) 
PARAMETRIC_REPRESENTATION_CONTEXT() REPRESENTATION_CONTEXT('2D SPACE',''
  ) );
#1268 = PCURVE('',#206,#1269);
#1269 = DEFINITIONAL_REPRESENTATION('',(#1270),#1273);
#1270 = B_SPLINE_CURVE_WITH_KNOTS('',1,(#1271,#1272),.UNSPECIFIED.,.F.,
  .F.,(2,2),(0.,4.),.PIECEWISE_BEZIER_KNOTS.);
#1271 = CARTESIAN_POINT('',(-2.,-150.));
#1272 = CARTESIAN_POINT('',(2.,-150.));
#1273 = ( GEOMETRIC_REPRESENTATION_CONTEXT(2) 
PARAMETRIC_REPRESENTATION_CONTEXT() REPRESENTATION_CONTEXT('2D SPACE',''
  ) );
#1274 = ADVANCED_FACE('',(#1275),#181,.T.);
#1275 = FACE_BOUND('',#1276,.T.);
#1276 = EDGE_LOOP('',(#1277,#1297,#1315,#1316));
#1277 = ORIENTED_EDGE('',*,*,#1278,.T.);
#1278 = EDGE_CURVE('',#1171,#1279,#1281,.T.);
#1279 = VERTEX_POINT('',#1280);
#1280 = CARTESIAN_POINT('',(300.,200.,-2.));
#1281 = SURFACE_CURVE('',#1282,(#1285,#1291),.PCURVE_S1.);
#1282 = B_SPLINE_CURVE_WITH_KNOTS('',1,(#1283,#1284),.UNSPECIFIED.,.F.,
  .F.,(2,2),(0.,200.),.PIECEWISE_BEZIER_KNOTS.);
#1283 = CARTESIAN_POINT('',(300.,0.,-2.));
#1284 = CARTESIAN_POINT('',(300.,200.,-2.));
#1285 = PCURVE('',#181,#1286);
#1286 = DEFINITIONAL_REPRESENTATION('',(#1287),#1290);
#1287 = B_SPLINE_CURVE_WITH_KNOTS('',1,(#1288,#1289),.UNSPECIFIED.,.F.,
  .F.,(2,2),(0.,200.),.PIECEWISE_BEZIER_KNOTS.);
#1288 = CARTESIAN_POINT('',(-2.,100.));
#1289 = CARTESIAN_POINT('',(-2.,-100.));
#1290 = ( GEOMETRIC_REPRESENTATION_CONTEXT(2) 
PARAMETRIC_REPRESENTATION_CONTEXT() REPRESENTATION_CONTEXT('2D SPACE',''
  ) );
#1291 = PCURVE('',#1184,#1292);
#1292 = DEFINITIONAL_REPRESENTATION('',(#1293),#1296);
#1293 = B_SPLINE_CURVE_WITH_KNOTS('',1,(#1294,#1295),.UNSPECIFIED.,.F.,
  .F.,(2,2),(0.,200.),.PIECEWISE_BEZIER_KNOTS.);
#1294 = CARTESIAN_POINT('',(150.,-100.));
#1295 = CARTESIAN_POINT('',(150.,100.));
#1296 = ( GEOMETRIC_REPRESENTATION_CONTEXT(2) 
PARAMETRIC_REPRESENTATION_CONTEXT() REPRESENTATION_CONTEXT('2D SPACE',''
  ) );
#1297 = ORIENTED_EDGE('',*,*,#1298,.T.);
#1298 = EDGE_CURVE('',#1279,#168,#1299,.T.);
#1299 = SURFACE_CURVE('',#1300,(#1303,#1309),.PCURVE_S1.);
#1300 = B_SPLINE_CURVE_WITH_KNOTS('',1,(#1301,#1302),.UNSPECIFIED.,.F.,
  .F.,(2,2),(0.,4.),.PIECEWISE_BEZIER_KNOTS.);
#1301 = CARTESIAN_POINT('',(300.,200.,-2.));
#1302 = CARTESIAN_POINT('',(300.,200.,2.));
#1303 = PCURVE('',#181,#1304);
#1304 = DEFINITIONAL_REPRESENTATION('',(#1305),#1308);
#1305 = B_SPLINE_CURVE_WITH_KNOTS('',1,(#1306,#1307),.UNSPECIFIED.,.F.,
  .F.,(2,2),(0.,4.),.PIECEWISE_BEZIER_KNOTS.);
#1306 = CARTESIAN_POINT('',(-2.,-100.));
#1307 = CARTESIAN_POINT('',(2.,-100.));
#1308 = ( GEOMETRIC_REPRESENTATION_CONTEXT(2) 
PARAMETRIC_REPRESENTATION_CONTEXT() REPRESENTATION_CONTEXT('2D SPACE',''
  ) );
#1309 = PCURVE('',#206,#1310);
#1310 = DEFINITIONAL_REPRESENTATION('',(#1311),#1314);
#1311 = B_SPLINE_CURVE_WITH_KNOTS('',1,(#1312,#1313),.UNSPECIFIED.,.F.,
  .F.,(2,2),(0.,4.),.PIECEWISE_BEZIER_KNOTS.);
#1312 = CARTESIAN_POINT('',(-2.,150.));
#1313 = CARTESIAN_POINT('',(2.,150.));
#1314 = ( GEOMETRIC_REPRESENTATION_CONTEXT(2) 
PARAMETRIC_REPRESENTATION_CONTEXT() REPRESENTATION_CONTEXT('2D SPACE',''
  ) );
#1315 = ORIENTED_EDGE('',*,*,#167,.F.);
#1316 = ORIENTED_EDGE('',*,*,#1195,.F.);
#1317 = ADVANCED_FACE('',(#1318),#206,.T.);
#1318 = FACE_BOUND('',#1319,.T.);
#1319 = EDGE_LOOP('',(#1320,#1338,#1339,#1340));
#1320 = ORIENTED_EDGE('',*,*,#1321,.T.);
#1321 = EDGE_CURVE('',#1279,#1236,#1322,.T.);
#1322 = SURFACE_CURVE('',#1323,(#1326,#1332),.PCURVE_S1.);
#1323 = B_SPLINE_CURVE_WITH_KNOTS('',1,(#1324,#1325),.UNSPECIFIED.,.F.,
  .F.,(2,2),(0.,300.),.PIECEWISE_BEZIER_KNOTS.);
#1324 = CARTESIAN_POINT('',(300.,200.,-2.));
#1325 = CARTESIAN_POINT('',(0.,200.,-2.));
#1326 = PCURVE('',#206,#1327);
#1327 = DEFINITIONAL_REPRESENTATION('',(#1328),#1331);
#1328 = B_SPLINE_CURVE_WITH_KNOTS('',1,(#1329,#1330),.UNSPECIFIED.,.F.,
  .F.,(2,2),(0.,300.),.PIECEWISE_BEZIER_KNOTS.);
#1329 = CARTESIAN_POINT('',(-2.,150.));
#1330 = CARTESIAN_POINT('',(-2.,-150.));
#1331 = ( GEOMETRIC_REPRESENTATION_CONTEXT(2) 
PARAMETRIC_REPRESENTATION_CONTEXT() REPRESENTATION_CONTEXT('2D SPACE',''
  ) );
#1332 = PCURVE('',#1184,#1333);
#1333 = DEFINITIONAL_REPRESENTATION('',(#1334),#1337);
#1334 = B_SPLINE_CURVE_WITH_KNOTS('',1,(#1335,#1336),.UNSPECIFIED.,.F.,
  .F.,(2,2),(0.,300.),.PIECEWISE_BEZIER_KNOTS.);
#1335 = CARTESIAN_POINT('',(150.,100.));
#1336 = CARTESIAN_POINT('',(-150.,100.));
#1337 = ( GEOMETRIC_REPRESENTATION_CONTEXT(2) 
PARAMETRIC_REPRESENTATION_CONTEXT() REPRESENTATION_CONTEXT('2D SPACE',''
  ) );
#1338 = ORIENTED_EDGE('',*,*,#1257,.T.);
#1339 = ORIENTED_EDGE('',*,*,#192,.F.);
#1340 = ORIENTED_EDGE('',*,*,#1298,.F.);
#1341 = ADVANCED_FACE('',(#1342),#258,.T.);
#1342 = FACE_BOUND('',#1343,.T.);
#1343 = EDGE_LOOP('',(#1344,#1389,#1415,#1458));
#1344 = ORIENTED_EDGE('',*,*,#1345,.T.);
#1345 = EDGE_CURVE('',#243,#1346,#1348,.T.);
#1346 = VERTEX_POINT('',#1347);
#1347 = CARTESIAN_POINT('',(243.34822027514,29.714869582776,3.));
#1348 = SURFACE_CURVE('',#1349,(#1353,#1371),.PCURVE_S1.);
#1349 = ( BOUNDED_CURVE() B_SPLINE_CURVE(2,(#1350,#1351,#1352),
.UNSPECIFIED.,.F.,.F.) B_SPLINE_CURVE_WITH_KNOTS((3,3),(4.712388980385,
6.28318530718),.PIECEWISE_BEZIER_KNOTS.) CURVE() 
GEOMETRIC_REPRESENTATION_ITEM() RATIONAL_B_SPLINE_CURVE((1.,
0.707106781187,1.)) REPRESENTATION_ITEM('') );
#1350 = CARTESIAN_POINT('',(244.34822027514,28.714869582776,2.));
#1351 = CARTESIAN_POINT('',(243.34822027514,29.714869582776,2.));
#1352 = CARTESIAN_POINT('',(243.34822027514,29.714869582776,3.));
#1353 = PCURVE('',#258,#1354);
#1354 = DEFINITIONAL_REPRESENTATION('',(#1355),#1370);
#1355 = B_SPLINE_CURVE_WITH_KNOTS('',7,(#1356,#1357,#1358,#1359,#1360,
    #1361,#1362,#1363,#1364,#1365,#1366,#1367,#1368,#1369),
  .UNSPECIFIED.,.F.,.F.,(8,6,8),(4.712388980385,5.497787143782,
    6.28318530718),.UNSPECIFIED.);
#1356 = CARTESIAN_POINT('',(2.84217094304E-14,-1.));
#1357 = CARTESIAN_POINT('',(0.112199737629,-0.898985131649));
#1358 = CARTESIAN_POINT('',(0.224399475258,-0.793035561421));
#1359 = CARTESIAN_POINT('',(0.336599212879,-0.684262727188));
#1360 = CARTESIAN_POINT('',(0.448798950513,-0.575743786377));
#1361 = CARTESIAN_POINT('',(0.56099868814,-0.471812644375));
#1362 = CARTESIAN_POINT('',(0.67319842577,-0.376577344703));
#1363 = CARTESIAN_POINT('',(0.897597901025,-0.20920916028));
#1364 = CARTESIAN_POINT('',(1.009797638667,-0.137082147639));
#1365 = CARTESIAN_POINT('',(1.121997376258,-7.936826800309E-02));
#1366 = CARTESIAN_POINT('',(1.234197113925,-3.780301467464E-02));
#1367 = CARTESIAN_POINT('',(1.346396851527,-1.190596930873E-02));
#1368 = CARTESIAN_POINT('',(1.45859658917,1.848936301751E-07));
#1369 = CARTESIAN_POINT('',(1.570796326795,-2.84217094304E-14));
#1370 = ( GEOMETRIC_REPRESENTATION_CONTEXT(2) 
PARAMETRIC_REPRESENTATION_CONTEXT() REPRESENTATION_CONTEXT('2D SPACE',''
  ) );
#1371 = PCURVE('',#340,#1372);
#1372 = DEFINITIONAL_REPRESENTATION('',(#1373),#1388);
#1373 = B_SPLINE_CURVE_WITH_KNOTS('',7,(#1374,#1375,#1376,#1377,#1378,
    #1379,#1380,#1381,#1382,#1383,#1384,#1385,#1386,#1387),
  .UNSPECIFIED.,.F.,.F.,(8,6,8),(4.712388980385,5.497787143782,
    6.28318530718),.UNSPECIFIED.);
#1374 = CARTESIAN_POINT('',(2.84217094304E-14,-1.));
#1375 = CARTESIAN_POINT('',(0.11219973763,-0.89898513165));
#1376 = CARTESIAN_POINT('',(0.224399475253,-0.793035561424));
#1377 = CARTESIAN_POINT('',(0.336599212892,-0.684262727191));
#1378 = CARTESIAN_POINT('',(0.448798950502,-0.575743786378));
#1379 = CARTESIAN_POINT('',(0.560998688146,-0.471812644376));
#1380 = CARTESIAN_POINT('',(0.673198425769,-0.376577344703));
#1381 = CARTESIAN_POINT('',(0.897597901027,-0.209209160281));
#1382 = CARTESIAN_POINT('',(1.00979763866,-0.137082147639));
#1383 = CARTESIAN_POINT('',(1.121997376279,-7.936826800259E-02));
#1384 = CARTESIAN_POINT('',(1.234197113914,-3.780301467602E-02));
#1385 = CARTESIAN_POINT('',(1.346396851534,-1.190596930824E-02));
#1386 = CARTESIAN_POINT('',(1.458596589169,1.848933445955E-07));
#1387 = CARTESIAN_POINT('',(1.570796326795,3.774758283726E-15));
#1388 = ( GEOMETRIC_REPRESENTATION_CONTEXT(2) 
PARAMETRIC_REPRESENTATION_CONTEXT() REPRESENTATION_CONTEXT('2D SPACE',''
  ) );
#1389 = ORIENTED_EDGE('',*,*,#1390,.T.);
#1390 = EDGE_CURVE('',#1346,#1391,#1393,.T.);
#1391 = VERTEX_POINT('',#1392);
#1392 = CARTESIAN_POINT('',(239.34822027514,29.714869582776,3.));
#1393 = SURFACE_CURVE('',#1394,(#1397,#1404),.PCURVE_S1.);
#1394 = B_SPLINE_CURVE_WITH_KNOTS('',1,(#1395,#1396),.UNSPECIFIED.,.F.,
  .F.,(2,2),(-0.,4.),.PIECEWISE_BEZIER_KNOTS.);
#1395 = CARTESIAN_POINT('',(243.34822027514,29.714869582776,3.));
#1396 = CARTESIAN_POINT('',(239.34822027514,29.714869582776,3.));
#1397 = PCURVE('',#258,#1398);
#1398 = DEFINITIONAL_REPRESENTATION('',(#1399),#1403);
#1399 = B_SPLINE_CURVE_WITH_KNOTS('',2,(#1400,#1401,#1402),
  .UNSPECIFIED.,.F.,.F.,(3,3),(2.84217094304E-14,4.),
  .PIECEWISE_BEZIER_KNOTS.);
#1400 = CARTESIAN_POINT('',(1.570796326795,2.84217094304E-14));
#1401 = CARTESIAN_POINT('',(1.570796326795,2.));
#1402 = CARTESIAN_POINT('',(1.570796326795,4.));
#1403 = ( GEOMETRIC_REPRESENTATION_CONTEXT(2) 
PARAMETRIC_REPRESENTATION_CONTEXT() REPRESENTATION_CONTEXT('2D SPACE',''
  ) );
#1404 = PCURVE('',#1405,#1410);
#1405 = B_SPLINE_SURFACE_WITH_KNOTS('',1,1,(
    (#1406,#1407)
    ,(#1408,#1409
    )),.UNSPECIFIED.,.F.,.F.,.F.,(2,2),(2,2),(-9.472577686966,
    19.472577686967),(-2.,19.303559449721),.PIECEWISE_BEZIER_KNOTS.);
#1406 = CARTESIAN_POINT('',(239.34822027514,29.714869582776,3.));
#1407 = CARTESIAN_POINT('',(260.65177972486,29.714869582776,3.));
#1408 = CARTESIAN_POINT('',(239.34822027514,29.714869582776,
    31.945155373933));
#1409 = CARTESIAN_POINT('',(260.65177972486,29.714869582776,
    31.945155373933));
#1410 = DEFINITIONAL_REPRESENTATION('',(#1411),#1414);
#1411 = B_SPLINE_CURVE_WITH_KNOTS('',1,(#1412,#1413),.UNSPECIFIED.,.F.,
  .F.,(2,2),(-0.,4.),.PIECEWISE_BEZIER_KNOTS.);
#1412 = CARTESIAN_POINT('',(-9.472577686966,2.));
#1413 = CARTESIAN_POINT('',(-9.472577686966,-2.));
#1414 = ( GEOMETRIC_REPRESENTATION_CONTEXT(2) 
PARAMETRIC_REPRESENTATION_CONTEXT() REPRESENTATION_CONTEXT('2D SPACE',''
  ) );
#1415 = ORIENTED_EDGE('',*,*,#1416,.F.);
#1416 = EDGE_CURVE('',#245,#1391,#1417,.T.);
#1417 = SURFACE_CURVE('',#1418,(#1422,#1440),.PCURVE_S1.);
#1418 = ( BOUNDED_CURVE() B_SPLINE_CURVE(2,(#1419,#1420,#1421),
.UNSPECIFIED.,.F.,.F.) B_SPLINE_CURVE_WITH_KNOTS((3,3),(1.570796326795,
3.14159265359),.PIECEWISE_BEZIER_KNOTS.) CURVE() 
GEOMETRIC_REPRESENTATION_ITEM() RATIONAL_B_SPLINE_CURVE((1.,
0.707106781187,1.)) REPRESENTATION_ITEM('') );
#1419 = CARTESIAN_POINT('',(238.34822027514,28.714869582776,2.));
#1420 = CARTESIAN_POINT('',(239.34822027514,29.714869582776,2.));
#1421 = CARTESIAN_POINT('',(239.34822027514,29.714869582776,3.));
#1422 = PCURVE('',#258,#1423);
#1423 = DEFINITIONAL_REPRESENTATION('',(#1424),#1439);
#1424 = B_SPLINE_CURVE_WITH_KNOTS('',7,(#1425,#1426,#1427,#1428,#1429,
    #1430,#1431,#1432,#1433,#1434,#1435,#1436,#1437,#1438),
  .UNSPECIFIED.,.F.,.F.,(8,6,8),(1.570796326795,2.356194490192,
    3.14159265359),.UNSPECIFIED.);
#1425 = CARTESIAN_POINT('',(3.487868498009E-15,5.));
#1426 = CARTESIAN_POINT('',(0.112199737629,4.898985131663));
#1427 = CARTESIAN_POINT('',(0.224399475255,4.793035561385));
#1428 = CARTESIAN_POINT('',(0.336599212889,4.684262727232));
#1429 = CARTESIAN_POINT('',(0.448798950511,4.575743786338));
#1430 = CARTESIAN_POINT('',(0.560998688141,4.471812644415));
#1431 = CARTESIAN_POINT('',(0.673198425769,4.376577344702));
#1432 = CARTESIAN_POINT('',(0.897597901028,4.209209160275));
#1433 = CARTESIAN_POINT('',(1.009797638646,4.137082147683));
#1434 = CARTESIAN_POINT('',(1.121997376279,4.079368267898));
#1435 = CARTESIAN_POINT('',(1.234197113892,4.037803014745));
#1436 = CARTESIAN_POINT('',(1.346396851541,4.011905969262));
#1437 = CARTESIAN_POINT('',(1.458596589167,3.999999815124));
#1438 = CARTESIAN_POINT('',(1.570796326795,4.));
#1439 = ( GEOMETRIC_REPRESENTATION_CONTEXT(2) 
PARAMETRIC_REPRESENTATION_CONTEXT() REPRESENTATION_CONTEXT('2D SPACE',''
  ) );
#1440 = PCURVE('',#286,#1441);
#1441 = DEFINITIONAL_REPRESENTATION('',(#1442),#1457);
#1442 = B_SPLINE_CURVE_WITH_KNOTS('',7,(#1443,#1444,#1445,#1446,#1447,
    #1448,#1449,#1450,#1451,#1452,#1453,#1454,#1455,#1456),
  .UNSPECIFIED.,.F.,.F.,(8,6,8),(1.570796326795,2.356194490192,
    3.14159265359),.UNSPECIFIED.);
#1443 = CARTESIAN_POINT('',(3.487868498009E-15,-1.));
#1444 = CARTESIAN_POINT('',(0.112199737631,-0.89898513165));
#1445 = CARTESIAN_POINT('',(0.224399475246,-0.793035561417));
#1446 = CARTESIAN_POINT('',(0.336599212904,-0.684262727194));
#1447 = CARTESIAN_POINT('',(0.448798950492,-0.575743786375));
#1448 = CARTESIAN_POINT('',(0.560998688151,-0.471812644377));
#1449 = CARTESIAN_POINT('',(0.673198425768,-0.376577344703));
#1450 = CARTESIAN_POINT('',(0.897597901026,-0.209209160281));
#1451 = CARTESIAN_POINT('',(1.00979763866,-0.137082147639));
#1452 = CARTESIAN_POINT('',(1.121997376264,-7.936826800375E-02));
#1453 = CARTESIAN_POINT('',(1.234197113918,-3.780301467502E-02));
#1454 = CARTESIAN_POINT('',(1.346396851528,-1.19059693088E-02));
#1455 = CARTESIAN_POINT('',(1.458596589169,1.848934069293E-07));
#1456 = CARTESIAN_POINT('',(1.570796326795,-7.105427357601E-15));
#1457 = ( GEOMETRIC_REPRESENTATION_CONTEXT(2) 
PARAMETRIC_REPRESENTATION_CONTEXT() REPRESENTATION_CONTEXT('2D SPACE',''
  ) );
#1458 = ORIENTED_EDGE('',*,*,#242,.F.);
#1459 = ADVANCED_FACE('',(#1460),#340,.F.);
#1460 = FACE_BOUND('',#1461,.F.);
#1461 = EDGE_LOOP('',(#1462,#1463,#1489,#1532));
#1462 = ORIENTED_EDGE('',*,*,#1345,.T.);
#1463 = ORIENTED_EDGE('',*,*,#1464,.T.);
#1464 = EDGE_CURVE('',#1346,#1465,#1467,.T.);
#1465 = VERTEX_POINT('',#1466);
#1466 = CARTESIAN_POINT('',(243.34822027514,70.285130417224,3.));
#1467 = SURFACE_CURVE('',#1468,(#1471,#1478),.PCURVE_S1.);
#1468 = B_SPLINE_CURVE_WITH_KNOTS('',1,(#1469,#1470),.UNSPECIFIED.,.F.,
  .F.,(2,2),(-3.552713678801E-15,40.570260834448),
  .PIECEWISE_BEZIER_KNOTS.);
#1469 = CARTESIAN_POINT('',(243.34822027514,29.714869582776,3.));
#1470 = CARTESIAN_POINT('',(243.34822027514,70.285130417224,3.));
#1471 = PCURVE('',#340,#1472);
#1472 = DEFINITIONAL_REPRESENTATION('',(#1473),#1477);
#1473 = B_SPLINE_CURVE_WITH_KNOTS('',2,(#1474,#1475,#1476),
  .UNSPECIFIED.,.F.,.F.,(3,3),(-3.552713678801E-15,40.570260834448),
  .PIECEWISE_BEZIER_KNOTS.);
#1474 = CARTESIAN_POINT('',(1.570796326795,-3.552713678801E-15));
#1475 = CARTESIAN_POINT('',(1.570796326795,20.285130417224));
#1476 = CARTESIAN_POINT('',(1.570796326795,40.570260834448));
#1477 = ( GEOMETRIC_REPRESENTATION_CONTEXT(2) 
PARAMETRIC_REPRESENTATION_CONTEXT() REPRESENTATION_CONTEXT('2D SPACE',''
  ) );
#1478 = PCURVE('',#1479,#1484);
#1479 = B_SPLINE_SURFACE_WITH_KNOTS('',1,1,(
    (#1480,#1481)
    ,(#1482,#1483
    )),.UNSPECIFIED.,.F.,.F.,.F.,(2,2),(2,2),(3.,24.945155373933),(
    -40.57026083444,0.),.PIECEWISE_BEZIER_KNOTS.);
#1480 = CARTESIAN_POINT('',(243.34822027514,70.285130417224,3.));
#1481 = CARTESIAN_POINT('',(243.34822027514,29.714869582776,3.));
#1482 = CARTESIAN_POINT('',(243.34822027514,70.285130417224,
    24.945155373933));
#1483 = CARTESIAN_POINT('',(243.34822027514,29.714869582776,
    24.945155373933));
#1484 = DEFINITIONAL_REPRESENTATION('',(#1485),#1488);
#1485 = B_SPLINE_CURVE_WITH_KNOTS('',1,(#1486,#1487),.UNSPECIFIED.,.F.,
  .F.,(2,2),(-3.552713678801E-15,40.570260834448),
  .PIECEWISE_BEZIER_KNOTS.);
#1486 = CARTESIAN_POINT('',(3.,0.));
#1487 = CARTESIAN_POINT('',(3.,-40.57026083444));
#1488 = ( GEOMETRIC_REPRESENTATION_CONTEXT(2) 
PARAMETRIC_REPRESENTATION_CONTEXT() REPRESENTATION_CONTEXT('2D SPACE',''
  ) );
#1489 = ORIENTED_EDGE('',*,*,#1490,.F.);
#1490 = EDGE_CURVE('',#301,#1465,#1491,.T.);
#1491 = SURFACE_CURVE('',#1492,(#1496,#1514),.PCURVE_S1.);
#1492 = ( BOUNDED_CURVE() B_SPLINE_CURVE(2,(#1493,#1494,#1495),
.UNSPECIFIED.,.F.,.F.) B_SPLINE_CURVE_WITH_KNOTS((3,3),(1.570796326795,
3.14159265359),.PIECEWISE_BEZIER_KNOTS.) CURVE() 
GEOMETRIC_REPRESENTATION_ITEM() RATIONAL_B_SPLINE_CURVE((1.,
0.707106781187,1.)) REPRESENTATION_ITEM('') );
#1493 = CARTESIAN_POINT('',(244.34822027514,71.285130417224,2.));
#1494 = CARTESIAN_POINT('',(243.34822027514,70.285130417224,2.));
#1495 = CARTESIAN_POINT('',(243.34822027514,70.285130417224,3.));
#1496 = PCURVE('',#340,#1497);
#1497 = DEFINITIONAL_REPRESENTATION('',(#1498),#1513);
#1498 = B_SPLINE_CURVE_WITH_KNOTS('',7,(#1499,#1500,#1501,#1502,#1503,
    #1504,#1505,#1506,#1507,#1508,#1509,#1510,#1511,#1512),
  .UNSPECIFIED.,.F.,.F.,(8,6,8),(1.570796326795,2.356194490192,
    3.14159265359),.UNSPECIFIED.);
#1499 = CARTESIAN_POINT('',(9.04486503566E-14,41.570260834448));
#1500 = CARTESIAN_POINT('',(0.112199737628,41.469245966147));
#1501 = CARTESIAN_POINT('',(0.22439947526,41.363296395837));
#1502 = CARTESIAN_POINT('',(0.336599212881,41.254523561625));
#1503 = CARTESIAN_POINT('',(0.448798950516,41.146004621225));
#1504 = CARTESIAN_POINT('',(0.560998688139,41.042073478628));
#1505 = CARTESIAN_POINT('',(0.67319842577,40.946838179212));
#1506 = CARTESIAN_POINT('',(0.89759790103,40.779469994823));
#1507 = CARTESIAN_POINT('',(1.009797638643,40.707342981972));
#1508 = CARTESIAN_POINT('',(1.121997376302,40.649629102597));
#1509 = CARTESIAN_POINT('',(1.234197113888,40.608063848891));
#1510 = CARTESIAN_POINT('',(1.346396851544,40.582166803848));
#1511 = CARTESIAN_POINT('',(1.458596589167,40.570260649615));
#1512 = CARTESIAN_POINT('',(1.570796326795,40.570260834448));
#1513 = ( GEOMETRIC_REPRESENTATION_CONTEXT(2) 
PARAMETRIC_REPRESENTATION_CONTEXT() REPRESENTATION_CONTEXT('2D SPACE',''
  ) );
#1514 = PCURVE('',#314,#1515);
#1515 = DEFINITIONAL_REPRESENTATION('',(#1516),#1531);
#1516 = B_SPLINE_CURVE_WITH_KNOTS('',7,(#1517,#1518,#1519,#1520,#1521,
    #1522,#1523,#1524,#1525,#1526,#1527,#1528,#1529,#1530),
  .UNSPECIFIED.,.F.,.F.,(8,6,8),(1.570796326795,2.356194490192,
    3.14159265359),.UNSPECIFIED.);
#1517 = CARTESIAN_POINT('',(-4.25709556963E-15,-1.));
#1518 = CARTESIAN_POINT('',(0.11219973763,-0.89898513165));
#1519 = CARTESIAN_POINT('',(0.22439947525,-0.793035561419));
#1520 = CARTESIAN_POINT('',(0.336599212894,-0.68426272719));
#1521 = CARTESIAN_POINT('',(0.4487989505,-0.575743786373));
#1522 = CARTESIAN_POINT('',(0.560998688146,-0.471812644378));
#1523 = CARTESIAN_POINT('',(0.673198425769,-0.376577344703));
#1524 = CARTESIAN_POINT('',(0.897597901027,-0.20920916028));
#1525 = CARTESIAN_POINT('',(1.009797638653,-0.137082147639));
#1526 = CARTESIAN_POINT('',(1.121997376287,-7.936826800387E-02));
#1527 = CARTESIAN_POINT('',(1.234197113917,-3.78030146747E-02));
#1528 = CARTESIAN_POINT('',(1.346396851541,-1.19059693087E-02));
#1529 = CARTESIAN_POINT('',(1.458596589169,1.848932530713E-07));
#1530 = CARTESIAN_POINT('',(1.570796326795,2.84217094304E-14));
#1531 = ( GEOMETRIC_REPRESENTATION_CONTEXT(2) 
PARAMETRIC_REPRESENTATION_CONTEXT() REPRESENTATION_CONTEXT('2D SPACE',''
  ) );
#1532 = ORIENTED_EDGE('',*,*,#328,.F.);
#1533 = ADVANCED_FACE('',(#1534),#286,.T.);
#1534 = FACE_BOUND('',#1535,.T.);
#1535 = EDGE_LOOP('',(#1536,#1537,#1563,#1606));
#1536 = ORIENTED_EDGE('',*,*,#1416,.T.);
#1537 = ORIENTED_EDGE('',*,*,#1538,.T.);
#1538 = EDGE_CURVE('',#1391,#1539,#1541,.T.);
#1539 = VERTEX_POINT('',#1540);
#1540 = CARTESIAN_POINT('',(239.34822027514,70.285130417224,3.));
#1541 = SURFACE_CURVE('',#1542,(#1545,#1552),.PCURVE_S1.);
#1542 = B_SPLINE_CURVE_WITH_KNOTS('',1,(#1543,#1544),.UNSPECIFIED.,.F.,
  .F.,(2,2),(-3.552713678801E-15,40.570260834448),
  .PIECEWISE_BEZIER_KNOTS.);
#1543 = CARTESIAN_POINT('',(239.34822027514,29.714869582776,3.));
#1544 = CARTESIAN_POINT('',(239.34822027514,70.285130417224,3.));
#1545 = PCURVE('',#286,#1546);
#1546 = DEFINITIONAL_REPRESENTATION('',(#1547),#1551);
#1547 = B_SPLINE_CURVE_WITH_KNOTS('',2,(#1548,#1549,#1550),
  .UNSPECIFIED.,.F.,.F.,(3,3),(-3.552713678801E-15,40.570260834448),
  .PIECEWISE_BEZIER_KNOTS.);
#1548 = CARTESIAN_POINT('',(1.570796326795,-3.552713678801E-15));
#1549 = CARTESIAN_POINT('',(1.570796326795,20.285130417224));
#1550 = CARTESIAN_POINT('',(1.570796326795,40.570260834448));
#1551 = ( GEOMETRIC_REPRESENTATION_CONTEXT(2) 
PARAMETRIC_REPRESENTATION_CONTEXT() REPRESENTATION_CONTEXT('2D SPACE',''
  ) );
#1552 = PCURVE('',#1553,#1558);
#1553 = B_SPLINE_SURFACE_WITH_KNOTS('',1,1,(
    (#1554,#1555)
    ,(#1556,#1557
    )),.UNSPECIFIED.,.F.,.F.,.F.,(2,2),(2,2),(3.,24.945155373933),(
    -40.57026083444,0.),.PIECEWISE_BEZIER_KNOTS.);
#1554 = CARTESIAN_POINT('',(239.34822027514,70.285130417224,3.));
#1555 = CARTESIAN_POINT('',(239.34822027514,29.714869582776,3.));
#1556 = CARTESIAN_POINT('',(239.34822027514,70.285130417224,
    24.945155373933));
#1557 = CARTESIAN_POINT('',(239.34822027514,29.714869582776,
    24.945155373933));
#1558 = DEFINITIONAL_REPRESENTATION('',(#1559),#1562);
#1559 = B_SPLINE_CURVE_WITH_KNOTS('',1,(#1560,#1561),.UNSPECIFIED.,.F.,
  .F.,(2,2),(-3.552713678801E-15,40.570260834448),
  .PIECEWISE_BEZIER_KNOTS.);
#1560 = CARTESIAN_POINT('',(3.,0.));
#1561 = CARTESIAN_POINT('',(3.,-40.57026083444));
#1562 = ( GEOMETRIC_REPRESENTATION_CONTEXT(2) 
PARAMETRIC_REPRESENTATION_CONTEXT() REPRESENTATION_CONTEXT('2D SPACE',''
  ) );
#1563 = ORIENTED_EDGE('',*,*,#1564,.F.);
#1564 = EDGE_CURVE('',#273,#1539,#1565,.T.);
#1565 = SURFACE_CURVE('',#1566,(#1570,#1588),.PCURVE_S1.);
#1566 = ( BOUNDED_CURVE() B_SPLINE_CURVE(2,(#1567,#1568,#1569),
.UNSPECIFIED.,.F.,.F.) B_SPLINE_CURVE_WITH_KNOTS((3,3),(1.570796326795,
3.14159265359),.PIECEWISE_BEZIER_KNOTS.) CURVE() 
GEOMETRIC_REPRESENTATION_ITEM() RATIONAL_B_SPLINE_CURVE((1.,
0.707106781187,1.)) REPRESENTATION_ITEM('') );
#1567 = CARTESIAN_POINT('',(238.34822027514,71.285130417224,2.));
#1568 = CARTESIAN_POINT('',(239.34822027514,70.285130417224,2.));
#1569 = CARTESIAN_POINT('',(239.34822027514,70.285130417224,3.));
#1570 = PCURVE('',#286,#1571);
#1571 = DEFINITIONAL_REPRESENTATION('',(#1572),#1587);
#1572 = B_SPLINE_CURVE_WITH_KNOTS('',7,(#1573,#1574,#1575,#1576,#1577,
    #1578,#1579,#1580,#1581,#1582,#1583,#1584,#1585,#1586),
  .UNSPECIFIED.,.F.,.F.,(8,6,8),(1.570796326795,2.356194490192,
    3.14159265359),.UNSPECIFIED.);
#1573 = CARTESIAN_POINT('',(3.487868498009E-15,41.570260834448));
#1574 = CARTESIAN_POINT('',(0.112199737629,41.469245966147));
#1575 = CARTESIAN_POINT('',(0.224399475256,41.363296395908));
#1576 = CARTESIAN_POINT('',(0.336599212888,41.254523561713));
#1577 = CARTESIAN_POINT('',(0.448798950511,41.146004620676));
#1578 = CARTESIAN_POINT('',(0.560998688142,41.042073478811));
#1579 = CARTESIAN_POINT('',(0.67319842577,40.946838179202));
#1580 = CARTESIAN_POINT('',(0.897597901025,40.779469994794));
#1581 = CARTESIAN_POINT('',(1.009797638666,40.707342982205));
#1582 = CARTESIAN_POINT('',(1.121997376256,40.649629102131));
#1583 = CARTESIAN_POINT('',(1.234197113942,40.608063849357));
#1584 = CARTESIAN_POINT('',(1.346396851522,40.582166803848));
#1585 = CARTESIAN_POINT('',(1.458596589171,40.570260649644));
#1586 = CARTESIAN_POINT('',(1.570796326795,40.570260834448));
#1587 = ( GEOMETRIC_REPRESENTATION_CONTEXT(2) 
PARAMETRIC_REPRESENTATION_CONTEXT() REPRESENTATION_CONTEXT('2D SPACE',''
  ) );
#1588 = PCURVE('',#314,#1589);
#1589 = DEFINITIONAL_REPRESENTATION('',(#1590),#1605);
#1590 = B_SPLINE_CURVE_WITH_KNOTS('',7,(#1591,#1592,#1593,#1594,#1595,
    #1596,#1597,#1598,#1599,#1600,#1601,#1602,#1603,#1604),
  .UNSPECIFIED.,.F.,.F.,(8,6,8),(1.570796326795,2.356194490192,
    3.14159265359),.UNSPECIFIED.);
#1591 = CARTESIAN_POINT('',(1.927215948571E-14,5.));
#1592 = CARTESIAN_POINT('',(0.112199737628,4.898985131657));
#1593 = CARTESIAN_POINT('',(0.224399475259,4.793035561418));
#1594 = CARTESIAN_POINT('',(0.336599212882,4.684262727142));
#1595 = CARTESIAN_POINT('',(0.448798950513,4.575743786358));
#1596 = CARTESIAN_POINT('',(0.560998688138,4.47181264438));
#1597 = CARTESIAN_POINT('',(0.67319842577,4.376577344709));
#1598 = CARTESIAN_POINT('',(0.897597901032,4.209209160293));
#1599 = CARTESIAN_POINT('',(1.009797638639,4.137082147602));
#1600 = CARTESIAN_POINT('',(1.121997376312,4.079368268054));
#1601 = CARTESIAN_POINT('',(1.234197113869,4.037803014593));
#1602 = CARTESIAN_POINT('',(1.346396851557,4.011905969336));
#1603 = CARTESIAN_POINT('',(1.458596589164,3.999999815105));
#1604 = CARTESIAN_POINT('',(1.570796326795,4.));
#1605 = ( GEOMETRIC_REPRESENTATION_CONTEXT(2) 
PARAMETRIC_REPRESENTATION_CONTEXT() REPRESENTATION_CONTEXT('2D SPACE',''
  ) );
#1606 = ORIENTED_EDGE('',*,*,#272,.F.);
#1607 = ADVANCED_FACE('',(#1608),#314,.F.);
#1608 = FACE_BOUND('',#1609,.F.);
#1609 = EDGE_LOOP('',(#1610,#1611,#1635,#1636));
#1610 = ORIENTED_EDGE('',*,*,#1490,.T.);
#1611 = ORIENTED_EDGE('',*,*,#1612,.T.);
#1612 = EDGE_CURVE('',#1465,#1539,#1613,.T.);
#1613 = SURFACE_CURVE('',#1614,(#1617,#1624),.PCURVE_S1.);
#1614 = B_SPLINE_CURVE_WITH_KNOTS('',1,(#1615,#1616),.UNSPECIFIED.,.F.,
  .F.,(2,2),(-0.,4.),.PIECEWISE_BEZIER_KNOTS.);
#1615 = CARTESIAN_POINT('',(243.34822027514,70.285130417224,3.));
#1616 = CARTESIAN_POINT('',(239.34822027514,70.285130417224,3.));
#1617 = PCURVE('',#314,#1618);
#1618 = DEFINITIONAL_REPRESENTATION('',(#1619),#1623);
#1619 = B_SPLINE_CURVE_WITH_KNOTS('',2,(#1620,#1621,#1622),
  .UNSPECIFIED.,.F.,.F.,(3,3),(2.84217094304E-14,4.),
  .PIECEWISE_BEZIER_KNOTS.);
#1620 = CARTESIAN_POINT('',(1.570796326795,2.84217094304E-14));
#1621 = CARTESIAN_POINT('',(1.570796326795,2.));
#1622 = CARTESIAN_POINT('',(1.570796326795,4.));
#1623 = ( GEOMETRIC_REPRESENTATION_CONTEXT(2) 
PARAMETRIC_REPRESENTATION_CONTEXT() REPRESENTATION_CONTEXT('2D SPACE',''
  ) );
#1624 = PCURVE('',#1625,#1630);
#1625 = B_SPLINE_SURFACE_WITH_KNOTS('',1,1,(
    (#1626,#1627)
    ,(#1628,#1629
    )),.UNSPECIFIED.,.F.,.F.,.F.,(2,2),(2,2),(-9.472577686966,
    19.472577686967),(-2.,19.303559449721),.PIECEWISE_BEZIER_KNOTS.);
#1626 = CARTESIAN_POINT('',(239.34822027514,70.285130417224,3.));
#1627 = CARTESIAN_POINT('',(260.65177972486,70.285130417224,3.));
#1628 = CARTESIAN_POINT('',(239.34822027514,70.285130417224,
    31.945155373933));
#1629 = CARTESIAN_POINT('',(260.65177972486,70.285130417224,
    31.945155373933));
#1630 = DEFINITIONAL_REPRESENTATION('',(#1631),#1634);
#1631 = B_SPLINE_CURVE_WITH_KNOTS('',1,(#1632,#1633),.UNSPECIFIED.,.F.,
  .F.,(2,2),(-0.,4.),.PIECEWISE_BEZIER_KNOTS.);
#1632 = CARTESIAN_POINT('',(-9.472577686966,2.));
#1633 = CARTESIAN_POINT('',(-9.472577686966,-2.));
#1634 = ( GEOMETRIC_REPRESENTATION_CONTEXT(2) 
PARAMETRIC_REPRESENTATION_CONTEXT() REPRESENTATION_CONTEXT('2D SPACE',''
  ) );
#1635 = ORIENTED_EDGE('',*,*,#1564,.F.);
#1636 = ORIENTED_EDGE('',*,*,#300,.F.);
#1637 = ADVANCED_FACE('',(#1638),#372,.F.);
#1638 = FACE_BOUND('',#1639,.F.);
#1639 = EDGE_LOOP('',(#1640,#1685,#1706,#1749));
#1640 = ORIENTED_EDGE('',*,*,#1641,.T.);
#1641 = EDGE_CURVE('',#357,#1642,#1644,.T.);
#1642 = VERTEX_POINT('',#1643);
#1643 = CARTESIAN_POINT('',(260.65177972485,70.285130417224,3.));
#1644 = SURFACE_CURVE('',#1645,(#1649,#1667),.PCURVE_S1.);
#1645 = ( BOUNDED_CURVE() B_SPLINE_CURVE(2,(#1646,#1647,#1648),
.UNSPECIFIED.,.F.,.F.) B_SPLINE_CURVE_WITH_KNOTS((3,3),(4.712388980385,
6.28318530718),.PIECEWISE_BEZIER_KNOTS.) CURVE() 
GEOMETRIC_REPRESENTATION_ITEM() RATIONAL_B_SPLINE_CURVE((1.,
0.707106781187,1.)) REPRESENTATION_ITEM('') );
#1646 = CARTESIAN_POINT('',(261.65177972485,71.285130417224,2.));
#1647 = CARTESIAN_POINT('',(260.65177972485,70.285130417224,2.));
#1648 = CARTESIAN_POINT('',(260.65177972485,70.285130417224,3.));
#1649 = PCURVE('',#372,#1650);
#1650 = DEFINITIONAL_REPRESENTATION('',(#1651),#1666);
#1651 = B_SPLINE_CURVE_WITH_KNOTS('',7,(#1652,#1653,#1654,#1655,#1656,
    #1657,#1658,#1659,#1660,#1661,#1662,#1663,#1664,#1665),
  .UNSPECIFIED.,.F.,.F.,(8,6,8),(4.712388980385,5.497787143782,
    6.28318530718),.UNSPECIFIED.);
#1652 = CARTESIAN_POINT('',(0.,-1.));
#1653 = CARTESIAN_POINT('',(0.112199737629,-0.89898513165));
#1654 = CARTESIAN_POINT('',(0.224399475257,-0.793035561417));
#1655 = CARTESIAN_POINT('',(0.336599212885,-0.684262727193));
#1656 = CARTESIAN_POINT('',(0.44879895051,-0.575743786367));
#1657 = CARTESIAN_POINT('',(0.560998688144,-0.47181264438));
#1658 = CARTESIAN_POINT('',(0.67319842577,-0.376577344703));
#1659 = CARTESIAN_POINT('',(0.897597901029,-0.209209160281));
#1660 = CARTESIAN_POINT('',(1.009797638649,-0.137082147637));
#1661 = CARTESIAN_POINT('',(1.121997376292,-7.936826800706E-02));
#1662 = CARTESIAN_POINT('',(1.234197113895,-3.780301467088E-02));
#1663 = CARTESIAN_POINT('',(1.346396851548,-1.190596931142E-02));
#1664 = CARTESIAN_POINT('',(1.458596589168,1.848941009494E-07));
#1665 = CARTESIAN_POINT('',(1.570796326795,2.22044604925E-16));
#1666 = ( GEOMETRIC_REPRESENTATION_CONTEXT(2) 
PARAMETRIC_REPRESENTATION_CONTEXT() REPRESENTATION_CONTEXT('2D SPACE',''
  ) );
#1667 = PCURVE('',#400,#1668);
#1668 = DEFINITIONAL_REPRESENTATION('',(#1669),#1684);
#1669 = B_SPLINE_CURVE_WITH_KNOTS('',7,(#1670,#1671,#1672,#1673,#1674,
    #1675,#1676,#1677,#1678,#1679,#1680,#1681,#1682,#1683),
  .UNSPECIFIED.,.F.,.F.,(8,6,8),(4.712388980385,5.497787143782,
    6.28318530718),.UNSPECIFIED.);
#1670 = CARTESIAN_POINT('',(0.,-1.));
#1671 = CARTESIAN_POINT('',(0.112199737629,-0.898985131651));
#1672 = CARTESIAN_POINT('',(0.224399475257,-0.793035561414));
#1673 = CARTESIAN_POINT('',(0.336599212886,-0.684262727196));
#1674 = CARTESIAN_POINT('',(0.448798950513,-0.575743786364));
#1675 = CARTESIAN_POINT('',(0.560998688141,-0.471812644382));
#1676 = CARTESIAN_POINT('',(0.67319842577,-0.376577344702));
#1677 = CARTESIAN_POINT('',(0.897597901025,-0.20920916028));
#1678 = CARTESIAN_POINT('',(1.009797638666,-0.13708214764));
#1679 = CARTESIAN_POINT('',(1.121997376264,-7.936826800203E-02));
#1680 = CARTESIAN_POINT('',(1.234197113922,-3.780301467639E-02));
#1681 = CARTESIAN_POINT('',(1.34639685153,-1.190596930785E-02));
#1682 = CARTESIAN_POINT('',(1.45859658917,1.848932380366E-07));
#1683 = CARTESIAN_POINT('',(1.570796326795,-2.84217094304E-14));
#1684 = ( GEOMETRIC_REPRESENTATION_CONTEXT(2) 
PARAMETRIC_REPRESENTATION_CONTEXT() REPRESENTATION_CONTEXT('2D SPACE',''
  ) );
#1685 = ORIENTED_EDGE('',*,*,#1686,.T.);
#1686 = EDGE_CURVE('',#1642,#1687,#1689,.T.);
#1687 = VERTEX_POINT('',#1688);
#1688 = CARTESIAN_POINT('',(256.65177972485,70.285130417224,3.));
#1689 = SURFACE_CURVE('',#1690,(#1693,#1700),.PCURVE_S1.);
#1690 = B_SPLINE_CURVE_WITH_KNOTS('',1,(#1691,#1692),.UNSPECIFIED.,.F.,
  .F.,(2,2),(-0.,4.),.PIECEWISE_BEZIER_KNOTS.);
#1691 = CARTESIAN_POINT('',(260.65177972485,70.285130417224,3.));
#1692 = CARTESIAN_POINT('',(256.65177972485,70.285130417224,3.));
#1693 = PCURVE('',#372,#1694);
#1694 = DEFINITIONAL_REPRESENTATION('',(#1695),#1699);
#1695 = B_SPLINE_CURVE_WITH_KNOTS('',2,(#1696,#1697,#1698),
  .UNSPECIFIED.,.F.,.F.,(3,3),(-0.,4.),.PIECEWISE_BEZIER_KNOTS.);
#1696 = CARTESIAN_POINT('',(1.570796326795,0.));
#1697 = CARTESIAN_POINT('',(1.570796326795,2.));
#1698 = CARTESIAN_POINT('',(1.570796326795,4.));
#1699 = ( GEOMETRIC_REPRESENTATION_CONTEXT(2) 
PARAMETRIC_REPRESENTATION_CONTEXT() REPRESENTATION_CONTEXT('2D SPACE',''
  ) );
#1700 = PCURVE('',#1625,#1701);
#1701 = DEFINITIONAL_REPRESENTATION('',(#1702),#1705);
#1702 = B_SPLINE_CURVE_WITH_KNOTS('',1,(#1703,#1704),.UNSPECIFIED.,.F.,
  .F.,(2,2),(-0.,4.),.PIECEWISE_BEZIER_KNOTS.);
#1703 = CARTESIAN_POINT('',(-9.472577686966,19.303559449718));
#1704 = CARTESIAN_POINT('',(-9.472577686966,15.303559449718));
#1705 = ( GEOMETRIC_REPRESENTATION_CONTEXT(2) 
PARAMETRIC_REPRESENTATION_CONTEXT() REPRESENTATION_CONTEXT('2D SPACE',''
  ) );
#1706 = ORIENTED_EDGE('',*,*,#1707,.F.);
#1707 = EDGE_CURVE('',#359,#1687,#1708,.T.);
#1708 = SURFACE_CURVE('',#1709,(#1713,#1731),.PCURVE_S1.);
#1709 = ( BOUNDED_CURVE() B_SPLINE_CURVE(2,(#1710,#1711,#1712),
.UNSPECIFIED.,.F.,.F.) B_SPLINE_CURVE_WITH_KNOTS((3,3),(1.570796326795,
3.14159265359),.PIECEWISE_BEZIER_KNOTS.) CURVE() 
GEOMETRIC_REPRESENTATION_ITEM() RATIONAL_B_SPLINE_CURVE((1.,
0.707106781187,1.)) REPRESENTATION_ITEM('') );
#1710 = CARTESIAN_POINT('',(255.65177972485,71.285130417224,2.));
#1711 = CARTESIAN_POINT('',(256.65177972485,70.285130417224,2.));
#1712 = CARTESIAN_POINT('',(256.65177972485,70.285130417224,3.));
#1713 = PCURVE('',#372,#1714);
#1714 = DEFINITIONAL_REPRESENTATION('',(#1715),#1730);
#1715 = B_SPLINE_CURVE_WITH_KNOTS('',7,(#1716,#1717,#1718,#1719,#1720,
    #1721,#1722,#1723,#1724,#1725,#1726,#1727,#1728,#1729),
  .UNSPECIFIED.,.F.,.F.,(8,6,8),(1.570796326795,2.356194490192,
    3.14159265359),.UNSPECIFIED.);
#1716 = CARTESIAN_POINT('',(4.307665335546E-14,5.));
#1717 = CARTESIAN_POINT('',(0.112199737628,4.898985131658));
#1718 = CARTESIAN_POINT('',(0.224399475258,4.793035561408));
#1719 = CARTESIAN_POINT('',(0.336599212881,4.684262727223));
#1720 = CARTESIAN_POINT('',(0.448798950514,4.575743786366));
#1721 = CARTESIAN_POINT('',(0.560998688139,4.471812644396));
#1722 = CARTESIAN_POINT('',(0.67319842577,4.37657734471));
#1723 = CARTESIAN_POINT('',(0.897597901028,4.209209160287));
#1724 = CARTESIAN_POINT('',(1.009797638656,4.137082147624));
#1725 = CARTESIAN_POINT('',(1.121997376277,4.079368268017));
#1726 = CARTESIAN_POINT('',(1.234197113894,4.037803014648));
#1727 = CARTESIAN_POINT('',(1.34639685154,4.011905969312));
#1728 = CARTESIAN_POINT('',(1.458596589167,3.999999815109));
#1729 = CARTESIAN_POINT('',(1.570796326795,4.));
#1730 = ( GEOMETRIC_REPRESENTATION_CONTEXT(2) 
PARAMETRIC_REPRESENTATION_CONTEXT() REPRESENTATION_CONTEXT('2D SPACE',''
  ) );
#1731 = PCURVE('',#454,#1732);
#1732 = DEFINITIONAL_REPRESENTATION('',(#1733),#1748);
#1733 = B_SPLINE_CURVE_WITH_KNOTS('',7,(#1734,#1735,#1736,#1737,#1738,
    #1739,#1740,#1741,#1742,#1743,#1744,#1745,#1746,#1747),
  .UNSPECIFIED.,.F.,.F.,(8,6,8),(1.570796326795,2.356194490192,
    3.14159265359),.UNSPECIFIED.);
#1734 = CARTESIAN_POINT('',(-5.162909257076E-14,-1.));
#1735 = CARTESIAN_POINT('',(0.11219973763,-0.89898513165));
#1736 = CARTESIAN_POINT('',(0.224399475254,-0.793035561418));
#1737 = CARTESIAN_POINT('',(0.336599212892,-0.684262727189));
#1738 = CARTESIAN_POINT('',(0.448798950506,-0.575743786372));
#1739 = CARTESIAN_POINT('',(0.560998688144,-0.471812644377));
#1740 = CARTESIAN_POINT('',(0.673198425769,-0.376577344702));
#1741 = CARTESIAN_POINT('',(0.897597901029,-0.20920916028));
#1742 = CARTESIAN_POINT('',(1.00979763865,-0.137082147639));
#1743 = CARTESIAN_POINT('',(1.121997376291,-7.936826800266E-02));
#1744 = CARTESIAN_POINT('',(1.234197113898,-3.78030146763E-02));
#1745 = CARTESIAN_POINT('',(1.346396851542,-1.1905969308E-02));
#1746 = CARTESIAN_POINT('',(1.458596589168,1.848931252158E-07));
#1747 = CARTESIAN_POINT('',(1.570796326795,0.));
#1748 = ( GEOMETRIC_REPRESENTATION_CONTEXT(2) 
PARAMETRIC_REPRESENTATION_CONTEXT() REPRESENTATION_CONTEXT('2D SPACE',''
  ) );
#1749 = ORIENTED_EDGE('',*,*,#356,.F.);
#1750 = ADVANCED_FACE('',(#1751),#400,.T.);
#1751 = FACE_BOUND('',#1752,.T.);
#1752 = EDGE_LOOP('',(#1753,#1754,#1780,#1823));
#1753 = ORIENTED_EDGE('',*,*,#1641,.T.);
#1754 = ORIENTED_EDGE('',*,*,#1755,.T.);
#1755 = EDGE_CURVE('',#1642,#1756,#1758,.T.);
#1756 = VERTEX_POINT('',#1757);
#1757 = CARTESIAN_POINT('',(260.65177972485,29.714869582776,3.));
#1758 = SURFACE_CURVE('',#1759,(#1762,#1769),.PCURVE_S1.);
#1759 = B_SPLINE_CURVE_WITH_KNOTS('',1,(#1760,#1761),.UNSPECIFIED.,.F.,
  .F.,(2,2),(0.,40.570260834448),.PIECEWISE_BEZIER_KNOTS.);
#1760 = CARTESIAN_POINT('',(260.65177972485,70.285130417224,3.));
#1761 = CARTESIAN_POINT('',(260.65177972485,29.714869582776,3.));
#1762 = PCURVE('',#400,#1763);
#1763 = DEFINITIONAL_REPRESENTATION('',(#1764),#1768);
#1764 = B_SPLINE_CURVE_WITH_KNOTS('',2,(#1765,#1766,#1767),
  .UNSPECIFIED.,.F.,.F.,(3,3),(0.,40.570260834448),
  .PIECEWISE_BEZIER_KNOTS.);
#1765 = CARTESIAN_POINT('',(1.570796326795,0.));
#1766 = CARTESIAN_POINT('',(1.570796326795,20.285130417224));
#1767 = CARTESIAN_POINT('',(1.570796326795,40.570260834448));
#1768 = ( GEOMETRIC_REPRESENTATION_CONTEXT(2) 
PARAMETRIC_REPRESENTATION_CONTEXT() REPRESENTATION_CONTEXT('2D SPACE',''
  ) );
#1769 = PCURVE('',#1770,#1775);
#1770 = B_SPLINE_SURFACE_WITH_KNOTS('',1,1,(
    (#1771,#1772)
    ,(#1773,#1774
    )),.UNSPECIFIED.,.F.,.F.,.F.,(2,2),(2,2),(0.,21.945155373933),(
    -40.57026083444,7.105427357601E-15),.PIECEWISE_BEZIER_KNOTS.);
#1771 = CARTESIAN_POINT('',(260.65177972485,70.285130417224,
    24.945155373933));
#1772 = CARTESIAN_POINT('',(260.65177972485,29.714869582776,
    24.945155373933));
#1773 = CARTESIAN_POINT('',(260.65177972485,70.285130417224,3.));
#1774 = CARTESIAN_POINT('',(260.65177972485,29.714869582776,3.));
#1775 = DEFINITIONAL_REPRESENTATION('',(#1776),#1779);
#1776 = B_SPLINE_CURVE_WITH_KNOTS('',1,(#1777,#1778),.UNSPECIFIED.,.F.,
  .F.,(2,2),(0.,40.570260834448),.PIECEWISE_BEZIER_KNOTS.);
#1777 = CARTESIAN_POINT('',(21.945155373933,-40.57026083444));
#1778 = CARTESIAN_POINT('',(21.945155373933,3.552713678801E-15));
#1779 = ( GEOMETRIC_REPRESENTATION_CONTEXT(2) 
PARAMETRIC_REPRESENTATION_CONTEXT() REPRESENTATION_CONTEXT('2D SPACE',''
  ) );
#1780 = ORIENTED_EDGE('',*,*,#1781,.F.);
#1781 = EDGE_CURVE('',#387,#1756,#1782,.T.);
#1782 = SURFACE_CURVE('',#1783,(#1787,#1805),.PCURVE_S1.);
#1783 = ( BOUNDED_CURVE() B_SPLINE_CURVE(2,(#1784,#1785,#1786),
.UNSPECIFIED.,.F.,.F.) B_SPLINE_CURVE_WITH_KNOTS((3,3),(4.712388980385,
6.28318530718),.PIECEWISE_BEZIER_KNOTS.) CURVE() 
GEOMETRIC_REPRESENTATION_ITEM() RATIONAL_B_SPLINE_CURVE((1.,
0.707106781187,1.)) REPRESENTATION_ITEM('') );
#1784 = CARTESIAN_POINT('',(261.65177972485,28.714869582776,2.));
#1785 = CARTESIAN_POINT('',(260.65177972485,29.714869582776,2.));
#1786 = CARTESIAN_POINT('',(260.65177972485,29.714869582776,3.));
#1787 = PCURVE('',#400,#1788);
#1788 = DEFINITIONAL_REPRESENTATION('',(#1789),#1804);
#1789 = B_SPLINE_CURVE_WITH_KNOTS('',7,(#1790,#1791,#1792,#1793,#1794,
    #1795,#1796,#1797,#1798,#1799,#1800,#1801,#1802,#1803),
  .UNSPECIFIED.,.F.,.F.,(8,6,8),(4.712388980385,5.497787143782,
    6.28318530718),.UNSPECIFIED.);
#1790 = CARTESIAN_POINT('',(0.,41.570260834448));
#1791 = CARTESIAN_POINT('',(0.112199737629,41.469245966239));
#1792 = CARTESIAN_POINT('',(0.224399475253,41.363296395467));
#1793 = CARTESIAN_POINT('',(0.336599212888,41.254523562599));
#1794 = CARTESIAN_POINT('',(0.448798950508,41.146004620248));
#1795 = CARTESIAN_POINT('',(0.560998688145,41.042073479118));
#1796 = CARTESIAN_POINT('',(0.673198425769,40.94683817912));
#1797 = CARTESIAN_POINT('',(0.897597901026,40.779469994783));
#1798 = CARTESIAN_POINT('',(1.009797638661,40.707342982184));
#1799 = CARTESIAN_POINT('',(1.121997376277,40.649629102233));
#1800 = CARTESIAN_POINT('',(1.234197113927,40.608063849253));
#1801 = CARTESIAN_POINT('',(1.346396851528,40.58216680364));
#1802 = CARTESIAN_POINT('',(1.45859658917,40.570260649631));
#1803 = CARTESIAN_POINT('',(1.570796326795,40.570260834448));
#1804 = ( GEOMETRIC_REPRESENTATION_CONTEXT(2) 
PARAMETRIC_REPRESENTATION_CONTEXT() REPRESENTATION_CONTEXT('2D SPACE',''
  ) );
#1805 = PCURVE('',#428,#1806);
#1806 = DEFINITIONAL_REPRESENTATION('',(#1807),#1822);
#1807 = B_SPLINE_CURVE_WITH_KNOTS('',7,(#1808,#1809,#1810,#1811,#1812,
    #1813,#1814,#1815,#1816,#1817,#1818,#1819,#1820,#1821),
  .UNSPECIFIED.,.F.,.F.,(8,6,8),(4.712388980385,5.497787143782,
    6.28318530718),.UNSPECIFIED.);
#1808 = CARTESIAN_POINT('',(0.,-1.));
#1809 = CARTESIAN_POINT('',(0.112199737628,-0.898985131647));
#1810 = CARTESIAN_POINT('',(0.224399475258,-0.793035561428));
#1811 = CARTESIAN_POINT('',(0.336599212885,-0.68426272717));
#1812 = CARTESIAN_POINT('',(0.448798950513,-0.575743786389));
#1813 = CARTESIAN_POINT('',(0.560998688142,-0.47181264437));
#1814 = CARTESIAN_POINT('',(0.67319842577,-0.376577344704));
#1815 = CARTESIAN_POINT('',(0.897597901027,-0.209209160281));
#1816 = CARTESIAN_POINT('',(1.009797638649,-0.137082147638));
#1817 = CARTESIAN_POINT('',(1.121997376289,-7.936826800536E-02));
#1818 = CARTESIAN_POINT('',(1.234197113895,-3.780301467254E-02));
#1819 = CARTESIAN_POINT('',(1.346396851544,-1.190596931008E-02));
#1820 = CARTESIAN_POINT('',(1.458596589166,1.848937906298E-07));
#1821 = CARTESIAN_POINT('',(1.570796326795,0.));
#1822 = ( GEOMETRIC_REPRESENTATION_CONTEXT(2) 
PARAMETRIC_REPRESENTATION_CONTEXT() REPRESENTATION_CONTEXT('2D SPACE',''
  ) );
#1823 = ORIENTED_EDGE('',*,*,#386,.F.);
#1824 = ADVANCED_FACE('',(#1825),#454,.F.);
#1825 = FACE_BOUND('',#1826,.F.);
#1826 = EDGE_LOOP('',(#1827,#1828,#1854,#1897));
#1827 = ORIENTED_EDGE('',*,*,#1707,.T.);
#1828 = ORIENTED_EDGE('',*,*,#1829,.T.);
#1829 = EDGE_CURVE('',#1687,#1830,#1832,.T.);
#1830 = VERTEX_POINT('',#1831);
#1831 = CARTESIAN_POINT('',(256.65177972485,29.714869582776,3.));
#1832 = SURFACE_CURVE('',#1833,(#1836,#1843),.PCURVE_S1.);
#1833 = B_SPLINE_CURVE_WITH_KNOTS('',1,(#1834,#1835),.UNSPECIFIED.,.F.,
  .F.,(2,2),(0.,40.570260834448),.PIECEWISE_BEZIER_KNOTS.);
#1834 = CARTESIAN_POINT('',(256.65177972485,70.285130417224,3.));
#1835 = CARTESIAN_POINT('',(256.65177972485,29.714869582776,3.));
#1836 = PCURVE('',#454,#1837);
#1837 = DEFINITIONAL_REPRESENTATION('',(#1838),#1842);
#1838 = B_SPLINE_CURVE_WITH_KNOTS('',2,(#1839,#1840,#1841),
  .UNSPECIFIED.,.F.,.F.,(3,3),(0.,40.570260834448),
  .PIECEWISE_BEZIER_KNOTS.);
#1839 = CARTESIAN_POINT('',(1.570796326795,0.));
#1840 = CARTESIAN_POINT('',(1.570796326795,20.285130417224));
#1841 = CARTESIAN_POINT('',(1.570796326795,40.570260834448));
#1842 = ( GEOMETRIC_REPRESENTATION_CONTEXT(2) 
PARAMETRIC_REPRESENTATION_CONTEXT() REPRESENTATION_CONTEXT('2D SPACE',''
  ) );
#1843 = PCURVE('',#1844,#1849);
#1844 = B_SPLINE_SURFACE_WITH_KNOTS('',1,1,(
    (#1845,#1846)
    ,(#1847,#1848
    )),.UNSPECIFIED.,.F.,.F.,.F.,(2,2),(2,2),(0.,21.945155373933),(
    -40.57026083444,7.105427357601E-15),.PIECEWISE_BEZIER_KNOTS.);
#1845 = CARTESIAN_POINT('',(256.65177972485,70.285130417224,
    24.945155373933));
#1846 = CARTESIAN_POINT('',(256.65177972485,29.714869582776,
    24.945155373933));
#1847 = CARTESIAN_POINT('',(256.65177972485,70.285130417224,3.));
#1848 = CARTESIAN_POINT('',(256.65177972485,29.714869582776,3.));
#1849 = DEFINITIONAL_REPRESENTATION('',(#1850),#1853);
#1850 = B_SPLINE_CURVE_WITH_KNOTS('',1,(#1851,#1852),.UNSPECIFIED.,.F.,
  .F.,(2,2),(0.,40.570260834448),.PIECEWISE_BEZIER_KNOTS.);
#1851 = CARTESIAN_POINT('',(21.945155373933,-40.57026083444));
#1852 = CARTESIAN_POINT('',(21.945155373933,3.552713678801E-15));
#1853 = ( GEOMETRIC_REPRESENTATION_CONTEXT(2) 
PARAMETRIC_REPRESENTATION_CONTEXT() REPRESENTATION_CONTEXT('2D SPACE',''
  ) );
#1854 = ORIENTED_EDGE('',*,*,#1855,.F.);
#1855 = EDGE_CURVE('',#415,#1830,#1856,.T.);
#1856 = SURFACE_CURVE('',#1857,(#1861,#1879),.PCURVE_S1.);
#1857 = ( BOUNDED_CURVE() B_SPLINE_CURVE(2,(#1858,#1859,#1860),
.UNSPECIFIED.,.F.,.F.) B_SPLINE_CURVE_WITH_KNOTS((3,3),(1.570796326795,
3.14159265359),.PIECEWISE_BEZIER_KNOTS.) CURVE() 
GEOMETRIC_REPRESENTATION_ITEM() RATIONAL_B_SPLINE_CURVE((1.,
0.707106781187,1.)) REPRESENTATION_ITEM('') );
#1858 = CARTESIAN_POINT('',(255.65177972485,28.714869582776,2.));
#1859 = CARTESIAN_POINT('',(256.65177972485,29.714869582776,2.));
#1860 = CARTESIAN_POINT('',(256.65177972485,29.714869582776,3.));
#1861 = PCURVE('',#454,#1862);
#1862 = DEFINITIONAL_REPRESENTATION('',(#1863),#1878);
#1863 = B_SPLINE_CURVE_WITH_KNOTS('',7,(#1864,#1865,#1866,#1867,#1868,
    #1869,#1870,#1871,#1872,#1873,#1874,#1875,#1876,#1877),
  .UNSPECIFIED.,.F.,.F.,(8,6,8),(1.570796326795,2.356194490192,
    3.14159265359),.UNSPECIFIED.);
#1864 = CARTESIAN_POINT('',(3.10862446895E-14,41.570260834448));
#1865 = CARTESIAN_POINT('',(0.11219973763,41.469245966164));
#1866 = CARTESIAN_POINT('',(0.224399475249,41.363296395841));
#1867 = CARTESIAN_POINT('',(0.336599212898,41.254523561158));
#1868 = CARTESIAN_POINT('',(0.448798950502,41.146004620983));
#1869 = CARTESIAN_POINT('',(0.560998688146,41.042073478727));
#1870 = CARTESIAN_POINT('',(0.673198425769,40.946838179263));
#1871 = CARTESIAN_POINT('',(0.89759790103,40.779469994846));
#1872 = CARTESIAN_POINT('',(1.009797638646,40.70734298193));
#1873 = CARTESIAN_POINT('',(1.121997376302,40.649629102742));
#1874 = CARTESIAN_POINT('',(1.234197113891,40.608063848742));
#1875 = CARTESIAN_POINT('',(1.34639685155,40.582166803898));
#1876 = CARTESIAN_POINT('',(1.458596589167,40.570260649597));
#1877 = CARTESIAN_POINT('',(1.570796326795,40.570260834448));
#1878 = ( GEOMETRIC_REPRESENTATION_CONTEXT(2) 
PARAMETRIC_REPRESENTATION_CONTEXT() REPRESENTATION_CONTEXT('2D SPACE',''
  ) );
#1879 = PCURVE('',#428,#1880);
#1880 = DEFINITIONAL_REPRESENTATION('',(#1881),#1896);
#1881 = B_SPLINE_CURVE_WITH_KNOTS('',7,(#1882,#1883,#1884,#1885,#1886,
    #1887,#1888,#1889,#1890,#1891,#1892,#1893,#1894,#1895),
  .UNSPECIFIED.,.F.,.F.,(8,6,8),(1.570796326795,2.356194490192,
    3.14159265359),.UNSPECIFIED.);
#1882 = CARTESIAN_POINT('',(2.714017194258E-14,5.));
#1883 = CARTESIAN_POINT('',(0.112199737629,4.898985131656));
#1884 = CARTESIAN_POINT('',(0.224399475254,4.793035561381));
#1885 = CARTESIAN_POINT('',(0.336599212888,4.68426272718));
#1886 = CARTESIAN_POINT('',(0.448798950511,4.575743786319));
#1887 = CARTESIAN_POINT('',(0.560998688143,4.471812644389));
#1888 = CARTESIAN_POINT('',(0.67319842577,4.376577344707));
#1889 = CARTESIAN_POINT('',(0.897597901026,4.209209160289));
#1890 = CARTESIAN_POINT('',(1.009797638659,4.137082147625));
#1891 = CARTESIAN_POINT('',(1.121997376279,4.07936826801));
#1892 = CARTESIAN_POINT('',(1.234197113922,4.037803014664));
#1893 = CARTESIAN_POINT('',(1.346396851535,4.011905969317));
#1894 = CARTESIAN_POINT('',(1.458596589169,3.999999815108));
#1895 = CARTESIAN_POINT('',(1.570796326795,4.));
#1896 = ( GEOMETRIC_REPRESENTATION_CONTEXT(2) 
PARAMETRIC_REPRESENTATION_CONTEXT() REPRESENTATION_CONTEXT('2D SPACE',''
  ) );
#1897 = ORIENTED_EDGE('',*,*,#442,.F.);
#1898 = ADVANCED_FACE('',(#1899),#428,.T.);
#1899 = FACE_BOUND('',#1900,.T.);
#1900 = EDGE_LOOP('',(#1901,#1902,#1921,#1922));
#1901 = ORIENTED_EDGE('',*,*,#1781,.T.);
#1902 = ORIENTED_EDGE('',*,*,#1903,.T.);
#1903 = EDGE_CURVE('',#1756,#1830,#1904,.T.);
#1904 = SURFACE_CURVE('',#1905,(#1908,#1915),.PCURVE_S1.);
#1905 = B_SPLINE_CURVE_WITH_KNOTS('',1,(#1906,#1907),.UNSPECIFIED.,.F.,
  .F.,(2,2),(-0.,4.),.PIECEWISE_BEZIER_KNOTS.);
#1906 = CARTESIAN_POINT('',(260.65177972485,29.714869582776,3.));
#1907 = CARTESIAN_POINT('',(256.65177972485,29.714869582776,3.));
#1908 = PCURVE('',#428,#1909);
#1909 = DEFINITIONAL_REPRESENTATION('',(#1910),#1914);
#1910 = B_SPLINE_CURVE_WITH_KNOTS('',2,(#1911,#1912,#1913),
  .UNSPECIFIED.,.F.,.F.,(3,3),(-0.,4.),.PIECEWISE_BEZIER_KNOTS.);
#1911 = CARTESIAN_POINT('',(1.570796326795,0.));
#1912 = CARTESIAN_POINT('',(1.570796326795,2.));
#1913 = CARTESIAN_POINT('',(1.570796326795,4.));
#1914 = ( GEOMETRIC_REPRESENTATION_CONTEXT(2) 
PARAMETRIC_REPRESENTATION_CONTEXT() REPRESENTATION_CONTEXT('2D SPACE',''
  ) );
#1915 = PCURVE('',#1405,#1916);
#1916 = DEFINITIONAL_REPRESENTATION('',(#1917),#1920);
#1917 = B_SPLINE_CURVE_WITH_KNOTS('',1,(#1918,#1919),.UNSPECIFIED.,.F.,
  .F.,(2,2),(-0.,4.),.PIECEWISE_BEZIER_KNOTS.);
#1918 = CARTESIAN_POINT('',(-9.472577686966,19.303559449718));
#1919 = CARTESIAN_POINT('',(-9.472577686966,15.303559449718));
#1920 = ( GEOMETRIC_REPRESENTATION_CONTEXT(2) 
PARAMETRIC_REPRESENTATION_CONTEXT() REPRESENTATION_CONTEXT('2D SPACE',''
  ) );
#1921 = ORIENTED_EDGE('',*,*,#1855,.F.);
#1922 = ORIENTED_EDGE('',*,*,#414,.F.);
#1923 = ADVANCED_FACE('',(#1924),#486,.T.);
#1924 = FACE_BOUND('',#1925,.T.);
#1925 = EDGE_LOOP('',(#1926,#1959,#1985,#2016));
#1926 = ORIENTED_EDGE('',*,*,#1927,.T.);
#1927 = EDGE_CURVE('',#471,#1928,#1930,.T.);
#1928 = VERTEX_POINT('',#1929);
#1929 = CARTESIAN_POINT('',(224.48178948524,147.75925660236,
    2.349208626544));
#1930 = SURFACE_CURVE('',#1931,(#1935,#1947),.PCURVE_S1.);
#1931 = ( BOUNDED_CURVE() B_SPLINE_CURVE(2,(#1932,#1933,#1934),
.UNSPECIFIED.,.F.,.F.) B_SPLINE_CURVE_WITH_KNOTS((3,3),(4.712388980385,
5.574559035053),.PIECEWISE_BEZIER_KNOTS.) CURVE() 
GEOMETRIC_REPRESENTATION_ITEM() RATIONAL_B_SPLINE_CURVE((1.,
0.908512898493,1.)) REPRESENTATION_ITEM('') );
#1932 = CARTESIAN_POINT('',(223.72253288288,147.,2.));
#1933 = CARTESIAN_POINT('',(224.18246780535,147.45993492247,2.));
#1934 = CARTESIAN_POINT('',(224.48178948524,147.75925660236,
    2.349208626545));
#1935 = PCURVE('',#486,#1936);
#1936 = DEFINITIONAL_REPRESENTATION('',(#1937),#1946);
#1937 = B_SPLINE_CURVE_WITH_KNOTS('',7,(#1938,#1939,#1940,#1941,#1942,
    #1943,#1944,#1945),.UNSPECIFIED.,.F.,.F.,(8,8),(4.712388980385,
    5.574559035053),.PIECEWISE_BEZIER_KNOTS.);
#1938 = CARTESIAN_POINT('',(0.,-1.));
#1939 = CARTESIAN_POINT('',(0.123167150668,-0.880612099966));
#1940 = CARTESIAN_POINT('',(0.246334301333,-0.757585337396));
#1941 = CARTESIAN_POINT('',(0.369501452004,-0.634880460792));
#1942 = CARTESIAN_POINT('',(0.492668602661,-0.51760838052));
#1943 = CARTESIAN_POINT('',(0.615835753337,-0.411134688807));
#1944 = CARTESIAN_POINT('',(0.739002904002,-0.318439430916));
#1945 = CARTESIAN_POINT('',(0.862170054668,-0.240743397634));
#1946 = ( GEOMETRIC_REPRESENTATION_CONTEXT(2) 
PARAMETRIC_REPRESENTATION_CONTEXT() REPRESENTATION_CONTEXT('2D SPACE',''
  ) );
#1947 = PCURVE('',#568,#1948);
#1948 = DEFINITIONAL_REPRESENTATION('',(#1949),#1958);
#1949 = B_SPLINE_CURVE_WITH_KNOTS('',7,(#1950,#1951,#1952,#1953,#1954,
    #1955,#1956,#1957),.UNSPECIFIED.,.F.,.F.,(8,8),(4.712388980385,
    5.574559035053),.PIECEWISE_BEZIER_KNOTS.);
#1950 = CARTESIAN_POINT('',(2.020947972076E-42,-0.45993492247));
#1951 = CARTESIAN_POINT('',(0.132606349257,-0.340547022436));
#1952 = CARTESIAN_POINT('',(0.261606033235,-0.217520259869));
#1953 = CARTESIAN_POINT('',(0.387175622852,-9.481538326324E-02));
#1954 = CARTESIAN_POINT('',(0.509477282924,2.245669700426E-02));
#1955 = CARTESIAN_POINT('',(0.628660726995,0.128930388727));
#1956 = CARTESIAN_POINT('',(0.744864708899,0.221625646613));
#1957 = CARTESIAN_POINT('',(0.858218250179,0.299321679895));
#1958 = ( GEOMETRIC_REPRESENTATION_CONTEXT(2) 
PARAMETRIC_REPRESENTATION_CONTEXT() REPRESENTATION_CONTEXT('2D SPACE',''
  ) );
#1959 = ORIENTED_EDGE('',*,*,#1960,.T.);
#1960 = EDGE_CURVE('',#1928,#1961,#1963,.T.);
#1961 = VERTEX_POINT('',#1962);
#1962 = CARTESIAN_POINT('',(224.48178948524,152.24074339763,
    2.349208626544));
#1963 = SURFACE_CURVE('',#1964,(#1967,#1974),.PCURVE_S1.);
#1964 = B_SPLINE_CURVE_WITH_KNOTS('',1,(#1965,#1966),.UNSPECIFIED.,.F.,
  .F.,(2,2),(-0.240743397632,4.240743397632),.PIECEWISE_BEZIER_KNOTS.);
#1965 = CARTESIAN_POINT('',(224.48178948524,147.75925660236,
    2.349208626544));
#1966 = CARTESIAN_POINT('',(224.48178948524,152.24074339763,
    2.349208626544));
#1967 = PCURVE('',#486,#1968);
#1968 = DEFINITIONAL_REPRESENTATION('',(#1969),#1973);
#1969 = B_SPLINE_CURVE_WITH_KNOTS('',2,(#1970,#1971,#1972),
  .UNSPECIFIED.,.F.,.F.,(3,3),(-0.240743397632,4.240743397632),
  .PIECEWISE_BEZIER_KNOTS.);
#1970 = CARTESIAN_POINT('',(0.862170054667,-0.240743397632));
#1971 = CARTESIAN_POINT('',(0.862170054667,2.));
#1972 = CARTESIAN_POINT('',(0.862170054667,4.240743397632));
#1973 = ( GEOMETRIC_REPRESENTATION_CONTEXT(2) 
PARAMETRIC_REPRESENTATION_CONTEXT() REPRESENTATION_CONTEXT('2D SPACE',''
  ) );
#1974 = PCURVE('',#1975,#1980);
#1975 = B_SPLINE_SURFACE_WITH_KNOTS('',1,1,(
    (#1976,#1977)
    ,(#1978,#1979
    )),.UNSPECIFIED.,.F.,.F.,.F.,(2,2),(2,2),(-8.866812534075,
    8.771279102576),(-2.240743397634,2.240743397634),
  .PIECEWISE_BEZIER_KNOTS.);
#1976 = CARTESIAN_POINT('',(224.48178948524,152.24074339763,
    2.349208626544));
#1977 = CARTESIAN_POINT('',(224.48178948524,147.75925660236,
    2.349208626544));
#1978 = CARTESIAN_POINT('',(235.9605073666,152.24074339763,
    15.741046154796));
#1979 = CARTESIAN_POINT('',(235.9605073666,147.75925660236,
    15.741046154796));
#1980 = DEFINITIONAL_REPRESENTATION('',(#1981),#1984);
#1981 = B_SPLINE_CURVE_WITH_KNOTS('',1,(#1982,#1983),.UNSPECIFIED.,.F.,
  .F.,(2,2),(-0.240743397632,4.240743397632),.PIECEWISE_BEZIER_KNOTS.);
#1982 = CARTESIAN_POINT('',(-8.866812534075,2.240743397632));
#1983 = CARTESIAN_POINT('',(-8.866812534075,-2.240743397632));
#1984 = ( GEOMETRIC_REPRESENTATION_CONTEXT(2) 
PARAMETRIC_REPRESENTATION_CONTEXT() REPRESENTATION_CONTEXT('2D SPACE',''
  ) );
#1985 = ORIENTED_EDGE('',*,*,#1986,.F.);
#1986 = EDGE_CURVE('',#473,#1961,#1987,.T.);
#1987 = SURFACE_CURVE('',#1988,(#1992,#2004),.PCURVE_S1.);
#1988 = ( BOUNDED_CURVE() B_SPLINE_CURVE(2,(#1989,#1990,#1991),
.UNSPECIFIED.,.F.,.F.) B_SPLINE_CURVE_WITH_KNOTS((3,3),(1.570796326795,
2.432966381463),.PIECEWISE_BEZIER_KNOTS.) CURVE() 
GEOMETRIC_REPRESENTATION_ITEM() RATIONAL_B_SPLINE_CURVE((1.,
0.908512898493,1.)) REPRESENTATION_ITEM('') );
#1989 = CARTESIAN_POINT('',(223.72253288288,153.,2.));
#1990 = CARTESIAN_POINT('',(224.18246780535,152.54006507752,2.));
#1991 = CARTESIAN_POINT('',(224.48178948524,152.24074339763,
    2.349208626545));
#1992 = PCURVE('',#486,#1993);
#1993 = DEFINITIONAL_REPRESENTATION('',(#1994),#2003);
#1994 = B_SPLINE_CURVE_WITH_KNOTS('',7,(#1995,#1996,#1997,#1998,#1999,
    #2000,#2001,#2002),.UNSPECIFIED.,.F.,.F.,(8,8),(1.570796326795,
    2.432966381463),.PIECEWISE_BEZIER_KNOTS.);
#1995 = CARTESIAN_POINT('',(-2.577982010369E-14,5.));
#1996 = CARTESIAN_POINT('',(0.123167150667,4.880612099974));
#1997 = CARTESIAN_POINT('',(0.246334301337,4.757585337379));
#1998 = CARTESIAN_POINT('',(0.369501451995,4.634880460814));
#1999 = CARTESIAN_POINT('',(0.492668602669,4.517608380475));
#2000 = CARTESIAN_POINT('',(0.615835753331,4.411134688808));
#2001 = CARTESIAN_POINT('',(0.739002904002,4.318439430921));
#2002 = CARTESIAN_POINT('',(0.862170054668,4.240743397634));
#2003 = ( GEOMETRIC_REPRESENTATION_CONTEXT(2) 
PARAMETRIC_REPRESENTATION_CONTEXT() REPRESENTATION_CONTEXT('2D SPACE',''
  ) );
#2004 = PCURVE('',#514,#2005);
#2005 = DEFINITIONAL_REPRESENTATION('',(#2006),#2015);
#2006 = B_SPLINE_CURVE_WITH_KNOTS('',7,(#2007,#2008,#2009,#2010,#2011,
    #2012,#2013,#2014),.UNSPECIFIED.,.F.,.F.,(8,8),(1.570796326795,
    2.432966381463),.PIECEWISE_BEZIER_KNOTS.);
#2007 = CARTESIAN_POINT('',(3.541643869589E-15,-0.45993492247));
#2008 = CARTESIAN_POINT('',(0.132606349256,-0.340547022436));
#2009 = CARTESIAN_POINT('',(0.261606033237,-0.21752025987));
#2010 = CARTESIAN_POINT('',(0.38717562285,-9.481538326272E-02));
#2011 = CARTESIAN_POINT('',(0.509477282926,2.245669700465E-02));
#2012 = CARTESIAN_POINT('',(0.62866072699,0.128930388726));
#2013 = CARTESIAN_POINT('',(0.7448647089,0.221625646614));
#2014 = CARTESIAN_POINT('',(0.858218250179,0.299321679895));
#2015 = ( GEOMETRIC_REPRESENTATION_CONTEXT(2) 
PARAMETRIC_REPRESENTATION_CONTEXT() REPRESENTATION_CONTEXT('2D SPACE',''
  ) );
#2016 = ORIENTED_EDGE('',*,*,#470,.F.);
#2017 = ADVANCED_FACE('',(#2018),#568,.F.);
#2018 = FACE_BOUND('',#2019,.F.);
#2019 = EDGE_LOOP('',(#2020,#2021,#2049,#2075,#2121));
#2020 = ORIENTED_EDGE('',*,*,#1927,.T.);
#2021 = ORIENTED_EDGE('',*,*,#2022,.T.);
#2022 = EDGE_CURVE('',#1928,#2023,#2025,.T.);
#2023 = VERTEX_POINT('',#2024);
#2024 = CARTESIAN_POINT('',(225.03961066249,148.,3.));
#2025 = SURFACE_CURVE('',#2026,(#2030,#2042),.PCURVE_S1.);
#2026 = ( BOUNDED_CURVE() B_SPLINE_CURVE(2,(#2027,#2028,#2029),
.UNSPECIFIED.,.F.,.F.) B_SPLINE_CURVE_WITH_KNOTS((3,3),(4.003762708259,
4.712388980385),.PIECEWISE_BEZIER_KNOTS.) CURVE() 
GEOMETRIC_REPRESENTATION_ITEM() RATIONAL_B_SPLINE_CURVE((1.,
0.937885014905,1.)) REPRESENTATION_ITEM('') );
#2027 = CARTESIAN_POINT('',(224.48178948524,147.75925660236,
    2.349208626545));
#2028 = CARTESIAN_POINT('',(224.72253288288,148.,2.630075923785));
#2029 = CARTESIAN_POINT('',(225.03961066249,148.,3.));
#2030 = PCURVE('',#568,#2031);
#2031 = DEFINITIONAL_REPRESENTATION('',(#2032),#2041);
#2032 = B_SPLINE_CURVE_WITH_KNOTS('',7,(#2033,#2034,#2035,#2036,#2037,
    #2038,#2039,#2040),.UNSPECIFIED.,.F.,.F.,(8,8),(4.003762708259,
    4.712388980385),.PIECEWISE_BEZIER_KNOTS.);
#2033 = CARTESIAN_POINT('',(0.85821825018,0.299321679896));
#2034 = CARTESIAN_POINT('',(0.952335624647,0.363832937632));
#2035 = CARTESIAN_POINT('',(1.048819718165,0.436075371682));
#2036 = CARTESIAN_POINT('',(1.147777657296,0.515018767767));
#2037 = CARTESIAN_POINT('',(1.249324649166,0.598945329097));
#2038 = CARTESIAN_POINT('',(1.353585000952,0.685450988439));
#2039 = CARTESIAN_POINT('',(1.460693357905,0.772176393637));
#2040 = CARTESIAN_POINT('',(1.570796326795,0.857142857143));
#2041 = ( GEOMETRIC_REPRESENTATION_CONTEXT(2) 
PARAMETRIC_REPRESENTATION_CONTEXT() REPRESENTATION_CONTEXT('2D SPACE',''
  ) );
#2042 = PCURVE('',#1975,#2043);
#2043 = DEFINITIONAL_REPRESENTATION('',(#2044),#2048);
#2044 = ( BOUNDED_CURVE() B_SPLINE_CURVE(2,(#2045,#2046,#2047),
.UNSPECIFIED.,.F.,.F.) B_SPLINE_CURVE_WITH_KNOTS((3,3),(4.003762708259,
4.712388980385),.PIECEWISE_BEZIER_KNOTS.) CURVE() 
GEOMETRIC_REPRESENTATION_ITEM() RATIONAL_B_SPLINE_CURVE((1.,
0.937885014905,1.)) REPRESENTATION_ITEM('') );
#2045 = CARTESIAN_POINT('',(-8.866812534074,2.240743397634));
#2046 = CARTESIAN_POINT('',(-8.496888457859,2.));
#2047 = CARTESIAN_POINT('',(-8.009669676932,2.));
#2048 = ( GEOMETRIC_REPRESENTATION_CONTEXT(2) 
PARAMETRIC_REPRESENTATION_CONTEXT() REPRESENTATION_CONTEXT('2D SPACE',''
  ) );
#2049 = ORIENTED_EDGE('',*,*,#2050,.T.);
#2050 = EDGE_CURVE('',#2023,#2051,#2053,.T.);
#2051 = VERTEX_POINT('',#2052);
#2052 = CARTESIAN_POINT('',(233.45050065625,148.,3.));
#2053 = SURFACE_CURVE('',#2054,(#2057,#2064),.PCURVE_S1.);
#2054 = B_SPLINE_CURVE_WITH_KNOTS('',1,(#2055,#2056),.UNSPECIFIED.,.F.,
  .F.,(2,2),(0.857142857143,9.268032850907),.PIECEWISE_BEZIER_KNOTS.);
#2055 = CARTESIAN_POINT('',(225.03961066249,148.,3.));
#2056 = CARTESIAN_POINT('',(233.45050065625,148.,3.));
#2057 = PCURVE('',#568,#2058);
#2058 = DEFINITIONAL_REPRESENTATION('',(#2059),#2063);
#2059 = B_SPLINE_CURVE_WITH_KNOTS('',2,(#2060,#2061,#2062),
  .UNSPECIFIED.,.F.,.F.,(3,3),(0.857142857143,9.268032850906),
  .PIECEWISE_BEZIER_KNOTS.);
#2060 = CARTESIAN_POINT('',(1.570796326795,0.857142857143));
#2061 = CARTESIAN_POINT('',(1.570796326795,5.062587854025));
#2062 = CARTESIAN_POINT('',(1.570796326795,9.268032850906));
#2063 = ( GEOMETRIC_REPRESENTATION_CONTEXT(2) 
PARAMETRIC_REPRESENTATION_CONTEXT() REPRESENTATION_CONTEXT('2D SPACE',''
  ) );
#2064 = PCURVE('',#2065,#2070);
#2065 = B_SPLINE_SURFACE_WITH_KNOTS('',1,1,(
    (#2066,#2067)
    ,(#2068,#2069
    )),.UNSPECIFIED.,.F.,.F.,.F.,(2,2),(2,2),(-4.465895057845,
    7.551341073015),(-3.357580146741,6.942907965425),
  .PIECEWISE_BEZIER_KNOTS.);
#2066 = CARTESIAN_POINT('',(235.34009877466,148.,3.));
#2067 = CARTESIAN_POINT('',(225.03961066249,148.,3.));
#2068 = CARTESIAN_POINT('',(235.34009877466,148.,15.01723613086));
#2069 = CARTESIAN_POINT('',(225.03961066249,148.,15.01723613086));
#2070 = DEFINITIONAL_REPRESENTATION('',(#2071),#2074);
#2071 = B_SPLINE_CURVE_WITH_KNOTS('',1,(#2072,#2073),.UNSPECIFIED.,.F.,
  .F.,(2,2),(0.857142857143,9.268032850907),.PIECEWISE_BEZIER_KNOTS.);
#2072 = CARTESIAN_POINT('',(-4.465895057845,6.942907965424));
#2073 = CARTESIAN_POINT('',(-4.465895057845,-1.467982028339));
#2074 = ( GEOMETRIC_REPRESENTATION_CONTEXT(2) 
PARAMETRIC_REPRESENTATION_CONTEXT() REPRESENTATION_CONTEXT('2D SPACE',''
  ) );
#2075 = ORIENTED_EDGE('',*,*,#2076,.F.);
#2076 = EDGE_CURVE('',#529,#2051,#2077,.T.);
#2077 = SURFACE_CURVE('',#2078,(#2082,#2100),.PCURVE_S1.);
#2078 = ( BOUNDED_CURVE() B_SPLINE_CURVE(2,(#2079,#2080,#2081),
.UNSPECIFIED.,.F.,.F.) B_SPLINE_CURVE_WITH_KNOTS((3,3),(1.570796326795,
3.14159265359),.PIECEWISE_BEZIER_KNOTS.) CURVE() 
GEOMETRIC_REPRESENTATION_ITEM() RATIONAL_B_SPLINE_CURVE((1.,
0.707106781187,1.)) REPRESENTATION_ITEM('') );
#2079 = CARTESIAN_POINT('',(234.45050065625,147.,2.));
#2080 = CARTESIAN_POINT('',(233.45050065625,148.,2.));
#2081 = CARTESIAN_POINT('',(233.45050065625,148.,3.));
#2082 = PCURVE('',#568,#2083);
#2083 = DEFINITIONAL_REPRESENTATION('',(#2084),#2099);
#2084 = B_SPLINE_CURVE_WITH_KNOTS('',7,(#2085,#2086,#2087,#2088,#2089,
    #2090,#2091,#2092,#2093,#2094,#2095,#2096,#2097,#2098),
  .UNSPECIFIED.,.F.,.F.,(8,6,8),(1.570796326795,2.356194490192,
    3.14159265359),.UNSPECIFIED.);
#2085 = CARTESIAN_POINT('',(1.298578458051E-13,10.268032850903));
#2086 = CARTESIAN_POINT('',(0.11219973763,10.167017982573));
#2087 = CARTESIAN_POINT('',(0.22439947525,10.061068412287));
#2088 = CARTESIAN_POINT('',(0.336599212895,9.952295578116));
#2089 = CARTESIAN_POINT('',(0.4487989505,9.843776637238));
#2090 = CARTESIAN_POINT('',(0.560998688144,9.739845495288));
#2091 = CARTESIAN_POINT('',(0.673198425769,9.644610195621));
#2092 = CARTESIAN_POINT('',(0.897597901026,9.477242011199));
#2093 = CARTESIAN_POINT('',(1.009797638657,9.405114998512));
#2094 = CARTESIAN_POINT('',(1.121997376276,9.347401118922));
#2095 = CARTESIAN_POINT('',(1.234197113914,9.305835865508));
#2096 = CARTESIAN_POINT('',(1.346396851535,9.279938820254));
#2097 = CARTESIAN_POINT('',(1.458596589169,9.268032666023));
#2098 = CARTESIAN_POINT('',(1.570796326795,9.268032850904));
#2099 = ( GEOMETRIC_REPRESENTATION_CONTEXT(2) 
PARAMETRIC_REPRESENTATION_CONTEXT() REPRESENTATION_CONTEXT('2D SPACE',''
  ) );
#2100 = PCURVE('',#542,#2101);
#2101 = DEFINITIONAL_REPRESENTATION('',(#2102),#2120);
#2102 = B_SPLINE_CURVE_WITH_KNOTS('',8,(#2103,#2104,#2105,#2106,#2107,
    #2108,#2109,#2110,#2111,#2112,#2113,#2114,#2115,#2116,#2117,#2118,
    #2119),.UNSPECIFIED.,.F.,.F.,(9,8,9),(1.570796326795,2.356194490192,
    3.14159265359),.PIECEWISE_BEZIER_KNOTS.);
#2103 = CARTESIAN_POINT('',(2.33911067612E-13,-1.));
#2104 = CARTESIAN_POINT('',(0.112709574356,-0.911611663419));
#2105 = CARTESIAN_POINT('',(0.222527658195,-0.819524891694));
#2106 = CARTESIAN_POINT('',(0.329584065338,-0.725047726741));
#2107 = CARTESIAN_POINT('',(0.433999284556,-0.63000966171));
#2108 = CARTESIAN_POINT('',(0.535885527052,-0.536764793376));
#2109 = CARTESIAN_POINT('',(0.635347583756,-0.448005758381));
#2110 = CARTESIAN_POINT('',(0.732483555436,-0.366116501875));
#2111 = CARTESIAN_POINT('',(0.827385476227,-0.292893218813));
#2112 = CARTESIAN_POINT('',(0.922287397017,-0.219669667597));
#2113 = CARTESIAN_POINT('',(1.014955266965,-0.155113900799));
#2114 = CARTESIAN_POINT('',(1.105481120103,-0.101010972867));
#2115 = CARTESIAN_POINT('',(1.193950924654,-5.858564133952E-02));
#2116 = CARTESIAN_POINT('',(1.280445206373,-2.80916226625E-02));
#2117 = CARTESIAN_POINT('',(1.365039572478,-8.929430758268E-03));
#2118 = CARTESIAN_POINT('',(1.447805157696,1.617817849139E-07));
#2119 = CARTESIAN_POINT('',(1.528809013966,8.34898091969E-16));
#2120 = ( GEOMETRIC_REPRESENTATION_CONTEXT(2) 
PARAMETRIC_REPRESENTATION_CONTEXT() REPRESENTATION_CONTEXT('2D SPACE',''
  ) );
#2121 = ORIENTED_EDGE('',*,*,#556,.F.);
#2122 = ADVANCED_FACE('',(#2123),#514,.T.);
#2123 = FACE_BOUND('',#2124,.T.);
#2124 = EDGE_LOOP('',(#2125,#2126,#2154,#2180,#2226));
#2125 = ORIENTED_EDGE('',*,*,#1986,.T.);
#2126 = ORIENTED_EDGE('',*,*,#2127,.T.);
#2127 = EDGE_CURVE('',#1961,#2128,#2130,.T.);
#2128 = VERTEX_POINT('',#2129);
#2129 = CARTESIAN_POINT('',(225.03961066249,152.,3.));
#2130 = SURFACE_CURVE('',#2131,(#2135,#2147),.PCURVE_S1.);
#2131 = ( BOUNDED_CURVE() B_SPLINE_CURVE(2,(#2132,#2133,#2134),
.UNSPECIFIED.,.F.,.F.) B_SPLINE_CURVE_WITH_KNOTS((3,3),(4.003762708259,
4.712388980385),.PIECEWISE_BEZIER_KNOTS.) CURVE() 
GEOMETRIC_REPRESENTATION_ITEM() RATIONAL_B_SPLINE_CURVE((1.,
0.937885014905,1.)) REPRESENTATION_ITEM('') );
#2132 = CARTESIAN_POINT('',(224.48178948524,152.24074339763,
    2.349208626545));
#2133 = CARTESIAN_POINT('',(224.72253288288,152.,2.630075923785));
#2134 = CARTESIAN_POINT('',(225.03961066249,152.,3.));
#2135 = PCURVE('',#514,#2136);
#2136 = DEFINITIONAL_REPRESENTATION('',(#2137),#2146);
#2137 = B_SPLINE_CURVE_WITH_KNOTS('',7,(#2138,#2139,#2140,#2141,#2142,
    #2143,#2144,#2145),.UNSPECIFIED.,.F.,.F.,(8,8),(4.003762708259,
    4.712388980385),.PIECEWISE_BEZIER_KNOTS.);
#2138 = CARTESIAN_POINT('',(0.85821825018,0.299321679896));
#2139 = CARTESIAN_POINT('',(0.952335624646,0.363832937631));
#2140 = CARTESIAN_POINT('',(1.048819718175,0.436075371681));
#2141 = CARTESIAN_POINT('',(1.147777657277,0.515018767755));
#2142 = CARTESIAN_POINT('',(1.24932464917,0.598945329107));
#2143 = CARTESIAN_POINT('',(1.353585000941,0.685450988436));
#2144 = CARTESIAN_POINT('',(1.460693357907,0.772176393637));
#2145 = CARTESIAN_POINT('',(1.570796326795,0.857142857143));
#2146 = ( GEOMETRIC_REPRESENTATION_CONTEXT(2) 
PARAMETRIC_REPRESENTATION_CONTEXT() REPRESENTATION_CONTEXT('2D SPACE',''
  ) );
#2147 = PCURVE('',#1975,#2148);
#2148 = DEFINITIONAL_REPRESENTATION('',(#2149),#2153);
#2149 = ( BOUNDED_CURVE() B_SPLINE_CURVE(2,(#2150,#2151,#2152),
.UNSPECIFIED.,.F.,.F.) B_SPLINE_CURVE_WITH_KNOTS((3,3),(4.003762708259,
4.712388980385),.PIECEWISE_BEZIER_KNOTS.) CURVE() 
GEOMETRIC_REPRESENTATION_ITEM() RATIONAL_B_SPLINE_CURVE((1.,
0.937885014905,1.)) REPRESENTATION_ITEM('') );
#2150 = CARTESIAN_POINT('',(-8.866812534074,-2.240743397634));
#2151 = CARTESIAN_POINT('',(-8.496888457859,-2.));
#2152 = CARTESIAN_POINT('',(-8.009669676932,-2.));
#2153 = ( GEOMETRIC_REPRESENTATION_CONTEXT(2) 
PARAMETRIC_REPRESENTATION_CONTEXT() REPRESENTATION_CONTEXT('2D SPACE',''
  ) );
#2154 = ORIENTED_EDGE('',*,*,#2155,.T.);
#2155 = EDGE_CURVE('',#2128,#2156,#2158,.T.);
#2156 = VERTEX_POINT('',#2157);
#2157 = CARTESIAN_POINT('',(233.45050065625,152.,3.));
#2158 = SURFACE_CURVE('',#2159,(#2162,#2169),.PCURVE_S1.);
#2159 = B_SPLINE_CURVE_WITH_KNOTS('',1,(#2160,#2161),.UNSPECIFIED.,.F.,
  .F.,(2,2),(0.857142857143,9.268032850907),.PIECEWISE_BEZIER_KNOTS.);
#2160 = CARTESIAN_POINT('',(225.03961066249,152.,3.));
#2161 = CARTESIAN_POINT('',(233.45050065625,152.,3.));
#2162 = PCURVE('',#514,#2163);
#2163 = DEFINITIONAL_REPRESENTATION('',(#2164),#2168);
#2164 = B_SPLINE_CURVE_WITH_KNOTS('',2,(#2165,#2166,#2167),
  .UNSPECIFIED.,.F.,.F.,(3,3),(0.857142857143,9.268032850906),
  .PIECEWISE_BEZIER_KNOTS.);
#2165 = CARTESIAN_POINT('',(1.570796326795,0.857142857143));
#2166 = CARTESIAN_POINT('',(1.570796326795,5.062587854025));
#2167 = CARTESIAN_POINT('',(1.570796326795,9.268032850906));
#2168 = ( GEOMETRIC_REPRESENTATION_CONTEXT(2) 
PARAMETRIC_REPRESENTATION_CONTEXT() REPRESENTATION_CONTEXT('2D SPACE',''
  ) );
#2169 = PCURVE('',#2170,#2175);
#2170 = B_SPLINE_SURFACE_WITH_KNOTS('',1,1,(
    (#2171,#2172)
    ,(#2173,#2174
    )),.UNSPECIFIED.,.F.,.F.,.F.,(2,2),(2,2),(-4.465895057845,
    7.551341073015),(-3.357580146741,6.942907965425),
  .PIECEWISE_BEZIER_KNOTS.);
#2171 = CARTESIAN_POINT('',(235.34009877466,152.,3.));
#2172 = CARTESIAN_POINT('',(225.03961066249,152.,3.));
#2173 = CARTESIAN_POINT('',(235.34009877466,152.,15.01723613086));
#2174 = CARTESIAN_POINT('',(225.03961066249,152.,15.01723613086));
#2175 = DEFINITIONAL_REPRESENTATION('',(#2176),#2179);
#2176 = B_SPLINE_CURVE_WITH_KNOTS('',1,(#2177,#2178),.UNSPECIFIED.,.F.,
  .F.,(2,2),(0.857142857143,9.268032850907),.PIECEWISE_BEZIER_KNOTS.);
#2177 = CARTESIAN_POINT('',(-4.465895057845,6.942907965424));
#2178 = CARTESIAN_POINT('',(-4.465895057845,-1.467982028339));
#2179 = ( GEOMETRIC_REPRESENTATION_CONTEXT(2) 
PARAMETRIC_REPRESENTATION_CONTEXT() REPRESENTATION_CONTEXT('2D SPACE',''
  ) );
#2180 = ORIENTED_EDGE('',*,*,#2181,.F.);
#2181 = EDGE_CURVE('',#501,#2156,#2182,.T.);
#2182 = SURFACE_CURVE('',#2183,(#2187,#2205),.PCURVE_S1.);
#2183 = ( BOUNDED_CURVE() B_SPLINE_CURVE(2,(#2184,#2185,#2186),
.UNSPECIFIED.,.F.,.F.) B_SPLINE_CURVE_WITH_KNOTS((3,3),(1.570796326795,
3.14159265359),.PIECEWISE_BEZIER_KNOTS.) CURVE() 
GEOMETRIC_REPRESENTATION_ITEM() RATIONAL_B_SPLINE_CURVE((1.,
0.707106781187,1.)) REPRESENTATION_ITEM('') );
#2184 = CARTESIAN_POINT('',(234.45050065625,153.,2.));
#2185 = CARTESIAN_POINT('',(233.45050065625,152.,2.));
#2186 = CARTESIAN_POINT('',(233.45050065625,152.,3.));
#2187 = PCURVE('',#514,#2188);
#2188 = DEFINITIONAL_REPRESENTATION('',(#2189),#2204);
#2189 = B_SPLINE_CURVE_WITH_KNOTS('',7,(#2190,#2191,#2192,#2193,#2194,
    #2195,#2196,#2197,#2198,#2199,#2200,#2201,#2202,#2203),
  .UNSPECIFIED.,.F.,.F.,(8,6,8),(1.570796326795,2.356194490192,
    3.14159265359),.UNSPECIFIED.);
#2190 = CARTESIAN_POINT('',(1.614264277805E-13,10.268032850903));
#2191 = CARTESIAN_POINT('',(0.11219973763,10.167017982559));
#2192 = CARTESIAN_POINT('',(0.224399475252,10.061068412376));
#2193 = CARTESIAN_POINT('',(0.336599212893,9.952295578062));
#2194 = CARTESIAN_POINT('',(0.448798950502,9.843776637358));
#2195 = CARTESIAN_POINT('',(0.560998688145,9.739845495266));
#2196 = CARTESIAN_POINT('',(0.673198425769,9.644610195631));
#2197 = CARTESIAN_POINT('',(0.89759790103,9.477242011204));
#2198 = CARTESIAN_POINT('',(1.009797638644,9.405114998522));
#2199 = CARTESIAN_POINT('',(1.121997376311,9.347401118958));
#2200 = CARTESIAN_POINT('',(1.234197113877,9.305835865589));
#2201 = CARTESIAN_POINT('',(1.34639685155,9.279938820213));
#2202 = CARTESIAN_POINT('',(1.458596589166,9.268032666018));
#2203 = CARTESIAN_POINT('',(1.570796326795,9.268032850904));
#2204 = ( GEOMETRIC_REPRESENTATION_CONTEXT(2) 
PARAMETRIC_REPRESENTATION_CONTEXT() REPRESENTATION_CONTEXT('2D SPACE',''
  ) );
#2205 = PCURVE('',#542,#2206);
#2206 = DEFINITIONAL_REPRESENTATION('',(#2207),#2225);
#2207 = B_SPLINE_CURVE_WITH_KNOTS('',8,(#2208,#2209,#2210,#2211,#2212,
    #2213,#2214,#2215,#2216,#2217,#2218,#2219,#2220,#2221,#2222,#2223,
    #2224),.UNSPECIFIED.,.F.,.F.,(9,8,9),(1.570796326795,2.356194490192,
    3.14159265359),.PIECEWISE_BEZIER_KNOTS.);
#2208 = CARTESIAN_POINT('',(2.33911067612E-13,5.));
#2209 = CARTESIAN_POINT('',(0.112709574352,4.911611663396));
#2210 = CARTESIAN_POINT('',(0.222527658217,4.819524891859));
#2211 = CARTESIAN_POINT('',(0.329584065259,4.725047726162));
#2212 = CARTESIAN_POINT('',(0.433999284689,4.630009661237));
#2213 = CARTESIAN_POINT('',(0.535885526982,4.536764792967));
#2214 = CARTESIAN_POINT('',(0.635347583779,4.448005758502));
#2215 = CARTESIAN_POINT('',(0.73248355543,4.366116501864));
#2216 = CARTESIAN_POINT('',(0.827385476227,4.292893218813));
#2217 = CARTESIAN_POINT('',(0.922287397019,4.219669667599));
#2218 = CARTESIAN_POINT('',(1.014955266962,4.155113900818));
#2219 = CARTESIAN_POINT('',(1.105481120106,4.101010972846));
#2220 = CARTESIAN_POINT('',(1.193950924649,4.05858564133));
#2221 = CARTESIAN_POINT('',(1.280445206366,4.028091622676));
#2222 = CARTESIAN_POINT('',(1.365039572484,4.008929430751));
#2223 = CARTESIAN_POINT('',(1.447805157695,3.999999838225));
#2224 = CARTESIAN_POINT('',(1.528809013966,4.));
#2225 = ( GEOMETRIC_REPRESENTATION_CONTEXT(2) 
PARAMETRIC_REPRESENTATION_CONTEXT() REPRESENTATION_CONTEXT('2D SPACE',''
  ) );
#2226 = ORIENTED_EDGE('',*,*,#500,.F.);
#2227 = ADVANCED_FACE('',(#2228),#542,.F.);
#2228 = FACE_BOUND('',#2229,.F.);
#2229 = EDGE_LOOP('',(#2230,#2231,#2258,#2284,#2309,#2310));
#2230 = ORIENTED_EDGE('',*,*,#2076,.T.);
#2231 = ORIENTED_EDGE('',*,*,#2232,.T.);
#2232 = EDGE_CURVE('',#2051,#2233,#2235,.T.);
#2233 = VERTEX_POINT('',#2234);
#2234 = CARTESIAN_POINT('',(233.74339387507,148.,3.707106781187));
#2235 = SURFACE_CURVE('',#2236,(#2240,#2251),.PCURVE_S1.);
#2236 = ( BOUNDED_CURVE() B_SPLINE_CURVE(2,(#2237,#2238,#2239),
.UNSPECIFIED.,.F.,.F.) B_SPLINE_CURVE_WITH_KNOTS((3,3),(4.712388980385,
5.497787143782),.PIECEWISE_BEZIER_KNOTS.) CURVE() 
GEOMETRIC_REPRESENTATION_ITEM() RATIONAL_B_SPLINE_CURVE((1.,
0.923879532511,1.)) REPRESENTATION_ITEM('') );
#2237 = CARTESIAN_POINT('',(233.45050065625,148.,3.));
#2238 = CARTESIAN_POINT('',(233.45050065625,148.,3.414213562373));
#2239 = CARTESIAN_POINT('',(233.74339387507,148.,3.707106781187));
#2240 = PCURVE('',#542,#2241);
#2241 = DEFINITIONAL_REPRESENTATION('',(#2242),#2250);
#2242 = B_SPLINE_CURVE_WITH_KNOTS('',6,(#2243,#2244,#2245,#2246,#2247,
    #2248,#2249),.UNSPECIFIED.,.F.,.F.,(7,7),(4.712388980385,
    5.497787143782),.PIECEWISE_BEZIER_KNOTS.);
#2243 = CARTESIAN_POINT('',(1.528809013966,5.29286698109E-16));
#2244 = CARTESIAN_POINT('',(1.645712916364,3.49420776753E-14));
#2245 = CARTESIAN_POINT('',(1.769736011643,6.398771555654E-14));
#2246 = CARTESIAN_POINT('',(1.901690339138,-1.758470769939E-13));
#2247 = CARTESIAN_POINT('',(2.042556085684,1.873328658607E-13));
#2248 = CARTESIAN_POINT('',(2.193533227344,-1.066966921508E-13));
#2249 = CARTESIAN_POINT('',(2.356194490192,3.842983305597E-28));
#2250 = ( GEOMETRIC_REPRESENTATION_CONTEXT(2) 
PARAMETRIC_REPRESENTATION_CONTEXT() REPRESENTATION_CONTEXT('2D SPACE',''
  ) );
#2251 = PCURVE('',#2065,#2252);
#2252 = DEFINITIONAL_REPRESENTATION('',(#2253),#2257);
#2253 = ( BOUNDED_CURVE() B_SPLINE_CURVE(2,(#2254,#2255,#2256),
.UNSPECIFIED.,.F.,.F.) B_SPLINE_CURVE_WITH_KNOTS((3,3),(4.712388980385,
5.497787143782),.PIECEWISE_BEZIER_KNOTS.) CURVE() 
GEOMETRIC_REPRESENTATION_ITEM() RATIONAL_B_SPLINE_CURVE((1.,
0.923879532511,1.)) REPRESENTATION_ITEM('') );
#2254 = CARTESIAN_POINT('',(-4.465895057845,-1.467982028336));
#2255 = CARTESIAN_POINT('',(-4.051681495471,-1.467982028336));
#2256 = CARTESIAN_POINT('',(-3.758788276658,-1.76087524715));
#2257 = ( GEOMETRIC_REPRESENTATION_CONTEXT(2) 
PARAMETRIC_REPRESENTATION_CONTEXT() REPRESENTATION_CONTEXT('2D SPACE',''
  ) );
#2258 = ORIENTED_EDGE('',*,*,#2259,.T.);
#2259 = EDGE_CURVE('',#2233,#2260,#2262,.T.);
#2260 = VERTEX_POINT('',#2261);
#2261 = CARTESIAN_POINT('',(233.74339387507,152.,3.707106781187));
#2262 = SURFACE_CURVE('',#2263,(#2266,#2273),.PCURVE_S1.);
#2263 = B_SPLINE_CURVE_WITH_KNOTS('',1,(#2264,#2265),.UNSPECIFIED.,.F.,
  .F.,(2,2),(-4.539896453678E-16,4.),.PIECEWISE_BEZIER_KNOTS.);
#2264 = CARTESIAN_POINT('',(233.74339387507,148.,3.707106781187));
#2265 = CARTESIAN_POINT('',(233.74339387507,152.,3.707106781187));
#2266 = PCURVE('',#542,#2267);
#2267 = DEFINITIONAL_REPRESENTATION('',(#2268),#2272);
#2268 = B_SPLINE_CURVE_WITH_KNOTS('',2,(#2269,#2270,#2271),
  .UNSPECIFIED.,.F.,.F.,(3,3),(-4.539896453678E-16,4.),
  .PIECEWISE_BEZIER_KNOTS.);
#2269 = CARTESIAN_POINT('',(2.356194490192,-4.53989645366E-16));
#2270 = CARTESIAN_POINT('',(2.356194490192,2.));
#2271 = CARTESIAN_POINT('',(2.356194490192,4.));
#2272 = ( GEOMETRIC_REPRESENTATION_CONTEXT(2) 
PARAMETRIC_REPRESENTATION_CONTEXT() REPRESENTATION_CONTEXT('2D SPACE',''
  ) );
#2273 = PCURVE('',#2274,#2279);
#2274 = B_SPLINE_SURFACE_WITH_KNOTS('',1,1,(
    (#2275,#2276)
    ,(#2277,#2278
    )),.UNSPECIFIED.,.F.,.F.,.F.,(2,2),(2,2),(-0.414213562373,
    0.604337930246),(-2.,2.),.PIECEWISE_BEZIER_KNOTS.);
#2275 = CARTESIAN_POINT('',(233.74339387507,152.,3.707106781187));
#2276 = CARTESIAN_POINT('',(233.74339387507,148.,3.707106781187));
#2277 = CARTESIAN_POINT('',(234.46361854248,152.,4.427331448605));
#2278 = CARTESIAN_POINT('',(234.46361854248,148.,4.427331448605));
#2279 = DEFINITIONAL_REPRESENTATION('',(#2280),#2283);
#2280 = B_SPLINE_CURVE_WITH_KNOTS('',1,(#2281,#2282),.UNSPECIFIED.,.F.,
  .F.,(2,2),(-4.539896453678E-16,4.),.PIECEWISE_BEZIER_KNOTS.);
#2281 = CARTESIAN_POINT('',(-0.414213562373,2.));
#2282 = CARTESIAN_POINT('',(-0.414213562373,-2.));
#2283 = ( GEOMETRIC_REPRESENTATION_CONTEXT(2) 
PARAMETRIC_REPRESENTATION_CONTEXT() REPRESENTATION_CONTEXT('2D SPACE',''
  ) );
#2284 = ORIENTED_EDGE('',*,*,#2285,.F.);
#2285 = EDGE_CURVE('',#2156,#2260,#2286,.T.);
#2286 = SURFACE_CURVE('',#2287,(#2291,#2302),.PCURVE_S1.);
#2287 = ( BOUNDED_CURVE() B_SPLINE_CURVE(2,(#2288,#2289,#2290),
.UNSPECIFIED.,.F.,.F.) B_SPLINE_CURVE_WITH_KNOTS((3,3),(4.712388980385,
5.497787143782),.PIECEWISE_BEZIER_KNOTS.) CURVE() 
GEOMETRIC_REPRESENTATION_ITEM() RATIONAL_B_SPLINE_CURVE((1.,
0.923879532511,1.)) REPRESENTATION_ITEM('') );
#2288 = CARTESIAN_POINT('',(233.45050065625,152.,3.));
#2289 = CARTESIAN_POINT('',(233.45050065625,152.,3.414213562373));
#2290 = CARTESIAN_POINT('',(233.74339387507,152.,3.707106781187));
#2291 = PCURVE('',#542,#2292);
#2292 = DEFINITIONAL_REPRESENTATION('',(#2293),#2301);
#2293 = B_SPLINE_CURVE_WITH_KNOTS('',6,(#2294,#2295,#2296,#2297,#2298,
    #2299,#2300),.UNSPECIFIED.,.F.,.F.,(7,7),(4.712388980385,
    5.497787143782),.PIECEWISE_BEZIER_KNOTS.);
#2294 = CARTESIAN_POINT('',(1.528809013966,4.));
#2295 = CARTESIAN_POINT('',(1.645712916364,4.000000000001));
#2296 = CARTESIAN_POINT('',(1.769736011643,3.999999999998));
#2297 = CARTESIAN_POINT('',(1.901690339138,4.));
#2298 = CARTESIAN_POINT('',(2.042556085684,3.999999999999));
#2299 = CARTESIAN_POINT('',(2.193533227344,4.000000000001));
#2300 = CARTESIAN_POINT('',(2.356194490192,4.));
#2301 = ( GEOMETRIC_REPRESENTATION_CONTEXT(2) 
PARAMETRIC_REPRESENTATION_CONTEXT() REPRESENTATION_CONTEXT('2D SPACE',''
  ) );
#2302 = PCURVE('',#2170,#2303);
#2303 = DEFINITIONAL_REPRESENTATION('',(#2304),#2308);
#2304 = ( BOUNDED_CURVE() B_SPLINE_CURVE(2,(#2305,#2306,#2307),
.UNSPECIFIED.,.F.,.F.) B_SPLINE_CURVE_WITH_KNOTS((3,3),(4.712388980385,
5.497787143782),.PIECEWISE_BEZIER_KNOTS.) CURVE() 
GEOMETRIC_REPRESENTATION_ITEM() RATIONAL_B_SPLINE_CURVE((1.,
0.923879532511,1.)) REPRESENTATION_ITEM('') );
#2305 = CARTESIAN_POINT('',(-4.465895057845,-1.467982028336));
#2306 = CARTESIAN_POINT('',(-4.051681495471,-1.467982028336));
#2307 = CARTESIAN_POINT('',(-3.758788276658,-1.76087524715));
#2308 = ( GEOMETRIC_REPRESENTATION_CONTEXT(2) 
PARAMETRIC_REPRESENTATION_CONTEXT() REPRESENTATION_CONTEXT('2D SPACE',''
  ) );
#2309 = ORIENTED_EDGE('',*,*,#2181,.F.);
#2310 = ORIENTED_EDGE('',*,*,#528,.F.);
#2311 = ADVANCED_FACE('',(#2312),#608,.T.);
#2312 = FACE_BOUND('',#2313,.T.);
#2313 = EDGE_LOOP('',(#2314,#2337,#2338,#2339));
#2314 = ORIENTED_EDGE('',*,*,#2315,.F.);
#2315 = EDGE_CURVE('',#585,#2316,#2318,.T.);
#2316 = VERTEX_POINT('',#2317);
#2317 = CARTESIAN_POINT('',(263.96371290611,150.,3.));
#2318 = SEAM_CURVE('',#2319,(#2323,#2330),.PCURVE_S1.);
#2319 = ( BOUNDED_CURVE() B_SPLINE_CURVE(2,(#2320,#2321,#2322),
.UNSPECIFIED.,.F.,.F.) B_SPLINE_CURVE_WITH_KNOTS((3,3),(1.570796326795,
3.14159265359),.PIECEWISE_BEZIER_KNOTS.) CURVE() 
GEOMETRIC_REPRESENTATION_ITEM() RATIONAL_B_SPLINE_CURVE((1.,
0.707106781187,1.)) REPRESENTATION_ITEM('') );
#2320 = CARTESIAN_POINT('',(264.96371290611,150.,2.));
#2321 = CARTESIAN_POINT('',(263.96371290611,150.,2.));
#2322 = CARTESIAN_POINT('',(263.96371290611,150.,3.));
#2323 = PCURVE('',#608,#2324);
#2324 = DEFINITIONAL_REPRESENTATION('',(#2325),#2329);
#2325 = B_SPLINE_CURVE_WITH_KNOTS('',2,(#2326,#2327,#2328),
  .UNSPECIFIED.,.F.,.F.,(3,3),(1.570796326795,3.14159265359),
  .PIECEWISE_BEZIER_KNOTS.);
#2326 = CARTESIAN_POINT('',(0.,1.570796326795));
#2327 = CARTESIAN_POINT('',(1.589316879757E-15,2.356194490192));
#2328 = CARTESIAN_POINT('',(0.,3.14159265359));
#2329 = ( GEOMETRIC_REPRESENTATION_CONTEXT(2) 
PARAMETRIC_REPRESENTATION_CONTEXT() REPRESENTATION_CONTEXT('2D SPACE',''
  ) );
#2330 = PCURVE('',#608,#2331);
#2331 = DEFINITIONAL_REPRESENTATION('',(#2332),#2336);
#2332 = B_SPLINE_CURVE_WITH_KNOTS('',2,(#2333,#2334,#2335),
  .UNSPECIFIED.,.F.,.F.,(3,3),(1.570796326795,3.14159265359),
  .PIECEWISE_BEZIER_KNOTS.);
#2333 = CARTESIAN_POINT('',(6.28318530718,1.570796326795));
#2334 = CARTESIAN_POINT('',(6.28318530718,2.356194490192));
#2335 = CARTESIAN_POINT('',(6.28318530718,3.14159265359));
#2336 = ( GEOMETRIC_REPRESENTATION_CONTEXT(2) 
PARAMETRIC_REPRESENTATION_CONTEXT() REPRESENTATION_CONTEXT('2D SPACE',''
  ) );
#2337 = ORIENTED_EDGE('',*,*,#584,.T.);
#2338 = ORIENTED_EDGE('',*,*,#2315,.T.);
#2339 = ORIENTED_EDGE('',*,*,#2340,.F.);
#2340 = EDGE_CURVE('',#2316,#2316,#2341,.T.);
#2341 = SURFACE_CURVE('',#2342,(#2350,#2361),.PCURVE_S1.);
#2342 = ( BOUNDED_CURVE() B_SPLINE_CURVE(2,(#2343,#2344,#2345,#2346,
#2347,#2348,#2349),.UNSPECIFIED.,.T.,.F.) B_SPLINE_CURVE_WITH_KNOTS((3,2
    ,2,3),(0.,2.094395102393,4.188790204786,6.28318530718),
.PIECEWISE_BEZIER_KNOTS.) CURVE() GEOMETRIC_REPRESENTATION_ITEM() 
RATIONAL_B_SPLINE_CURVE((1.,0.5,1.,0.5,1.,0.5,1.)) REPRESENTATION_ITEM(
  '') );
#2343 = CARTESIAN_POINT('',(263.96371290611,150.,3.));
#2344 = CARTESIAN_POINT('',(263.96371290611,174.1858602157,3.));
#2345 = CARTESIAN_POINT('',(243.01814354694,162.09293010785,3.));
#2346 = CARTESIAN_POINT('',(222.07257418776,150.,3.));
#2347 = CARTESIAN_POINT('',(243.01814354694,137.90706989215,3.));
#2348 = CARTESIAN_POINT('',(263.96371290611,125.8141397843,3.));
#2349 = CARTESIAN_POINT('',(263.96371290611,150.,3.));
#2350 = PCURVE('',#608,#2351);
#2351 = DEFINITIONAL_REPRESENTATION('',(#2352),#2360);
#2352 = B_SPLINE_CURVE_WITH_KNOTS('',2,(#2353,#2354,#2355,#2356,#2357,
    #2358,#2359),.UNSPECIFIED.,.F.,.F.,(3,2,2,3),(0.,2.094395102393,
    4.188790204786,6.28318530718),.UNSPECIFIED.);
#2353 = CARTESIAN_POINT('',(0.,3.14159265359));
#2354 = CARTESIAN_POINT('',(1.047197551197,3.14159265359));
#2355 = CARTESIAN_POINT('',(2.094395102393,3.14159265359));
#2356 = CARTESIAN_POINT('',(3.14159265359,3.14159265359));
#2357 = CARTESIAN_POINT('',(4.188790204786,3.14159265359));
#2358 = CARTESIAN_POINT('',(5.235987755983,3.14159265359));
#2359 = CARTESIAN_POINT('',(6.28318530718,3.14159265359));
#2360 = ( GEOMETRIC_REPRESENTATION_CONTEXT(2) 
PARAMETRIC_REPRESENTATION_CONTEXT() REPRESENTATION_CONTEXT('2D SPACE',''
  ) );
#2361 = PCURVE('',#2362,#2381);
#2362 = ( BOUNDED_SURFACE() B_SPLINE_SURFACE(2,1,(
    (#2363,#2364)
    ,(#2365,#2366)
    ,(#2367,#2368)
    ,(#2369,#2370)
    ,(#2371,#2372)
    ,(#2373,#2374)
    ,(#2375,#2376)
    ,(#2377,#2378)
    ,(#2379,#2380
)),.UNSPECIFIED.,.T.,.F.,.F.) B_SPLINE_SURFACE_WITH_KNOTS((3,2,2,2,3),(2
    ,2),(-1.265959062606E-08,8.300420839789E-17,2.094395102393,
    4.188790204786,6.28318529452),(3.,25.94684167136),.UNSPECIFIED.) 
GEOMETRIC_REPRESENTATION_ITEM() RATIONAL_B_SPLINE_SURFACE((
    (0.999999993955,0.999999993955)
    ,(0.999999996978,0.999999996978)
    ,(1.,1.)
    ,(0.5,0.5)
    ,(1.,1.)
    ,(0.5,0.5)
    ,(1.,1.)
    ,(0.500000003022,0.500000003022)
,(0.999999993955,0.999999993955))) REPRESENTATION_ITEM('') SURFACE() );
#2363 = CARTESIAN_POINT('',(263.96371290611,149.9999998538,3.));
#2364 = CARTESIAN_POINT('',(263.96371290611,149.9999998538,
    25.94684167136));
#2365 = CARTESIAN_POINT('',(263.96371290611,149.9999999269,3.));
#2366 = CARTESIAN_POINT('',(263.96371290611,149.9999999269,
    25.94684167136));
#2367 = CARTESIAN_POINT('',(263.96371290611,150.,3.));
#2368 = CARTESIAN_POINT('',(263.96371290611,150.,25.94684167136));
#2369 = CARTESIAN_POINT('',(263.96371290611,174.1858602157,3.));
#2370 = CARTESIAN_POINT('',(263.96371290611,174.1858602157,
    25.94684167136));
#2371 = CARTESIAN_POINT('',(243.01814354694,162.09293010785,3.));
#2372 = CARTESIAN_POINT('',(243.01814354694,162.09293010785,
    25.94684167136));
#2373 = CARTESIAN_POINT('',(222.07257418776,150.,3.));
#2374 = CARTESIAN_POINT('',(222.07257418776,150.,25.94684167136));
#2375 = CARTESIAN_POINT('',(243.01814354694,137.90706989215,3.));
#2376 = CARTESIAN_POINT('',(243.01814354694,137.90706989215,
    25.94684167136));
#2377 = CARTESIAN_POINT('',(263.9637126529,125.81413993049,3.));
#2378 = CARTESIAN_POINT('',(263.9637126529,125.81413993049,
    25.94684167136));
#2379 = CARTESIAN_POINT('',(263.96371290611,149.9999998538,3.));
#2380 = CARTESIAN_POINT('',(263.96371290611,149.9999998538,
    25.94684167136));
#2381 = DEFINITIONAL_REPRESENTATION('',(#2382),#2390);
#2382 = B_SPLINE_CURVE_WITH_KNOTS('',2,(#2383,#2384,#2385,#2386,#2387,
    #2388,#2389),.UNSPECIFIED.,.F.,.F.,(3,2,2,3),(0.,2.094395102393,
    4.188790204786,6.28318530718),.UNSPECIFIED.);
#2383 = CARTESIAN_POINT('',(2.461201829455E-15,3.));
#2384 = CARTESIAN_POINT('',(1.047197551197,3.));
#2385 = CARTESIAN_POINT('',(2.094395102393,3.));
#2386 = CARTESIAN_POINT('',(3.14159265359,3.));
#2387 = CARTESIAN_POINT('',(4.188790204786,3.));
#2388 = CARTESIAN_POINT('',(5.235987755983,3.));
#2389 = CARTESIAN_POINT('',(6.28318530718,3.));
#2390 = ( GEOMETRIC_REPRESENTATION_CONTEXT(2) 
PARAMETRIC_REPRESENTATION_CONTEXT() REPRESENTATION_CONTEXT('2D SPACE',''
  ) );
#2391 = ADVANCED_FACE('',(#2392),#659,.F.);
#2392 = FACE_BOUND('',#2393,.F.);
#2393 = EDGE_LOOP('',(#2394,#2427,#2453,#2484));
#2394 = ORIENTED_EDGE('',*,*,#2395,.T.);
#2395 = EDGE_CURVE('',#644,#2396,#2398,.T.);
#2396 = VERTEX_POINT('',#2397);
#2397 = CARTESIAN_POINT('',(275.51821051475,147.75925660236,
    2.349208626544));
#2398 = SURFACE_CURVE('',#2399,(#2403,#2415),.PCURVE_S1.);
#2399 = ( BOUNDED_CURVE() B_SPLINE_CURVE(2,(#2400,#2401,#2402),
.UNSPECIFIED.,.F.,.F.) B_SPLINE_CURVE_WITH_KNOTS((3,3),(4.712388980385,
5.574559035053),.PIECEWISE_BEZIER_KNOTS.) CURVE() 
GEOMETRIC_REPRESENTATION_ITEM() RATIONAL_B_SPLINE_CURVE((1.,
0.908512898493,1.)) REPRESENTATION_ITEM('') );
#2400 = CARTESIAN_POINT('',(276.27746711711,147.,2.));
#2401 = CARTESIAN_POINT('',(275.81753219464,147.45993492247,2.));
#2402 = CARTESIAN_POINT('',(275.51821051475,147.75925660236,
    2.349208626545));
#2403 = PCURVE('',#659,#2404);
#2404 = DEFINITIONAL_REPRESENTATION('',(#2405),#2414);
#2405 = B_SPLINE_CURVE_WITH_KNOTS('',7,(#2406,#2407,#2408,#2409,#2410,
    #2411,#2412,#2413),.UNSPECIFIED.,.F.,.F.,(8,8),(4.712388980385,
    5.574559035053),.PIECEWISE_BEZIER_KNOTS.);
#2406 = CARTESIAN_POINT('',(0.,-1.));
#2407 = CARTESIAN_POINT('',(0.123167150667,-0.880612099965));
#2408 = CARTESIAN_POINT('',(0.246334301332,-0.757585337401));
#2409 = CARTESIAN_POINT('',(0.369501452004,-0.634880460789));
#2410 = CARTESIAN_POINT('',(0.492668602661,-0.517608380529));
#2411 = CARTESIAN_POINT('',(0.615835753337,-0.411134688804));
#2412 = CARTESIAN_POINT('',(0.739002904001,-0.318439430917));
#2413 = CARTESIAN_POINT('',(0.862170054668,-0.240743397634));
#2414 = ( GEOMETRIC_REPRESENTATION_CONTEXT(2) 
PARAMETRIC_REPRESENTATION_CONTEXT() REPRESENTATION_CONTEXT('2D SPACE',''
  ) );
#2415 = PCURVE('',#687,#2416);
#2416 = DEFINITIONAL_REPRESENTATION('',(#2417),#2426);
#2417 = B_SPLINE_CURVE_WITH_KNOTS('',7,(#2418,#2419,#2420,#2421,#2422,
    #2423,#2424,#2425),.UNSPECIFIED.,.F.,.F.,(8,8),(4.712388980385,
    5.574559035053),.PIECEWISE_BEZIER_KNOTS.);
#2418 = CARTESIAN_POINT('',(0.,-0.45993492247));
#2419 = CARTESIAN_POINT('',(0.132606349255,-0.340547022436));
#2420 = CARTESIAN_POINT('',(0.26160603324,-0.21752025987));
#2421 = CARTESIAN_POINT('',(0.387175622843,-9.481538326258E-02));
#2422 = CARTESIAN_POINT('',(0.509477282931,2.245669700347E-02));
#2423 = CARTESIAN_POINT('',(0.628660726989,0.128930388727));
#2424 = CARTESIAN_POINT('',(0.7448647089,0.221625646613));
#2425 = CARTESIAN_POINT('',(0.858218250179,0.299321679895));
#2426 = ( GEOMETRIC_REPRESENTATION_CONTEXT(2) 
PARAMETRIC_REPRESENTATION_CONTEXT() REPRESENTATION_CONTEXT('2D SPACE',''
  ) );
#2427 = ORIENTED_EDGE('',*,*,#2428,.T.);
#2428 = EDGE_CURVE('',#2396,#2429,#2431,.T.);
#2429 = VERTEX_POINT('',#2430);
#2430 = CARTESIAN_POINT('',(275.51821051475,152.24074339763,
    2.349208626544));
#2431 = SURFACE_CURVE('',#2432,(#2435,#2442),.PCURVE_S1.);
#2432 = B_SPLINE_CURVE_WITH_KNOTS('',1,(#2433,#2434),.UNSPECIFIED.,.F.,
  .F.,(2,2),(-0.240743397632,4.240743397632),.PIECEWISE_BEZIER_KNOTS.);
#2433 = CARTESIAN_POINT('',(275.51821051475,147.75925660236,
    2.349208626544));
#2434 = CARTESIAN_POINT('',(275.51821051475,152.24074339763,
    2.349208626544));
#2435 = PCURVE('',#659,#2436);
#2436 = DEFINITIONAL_REPRESENTATION('',(#2437),#2441);
#2437 = B_SPLINE_CURVE_WITH_KNOTS('',2,(#2438,#2439,#2440),
  .UNSPECIFIED.,.F.,.F.,(3,3),(-0.240743397632,4.240743397632),
  .PIECEWISE_BEZIER_KNOTS.);
#2438 = CARTESIAN_POINT('',(0.862170054667,-0.240743397632));
#2439 = CARTESIAN_POINT('',(0.862170054667,2.));
#2440 = CARTESIAN_POINT('',(0.862170054667,4.240743397632));
#2441 = ( GEOMETRIC_REPRESENTATION_CONTEXT(2) 
PARAMETRIC_REPRESENTATION_CONTEXT() REPRESENTATION_CONTEXT('2D SPACE',''
  ) );
#2442 = PCURVE('',#2443,#2448);
#2443 = B_SPLINE_SURFACE_WITH_KNOTS('',1,1,(
    (#2444,#2445)
    ,(#2446,#2447
    )),.UNSPECIFIED.,.F.,.F.,.F.,(2,2),(2,2),(-8.866812534075,
    8.771279890299),(-2.240743397634,2.240743397634),
  .PIECEWISE_BEZIER_KNOTS.);
#2444 = CARTESIAN_POINT('',(275.51821051475,152.24074339763,
    2.349208626544));
#2445 = CARTESIAN_POINT('',(275.51821051475,147.75925660236,
    2.349208626544));
#2446 = CARTESIAN_POINT('',(264.03949212075,152.24074339763,
    15.741046752879));
#2447 = CARTESIAN_POINT('',(264.03949212075,147.75925660236,
    15.741046752879));
#2448 = DEFINITIONAL_REPRESENTATION('',(#2449),#2452);
#2449 = B_SPLINE_CURVE_WITH_KNOTS('',1,(#2450,#2451),.UNSPECIFIED.,.F.,
  .F.,(2,2),(-0.240743397632,4.240743397632),.PIECEWISE_BEZIER_KNOTS.);
#2450 = CARTESIAN_POINT('',(-8.866812534075,2.240743397632));
#2451 = CARTESIAN_POINT('',(-8.866812534075,-2.240743397632));
#2452 = ( GEOMETRIC_REPRESENTATION_CONTEXT(2) 
PARAMETRIC_REPRESENTATION_CONTEXT() REPRESENTATION_CONTEXT('2D SPACE',''
  ) );
#2453 = ORIENTED_EDGE('',*,*,#2454,.F.);
#2454 = EDGE_CURVE('',#646,#2429,#2455,.T.);
#2455 = SURFACE_CURVE('',#2456,(#2460,#2472),.PCURVE_S1.);
#2456 = ( BOUNDED_CURVE() B_SPLINE_CURVE(2,(#2457,#2458,#2459),
.UNSPECIFIED.,.F.,.F.) B_SPLINE_CURVE_WITH_KNOTS((3,3),(1.570796326795,
2.432966381463),.PIECEWISE_BEZIER_KNOTS.) CURVE() 
GEOMETRIC_REPRESENTATION_ITEM() RATIONAL_B_SPLINE_CURVE((1.,
0.908512898493,1.)) REPRESENTATION_ITEM('') );
#2457 = CARTESIAN_POINT('',(276.27746711711,153.,2.));
#2458 = CARTESIAN_POINT('',(275.81753219464,152.54006507752,2.));
#2459 = CARTESIAN_POINT('',(275.51821051475,152.24074339763,
    2.349208626545));
#2460 = PCURVE('',#659,#2461);
#2461 = DEFINITIONAL_REPRESENTATION('',(#2462),#2471);
#2462 = B_SPLINE_CURVE_WITH_KNOTS('',7,(#2463,#2464,#2465,#2466,#2467,
    #2468,#2469,#2470),.UNSPECIFIED.,.F.,.F.,(8,8),(1.570796326795,
    2.432966381463),.PIECEWISE_BEZIER_KNOTS.);
#2463 = CARTESIAN_POINT('',(3.541643869589E-15,5.));
#2464 = CARTESIAN_POINT('',(0.123167150668,4.880612099972));
#2465 = CARTESIAN_POINT('',(0.246334301331,4.757585337385));
#2466 = CARTESIAN_POINT('',(0.369501452009,4.634880460815));
#2467 = CARTESIAN_POINT('',(0.492668602662,4.5176083805));
#2468 = CARTESIAN_POINT('',(0.615835753338,4.4111346888));
#2469 = CARTESIAN_POINT('',(0.739002904001,4.318439430925));
#2470 = CARTESIAN_POINT('',(0.862170054668,4.240743397634));
#2471 = ( GEOMETRIC_REPRESENTATION_CONTEXT(2) 
PARAMETRIC_REPRESENTATION_CONTEXT() REPRESENTATION_CONTEXT('2D SPACE',''
  ) );
#2472 = PCURVE('',#741,#2473);
#2473 = DEFINITIONAL_REPRESENTATION('',(#2474),#2483);
#2474 = B_SPLINE_CURVE_WITH_KNOTS('',7,(#2475,#2476,#2477,#2478,#2479,
    #2480,#2481,#2482),.UNSPECIFIED.,.F.,.F.,(8,8),(1.570796326795,
    2.432966381463),.PIECEWISE_BEZIER_KNOTS.);
#2475 = CARTESIAN_POINT('',(3.541643869589E-15,-0.459934922471));
#2476 = CARTESIAN_POINT('',(0.132606349258,-0.340547022435));
#2477 = CARTESIAN_POINT('',(0.261606033229,-0.217520259871));
#2478 = CARTESIAN_POINT('',(0.387175622862,-9.481538326093E-02));
#2479 = CARTESIAN_POINT('',(0.509477282909,2.245669700313E-02));
#2480 = CARTESIAN_POINT('',(0.628660726999,0.128930388727));
#2481 = CARTESIAN_POINT('',(0.744864708898,0.221625646613));
#2482 = CARTESIAN_POINT('',(0.858218250179,0.299321679895));
#2483 = ( GEOMETRIC_REPRESENTATION_CONTEXT(2) 
PARAMETRIC_REPRESENTATION_CONTEXT() REPRESENTATION_CONTEXT('2D SPACE',''
  ) );
#2484 = ORIENTED_EDGE('',*,*,#643,.F.);
#2485 = ADVANCED_FACE('',(#2486),#687,.T.);
#2486 = FACE_BOUND('',#2487,.T.);
#2487 = EDGE_LOOP('',(#2488,#2489,#2517,#2543,#2589));
#2488 = ORIENTED_EDGE('',*,*,#2395,.T.);
#2489 = ORIENTED_EDGE('',*,*,#2490,.T.);
#2490 = EDGE_CURVE('',#2396,#2491,#2493,.T.);
#2491 = VERTEX_POINT('',#2492);
#2492 = CARTESIAN_POINT('',(274.9603893375,148.,3.));
#2493 = SURFACE_CURVE('',#2494,(#2498,#2510),.PCURVE_S1.);
#2494 = ( BOUNDED_CURVE() B_SPLINE_CURVE(2,(#2495,#2496,#2497),
.UNSPECIFIED.,.F.,.F.) B_SPLINE_CURVE_WITH_KNOTS((3,3),(4.003762708259,
4.712388980385),.PIECEWISE_BEZIER_KNOTS.) CURVE() 
GEOMETRIC_REPRESENTATION_ITEM() RATIONAL_B_SPLINE_CURVE((1.,
0.937885014905,1.)) REPRESENTATION_ITEM('') );
#2495 = CARTESIAN_POINT('',(275.51821051475,147.75925660236,
    2.349208626545));
#2496 = CARTESIAN_POINT('',(275.27746711711,148.,2.630075923785));
#2497 = CARTESIAN_POINT('',(274.9603893375,148.,3.));
#2498 = PCURVE('',#687,#2499);
#2499 = DEFINITIONAL_REPRESENTATION('',(#2500),#2509);
#2500 = B_SPLINE_CURVE_WITH_KNOTS('',7,(#2501,#2502,#2503,#2504,#2505,
    #2506,#2507,#2508),.UNSPECIFIED.,.F.,.F.,(8,8),(4.003762708259,
    4.712388980385),.PIECEWISE_BEZIER_KNOTS.);
#2501 = CARTESIAN_POINT('',(0.85821825018,0.299321679896));
#2502 = CARTESIAN_POINT('',(0.952335624645,0.363832937632));
#2503 = CARTESIAN_POINT('',(1.048819718173,0.436075371678));
#2504 = CARTESIAN_POINT('',(1.147777657274,0.515018767772));
#2505 = CARTESIAN_POINT('',(1.249324649172,0.598945329091));
#2506 = CARTESIAN_POINT('',(1.35358500094,0.685450988444));
#2507 = CARTESIAN_POINT('',(1.460693357908,0.772176393636));
#2508 = CARTESIAN_POINT('',(1.570796326795,0.857142857143));
#2509 = ( GEOMETRIC_REPRESENTATION_CONTEXT(2) 
PARAMETRIC_REPRESENTATION_CONTEXT() REPRESENTATION_CONTEXT('2D SPACE',''
  ) );
#2510 = PCURVE('',#2443,#2511);
#2511 = DEFINITIONAL_REPRESENTATION('',(#2512),#2516);
#2512 = ( BOUNDED_CURVE() B_SPLINE_CURVE(2,(#2513,#2514,#2515),
.UNSPECIFIED.,.F.,.F.) B_SPLINE_CURVE_WITH_KNOTS((3,3),(4.003762708259,
4.712388980385),.PIECEWISE_BEZIER_KNOTS.) CURVE() 
GEOMETRIC_REPRESENTATION_ITEM() RATIONAL_B_SPLINE_CURVE((1.,
0.937885014905,1.)) REPRESENTATION_ITEM('') );
#2513 = CARTESIAN_POINT('',(-8.866812534074,2.240743397634));
#2514 = CARTESIAN_POINT('',(-8.496888457859,2.));
#2515 = CARTESIAN_POINT('',(-8.009669676932,2.));
#2516 = ( GEOMETRIC_REPRESENTATION_CONTEXT(2) 
PARAMETRIC_REPRESENTATION_CONTEXT() REPRESENTATION_CONTEXT('2D SPACE',''
  ) );
#2517 = ORIENTED_EDGE('',*,*,#2518,.T.);
#2518 = EDGE_CURVE('',#2491,#2519,#2521,.T.);
#2519 = VERTEX_POINT('',#2520);
#2520 = CARTESIAN_POINT('',(266.54949934374,148.,3.));
#2521 = SURFACE_CURVE('',#2522,(#2525,#2532),.PCURVE_S1.);
#2522 = B_SPLINE_CURVE_WITH_KNOTS('',1,(#2523,#2524),.UNSPECIFIED.,.F.,
  .F.,(2,2),(0.857142857143,9.268032850899),.PIECEWISE_BEZIER_KNOTS.);
#2523 = CARTESIAN_POINT('',(274.9603893375,148.,3.));
#2524 = CARTESIAN_POINT('',(266.54949934374,148.,3.));
#2525 = PCURVE('',#687,#2526);
#2526 = DEFINITIONAL_REPRESENTATION('',(#2527),#2531);
#2527 = B_SPLINE_CURVE_WITH_KNOTS('',2,(#2528,#2529,#2530),
  .UNSPECIFIED.,.F.,.F.,(3,3),(0.857142857143,9.268032850899),
  .PIECEWISE_BEZIER_KNOTS.);
#2528 = CARTESIAN_POINT('',(1.570796326795,0.857142857143));
#2529 = CARTESIAN_POINT('',(1.570796326795,5.062587854021));
#2530 = CARTESIAN_POINT('',(1.570796326795,9.268032850899));
#2531 = ( GEOMETRIC_REPRESENTATION_CONTEXT(2) 
PARAMETRIC_REPRESENTATION_CONTEXT() REPRESENTATION_CONTEXT('2D SPACE',''
  ) );
#2532 = PCURVE('',#2533,#2538);
#2533 = B_SPLINE_SURFACE_WITH_KNOTS('',1,1,(
    (#2534,#2535)
    ,(#2536,#2537
    )),.UNSPECIFIED.,.F.,.F.,.F.,(2,2),(2,2),(-4.465895057845,
    7.551341073016),(-3.357580146741,6.942907965424),
  .PIECEWISE_BEZIER_KNOTS.);
#2534 = CARTESIAN_POINT('',(264.65990122533,148.,3.));
#2535 = CARTESIAN_POINT('',(274.9603893375,148.,3.));
#2536 = CARTESIAN_POINT('',(264.65990122533,148.,15.01723613086));
#2537 = CARTESIAN_POINT('',(274.9603893375,148.,15.01723613086));
#2538 = DEFINITIONAL_REPRESENTATION('',(#2539),#2542);
#2539 = B_SPLINE_CURVE_WITH_KNOTS('',1,(#2540,#2541),.UNSPECIFIED.,.F.,
  .F.,(2,2),(0.857142857143,9.268032850899),.PIECEWISE_BEZIER_KNOTS.);
#2540 = CARTESIAN_POINT('',(-4.465895057845,6.942907965424));
#2541 = CARTESIAN_POINT('',(-4.465895057845,-1.467982028332));
#2542 = ( GEOMETRIC_REPRESENTATION_CONTEXT(2) 
PARAMETRIC_REPRESENTATION_CONTEXT() REPRESENTATION_CONTEXT('2D SPACE',''
  ) );
#2543 = ORIENTED_EDGE('',*,*,#2544,.F.);
#2544 = EDGE_CURVE('',#674,#2519,#2545,.T.);
#2545 = SURFACE_CURVE('',#2546,(#2550,#2568),.PCURVE_S1.);
#2546 = ( BOUNDED_CURVE() B_SPLINE_CURVE(2,(#2547,#2548,#2549),
.UNSPECIFIED.,.F.,.F.) B_SPLINE_CURVE_WITH_KNOTS((3,3),(1.570797846558,
3.14159265359),.PIECEWISE_BEZIER_KNOTS.) CURVE() 
GEOMETRIC_REPRESENTATION_ITEM() RATIONAL_B_SPLINE_CURVE((1.,
0.707107318504,1.)) REPRESENTATION_ITEM('') );
#2547 = CARTESIAN_POINT('',(265.5495008635,147.00000151976,
    2.000000000001));
#2548 = CARTESIAN_POINT('',(266.54949934374,148.,2.000001519762));
#2549 = CARTESIAN_POINT('',(266.54949934374,148.,3.));
#2550 = PCURVE('',#687,#2551);
#2551 = DEFINITIONAL_REPRESENTATION('',(#2552),#2567);
#2552 = B_SPLINE_CURVE_WITH_KNOTS('',7,(#2553,#2554,#2555,#2556,#2557,
    #2558,#2559,#2560,#2561,#2562,#2563,#2564,#2565,#2566),
  .UNSPECIFIED.,.F.,.F.,(8,6,8),(1.570797846558,2.356195250074,
    3.14159265359),.UNSPECIFIED.);
#2553 = CARTESIAN_POINT('',(1.688032457803E-06,10.26803133114));
#2554 = CARTESIAN_POINT('',(0.112201269772,10.167016539555));
#2555 = CARTESIAN_POINT('',(0.224400857397,10.061067076984));
#2556 = CARTESIAN_POINT('',(0.336600450905,9.952294380481));
#2557 = CARTESIAN_POINT('',(0.448800050309,9.843775602639));
#2558 = CARTESIAN_POINT('',(0.560999655586,9.739844634927));
#2559 = CARTESIAN_POINT('',(0.673199266757,9.644609504781));
#2560 = CARTESIAN_POINT('',(0.897598500866,9.477241627418));
#2561 = CARTESIAN_POINT('',(1.009798123806,9.405114752144));
#2562 = CARTESIAN_POINT('',(1.121997752608,9.347400982681));
#2563 = CARTESIAN_POINT('',(1.234197387352,9.305835804168));
#2564 = CARTESIAN_POINT('',(1.34639702794,9.279938802191));
#2565 = CARTESIAN_POINT('',(1.458596674428,9.268032666012));
#2566 = CARTESIAN_POINT('',(1.570796326795,9.268032850904));
#2567 = ( GEOMETRIC_REPRESENTATION_CONTEXT(2) 
PARAMETRIC_REPRESENTATION_CONTEXT() REPRESENTATION_CONTEXT('2D SPACE',''
  ) );
#2568 = PCURVE('',#715,#2569);
#2569 = DEFINITIONAL_REPRESENTATION('',(#2570),#2588);
#2570 = B_SPLINE_CURVE_WITH_KNOTS('',8,(#2571,#2572,#2573,#2574,#2575,
    #2576,#2577,#2578,#2579,#2580,#2581,#2582,#2583,#2584,#2585,#2586,
    #2587),.UNSPECIFIED.,.F.,.F.,(9,8,9),(1.570797846558,2.356195250074,
    3.14159265359),.PIECEWISE_BEZIER_KNOTS.);
#2571 = CARTESIAN_POINT('',(1.937945732826E-06,-0.999998480236));
#2572 = CARTESIAN_POINT('',(0.112711312202,-0.911610210816));
#2573 = CARTESIAN_POINT('',(0.222529210727,-0.819523529432));
#2574 = CARTESIAN_POINT('',(0.329585446225,-0.725046477485));
#2575 = CARTESIAN_POINT('',(0.434000506563,-0.63000854555));
#2576 = CARTESIAN_POINT('',(0.535886601816,-0.536763824075));
#2577 = CARTESIAN_POINT('',(0.635348522387,-0.448004940379));
#2578 = CARTESIAN_POINT('',(0.732484368161,-0.366115830226));
#2579 = CARTESIAN_POINT('',(0.827386172623,-0.292892681496));
#2580 = CARTESIAN_POINT('',(0.922287977085,-0.219669264611));
#2581 = CARTESIAN_POINT('',(1.014955740277,-0.15511362009));
#2582 = CARTESIAN_POINT('',(1.105481495562,-0.101010795298));
#2583 = CARTESIAN_POINT('',(1.193951210538,-5.858554254923E-02));
#2584 = CARTESIAN_POINT('',(1.280445410417,-2.809157757624E-02));
#2585 = CARTESIAN_POINT('',(1.36503970191,-8.929417183948E-03));
#2586 = CARTESIAN_POINT('',(1.447805219249,1.617806913648E-07));
#2587 = CARTESIAN_POINT('',(1.528809013966,5.877871471137E-16));
#2588 = ( GEOMETRIC_REPRESENTATION_CONTEXT(2) 
PARAMETRIC_REPRESENTATION_CONTEXT() REPRESENTATION_CONTEXT('2D SPACE',''
  ) );
#2589 = ORIENTED_EDGE('',*,*,#673,.F.);
#2590 = ADVANCED_FACE('',(#2591),#741,.F.);
#2591 = FACE_BOUND('',#2592,.F.);
#2592 = EDGE_LOOP('',(#2593,#2594,#2622,#2648,#2694));
#2593 = ORIENTED_EDGE('',*,*,#2454,.T.);
#2594 = ORIENTED_EDGE('',*,*,#2595,.T.);
#2595 = EDGE_CURVE('',#2429,#2596,#2598,.T.);
#2596 = VERTEX_POINT('',#2597);
#2597 = CARTESIAN_POINT('',(274.9603893375,152.,3.));
#2598 = SURFACE_CURVE('',#2599,(#2603,#2615),.PCURVE_S1.);
#2599 = ( BOUNDED_CURVE() B_SPLINE_CURVE(2,(#2600,#2601,#2602),
.UNSPECIFIED.,.F.,.F.) B_SPLINE_CURVE_WITH_KNOTS((3,3),(4.003762708259,
4.712388980385),.PIECEWISE_BEZIER_KNOTS.) CURVE() 
GEOMETRIC_REPRESENTATION_ITEM() RATIONAL_B_SPLINE_CURVE((1.,
0.937885014905,1.)) REPRESENTATION_ITEM('') );
#2600 = CARTESIAN_POINT('',(275.51821051475,152.24074339763,
    2.349208626545));
#2601 = CARTESIAN_POINT('',(275.27746711711,152.,2.630075923785));
#2602 = CARTESIAN_POINT('',(274.9603893375,152.,3.));
#2603 = PCURVE('',#741,#2604);
#2604 = DEFINITIONAL_REPRESENTATION('',(#2605),#2614);
#2605 = B_SPLINE_CURVE_WITH_KNOTS('',7,(#2606,#2607,#2608,#2609,#2610,
    #2611,#2612,#2613),.UNSPECIFIED.,.F.,.F.,(8,8),(4.003762708259,
    4.712388980385),.PIECEWISE_BEZIER_KNOTS.);
#2606 = CARTESIAN_POINT('',(0.85821825018,0.299321679896));
#2607 = CARTESIAN_POINT('',(0.952335624647,0.363832937632));
#2608 = CARTESIAN_POINT('',(1.04881971816,0.436075371677));
#2609 = CARTESIAN_POINT('',(1.147777657302,0.515018767768));
#2610 = CARTESIAN_POINT('',(1.249324649143,0.598945329089));
#2611 = CARTESIAN_POINT('',(1.353585000955,0.685450988443));
#2612 = CARTESIAN_POINT('',(1.460693357904,0.772176393635));
#2613 = CARTESIAN_POINT('',(1.570796326795,0.857142857143));
#2614 = ( GEOMETRIC_REPRESENTATION_CONTEXT(2) 
PARAMETRIC_REPRESENTATION_CONTEXT() REPRESENTATION_CONTEXT('2D SPACE',''
  ) );
#2615 = PCURVE('',#2443,#2616);
#2616 = DEFINITIONAL_REPRESENTATION('',(#2617),#2621);
#2617 = ( BOUNDED_CURVE() B_SPLINE_CURVE(2,(#2618,#2619,#2620),
.UNSPECIFIED.,.F.,.F.) B_SPLINE_CURVE_WITH_KNOTS((3,3),(4.003762708259,
4.712388980385),.PIECEWISE_BEZIER_KNOTS.) CURVE() 
GEOMETRIC_REPRESENTATION_ITEM() RATIONAL_B_SPLINE_CURVE((1.,
0.937885014905,1.)) REPRESENTATION_ITEM('') );
#2618 = CARTESIAN_POINT('',(-8.866812534074,-2.240743397634));
#2619 = CARTESIAN_POINT('',(-8.496888457859,-2.));
#2620 = CARTESIAN_POINT('',(-8.009669676932,-2.));
#2621 = ( GEOMETRIC_REPRESENTATION_CONTEXT(2) 
PARAMETRIC_REPRESENTATION_CONTEXT() REPRESENTATION_CONTEXT('2D SPACE',''
  ) );
#2622 = ORIENTED_EDGE('',*,*,#2623,.T.);
#2623 = EDGE_CURVE('',#2596,#2624,#2626,.T.);
#2624 = VERTEX_POINT('',#2625);
#2625 = CARTESIAN_POINT('',(266.54949934374,152.,3.));
#2626 = SURFACE_CURVE('',#2627,(#2630,#2637),.PCURVE_S1.);
#2627 = B_SPLINE_CURVE_WITH_KNOTS('',1,(#2628,#2629),.UNSPECIFIED.,.F.,
  .F.,(2,2),(0.857142857143,9.268032850899),.PIECEWISE_BEZIER_KNOTS.);
#2628 = CARTESIAN_POINT('',(274.9603893375,152.,3.));
#2629 = CARTESIAN_POINT('',(266.54949934374,152.,3.));
#2630 = PCURVE('',#741,#2631);
#2631 = DEFINITIONAL_REPRESENTATION('',(#2632),#2636);
#2632 = B_SPLINE_CURVE_WITH_KNOTS('',2,(#2633,#2634,#2635),
  .UNSPECIFIED.,.F.,.F.,(3,3),(0.857142857143,9.268032850899),
  .PIECEWISE_BEZIER_KNOTS.);
#2633 = CARTESIAN_POINT('',(1.570796326795,0.857142857143));
#2634 = CARTESIAN_POINT('',(1.570796326795,5.062587854021));
#2635 = CARTESIAN_POINT('',(1.570796326795,9.268032850899));
#2636 = ( GEOMETRIC_REPRESENTATION_CONTEXT(2) 
PARAMETRIC_REPRESENTATION_CONTEXT() REPRESENTATION_CONTEXT('2D SPACE',''
  ) );
#2637 = PCURVE('',#2638,#2643);
#2638 = B_SPLINE_SURFACE_WITH_KNOTS('',1,1,(
    (#2639,#2640)
    ,(#2641,#2642
    )),.UNSPECIFIED.,.F.,.F.,.F.,(2,2),(2,2),(-4.465895057845,
    7.551341073016),(-3.357580146741,6.942907965424),
  .PIECEWISE_BEZIER_KNOTS.);
#2639 = CARTESIAN_POINT('',(264.65990122533,152.,3.));
#2640 = CARTESIAN_POINT('',(274.9603893375,152.,3.));
#2641 = CARTESIAN_POINT('',(264.65990122533,152.,15.01723613086));
#2642 = CARTESIAN_POINT('',(274.9603893375,152.,15.01723613086));
#2643 = DEFINITIONAL_REPRESENTATION('',(#2644),#2647);
#2644 = B_SPLINE_CURVE_WITH_KNOTS('',1,(#2645,#2646),.UNSPECIFIED.,.F.,
  .F.,(2,2),(0.857142857143,9.268032850899),.PIECEWISE_BEZIER_KNOTS.);
#2645 = CARTESIAN_POINT('',(-4.465895057845,6.942907965424));
#2646 = CARTESIAN_POINT('',(-4.465895057845,-1.467982028332));
#2647 = ( GEOMETRIC_REPRESENTATION_CONTEXT(2) 
PARAMETRIC_REPRESENTATION_CONTEXT() REPRESENTATION_CONTEXT('2D SPACE',''
  ) );
#2648 = ORIENTED_EDGE('',*,*,#2649,.F.);
#2649 = EDGE_CURVE('',#702,#2624,#2650,.T.);
#2650 = SURFACE_CURVE('',#2651,(#2655,#2673),.PCURVE_S1.);
#2651 = ( BOUNDED_CURVE() B_SPLINE_CURVE(2,(#2652,#2653,#2654),
.UNSPECIFIED.,.F.,.F.) B_SPLINE_CURVE_WITH_KNOTS((3,3),(1.570797846558,
3.14159265359),.PIECEWISE_BEZIER_KNOTS.) CURVE() 
GEOMETRIC_REPRESENTATION_ITEM() RATIONAL_B_SPLINE_CURVE((1.,
0.707107318504,1.)) REPRESENTATION_ITEM('') );
#2652 = CARTESIAN_POINT('',(265.5495008635,152.99999848023,
    2.000000000001));
#2653 = CARTESIAN_POINT('',(266.54949934374,152.,2.000001519762));
#2654 = CARTESIAN_POINT('',(266.54949934374,152.,3.));
#2655 = PCURVE('',#741,#2656);
#2656 = DEFINITIONAL_REPRESENTATION('',(#2657),#2672);
#2657 = B_SPLINE_CURVE_WITH_KNOTS('',7,(#2658,#2659,#2660,#2661,#2662,
    #2663,#2664,#2665,#2666,#2667,#2668,#2669,#2670,#2671),
  .UNSPECIFIED.,.F.,.F.,(8,6,8),(1.570797846558,2.356195250074,
    3.14159265359),.UNSPECIFIED.);
#2658 = CARTESIAN_POINT('',(1.688032426234E-06,10.26803133114));
#2659 = CARTESIAN_POINT('',(0.112201269772,10.167016539578));
#2660 = CARTESIAN_POINT('',(0.224400857394,10.061067076915));
#2661 = CARTESIAN_POINT('',(0.336600450909,9.952294380613));
#2662 = CARTESIAN_POINT('',(0.448800050302,9.843775602444));
#2663 = CARTESIAN_POINT('',(0.560999655588,9.739844635003));
#2664 = CARTESIAN_POINT('',(0.673199266756,9.644609504763));
#2665 = CARTESIAN_POINT('',(0.897598500866,9.477241627403));
#2666 = CARTESIAN_POINT('',(1.009798123806,9.405114752143));
#2667 = CARTESIAN_POINT('',(1.121997752633,9.34740098267));
#2668 = CARTESIAN_POINT('',(1.234197387343,9.305835804306));
#2669 = CARTESIAN_POINT('',(1.346397027944,9.279938802118));
#2670 = CARTESIAN_POINT('',(1.458596674427,9.268032666017));
#2671 = CARTESIAN_POINT('',(1.570796326795,9.268032850904));
#2672 = ( GEOMETRIC_REPRESENTATION_CONTEXT(2) 
PARAMETRIC_REPRESENTATION_CONTEXT() REPRESENTATION_CONTEXT('2D SPACE',''
  ) );
#2673 = PCURVE('',#715,#2674);
#2674 = DEFINITIONAL_REPRESENTATION('',(#2675),#2693);
#2675 = B_SPLINE_CURVE_WITH_KNOTS('',8,(#2676,#2677,#2678,#2679,#2680,
    #2681,#2682,#2683,#2684,#2685,#2686,#2687,#2688,#2689,#2690,#2691,
    #2692),.UNSPECIFIED.,.F.,.F.,(9,8,9),(1.570797846558,2.356195250074,
    3.14159265359),.PIECEWISE_BEZIER_KNOTS.);
#2676 = CARTESIAN_POINT('',(1.937945732826E-06,4.999998480236));
#2677 = CARTESIAN_POINT('',(0.11271131219,4.911610210825));
#2678 = CARTESIAN_POINT('',(0.222529210792,4.819523529501));
#2679 = CARTESIAN_POINT('',(0.32958544605,4.72504647723));
#2680 = CARTESIAN_POINT('',(0.434000506715,4.630008544797));
#2681 = CARTESIAN_POINT('',(0.535886601696,4.536763823611));
#2682 = CARTESIAN_POINT('',(0.635348522442,4.448004940379));
#2683 = CARTESIAN_POINT('',(0.73248436815,4.366115830235));
#2684 = CARTESIAN_POINT('',(0.827386172623,4.292892681496));
#2685 = CARTESIAN_POINT('',(0.922287977085,4.219669264617));
#2686 = CARTESIAN_POINT('',(1.014955740279,4.15511362008));
#2687 = CARTESIAN_POINT('',(1.10548149556,4.101010795295));
#2688 = CARTESIAN_POINT('',(1.193951210539,4.058585542539));
#2689 = CARTESIAN_POINT('',(1.280445410419,4.028091577565));
#2690 = CARTESIAN_POINT('',(1.365039701905,4.008929417194));
#2691 = CARTESIAN_POINT('',(1.447805219249,3.999999838224));
#2692 = CARTESIAN_POINT('',(1.528809013966,4.));
#2693 = ( GEOMETRIC_REPRESENTATION_CONTEXT(2) 
PARAMETRIC_REPRESENTATION_CONTEXT() REPRESENTATION_CONTEXT('2D SPACE',''
  ) );
#2694 = ORIENTED_EDGE('',*,*,#729,.F.);
#2695 = ADVANCED_FACE('',(#2696),#715,.T.);
#2696 = FACE_BOUND('',#2697,.T.);
#2697 = EDGE_LOOP('',(#2698,#2699,#2700,#2701,#2728,#2754));
#2698 = ORIENTED_EDGE('',*,*,#2649,.F.);
#2699 = ORIENTED_EDGE('',*,*,#701,.F.);
#2700 = ORIENTED_EDGE('',*,*,#2544,.T.);
#2701 = ORIENTED_EDGE('',*,*,#2702,.T.);
#2702 = EDGE_CURVE('',#2519,#2703,#2705,.T.);
#2703 = VERTEX_POINT('',#2704);
#2704 = CARTESIAN_POINT('',(266.25660612493,148.,3.707106781187));
#2705 = SURFACE_CURVE('',#2706,(#2710,#2721),.PCURVE_S1.);
#2706 = ( BOUNDED_CURVE() B_SPLINE_CURVE(2,(#2707,#2708,#2709),
.UNSPECIFIED.,.F.,.F.) B_SPLINE_CURVE_WITH_KNOTS((3,3),(4.712388980385,
5.497787143782),.PIECEWISE_BEZIER_KNOTS.) CURVE() 
GEOMETRIC_REPRESENTATION_ITEM() RATIONAL_B_SPLINE_CURVE((1.,
0.923879532511,1.)) REPRESENTATION_ITEM('') );
#2707 = CARTESIAN_POINT('',(266.54949934374,148.,3.));
#2708 = CARTESIAN_POINT('',(266.54949934374,148.,3.414213562373));
#2709 = CARTESIAN_POINT('',(266.25660612493,148.,3.707106781187));
#2710 = PCURVE('',#715,#2711);
#2711 = DEFINITIONAL_REPRESENTATION('',(#2712),#2720);
#2712 = B_SPLINE_CURVE_WITH_KNOTS('',6,(#2713,#2714,#2715,#2716,#2717,
    #2718,#2719),.UNSPECIFIED.,.F.,.F.,(7,7),(4.712388980385,
    5.497787143782),.PIECEWISE_BEZIER_KNOTS.);
#2713 = CARTESIAN_POINT('',(1.528809013966,4.086059540083E-16));
#2714 = CARTESIAN_POINT('',(1.645712916365,-5.380188847564E-14));
#2715 = CARTESIAN_POINT('',(1.769736011641,1.074188900289E-13));
#2716 = CARTESIAN_POINT('',(1.901690339142,-1.255605579718E-13));
#2717 = CARTESIAN_POINT('',(2.042556085683,1.360697572366E-13));
#2718 = CARTESIAN_POINT('',(2.193533227344,-1.090416824519E-13));
#2719 = CARTESIAN_POINT('',(2.356194490192,1.05659399604E-29));
#2720 = ( GEOMETRIC_REPRESENTATION_CONTEXT(2) 
PARAMETRIC_REPRESENTATION_CONTEXT() REPRESENTATION_CONTEXT('2D SPACE',''
  ) );
#2721 = PCURVE('',#2533,#2722);
#2722 = DEFINITIONAL_REPRESENTATION('',(#2723),#2727);
#2723 = ( BOUNDED_CURVE() B_SPLINE_CURVE(2,(#2724,#2725,#2726),
.UNSPECIFIED.,.F.,.F.) B_SPLINE_CURVE_WITH_KNOTS((3,3),(4.712388980385,
5.497787143782),.PIECEWISE_BEZIER_KNOTS.) CURVE() 
GEOMETRIC_REPRESENTATION_ITEM() RATIONAL_B_SPLINE_CURVE((1.,
0.923879532511,1.)) REPRESENTATION_ITEM('') );
#2724 = CARTESIAN_POINT('',(-4.465895057845,-1.467982028336));
#2725 = CARTESIAN_POINT('',(-4.051681495471,-1.467982028336));
#2726 = CARTESIAN_POINT('',(-3.758788276658,-1.76087524715));
#2727 = ( GEOMETRIC_REPRESENTATION_CONTEXT(2) 
PARAMETRIC_REPRESENTATION_CONTEXT() REPRESENTATION_CONTEXT('2D SPACE',''
  ) );
#2728 = ORIENTED_EDGE('',*,*,#2729,.T.);
#2729 = EDGE_CURVE('',#2703,#2730,#2732,.T.);
#2730 = VERTEX_POINT('',#2731);
#2731 = CARTESIAN_POINT('',(266.25660612493,152.,3.707106781187));
#2732 = SURFACE_CURVE('',#2733,(#2736,#2743),.PCURVE_S1.);
#2733 = B_SPLINE_CURVE_WITH_KNOTS('',1,(#2734,#2735),.UNSPECIFIED.,.F.,
  .F.,(2,2),(-0.,4.),.PIECEWISE_BEZIER_KNOTS.);
#2734 = CARTESIAN_POINT('',(266.25660612493,148.,3.707106781187));
#2735 = CARTESIAN_POINT('',(266.25660612493,152.,3.707106781187));
#2736 = PCURVE('',#715,#2737);
#2737 = DEFINITIONAL_REPRESENTATION('',(#2738),#2742);
#2738 = B_SPLINE_CURVE_WITH_KNOTS('',2,(#2739,#2740,#2741),
  .UNSPECIFIED.,.F.,.F.,(3,3),(-0.,4.),.PIECEWISE_BEZIER_KNOTS.);
#2739 = CARTESIAN_POINT('',(2.356194490192,0.));
#2740 = CARTESIAN_POINT('',(2.356194490192,2.));
#2741 = CARTESIAN_POINT('',(2.356194490192,4.));
#2742 = ( GEOMETRIC_REPRESENTATION_CONTEXT(2) 
PARAMETRIC_REPRESENTATION_CONTEXT() REPRESENTATION_CONTEXT('2D SPACE',''
  ) );
#2743 = PCURVE('',#2744,#2749);
#2744 = B_SPLINE_SURFACE_WITH_KNOTS('',1,1,(
    (#2745,#2746)
    ,(#2747,#2748
    )),.UNSPECIFIED.,.F.,.F.,.F.,(2,2),(2,2),(-0.414213562373,
    0.604336753734),(-2.,2.),.PIECEWISE_BEZIER_KNOTS.);
#2745 = CARTESIAN_POINT('',(266.25660612493,152.,3.707106781187));
#2746 = CARTESIAN_POINT('',(266.25660612493,148.,3.707106781187));
#2747 = CARTESIAN_POINT('',(265.53638228943,152.,4.427330616685));
#2748 = CARTESIAN_POINT('',(265.53638228943,148.,4.427330616685));
#2749 = DEFINITIONAL_REPRESENTATION('',(#2750),#2753);
#2750 = B_SPLINE_CURVE_WITH_KNOTS('',1,(#2751,#2752),.UNSPECIFIED.,.F.,
  .F.,(2,2),(-0.,4.),.PIECEWISE_BEZIER_KNOTS.);
#2751 = CARTESIAN_POINT('',(-0.414213562373,2.));
#2752 = CARTESIAN_POINT('',(-0.414213562373,-2.));
#2753 = ( GEOMETRIC_REPRESENTATION_CONTEXT(2) 
PARAMETRIC_REPRESENTATION_CONTEXT() REPRESENTATION_CONTEXT('2D SPACE',''
  ) );
#2754 = ORIENTED_EDGE('',*,*,#2755,.F.);
#2755 = EDGE_CURVE('',#2624,#2730,#2756,.T.);
#2756 = SURFACE_CURVE('',#2757,(#2761,#2772),.PCURVE_S1.);
#2757 = ( BOUNDED_CURVE() B_SPLINE_CURVE(2,(#2758,#2759,#2760),
.UNSPECIFIED.,.F.,.F.) B_SPLINE_CURVE_WITH_KNOTS((3,3),(4.712388980385,
5.497787143782),.PIECEWISE_BEZIER_KNOTS.) CURVE() 
GEOMETRIC_REPRESENTATION_ITEM() RATIONAL_B_SPLINE_CURVE((1.,
0.923879532511,1.)) REPRESENTATION_ITEM('') );
#2758 = CARTESIAN_POINT('',(266.54949934374,152.,3.));
#2759 = CARTESIAN_POINT('',(266.54949934374,152.,3.414213562373));
#2760 = CARTESIAN_POINT('',(266.25660612493,152.,3.707106781187));
#2761 = PCURVE('',#715,#2762);
#2762 = DEFINITIONAL_REPRESENTATION('',(#2763),#2771);
#2763 = B_SPLINE_CURVE_WITH_KNOTS('',6,(#2764,#2765,#2766,#2767,#2768,
    #2769,#2770),.UNSPECIFIED.,.F.,.F.,(7,7),(4.712388980385,
    5.497787143782),.PIECEWISE_BEZIER_KNOTS.);
#2764 = CARTESIAN_POINT('',(1.528809013966,4.));
#2765 = CARTESIAN_POINT('',(1.645712916365,4.));
#2766 = CARTESIAN_POINT('',(1.769736011641,4.000000000002));
#2767 = CARTESIAN_POINT('',(1.901690339142,3.999999999995));
#2768 = CARTESIAN_POINT('',(2.042556085683,4.000000000004));
#2769 = CARTESIAN_POINT('',(2.193533227344,4.));
#2770 = CARTESIAN_POINT('',(2.356194490192,4.));
#2771 = ( GEOMETRIC_REPRESENTATION_CONTEXT(2) 
PARAMETRIC_REPRESENTATION_CONTEXT() REPRESENTATION_CONTEXT('2D SPACE',''
  ) );
#2772 = PCURVE('',#2638,#2773);
#2773 = DEFINITIONAL_REPRESENTATION('',(#2774),#2778);
#2774 = ( BOUNDED_CURVE() B_SPLINE_CURVE(2,(#2775,#2776,#2777),
.UNSPECIFIED.,.F.,.F.) B_SPLINE_CURVE_WITH_KNOTS((3,3),(4.712388980385,
5.497787143782),.PIECEWISE_BEZIER_KNOTS.) CURVE() 
GEOMETRIC_REPRESENTATION_ITEM() RATIONAL_B_SPLINE_CURVE((1.,
0.923879532511,1.)) REPRESENTATION_ITEM('') );
#2775 = CARTESIAN_POINT('',(-4.465895057845,-1.467982028336));
#2776 = CARTESIAN_POINT('',(-4.051681495471,-1.467982028336));
#2777 = CARTESIAN_POINT('',(-3.758788276658,-1.76087524715));
#2778 = ( GEOMETRIC_REPRESENTATION_CONTEXT(2) 
PARAMETRIC_REPRESENTATION_CONTEXT() REPRESENTATION_CONTEXT('2D SPACE',''
  ) );
#2779 = ADVANCED_FACE('',(#2780),#773,.F.);
#2780 = FACE_BOUND('',#2781,.F.);
#2781 = EDGE_LOOP('',(#2782,#2815,#2841,#2872));
#2782 = ORIENTED_EDGE('',*,*,#2783,.T.);
#2783 = EDGE_CURVE('',#758,#2784,#2786,.T.);
#2784 = VERTEX_POINT('',#2785);
#2785 = CARTESIAN_POINT('',(252.24074339763,175.51821051475,
    2.349208626544));
#2786 = SURFACE_CURVE('',#2787,(#2791,#2803),.PCURVE_S1.);
#2787 = ( BOUNDED_CURVE() B_SPLINE_CURVE(2,(#2788,#2789,#2790),
.UNSPECIFIED.,.F.,.F.) B_SPLINE_CURVE_WITH_KNOTS((3,3),(4.712388980385,
5.574559035051),.PIECEWISE_BEZIER_KNOTS.) CURVE() 
GEOMETRIC_REPRESENTATION_ITEM() RATIONAL_B_SPLINE_CURVE((1.,
0.908512898493,1.)) REPRESENTATION_ITEM('') );
#2788 = CARTESIAN_POINT('',(253.,176.27746711711,2.));
#2789 = CARTESIAN_POINT('',(252.54006507753,175.81753219464,2.));
#2790 = CARTESIAN_POINT('',(252.24074339763,175.51821051475,
    2.349208626543));
#2791 = PCURVE('',#773,#2792);
#2792 = DEFINITIONAL_REPRESENTATION('',(#2793),#2802);
#2793 = B_SPLINE_CURVE_WITH_KNOTS('',7,(#2794,#2795,#2796,#2797,#2798,
    #2799,#2800,#2801),.UNSPECIFIED.,.F.,.F.,(8,8),(4.712388980385,
    5.574559035051),.PIECEWISE_BEZIER_KNOTS.);
#2794 = CARTESIAN_POINT('',(0.,-1.));
#2795 = CARTESIAN_POINT('',(0.123167150668,-0.880612099966));
#2796 = CARTESIAN_POINT('',(0.246334301329,-0.757585337401));
#2797 = CARTESIAN_POINT('',(0.369501452008,-0.63488046079));
#2798 = CARTESIAN_POINT('',(0.492668602655,-0.51760838053));
#2799 = CARTESIAN_POINT('',(0.615835753339,-0.411134688804));
#2800 = CARTESIAN_POINT('',(0.739002903999,-0.318439430919));
#2801 = CARTESIAN_POINT('',(0.862170054666,-0.240743397635));
#2802 = ( GEOMETRIC_REPRESENTATION_CONTEXT(2) 
PARAMETRIC_REPRESENTATION_CONTEXT() REPRESENTATION_CONTEXT('2D SPACE',''
  ) );
#2803 = PCURVE('',#801,#2804);
#2804 = DEFINITIONAL_REPRESENTATION('',(#2805),#2814);
#2805 = B_SPLINE_CURVE_WITH_KNOTS('',7,(#2806,#2807,#2808,#2809,#2810,
    #2811,#2812,#2813),.UNSPECIFIED.,.F.,.F.,(8,8),(4.712388980385,
    5.574559035051),.PIECEWISE_BEZIER_KNOTS.);
#2806 = CARTESIAN_POINT('',(-3.156858197541E-14,-0.45993492247));
#2807 = CARTESIAN_POINT('',(0.132606349257,-0.340547022435));
#2808 = CARTESIAN_POINT('',(0.261606033229,-0.217520259871));
#2809 = CARTESIAN_POINT('',(0.387175622864,-9.481538326196E-02));
#2810 = CARTESIAN_POINT('',(0.509477282911,2.245669700217E-02));
#2811 = CARTESIAN_POINT('',(0.628660726997,0.128930388726));
#2812 = CARTESIAN_POINT('',(0.744864708897,0.221625646612));
#2813 = CARTESIAN_POINT('',(0.858218250178,0.299321679894));
#2814 = ( GEOMETRIC_REPRESENTATION_CONTEXT(2) 
PARAMETRIC_REPRESENTATION_CONTEXT() REPRESENTATION_CONTEXT('2D SPACE',''
  ) );
#2815 = ORIENTED_EDGE('',*,*,#2816,.T.);
#2816 = EDGE_CURVE('',#2784,#2817,#2819,.T.);
#2817 = VERTEX_POINT('',#2818);
#2818 = CARTESIAN_POINT('',(247.75925660236,175.51821051475,
    2.349208626544));
#2819 = SURFACE_CURVE('',#2820,(#2823,#2830),.PCURVE_S1.);
#2820 = B_SPLINE_CURVE_WITH_KNOTS('',1,(#2821,#2822),.UNSPECIFIED.,.F.,
  .F.,(2,2),(-0.240743397637,4.240743397637),.PIECEWISE_BEZIER_KNOTS.);
#2821 = CARTESIAN_POINT('',(252.24074339763,175.51821051475,
    2.349208626544));
#2822 = CARTESIAN_POINT('',(247.75925660236,175.51821051475,
    2.349208626544));
#2823 = PCURVE('',#773,#2824);
#2824 = DEFINITIONAL_REPRESENTATION('',(#2825),#2829);
#2825 = B_SPLINE_CURVE_WITH_KNOTS('',2,(#2826,#2827,#2828),
  .UNSPECIFIED.,.F.,.F.,(3,3),(-0.240743397637,4.240743397637),
  .PIECEWISE_BEZIER_KNOTS.);
#2826 = CARTESIAN_POINT('',(0.862170054667,-0.240743397637));
#2827 = CARTESIAN_POINT('',(0.862170054667,2.));
#2828 = CARTESIAN_POINT('',(0.862170054667,4.240743397637));
#2829 = ( GEOMETRIC_REPRESENTATION_CONTEXT(2) 
PARAMETRIC_REPRESENTATION_CONTEXT() REPRESENTATION_CONTEXT('2D SPACE',''
  ) );
#2830 = PCURVE('',#2831,#2836);
#2831 = B_SPLINE_SURFACE_WITH_KNOTS('',1,1,(
    (#2832,#2833)
    ,(#2834,#2835
    )),.UNSPECIFIED.,.F.,.F.,.F.,(2,2),(2,2),(-8.866812534077,
    8.771278579221),(-2.240743397637,2.240743397637),
  .PIECEWISE_BEZIER_KNOTS.);
#2832 = CARTESIAN_POINT('',(247.75925660236,175.51821051475,
    2.349208626543));
#2833 = CARTESIAN_POINT('',(252.24074339763,175.51821051475,
    2.349208626543));
#2834 = CARTESIAN_POINT('',(247.75925660236,164.03949297398,
    15.741045757435));
#2835 = CARTESIAN_POINT('',(252.24074339763,164.03949297398,
    15.741045757435));
#2836 = DEFINITIONAL_REPRESENTATION('',(#2837),#2840);
#2837 = B_SPLINE_CURVE_WITH_KNOTS('',1,(#2838,#2839),.UNSPECIFIED.,.F.,
  .F.,(2,2),(-0.240743397637,4.240743397637),.PIECEWISE_BEZIER_KNOTS.);
#2838 = CARTESIAN_POINT('',(-8.866812534075,2.240743397637));
#2839 = CARTESIAN_POINT('',(-8.866812534075,-2.240743397637));
#2840 = ( GEOMETRIC_REPRESENTATION_CONTEXT(2) 
PARAMETRIC_REPRESENTATION_CONTEXT() REPRESENTATION_CONTEXT('2D SPACE',''
  ) );
#2841 = ORIENTED_EDGE('',*,*,#2842,.F.);
#2842 = EDGE_CURVE('',#760,#2817,#2843,.T.);
#2843 = SURFACE_CURVE('',#2844,(#2848,#2860),.PCURVE_S1.);
#2844 = ( BOUNDED_CURVE() B_SPLINE_CURVE(2,(#2845,#2846,#2847),
.UNSPECIFIED.,.F.,.F.) B_SPLINE_CURVE_WITH_KNOTS((3,3),(1.570796326795,
2.432966381461),.PIECEWISE_BEZIER_KNOTS.) CURVE() 
GEOMETRIC_REPRESENTATION_ITEM() RATIONAL_B_SPLINE_CURVE((1.,
0.908512898493,1.)) REPRESENTATION_ITEM('') );
#2845 = CARTESIAN_POINT('',(247.,176.27746711711,2.));
#2846 = CARTESIAN_POINT('',(247.45993492247,175.81753219464,2.));
#2847 = CARTESIAN_POINT('',(247.75925660236,175.51821051475,
    2.349208626544));
#2848 = PCURVE('',#773,#2849);
#2849 = DEFINITIONAL_REPRESENTATION('',(#2850),#2859);
#2850 = B_SPLINE_CURVE_WITH_KNOTS('',7,(#2851,#2852,#2853,#2854,#2855,
    #2856,#2857,#2858),.UNSPECIFIED.,.F.,.F.,(8,8),(1.570796326795,
    2.432966381461),.PIECEWISE_BEZIER_KNOTS.);
#2851 = CARTESIAN_POINT('',(3.541643869583E-15,5.));
#2852 = CARTESIAN_POINT('',(0.123167150667,4.880612099965));
#2853 = CARTESIAN_POINT('',(0.246334301332,4.757585337432));
#2854 = CARTESIAN_POINT('',(0.369501452003,4.634880460746));
#2855 = CARTESIAN_POINT('',(0.492668602664,4.517608380571));
#2856 = CARTESIAN_POINT('',(0.615835753333,4.41113468879));
#2857 = CARTESIAN_POINT('',(0.739002904,4.318439430926));
#2858 = CARTESIAN_POINT('',(0.862170054666,4.240743397635));
#2859 = ( GEOMETRIC_REPRESENTATION_CONTEXT(2) 
PARAMETRIC_REPRESENTATION_CONTEXT() REPRESENTATION_CONTEXT('2D SPACE',''
  ) );
#2860 = PCURVE('',#855,#2861);
#2861 = DEFINITIONAL_REPRESENTATION('',(#2862),#2871);
#2862 = B_SPLINE_CURVE_WITH_KNOTS('',7,(#2863,#2864,#2865,#2866,#2867,
    #2868,#2869,#2870),.UNSPECIFIED.,.F.,.F.,(8,8),(1.570796326795,
    2.432966381461),.PIECEWISE_BEZIER_KNOTS.);
#2863 = CARTESIAN_POINT('',(-5.959552008123E-14,-0.45993492247));
#2864 = CARTESIAN_POINT('',(0.132606349257,-0.340547022436));
#2865 = CARTESIAN_POINT('',(0.26160603323,-0.21752025987));
#2866 = CARTESIAN_POINT('',(0.387175622863,-9.481538326351E-02));
#2867 = CARTESIAN_POINT('',(0.50947728291,2.245669700315E-02));
#2868 = CARTESIAN_POINT('',(0.628660726999,0.128930388725));
#2869 = CARTESIAN_POINT('',(0.744864708897,0.221625646612));
#2870 = CARTESIAN_POINT('',(0.858218250178,0.299321679894));
#2871 = ( GEOMETRIC_REPRESENTATION_CONTEXT(2) 
PARAMETRIC_REPRESENTATION_CONTEXT() REPRESENTATION_CONTEXT('2D SPACE',''
  ) );
#2872 = ORIENTED_EDGE('',*,*,#757,.F.);
#2873 = ADVANCED_FACE('',(#2874),#801,.T.);
#2874 = FACE_BOUND('',#2875,.T.);
#2875 = EDGE_LOOP('',(#2876,#2877,#2905,#2931,#2977));
#2876 = ORIENTED_EDGE('',*,*,#2783,.T.);
#2877 = ORIENTED_EDGE('',*,*,#2878,.T.);
#2878 = EDGE_CURVE('',#2784,#2879,#2881,.T.);
#2879 = VERTEX_POINT('',#2880);
#2880 = CARTESIAN_POINT('',(252.,174.9603893375,3.));
#2881 = SURFACE_CURVE('',#2882,(#2886,#2898),.PCURVE_S1.);
#2882 = ( BOUNDED_CURVE() B_SPLINE_CURVE(2,(#2883,#2884,#2885),
.UNSPECIFIED.,.F.,.F.) B_SPLINE_CURVE_WITH_KNOTS((3,3),(4.003762708256,
4.712388980385),.PIECEWISE_BEZIER_KNOTS.) CURVE() 
GEOMETRIC_REPRESENTATION_ITEM() RATIONAL_B_SPLINE_CURVE((1.,
0.937885014904,1.)) REPRESENTATION_ITEM('') );
#2883 = CARTESIAN_POINT('',(252.24074339763,175.51821051475,
    2.349208626543));
#2884 = CARTESIAN_POINT('',(252.,175.27746711711,2.630075923784));
#2885 = CARTESIAN_POINT('',(252.,174.9603893375,3.));
#2886 = PCURVE('',#801,#2887);
#2887 = DEFINITIONAL_REPRESENTATION('',(#2888),#2897);
#2888 = B_SPLINE_CURVE_WITH_KNOTS('',7,(#2889,#2890,#2891,#2892,#2893,
    #2894,#2895,#2896),.UNSPECIFIED.,.F.,.F.,(8,8),(4.003762708256,
    4.712388980385),.PIECEWISE_BEZIER_KNOTS.);
#2889 = CARTESIAN_POINT('',(0.858218250178,0.299321679894));
#2890 = CARTESIAN_POINT('',(0.952335624647,0.363832937631));
#2891 = CARTESIAN_POINT('',(1.048819718158,0.436075371675));
#2892 = CARTESIAN_POINT('',(1.147777657318,0.51501876777));
#2893 = CARTESIAN_POINT('',(1.249324649136,0.598945329087));
#2894 = CARTESIAN_POINT('',(1.353585000949,0.685450988441));
#2895 = CARTESIAN_POINT('',(1.460693357904,0.772176393636));
#2896 = CARTESIAN_POINT('',(1.570796326795,0.857142857143));
#2897 = ( GEOMETRIC_REPRESENTATION_CONTEXT(2) 
PARAMETRIC_REPRESENTATION_CONTEXT() REPRESENTATION_CONTEXT('2D SPACE',''
  ) );
#2898 = PCURVE('',#2831,#2899);
#2899 = DEFINITIONAL_REPRESENTATION('',(#2900),#2904);
#2900 = ( BOUNDED_CURVE() B_SPLINE_CURVE(2,(#2901,#2902,#2903),
.UNSPECIFIED.,.F.,.F.) B_SPLINE_CURVE_WITH_KNOTS((3,3),(4.003762708256,
4.712388980385),.PIECEWISE_BEZIER_KNOTS.) CURVE() 
GEOMETRIC_REPRESENTATION_ITEM() RATIONAL_B_SPLINE_CURVE((1.,
0.937885014904,1.)) REPRESENTATION_ITEM('') );
#2901 = CARTESIAN_POINT('',(-8.866812534077,2.240743397635));
#2902 = CARTESIAN_POINT('',(-8.496888457861,2.));
#2903 = CARTESIAN_POINT('',(-8.009669676932,2.));
#2904 = ( GEOMETRIC_REPRESENTATION_CONTEXT(2) 
PARAMETRIC_REPRESENTATION_CONTEXT() REPRESENTATION_CONTEXT('2D SPACE',''
  ) );
#2905 = ORIENTED_EDGE('',*,*,#2906,.T.);
#2906 = EDGE_CURVE('',#2879,#2907,#2909,.T.);
#2907 = VERTEX_POINT('',#2908);
#2908 = CARTESIAN_POINT('',(252.,166.54949934374,3.));
#2909 = SURFACE_CURVE('',#2910,(#2913,#2920),.PCURVE_S1.);
#2910 = B_SPLINE_CURVE_WITH_KNOTS('',1,(#2911,#2912),.UNSPECIFIED.,.F.,
  .F.,(2,2),(0.857142857143,9.268032850903),.PIECEWISE_BEZIER_KNOTS.);
#2911 = CARTESIAN_POINT('',(252.,174.9603893375,3.));
#2912 = CARTESIAN_POINT('',(252.,166.54949934374,3.));
#2913 = PCURVE('',#801,#2914);
#2914 = DEFINITIONAL_REPRESENTATION('',(#2915),#2919);
#2915 = B_SPLINE_CURVE_WITH_KNOTS('',2,(#2916,#2917,#2918),
  .UNSPECIFIED.,.F.,.F.,(3,3),(0.857142857143,9.268032850903),
  .PIECEWISE_BEZIER_KNOTS.);
#2916 = CARTESIAN_POINT('',(1.570796326795,0.857142857143));
#2917 = CARTESIAN_POINT('',(1.570796326795,5.062587854023));
#2918 = CARTESIAN_POINT('',(1.570796326795,9.268032850903));
#2919 = ( GEOMETRIC_REPRESENTATION_CONTEXT(2) 
PARAMETRIC_REPRESENTATION_CONTEXT() REPRESENTATION_CONTEXT('2D SPACE',''
  ) );
#2920 = PCURVE('',#2921,#2926);
#2921 = B_SPLINE_SURFACE_WITH_KNOTS('',1,1,(
    (#2922,#2923)
    ,(#2924,#2925
    )),.UNSPECIFIED.,.F.,.F.,.F.,(2,2),(2,2),(-4.465895057845,
    7.551341073015),(-3.357580146741,6.942907965425),
  .PIECEWISE_BEZIER_KNOTS.);
#2922 = CARTESIAN_POINT('',(252.,164.65990122533,3.));
#2923 = CARTESIAN_POINT('',(252.,174.9603893375,3.));
#2924 = CARTESIAN_POINT('',(252.,164.65990122533,15.01723613086));
#2925 = CARTESIAN_POINT('',(252.,174.9603893375,15.01723613086));
#2926 = DEFINITIONAL_REPRESENTATION('',(#2927),#2930);
#2927 = B_SPLINE_CURVE_WITH_KNOTS('',1,(#2928,#2929),.UNSPECIFIED.,.F.,
  .F.,(2,2),(0.857142857143,9.268032850903),.PIECEWISE_BEZIER_KNOTS.);
#2928 = CARTESIAN_POINT('',(-4.465895057845,6.942907965424));
#2929 = CARTESIAN_POINT('',(-4.465895057845,-1.467982028336));
#2930 = ( GEOMETRIC_REPRESENTATION_CONTEXT(2) 
PARAMETRIC_REPRESENTATION_CONTEXT() REPRESENTATION_CONTEXT('2D SPACE',''
  ) );
#2931 = ORIENTED_EDGE('',*,*,#2932,.F.);
#2932 = EDGE_CURVE('',#788,#2907,#2933,.T.);
#2933 = SURFACE_CURVE('',#2934,(#2938,#2956),.PCURVE_S1.);
#2934 = ( BOUNDED_CURVE() B_SPLINE_CURVE(2,(#2935,#2936,#2937),
.UNSPECIFIED.,.F.,.F.) B_SPLINE_CURVE_WITH_KNOTS((3,3),(1.570796326795,
3.14159265359),.PIECEWISE_BEZIER_KNOTS.) CURVE() 
GEOMETRIC_REPRESENTATION_ITEM() RATIONAL_B_SPLINE_CURVE((1.,
0.707106781187,1.)) REPRESENTATION_ITEM('') );
#2935 = CARTESIAN_POINT('',(253.,165.54949934374,2.));
#2936 = CARTESIAN_POINT('',(252.,166.54949934374,2.));
#2937 = CARTESIAN_POINT('',(252.,166.54949934374,3.));
#2938 = PCURVE('',#801,#2939);
#2939 = DEFINITIONAL_REPRESENTATION('',(#2940),#2955);
#2940 = B_SPLINE_CURVE_WITH_KNOTS('',7,(#2941,#2942,#2943,#2944,#2945,
    #2946,#2947,#2948,#2949,#2950,#2951,#2952,#2953,#2954),
  .UNSPECIFIED.,.F.,.F.,(8,6,8),(1.570796326795,2.356194490192,
    3.14159265359),.UNSPECIFIED.);
#2941 = CARTESIAN_POINT('',(1.614264277805E-13,10.268032850903));
#2942 = CARTESIAN_POINT('',(0.112199737628,10.167017982586));
#2943 = CARTESIAN_POINT('',(0.224399475259,10.061068412267));
#2944 = CARTESIAN_POINT('',(0.336599212883,9.952295578161));
#2945 = CARTESIAN_POINT('',(0.448798950513,9.84377663712));
#2946 = CARTESIAN_POINT('',(0.56099868814,9.739845495365));
#2947 = CARTESIAN_POINT('',(0.67319842577,9.64461019561));
#2948 = CARTESIAN_POINT('',(0.897597901029,9.477242011196));
#2949 = CARTESIAN_POINT('',(1.009797638648,9.405114998537));
#2950 = CARTESIAN_POINT('',(1.121997376292,9.347401118816));
#2951 = CARTESIAN_POINT('',(1.234197113899,9.305835865611));
#2952 = CARTESIAN_POINT('',(1.346396851543,9.279938820198));
#2953 = CARTESIAN_POINT('',(1.458596589167,9.268032666027));
#2954 = CARTESIAN_POINT('',(1.570796326795,9.268032850904));
#2955 = ( GEOMETRIC_REPRESENTATION_CONTEXT(2) 
PARAMETRIC_REPRESENTATION_CONTEXT() REPRESENTATION_CONTEXT('2D SPACE',''
  ) );
#2956 = PCURVE('',#829,#2957);
#2957 = DEFINITIONAL_REPRESENTATION('',(#2958),#2976);
#2958 = B_SPLINE_CURVE_WITH_KNOTS('',8,(#2959,#2960,#2961,#2962,#2963,
    #2964,#2965,#2966,#2967,#2968,#2969,#2970,#2971,#2972,#2973,#2974,
    #2975),.UNSPECIFIED.,.F.,.F.,(9,8,9),(1.570796326795,2.356194490192,
    3.14159265359),.PIECEWISE_BEZIER_KNOTS.);
#2959 = CARTESIAN_POINT('',(1.614264277805E-13,-1.));
#2960 = CARTESIAN_POINT('',(0.11270957436,-0.911611663425));
#2961 = CARTESIAN_POINT('',(0.222527658171,-0.819524891658));
#2962 = CARTESIAN_POINT('',(0.329584065371,-0.725047726804));
#2963 = CARTESIAN_POINT('',(0.433999284508,-0.630009661654));
#2964 = CARTESIAN_POINT('',(0.535885527125,-0.536764793441));
#2965 = CARTESIAN_POINT('',(0.635347583727,-0.448005758344));
#2966 = CARTESIAN_POINT('',(0.732483555439,-0.366116501881));
#2967 = CARTESIAN_POINT('',(0.827385476227,-0.292893218813));
#2968 = CARTESIAN_POINT('',(0.922287397014,-0.219669667597));
#2969 = CARTESIAN_POINT('',(1.014955266977,-0.155113900799));
#2970 = CARTESIAN_POINT('',(1.105481120086,-0.101010972868));
#2971 = CARTESIAN_POINT('',(1.193950924648,-5.858564133954E-02));
#2972 = CARTESIAN_POINT('',(1.280445206381,-2.809162266179E-02));
#2973 = CARTESIAN_POINT('',(1.365039572464,-8.929430758538E-03));
#2974 = CARTESIAN_POINT('',(1.447805157699,1.617816255574E-07));
#2975 = CARTESIAN_POINT('',(1.528809013966,1.087951373299E-16));
#2976 = ( GEOMETRIC_REPRESENTATION_CONTEXT(2) 
PARAMETRIC_REPRESENTATION_CONTEXT() REPRESENTATION_CONTEXT('2D SPACE',''
  ) );
#2977 = ORIENTED_EDGE('',*,*,#787,.F.);
#2978 = ADVANCED_FACE('',(#2979),#855,.F.);
#2979 = FACE_BOUND('',#2980,.F.);
#2980 = EDGE_LOOP('',(#2981,#2982,#3010,#3036,#3082));
#2981 = ORIENTED_EDGE('',*,*,#2842,.T.);
#2982 = ORIENTED_EDGE('',*,*,#2983,.T.);
#2983 = EDGE_CURVE('',#2817,#2984,#2986,.T.);
#2984 = VERTEX_POINT('',#2985);
#2985 = CARTESIAN_POINT('',(248.,174.9603893375,3.));
#2986 = SURFACE_CURVE('',#2987,(#2991,#3003),.PCURVE_S1.);
#2987 = ( BOUNDED_CURVE() B_SPLINE_CURVE(2,(#2988,#2989,#2990),
.UNSPECIFIED.,.F.,.F.) B_SPLINE_CURVE_WITH_KNOTS((3,3),(4.003762708256,
4.712388980385),.PIECEWISE_BEZIER_KNOTS.) CURVE() 
GEOMETRIC_REPRESENTATION_ITEM() RATIONAL_B_SPLINE_CURVE((1.,
0.937885014904,1.)) REPRESENTATION_ITEM('') );
#2988 = CARTESIAN_POINT('',(247.75925660236,175.51821051475,
    2.349208626543));
#2989 = CARTESIAN_POINT('',(248.,175.27746711711,2.630075923784));
#2990 = CARTESIAN_POINT('',(248.,174.9603893375,3.));
#2991 = PCURVE('',#855,#2992);
#2992 = DEFINITIONAL_REPRESENTATION('',(#2993),#3002);
#2993 = B_SPLINE_CURVE_WITH_KNOTS('',7,(#2994,#2995,#2996,#2997,#2998,
    #2999,#3000,#3001),.UNSPECIFIED.,.F.,.F.,(8,8),(4.003762708256,
    4.712388980385),.PIECEWISE_BEZIER_KNOTS.);
#2994 = CARTESIAN_POINT('',(0.858218250178,0.299321679894));
#2995 = CARTESIAN_POINT('',(0.952335624646,0.363832937631));
#2996 = CARTESIAN_POINT('',(1.048819718162,0.436075371677));
#2997 = CARTESIAN_POINT('',(1.147777657297,0.515018767761));
#2998 = CARTESIAN_POINT('',(1.249324649156,0.598945329093));
#2999 = CARTESIAN_POINT('',(1.35358500095,0.685450988438));
#3000 = CARTESIAN_POINT('',(1.460693357906,0.772176393636));
#3001 = CARTESIAN_POINT('',(1.570796326795,0.857142857143));
#3002 = ( GEOMETRIC_REPRESENTATION_CONTEXT(2) 
PARAMETRIC_REPRESENTATION_CONTEXT() REPRESENTATION_CONTEXT('2D SPACE',''
  ) );
#3003 = PCURVE('',#2831,#3004);
#3004 = DEFINITIONAL_REPRESENTATION('',(#3005),#3009);
#3005 = ( BOUNDED_CURVE() B_SPLINE_CURVE(2,(#3006,#3007,#3008),
.UNSPECIFIED.,.F.,.F.) B_SPLINE_CURVE_WITH_KNOTS((3,3),(4.003762708256,
4.712388980385),.PIECEWISE_BEZIER_KNOTS.) CURVE() 
GEOMETRIC_REPRESENTATION_ITEM() RATIONAL_B_SPLINE_CURVE((1.,
0.937885014904,1.)) REPRESENTATION_ITEM('') );
#3006 = CARTESIAN_POINT('',(-8.866812534077,-2.240743397635));
#3007 = CARTESIAN_POINT('',(-8.496888457861,-2.));
#3008 = CARTESIAN_POINT('',(-8.009669676932,-2.));
#3009 = ( GEOMETRIC_REPRESENTATION_CONTEXT(2) 
PARAMETRIC_REPRESENTATION_CONTEXT() REPRESENTATION_CONTEXT('2D SPACE',''
  ) );
#3010 = ORIENTED_EDGE('',*,*,#3011,.T.);
#3011 = EDGE_CURVE('',#2984,#3012,#3014,.T.);
#3012 = VERTEX_POINT('',#3013);
#3013 = CARTESIAN_POINT('',(248.,166.54949934374,3.));
#3014 = SURFACE_CURVE('',#3015,(#3018,#3025),.PCURVE_S1.);
#3015 = B_SPLINE_CURVE_WITH_KNOTS('',1,(#3016,#3017),.UNSPECIFIED.,.F.,
  .F.,(2,2),(0.857142857143,9.268032850903),.PIECEWISE_BEZIER_KNOTS.);
#3016 = CARTESIAN_POINT('',(248.,174.9603893375,3.));
#3017 = CARTESIAN_POINT('',(248.,166.54949934374,3.));
#3018 = PCURVE('',#855,#3019);
#3019 = DEFINITIONAL_REPRESENTATION('',(#3020),#3024);
#3020 = B_SPLINE_CURVE_WITH_KNOTS('',2,(#3021,#3022,#3023),
  .UNSPECIFIED.,.F.,.F.,(3,3),(0.857142857143,9.268032850903),
  .PIECEWISE_BEZIER_KNOTS.);
#3021 = CARTESIAN_POINT('',(1.570796326795,0.857142857143));
#3022 = CARTESIAN_POINT('',(1.570796326795,5.062587854023));
#3023 = CARTESIAN_POINT('',(1.570796326795,9.268032850903));
#3024 = ( GEOMETRIC_REPRESENTATION_CONTEXT(2) 
PARAMETRIC_REPRESENTATION_CONTEXT() REPRESENTATION_CONTEXT('2D SPACE',''
  ) );
#3025 = PCURVE('',#3026,#3031);
#3026 = B_SPLINE_SURFACE_WITH_KNOTS('',1,1,(
    (#3027,#3028)
    ,(#3029,#3030
    )),.UNSPECIFIED.,.F.,.F.,.F.,(2,2),(2,2),(-4.465895057845,
    7.551341073015),(-3.357580146741,6.942907965425),
  .PIECEWISE_BEZIER_KNOTS.);
#3027 = CARTESIAN_POINT('',(248.,164.65990122533,3.));
#3028 = CARTESIAN_POINT('',(248.,174.9603893375,3.));
#3029 = CARTESIAN_POINT('',(248.,164.65990122533,15.01723613086));
#3030 = CARTESIAN_POINT('',(248.,174.9603893375,15.01723613086));
#3031 = DEFINITIONAL_REPRESENTATION('',(#3032),#3035);
#3032 = B_SPLINE_CURVE_WITH_KNOTS('',1,(#3033,#3034),.UNSPECIFIED.,.F.,
  .F.,(2,2),(0.857142857143,9.268032850903),.PIECEWISE_BEZIER_KNOTS.);
#3033 = CARTESIAN_POINT('',(-4.465895057845,6.942907965424));
#3034 = CARTESIAN_POINT('',(-4.465895057845,-1.467982028336));
#3035 = ( GEOMETRIC_REPRESENTATION_CONTEXT(2) 
PARAMETRIC_REPRESENTATION_CONTEXT() REPRESENTATION_CONTEXT('2D SPACE',''
  ) );
#3036 = ORIENTED_EDGE('',*,*,#3037,.F.);
#3037 = EDGE_CURVE('',#816,#3012,#3038,.T.);
#3038 = SURFACE_CURVE('',#3039,(#3043,#3061),.PCURVE_S1.);
#3039 = ( BOUNDED_CURVE() B_SPLINE_CURVE(2,(#3040,#3041,#3042),
.UNSPECIFIED.,.F.,.F.) B_SPLINE_CURVE_WITH_KNOTS((3,3),(1.570796326795,
3.14159265359),.PIECEWISE_BEZIER_KNOTS.) CURVE() 
GEOMETRIC_REPRESENTATION_ITEM() RATIONAL_B_SPLINE_CURVE((1.,
0.707106781187,1.)) REPRESENTATION_ITEM('') );
#3040 = CARTESIAN_POINT('',(247.,165.54949934374,2.));
#3041 = CARTESIAN_POINT('',(248.,166.54949934374,2.));
#3042 = CARTESIAN_POINT('',(248.,166.54949934374,3.));
#3043 = PCURVE('',#855,#3044);
#3044 = DEFINITIONAL_REPRESENTATION('',(#3045),#3060);
#3045 = B_SPLINE_CURVE_WITH_KNOTS('',7,(#3046,#3047,#3048,#3049,#3050,
    #3051,#3052,#3053,#3054,#3055,#3056,#3057,#3058,#3059),
  .UNSPECIFIED.,.F.,.F.,(8,6,8),(1.570796326795,2.356194490192,
    3.14159265359),.UNSPECIFIED.);
#3046 = CARTESIAN_POINT('',(9.828926382969E-14,10.268032850903));
#3047 = CARTESIAN_POINT('',(0.112199737629,10.167017982575));
#3048 = CARTESIAN_POINT('',(0.224399475258,10.06106841225));
#3049 = CARTESIAN_POINT('',(0.336599212885,9.952295578185));
#3050 = CARTESIAN_POINT('',(0.448798950515,9.843776637231));
#3051 = CARTESIAN_POINT('',(0.56099868814,9.739845495332));
#3052 = CARTESIAN_POINT('',(0.67319842577,9.644610195614));
#3053 = CARTESIAN_POINT('',(0.897597901027,9.477242011214));
#3054 = CARTESIAN_POINT('',(1.009797638656,9.405114998499));
#3055 = CARTESIAN_POINT('',(1.121997376273,9.347401119063));
#3056 = CARTESIAN_POINT('',(1.234197113914,9.305835865366));
#3057 = CARTESIAN_POINT('',(1.346396851538,9.279938820261));
#3058 = CARTESIAN_POINT('',(1.458596589168,9.268032666003));
#3059 = CARTESIAN_POINT('',(1.570796326795,9.268032850904));
#3060 = ( GEOMETRIC_REPRESENTATION_CONTEXT(2) 
PARAMETRIC_REPRESENTATION_CONTEXT() REPRESENTATION_CONTEXT('2D SPACE',''
  ) );
#3061 = PCURVE('',#829,#3062);
#3062 = DEFINITIONAL_REPRESENTATION('',(#3063),#3081);
#3063 = B_SPLINE_CURVE_WITH_KNOTS('',8,(#3064,#3065,#3066,#3067,#3068,
    #3069,#3070,#3071,#3072,#3073,#3074,#3075,#3076,#3077,#3078,#3079,
    #3080),.UNSPECIFIED.,.F.,.F.,(9,8,9),(1.570796326795,2.356194490192,
    3.14159265359),.PIECEWISE_BEZIER_KNOTS.);
#3064 = CARTESIAN_POINT('',(1.614264277805E-13,5.));
#3065 = CARTESIAN_POINT('',(0.112709574357,4.91161166346));
#3066 = CARTESIAN_POINT('',(0.222527658189,4.819524891453));
#3067 = CARTESIAN_POINT('',(0.329584065352,4.725047726935));
#3068 = CARTESIAN_POINT('',(0.43399928454,4.630009660059));
#3069 = CARTESIAN_POINT('',(0.535885527069,4.536764794197));
#3070 = CARTESIAN_POINT('',(0.635347583749,4.448005758094));
#3071 = CARTESIAN_POINT('',(0.732483555437,4.366116501897));
#3072 = CARTESIAN_POINT('',(0.827385476227,4.292893218813));
#3073 = CARTESIAN_POINT('',(0.922287397017,4.219669667604));
#3074 = CARTESIAN_POINT('',(1.014955266968,4.155113900796));
#3075 = CARTESIAN_POINT('',(1.105481120087,4.101010972871));
#3076 = CARTESIAN_POINT('',(1.193950924648,4.05858564132));
#3077 = CARTESIAN_POINT('',(1.280445206381,4.028091622633));
#3078 = CARTESIAN_POINT('',(1.365039572475,4.008929430764));
#3079 = CARTESIAN_POINT('',(1.447805157698,3.999999838223));
#3080 = CARTESIAN_POINT('',(1.528809013966,4.));
#3081 = ( GEOMETRIC_REPRESENTATION_CONTEXT(2) 
PARAMETRIC_REPRESENTATION_CONTEXT() REPRESENTATION_CONTEXT('2D SPACE',''
  ) );
#3082 = ORIENTED_EDGE('',*,*,#843,.F.);
#3083 = ADVANCED_FACE('',(#3084),#829,.T.);
#3084 = FACE_BOUND('',#3085,.T.);
#3085 = EDGE_LOOP('',(#3086,#3087,#3088,#3089,#3116,#3142));
#3086 = ORIENTED_EDGE('',*,*,#3037,.F.);
#3087 = ORIENTED_EDGE('',*,*,#815,.F.);
#3088 = ORIENTED_EDGE('',*,*,#2932,.T.);
#3089 = ORIENTED_EDGE('',*,*,#3090,.T.);
#3090 = EDGE_CURVE('',#2907,#3091,#3093,.T.);
#3091 = VERTEX_POINT('',#3092);
#3092 = CARTESIAN_POINT('',(252.,166.25660612493,3.707106781187));
#3093 = SURFACE_CURVE('',#3094,(#3098,#3109),.PCURVE_S1.);
#3094 = ( BOUNDED_CURVE() B_SPLINE_CURVE(2,(#3095,#3096,#3097),
.UNSPECIFIED.,.F.,.F.) B_SPLINE_CURVE_WITH_KNOTS((3,3),(1.570796326795,
2.356194490192),.PIECEWISE_BEZIER_KNOTS.) CURVE() 
GEOMETRIC_REPRESENTATION_ITEM() RATIONAL_B_SPLINE_CURVE((1.,
0.923879532511,1.)) REPRESENTATION_ITEM('') );
#3095 = CARTESIAN_POINT('',(252.,166.54949934374,3.));
#3096 = CARTESIAN_POINT('',(252.,166.54949934374,3.414213562373));
#3097 = CARTESIAN_POINT('',(252.,166.25660612493,3.707106781187));
#3098 = PCURVE('',#829,#3099);
#3099 = DEFINITIONAL_REPRESENTATION('',(#3100),#3108);
#3100 = B_SPLINE_CURVE_WITH_KNOTS('',6,(#3101,#3102,#3103,#3104,#3105,
    #3106,#3107),.UNSPECIFIED.,.F.,.F.,(7,7),(1.570796326795,
    2.356194490192),.PIECEWISE_BEZIER_KNOTS.);
#3101 = CARTESIAN_POINT('',(1.528809013966,-2.800835072225E-14));
#3102 = CARTESIAN_POINT('',(1.645712916365,3.440042769681E-14));
#3103 = CARTESIAN_POINT('',(1.769736011641,5.975698222685E-14));
#3104 = CARTESIAN_POINT('',(1.901690339141,-3.054043147937E-13));
#3105 = CARTESIAN_POINT('',(2.042556085683,2.514584007911E-13));
#3106 = CARTESIAN_POINT('',(2.193533227344,-1.454703629123E-13));
#3107 = CARTESIAN_POINT('',(2.356194490192,-2.84217094304E-14));
#3108 = ( GEOMETRIC_REPRESENTATION_CONTEXT(2) 
PARAMETRIC_REPRESENTATION_CONTEXT() REPRESENTATION_CONTEXT('2D SPACE',''
  ) );
#3109 = PCURVE('',#2921,#3110);
#3110 = DEFINITIONAL_REPRESENTATION('',(#3111),#3115);
#3111 = ( BOUNDED_CURVE() B_SPLINE_CURVE(2,(#3112,#3113,#3114),
.UNSPECIFIED.,.F.,.F.) B_SPLINE_CURVE_WITH_KNOTS((3,3),(1.570796326795,
2.356194490192),.PIECEWISE_BEZIER_KNOTS.) CURVE() 
GEOMETRIC_REPRESENTATION_ITEM() RATIONAL_B_SPLINE_CURVE((1.,
0.923879532511,1.)) REPRESENTATION_ITEM('') );
#3112 = CARTESIAN_POINT('',(-4.465895057845,-1.467982028336));
#3113 = CARTESIAN_POINT('',(-4.051681495471,-1.467982028336));
#3114 = CARTESIAN_POINT('',(-3.758788276658,-1.76087524715));
#3115 = ( GEOMETRIC_REPRESENTATION_CONTEXT(2) 
PARAMETRIC_REPRESENTATION_CONTEXT() REPRESENTATION_CONTEXT('2D SPACE',''
  ) );
#3116 = ORIENTED_EDGE('',*,*,#3117,.T.);
#3117 = EDGE_CURVE('',#3091,#3118,#3120,.T.);
#3118 = VERTEX_POINT('',#3119);
#3119 = CARTESIAN_POINT('',(248.,166.25660612493,3.707106781187));
#3120 = SURFACE_CURVE('',#3121,(#3124,#3131),.PCURVE_S1.);
#3121 = B_SPLINE_CURVE_WITH_KNOTS('',1,(#3122,#3123),.UNSPECIFIED.,.F.,
  .F.,(2,2),(4.115715303217E-16,4.),.PIECEWISE_BEZIER_KNOTS.);
#3122 = CARTESIAN_POINT('',(252.,166.25660612493,3.707106781187));
#3123 = CARTESIAN_POINT('',(248.,166.25660612493,3.707106781187));
#3124 = PCURVE('',#829,#3125);
#3125 = DEFINITIONAL_REPRESENTATION('',(#3126),#3130);
#3126 = B_SPLINE_CURVE_WITH_KNOTS('',2,(#3127,#3128,#3129),
  .UNSPECIFIED.,.F.,.F.,(3,3),(4.115715303217E-16,4.),
  .PIECEWISE_BEZIER_KNOTS.);
#3127 = CARTESIAN_POINT('',(2.356194490192,4.115715303217E-16));
#3128 = CARTESIAN_POINT('',(2.356194490192,2.));
#3129 = CARTESIAN_POINT('',(2.356194490192,4.));
#3130 = ( GEOMETRIC_REPRESENTATION_CONTEXT(2) 
PARAMETRIC_REPRESENTATION_CONTEXT() REPRESENTATION_CONTEXT('2D SPACE',''
  ) );
#3131 = PCURVE('',#3132,#3137);
#3132 = B_SPLINE_SURFACE_WITH_KNOTS('',1,1,(
    (#3133,#3134)
    ,(#3135,#3136
    )),.UNSPECIFIED.,.F.,.F.,.F.,(2,2),(2,2),(-0.414213562373,
    0.604336690105),(-2.,2.),.PIECEWISE_BEZIER_KNOTS.);
#3133 = CARTESIAN_POINT('',(248.,166.25660612493,3.707106781187));
#3134 = CARTESIAN_POINT('',(252.,166.25660612493,3.707106781187));
#3135 = CARTESIAN_POINT('',(248.,165.53638233442,4.427330571693));
#3136 = CARTESIAN_POINT('',(252.,165.53638233442,4.427330571693));
#3137 = DEFINITIONAL_REPRESENTATION('',(#3138),#3141);
#3138 = B_SPLINE_CURVE_WITH_KNOTS('',1,(#3139,#3140),.UNSPECIFIED.,.F.,
  .F.,(2,2),(4.115715303217E-16,4.),.PIECEWISE_BEZIER_KNOTS.);
#3139 = CARTESIAN_POINT('',(-0.414213562373,2.));
#3140 = CARTESIAN_POINT('',(-0.414213562373,-2.));
#3141 = ( GEOMETRIC_REPRESENTATION_CONTEXT(2) 
PARAMETRIC_REPRESENTATION_CONTEXT() REPRESENTATION_CONTEXT('2D SPACE',''
  ) );
#3142 = ORIENTED_EDGE('',*,*,#3143,.F.);
#3143 = EDGE_CURVE('',#3012,#3118,#3144,.T.);
#3144 = SURFACE_CURVE('',#3145,(#3149,#3160),.PCURVE_S1.);
#3145 = ( BOUNDED_CURVE() B_SPLINE_CURVE(2,(#3146,#3147,#3148),
.UNSPECIFIED.,.F.,.F.) B_SPLINE_CURVE_WITH_KNOTS((3,3),(1.570796326795,
2.356194490192),.PIECEWISE_BEZIER_KNOTS.) CURVE() 
GEOMETRIC_REPRESENTATION_ITEM() RATIONAL_B_SPLINE_CURVE((1.,
0.923879532511,1.)) REPRESENTATION_ITEM('') );
#3146 = CARTESIAN_POINT('',(248.,166.54949934374,3.));
#3147 = CARTESIAN_POINT('',(248.,166.54949934374,3.414213562373));
#3148 = CARTESIAN_POINT('',(248.,166.25660612493,3.707106781187));
#3149 = PCURVE('',#829,#3150);
#3150 = DEFINITIONAL_REPRESENTATION('',(#3151),#3159);
#3151 = B_SPLINE_CURVE_WITH_KNOTS('',6,(#3152,#3153,#3154,#3155,#3156,
    #3157,#3158),.UNSPECIFIED.,.F.,.F.,(7,7),(1.570796326795,
    2.356194490192),.PIECEWISE_BEZIER_KNOTS.);
#3152 = CARTESIAN_POINT('',(1.528809013966,4.));
#3153 = CARTESIAN_POINT('',(1.645712916365,4.));
#3154 = CARTESIAN_POINT('',(1.769736011642,4.000000000004));
#3155 = CARTESIAN_POINT('',(1.901690339139,3.999999999996));
#3156 = CARTESIAN_POINT('',(2.042556085683,4.000000000003));
#3157 = CARTESIAN_POINT('',(2.193533227343,4.));
#3158 = CARTESIAN_POINT('',(2.356194490192,4.));
#3159 = ( GEOMETRIC_REPRESENTATION_CONTEXT(2) 
PARAMETRIC_REPRESENTATION_CONTEXT() REPRESENTATION_CONTEXT('2D SPACE',''
  ) );
#3160 = PCURVE('',#3026,#3161);
#3161 = DEFINITIONAL_REPRESENTATION('',(#3162),#3166);
#3162 = ( BOUNDED_CURVE() B_SPLINE_CURVE(2,(#3163,#3164,#3165),
.UNSPECIFIED.,.F.,.F.) B_SPLINE_CURVE_WITH_KNOTS((3,3),(1.570796326795,
2.356194490192),.PIECEWISE_BEZIER_KNOTS.) CURVE() 
GEOMETRIC_REPRESENTATION_ITEM() RATIONAL_B_SPLINE_CURVE((1.,
0.923879532511,1.)) REPRESENTATION_ITEM('') );
#3163 = CARTESIAN_POINT('',(-4.465895057845,-1.467982028336));
#3164 = CARTESIAN_POINT('',(-4.051681495471,-1.467982028336));
#3165 = CARTESIAN_POINT('',(-3.758788276658,-1.76087524715));
#3166 = ( GEOMETRIC_REPRESENTATION_CONTEXT(2) 
PARAMETRIC_REPRESENTATION_CONTEXT() REPRESENTATION_CONTEXT('2D SPACE',''
  ) );
#3167 = ADVANCED_FACE('',(#3168),#932,.F.);
#3168 = FACE_BOUND('',#3169,.F.);
#3169 = EDGE_LOOP('',(#3170,#3190,#3241,#3266,#3291,#3316,#3367,#3385));
#3170 = ORIENTED_EDGE('',*,*,#3171,.T.);
#3171 = EDGE_CURVE('',#918,#3172,#3174,.T.);
#3172 = VERTEX_POINT('',#3173);
#3173 = CARTESIAN_POINT('',(148.,20.729666822786,12.211018314404));
#3174 = SURFACE_CURVE('',#3175,(#3178,#3184),.PCURVE_S1.);
#3175 = B_SPLINE_CURVE_WITH_KNOTS('',1,(#3176,#3177),.UNSPECIFIED.,.F.,
  .F.,(2,2),(3.,12.211018314404),.PIECEWISE_BEZIER_KNOTS.);
#3176 = CARTESIAN_POINT('',(148.,20.729666822786,3.));
#3177 = CARTESIAN_POINT('',(148.,20.729666822786,12.211018314404));
#3178 = PCURVE('',#932,#3179);
#3179 = DEFINITIONAL_REPRESENTATION('',(#3180),#3183);
#3180 = B_SPLINE_CURVE_WITH_KNOTS('',1,(#3181,#3182),.UNSPECIFIED.,.F.,
  .F.,(2,2),(3.,12.211018314404),.PIECEWISE_BEZIER_KNOTS.);
#3181 = CARTESIAN_POINT('',(-3.105509157202,-2.));
#3182 = CARTESIAN_POINT('',(6.105509157202,-2.));
#3183 = ( GEOMETRIC_REPRESENTATION_CONTEXT(2) 
PARAMETRIC_REPRESENTATION_CONTEXT() REPRESENTATION_CONTEXT('2D SPACE',''
  ) );
#3184 = PCURVE('',#1080,#3185);
#3185 = DEFINITIONAL_REPRESENTATION('',(#3186),#3189);
#3186 = B_SPLINE_CURVE_WITH_KNOTS('',1,(#3187,#3188),.UNSPECIFIED.,.F.,
  .F.,(2,2),(3.,12.211018314404),.PIECEWISE_BEZIER_KNOTS.);
#3187 = CARTESIAN_POINT('',(3.,0.));
#3188 = CARTESIAN_POINT('',(12.211018314404,0.));
#3189 = ( GEOMETRIC_REPRESENTATION_CONTEXT(2) 
PARAMETRIC_REPRESENTATION_CONTEXT() REPRESENTATION_CONTEXT('2D SPACE',''
  ) );
#3190 = ORIENTED_EDGE('',*,*,#3191,.T.);
#3191 = EDGE_CURVE('',#3172,#3192,#3194,.T.);
#3192 = VERTEX_POINT('',#3193);
#3193 = CARTESIAN_POINT('',(155.,20.729666822786,19.211018314404));
#3194 = SURFACE_CURVE('',#3195,(#3205,#3218),.PCURVE_S1.);
#3195 = B_SPLINE_CURVE_WITH_KNOTS('',8,(#3196,#3197,#3198,#3199,#3200,
    #3201,#3202,#3203,#3204),.UNSPECIFIED.,.F.,.F.,(9,9),(1.570796326795
    ,3.14159265359),.PIECEWISE_BEZIER_KNOTS.);
#3196 = CARTESIAN_POINT('',(148.,20.729666822786,12.211018314404));
#3197 = CARTESIAN_POINT('',(148.,20.729666822787,13.58546510035));
#3198 = CARTESIAN_POINT('',(148.30842552272,20.729666822786,
    14.959912318934));
#3199 = CARTESIAN_POINT('',(148.9252735389,20.729666822788,
    16.25361095475));
#3200 = CARTESIAN_POINT('',(149.82518870953,20.729666822785,
    17.385829604863));
#3201 = CARTESIAN_POINT('',(150.95740735966,20.729666822788,
    18.285744775505));
#3202 = CARTESIAN_POINT('',(152.25110599546,20.729666822786,
    18.902592791676));
#3203 = CARTESIAN_POINT('',(153.62555321405,20.729666822787,
    19.211018314404));
#3204 = CARTESIAN_POINT('',(155.,20.729666822786,19.211018314404));
#3205 = PCURVE('',#932,#3206);
#3206 = DEFINITIONAL_REPRESENTATION('',(#3207),#3217);
#3207 = B_SPLINE_CURVE_WITH_KNOTS('',8,(#3208,#3209,#3210,#3211,#3212,
    #3213,#3214,#3215,#3216),.UNSPECIFIED.,.F.,.F.,(9,9),(1.570796326795
    ,3.14159265359),.PIECEWISE_BEZIER_KNOTS.);
#3208 = CARTESIAN_POINT('',(6.105509157202,-2.));
#3209 = CARTESIAN_POINT('',(7.479955943148,-1.999999999999));
#3210 = CARTESIAN_POINT('',(8.854403161732,-1.691574477274));
#3211 = CARTESIAN_POINT('',(10.148101797548,-1.074726461095));
#3212 = CARTESIAN_POINT('',(11.280320447661,-0.174811290466));
#3213 = CARTESIAN_POINT('',(12.180235618302,0.957407359661));
#3214 = CARTESIAN_POINT('',(12.797083634473,2.251105995467));
#3215 = CARTESIAN_POINT('',(13.105509157202,3.625553214056));
#3216 = CARTESIAN_POINT('',(13.105509157202,5.));
#3217 = ( GEOMETRIC_REPRESENTATION_CONTEXT(2) 
PARAMETRIC_REPRESENTATION_CONTEXT() REPRESENTATION_CONTEXT('2D SPACE',''
  ) );
#3218 = PCURVE('',#3219,#3226);
#3219 = ( BOUNDED_SURFACE() B_SPLINE_SURFACE(2,1,(
    (#3220,#3221)
    ,(#3222,#3223)
    ,(#3224,#3225
)),.UNSPECIFIED.,.F.,.F.,.F.) B_SPLINE_SURFACE_WITH_KNOTS((3,3),(2,2),(
    1.570796326795,3.14159265359),(-58.54066635442,0.),
.PIECEWISE_BEZIER_KNOTS.) GEOMETRIC_REPRESENTATION_ITEM() 
RATIONAL_B_SPLINE_SURFACE((
    (1.,1.)
    ,(0.707106781187,0.707106781187)
,(1.,1.))) REPRESENTATION_ITEM('') SURFACE() );
#3220 = CARTESIAN_POINT('',(148.,79.270333177214,12.211018314404));
#3221 = CARTESIAN_POINT('',(148.,20.729666822786,12.211018314404));
#3222 = CARTESIAN_POINT('',(148.,79.270333177214,19.211018314404));
#3223 = CARTESIAN_POINT('',(148.,20.729666822786,19.211018314404));
#3224 = CARTESIAN_POINT('',(155.,79.270333177214,19.211018314404));
#3225 = CARTESIAN_POINT('',(155.,20.729666822786,19.211018314404));
#3226 = DEFINITIONAL_REPRESENTATION('',(#3227),#3240);
#3227 = B_SPLINE_CURVE_WITH_KNOTS('',6,(#3228,#3229,#3230,#3231,#3232,
    #3233,#3234,#3235,#3236,#3237,#3238,#3239),.UNSPECIFIED.,.F.,.F.,(7,
    5,7),(1.570796326795,2.356194490192,3.14159265359),.UNSPECIFIED.);
#3228 = CARTESIAN_POINT('',(1.570796326795,-5.843323426155E-30));
#3229 = CARTESIAN_POINT('',(1.716188979374,-1.463516920887E-13));
#3230 = CARTESIAN_POINT('',(1.852124737775,2.109470722377E-13));
#3231 = CARTESIAN_POINT('',(1.981984129095,-1.172410402157E-13));
#3232 = CARTESIAN_POINT('',(2.107991232821,2.438445039177E-14));
#3233 = CARTESIAN_POINT('',(2.232094107826,2.823017558482E-14));
#3234 = CARTESIAN_POINT('',(2.480294872559,7.535365731968E-15));
#3235 = CARTESIAN_POINT('',(2.604397747564,-1.038966301712E-14));
#3236 = CARTESIAN_POINT('',(2.730404851288,-5.687402546242E-14));
#3237 = CARTESIAN_POINT('',(2.86026424261,1.478975625226E-13));
#3238 = CARTESIAN_POINT('',(2.996200001011,-1.147757190694E-13));
#3239 = CARTESIAN_POINT('',(3.14159265359,0.));
#3240 = ( GEOMETRIC_REPRESENTATION_CONTEXT(2) 
PARAMETRIC_REPRESENTATION_CONTEXT() REPRESENTATION_CONTEXT('2D SPACE',''
  ) );
#3241 = ORIENTED_EDGE('',*,*,#3242,.T.);
#3242 = EDGE_CURVE('',#3192,#3243,#3245,.T.);
#3243 = VERTEX_POINT('',#3244);
#3244 = CARTESIAN_POINT('',(176.36917278516,20.729666822786,
    19.211018314404));
#3245 = SURFACE_CURVE('',#3246,(#3249,#3255),.PCURVE_S1.);
#3246 = B_SPLINE_CURVE_WITH_KNOTS('',1,(#3247,#3248),.UNSPECIFIED.,.F.,
  .F.,(2,2),(0.,21.36917278516),.PIECEWISE_BEZIER_KNOTS.);
#3247 = CARTESIAN_POINT('',(155.,20.729666822786,19.211018314404));
#3248 = CARTESIAN_POINT('',(176.36917278516,20.729666822786,
    19.211018314404));
#3249 = PCURVE('',#932,#3250);
#3250 = DEFINITIONAL_REPRESENTATION('',(#3251),#3254);
#3251 = B_SPLINE_CURVE_WITH_KNOTS('',1,(#3252,#3253),.UNSPECIFIED.,.F.,
  .F.,(2,2),(0.,21.36917278516),.PIECEWISE_BEZIER_KNOTS.);
#3252 = CARTESIAN_POINT('',(13.105509157202,5.));
#3253 = CARTESIAN_POINT('',(13.105509157202,26.36917278516));
#3254 = ( GEOMETRIC_REPRESENTATION_CONTEXT(2) 
PARAMETRIC_REPRESENTATION_CONTEXT() REPRESENTATION_CONTEXT('2D SPACE',''
  ) );
#3255 = PCURVE('',#3256,#3261);
#3256 = B_SPLINE_SURFACE_WITH_KNOTS('',1,1,(
    (#3257,#3258)
    ,(#3259,#3260
    )),.UNSPECIFIED.,.F.,.F.,.F.,(2,2),(2,2),(0.,21.36917278516),(
    -58.54066635442,0.),.PIECEWISE_BEZIER_KNOTS.);
#3257 = CARTESIAN_POINT('',(155.,79.270333177214,19.211018314404));
#3258 = CARTESIAN_POINT('',(155.,20.729666822786,19.211018314404));
#3259 = CARTESIAN_POINT('',(176.36917278516,79.270333177214,
    19.211018314404));
#3260 = CARTESIAN_POINT('',(176.36917278516,20.729666822786,
    19.211018314404));
#3261 = DEFINITIONAL_REPRESENTATION('',(#3262),#3265);
#3262 = B_SPLINE_CURVE_WITH_KNOTS('',1,(#3263,#3264),.UNSPECIFIED.,.F.,
  .F.,(2,2),(0.,21.36917278516),.PIECEWISE_BEZIER_KNOTS.);
#3263 = CARTESIAN_POINT('',(0.,0.));
#3264 = CARTESIAN_POINT('',(21.36917278516,0.));
#3265 = ( GEOMETRIC_REPRESENTATION_CONTEXT(2) 
PARAMETRIC_REPRESENTATION_CONTEXT() REPRESENTATION_CONTEXT('2D SPACE',''
  ) );
#3266 = ORIENTED_EDGE('',*,*,#3267,.T.);
#3267 = EDGE_CURVE('',#3243,#3268,#3270,.T.);
#3268 = VERTEX_POINT('',#3269);
#3269 = CARTESIAN_POINT('',(176.36917278516,20.729666822786,
    15.211018314404));
#3270 = SURFACE_CURVE('',#3271,(#3274,#3280),.PCURVE_S1.);
#3271 = B_SPLINE_CURVE_WITH_KNOTS('',1,(#3272,#3273),.UNSPECIFIED.,.F.,
  .F.,(2,2),(0.,4.),.PIECEWISE_BEZIER_KNOTS.);
#3272 = CARTESIAN_POINT('',(176.36917278516,20.729666822786,
    19.211018314404));
#3273 = CARTESIAN_POINT('',(176.36917278516,20.729666822786,
    15.211018314404));
#3274 = PCURVE('',#932,#3275);
#3275 = DEFINITIONAL_REPRESENTATION('',(#3276),#3279);
#3276 = B_SPLINE_CURVE_WITH_KNOTS('',1,(#3277,#3278),.UNSPECIFIED.,.F.,
  .F.,(2,2),(0.,4.),.PIECEWISE_BEZIER_KNOTS.);
#3277 = CARTESIAN_POINT('',(13.105509157202,26.36917278516));
#3278 = CARTESIAN_POINT('',(9.105509157202,26.36917278516));
#3279 = ( GEOMETRIC_REPRESENTATION_CONTEXT(2) 
PARAMETRIC_REPRESENTATION_CONTEXT() REPRESENTATION_CONTEXT('2D SPACE',''
  ) );
#3280 = PCURVE('',#3281,#3286);
#3281 = B_SPLINE_SURFACE_WITH_KNOTS('',1,1,(
    (#3282,#3283)
    ,(#3284,#3285
    )),.UNSPECIFIED.,.F.,.F.,.F.,(2,2),(2,2),(-2.,2.),(-29.27033317721,
    29.270333177214),.PIECEWISE_BEZIER_KNOTS.);
#3282 = CARTESIAN_POINT('',(176.36917278516,79.270333177214,
    15.211018314404));
#3283 = CARTESIAN_POINT('',(176.36917278516,20.729666822786,
    15.211018314404));
#3284 = CARTESIAN_POINT('',(176.36917278516,79.270333177214,
    19.211018314404));
#3285 = CARTESIAN_POINT('',(176.36917278516,20.729666822786,
    19.211018314404));
#3286 = DEFINITIONAL_REPRESENTATION('',(#3287),#3290);
#3287 = B_SPLINE_CURVE_WITH_KNOTS('',1,(#3288,#3289),.UNSPECIFIED.,.F.,
  .F.,(2,2),(0.,4.),.PIECEWISE_BEZIER_KNOTS.);
#3288 = CARTESIAN_POINT('',(2.,29.270333177214));
#3289 = CARTESIAN_POINT('',(-2.,29.270333177214));
#3290 = ( GEOMETRIC_REPRESENTATION_CONTEXT(2) 
PARAMETRIC_REPRESENTATION_CONTEXT() REPRESENTATION_CONTEXT('2D SPACE',''
  ) );
#3291 = ORIENTED_EDGE('',*,*,#3292,.F.);
#3292 = EDGE_CURVE('',#3293,#3268,#3295,.T.);
#3293 = VERTEX_POINT('',#3294);
#3294 = CARTESIAN_POINT('',(155.,20.729666822786,15.211018314404));
#3295 = SURFACE_CURVE('',#3296,(#3299,#3305),.PCURVE_S1.);
#3296 = B_SPLINE_CURVE_WITH_KNOTS('',1,(#3297,#3298),.UNSPECIFIED.,.F.,
  .F.,(2,2),(0.,21.36917278516),.PIECEWISE_BEZIER_KNOTS.);
#3297 = CARTESIAN_POINT('',(155.,20.729666822786,15.211018314404));
#3298 = CARTESIAN_POINT('',(176.36917278516,20.729666822786,
    15.211018314404));
#3299 = PCURVE('',#932,#3300);
#3300 = DEFINITIONAL_REPRESENTATION('',(#3301),#3304);
#3301 = B_SPLINE_CURVE_WITH_KNOTS('',1,(#3302,#3303),.UNSPECIFIED.,.F.,
  .F.,(2,2),(0.,21.36917278516),.PIECEWISE_BEZIER_KNOTS.);
#3302 = CARTESIAN_POINT('',(9.105509157202,5.));
#3303 = CARTESIAN_POINT('',(9.105509157202,26.36917278516));
#3304 = ( GEOMETRIC_REPRESENTATION_CONTEXT(2) 
PARAMETRIC_REPRESENTATION_CONTEXT() REPRESENTATION_CONTEXT('2D SPACE',''
  ) );
#3305 = PCURVE('',#3306,#3311);
#3306 = B_SPLINE_SURFACE_WITH_KNOTS('',1,1,(
    (#3307,#3308)
    ,(#3309,#3310
    )),.UNSPECIFIED.,.F.,.F.,.F.,(2,2),(2,2),(0.,21.36917278516),(
    -58.54066635442,0.),.PIECEWISE_BEZIER_KNOTS.);
#3307 = CARTESIAN_POINT('',(155.,79.270333177214,15.211018314404));
#3308 = CARTESIAN_POINT('',(155.,20.729666822786,15.211018314404));
#3309 = CARTESIAN_POINT('',(176.36917278516,79.270333177214,
    15.211018314404));
#3310 = CARTESIAN_POINT('',(176.36917278516,20.729666822786,
    15.211018314404));
#3311 = DEFINITIONAL_REPRESENTATION('',(#3312),#3315);
#3312 = B_SPLINE_CURVE_WITH_KNOTS('',1,(#3313,#3314),.UNSPECIFIED.,.F.,
  .F.,(2,2),(0.,21.36917278516),.PIECEWISE_BEZIER_KNOTS.);
#3313 = CARTESIAN_POINT('',(0.,0.));
#3314 = CARTESIAN_POINT('',(21.36917278516,0.));
#3315 = ( GEOMETRIC_REPRESENTATION_CONTEXT(2) 
PARAMETRIC_REPRESENTATION_CONTEXT() REPRESENTATION_CONTEXT('2D SPACE',''
  ) );
#3316 = ORIENTED_EDGE('',*,*,#3317,.F.);
#3317 = EDGE_CURVE('',#3318,#3293,#3320,.T.);
#3318 = VERTEX_POINT('',#3319);
#3319 = CARTESIAN_POINT('',(152.,20.729666822786,12.211018314404));
#3320 = SURFACE_CURVE('',#3321,(#3331,#3344),.PCURVE_S1.);
#3321 = B_SPLINE_CURVE_WITH_KNOTS('',8,(#3322,#3323,#3324,#3325,#3326,
    #3327,#3328,#3329,#3330),.UNSPECIFIED.,.F.,.F.,(9,9),(1.570796326795
    ,3.14159265359),.PIECEWISE_BEZIER_KNOTS.);
#3322 = CARTESIAN_POINT('',(152.,20.729666822786,12.211018314404));
#3323 = CARTESIAN_POINT('',(152.,20.729666822787,12.800066936952));
#3324 = CARTESIAN_POINT('',(152.13218236688,20.729666822786,
    13.389115744917));
#3325 = CARTESIAN_POINT('',(152.39654580239,20.729666822788,
    13.943558017409));
#3326 = CARTESIAN_POINT('',(152.78222373265,20.729666822785,
    14.428794581744));
#3327 = CARTESIAN_POINT('',(153.267460297,20.729666822788,
    14.814472512018));
#3328 = CARTESIAN_POINT('',(153.82190256948,20.729666822786,
    15.078835947521));
#3329 = CARTESIAN_POINT('',(154.41095137745,20.729666822787,
    15.211018314404));
#3330 = CARTESIAN_POINT('',(155.,20.729666822786,15.211018314404));
#3331 = PCURVE('',#932,#3332);
#3332 = DEFINITIONAL_REPRESENTATION('',(#3333),#3343);
#3333 = B_SPLINE_CURVE_WITH_KNOTS('',8,(#3334,#3335,#3336,#3337,#3338,
    #3339,#3340,#3341,#3342),.UNSPECIFIED.,.F.,.F.,(9,9),(1.570796326795
    ,3.14159265359),.PIECEWISE_BEZIER_KNOTS.);
#3334 = CARTESIAN_POINT('',(6.105509157202,2.));
#3335 = CARTESIAN_POINT('',(6.69455777975,2.000000000001));
#3336 = CARTESIAN_POINT('',(7.283606587715,2.132182366881));
#3337 = CARTESIAN_POINT('',(7.838048860207,2.396545802391));
#3338 = CARTESIAN_POINT('',(8.323285424542,2.782223732652));
#3339 = CARTESIAN_POINT('',(8.708963354816,3.267460297003));
#3340 = CARTESIAN_POINT('',(8.973326790318,3.821902569483));
#3341 = CARTESIAN_POINT('',(9.105509157202,4.410951377453));
#3342 = CARTESIAN_POINT('',(9.105509157202,5.));
#3343 = ( GEOMETRIC_REPRESENTATION_CONTEXT(2) 
PARAMETRIC_REPRESENTATION_CONTEXT() REPRESENTATION_CONTEXT('2D SPACE',''
  ) );
#3344 = PCURVE('',#3345,#3352);
#3345 = ( BOUNDED_SURFACE() B_SPLINE_SURFACE(2,1,(
    (#3346,#3347)
    ,(#3348,#3349)
    ,(#3350,#3351
)),.UNSPECIFIED.,.F.,.F.,.F.) B_SPLINE_SURFACE_WITH_KNOTS((3,3),(2,2),(
    1.570796326795,3.14159265359),(-58.54066635442,0.),
.PIECEWISE_BEZIER_KNOTS.) GEOMETRIC_REPRESENTATION_ITEM() 
RATIONAL_B_SPLINE_SURFACE((
    (1.,1.)
    ,(0.707106781187,0.707106781187)
,(1.,1.))) REPRESENTATION_ITEM('') SURFACE() );
#3346 = CARTESIAN_POINT('',(152.,79.270333177214,12.211018314404));
#3347 = CARTESIAN_POINT('',(152.,20.729666822786,12.211018314404));
#3348 = CARTESIAN_POINT('',(152.,79.270333177214,15.211018314404));
#3349 = CARTESIAN_POINT('',(152.,20.729666822786,15.211018314404));
#3350 = CARTESIAN_POINT('',(155.,79.270333177214,15.211018314404));
#3351 = CARTESIAN_POINT('',(155.,20.729666822786,15.211018314404));
#3352 = DEFINITIONAL_REPRESENTATION('',(#3353),#3366);
#3353 = B_SPLINE_CURVE_WITH_KNOTS('',6,(#3354,#3355,#3356,#3357,#3358,
    #3359,#3360,#3361,#3362,#3363,#3364,#3365),.UNSPECIFIED.,.F.,.F.,(7,
    5,7),(1.570796326795,2.356194490192,3.14159265359),.UNSPECIFIED.);
#3354 = CARTESIAN_POINT('',(1.570796326795,0.));
#3355 = CARTESIAN_POINT('',(1.716188979374,-1.181413344898E-13));
#3356 = CARTESIAN_POINT('',(1.852124737772,1.776031717219E-13));
#3357 = CARTESIAN_POINT('',(1.981984129099,-1.276757540476E-13));
#3358 = CARTESIAN_POINT('',(2.107991232819,4.496764950227E-14));
#3359 = CARTESIAN_POINT('',(2.232094107827,1.475422771632E-14));
#3360 = CARTESIAN_POINT('',(2.480294872559,1.477620074002E-14));
#3361 = CARTESIAN_POINT('',(2.604397747564,-2.739388983583E-14));
#3362 = CARTESIAN_POINT('',(2.730404851289,-8.034794233839E-14));
#3363 = CARTESIAN_POINT('',(2.860264242609,1.90044051706E-13));
#3364 = CARTESIAN_POINT('',(2.996200001012,-1.30654544083E-13));
#3365 = CARTESIAN_POINT('',(3.14159265359,0.));
#3366 = ( GEOMETRIC_REPRESENTATION_CONTEXT(2) 
PARAMETRIC_REPRESENTATION_CONTEXT() REPRESENTATION_CONTEXT('2D SPACE',''
  ) );
#3367 = ORIENTED_EDGE('',*,*,#3368,.F.);
#3368 = EDGE_CURVE('',#873,#3318,#3369,.T.);
#3369 = SURFACE_CURVE('',#3370,(#3373,#3379),.PCURVE_S1.);
#3370 = B_SPLINE_CURVE_WITH_KNOTS('',1,(#3371,#3372),.UNSPECIFIED.,.F.,
  .F.,(2,2),(3.,12.211018314404),.PIECEWISE_BEZIER_KNOTS.);
#3371 = CARTESIAN_POINT('',(152.,20.729666822786,3.));
#3372 = CARTESIAN_POINT('',(152.,20.729666822786,12.211018314404));
#3373 = PCURVE('',#932,#3374);
#3374 = DEFINITIONAL_REPRESENTATION('',(#3375),#3378);
#3375 = B_SPLINE_CURVE_WITH_KNOTS('',1,(#3376,#3377),.UNSPECIFIED.,.F.,
  .F.,(2,2),(3.,12.211018314404),.PIECEWISE_BEZIER_KNOTS.);
#3376 = CARTESIAN_POINT('',(-3.105509157202,2.));
#3377 = CARTESIAN_POINT('',(6.105509157202,2.));
#3378 = ( GEOMETRIC_REPRESENTATION_CONTEXT(2) 
PARAMETRIC_REPRESENTATION_CONTEXT() REPRESENTATION_CONTEXT('2D SPACE',''
  ) );
#3379 = PCURVE('',#1006,#3380);
#3380 = DEFINITIONAL_REPRESENTATION('',(#3381),#3384);
#3381 = B_SPLINE_CURVE_WITH_KNOTS('',1,(#3382,#3383),.UNSPECIFIED.,.F.,
  .F.,(2,2),(3.,12.211018314404),.PIECEWISE_BEZIER_KNOTS.);
#3382 = CARTESIAN_POINT('',(3.,0.));
#3383 = CARTESIAN_POINT('',(12.211018314404,0.));
#3384 = ( GEOMETRIC_REPRESENTATION_CONTEXT(2) 
PARAMETRIC_REPRESENTATION_CONTEXT() REPRESENTATION_CONTEXT('2D SPACE',''
  ) );
#3385 = ORIENTED_EDGE('',*,*,#917,.T.);
#3386 = ADVANCED_FACE('',(#3387),#1006,.T.);
#3387 = FACE_BOUND('',#3388,.T.);
#3388 = EDGE_LOOP('',(#3389,#3390,#3391,#3411));
#3389 = ORIENTED_EDGE('',*,*,#3368,.F.);
#3390 = ORIENTED_EDGE('',*,*,#991,.T.);
#3391 = ORIENTED_EDGE('',*,*,#3392,.T.);
#3392 = EDGE_CURVE('',#992,#3393,#3395,.T.);
#3393 = VERTEX_POINT('',#3394);
#3394 = CARTESIAN_POINT('',(152.,79.270333177214,12.211018314404));
#3395 = SURFACE_CURVE('',#3396,(#3399,#3405),.PCURVE_S1.);
#3396 = B_SPLINE_CURVE_WITH_KNOTS('',1,(#3397,#3398),.UNSPECIFIED.,.F.,
  .F.,(2,2),(3.,12.211018314404),.PIECEWISE_BEZIER_KNOTS.);
#3397 = CARTESIAN_POINT('',(152.,79.270333177214,3.));
#3398 = CARTESIAN_POINT('',(152.,79.270333177214,12.211018314404));
#3399 = PCURVE('',#1006,#3400);
#3400 = DEFINITIONAL_REPRESENTATION('',(#3401),#3404);
#3401 = B_SPLINE_CURVE_WITH_KNOTS('',1,(#3402,#3403),.UNSPECIFIED.,.F.,
  .F.,(2,2),(3.,12.211018314404),.PIECEWISE_BEZIER_KNOTS.);
#3402 = CARTESIAN_POINT('',(3.,-58.54066635442));
#3403 = CARTESIAN_POINT('',(12.211018314404,-58.54066635442));
#3404 = ( GEOMETRIC_REPRESENTATION_CONTEXT(2) 
PARAMETRIC_REPRESENTATION_CONTEXT() REPRESENTATION_CONTEXT('2D SPACE',''
  ) );
#3405 = PCURVE('',#1152,#3406);
#3406 = DEFINITIONAL_REPRESENTATION('',(#3407),#3410);
#3407 = B_SPLINE_CURVE_WITH_KNOTS('',1,(#3408,#3409),.UNSPECIFIED.,.F.,
  .F.,(2,2),(3.,12.211018314404),.PIECEWISE_BEZIER_KNOTS.);
#3408 = CARTESIAN_POINT('',(-3.105509157202,2.));
#3409 = CARTESIAN_POINT('',(6.105509157202,2.));
#3410 = ( GEOMETRIC_REPRESENTATION_CONTEXT(2) 
PARAMETRIC_REPRESENTATION_CONTEXT() REPRESENTATION_CONTEXT('2D SPACE',''
  ) );
#3411 = ORIENTED_EDGE('',*,*,#3412,.F.);
#3412 = EDGE_CURVE('',#3318,#3393,#3413,.T.);
#3413 = SURFACE_CURVE('',#3414,(#3417,#3423),.PCURVE_S1.);
#3414 = B_SPLINE_CURVE_WITH_KNOTS('',1,(#3415,#3416),.UNSPECIFIED.,.F.,
  .F.,(2,2),(0.,58.540666354427),.PIECEWISE_BEZIER_KNOTS.);
#3415 = CARTESIAN_POINT('',(152.,20.729666822786,12.211018314404));
#3416 = CARTESIAN_POINT('',(152.,79.270333177214,12.211018314404));
#3417 = PCURVE('',#1006,#3418);
#3418 = DEFINITIONAL_REPRESENTATION('',(#3419),#3422);
#3419 = B_SPLINE_CURVE_WITH_KNOTS('',1,(#3420,#3421),.UNSPECIFIED.,.F.,
  .F.,(2,2),(0.,58.540666354427),.PIECEWISE_BEZIER_KNOTS.);
#3420 = CARTESIAN_POINT('',(12.211018314404,0.));
#3421 = CARTESIAN_POINT('',(12.211018314404,-58.54066635442));
#3422 = ( GEOMETRIC_REPRESENTATION_CONTEXT(2) 
PARAMETRIC_REPRESENTATION_CONTEXT() REPRESENTATION_CONTEXT('2D SPACE',''
  ) );
#3423 = PCURVE('',#3345,#3424);
#3424 = DEFINITIONAL_REPRESENTATION('',(#3425),#3429);
#3425 = B_SPLINE_CURVE_WITH_KNOTS('',2,(#3426,#3427,#3428),
  .UNSPECIFIED.,.F.,.F.,(3,3),(0.,58.540666354427),
  .PIECEWISE_BEZIER_KNOTS.);
#3426 = CARTESIAN_POINT('',(1.570796326795,0.));
#3427 = CARTESIAN_POINT('',(1.570796326795,-29.27033317721));
#3428 = CARTESIAN_POINT('',(1.570796326795,-58.54066635442));
#3429 = ( GEOMETRIC_REPRESENTATION_CONTEXT(2) 
PARAMETRIC_REPRESENTATION_CONTEXT() REPRESENTATION_CONTEXT('2D SPACE',''
  ) );
#3430 = ADVANCED_FACE('',(#3431),#1080,.F.);
#3431 = FACE_BOUND('',#3432,.F.);
#3432 = EDGE_LOOP('',(#3433,#3434,#3435,#3455));
#3433 = ORIENTED_EDGE('',*,*,#3171,.F.);
#3434 = ORIENTED_EDGE('',*,*,#1065,.T.);
#3435 = ORIENTED_EDGE('',*,*,#3436,.T.);
#3436 = EDGE_CURVE('',#1066,#3437,#3439,.T.);
#3437 = VERTEX_POINT('',#3438);
#3438 = CARTESIAN_POINT('',(148.,79.270333177214,12.211018314404));
#3439 = SURFACE_CURVE('',#3440,(#3443,#3449),.PCURVE_S1.);
#3440 = B_SPLINE_CURVE_WITH_KNOTS('',1,(#3441,#3442),.UNSPECIFIED.,.F.,
  .F.,(2,2),(3.,12.211018314404),.PIECEWISE_BEZIER_KNOTS.);
#3441 = CARTESIAN_POINT('',(148.,79.270333177214,3.));
#3442 = CARTESIAN_POINT('',(148.,79.270333177214,12.211018314404));
#3443 = PCURVE('',#1080,#3444);
#3444 = DEFINITIONAL_REPRESENTATION('',(#3445),#3448);
#3445 = B_SPLINE_CURVE_WITH_KNOTS('',1,(#3446,#3447),.UNSPECIFIED.,.F.,
  .F.,(2,2),(3.,12.211018314404),.PIECEWISE_BEZIER_KNOTS.);
#3446 = CARTESIAN_POINT('',(3.,-58.54066635442));
#3447 = CARTESIAN_POINT('',(12.211018314404,-58.54066635442));
#3448 = ( GEOMETRIC_REPRESENTATION_CONTEXT(2) 
PARAMETRIC_REPRESENTATION_CONTEXT() REPRESENTATION_CONTEXT('2D SPACE',''
  ) );
#3449 = PCURVE('',#1152,#3450);
#3450 = DEFINITIONAL_REPRESENTATION('',(#3451),#3454);
#3451 = B_SPLINE_CURVE_WITH_KNOTS('',1,(#3452,#3453),.UNSPECIFIED.,.F.,
  .F.,(2,2),(3.,12.211018314404),.PIECEWISE_BEZIER_KNOTS.);
#3452 = CARTESIAN_POINT('',(-3.105509157202,-2.));
#3453 = CARTESIAN_POINT('',(6.105509157202,-2.));
#3454 = ( GEOMETRIC_REPRESENTATION_CONTEXT(2) 
PARAMETRIC_REPRESENTATION_CONTEXT() REPRESENTATION_CONTEXT('2D SPACE',''
  ) );
#3455 = ORIENTED_EDGE('',*,*,#3456,.F.);
#3456 = EDGE_CURVE('',#3172,#3437,#3457,.T.);
#3457 = SURFACE_CURVE('',#3458,(#3461,#3467),.PCURVE_S1.);
#3458 = B_SPLINE_CURVE_WITH_KNOTS('',1,(#3459,#3460),.UNSPECIFIED.,.F.,
  .F.,(2,2),(0.,58.540666354427),.PIECEWISE_BEZIER_KNOTS.);
#3459 = CARTESIAN_POINT('',(148.,20.729666822786,12.211018314404));
#3460 = CARTESIAN_POINT('',(148.,79.270333177214,12.211018314404));
#3461 = PCURVE('',#1080,#3462);
#3462 = DEFINITIONAL_REPRESENTATION('',(#3463),#3466);
#3463 = B_SPLINE_CURVE_WITH_KNOTS('',1,(#3464,#3465),.UNSPECIFIED.,.F.,
  .F.,(2,2),(0.,58.540666354427),.PIECEWISE_BEZIER_KNOTS.);
#3464 = CARTESIAN_POINT('',(12.211018314404,0.));
#3465 = CARTESIAN_POINT('',(12.211018314404,-58.54066635442));
#3466 = ( GEOMETRIC_REPRESENTATION_CONTEXT(2) 
PARAMETRIC_REPRESENTATION_CONTEXT() REPRESENTATION_CONTEXT('2D SPACE',''
  ) );
#3467 = PCURVE('',#3219,#3468);
#3468 = DEFINITIONAL_REPRESENTATION('',(#3469),#3473);
#3469 = B_SPLINE_CURVE_WITH_KNOTS('',2,(#3470,#3471,#3472),
  .UNSPECIFIED.,.F.,.F.,(3,3),(0.,58.540666354427),
  .PIECEWISE_BEZIER_KNOTS.);
#3470 = CARTESIAN_POINT('',(1.570796326795,0.));
#3471 = CARTESIAN_POINT('',(1.570796326795,-29.27033317721));
#3472 = CARTESIAN_POINT('',(1.570796326795,-58.54066635442));
#3473 = ( GEOMETRIC_REPRESENTATION_CONTEXT(2) 
PARAMETRIC_REPRESENTATION_CONTEXT() REPRESENTATION_CONTEXT('2D SPACE',''
  ) );
#3474 = ADVANCED_FACE('',(#3475),#1152,.T.);
#3475 = FACE_BOUND('',#3476,.T.);
#3476 = EDGE_LOOP('',(#3477,#3478,#3522,#3542,#3562,#3582,#3624,#3625));
#3477 = ORIENTED_EDGE('',*,*,#3436,.T.);
#3478 = ORIENTED_EDGE('',*,*,#3479,.T.);
#3479 = EDGE_CURVE('',#3437,#3480,#3482,.T.);
#3480 = VERTEX_POINT('',#3481);
#3481 = CARTESIAN_POINT('',(155.,79.270333177214,19.211018314404));
#3482 = SURFACE_CURVE('',#3483,(#3493,#3506),.PCURVE_S1.);
#3483 = B_SPLINE_CURVE_WITH_KNOTS('',8,(#3484,#3485,#3486,#3487,#3488,
    #3489,#3490,#3491,#3492),.UNSPECIFIED.,.F.,.F.,(9,9),(1.570796326795
    ,3.14159265359),.PIECEWISE_BEZIER_KNOTS.);
#3484 = CARTESIAN_POINT('',(148.,79.270333177214,12.211018314404));
#3485 = CARTESIAN_POINT('',(148.,79.270333177214,13.58546510035));
#3486 = CARTESIAN_POINT('',(148.30842552272,79.270333177212,
    14.959912318934));
#3487 = CARTESIAN_POINT('',(148.9252735389,79.270333177218,
    16.25361095475));
#3488 = CARTESIAN_POINT('',(149.82518870953,79.270333177208,
    17.385829604863));
#3489 = CARTESIAN_POINT('',(150.95740735966,79.270333177219,
    18.285744775505));
#3490 = CARTESIAN_POINT('',(152.25110599546,79.27033317721,
    18.902592791676));
#3491 = CARTESIAN_POINT('',(153.62555321405,79.270333177215,
    19.211018314404));
#3492 = CARTESIAN_POINT('',(155.,79.270333177214,19.211018314404));
#3493 = PCURVE('',#1152,#3494);
#3494 = DEFINITIONAL_REPRESENTATION('',(#3495),#3505);
#3495 = B_SPLINE_CURVE_WITH_KNOTS('',8,(#3496,#3497,#3498,#3499,#3500,
    #3501,#3502,#3503,#3504),.UNSPECIFIED.,.F.,.F.,(9,9),(1.570796326795
    ,3.14159265359),.PIECEWISE_BEZIER_KNOTS.);
#3496 = CARTESIAN_POINT('',(6.105509157202,-2.));
#3497 = CARTESIAN_POINT('',(7.479955943148,-1.999999999999));
#3498 = CARTESIAN_POINT('',(8.854403161732,-1.691574477274));
#3499 = CARTESIAN_POINT('',(10.148101797548,-1.074726461095));
#3500 = CARTESIAN_POINT('',(11.280320447661,-0.174811290466));
#3501 = CARTESIAN_POINT('',(12.180235618302,0.957407359661));
#3502 = CARTESIAN_POINT('',(12.797083634473,2.251105995467));
#3503 = CARTESIAN_POINT('',(13.105509157202,3.625553214056));
#3504 = CARTESIAN_POINT('',(13.105509157202,5.));
#3505 = ( GEOMETRIC_REPRESENTATION_CONTEXT(2) 
PARAMETRIC_REPRESENTATION_CONTEXT() REPRESENTATION_CONTEXT('2D SPACE',''
  ) );
#3506 = PCURVE('',#3219,#3507);
#3507 = DEFINITIONAL_REPRESENTATION('',(#3508),#3521);
#3508 = B_SPLINE_CURVE_WITH_KNOTS('',6,(#3509,#3510,#3511,#3512,#3513,
    #3514,#3515,#3516,#3517,#3518,#3519,#3520),.UNSPECIFIED.,.F.,.F.,(7,
    5,7),(1.570796326795,2.356194490192,3.14159265359),.UNSPECIFIED.);
#3509 = CARTESIAN_POINT('',(1.570796326795,-58.54066635442));
#3510 = CARTESIAN_POINT('',(1.716188979374,-58.54066635444));
#3511 = CARTESIAN_POINT('',(1.852124737775,-58.5406663544));
#3512 = CARTESIAN_POINT('',(1.981984129095,-58.54066635447));
#3513 = CARTESIAN_POINT('',(2.107991232821,-58.54066635442));
#3514 = CARTESIAN_POINT('',(2.232094107826,-58.54066635443));
#3515 = CARTESIAN_POINT('',(2.480294872559,-58.54066635442));
#3516 = CARTESIAN_POINT('',(2.604397747564,-58.54066635446));
#3517 = CARTESIAN_POINT('',(2.730404851288,-58.54066635443));
#3518 = CARTESIAN_POINT('',(2.86026424261,-58.54066635446));
#3519 = CARTESIAN_POINT('',(2.996200001011,-58.54066635443));
#3520 = CARTESIAN_POINT('',(3.14159265359,-58.54066635442));
#3521 = ( GEOMETRIC_REPRESENTATION_CONTEXT(2) 
PARAMETRIC_REPRESENTATION_CONTEXT() REPRESENTATION_CONTEXT('2D SPACE',''
  ) );
#3522 = ORIENTED_EDGE('',*,*,#3523,.T.);
#3523 = EDGE_CURVE('',#3480,#3524,#3526,.T.);
#3524 = VERTEX_POINT('',#3525);
#3525 = CARTESIAN_POINT('',(176.36917278516,79.270333177214,
    19.211018314404));
#3526 = SURFACE_CURVE('',#3527,(#3530,#3536),.PCURVE_S1.);
#3527 = B_SPLINE_CURVE_WITH_KNOTS('',1,(#3528,#3529),.UNSPECIFIED.,.F.,
  .F.,(2,2),(0.,21.36917278516),.PIECEWISE_BEZIER_KNOTS.);
#3528 = CARTESIAN_POINT('',(155.,79.270333177214,19.211018314404));
#3529 = CARTESIAN_POINT('',(176.36917278516,79.270333177214,
    19.211018314404));
#3530 = PCURVE('',#1152,#3531);
#3531 = DEFINITIONAL_REPRESENTATION('',(#3532),#3535);
#3532 = B_SPLINE_CURVE_WITH_KNOTS('',1,(#3533,#3534),.UNSPECIFIED.,.F.,
  .F.,(2,2),(0.,21.36917278516),.PIECEWISE_BEZIER_KNOTS.);
#3533 = CARTESIAN_POINT('',(13.105509157202,5.));
#3534 = CARTESIAN_POINT('',(13.105509157202,26.36917278516));
#3535 = ( GEOMETRIC_REPRESENTATION_CONTEXT(2) 
PARAMETRIC_REPRESENTATION_CONTEXT() REPRESENTATION_CONTEXT('2D SPACE',''
  ) );
#3536 = PCURVE('',#3256,#3537);
#3537 = DEFINITIONAL_REPRESENTATION('',(#3538),#3541);
#3538 = B_SPLINE_CURVE_WITH_KNOTS('',1,(#3539,#3540),.UNSPECIFIED.,.F.,
  .F.,(2,2),(0.,21.36917278516),.PIECEWISE_BEZIER_KNOTS.);
#3539 = CARTESIAN_POINT('',(0.,-58.54066635442));
#3540 = CARTESIAN_POINT('',(21.36917278516,-58.54066635442));
#3541 = ( GEOMETRIC_REPRESENTATION_CONTEXT(2) 
PARAMETRIC_REPRESENTATION_CONTEXT() REPRESENTATION_CONTEXT('2D SPACE',''
  ) );
#3542 = ORIENTED_EDGE('',*,*,#3543,.T.);
#3543 = EDGE_CURVE('',#3524,#3544,#3546,.T.);
#3544 = VERTEX_POINT('',#3545);
#3545 = CARTESIAN_POINT('',(176.36917278516,79.270333177214,
    15.211018314404));
#3546 = SURFACE_CURVE('',#3547,(#3550,#3556),.PCURVE_S1.);
#3547 = B_SPLINE_CURVE_WITH_KNOTS('',1,(#3548,#3549),.UNSPECIFIED.,.F.,
  .F.,(2,2),(0.,4.),.PIECEWISE_BEZIER_KNOTS.);
#3548 = CARTESIAN_POINT('',(176.36917278516,79.270333177214,
    19.211018314404));
#3549 = CARTESIAN_POINT('',(176.36917278516,79.270333177214,
    15.211018314404));
#3550 = PCURVE('',#1152,#3551);
#3551 = DEFINITIONAL_REPRESENTATION('',(#3552),#3555);
#3552 = B_SPLINE_CURVE_WITH_KNOTS('',1,(#3553,#3554),.UNSPECIFIED.,.F.,
  .F.,(2,2),(0.,4.),.PIECEWISE_BEZIER_KNOTS.);
#3553 = CARTESIAN_POINT('',(13.105509157202,26.36917278516));
#3554 = CARTESIAN_POINT('',(9.105509157202,26.36917278516));
#3555 = ( GEOMETRIC_REPRESENTATION_CONTEXT(2) 
PARAMETRIC_REPRESENTATION_CONTEXT() REPRESENTATION_CONTEXT('2D SPACE',''
  ) );
#3556 = PCURVE('',#3281,#3557);
#3557 = DEFINITIONAL_REPRESENTATION('',(#3558),#3561);
#3558 = B_SPLINE_CURVE_WITH_KNOTS('',1,(#3559,#3560),.UNSPECIFIED.,.F.,
  .F.,(2,2),(0.,4.),.PIECEWISE_BEZIER_KNOTS.);
#3559 = CARTESIAN_POINT('',(2.,-29.27033317721));
#3560 = CARTESIAN_POINT('',(-2.,-29.27033317721));
#3561 = ( GEOMETRIC_REPRESENTATION_CONTEXT(2) 
PARAMETRIC_REPRESENTATION_CONTEXT() REPRESENTATION_CONTEXT('2D SPACE',''
  ) );
#3562 = ORIENTED_EDGE('',*,*,#3563,.F.);
#3563 = EDGE_CURVE('',#3564,#3544,#3566,.T.);
#3564 = VERTEX_POINT('',#3565);
#3565 = CARTESIAN_POINT('',(155.,79.270333177214,15.211018314404));
#3566 = SURFACE_CURVE('',#3567,(#3570,#3576),.PCURVE_S1.);
#3567 = B_SPLINE_CURVE_WITH_KNOTS('',1,(#3568,#3569),.UNSPECIFIED.,.F.,
  .F.,(2,2),(0.,21.36917278516),.PIECEWISE_BEZIER_KNOTS.);
#3568 = CARTESIAN_POINT('',(155.,79.270333177214,15.211018314404));
#3569 = CARTESIAN_POINT('',(176.36917278516,79.270333177214,
    15.211018314404));
#3570 = PCURVE('',#1152,#3571);
#3571 = DEFINITIONAL_REPRESENTATION('',(#3572),#3575);
#3572 = B_SPLINE_CURVE_WITH_KNOTS('',1,(#3573,#3574),.UNSPECIFIED.,.F.,
  .F.,(2,2),(0.,21.36917278516),.PIECEWISE_BEZIER_KNOTS.);
#3573 = CARTESIAN_POINT('',(9.105509157202,5.));
#3574 = CARTESIAN_POINT('',(9.105509157202,26.36917278516));
#3575 = ( GEOMETRIC_REPRESENTATION_CONTEXT(2) 
PARAMETRIC_REPRESENTATION_CONTEXT() REPRESENTATION_CONTEXT('2D SPACE',''
  ) );
#3576 = PCURVE('',#3306,#3577);
#3577 = DEFINITIONAL_REPRESENTATION('',(#3578),#3581);
#3578 = B_SPLINE_CURVE_WITH_KNOTS('',1,(#3579,#3580),.UNSPECIFIED.,.F.,
  .F.,(2,2),(0.,21.36917278516),.PIECEWISE_BEZIER_KNOTS.);
#3579 = CARTESIAN_POINT('',(0.,-58.54066635442));
#3580 = CARTESIAN_POINT('',(21.36917278516,-58.54066635442));
#3581 = ( GEOMETRIC_REPRESENTATION_CONTEXT(2) 
PARAMETRIC_REPRESENTATION_CONTEXT() REPRESENTATION_CONTEXT('2D SPACE',''
  ) );
#3582 = ORIENTED_EDGE('',*,*,#3583,.F.);
#3583 = EDGE_CURVE('',#3393,#3564,#3584,.T.);
#3584 = SURFACE_CURVE('',#3585,(#3595,#3608),.PCURVE_S1.);
#3585 = B_SPLINE_CURVE_WITH_KNOTS('',8,(#3586,#3587,#3588,#3589,#3590,
    #3591,#3592,#3593,#3594),.UNSPECIFIED.,.F.,.F.,(9,9),(1.570796326795
    ,3.14159265359),.PIECEWISE_BEZIER_KNOTS.);
#3586 = CARTESIAN_POINT('',(152.,79.270333177214,12.211018314404));
#3587 = CARTESIAN_POINT('',(152.,79.270333177214,12.800066936952));
#3588 = CARTESIAN_POINT('',(152.13218236688,79.270333177212,
    13.389115744917));
#3589 = CARTESIAN_POINT('',(152.39654580239,79.270333177218,
    13.943558017409));
#3590 = CARTESIAN_POINT('',(152.78222373265,79.270333177208,
    14.428794581744));
#3591 = CARTESIAN_POINT('',(153.267460297,79.270333177219,
    14.814472512018));
#3592 = CARTESIAN_POINT('',(153.82190256948,79.27033317721,
    15.078835947521));
#3593 = CARTESIAN_POINT('',(154.41095137745,79.270333177215,
    15.211018314404));
#3594 = CARTESIAN_POINT('',(155.,79.270333177214,15.211018314404));
#3595 = PCURVE('',#1152,#3596);
#3596 = DEFINITIONAL_REPRESENTATION('',(#3597),#3607);
#3597 = B_SPLINE_CURVE_WITH_KNOTS('',8,(#3598,#3599,#3600,#3601,#3602,
    #3603,#3604,#3605,#3606),.UNSPECIFIED.,.F.,.F.,(9,9),(1.570796326795
    ,3.14159265359),.PIECEWISE_BEZIER_KNOTS.);
#3598 = CARTESIAN_POINT('',(6.105509157202,2.));
#3599 = CARTESIAN_POINT('',(6.69455777975,2.000000000001));
#3600 = CARTESIAN_POINT('',(7.283606587715,2.132182366881));
#3601 = CARTESIAN_POINT('',(7.838048860207,2.396545802391));
#3602 = CARTESIAN_POINT('',(8.323285424542,2.782223732652));
#3603 = CARTESIAN_POINT('',(8.708963354816,3.267460297003));
#3604 = CARTESIAN_POINT('',(8.973326790318,3.821902569483));
#3605 = CARTESIAN_POINT('',(9.105509157202,4.410951377453));
#3606 = CARTESIAN_POINT('',(9.105509157202,5.));
#3607 = ( GEOMETRIC_REPRESENTATION_CONTEXT(2) 
PARAMETRIC_REPRESENTATION_CONTEXT() REPRESENTATION_CONTEXT('2D SPACE',''
  ) );
#3608 = PCURVE('',#3345,#3609);
#3609 = DEFINITIONAL_REPRESENTATION('',(#3610),#3623);
#3610 = B_SPLINE_CURVE_WITH_KNOTS('',6,(#3611,#3612,#3613,#3614,#3615,
    #3616,#3617,#3618,#3619,#3620,#3621,#3622),.UNSPECIFIED.,.F.,.F.,(7,
    5,7),(1.570796326795,2.356194490192,3.14159265359),.UNSPECIFIED.);
#3611 = CARTESIAN_POINT('',(1.570796326795,-58.54066635442));
#3612 = CARTESIAN_POINT('',(1.716188979374,-58.54066635443));
#3613 = CARTESIAN_POINT('',(1.852124737772,-58.54066635439));
#3614 = CARTESIAN_POINT('',(1.981984129099,-58.54066635446));
#3615 = CARTESIAN_POINT('',(2.107991232819,-58.54066635442));
#3616 = CARTESIAN_POINT('',(2.232094107827,-58.54066635443));
#3617 = CARTESIAN_POINT('',(2.480294872559,-58.54066635442));
#3618 = CARTESIAN_POINT('',(2.604397747564,-58.54066635443));
#3619 = CARTESIAN_POINT('',(2.730404851289,-58.54066635437));
#3620 = CARTESIAN_POINT('',(2.860264242609,-58.54066635443));
#3621 = CARTESIAN_POINT('',(2.996200001012,-58.54066635443));
#3622 = CARTESIAN_POINT('',(3.14159265359,-58.54066635442));
#3623 = ( GEOMETRIC_REPRESENTATION_CONTEXT(2) 
PARAMETRIC_REPRESENTATION_CONTEXT() REPRESENTATION_CONTEXT('2D SPACE',''
  ) );
#3624 = ORIENTED_EDGE('',*,*,#3392,.F.);
#3625 = ORIENTED_EDGE('',*,*,#1139,.T.);
#3626 = ADVANCED_FACE('',(#3627),#1184,.F.);
#3627 = FACE_BOUND('',#3628,.F.);
#3628 = EDGE_LOOP('',(#3629,#3630,#3631,#3632));
#3629 = ORIENTED_EDGE('',*,*,#1168,.T.);
#3630 = ORIENTED_EDGE('',*,*,#1278,.T.);
#3631 = ORIENTED_EDGE('',*,*,#1321,.T.);
#3632 = ORIENTED_EDGE('',*,*,#1235,.T.);
#3633 = ADVANCED_FACE('',(#3634),#1405,.F.);
#3634 = FACE_BOUND('',#3635,.F.);
#3635 = EDGE_LOOP('',(#3636,#3656,#3707,#3732,#3783,#3801,#3802,#3822,
    #3873,#3898,#3949,#3967));
#3636 = ORIENTED_EDGE('',*,*,#3637,.T.);
#3637 = EDGE_CURVE('',#1391,#3638,#3640,.T.);
#3638 = VERTEX_POINT('',#3639);
#3639 = CARTESIAN_POINT('',(239.34822027514,29.714869582776,
    24.945155373933));
#3640 = SURFACE_CURVE('',#3641,(#3644,#3650),.PCURVE_S1.);
#3641 = B_SPLINE_CURVE_WITH_KNOTS('',1,(#3642,#3643),.UNSPECIFIED.,.F.,
  .F.,(2,2),(3.,24.945155373933),.PIECEWISE_BEZIER_KNOTS.);
#3642 = CARTESIAN_POINT('',(239.34822027514,29.714869582776,3.));
#3643 = CARTESIAN_POINT('',(239.34822027514,29.714869582776,
    24.945155373933));
#3644 = PCURVE('',#1405,#3645);
#3645 = DEFINITIONAL_REPRESENTATION('',(#3646),#3649);
#3646 = B_SPLINE_CURVE_WITH_KNOTS('',1,(#3647,#3648),.UNSPECIFIED.,.F.,
  .F.,(2,2),(3.,24.945155373933),.PIECEWISE_BEZIER_KNOTS.);
#3647 = CARTESIAN_POINT('',(-9.472577686966,-2.));
#3648 = CARTESIAN_POINT('',(12.472577686966,-2.));
#3649 = ( GEOMETRIC_REPRESENTATION_CONTEXT(2) 
PARAMETRIC_REPRESENTATION_CONTEXT() REPRESENTATION_CONTEXT('2D SPACE',''
  ) );
#3650 = PCURVE('',#1553,#3651);
#3651 = DEFINITIONAL_REPRESENTATION('',(#3652),#3655);
#3652 = B_SPLINE_CURVE_WITH_KNOTS('',1,(#3653,#3654),.UNSPECIFIED.,.F.,
  .F.,(2,2),(3.,24.945155373933),.PIECEWISE_BEZIER_KNOTS.);
#3653 = CARTESIAN_POINT('',(3.,0.));
#3654 = CARTESIAN_POINT('',(24.945155373933,0.));
#3655 = ( GEOMETRIC_REPRESENTATION_CONTEXT(2) 
PARAMETRIC_REPRESENTATION_CONTEXT() REPRESENTATION_CONTEXT('2D SPACE',''
  ) );
#3656 = ORIENTED_EDGE('',*,*,#3657,.T.);
#3657 = EDGE_CURVE('',#3638,#3658,#3660,.T.);
#3658 = VERTEX_POINT('',#3659);
#3659 = CARTESIAN_POINT('',(246.34822027514,29.714869582776,
    31.945155373933));
#3660 = SURFACE_CURVE('',#3661,(#3671,#3684),.PCURVE_S1.);
#3661 = B_SPLINE_CURVE_WITH_KNOTS('',8,(#3662,#3663,#3664,#3665,#3666,
    #3667,#3668,#3669,#3670),.UNSPECIFIED.,.F.,.F.,(9,9),(1.570796326795
    ,3.14159265359),.PIECEWISE_BEZIER_KNOTS.);
#3662 = CARTESIAN_POINT('',(239.34822027514,29.714869582776,
    24.945155373933));
#3663 = CARTESIAN_POINT('',(239.34822027514,29.714869582776,
    26.319602159878));
#3664 = CARTESIAN_POINT('',(239.65664579786,29.714869582776,
    27.694049378462));
#3665 = CARTESIAN_POINT('',(240.27349381405,29.714869582777,
    28.987748014279));
#3666 = CARTESIAN_POINT('',(241.17340898466,29.714869582775,
    30.119966664391));
#3667 = CARTESIAN_POINT('',(242.3056276348,29.714869582778,
    31.019881835034));
#3668 = CARTESIAN_POINT('',(243.5993262706,29.714869582775,
    31.636729851204));
#3669 = CARTESIAN_POINT('',(244.97377348919,29.714869582776,
    31.945155373933));
#3670 = CARTESIAN_POINT('',(246.34822027514,29.714869582776,
    31.945155373933));
#3671 = PCURVE('',#1405,#3672);
#3672 = DEFINITIONAL_REPRESENTATION('',(#3673),#3683);
#3673 = B_SPLINE_CURVE_WITH_KNOTS('',8,(#3674,#3675,#3676,#3677,#3678,
    #3679,#3680,#3681,#3682),.UNSPECIFIED.,.F.,.F.,(9,9),(1.570796326795
    ,3.14159265359),.PIECEWISE_BEZIER_KNOTS.);
#3674 = CARTESIAN_POINT('',(12.472577686966,-2.));
#3675 = CARTESIAN_POINT('',(13.847024472912,-1.999999999998));
#3676 = CARTESIAN_POINT('',(15.221471691495,-1.691574477277));
#3677 = CARTESIAN_POINT('',(16.515170327313,-1.07472646109));
#3678 = CARTESIAN_POINT('',(17.647388977424,-0.174811290472));
#3679 = CARTESIAN_POINT('',(18.547304148067,0.957407359666));
#3680 = CARTESIAN_POINT('',(19.164152164237,2.251105995464));
#3681 = CARTESIAN_POINT('',(19.472577686966,3.625553214057));
#3682 = CARTESIAN_POINT('',(19.472577686966,5.));
#3683 = ( GEOMETRIC_REPRESENTATION_CONTEXT(2) 
PARAMETRIC_REPRESENTATION_CONTEXT() REPRESENTATION_CONTEXT('2D SPACE',''
  ) );
#3684 = PCURVE('',#3685,#3692);
#3685 = ( BOUNDED_SURFACE() B_SPLINE_SURFACE(2,1,(
    (#3686,#3687)
    ,(#3688,#3689)
    ,(#3690,#3691
)),.UNSPECIFIED.,.F.,.F.,.F.) B_SPLINE_SURFACE_WITH_KNOTS((3,3),(2,2),(
    1.570796326795,3.14159265359),(-40.57026083444,0.),
.PIECEWISE_BEZIER_KNOTS.) GEOMETRIC_REPRESENTATION_ITEM() 
RATIONAL_B_SPLINE_SURFACE((
    (1.,1.)
    ,(0.707106781187,0.707106781187)
,(1.,1.))) REPRESENTATION_ITEM('') SURFACE() );
#3686 = CARTESIAN_POINT('',(239.34822027514,70.285130417224,
    24.945155373933));
#3687 = CARTESIAN_POINT('',(239.34822027514,29.714869582776,
    24.945155373933));
#3688 = CARTESIAN_POINT('',(239.34822027514,70.285130417224,
    31.945155373933));
#3689 = CARTESIAN_POINT('',(239.34822027514,29.714869582776,
    31.945155373933));
#3690 = CARTESIAN_POINT('',(246.34822027514,70.285130417224,
    31.945155373933));
#3691 = CARTESIAN_POINT('',(246.34822027514,29.714869582776,
    31.945155373933));
#3692 = DEFINITIONAL_REPRESENTATION('',(#3693),#3706);
#3693 = B_SPLINE_CURVE_WITH_KNOTS('',6,(#3694,#3695,#3696,#3697,#3698,
    #3699,#3700,#3701,#3702,#3703,#3704,#3705),.UNSPECIFIED.,.F.,.F.,(7,
    5,7),(1.570796326795,2.356194490192,3.14159265359),.UNSPECIFIED.);
#3694 = CARTESIAN_POINT('',(1.570796326795,7.105427357601E-15));
#3695 = CARTESIAN_POINT('',(1.716188979375,-1.364003797796E-13));
#3696 = CARTESIAN_POINT('',(1.852124737773,1.73990605052E-13));
#3697 = CARTESIAN_POINT('',(1.981984129098,-1.547443137392E-14));
#3698 = CARTESIAN_POINT('',(2.107991232818,-6.765526763361E-14));
#3699 = CARTESIAN_POINT('',(2.232094107827,8.608625759384E-14));
#3700 = CARTESIAN_POINT('',(2.480294872559,3.150619428413E-14));
#3701 = CARTESIAN_POINT('',(2.604397747565,-1.8776598855E-14));
#3702 = CARTESIAN_POINT('',(2.73040485129,-8.496762520791E-14));
#3703 = CARTESIAN_POINT('',(2.86026424261,2.093878058941E-13));
#3704 = CARTESIAN_POINT('',(2.996200001012,-1.355732029163E-13));
#3705 = CARTESIAN_POINT('',(3.14159265359,7.105427357601E-15));
#3706 = ( GEOMETRIC_REPRESENTATION_CONTEXT(2) 
PARAMETRIC_REPRESENTATION_CONTEXT() REPRESENTATION_CONTEXT('2D SPACE',''
  ) );
#3707 = ORIENTED_EDGE('',*,*,#3708,.T.);
#3708 = EDGE_CURVE('',#3658,#3709,#3711,.T.);
#3709 = VERTEX_POINT('',#3710);
#3710 = CARTESIAN_POINT('',(253.65177972485,29.714869582776,
    31.945155373933));
#3711 = SURFACE_CURVE('',#3712,(#3715,#3721),.PCURVE_S1.);
#3712 = B_SPLINE_CURVE_WITH_KNOTS('',1,(#3713,#3714),.UNSPECIFIED.,.F.,
  .F.,(2,2),(0.,7.303559449718),.PIECEWISE_BEZIER_KNOTS.);
#3713 = CARTESIAN_POINT('',(246.34822027514,29.714869582776,
    31.945155373933));
#3714 = CARTESIAN_POINT('',(253.65177972485,29.714869582776,
    31.945155373933));
#3715 = PCURVE('',#1405,#3716);
#3716 = DEFINITIONAL_REPRESENTATION('',(#3717),#3720);
#3717 = B_SPLINE_CURVE_WITH_KNOTS('',1,(#3718,#3719),.UNSPECIFIED.,.F.,
  .F.,(2,2),(0.,7.303559449718),.PIECEWISE_BEZIER_KNOTS.);
#3718 = CARTESIAN_POINT('',(19.472577686966,5.));
#3719 = CARTESIAN_POINT('',(19.472577686966,12.303559449718));
#3720 = ( GEOMETRIC_REPRESENTATION_CONTEXT(2) 
PARAMETRIC_REPRESENTATION_CONTEXT() REPRESENTATION_CONTEXT('2D SPACE',''
  ) );
#3721 = PCURVE('',#3722,#3727);
#3722 = B_SPLINE_SURFACE_WITH_KNOTS('',1,1,(
    (#3723,#3724)
    ,(#3725,#3726
    )),.UNSPECIFIED.,.F.,.F.,.F.,(2,2),(2,2),(0.,7.303559449718),(
    -40.57026083444,0.),.PIECEWISE_BEZIER_KNOTS.);
#3723 = CARTESIAN_POINT('',(246.34822027514,70.285130417224,
    31.945155373933));
#3724 = CARTESIAN_POINT('',(246.34822027514,29.714869582776,
    31.945155373933));
#3725 = CARTESIAN_POINT('',(253.65177972485,70.285130417224,
    31.945155373933));
#3726 = CARTESIAN_POINT('',(253.65177972485,29.714869582776,
    31.945155373933));
#3727 = DEFINITIONAL_REPRESENTATION('',(#3728),#3731);
#3728 = B_SPLINE_CURVE_WITH_KNOTS('',1,(#3729,#3730),.UNSPECIFIED.,.F.,
  .F.,(2,2),(0.,7.303559449718),.PIECEWISE_BEZIER_KNOTS.);
#3729 = CARTESIAN_POINT('',(0.,0.));
#3730 = CARTESIAN_POINT('',(7.303559449718,0.));
#3731 = ( GEOMETRIC_REPRESENTATION_CONTEXT(2) 
PARAMETRIC_REPRESENTATION_CONTEXT() REPRESENTATION_CONTEXT('2D SPACE',''
  ) );
#3732 = ORIENTED_EDGE('',*,*,#3733,.T.);
#3733 = EDGE_CURVE('',#3709,#3734,#3736,.T.);
#3734 = VERTEX_POINT('',#3735);
#3735 = CARTESIAN_POINT('',(260.65177972485,29.714869582776,
    24.945155373933));
#3736 = SURFACE_CURVE('',#3737,(#3747,#3760),.PCURVE_S1.);
#3737 = B_SPLINE_CURVE_WITH_KNOTS('',8,(#3738,#3739,#3740,#3741,#3742,
    #3743,#3744,#3745,#3746),.UNSPECIFIED.,.F.,.F.,(9,9),(3.14159265359,
    4.712388980385),.PIECEWISE_BEZIER_KNOTS.);
#3738 = CARTESIAN_POINT('',(253.65177972485,29.714869582776,
    31.945155373933));
#3739 = CARTESIAN_POINT('',(255.02622651081,29.714869582777,
    31.945155373933));
#3740 = CARTESIAN_POINT('',(256.40067372936,29.714869582774,
    31.636729851201));
#3741 = CARTESIAN_POINT('',(257.69437236523,29.714869582781,
    31.019881835037));
#3742 = CARTESIAN_POINT('',(258.82659101528,29.714869582771,
    30.119966664386));
#3743 = CARTESIAN_POINT('',(259.72650618598,29.71486958278,
    28.987748014282));
#3744 = CARTESIAN_POINT('',(260.34335420211,29.714869582774,
    27.69404937846));
#3745 = CARTESIAN_POINT('',(260.65177972486,29.714869582777,
    26.319602159879));
#3746 = CARTESIAN_POINT('',(260.65177972485,29.714869582776,
    24.945155373933));
#3747 = PCURVE('',#1405,#3748);
#3748 = DEFINITIONAL_REPRESENTATION('',(#3749),#3759);
#3749 = B_SPLINE_CURVE_WITH_KNOTS('',8,(#3750,#3751,#3752,#3753,#3754,
    #3755,#3756,#3757,#3758),.UNSPECIFIED.,.F.,.F.,(9,9),(3.14159265359,
    4.712388980385),.PIECEWISE_BEZIER_KNOTS.);
#3750 = CARTESIAN_POINT('',(19.472577686966,12.303559449718));
#3751 = CARTESIAN_POINT('',(19.472577686967,13.67800623567));
#3752 = CARTESIAN_POINT('',(19.164152164235,15.052453454227));
#3753 = CARTESIAN_POINT('',(18.547304148071,16.346152090098));
#3754 = CARTESIAN_POINT('',(17.64738897742,17.47837074014));
#3755 = CARTESIAN_POINT('',(16.515170327316,18.378285910845));
#3756 = CARTESIAN_POINT('',(15.221471691494,18.995133926977));
#3757 = CARTESIAN_POINT('',(13.847024472912,19.303559449721));
#3758 = CARTESIAN_POINT('',(12.472577686966,19.303559449718));
#3759 = ( GEOMETRIC_REPRESENTATION_CONTEXT(2) 
PARAMETRIC_REPRESENTATION_CONTEXT() REPRESENTATION_CONTEXT('2D SPACE',''
  ) );
#3760 = PCURVE('',#3761,#3768);
#3761 = ( BOUNDED_SURFACE() B_SPLINE_SURFACE(2,1,(
    (#3762,#3763)
    ,(#3764,#3765)
    ,(#3766,#3767
)),.UNSPECIFIED.,.F.,.F.,.F.) B_SPLINE_SURFACE_WITH_KNOTS((3,3),(2,2),(
    3.14159265359,4.712388980385),(-40.57026083444,0.),
.PIECEWISE_BEZIER_KNOTS.) GEOMETRIC_REPRESENTATION_ITEM() 
RATIONAL_B_SPLINE_SURFACE((
    (1.,1.)
    ,(0.707106781187,0.707106781187)
,(1.,1.))) REPRESENTATION_ITEM('') SURFACE() );
#3762 = CARTESIAN_POINT('',(253.65177972485,70.285130417224,
    31.945155373933));
#3763 = CARTESIAN_POINT('',(253.65177972485,29.714869582776,
    31.945155373933));
#3764 = CARTESIAN_POINT('',(260.65177972485,70.285130417224,
    31.945155373933));
#3765 = CARTESIAN_POINT('',(260.65177972485,29.714869582776,
    31.945155373933));
#3766 = CARTESIAN_POINT('',(260.65177972485,70.285130417224,
    24.945155373933));
#3767 = CARTESIAN_POINT('',(260.65177972485,29.714869582776,
    24.945155373933));
#3768 = DEFINITIONAL_REPRESENTATION('',(#3769),#3782);
#3769 = B_SPLINE_CURVE_WITH_KNOTS('',6,(#3770,#3771,#3772,#3773,#3774,
    #3775,#3776,#3777,#3778,#3779,#3780,#3781),.UNSPECIFIED.,.F.,.F.,(7,
    5,7),(3.14159265359,3.926990816987,4.712388980385),.UNSPECIFIED.);
#3770 = CARTESIAN_POINT('',(3.14159265359,3.552713678801E-15));
#3771 = CARTESIAN_POINT('',(3.28698530617,-5.446291579217E-13));
#3772 = CARTESIAN_POINT('',(3.422921064567,7.6796387186E-13));
#3773 = CARTESIAN_POINT('',(3.552780455894,-4.30261159928E-13));
#3774 = CARTESIAN_POINT('',(3.678787559613,1.048274944476E-13));
#3775 = CARTESIAN_POINT('',(3.802890434621,-3.030402605158E-14));
#3776 = CARTESIAN_POINT('',(4.051091199354,5.840295277336E-15));
#3777 = CARTESIAN_POINT('',(4.175194074362,1.038977260041E-13));
#3778 = CARTESIAN_POINT('',(4.30120117808,-3.658411558116E-13));
#3779 = CARTESIAN_POINT('',(4.431060569406,4.938266453578E-13));
#3780 = CARTESIAN_POINT('',(4.566996327806,-2.95451717471E-13));
#3781 = CARTESIAN_POINT('',(4.712388980385,-3.552713678801E-15));
#3782 = ( GEOMETRIC_REPRESENTATION_CONTEXT(2) 
PARAMETRIC_REPRESENTATION_CONTEXT() REPRESENTATION_CONTEXT('2D SPACE',''
  ) );
#3783 = ORIENTED_EDGE('',*,*,#3784,.T.);
#3784 = EDGE_CURVE('',#3734,#1756,#3785,.T.);
#3785 = SURFACE_CURVE('',#3786,(#3789,#3795),.PCURVE_S1.);
#3786 = B_SPLINE_CURVE_WITH_KNOTS('',1,(#3787,#3788),.UNSPECIFIED.,.F.,
  .F.,(2,2),(0.,21.945155373933),.PIECEWISE_BEZIER_KNOTS.);
#3787 = CARTESIAN_POINT('',(260.65177972485,29.714869582776,
    24.945155373933));
#3788 = CARTESIAN_POINT('',(260.65177972485,29.714869582776,3.));
#3789 = PCURVE('',#1405,#3790);
#3790 = DEFINITIONAL_REPRESENTATION('',(#3791),#3794);
#3791 = B_SPLINE_CURVE_WITH_KNOTS('',1,(#3792,#3793),.UNSPECIFIED.,.F.,
  .F.,(2,2),(0.,21.945155373933),.PIECEWISE_BEZIER_KNOTS.);
#3792 = CARTESIAN_POINT('',(12.472577686966,19.303559449718));
#3793 = CARTESIAN_POINT('',(-9.472577686966,19.303559449718));
#3794 = ( GEOMETRIC_REPRESENTATION_CONTEXT(2) 
PARAMETRIC_REPRESENTATION_CONTEXT() REPRESENTATION_CONTEXT('2D SPACE',''
  ) );
#3795 = PCURVE('',#1770,#3796);
#3796 = DEFINITIONAL_REPRESENTATION('',(#3797),#3800);
#3797 = B_SPLINE_CURVE_WITH_KNOTS('',1,(#3798,#3799),.UNSPECIFIED.,.F.,
  .F.,(2,2),(0.,21.945155373933),.PIECEWISE_BEZIER_KNOTS.);
#3798 = CARTESIAN_POINT('',(0.,0.));
#3799 = CARTESIAN_POINT('',(21.945155373933,0.));
#3800 = ( GEOMETRIC_REPRESENTATION_CONTEXT(2) 
PARAMETRIC_REPRESENTATION_CONTEXT() REPRESENTATION_CONTEXT('2D SPACE',''
  ) );
#3801 = ORIENTED_EDGE('',*,*,#1903,.T.);
#3802 = ORIENTED_EDGE('',*,*,#3803,.F.);
#3803 = EDGE_CURVE('',#3804,#1830,#3806,.T.);
#3804 = VERTEX_POINT('',#3805);
#3805 = CARTESIAN_POINT('',(256.65177972485,29.714869582776,
    24.945155373933));
#3806 = SURFACE_CURVE('',#3807,(#3810,#3816),.PCURVE_S1.);
#3807 = B_SPLINE_CURVE_WITH_KNOTS('',1,(#3808,#3809),.UNSPECIFIED.,.F.,
  .F.,(2,2),(0.,21.945155373933),.PIECEWISE_BEZIER_KNOTS.);
#3808 = CARTESIAN_POINT('',(256.65177972485,29.714869582776,
    24.945155373933));
#3809 = CARTESIAN_POINT('',(256.65177972485,29.714869582776,3.));
#3810 = PCURVE('',#1405,#3811);
#3811 = DEFINITIONAL_REPRESENTATION('',(#3812),#3815);
#3812 = B_SPLINE_CURVE_WITH_KNOTS('',1,(#3813,#3814),.UNSPECIFIED.,.F.,
  .F.,(2,2),(0.,21.945155373933),.PIECEWISE_BEZIER_KNOTS.);
#3813 = CARTESIAN_POINT('',(12.472577686966,15.303559449718));
#3814 = CARTESIAN_POINT('',(-9.472577686966,15.303559449718));
#3815 = ( GEOMETRIC_REPRESENTATION_CONTEXT(2) 
PARAMETRIC_REPRESENTATION_CONTEXT() REPRESENTATION_CONTEXT('2D SPACE',''
  ) );
#3816 = PCURVE('',#1844,#3817);
#3817 = DEFINITIONAL_REPRESENTATION('',(#3818),#3821);
#3818 = B_SPLINE_CURVE_WITH_KNOTS('',1,(#3819,#3820),.UNSPECIFIED.,.F.,
  .F.,(2,2),(0.,21.945155373933),.PIECEWISE_BEZIER_KNOTS.);
#3819 = CARTESIAN_POINT('',(0.,0.));
#3820 = CARTESIAN_POINT('',(21.945155373933,0.));
#3821 = ( GEOMETRIC_REPRESENTATION_CONTEXT(2) 
PARAMETRIC_REPRESENTATION_CONTEXT() REPRESENTATION_CONTEXT('2D SPACE',''
  ) );
#3822 = ORIENTED_EDGE('',*,*,#3823,.F.);
#3823 = EDGE_CURVE('',#3824,#3804,#3826,.T.);
#3824 = VERTEX_POINT('',#3825);
#3825 = CARTESIAN_POINT('',(253.65177972485,29.714869582776,
    27.945155373933));
#3826 = SURFACE_CURVE('',#3827,(#3837,#3850),.PCURVE_S1.);
#3827 = B_SPLINE_CURVE_WITH_KNOTS('',8,(#3828,#3829,#3830,#3831,#3832,
    #3833,#3834,#3835,#3836),.UNSPECIFIED.,.F.,.F.,(9,9),(3.14159265359,
    4.712388980385),.PIECEWISE_BEZIER_KNOTS.);
#3828 = CARTESIAN_POINT('',(253.65177972485,29.714869582776,
    27.945155373933));
#3829 = CARTESIAN_POINT('',(254.24082834741,29.714869582777,
    27.945155373933));
#3830 = CARTESIAN_POINT('',(254.82987715534,29.714869582774,
    27.812973007047));
#3831 = CARTESIAN_POINT('',(255.3843194279,29.714869582781,
    27.548609571551));
#3832 = CARTESIAN_POINT('',(255.86955599215,29.714869582771,
    27.162931641268));
#3833 = CARTESIAN_POINT('',(256.2552339225,29.71486958278,
    26.677695076941));
#3834 = CARTESIAN_POINT('',(256.51959735795,29.714869582774,
    26.123252804444));
#3835 = CARTESIAN_POINT('',(256.65177972486,29.714869582777,
    25.534203996481));
#3836 = CARTESIAN_POINT('',(256.65177972485,29.714869582776,
    24.945155373933));
#3837 = PCURVE('',#1405,#3838);
#3838 = DEFINITIONAL_REPRESENTATION('',(#3839),#3849);
#3839 = B_SPLINE_CURVE_WITH_KNOTS('',8,(#3840,#3841,#3842,#3843,#3844,
    #3845,#3846,#3847,#3848),.UNSPECIFIED.,.F.,.F.,(9,9),(3.14159265359,
    4.712388980385),.PIECEWISE_BEZIER_KNOTS.);
#3840 = CARTESIAN_POINT('',(15.472577686966,12.303559449718));
#3841 = CARTESIAN_POINT('',(15.472577686967,12.892608072274));
#3842 = CARTESIAN_POINT('',(15.34039532008,13.481656880206));
#3843 = CARTESIAN_POINT('',(15.076031884585,14.036099152765));
#3844 = CARTESIAN_POINT('',(14.690353954301,14.52133571701));
#3845 = CARTESIAN_POINT('',(14.205117389975,14.907013647368));
#3846 = CARTESIAN_POINT('',(13.650675117477,15.171377082816));
#3847 = CARTESIAN_POINT('',(13.061626309515,15.303559449723));
#3848 = CARTESIAN_POINT('',(12.472577686966,15.303559449718));
#3849 = ( GEOMETRIC_REPRESENTATION_CONTEXT(2) 
PARAMETRIC_REPRESENTATION_CONTEXT() REPRESENTATION_CONTEXT('2D SPACE',''
  ) );
#3850 = PCURVE('',#3851,#3858);
#3851 = ( BOUNDED_SURFACE() B_SPLINE_SURFACE(2,1,(
    (#3852,#3853)
    ,(#3854,#3855)
    ,(#3856,#3857
)),.UNSPECIFIED.,.F.,.F.,.F.) B_SPLINE_SURFACE_WITH_KNOTS((3,3),(2,2),(
    3.14159265359,4.712388980385),(-40.57026083444,0.),
.PIECEWISE_BEZIER_KNOTS.) GEOMETRIC_REPRESENTATION_ITEM() 
RATIONAL_B_SPLINE_SURFACE((
    (1.,1.)
    ,(0.707106781187,0.707106781187)
,(1.,1.))) REPRESENTATION_ITEM('') SURFACE() );
#3852 = CARTESIAN_POINT('',(253.65177972485,70.285130417224,
    27.945155373933));
#3853 = CARTESIAN_POINT('',(253.65177972485,29.714869582776,
    27.945155373933));
#3854 = CARTESIAN_POINT('',(256.65177972485,70.285130417224,
    27.945155373933));
#3855 = CARTESIAN_POINT('',(256.65177972485,29.714869582776,
    27.945155373933));
#3856 = CARTESIAN_POINT('',(256.65177972485,70.285130417224,
    24.945155373933));
#3857 = CARTESIAN_POINT('',(256.65177972485,29.714869582776,
    24.945155373933));
#3858 = DEFINITIONAL_REPRESENTATION('',(#3859),#3872);
#3859 = B_SPLINE_CURVE_WITH_KNOTS('',6,(#3860,#3861,#3862,#3863,#3864,
    #3865,#3866,#3867,#3868,#3869,#3870,#3871),.UNSPECIFIED.,.F.,.F.,(7,
    5,7),(3.14159265359,3.926990816987,4.712388980385),.UNSPECIFIED.);
#3860 = CARTESIAN_POINT('',(3.14159265359,3.552713678801E-15));
#3861 = CARTESIAN_POINT('',(3.286985306172,-5.669216022944E-13));
#3862 = CARTESIAN_POINT('',(3.422921064563,8.082836698858E-13));
#3863 = CARTESIAN_POINT('',(3.552780455897,-4.233776291362E-13));
#3864 = CARTESIAN_POINT('',(3.67878755961,6.924622553766E-14));
#3865 = CARTESIAN_POINT('',(3.802890434622,-1.984626654275E-14));
#3866 = CARTESIAN_POINT('',(4.051091199354,3.786745984571E-15));
#3867 = CARTESIAN_POINT('',(4.175194074359,1.178633244104E-13));
#3868 = CARTESIAN_POINT('',(4.301201178085,-3.771208053349E-13));
#3869 = CARTESIAN_POINT('',(4.431060569405,4.776482350346E-13));
#3870 = CARTESIAN_POINT('',(4.566996327806,-2.893564233621E-13));
#3871 = CARTESIAN_POINT('',(4.712388980385,-3.552713678801E-15));
#3872 = ( GEOMETRIC_REPRESENTATION_CONTEXT(2) 
PARAMETRIC_REPRESENTATION_CONTEXT() REPRESENTATION_CONTEXT('2D SPACE',''
  ) );
#3873 = ORIENTED_EDGE('',*,*,#3874,.F.);
#3874 = EDGE_CURVE('',#3875,#3824,#3877,.T.);
#3875 = VERTEX_POINT('',#3876);
#3876 = CARTESIAN_POINT('',(246.34822027514,29.714869582776,
    27.945155373933));
#3877 = SURFACE_CURVE('',#3878,(#3881,#3887),.PCURVE_S1.);
#3878 = B_SPLINE_CURVE_WITH_KNOTS('',1,(#3879,#3880),.UNSPECIFIED.,.F.,
  .F.,(2,2),(0.,7.303559449718),.PIECEWISE_BEZIER_KNOTS.);
#3879 = CARTESIAN_POINT('',(246.34822027514,29.714869582776,
    27.945155373933));
#3880 = CARTESIAN_POINT('',(253.65177972485,29.714869582776,
    27.945155373933));
#3881 = PCURVE('',#1405,#3882);
#3882 = DEFINITIONAL_REPRESENTATION('',(#3883),#3886);
#3883 = B_SPLINE_CURVE_WITH_KNOTS('',1,(#3884,#3885),.UNSPECIFIED.,.F.,
  .F.,(2,2),(0.,7.303559449718),.PIECEWISE_BEZIER_KNOTS.);
#3884 = CARTESIAN_POINT('',(15.472577686966,5.));
#3885 = CARTESIAN_POINT('',(15.472577686966,12.303559449718));
#3886 = ( GEOMETRIC_REPRESENTATION_CONTEXT(2) 
PARAMETRIC_REPRESENTATION_CONTEXT() REPRESENTATION_CONTEXT('2D SPACE',''
  ) );
#3887 = PCURVE('',#3888,#3893);
#3888 = B_SPLINE_SURFACE_WITH_KNOTS('',1,1,(
    (#3889,#3890)
    ,(#3891,#3892
    )),.UNSPECIFIED.,.F.,.F.,.F.,(2,2),(2,2),(0.,7.303559449718),(
    -40.57026083444,0.),.PIECEWISE_BEZIER_KNOTS.);
#3889 = CARTESIAN_POINT('',(246.34822027514,70.285130417224,
    27.945155373933));
#3890 = CARTESIAN_POINT('',(246.34822027514,29.714869582776,
    27.945155373933));
#3891 = CARTESIAN_POINT('',(253.65177972485,70.285130417224,
    27.945155373933));
#3892 = CARTESIAN_POINT('',(253.65177972485,29.714869582776,
    27.945155373933));
#3893 = DEFINITIONAL_REPRESENTATION('',(#3894),#3897);
#3894 = B_SPLINE_CURVE_WITH_KNOTS('',1,(#3895,#3896),.UNSPECIFIED.,.F.,
  .F.,(2,2),(0.,7.303559449718),.PIECEWISE_BEZIER_KNOTS.);
#3895 = CARTESIAN_POINT('',(0.,0.));
#3896 = CARTESIAN_POINT('',(7.303559449718,0.));
#3897 = ( GEOMETRIC_REPRESENTATION_CONTEXT(2) 
PARAMETRIC_REPRESENTATION_CONTEXT() REPRESENTATION_CONTEXT('2D SPACE',''
  ) );
#3898 = ORIENTED_EDGE('',*,*,#3899,.F.);
#3899 = EDGE_CURVE('',#3900,#3875,#3902,.T.);
#3900 = VERTEX_POINT('',#3901);
#3901 = CARTESIAN_POINT('',(243.34822027514,29.714869582776,
    24.945155373933));
#3902 = SURFACE_CURVE('',#3903,(#3913,#3926),.PCURVE_S1.);
#3903 = B_SPLINE_CURVE_WITH_KNOTS('',8,(#3904,#3905,#3906,#3907,#3908,
    #3909,#3910,#3911,#3912),.UNSPECIFIED.,.F.,.F.,(9,9),(1.570796326795
    ,3.14159265359),.PIECEWISE_BEZIER_KNOTS.);
#3904 = CARTESIAN_POINT('',(243.34822027514,29.714869582776,
    24.945155373933));
#3905 = CARTESIAN_POINT('',(243.34822027514,29.714869582776,
    25.534203996481));
#3906 = CARTESIAN_POINT('',(243.48040264202,29.714869582776,
    26.123252804445));
#3907 = CARTESIAN_POINT('',(243.74476607753,29.714869582777,
    26.677695076938));
#3908 = CARTESIAN_POINT('',(244.13044400779,29.714869582775,
    27.162931641271));
#3909 = CARTESIAN_POINT('',(244.61568057214,29.714869582778,
    27.548609571548));
#3910 = CARTESIAN_POINT('',(245.17012284462,29.714869582775,
    27.812973007048));
#3911 = CARTESIAN_POINT('',(245.75917165259,29.714869582776,
    27.945155373933));
#3912 = CARTESIAN_POINT('',(246.34822027514,29.714869582776,
    27.945155373933));
#3913 = PCURVE('',#1405,#3914);
#3914 = DEFINITIONAL_REPRESENTATION('',(#3915),#3925);
#3915 = B_SPLINE_CURVE_WITH_KNOTS('',8,(#3916,#3917,#3918,#3919,#3920,
    #3921,#3922,#3923,#3924),.UNSPECIFIED.,.F.,.F.,(9,9),(1.570796326795
    ,3.14159265359),.PIECEWISE_BEZIER_KNOTS.);
#3916 = CARTESIAN_POINT('',(12.472577686966,2.));
#3917 = CARTESIAN_POINT('',(13.061626309514,2.000000000001));
#3918 = CARTESIAN_POINT('',(13.650675117479,2.13218236688));
#3919 = CARTESIAN_POINT('',(14.205117389972,2.396545802392));
#3920 = CARTESIAN_POINT('',(14.690353954305,2.78222373265));
#3921 = CARTESIAN_POINT('',(15.076031884581,3.267460297004));
#3922 = CARTESIAN_POINT('',(15.340395320082,3.821902569483));
#3923 = CARTESIAN_POINT('',(15.472577686966,4.410951377453));
#3924 = CARTESIAN_POINT('',(15.472577686966,5.));
#3925 = ( GEOMETRIC_REPRESENTATION_CONTEXT(2) 
PARAMETRIC_REPRESENTATION_CONTEXT() REPRESENTATION_CONTEXT('2D SPACE',''
  ) );
#3926 = PCURVE('',#3927,#3934);
#3927 = ( BOUNDED_SURFACE() B_SPLINE_SURFACE(2,1,(
    (#3928,#3929)
    ,(#3930,#3931)
    ,(#3932,#3933
)),.UNSPECIFIED.,.F.,.F.,.F.) B_SPLINE_SURFACE_WITH_KNOTS((3,3),(2,2),(
    1.570796326795,3.14159265359),(-40.57026083444,0.),
.PIECEWISE_BEZIER_KNOTS.) GEOMETRIC_REPRESENTATION_ITEM() 
RATIONAL_B_SPLINE_SURFACE((
    (1.,1.)
    ,(0.707106781187,0.707106781187)
,(1.,1.))) REPRESENTATION_ITEM('') SURFACE() );
#3928 = CARTESIAN_POINT('',(243.34822027514,70.285130417224,
    24.945155373933));
#3929 = CARTESIAN_POINT('',(243.34822027514,29.714869582776,
    24.945155373933));
#3930 = CARTESIAN_POINT('',(243.34822027514,70.285130417224,
    27.945155373933));
#3931 = CARTESIAN_POINT('',(243.34822027514,29.714869582776,
    27.945155373933));
#3932 = CARTESIAN_POINT('',(246.34822027514,70.285130417224,
    27.945155373933));
#3933 = CARTESIAN_POINT('',(246.34822027514,29.714869582776,
    27.945155373933));
#3934 = DEFINITIONAL_REPRESENTATION('',(#3935),#3948);
#3935 = B_SPLINE_CURVE_WITH_KNOTS('',6,(#3936,#3937,#3938,#3939,#3940,
    #3941,#3942,#3943,#3944,#3945,#3946,#3947),.UNSPECIFIED.,.F.,.F.,(7,
    5,7),(1.570796326795,2.356194490192,3.14159265359),.UNSPECIFIED.);
#3936 = CARTESIAN_POINT('',(1.570796326795,7.105427357601E-15));
#3937 = CARTESIAN_POINT('',(1.716188979374,-1.322951901047E-13));
#3938 = CARTESIAN_POINT('',(1.852124737773,1.042073139361E-13));
#3939 = CARTESIAN_POINT('',(1.981984129099,5.662651135598E-14));
#3940 = CARTESIAN_POINT('',(2.107991232819,-8.785046890411E-14));
#3941 = CARTESIAN_POINT('',(2.232094107826,7.228763668037E-14));
#3942 = CARTESIAN_POINT('',(2.480294872559,5.381734013343E-14));
#3943 = CARTESIAN_POINT('',(2.604397747563,-6.578997431667E-14));
#3944 = CARTESIAN_POINT('',(2.730404851293,-5.400328334277E-14));
#3945 = CARTESIAN_POINT('',(2.860264242607,2.050623057085E-13));
#3946 = CARTESIAN_POINT('',(2.996200001012,-1.301736174872E-13));
#3947 = CARTESIAN_POINT('',(3.14159265359,7.105427357601E-15));
#3948 = ( GEOMETRIC_REPRESENTATION_CONTEXT(2) 
PARAMETRIC_REPRESENTATION_CONTEXT() REPRESENTATION_CONTEXT('2D SPACE',''
  ) );
#3949 = ORIENTED_EDGE('',*,*,#3950,.F.);
#3950 = EDGE_CURVE('',#1346,#3900,#3951,.T.);
#3951 = SURFACE_CURVE('',#3952,(#3955,#3961),.PCURVE_S1.);
#3952 = B_SPLINE_CURVE_WITH_KNOTS('',1,(#3953,#3954),.UNSPECIFIED.,.F.,
  .F.,(2,2),(3.,24.945155373933),.PIECEWISE_BEZIER_KNOTS.);
#3953 = CARTESIAN_POINT('',(243.34822027514,29.714869582776,3.));
#3954 = CARTESIAN_POINT('',(243.34822027514,29.714869582776,
    24.945155373933));
#3955 = PCURVE('',#1405,#3956);
#3956 = DEFINITIONAL_REPRESENTATION('',(#3957),#3960);
#3957 = B_SPLINE_CURVE_WITH_KNOTS('',1,(#3958,#3959),.UNSPECIFIED.,.F.,
  .F.,(2,2),(3.,24.945155373933),.PIECEWISE_BEZIER_KNOTS.);
#3958 = CARTESIAN_POINT('',(-9.472577686966,2.));
#3959 = CARTESIAN_POINT('',(12.472577686966,2.));
#3960 = ( GEOMETRIC_REPRESENTATION_CONTEXT(2) 
PARAMETRIC_REPRESENTATION_CONTEXT() REPRESENTATION_CONTEXT('2D SPACE',''
  ) );
#3961 = PCURVE('',#1479,#3962);
#3962 = DEFINITIONAL_REPRESENTATION('',(#3963),#3966);
#3963 = B_SPLINE_CURVE_WITH_KNOTS('',1,(#3964,#3965),.UNSPECIFIED.,.F.,
  .F.,(2,2),(3.,24.945155373933),.PIECEWISE_BEZIER_KNOTS.);
#3964 = CARTESIAN_POINT('',(3.,0.));
#3965 = CARTESIAN_POINT('',(24.945155373933,0.));
#3966 = ( GEOMETRIC_REPRESENTATION_CONTEXT(2) 
PARAMETRIC_REPRESENTATION_CONTEXT() REPRESENTATION_CONTEXT('2D SPACE',''
  ) );
#3967 = ORIENTED_EDGE('',*,*,#1390,.T.);
#3968 = ADVANCED_FACE('',(#3969),#1479,.T.);
#3969 = FACE_BOUND('',#3970,.T.);
#3970 = EDGE_LOOP('',(#3971,#3972,#3973,#3993));
#3971 = ORIENTED_EDGE('',*,*,#3950,.F.);
#3972 = ORIENTED_EDGE('',*,*,#1464,.T.);
#3973 = ORIENTED_EDGE('',*,*,#3974,.T.);
#3974 = EDGE_CURVE('',#1465,#3975,#3977,.T.);
#3975 = VERTEX_POINT('',#3976);
#3976 = CARTESIAN_POINT('',(243.34822027514,70.285130417224,
    24.945155373933));
#3977 = SURFACE_CURVE('',#3978,(#3981,#3987),.PCURVE_S1.);
#3978 = B_SPLINE_CURVE_WITH_KNOTS('',1,(#3979,#3980),.UNSPECIFIED.,.F.,
  .F.,(2,2),(3.,24.945155373933),.PIECEWISE_BEZIER_KNOTS.);
#3979 = CARTESIAN_POINT('',(243.34822027514,70.285130417224,3.));
#3980 = CARTESIAN_POINT('',(243.34822027514,70.285130417224,
    24.945155373933));
#3981 = PCURVE('',#1479,#3982);
#3982 = DEFINITIONAL_REPRESENTATION('',(#3983),#3986);
#3983 = B_SPLINE_CURVE_WITH_KNOTS('',1,(#3984,#3985),.UNSPECIFIED.,.F.,
  .F.,(2,2),(3.,24.945155373933),.PIECEWISE_BEZIER_KNOTS.);
#3984 = CARTESIAN_POINT('',(3.,-40.57026083444));
#3985 = CARTESIAN_POINT('',(24.945155373933,-40.57026083444));
#3986 = ( GEOMETRIC_REPRESENTATION_CONTEXT(2) 
PARAMETRIC_REPRESENTATION_CONTEXT() REPRESENTATION_CONTEXT('2D SPACE',''
  ) );
#3987 = PCURVE('',#1625,#3988);
#3988 = DEFINITIONAL_REPRESENTATION('',(#3989),#3992);
#3989 = B_SPLINE_CURVE_WITH_KNOTS('',1,(#3990,#3991),.UNSPECIFIED.,.F.,
  .F.,(2,2),(3.,24.945155373933),.PIECEWISE_BEZIER_KNOTS.);
#3990 = CARTESIAN_POINT('',(-9.472577686966,2.));
#3991 = CARTESIAN_POINT('',(12.472577686966,2.));
#3992 = ( GEOMETRIC_REPRESENTATION_CONTEXT(2) 
PARAMETRIC_REPRESENTATION_CONTEXT() REPRESENTATION_CONTEXT('2D SPACE',''
  ) );
#3993 = ORIENTED_EDGE('',*,*,#3994,.F.);
#3994 = EDGE_CURVE('',#3900,#3975,#3995,.T.);
#3995 = SURFACE_CURVE('',#3996,(#3999,#4005),.PCURVE_S1.);
#3996 = B_SPLINE_CURVE_WITH_KNOTS('',1,(#3997,#3998),.UNSPECIFIED.,.F.,
  .F.,(2,2),(0.,40.570260834448),.PIECEWISE_BEZIER_KNOTS.);
#3997 = CARTESIAN_POINT('',(243.34822027514,29.714869582776,
    24.945155373933));
#3998 = CARTESIAN_POINT('',(243.34822027514,70.285130417224,
    24.945155373933));
#3999 = PCURVE('',#1479,#4000);
#4000 = DEFINITIONAL_REPRESENTATION('',(#4001),#4004);
#4001 = B_SPLINE_CURVE_WITH_KNOTS('',1,(#4002,#4003),.UNSPECIFIED.,.F.,
  .F.,(2,2),(0.,40.570260834448),.PIECEWISE_BEZIER_KNOTS.);
#4002 = CARTESIAN_POINT('',(24.945155373933,0.));
#4003 = CARTESIAN_POINT('',(24.945155373933,-40.57026083444));
#4004 = ( GEOMETRIC_REPRESENTATION_CONTEXT(2) 
PARAMETRIC_REPRESENTATION_CONTEXT() REPRESENTATION_CONTEXT('2D SPACE',''
  ) );
#4005 = PCURVE('',#3927,#4006);
#4006 = DEFINITIONAL_REPRESENTATION('',(#4007),#4011);
#4007 = B_SPLINE_CURVE_WITH_KNOTS('',2,(#4008,#4009,#4010),
  .UNSPECIFIED.,.F.,.F.,(3,3),(0.,40.570260834448),
  .PIECEWISE_BEZIER_KNOTS.);
#4008 = CARTESIAN_POINT('',(1.570796326795,3.552713678801E-15));
#4009 = CARTESIAN_POINT('',(1.570796326795,-20.28513041722));
#4010 = CARTESIAN_POINT('',(1.570796326795,-40.57026083444));
#4011 = ( GEOMETRIC_REPRESENTATION_CONTEXT(2) 
PARAMETRIC_REPRESENTATION_CONTEXT() REPRESENTATION_CONTEXT('2D SPACE',''
  ) );
#4012 = ADVANCED_FACE('',(#4013),#1553,.F.);
#4013 = FACE_BOUND('',#4014,.F.);
#4014 = EDGE_LOOP('',(#4015,#4016,#4017,#4037));
#4015 = ORIENTED_EDGE('',*,*,#3637,.F.);
#4016 = ORIENTED_EDGE('',*,*,#1538,.T.);
#4017 = ORIENTED_EDGE('',*,*,#4018,.T.);
#4018 = EDGE_CURVE('',#1539,#4019,#4021,.T.);
#4019 = VERTEX_POINT('',#4020);
#4020 = CARTESIAN_POINT('',(239.34822027514,70.285130417224,
    24.945155373933));
#4021 = SURFACE_CURVE('',#4022,(#4025,#4031),.PCURVE_S1.);
#4022 = B_SPLINE_CURVE_WITH_KNOTS('',1,(#4023,#4024),.UNSPECIFIED.,.F.,
  .F.,(2,2),(3.,24.945155373933),.PIECEWISE_BEZIER_KNOTS.);
#4023 = CARTESIAN_POINT('',(239.34822027514,70.285130417224,3.));
#4024 = CARTESIAN_POINT('',(239.34822027514,70.285130417224,
    24.945155373933));
#4025 = PCURVE('',#1553,#4026);
#4026 = DEFINITIONAL_REPRESENTATION('',(#4027),#4030);
#4027 = B_SPLINE_CURVE_WITH_KNOTS('',1,(#4028,#4029),.UNSPECIFIED.,.F.,
  .F.,(2,2),(3.,24.945155373933),.PIECEWISE_BEZIER_KNOTS.);
#4028 = CARTESIAN_POINT('',(3.,-40.57026083444));
#4029 = CARTESIAN_POINT('',(24.945155373933,-40.57026083444));
#4030 = ( GEOMETRIC_REPRESENTATION_CONTEXT(2) 
PARAMETRIC_REPRESENTATION_CONTEXT() REPRESENTATION_CONTEXT('2D SPACE',''
  ) );
#4031 = PCURVE('',#1625,#4032);
#4032 = DEFINITIONAL_REPRESENTATION('',(#4033),#4036);
#4033 = B_SPLINE_CURVE_WITH_KNOTS('',1,(#4034,#4035),.UNSPECIFIED.,.F.,
  .F.,(2,2),(3.,24.945155373933),.PIECEWISE_BEZIER_KNOTS.);
#4034 = CARTESIAN_POINT('',(-9.472577686966,-2.));
#4035 = CARTESIAN_POINT('',(12.472577686966,-2.));
#4036 = ( GEOMETRIC_REPRESENTATION_CONTEXT(2) 
PARAMETRIC_REPRESENTATION_CONTEXT() REPRESENTATION_CONTEXT('2D SPACE',''
  ) );
#4037 = ORIENTED_EDGE('',*,*,#4038,.F.);
#4038 = EDGE_CURVE('',#3638,#4019,#4039,.T.);
#4039 = SURFACE_CURVE('',#4040,(#4043,#4049),.PCURVE_S1.);
#4040 = B_SPLINE_CURVE_WITH_KNOTS('',1,(#4041,#4042),.UNSPECIFIED.,.F.,
  .F.,(2,2),(0.,40.570260834448),.PIECEWISE_BEZIER_KNOTS.);
#4041 = CARTESIAN_POINT('',(239.34822027514,29.714869582776,
    24.945155373933));
#4042 = CARTESIAN_POINT('',(239.34822027514,70.285130417224,
    24.945155373933));
#4043 = PCURVE('',#1553,#4044);
#4044 = DEFINITIONAL_REPRESENTATION('',(#4045),#4048);
#4045 = B_SPLINE_CURVE_WITH_KNOTS('',1,(#4046,#4047),.UNSPECIFIED.,.F.,
  .F.,(2,2),(0.,40.570260834448),.PIECEWISE_BEZIER_KNOTS.);
#4046 = CARTESIAN_POINT('',(24.945155373933,0.));
#4047 = CARTESIAN_POINT('',(24.945155373933,-40.57026083444));
#4048 = ( GEOMETRIC_REPRESENTATION_CONTEXT(2) 
PARAMETRIC_REPRESENTATION_CONTEXT() REPRESENTATION_CONTEXT('2D SPACE',''
  ) );
#4049 = PCURVE('',#3685,#4050);
#4050 = DEFINITIONAL_REPRESENTATION('',(#4051),#4055);
#4051 = B_SPLINE_CURVE_WITH_KNOTS('',2,(#4052,#4053,#4054),
  .UNSPECIFIED.,.F.,.F.,(3,3),(0.,40.570260834448),
  .PIECEWISE_BEZIER_KNOTS.);
#4052 = CARTESIAN_POINT('',(1.570796326795,3.552713678801E-15));
#4053 = CARTESIAN_POINT('',(1.570796326795,-20.28513041722));
#4054 = CARTESIAN_POINT('',(1.570796326795,-40.57026083444));
#4055 = ( GEOMETRIC_REPRESENTATION_CONTEXT(2) 
PARAMETRIC_REPRESENTATION_CONTEXT() REPRESENTATION_CONTEXT('2D SPACE',''
  ) );
#4056 = ADVANCED_FACE('',(#4057),#1625,.T.);
#4057 = FACE_BOUND('',#4058,.T.);
#4058 = EDGE_LOOP('',(#4059,#4060,#4104,#4124,#4168,#4186,#4187,#4207,
    #4251,#4271,#4313,#4314));
#4059 = ORIENTED_EDGE('',*,*,#4018,.T.);
#4060 = ORIENTED_EDGE('',*,*,#4061,.T.);
#4061 = EDGE_CURVE('',#4019,#4062,#4064,.T.);
#4062 = VERTEX_POINT('',#4063);
#4063 = CARTESIAN_POINT('',(246.34822027514,70.285130417224,
    31.945155373933));
#4064 = SURFACE_CURVE('',#4065,(#4075,#4088),.PCURVE_S1.);
#4065 = B_SPLINE_CURVE_WITH_KNOTS('',8,(#4066,#4067,#4068,#4069,#4070,
    #4071,#4072,#4073,#4074),.UNSPECIFIED.,.F.,.F.,(9,9),(1.570796326795
    ,3.14159265359),.PIECEWISE_BEZIER_KNOTS.);
#4066 = CARTESIAN_POINT('',(239.34822027514,70.285130417224,
    24.945155373933));
#4067 = CARTESIAN_POINT('',(239.34822027514,70.285130417224,
    26.319602159878));
#4068 = CARTESIAN_POINT('',(239.65664579786,70.285130417222,
    27.694049378462));
#4069 = CARTESIAN_POINT('',(240.27349381405,70.285130417227,
    28.987748014279));
#4070 = CARTESIAN_POINT('',(241.17340898466,70.285130417219,
    30.119966664391));
#4071 = CARTESIAN_POINT('',(242.3056276348,70.285130417228,
    31.019881835034));
#4072 = CARTESIAN_POINT('',(243.5993262706,70.285130417222,
    31.636729851204));
#4073 = CARTESIAN_POINT('',(244.97377348919,70.285130417224,
    31.945155373933));
#4074 = CARTESIAN_POINT('',(246.34822027514,70.285130417224,
    31.945155373933));
#4075 = PCURVE('',#1625,#4076);
#4076 = DEFINITIONAL_REPRESENTATION('',(#4077),#4087);
#4077 = B_SPLINE_CURVE_WITH_KNOTS('',8,(#4078,#4079,#4080,#4081,#4082,
    #4083,#4084,#4085,#4086),.UNSPECIFIED.,.F.,.F.,(9,9),(1.570796326795
    ,3.14159265359),.PIECEWISE_BEZIER_KNOTS.);
#4078 = CARTESIAN_POINT('',(12.472577686966,-2.));
#4079 = CARTESIAN_POINT('',(13.847024472912,-1.999999999998));
#4080 = CARTESIAN_POINT('',(15.221471691495,-1.691574477277));
#4081 = CARTESIAN_POINT('',(16.515170327313,-1.07472646109));
#4082 = CARTESIAN_POINT('',(17.647388977424,-0.174811290472));
#4083 = CARTESIAN_POINT('',(18.547304148067,0.957407359666));
#4084 = CARTESIAN_POINT('',(19.164152164237,2.251105995464));
#4085 = CARTESIAN_POINT('',(19.472577686966,3.625553214057));
#4086 = CARTESIAN_POINT('',(19.472577686966,5.));
#4087 = ( GEOMETRIC_REPRESENTATION_CONTEXT(2) 
PARAMETRIC_REPRESENTATION_CONTEXT() REPRESENTATION_CONTEXT('2D SPACE',''
  ) );
#4088 = PCURVE('',#3685,#4089);
#4089 = DEFINITIONAL_REPRESENTATION('',(#4090),#4103);
#4090 = B_SPLINE_CURVE_WITH_KNOTS('',6,(#4091,#4092,#4093,#4094,#4095,
    #4096,#4097,#4098,#4099,#4100,#4101,#4102),.UNSPECIFIED.,.F.,.F.,(7,
    5,7),(1.570796326795,2.356194490192,3.14159265359),.UNSPECIFIED.);
#4091 = CARTESIAN_POINT('',(1.570796326795,-40.57026083444));
#4092 = CARTESIAN_POINT('',(1.716188979375,-40.57026083445));
#4093 = CARTESIAN_POINT('',(1.852124737773,-40.57026083446));
#4094 = CARTESIAN_POINT('',(1.981984129098,-40.57026083444));
#4095 = CARTESIAN_POINT('',(2.107991232818,-40.57026083447));
#4096 = CARTESIAN_POINT('',(2.232094107827,-40.57026083445));
#4097 = CARTESIAN_POINT('',(2.480294872559,-40.57026083445));
#4098 = CARTESIAN_POINT('',(2.604397747565,-40.57026083442));
#4099 = CARTESIAN_POINT('',(2.73040485129,-40.57026083445));
#4100 = CARTESIAN_POINT('',(2.86026424261,-40.57026083443));
#4101 = CARTESIAN_POINT('',(2.996200001012,-40.57026083445));
#4102 = CARTESIAN_POINT('',(3.14159265359,-40.57026083444));
#4103 = ( GEOMETRIC_REPRESENTATION_CONTEXT(2) 
PARAMETRIC_REPRESENTATION_CONTEXT() REPRESENTATION_CONTEXT('2D SPACE',''
  ) );
#4104 = ORIENTED_EDGE('',*,*,#4105,.T.);
#4105 = EDGE_CURVE('',#4062,#4106,#4108,.T.);
#4106 = VERTEX_POINT('',#4107);
#4107 = CARTESIAN_POINT('',(253.65177972485,70.285130417224,
    31.945155373933));
#4108 = SURFACE_CURVE('',#4109,(#4112,#4118),.PCURVE_S1.);
#4109 = B_SPLINE_CURVE_WITH_KNOTS('',1,(#4110,#4111),.UNSPECIFIED.,.F.,
  .F.,(2,2),(0.,7.303559449718),.PIECEWISE_BEZIER_KNOTS.);
#4110 = CARTESIAN_POINT('',(246.34822027514,70.285130417224,
    31.945155373933));
#4111 = CARTESIAN_POINT('',(253.65177972485,70.285130417224,
    31.945155373933));
#4112 = PCURVE('',#1625,#4113);
#4113 = DEFINITIONAL_REPRESENTATION('',(#4114),#4117);
#4114 = B_SPLINE_CURVE_WITH_KNOTS('',1,(#4115,#4116),.UNSPECIFIED.,.F.,
  .F.,(2,2),(0.,7.303559449718),.PIECEWISE_BEZIER_KNOTS.);
#4115 = CARTESIAN_POINT('',(19.472577686966,5.));
#4116 = CARTESIAN_POINT('',(19.472577686966,12.303559449718));
#4117 = ( GEOMETRIC_REPRESENTATION_CONTEXT(2) 
PARAMETRIC_REPRESENTATION_CONTEXT() REPRESENTATION_CONTEXT('2D SPACE',''
  ) );
#4118 = PCURVE('',#3722,#4119);
#4119 = DEFINITIONAL_REPRESENTATION('',(#4120),#4123);
#4120 = B_SPLINE_CURVE_WITH_KNOTS('',1,(#4121,#4122),.UNSPECIFIED.,.F.,
  .F.,(2,2),(0.,7.303559449718),.PIECEWISE_BEZIER_KNOTS.);
#4121 = CARTESIAN_POINT('',(0.,-40.57026083444));
#4122 = CARTESIAN_POINT('',(7.303559449718,-40.57026083444));
#4123 = ( GEOMETRIC_REPRESENTATION_CONTEXT(2) 
PARAMETRIC_REPRESENTATION_CONTEXT() REPRESENTATION_CONTEXT('2D SPACE',''
  ) );
#4124 = ORIENTED_EDGE('',*,*,#4125,.T.);
#4125 = EDGE_CURVE('',#4106,#4126,#4128,.T.);
#4126 = VERTEX_POINT('',#4127);
#4127 = CARTESIAN_POINT('',(260.65177972485,70.285130417224,
    24.945155373933));
#4128 = SURFACE_CURVE('',#4129,(#4139,#4152),.PCURVE_S1.);
#4129 = B_SPLINE_CURVE_WITH_KNOTS('',8,(#4130,#4131,#4132,#4133,#4134,
    #4135,#4136,#4137,#4138),.UNSPECIFIED.,.F.,.F.,(9,9),(3.14159265359,
    4.712388980385),.PIECEWISE_BEZIER_KNOTS.);
#4130 = CARTESIAN_POINT('',(253.65177972485,70.285130417224,
    31.945155373933));
#4131 = CARTESIAN_POINT('',(255.02622651081,70.285130417226,
    31.945155373933));
#4132 = CARTESIAN_POINT('',(256.40067372936,70.285130417217,
    31.636729851201));
#4133 = CARTESIAN_POINT('',(257.69437236523,70.285130417235,
    31.019881835037));
#4134 = CARTESIAN_POINT('',(258.82659101528,70.285130417212,
    30.119966664386));
#4135 = CARTESIAN_POINT('',(259.72650618598,70.285130417232,
    28.987748014282));
#4136 = CARTESIAN_POINT('',(260.34335420211,70.28513041722,
    27.69404937846));
#4137 = CARTESIAN_POINT('',(260.65177972486,70.285130417225,
    26.319602159879));
#4138 = CARTESIAN_POINT('',(260.65177972485,70.285130417224,
    24.945155373933));
#4139 = PCURVE('',#1625,#4140);
#4140 = DEFINITIONAL_REPRESENTATION('',(#4141),#4151);
#4141 = B_SPLINE_CURVE_WITH_KNOTS('',8,(#4142,#4143,#4144,#4145,#4146,
    #4147,#4148,#4149,#4150),.UNSPECIFIED.,.F.,.F.,(9,9),(3.14159265359,
    4.712388980385),.PIECEWISE_BEZIER_KNOTS.);
#4142 = CARTESIAN_POINT('',(19.472577686966,12.303559449718));
#4143 = CARTESIAN_POINT('',(19.472577686967,13.67800623567));
#4144 = CARTESIAN_POINT('',(19.164152164235,15.052453454227));
#4145 = CARTESIAN_POINT('',(18.547304148071,16.346152090098));
#4146 = CARTESIAN_POINT('',(17.64738897742,17.47837074014));
#4147 = CARTESIAN_POINT('',(16.515170327316,18.378285910845));
#4148 = CARTESIAN_POINT('',(15.221471691494,18.995133926977));
#4149 = CARTESIAN_POINT('',(13.847024472912,19.303559449721));
#4150 = CARTESIAN_POINT('',(12.472577686966,19.303559449718));
#4151 = ( GEOMETRIC_REPRESENTATION_CONTEXT(2) 
PARAMETRIC_REPRESENTATION_CONTEXT() REPRESENTATION_CONTEXT('2D SPACE',''
  ) );
#4152 = PCURVE('',#3761,#4153);
#4153 = DEFINITIONAL_REPRESENTATION('',(#4154),#4167);
#4154 = B_SPLINE_CURVE_WITH_KNOTS('',6,(#4155,#4156,#4157,#4158,#4159,
    #4160,#4161,#4162,#4163,#4164,#4165,#4166),.UNSPECIFIED.,.F.,.F.,(7,
    5,7),(3.14159265359,3.926990816987,4.712388980385),.UNSPECIFIED.);
#4155 = CARTESIAN_POINT('',(3.14159265359,-40.57026083444));
#4156 = CARTESIAN_POINT('',(3.286985306169,-40.57026083445));
#4157 = CARTESIAN_POINT('',(3.42292106457,-40.57026083444));
#4158 = CARTESIAN_POINT('',(3.552780455887,-40.57026083446));
#4159 = CARTESIAN_POINT('',(3.678787559616,-40.57026083445));
#4160 = CARTESIAN_POINT('',(3.802890434621,-40.57026083445));
#4161 = CARTESIAN_POINT('',(4.051091199354,-40.57026083443));
#4162 = CARTESIAN_POINT('',(4.175194074362,-40.5702608345));
#4163 = CARTESIAN_POINT('',(4.30120117808,-40.57026083436));
#4164 = CARTESIAN_POINT('',(4.431060569406,-40.57026083451));
#4165 = CARTESIAN_POINT('',(4.566996327806,-40.57026083443));
#4166 = CARTESIAN_POINT('',(4.712388980385,-40.57026083444));
#4167 = ( GEOMETRIC_REPRESENTATION_CONTEXT(2) 
PARAMETRIC_REPRESENTATION_CONTEXT() REPRESENTATION_CONTEXT('2D SPACE',''
  ) );
#4168 = ORIENTED_EDGE('',*,*,#4169,.T.);
#4169 = EDGE_CURVE('',#4126,#1642,#4170,.T.);
#4170 = SURFACE_CURVE('',#4171,(#4174,#4180),.PCURVE_S1.);
#4171 = B_SPLINE_CURVE_WITH_KNOTS('',1,(#4172,#4173),.UNSPECIFIED.,.F.,
  .F.,(2,2),(0.,21.945155373933),.PIECEWISE_BEZIER_KNOTS.);
#4172 = CARTESIAN_POINT('',(260.65177972485,70.285130417224,
    24.945155373933));
#4173 = CARTESIAN_POINT('',(260.65177972485,70.285130417224,3.));
#4174 = PCURVE('',#1625,#4175);
#4175 = DEFINITIONAL_REPRESENTATION('',(#4176),#4179);
#4176 = B_SPLINE_CURVE_WITH_KNOTS('',1,(#4177,#4178),.UNSPECIFIED.,.F.,
  .F.,(2,2),(0.,21.945155373933),.PIECEWISE_BEZIER_KNOTS.);
#4177 = CARTESIAN_POINT('',(12.472577686966,19.303559449718));
#4178 = CARTESIAN_POINT('',(-9.472577686966,19.303559449718));
#4179 = ( GEOMETRIC_REPRESENTATION_CONTEXT(2) 
PARAMETRIC_REPRESENTATION_CONTEXT() REPRESENTATION_CONTEXT('2D SPACE',''
  ) );
#4180 = PCURVE('',#1770,#4181);
#4181 = DEFINITIONAL_REPRESENTATION('',(#4182),#4185);
#4182 = B_SPLINE_CURVE_WITH_KNOTS('',1,(#4183,#4184),.UNSPECIFIED.,.F.,
  .F.,(2,2),(0.,21.945155373933),.PIECEWISE_BEZIER_KNOTS.);
#4183 = CARTESIAN_POINT('',(0.,-40.57026083444));
#4184 = CARTESIAN_POINT('',(21.945155373933,-40.57026083444));
#4185 = ( GEOMETRIC_REPRESENTATION_CONTEXT(2) 
PARAMETRIC_REPRESENTATION_CONTEXT() REPRESENTATION_CONTEXT('2D SPACE',''
  ) );
#4186 = ORIENTED_EDGE('',*,*,#1686,.T.);
#4187 = ORIENTED_EDGE('',*,*,#4188,.F.);
#4188 = EDGE_CURVE('',#4189,#1687,#4191,.T.);
#4189 = VERTEX_POINT('',#4190);
#4190 = CARTESIAN_POINT('',(256.65177972485,70.285130417224,
    24.945155373933));
#4191 = SURFACE_CURVE('',#4192,(#4195,#4201),.PCURVE_S1.);
#4192 = B_SPLINE_CURVE_WITH_KNOTS('',1,(#4193,#4194),.UNSPECIFIED.,.F.,
  .F.,(2,2),(0.,21.945155373933),.PIECEWISE_BEZIER_KNOTS.);
#4193 = CARTESIAN_POINT('',(256.65177972485,70.285130417224,
    24.945155373933));
#4194 = CARTESIAN_POINT('',(256.65177972485,70.285130417224,3.));
#4195 = PCURVE('',#1625,#4196);
#4196 = DEFINITIONAL_REPRESENTATION('',(#4197),#4200);
#4197 = B_SPLINE_CURVE_WITH_KNOTS('',1,(#4198,#4199),.UNSPECIFIED.,.F.,
  .F.,(2,2),(0.,21.945155373933),.PIECEWISE_BEZIER_KNOTS.);
#4198 = CARTESIAN_POINT('',(12.472577686966,15.303559449718));
#4199 = CARTESIAN_POINT('',(-9.472577686966,15.303559449718));
#4200 = ( GEOMETRIC_REPRESENTATION_CONTEXT(2) 
PARAMETRIC_REPRESENTATION_CONTEXT() REPRESENTATION_CONTEXT('2D SPACE',''
  ) );
#4201 = PCURVE('',#1844,#4202);
#4202 = DEFINITIONAL_REPRESENTATION('',(#4203),#4206);
#4203 = B_SPLINE_CURVE_WITH_KNOTS('',1,(#4204,#4205),.UNSPECIFIED.,.F.,
  .F.,(2,2),(0.,21.945155373933),.PIECEWISE_BEZIER_KNOTS.);
#4204 = CARTESIAN_POINT('',(0.,-40.57026083444));
#4205 = CARTESIAN_POINT('',(21.945155373933,-40.57026083444));
#4206 = ( GEOMETRIC_REPRESENTATION_CONTEXT(2) 
PARAMETRIC_REPRESENTATION_CONTEXT() REPRESENTATION_CONTEXT('2D SPACE',''
  ) );
#4207 = ORIENTED_EDGE('',*,*,#4208,.F.);
#4208 = EDGE_CURVE('',#4209,#4189,#4211,.T.);
#4209 = VERTEX_POINT('',#4210);
#4210 = CARTESIAN_POINT('',(253.65177972485,70.285130417224,
    27.945155373933));
#4211 = SURFACE_CURVE('',#4212,(#4222,#4235),.PCURVE_S1.);
#4212 = B_SPLINE_CURVE_WITH_KNOTS('',8,(#4213,#4214,#4215,#4216,#4217,
    #4218,#4219,#4220,#4221),.UNSPECIFIED.,.F.,.F.,(9,9),(3.14159265359,
    4.712388980385),.PIECEWISE_BEZIER_KNOTS.);
#4213 = CARTESIAN_POINT('',(253.65177972485,70.285130417224,
    27.945155373933));
#4214 = CARTESIAN_POINT('',(254.24082834741,70.285130417226,
    27.945155373933));
#4215 = CARTESIAN_POINT('',(254.82987715534,70.285130417217,
    27.812973007047));
#4216 = CARTESIAN_POINT('',(255.3843194279,70.285130417235,
    27.548609571551));
#4217 = CARTESIAN_POINT('',(255.86955599215,70.285130417212,
    27.162931641268));
#4218 = CARTESIAN_POINT('',(256.2552339225,70.285130417232,
    26.677695076941));
#4219 = CARTESIAN_POINT('',(256.51959735795,70.28513041722,
    26.123252804444));
#4220 = CARTESIAN_POINT('',(256.65177972486,70.285130417225,
    25.534203996481));
#4221 = CARTESIAN_POINT('',(256.65177972485,70.285130417224,
    24.945155373933));
#4222 = PCURVE('',#1625,#4223);
#4223 = DEFINITIONAL_REPRESENTATION('',(#4224),#4234);
#4224 = B_SPLINE_CURVE_WITH_KNOTS('',8,(#4225,#4226,#4227,#4228,#4229,
    #4230,#4231,#4232,#4233),.UNSPECIFIED.,.F.,.F.,(9,9),(3.14159265359,
    4.712388980385),.PIECEWISE_BEZIER_KNOTS.);
#4225 = CARTESIAN_POINT('',(15.472577686966,12.303559449718));
#4226 = CARTESIAN_POINT('',(15.472577686967,12.892608072274));
#4227 = CARTESIAN_POINT('',(15.34039532008,13.481656880206));
#4228 = CARTESIAN_POINT('',(15.076031884585,14.036099152765));
#4229 = CARTESIAN_POINT('',(14.690353954301,14.52133571701));
#4230 = CARTESIAN_POINT('',(14.205117389975,14.907013647368));
#4231 = CARTESIAN_POINT('',(13.650675117477,15.171377082816));
#4232 = CARTESIAN_POINT('',(13.061626309515,15.303559449723));
#4233 = CARTESIAN_POINT('',(12.472577686966,15.303559449718));
#4234 = ( GEOMETRIC_REPRESENTATION_CONTEXT(2) 
PARAMETRIC_REPRESENTATION_CONTEXT() REPRESENTATION_CONTEXT('2D SPACE',''
  ) );
#4235 = PCURVE('',#3851,#4236);
#4236 = DEFINITIONAL_REPRESENTATION('',(#4237),#4250);
#4237 = B_SPLINE_CURVE_WITH_KNOTS('',6,(#4238,#4239,#4240,#4241,#4242,
    #4243,#4244,#4245,#4246,#4247,#4248,#4249),.UNSPECIFIED.,.F.,.F.,(7,
    5,7),(3.14159265359,3.926990816987,4.712388980385),.UNSPECIFIED.);
#4238 = CARTESIAN_POINT('',(3.14159265359,-40.57026083444));
#4239 = CARTESIAN_POINT('',(3.286985306172,-40.57026083444));
#4240 = CARTESIAN_POINT('',(3.422921064563,-40.57026083446));
#4241 = CARTESIAN_POINT('',(3.552780455897,-40.57026083445));
#4242 = CARTESIAN_POINT('',(3.67878755961,-40.57026083447));
#4243 = CARTESIAN_POINT('',(3.802890434622,-40.57026083444));
#4244 = CARTESIAN_POINT('',(4.051091199354,-40.57026083446));
#4245 = CARTESIAN_POINT('',(4.175194074359,-40.57026083436));
#4246 = CARTESIAN_POINT('',(4.301201178085,-40.57026083453));
#4247 = CARTESIAN_POINT('',(4.431060569405,-40.57026083438));
#4248 = CARTESIAN_POINT('',(4.566996327806,-40.57026083447));
#4249 = CARTESIAN_POINT('',(4.712388980385,-40.57026083444));
#4250 = ( GEOMETRIC_REPRESENTATION_CONTEXT(2) 
PARAMETRIC_REPRESENTATION_CONTEXT() REPRESENTATION_CONTEXT('2D SPACE',''
  ) );
#4251 = ORIENTED_EDGE('',*,*,#4252,.F.);
#4252 = EDGE_CURVE('',#4253,#4209,#4255,.T.);
#4253 = VERTEX_POINT('',#4254);
#4254 = CARTESIAN_POINT('',(246.34822027514,70.285130417224,
    27.945155373933));
#4255 = SURFACE_CURVE('',#4256,(#4259,#4265),.PCURVE_S1.);
#4256 = B_SPLINE_CURVE_WITH_KNOTS('',1,(#4257,#4258),.UNSPECIFIED.,.F.,
  .F.,(2,2),(0.,7.303559449718),.PIECEWISE_BEZIER_KNOTS.);
#4257 = CARTESIAN_POINT('',(246.34822027514,70.285130417224,
    27.945155373933));
#4258 = CARTESIAN_POINT('',(253.65177972485,70.285130417224,
    27.945155373933));
#4259 = PCURVE('',#1625,#4260);
#4260 = DEFINITIONAL_REPRESENTATION('',(#4261),#4264);
#4261 = B_SPLINE_CURVE_WITH_KNOTS('',1,(#4262,#4263),.UNSPECIFIED.,.F.,
  .F.,(2,2),(0.,7.303559449718),.PIECEWISE_BEZIER_KNOTS.);
#4262 = CARTESIAN_POINT('',(15.472577686966,5.));
#4263 = CARTESIAN_POINT('',(15.472577686966,12.303559449718));
#4264 = ( GEOMETRIC_REPRESENTATION_CONTEXT(2) 
PARAMETRIC_REPRESENTATION_CONTEXT() REPRESENTATION_CONTEXT('2D SPACE',''
  ) );
#4265 = PCURVE('',#3888,#4266);
#4266 = DEFINITIONAL_REPRESENTATION('',(#4267),#4270);
#4267 = B_SPLINE_CURVE_WITH_KNOTS('',1,(#4268,#4269),.UNSPECIFIED.,.F.,
  .F.,(2,2),(0.,7.303559449718),.PIECEWISE_BEZIER_KNOTS.);
#4268 = CARTESIAN_POINT('',(0.,-40.57026083444));
#4269 = CARTESIAN_POINT('',(7.303559449718,-40.57026083444));
#4270 = ( GEOMETRIC_REPRESENTATION_CONTEXT(2) 
PARAMETRIC_REPRESENTATION_CONTEXT() REPRESENTATION_CONTEXT('2D SPACE',''
  ) );
#4271 = ORIENTED_EDGE('',*,*,#4272,.F.);
#4272 = EDGE_CURVE('',#3975,#4253,#4273,.T.);
#4273 = SURFACE_CURVE('',#4274,(#4284,#4297),.PCURVE_S1.);
#4274 = B_SPLINE_CURVE_WITH_KNOTS('',8,(#4275,#4276,#4277,#4278,#4279,
    #4280,#4281,#4282,#4283),.UNSPECIFIED.,.F.,.F.,(9,9),(1.570796326795
    ,3.14159265359),.PIECEWISE_BEZIER_KNOTS.);
#4275 = CARTESIAN_POINT('',(243.34822027514,70.285130417224,
    24.945155373933));
#4276 = CARTESIAN_POINT('',(243.34822027514,70.285130417224,
    25.534203996481));
#4277 = CARTESIAN_POINT('',(243.48040264202,70.285130417222,
    26.123252804445));
#4278 = CARTESIAN_POINT('',(243.74476607753,70.285130417227,
    26.677695076938));
#4279 = CARTESIAN_POINT('',(244.13044400779,70.285130417219,
    27.162931641271));
#4280 = CARTESIAN_POINT('',(244.61568057214,70.285130417228,
    27.548609571548));
#4281 = CARTESIAN_POINT('',(245.17012284462,70.285130417222,
    27.812973007048));
#4282 = CARTESIAN_POINT('',(245.75917165259,70.285130417224,
    27.945155373933));
#4283 = CARTESIAN_POINT('',(246.34822027514,70.285130417224,
    27.945155373933));
#4284 = PCURVE('',#1625,#4285);
#4285 = DEFINITIONAL_REPRESENTATION('',(#4286),#4296);
#4286 = B_SPLINE_CURVE_WITH_KNOTS('',8,(#4287,#4288,#4289,#4290,#4291,
    #4292,#4293,#4294,#4295),.UNSPECIFIED.,.F.,.F.,(9,9),(1.570796326795
    ,3.14159265359),.PIECEWISE_BEZIER_KNOTS.);
#4287 = CARTESIAN_POINT('',(12.472577686966,2.));
#4288 = CARTESIAN_POINT('',(13.061626309514,2.000000000001));
#4289 = CARTESIAN_POINT('',(13.650675117479,2.13218236688));
#4290 = CARTESIAN_POINT('',(14.205117389972,2.396545802392));
#4291 = CARTESIAN_POINT('',(14.690353954305,2.78222373265));
#4292 = CARTESIAN_POINT('',(15.076031884581,3.267460297004));
#4293 = CARTESIAN_POINT('',(15.340395320082,3.821902569483));
#4294 = CARTESIAN_POINT('',(15.472577686966,4.410951377453));
#4295 = CARTESIAN_POINT('',(15.472577686966,5.));
#4296 = ( GEOMETRIC_REPRESENTATION_CONTEXT(2) 
PARAMETRIC_REPRESENTATION_CONTEXT() REPRESENTATION_CONTEXT('2D SPACE',''
  ) );
#4297 = PCURVE('',#3927,#4298);
#4298 = DEFINITIONAL_REPRESENTATION('',(#4299),#4312);
#4299 = B_SPLINE_CURVE_WITH_KNOTS('',6,(#4300,#4301,#4302,#4303,#4304,
    #4305,#4306,#4307,#4308,#4309,#4310,#4311),.UNSPECIFIED.,.F.,.F.,(7,
    5,7),(1.570796326795,2.356194490192,3.14159265359),.UNSPECIFIED.);
#4300 = CARTESIAN_POINT('',(1.570796326795,-40.57026083444));
#4301 = CARTESIAN_POINT('',(1.716188979374,-40.57026083444));
#4302 = CARTESIAN_POINT('',(1.852124737773,-40.57026083445));
#4303 = CARTESIAN_POINT('',(1.981984129099,-40.5702608344));
#4304 = CARTESIAN_POINT('',(2.107991232819,-40.57026083446));
#4305 = CARTESIAN_POINT('',(2.232094107826,-40.57026083444));
#4306 = CARTESIAN_POINT('',(2.480294872559,-40.57026083445));
#4307 = CARTESIAN_POINT('',(2.604397747563,-40.57026083439));
#4308 = CARTESIAN_POINT('',(2.730404851293,-40.57026083452));
#4309 = CARTESIAN_POINT('',(2.860264242607,-40.57026083439));
#4310 = CARTESIAN_POINT('',(2.996200001012,-40.57026083446));
#4311 = CARTESIAN_POINT('',(3.14159265359,-40.57026083444));
#4312 = ( GEOMETRIC_REPRESENTATION_CONTEXT(2) 
PARAMETRIC_REPRESENTATION_CONTEXT() REPRESENTATION_CONTEXT('2D SPACE',''
  ) );
#4313 = ORIENTED_EDGE('',*,*,#3974,.F.);
#4314 = ORIENTED_EDGE('',*,*,#1612,.T.);
#4315 = ADVANCED_FACE('',(#4316),#1770,.F.);
#4316 = FACE_BOUND('',#4317,.F.);
#4317 = EDGE_LOOP('',(#4318,#4319,#4338,#4339));
#4318 = ORIENTED_EDGE('',*,*,#3784,.F.);
#4319 = ORIENTED_EDGE('',*,*,#4320,.T.);
#4320 = EDGE_CURVE('',#3734,#4126,#4321,.T.);
#4321 = SURFACE_CURVE('',#4322,(#4325,#4331),.PCURVE_S1.);
#4322 = B_SPLINE_CURVE_WITH_KNOTS('',1,(#4323,#4324),.UNSPECIFIED.,.F.,
  .F.,(2,2),(0.,40.570260834448),.PIECEWISE_BEZIER_KNOTS.);
#4323 = CARTESIAN_POINT('',(260.65177972485,29.714869582776,
    24.945155373933));
#4324 = CARTESIAN_POINT('',(260.65177972485,70.285130417224,
    24.945155373933));
#4325 = PCURVE('',#1770,#4326);
#4326 = DEFINITIONAL_REPRESENTATION('',(#4327),#4330);
#4327 = B_SPLINE_CURVE_WITH_KNOTS('',1,(#4328,#4329),.UNSPECIFIED.,.F.,
  .F.,(2,2),(0.,40.570260834448),.PIECEWISE_BEZIER_KNOTS.);
#4328 = CARTESIAN_POINT('',(0.,0.));
#4329 = CARTESIAN_POINT('',(0.,-40.57026083444));
#4330 = ( GEOMETRIC_REPRESENTATION_CONTEXT(2) 
PARAMETRIC_REPRESENTATION_CONTEXT() REPRESENTATION_CONTEXT('2D SPACE',''
  ) );
#4331 = PCURVE('',#3761,#4332);
#4332 = DEFINITIONAL_REPRESENTATION('',(#4333),#4337);
#4333 = B_SPLINE_CURVE_WITH_KNOTS('',2,(#4334,#4335,#4336),
  .UNSPECIFIED.,.F.,.F.,(3,3),(0.,40.570260834448),
  .PIECEWISE_BEZIER_KNOTS.);
#4334 = CARTESIAN_POINT('',(4.712388980385,0.));
#4335 = CARTESIAN_POINT('',(4.712388980385,-20.28513041722));
#4336 = CARTESIAN_POINT('',(4.712388980385,-40.57026083444));
#4337 = ( GEOMETRIC_REPRESENTATION_CONTEXT(2) 
PARAMETRIC_REPRESENTATION_CONTEXT() REPRESENTATION_CONTEXT('2D SPACE',''
  ) );
#4338 = ORIENTED_EDGE('',*,*,#4169,.T.);
#4339 = ORIENTED_EDGE('',*,*,#1755,.T.);
#4340 = ADVANCED_FACE('',(#4341),#1844,.T.);
#4341 = FACE_BOUND('',#4342,.T.);
#4342 = EDGE_LOOP('',(#4343,#4344,#4363,#4364));
#4343 = ORIENTED_EDGE('',*,*,#3803,.F.);
#4344 = ORIENTED_EDGE('',*,*,#4345,.T.);
#4345 = EDGE_CURVE('',#3804,#4189,#4346,.T.);
#4346 = SURFACE_CURVE('',#4347,(#4350,#4356),.PCURVE_S1.);
#4347 = B_SPLINE_CURVE_WITH_KNOTS('',1,(#4348,#4349),.UNSPECIFIED.,.F.,
  .F.,(2,2),(0.,40.570260834448),.PIECEWISE_BEZIER_KNOTS.);
#4348 = CARTESIAN_POINT('',(256.65177972485,29.714869582776,
    24.945155373933));
#4349 = CARTESIAN_POINT('',(256.65177972485,70.285130417224,
    24.945155373933));
#4350 = PCURVE('',#1844,#4351);
#4351 = DEFINITIONAL_REPRESENTATION('',(#4352),#4355);
#4352 = B_SPLINE_CURVE_WITH_KNOTS('',1,(#4353,#4354),.UNSPECIFIED.,.F.,
  .F.,(2,2),(0.,40.570260834448),.PIECEWISE_BEZIER_KNOTS.);
#4353 = CARTESIAN_POINT('',(0.,0.));
#4354 = CARTESIAN_POINT('',(0.,-40.57026083444));
#4355 = ( GEOMETRIC_REPRESENTATION_CONTEXT(2) 
PARAMETRIC_REPRESENTATION_CONTEXT() REPRESENTATION_CONTEXT('2D SPACE',''
  ) );
#4356 = PCURVE('',#3851,#4357);
#4357 = DEFINITIONAL_REPRESENTATION('',(#4358),#4362);
#4358 = B_SPLINE_CURVE_WITH_KNOTS('',2,(#4359,#4360,#4361),
  .UNSPECIFIED.,.F.,.F.,(3,3),(0.,40.570260834448),
  .PIECEWISE_BEZIER_KNOTS.);
#4359 = CARTESIAN_POINT('',(4.712388980385,-1.57083352575E-29));
#4360 = CARTESIAN_POINT('',(4.712388980385,-20.28513041722));
#4361 = CARTESIAN_POINT('',(4.712388980385,-40.57026083444));
#4362 = ( GEOMETRIC_REPRESENTATION_CONTEXT(2) 
PARAMETRIC_REPRESENTATION_CONTEXT() REPRESENTATION_CONTEXT('2D SPACE',''
  ) );
#4363 = ORIENTED_EDGE('',*,*,#4188,.T.);
#4364 = ORIENTED_EDGE('',*,*,#1829,.T.);
#4365 = ADVANCED_FACE('',(#4366),#1975,.F.);
#4366 = FACE_BOUND('',#4367,.F.);
#4367 = EDGE_LOOP('',(#4368,#4388,#4423,#4501,#4536,#4554,#4555,#4556));
#4368 = ORIENTED_EDGE('',*,*,#4369,.F.);
#4369 = EDGE_CURVE('',#4370,#2128,#4372,.T.);
#4370 = VERTEX_POINT('',#4371);
#4371 = CARTESIAN_POINT('',(235.34009877466,152.,15.01723613086));
#4372 = SURFACE_CURVE('',#4373,(#4376,#4382),.PCURVE_S1.);
#4373 = B_SPLINE_CURVE_WITH_KNOTS('',1,(#4374,#4375),.UNSPECIFIED.,.F.,
  .F.,(2,2),(4.142938012383,19.970572692705),.PIECEWISE_BEZIER_KNOTS.);
#4374 = CARTESIAN_POINT('',(235.34009877466,152.,15.01723613086));
#4375 = CARTESIAN_POINT('',(225.03961066249,152.,3.));
#4376 = PCURVE('',#1975,#4377);
#4377 = DEFINITIONAL_REPRESENTATION('',(#4378),#4381);
#4378 = B_SPLINE_CURVE_WITH_KNOTS('',1,(#4379,#4380),.UNSPECIFIED.,.F.,
  .F.,(2,2),(4.142938012383,19.970572692705),.PIECEWISE_BEZIER_KNOTS.);
#4379 = CARTESIAN_POINT('',(7.817965003389,-2.));
#4380 = CARTESIAN_POINT('',(-8.009669676932,-2.));
#4381 = ( GEOMETRIC_REPRESENTATION_CONTEXT(2) 
PARAMETRIC_REPRESENTATION_CONTEXT() REPRESENTATION_CONTEXT('2D SPACE',''
  ) );
#4382 = PCURVE('',#2170,#4383);
#4383 = DEFINITIONAL_REPRESENTATION('',(#4384),#4387);
#4384 = B_SPLINE_CURVE_WITH_KNOTS('',1,(#4385,#4386),.UNSPECIFIED.,.F.,
  .F.,(2,2),(4.142938012383,19.970572692705),.PIECEWISE_BEZIER_KNOTS.);
#4385 = CARTESIAN_POINT('',(7.551341073015,-3.357580146741));
#4386 = CARTESIAN_POINT('',(-4.465895057845,6.942907965425));
#4387 = ( GEOMETRIC_REPRESENTATION_CONTEXT(2) 
PARAMETRIC_REPRESENTATION_CONTEXT() REPRESENTATION_CONTEXT('2D SPACE',''
  ) );
#4388 = ORIENTED_EDGE('',*,*,#4389,.F.);
#4389 = EDGE_CURVE('',#4390,#4370,#4392,.T.);
#4390 = VERTEX_POINT('',#4391);
#4391 = CARTESIAN_POINT('',(235.96050701248,152.21572095626,
    15.741045741657));
#4392 = SURFACE_CURVE('',#4393,(#4397,#4404),.PCURVE_S1.);
#4393 = ( BOUNDED_CURVE() B_SPLINE_CURVE(2,(#4394,#4395,#4396),
.UNSPECIFIED.,.F.,.F.) B_SPLINE_CURVE_WITH_KNOTS((3,3),(0.901533204447,
1.570796326795),.PIECEWISE_BEZIER_KNOTS.) CURVE() 
GEOMETRIC_REPRESENTATION_ITEM() RATIONAL_B_SPLINE_CURVE((1.,
0.944531376856,1.)) REPRESENTATION_ITEM('') );
#4394 = CARTESIAN_POINT('',(235.96050701248,152.21572095626,
    15.741045741657));
#4395 = CARTESIAN_POINT('',(235.68780685317,152.,15.422895555791));
#4396 = CARTESIAN_POINT('',(235.34009877466,152.,15.01723613086));
#4397 = PCURVE('',#1975,#4398);
#4398 = DEFINITIONAL_REPRESENTATION('',(#4399),#4403);
#4399 = ( BOUNDED_CURVE() B_SPLINE_CURVE(2,(#4400,#4401,#4402),
.UNSPECIFIED.,.F.,.F.) B_SPLINE_CURVE_WITH_KNOTS((3,3),(0.901533204447,
1.570796326795),.PIECEWISE_BEZIER_KNOTS.) CURVE() 
GEOMETRIC_REPRESENTATION_ITEM() RATIONAL_B_SPLINE_CURVE((1.,
0.944531376856,1.)) REPRESENTATION_ITEM('') );
#4400 = CARTESIAN_POINT('',(8.77127855844,-2.215720956268));
#4401 = CARTESIAN_POINT('',(8.352250018056,-2.));
#4402 = CARTESIAN_POINT('',(7.817965003389,-2.));
#4403 = ( GEOMETRIC_REPRESENTATION_CONTEXT(2) 
PARAMETRIC_REPRESENTATION_CONTEXT() REPRESENTATION_CONTEXT('2D SPACE',''
  ) );
#4404 = PCURVE('',#4405,#4412);
#4405 = ( BOUNDED_SURFACE() B_SPLINE_SURFACE(2,1,(
    (#4406,#4407)
    ,(#4408,#4409)
    ,(#4410,#4411
)),.UNSPECIFIED.,.F.,.F.,.F.) B_SPLINE_SURFACE_WITH_KNOTS((3,3),(2,2),(
    0.,1.560902119083),(-2.254763359344,10.409833748452),
.PIECEWISE_BEZIER_KNOTS.) GEOMETRIC_REPRESENTATION_ITEM() 
RATIONAL_B_SPLINE_SURFACE((
    (1.,1.)
    ,(0.710596244811,0.710596244811)
,(1.,1.))) REPRESENTATION_ITEM('') SURFACE() );
#4406 = CARTESIAN_POINT('',(235.34009877466,152.,3.889207214717));
#4407 = CARTESIAN_POINT('',(235.34009877466,152.,16.553804322512));
#4408 = CARTESIAN_POINT('',(236.33025319374,152.,3.889207214717));
#4409 = CARTESIAN_POINT('',(236.33025319374,152.,16.553804322512));
#4410 = CARTESIAN_POINT('',(236.34004982738,152.99010595372,
    3.889207214717));
#4411 = CARTESIAN_POINT('',(236.34004982738,152.99010595372,
    16.553804322512));
#4412 = DEFINITIONAL_REPRESENTATION('',(#4413),#4422);
#4413 = B_SPLINE_CURVE_WITH_KNOTS('',7,(#4414,#4415,#4416,#4417,#4418,
    #4419,#4420,#4421),.UNSPECIFIED.,.F.,.F.,(8,8),(0.901533204447,
    1.570796326795),.PIECEWISE_BEZIER_KNOTS.);
#4414 = CARTESIAN_POINT('',(0.674856200653,9.597075167597));
#4415 = CARTESIAN_POINT('',(0.585557848961,9.511217267374));
#4416 = CARTESIAN_POINT('',(0.494064374324,9.416336101671));
#4417 = CARTESIAN_POINT('',(0.400278648076,9.313739001565));
#4418 = CARTESIAN_POINT('',(0.304096379365,9.205465299995));
#4419 = CARTESIAN_POINT('',(0.205405232452,9.094236959224));
#4420 = CARTESIAN_POINT('',(0.104083757593,8.98273931579));
#4421 = CARTESIAN_POINT('',(-1.7763568394E-15,8.8732655568));
#4422 = ( GEOMETRIC_REPRESENTATION_CONTEXT(2) 
PARAMETRIC_REPRESENTATION_CONTEXT() REPRESENTATION_CONTEXT('2D SPACE',''
  ) );
#4423 = ORIENTED_EDGE('',*,*,#4424,.F.);
#4424 = EDGE_CURVE('',#4425,#4390,#4427,.T.);
#4425 = VERTEX_POINT('',#4426);
#4426 = CARTESIAN_POINT('',(235.9605073666,147.7842787636,
    15.741046154796));
#4427 = SURFACE_CURVE('',#4428,(#4441,#4457),.PCURVE_S1.);
#4428 = ( BOUNDED_CURVE() B_SPLINE_CURVE(11,(#4429,#4430,#4431,#4432,
    #4433,#4434,#4435,#4436,#4437,#4438,#4439,#4440),.UNSPECIFIED.,.F.,
.F.) B_SPLINE_CURVE_WITH_KNOTS((12,12),(-2.945536332283,6.977993351718),
.PIECEWISE_BEZIER_KNOTS.) CURVE() GEOMETRIC_REPRESENTATION_ITEM() 
RATIONAL_B_SPLINE_CURVE((1.,1.,1.,1.,1.,1.,1.,1.,1.,1.,1.,1.)) 
REPRESENTATION_ITEM('') );
#4429 = CARTESIAN_POINT('',(236.66987665142,144.95999347478,
    16.568643653746));
#4430 = CARTESIAN_POINT('',(236.35452245305,145.8416155535,
    16.200730422321));
#4431 = CARTESIAN_POINT('',(236.10051049338,146.74303939329,
    15.904383136039));
#4432 = CARTESIAN_POINT('',(235.90897594053,147.65999528411,
    15.68092615771));
#4433 = CARTESIAN_POINT('',(235.77924519131,148.59043825055,
    15.529573616959));
#4434 = CARTESIAN_POINT('',(235.71507420587,149.53210536301,
    15.454707467272));
#4435 = CARTESIAN_POINT('',(235.71537259422,150.46790009817,
    15.455055587017));
#4436 = CARTESIAN_POINT('',(235.77904697894,151.40954698263,
    15.529342369193));
#4437 = CARTESIAN_POINT('',(235.90905577287,152.34003553903,
    15.681019295441));
#4438 = CARTESIAN_POINT('',(236.1005025501,153.25697775868,
    15.904373868882));
#4439 = CARTESIAN_POINT('',(236.35452242351,154.1583843669,
    16.200730387853));
#4440 = CARTESIAN_POINT('',(236.66987665221,155.04000652737,
    16.568643654676));
#4441 = PCURVE('',#1975,#4442);
#4442 = DEFINITIONAL_REPRESENTATION('',(#4443),#4456);
#4443 = ( BOUNDED_CURVE() B_SPLINE_CURVE(11,(#4444,#4445,#4446,#4447,
    #4448,#4449,#4450,#4451,#4452,#4453,#4454,#4455),.UNSPECIFIED.,.F.,
.F.) B_SPLINE_CURVE_WITH_KNOTS((12,12),(-2.945536332283,6.977993351718),
.PIECEWISE_BEZIER_KNOTS.) CURVE() GEOMETRIC_REPRESENTATION_ITEM() 
RATIONAL_B_SPLINE_CURVE((1.,1.,1.,1.,1.,1.,1.,1.,1.,1.,1.,1.)) 
REPRESENTATION_ITEM('') );
#4444 = CARTESIAN_POINT('',(9.861289378908,5.040006525219));
#4445 = CARTESIAN_POINT('',(9.376719036971,4.158384446491));
#4446 = CARTESIAN_POINT('',(8.986406611161,3.256960606708));
#4447 = CARTESIAN_POINT('',(8.692096390305,2.340004715882));
#4448 = CARTESIAN_POINT('',(8.492753321992,1.409561749442));
#4449 = CARTESIAN_POINT('',(8.394148779795,0.467894636983));
#4450 = CARTESIAN_POINT('',(8.394607280577,-0.467900098179));
#4451 = CARTESIAN_POINT('',(8.492448750699,-1.409546982637));
#4452 = CARTESIAN_POINT('',(8.69221905994,-2.340035539039));
#4453 = CARTESIAN_POINT('',(8.986394405595,-3.256977758688));
#4454 = CARTESIAN_POINT('',(9.376718991575,-4.158384366907));
#4455 = CARTESIAN_POINT('',(9.861289380131,-5.040006527376));
#4456 = ( GEOMETRIC_REPRESENTATION_CONTEXT(2) 
PARAMETRIC_REPRESENTATION_CONTEXT() REPRESENTATION_CONTEXT('2D SPACE',''
  ) );
#4457 = PCURVE('',#4458,#4495);
#4458 = ( BOUNDED_SURFACE() B_SPLINE_SURFACE(2,11,(
    (#4459,#4460,#4461,#4462,#4463,#4464,#4465,#4466,#4467,#4468,#4469
      ,#4470)
    ,(#4471,#4472,#4473,#4474,#4475,#4476,#4477,#4478,#4479,#4480,#4481
      ,#4482)
    ,(#4483,#4484,#4485,#4486,#4487,#4488,#4489,#4490,#4491,#4492,#4493
,#4494
    )),.UNSPECIFIED.,.F.,.F.,.F.) B_SPLINE_SURFACE_WITH_KNOTS((3,3),(12,
    12),(0.,9.923529684001),(-2.945536332283,6.977993351718),
.PIECEWISE_BEZIER_KNOTS.) GEOMETRIC_REPRESENTATION_ITEM() 
RATIONAL_B_SPLINE_SURFACE((
    (1.,1.,1.,1.,1.,1.,1.,1.,1.,1.,1.,1.)
    ,(0.926010198839,0.930343366228,0.93379243376,0.936359350209
      ,0.938104711089,0.938965983679,0.938964357464,0.93810611806
      ,0.936358439164,0.933792662158,0.9303433657,0.926010198853)
,(1.,1.,1.,1.,1.,1.,1.,1.,1.,1.,1.,1.
))) REPRESENTATION_ITEM('') SURFACE() );
#4459 = CARTESIAN_POINT('',(236.66987665142,144.95999347478,
    16.568643653746));
#4460 = CARTESIAN_POINT('',(236.35452245305,145.8416155535,
    16.200730422321));
#4461 = CARTESIAN_POINT('',(236.10051049338,146.74303939329,
    15.904383136039));
#4462 = CARTESIAN_POINT('',(235.90897594053,147.65999528411,
    15.68092615771));
#4463 = CARTESIAN_POINT('',(235.77924519131,148.59043825055,
    15.529573616959));
#4464 = CARTESIAN_POINT('',(235.71507420587,149.53210536301,
    15.454707467272));
#4465 = CARTESIAN_POINT('',(235.71537259422,150.46790009817,
    15.455055587017));
#4466 = CARTESIAN_POINT('',(235.77904697894,151.40954698263,
    15.529342369193));
#4467 = CARTESIAN_POINT('',(235.90905577287,152.34003553903,
    15.681019295441));
#4468 = CARTESIAN_POINT('',(236.1005025501,153.25697775868,
    15.904373868882));
#4469 = CARTESIAN_POINT('',(236.35452242351,154.1583843669,
    16.200730387853));
#4470 = CARTESIAN_POINT('',(236.66987665221,155.04000652737,
    16.568643654676));
#4471 = CARTESIAN_POINT('',(236.90143613787,145.15895431069,
    16.838796387937));
#4472 = CARTESIAN_POINT('',(236.59015760758,146.00200651725,
    16.475638102604));
#4473 = CARTESIAN_POINT('',(236.33901420796,146.86570240774,
    16.182637469711));
#4474 = CARTESIAN_POINT('',(236.14945122736,147.7470760315,
    15.961480659013));
#4475 = CARTESIAN_POINT('',(236.02043271256,148.63804963874,
    15.81095905842));
#4476 = CARTESIAN_POINT('',(235.95647436857,149.55373285787,
    15.736340990422));
#4477 = CARTESIAN_POINT('',(235.95669663422,150.44630059619,
    15.736600300356));
#4478 = CARTESIAN_POINT('',(236.02027513983,151.3618739151,
    15.810775223563));
#4479 = CARTESIAN_POINT('',(236.14952526167,152.25301514439,
    15.961567032371));
#4480 = CARTESIAN_POINT('',(236.33900253234,153.13428618762,
    16.182623848152));
#4481 = CARTESIAN_POINT('',(236.59015761014,153.99799348762,
    16.47563810559));
#4482 = CARTESIAN_POINT('',(236.9014361378,154.84104568918,
    16.838796387864));
#4483 = CARTESIAN_POINT('',(236.8506029096,145.30120927433,
    17.217435025698));
#4484 = CARTESIAN_POINT('',(236.55564321942,146.12664337394,
    16.848652754185));
#4485 = CARTESIAN_POINT('',(236.31929942328,146.96756997456,
    16.553160604255));
#4486 = CARTESIAN_POINT('',(236.14186817786,147.82299743818,
    16.331380644373));
#4487 = CARTESIAN_POINT('',(236.02118407626,148.68181259451,
    16.180502420414));
#4488 = CARTESIAN_POINT('',(235.96149466783,149.57279362639,
    16.105877064996));
#4489 = CARTESIAN_POINT('',(235.96166012532,150.42726404671,
    16.106079376934));
#4490 = CARTESIAN_POINT('',(236.02105820182,151.31805884895,
    16.180347531524));
#4491 = CARTESIAN_POINT('',(236.14193573472,152.17714170014,
    16.331464672281));
#4492 = CARTESIAN_POINT('',(236.31928578536,153.03239727004,
    16.553143386148));
#4493 = CARTESIAN_POINT('',(236.55564324331,153.87335669257,
    16.848652785068));
#4494 = CARTESIAN_POINT('',(236.85060290897,154.6987907239,
    17.217435024888));
#4495 = DEFINITIONAL_REPRESENTATION('',(#4496),#4500);
#4496 = B_SPLINE_CURVE_WITH_KNOTS('',2,(#4497,#4498,#4499),
  .UNSPECIFIED.,.F.,.F.,(3,3),(-0.130719276211,4.163166723477),
  .PIECEWISE_BEZIER_KNOTS.);
#4497 = CARTESIAN_POINT('',(9.58035273474E-13,-0.130719276211));
#4498 = CARTESIAN_POINT('',(3.211325632563E-13,2.016223723632));
#4499 = CARTESIAN_POINT('',(1.125002327463E-12,4.163166723477));
#4500 = ( GEOMETRIC_REPRESENTATION_CONTEXT(2) 
PARAMETRIC_REPRESENTATION_CONTEXT() REPRESENTATION_CONTEXT('2D SPACE',''
  ) );
#4501 = ORIENTED_EDGE('',*,*,#4502,.T.);
#4502 = EDGE_CURVE('',#4425,#4503,#4505,.T.);
#4503 = VERTEX_POINT('',#4504);
#4504 = CARTESIAN_POINT('',(235.34009877466,148.,15.01723613086));
#4505 = SURFACE_CURVE('',#4506,(#4510,#4517),.PCURVE_S1.);
#4506 = ( BOUNDED_CURVE() B_SPLINE_CURVE(2,(#4507,#4508,#4509),
.UNSPECIFIED.,.F.,.F.) B_SPLINE_CURVE_WITH_KNOTS((3,3),(0.901532752925,
1.570796326795),.PIECEWISE_BEZIER_KNOTS.) CURVE() 
GEOMETRIC_REPRESENTATION_ITEM() RATIONAL_B_SPLINE_CURVE((1.,
0.944531302712,1.)) REPRESENTATION_ITEM('') );
#4507 = CARTESIAN_POINT('',(235.9605073666,147.7842787636,
    15.741046154796));
#4508 = CARTESIAN_POINT('',(235.68780710622,148.,15.422895851023));
#4509 = CARTESIAN_POINT('',(235.34009877466,148.,15.01723613086));
#4510 = PCURVE('',#1975,#4511);
#4511 = DEFINITIONAL_REPRESENTATION('',(#4512),#4516);
#4512 = ( BOUNDED_CURVE() B_SPLINE_CURVE(2,(#4513,#4514,#4515),
.UNSPECIFIED.,.F.,.F.) B_SPLINE_CURVE_WITH_KNOTS((3,3),(0.901532752925,
1.570796326795),.PIECEWISE_BEZIER_KNOTS.) CURVE() 
GEOMETRIC_REPRESENTATION_ITEM() RATIONAL_B_SPLINE_CURVE((1.,
0.944531302712,1.)) REPRESENTATION_ITEM('') );
#4513 = CARTESIAN_POINT('',(8.771279102576,2.215721236396));
#4514 = CARTESIAN_POINT('',(8.352250406899,2.));
#4515 = CARTESIAN_POINT('',(7.817965003389,2.));
#4516 = ( GEOMETRIC_REPRESENTATION_CONTEXT(2) 
PARAMETRIC_REPRESENTATION_CONTEXT() REPRESENTATION_CONTEXT('2D SPACE',''
  ) );
#4517 = PCURVE('',#4518,#4525);
#4518 = ( BOUNDED_SURFACE() B_SPLINE_SURFACE(2,1,(
    (#4519,#4520)
    ,(#4521,#4522)
    ,(#4523,#4524
)),.UNSPECIFIED.,.F.,.F.,.F.) B_SPLINE_SURFACE_WITH_KNOTS((3,3),(2,2),(
    0.,1.559950381436),(-2.254849708101,10.409833726178),
.PIECEWISE_BEZIER_KNOTS.) GEOMETRIC_REPRESENTATION_ITEM() 
RATIONAL_B_SPLINE_SURFACE((
    (1.,1.)
    ,(0.710930985651,0.710930985651)
,(1.,1.))) REPRESENTATION_ITEM('') SURFACE() );
#4519 = CARTESIAN_POINT('',(235.34009877466,148.,3.889120865959));
#4520 = CARTESIAN_POINT('',(235.34009877466,148.,16.553804300238));
#4521 = CARTESIAN_POINT('',(236.32931122414,148.,3.889120865959));
#4522 = CARTESIAN_POINT('',(236.32931122414,148.,16.553804300238));
#4523 = CARTESIAN_POINT('',(236.34003995797,147.01084573271,
    3.889120865959));
#4524 = CARTESIAN_POINT('',(236.34003995797,147.01084573271,
    16.553804300238));
#4525 = DEFINITIONAL_REPRESENTATION('',(#4526),#4535);
#4526 = B_SPLINE_CURVE_WITH_KNOTS('',7,(#4527,#4528,#4529,#4530,#4531,
    #4532,#4533,#4534),.UNSPECIFIED.,.F.,.F.,(8,8),(0.901532752925,
    1.570796326795),.PIECEWISE_BEZIER_KNOTS.);
#4527 = CARTESIAN_POINT('',(0.67482661922,9.597075580735));
#4528 = CARTESIAN_POINT('',(0.585524626437,9.511217655441));
#4529 = CARTESIAN_POINT('',(0.494029754127,9.416336448112));
#4530 = CARTESIAN_POINT('',(0.400245076021,9.313739291352));
#4531 = CARTESIAN_POINT('',(0.304066526145,9.205465520848));
#4532 = CARTESIAN_POINT('',(0.205382019921,9.094237105443));
#4533 = CARTESIAN_POINT('',(0.104070389629,8.982739386863));
#4534 = CARTESIAN_POINT('',(-1.7763568394E-15,8.8732655568));
#4535 = ( GEOMETRIC_REPRESENTATION_CONTEXT(2) 
PARAMETRIC_REPRESENTATION_CONTEXT() REPRESENTATION_CONTEXT('2D SPACE',''
  ) );
#4536 = ORIENTED_EDGE('',*,*,#4537,.T.);
#4537 = EDGE_CURVE('',#4503,#2023,#4538,.T.);
#4538 = SURFACE_CURVE('',#4539,(#4542,#4548),.PCURVE_S1.);
#4539 = B_SPLINE_CURVE_WITH_KNOTS('',1,(#4540,#4541),.UNSPECIFIED.,.F.,
  .F.,(2,2),(4.142938012383,19.970572692705),.PIECEWISE_BEZIER_KNOTS.);
#4540 = CARTESIAN_POINT('',(235.34009877466,148.,15.01723613086));
#4541 = CARTESIAN_POINT('',(225.03961066249,148.,3.));
#4542 = PCURVE('',#1975,#4543);
#4543 = DEFINITIONAL_REPRESENTATION('',(#4544),#4547);
#4544 = B_SPLINE_CURVE_WITH_KNOTS('',1,(#4545,#4546),.UNSPECIFIED.,.F.,
  .F.,(2,2),(4.142938012383,19.970572692705),.PIECEWISE_BEZIER_KNOTS.);
#4545 = CARTESIAN_POINT('',(7.817965003389,2.));
#4546 = CARTESIAN_POINT('',(-8.009669676932,2.));
#4547 = ( GEOMETRIC_REPRESENTATION_CONTEXT(2) 
PARAMETRIC_REPRESENTATION_CONTEXT() REPRESENTATION_CONTEXT('2D SPACE',''
  ) );
#4548 = PCURVE('',#2065,#4549);
#4549 = DEFINITIONAL_REPRESENTATION('',(#4550),#4553);
#4550 = B_SPLINE_CURVE_WITH_KNOTS('',1,(#4551,#4552),.UNSPECIFIED.,.F.,
  .F.,(2,2),(4.142938012383,19.970572692705),.PIECEWISE_BEZIER_KNOTS.);
#4551 = CARTESIAN_POINT('',(7.551341073015,-3.357580146741));
#4552 = CARTESIAN_POINT('',(-4.465895057845,6.942907965425));
#4553 = ( GEOMETRIC_REPRESENTATION_CONTEXT(2) 
PARAMETRIC_REPRESENTATION_CONTEXT() REPRESENTATION_CONTEXT('2D SPACE',''
  ) );
#4554 = ORIENTED_EDGE('',*,*,#2022,.F.);
#4555 = ORIENTED_EDGE('',*,*,#1960,.T.);
#4556 = ORIENTED_EDGE('',*,*,#2127,.T.);
#4557 = ADVANCED_FACE('',(#4558),#2065,.T.);
#4558 = FACE_BOUND('',#4559,.T.);
#4559 = EDGE_LOOP('',(#4560,#4580,#4796,#4815,#4816,#4817));
#4560 = ORIENTED_EDGE('',*,*,#4561,.T.);
#4561 = EDGE_CURVE('',#2233,#4562,#4564,.T.);
#4562 = VERTEX_POINT('',#4563);
#4563 = CARTESIAN_POINT('',(234.46361811679,148.,4.427331022911));
#4564 = SURFACE_CURVE('',#4565,(#4568,#4574),.PCURVE_S1.);
#4565 = B_SPLINE_CURVE_WITH_KNOTS('',1,(#4566,#4567),.UNSPECIFIED.,.F.,
  .F.,(2,2),(5.242640687119,6.261191153176),.PIECEWISE_BEZIER_KNOTS.);
#4566 = CARTESIAN_POINT('',(233.74339387507,148.,3.707106781187));
#4567 = CARTESIAN_POINT('',(234.46361781659,148.,4.427330722716));
#4568 = PCURVE('',#2065,#4569);
#4569 = DEFINITIONAL_REPRESENTATION('',(#4570),#4573);
#4570 = B_SPLINE_CURVE_WITH_KNOTS('',1,(#4571,#4572),.UNSPECIFIED.,.F.,
  .F.,(2,2),(5.242640687119,6.261191153176),.PIECEWISE_BEZIER_KNOTS.);
#4571 = CARTESIAN_POINT('',(-3.758788276658,-1.76087524715));
#4572 = CARTESIAN_POINT('',(-3.038564335128,-2.481099188679));
#4573 = ( GEOMETRIC_REPRESENTATION_CONTEXT(2) 
PARAMETRIC_REPRESENTATION_CONTEXT() REPRESENTATION_CONTEXT('2D SPACE',''
  ) );
#4574 = PCURVE('',#2274,#4575);
#4575 = DEFINITIONAL_REPRESENTATION('',(#4576),#4579);
#4576 = B_SPLINE_CURVE_WITH_KNOTS('',1,(#4577,#4578),.UNSPECIFIED.,.F.,
  .F.,(2,2),(5.242640687119,6.261191153176),.PIECEWISE_BEZIER_KNOTS.);
#4577 = CARTESIAN_POINT('',(-0.414213562373,2.));
#4578 = CARTESIAN_POINT('',(0.604336903684,2.));
#4579 = ( GEOMETRIC_REPRESENTATION_CONTEXT(2) 
PARAMETRIC_REPRESENTATION_CONTEXT() REPRESENTATION_CONTEXT('2D SPACE',''
  ) );
#4580 = ORIENTED_EDGE('',*,*,#4581,.F.);
#4581 = EDGE_CURVE('',#4582,#4562,#4584,.T.);
#4582 = VERTEX_POINT('',#4583);
#4583 = CARTESIAN_POINT('',(235.34009877466,148.,4.718573925357));
#4584 = SURFACE_CURVE('',#4585,(#4593,#4604),.PCURVE_S1.);
#4585 = B_SPLINE_CURVE_WITH_KNOTS('',6,(#4586,#4587,#4588,#4589,#4590,
    #4591,#4592),.UNSPECIFIED.,.F.,.F.,(7,7),(0.,1.),
  .PIECEWISE_BEZIER_KNOTS.);
#4586 = CARTESIAN_POINT('',(235.34009877466,148.,4.718573925357));
#4587 = CARTESIAN_POINT('',(235.18324908271,148.,4.742169196014));
#4588 = CARTESIAN_POINT('',(235.02139625912,148.,4.736048797373));
#4589 = CARTESIAN_POINT('',(234.86163268416,148.,4.699204972743));
#4590 = CARTESIAN_POINT('',(234.71126775491,148.,4.632929934779));
#4591 = CARTESIAN_POINT('',(234.57689836518,148.,4.540611271299));
#4592 = CARTESIAN_POINT('',(234.46361781658,148.,4.427330722705));
#4593 = PCURVE('',#2065,#4594);
#4594 = DEFINITIONAL_REPRESENTATION('',(#4595),#4603);
#4595 = B_SPLINE_CURVE_WITH_KNOTS('',6,(#4596,#4597,#4598,#4599,#4600,
    #4601,#4602),.UNSPECIFIED.,.F.,.F.,(7,7),(0.,1.),
  .PIECEWISE_BEZIER_KNOTS.);
#4596 = CARTESIAN_POINT('',(-2.747321132488,-3.357580146741));
#4597 = CARTESIAN_POINT('',(-2.723725861831,-3.200730454799));
#4598 = CARTESIAN_POINT('',(-2.729846260471,-3.038877631201));
#4599 = CARTESIAN_POINT('',(-2.766690085102,-2.879114056243));
#4600 = CARTESIAN_POINT('',(-2.832965123065,-2.728749126999));
#4601 = CARTESIAN_POINT('',(-2.925283786545,-2.594379737262));
#4602 = CARTESIAN_POINT('',(-3.038564335139,-2.481099188669));
#4603 = ( GEOMETRIC_REPRESENTATION_CONTEXT(2) 
PARAMETRIC_REPRESENTATION_CONTEXT() REPRESENTATION_CONTEXT('2D SPACE',''
  ) );
#4604 = PCURVE('',#4605,#4788);
#4605 = ( BOUNDED_SURFACE() B_SPLINE_SURFACE(6,13,(
    (#4606,#4607,#4608,#4609,#4610,#4611,#4612,#4613,#4614,#4615,#4616
      ,#4617,#4618,#4619,#4620,#4621,#4622,#4623,#4624,#4625,#4626,#4627
      ,#4628,#4629,#4630,#4631)
    ,(#4632,#4633,#4634,#4635,#4636,#4637,#4638,#4639,#4640,#4641,#4642
      ,#4643,#4644,#4645,#4646,#4647,#4648,#4649,#4650,#4651,#4652,#4653
      ,#4654,#4655,#4656,#4657)
    ,(#4658,#4659,#4660,#4661,#4662,#4663,#4664,#4665,#4666,#4667,#4668
      ,#4669,#4670,#4671,#4672,#4673,#4674,#4675,#4676,#4677,#4678,#4679
      ,#4680,#4681,#4682,#4683)
    ,(#4684,#4685,#4686,#4687,#4688,#4689,#4690,#4691,#4692,#4693,#4694
      ,#4695,#4696,#4697,#4698,#4699,#4700,#4701,#4702,#4703,#4704,#4705
      ,#4706,#4707,#4708,#4709)
    ,(#4710,#4711,#4712,#4713,#4714,#4715,#4716,#4717,#4718,#4719,#4720
      ,#4721,#4722,#4723,#4724,#4725,#4726,#4727,#4728,#4729,#4730,#4731
      ,#4732,#4733,#4734,#4735)
    ,(#4736,#4737,#4738,#4739,#4740,#4741,#4742,#4743,#4744,#4745,#4746
      ,#4747,#4748,#4749,#4750,#4751,#4752,#4753,#4754,#4755,#4756,#4757
      ,#4758,#4759,#4760,#4761)
    ,(#4762,#4763,#4764,#4765,#4766,#4767,#4768,#4769,#4770,#4771,#4772
      ,#4773,#4774,#4775,#4776,#4777,#4778,#4779,#4780,#4781,#4782,#4783
      ,#4784,#4785,#4786,#4787
)),.UNSPECIFIED.,.F.,.F.,.F.) B_SPLINE_SURFACE_WITH_KNOTS((7,7),(14,12,
    14),(0.,9.97021726579),(-2.971346970505,4.027523324774,
6.998870295285),.UNSPECIFIED.) GEOMETRIC_REPRESENTATION_ITEM() 
RATIONAL_B_SPLINE_SURFACE((
    (1.067381277915,1.068319645658,1.069192198159,1.069987084398
      ,1.070692394668,1.071288686008,1.071782981053,1.072117932109
      ,1.072352437154,1.072418256148,1.072357133941,1.072153155087
      ,1.071819276435,1.071169869437,1.070954377134,1.070717606544
      ,1.07046036348,1.070183544847,1.069888105776,1.069575032698
      ,1.069245321841,1.068899963813,1.068539933544,1.068166186267
      ,1.067779659002,1.067381277892)
    ,(1.020434622623,1.020690941591,1.020928430443,1.021144049204
      ,1.021334765033,1.021495571212,1.021628535611,1.021718506909
      ,1.021781446492,1.021799120296,1.021782751943,1.021727986609
      ,1.021638175021,1.021463096984,1.021404964714,1.021341046196
      ,1.021271543968,1.021196684347,1.021116708866,1.021031867509
      ,1.020942413012,1.020848597189,1.020750668219,1.020648869894
      ,1.020543442038,1.020434622616)
    ,(0.995673001631,0.995617131464,0.995565369552,0.995518380188
      ,0.995476824836,0.995441792807,0.995412832115,0.995393238347
      ,0.995379532433,0.995375683532,0.995379247224,0.995391173582
      ,0.99541073513,0.995448874285,0.995461538427,0.995475463793
      ,0.99549060644,0.995506917262,0.995524343758,0.995542831639
      ,0.995562325873,0.99558277169,0.995604114974,0.995626302576
      ,0.995649282127,0.995673001633)
    ,(0.987491596188,0.987327773283,0.987175667593,0.987037291749
      ,0.98691466427,0.986811099447,0.986725332371,0.986667245112
      ,0.986626589746,0.986615176908,0.986625764604,0.986661132153
      ,0.986719064649,0.986831843439,0.986869275817,0.986910415943
      ,0.986955127599,0.987003259033,0.987054648442,0.987109128791
      ,0.987166531179,0.987226687782,0.987289433247,0.987354605575
      ,0.987422045686,0.987491596192)
    ,(0.995673001631,0.995617131464,0.995565369552,0.995518380188
      ,0.995476824836,0.995441792807,0.995412832115,0.995393238347
      ,0.995379532434,0.995375683532,0.995379247224,0.995391173582
      ,0.99541073513,0.995448874285,0.995461538427,0.995475463793
      ,0.995490606441,0.995506917261,0.995524343759,0.995542831637
      ,0.995562325874,0.99558277169,0.995604114974,0.995626302576
      ,0.995649282127,0.995673001633)
    ,(1.020434622623,1.020690941591,1.020928430443,1.021144049204
      ,1.021334765033,1.021495571212,1.021628535611,1.021718506909
      ,1.021781446492,1.021799120296,1.021782751943,1.021727986609
      ,1.021638175021,1.021463096984,1.021404964714,1.021341046196
      ,1.021271543968,1.021196684348,1.021116708865,1.02103186751
      ,1.020942413012,1.02084859719,1.020750668219,1.020648869894
      ,1.020543442038,1.020434622616)
    ,(1.067381277915,1.068319645658,1.069192198159,1.069987084398
      ,1.070692394668,1.071288686008,1.071782981053,1.072117932109
      ,1.072352437154,1.072418256148,1.072357133941,1.072153155087
      ,1.071819276435,1.071169869437,1.070954377134,1.070717606544
      ,1.07046036348,1.070183544847,1.069888105776,1.069575032698
      ,1.069245321841,1.068899963813,1.068539933544,1.068166186267
,1.067779659002,1.067381277892))) REPRESENTATION_ITEM('') SURFACE() );
#4606 = CARTESIAN_POINT('',(235.5336656473,144.12146998401,
    5.497378553419));
#4607 = CARTESIAN_POINT('',(235.28795772803,144.69587072296,
    5.251670634153));
#4608 = CARTESIAN_POINT('',(235.06515441194,145.2888118878,
    5.028867318061));
#4609 = CARTESIAN_POINT('',(234.86684772397,145.89878977762,
    4.830560630096));
#4610 = CARTESIAN_POINT('',(234.69453950684,146.52895319199,
    4.658252412964));
#4611 = CARTESIAN_POINT('',(234.55128713165,147.16190992217,
    4.515000037771));
#4612 = CARTESIAN_POINT('',(234.43486374628,147.83394064603,
    4.398576652403));
#4613 = CARTESIAN_POINT('',(234.3553555623,148.47484727164,
    4.319068468428));
#4614 = CARTESIAN_POINT('',(234.30162106366,149.16168574534,
    4.265333969775));
#4615 = CARTESIAN_POINT('',(234.28562435034,149.82410914884,
    4.249337256465));
#4616 = CARTESIAN_POINT('',(234.29994658279,150.49905737386,
    4.263659488911));
#4617 = CARTESIAN_POINT('',(234.34755156523,151.16539094312,
    4.311264471351));
#4618 = CARTESIAN_POINT('',(234.42646990341,151.82565559728,
    4.390182809532));
#4619 = CARTESIAN_POINT('',(234.58213119645,152.75228135084,
    4.545844102569));
#4620 = CARTESIAN_POINT('',(234.63401550966,153.026822416,4.597728415777
    ));
#4621 = CARTESIAN_POINT('',(234.69128796597,153.29942150666,
    4.655000872088));
#4622 = CARTESIAN_POINT('',(234.75384344901,153.56986027413,
    4.71755635513));
#4623 = CARTESIAN_POINT('',(234.82156345672,153.83792620496,
    4.785276362846));
#4624 = CARTESIAN_POINT('',(234.89432102364,154.10342301097,
    4.858033929761));
#4625 = CARTESIAN_POINT('',(234.97198473267,154.36617761953,
    4.935697638789));
#4626 = CARTESIAN_POINT('',(235.05442181686,154.62604374829,
    5.018134722985));
#4627 = CARTESIAN_POINT('',(235.14150035001,154.88290204786,
    5.105213256136));
#4628 = CARTESIAN_POINT('',(235.2330905236,155.13665679363,
    5.196803429719));
#4629 = CARTESIAN_POINT('',(235.3290650062,155.38722910718,
    5.292777912323));
#4630 = CARTESIAN_POINT('',(235.42929838052,155.63454668692,
    5.393011286637));
#4631 = CARTESIAN_POINT('',(235.53366565177,155.87853002693,
    5.497378557887));
#4632 = CARTESIAN_POINT('',(235.78305501301,144.30424096335,
    5.746767919129));
#4633 = CARTESIAN_POINT('',(235.54485368938,144.86442764086,
    5.508566595498));
#4634 = CARTESIAN_POINT('',(235.32936999948,145.44138415565,
    5.293082905597));
#4635 = CARTESIAN_POINT('',(235.13798348865,146.03376921789,
    5.101696394772));
#4636 = CARTESIAN_POINT('',(234.97195508567,146.64433148632,
    4.935667991789));
#4637 = CARTESIAN_POINT('',(234.83408143658,147.25802634123,
    4.797794342716));
#4638 = CARTESIAN_POINT('',(234.72226043472,147.9057467996,
    4.685973340824));
#4639 = CARTESIAN_POINT('',(234.64552815345,148.52815297872,
    4.609241059581));
#4640 = CARTESIAN_POINT('',(234.59421053388,149.18915145984,
    4.557923439991));
#4641 = CARTESIAN_POINT('',(234.57862058598,149.83039577739,
    4.542333492106));
#4642 = CARTESIAN_POINT('',(234.59245299924,150.48184872017,
    4.556165905364));
#4643 = CARTESIAN_POINT('',(234.63819340706,151.12594862746,
    4.601906313184));
#4644 = CARTESIAN_POINT('',(234.71413062706,151.76443553592,
    4.677843533182));
#4645 = CARTESIAN_POINT('',(234.86405259176,152.66119582117,
    4.827765497886));
#4646 = CARTESIAN_POINT('',(234.91401774998,152.92688351688,
    4.877730656098));
#4647 = CARTESIAN_POINT('',(234.96918362591,153.19078020457,
    4.932896532035));
#4648 = CARTESIAN_POINT('',(235.02945484407,153.45269006269,
    4.993167750192));
#4649 = CARTESIAN_POINT('',(235.09472481372,153.7124246127,
    5.058437719841));
#4650 = CARTESIAN_POINT('',(235.16488009691,153.96981104591,
    5.128593003028));
#4651 = CARTESIAN_POINT('',(235.23980396259,154.22469770577,
    5.203516868711));
#4652 = CARTESIAN_POINT('',(235.31937912692,154.47695672236,
    5.283092033048));
#4653 = CARTESIAN_POINT('',(235.40348967945,154.72648379364,
    5.367202585571));
#4654 = CARTESIAN_POINT('',(235.4920221945,154.97319511009,
    5.455735100625));
#4655 = CARTESIAN_POINT('',(235.58486602682,155.21702141646,
    5.54857893294));
#4656 = CARTESIAN_POINT('',(235.68191279007,155.45789920665,
    5.645625696188));
#4657 = CARTESIAN_POINT('',(235.78305501668,155.69575904558,
    5.746767922801));
#4658 = CARTESIAN_POINT('',(236.14910289258,144.47636357698,
    5.850439571555));
#4659 = CARTESIAN_POINT('',(235.91971021978,145.02283316381,
    5.617281410669));
#4660 = CARTESIAN_POINT('',(235.71269384737,145.58448303396,
    5.40676050733));
#4661 = CARTESIAN_POINT('',(235.52921921351,146.16013429504,
    5.220090597183));
#4662 = CARTESIAN_POINT('',(235.37030767996,146.75217881702,
    5.058341657439));
#4663 = CARTESIAN_POINT('',(235.23849416102,147.34774780108,
    4.924127732449));
#4664 = CARTESIAN_POINT('',(235.13180945532,147.97272593547,
    4.815452004765));
#4665 = CARTESIAN_POINT('',(235.05823414124,148.57788072917,
    4.740527023961));
#4666 = CARTESIAN_POINT('',(235.0095707286,149.21478021697,
    4.690918491034));
#4667 = CARTESIAN_POINT('',(234.99447444555,149.83631134294,
    4.675556961516));
#4668 = CARTESIAN_POINT('',(235.00775172759,150.4658296048,
    4.689080704432));
#4669 = CARTESIAN_POINT('',(235.05140200469,151.08912077043,
    4.733553014689));
#4670 = CARTESIAN_POINT('',(235.12396596762,151.70714133585,
    4.80746191652));
#4671 = CARTESIAN_POINT('',(235.2673563758,152.57575819291,
    4.953466871921));
#4672 = CARTESIAN_POINT('',(235.31514808322,152.83313934602,
    5.00212600179));
#4673 = CARTESIAN_POINT('',(235.3679273782,153.08886478521,
    5.055858196743));
#4674 = CARTESIAN_POINT('',(235.42560886449,153.34275814618,
    5.114574761963));
#4675 = CARTESIAN_POINT('',(235.48809802253,153.59465206345,
    5.178177509887));
#4676 = CARTESIAN_POINT('',(235.55529503512,153.84439456939,
    5.246562719167));
#4677 = CARTESIAN_POINT('',(235.62709789717,154.09185317592,
    5.319624354591));
#4678 = CARTESIAN_POINT('',(235.70340480957,154.33691663876,
    5.397256547846));
#4679 = CARTESIAN_POINT('',(235.78411585718,154.57949440641,
    5.479355339278));
#4680 = CARTESIAN_POINT('',(235.8691339712,154.81951375338,
    5.565819680726));
#4681 = CARTESIAN_POINT('',(235.95836517597,155.05691460006,
    5.656551699669));
#4682 = CARTESIAN_POINT('',(236.05171812055,155.29164201908,
    5.75145622497));
#4683 = CARTESIAN_POINT('',(236.14910289546,155.52363643004,
    5.850439574528));
#4684 = CARTESIAN_POINT('',(236.5530965113,144.59688277967,
    5.775340699964));
#4685 = CARTESIAN_POINT('',(236.33071365577,145.1329596077,
    5.542941787837));
#4686 = CARTESIAN_POINT('',(236.13032550049,145.68329759947,
    5.333250629564));
#4687 = CARTESIAN_POINT('',(235.95295257407,146.2468477935,
    5.147411884554));
#4688 = CARTESIAN_POINT('',(235.79945817155,146.82578032178,
    4.986413309606));
#4689 = CARTESIAN_POINT('',(235.67221076027,147.408683927,4.852827040238
    ));
#4690 = CARTESIAN_POINT('',(235.56934946825,148.0180622349,
    4.744715497782));
#4691 = CARTESIAN_POINT('',(235.49813682833,148.61147745597,
    4.669946661545));
#4692 = CARTESIAN_POINT('',(235.45142227996,149.23207514094,
    4.62074292029));
#4693 = CARTESIAN_POINT('',(235.43670492447,149.84033741541,
    4.605326746702));
#4694 = CARTESIAN_POINT('',(235.44957141729,150.45504492954,
    4.618841485449));
#4695 = CARTESIAN_POINT('',(235.49167104634,151.06422153574,
    4.663106597008));
#4696 = CARTESIAN_POINT('',(235.56170885006,151.66824063882,
    4.736691301011));
#4697 = CARTESIAN_POINT('',(235.7001640607,152.51740501892,
    4.882050402069));
#4698 = CARTESIAN_POINT('',(235.74631342401,152.769034214,4.93049090697)
  );
#4699 = CARTESIAN_POINT('',(235.79728515262,153.01907399074,
    4.983980544119));
#4700 = CARTESIAN_POINT('',(235.85299982084,153.26735887733,
    5.042431501223));
#4701 = CARTESIAN_POINT('',(235.91337028054,153.51373399788,
    5.105747286885));
#4702 = CARTESIAN_POINT('',(235.97830514594,153.7580601685,
    5.173826558616));
#4703 = CARTESIAN_POINT('',(236.04771162928,154.00021702815,
    5.246566241431));
#4704 = CARTESIAN_POINT('',(236.1214977274,154.24010420702,5.32386393704
    ));
#4705 = CARTESIAN_POINT('',(236.19957375913,154.47764053438,
    5.405619623704));
#4706 = CARTESIAN_POINT('',(236.28185325435,154.71276128965,
    5.491736647346));
#4707 = CARTESIAN_POINT('',(236.36825319479,154.94541349823,
    5.582122004333));
#4708 = CARTESIAN_POINT('',(236.45869360779,155.17554927621,
    5.67668591697));
#4709 = CARTESIAN_POINT('',(236.55309651361,155.403117226,5.775340702517
    ));
#4710 = CARTESIAN_POINT('',(236.90423054097,144.63694028764,
    5.533522892595));
#4711 = CARTESIAN_POINT('',(236.68421972881,145.16803440446,
    5.297443667166));
#4712 = CARTESIAN_POINT('',(236.48590884067,145.71346412094,
    5.084263781477));
#4713 = CARTESIAN_POINT('',(236.31030128648,146.27225285804,
    4.895172678194));
#4714 = CARTESIAN_POINT('',(236.15824819012,146.84654697497,
    4.731206635443));
#4715 = CARTESIAN_POINT('',(236.03212824178,147.42529449115,
    4.595051430195));
#4716 = CARTESIAN_POINT('',(235.93013604805,148.03011085704,
    4.484768808214));
#4717 = CARTESIAN_POINT('',(235.85943211865,148.62027428958,
    4.408457847075));
#4718 = CARTESIAN_POINT('',(235.81313928396,149.23655997286,
    4.358243668334));
#4719 = CARTESIAN_POINT('',(235.79849929084,149.8414404337,
    4.342502324174));
#4720 = CARTESIAN_POINT('',(235.81129009045,150.45229214219,
    4.35631209329));
#4721 = CARTESIAN_POINT('',(235.85305500455,151.05767269783,
    4.40148950725));
#4722 = CARTESIAN_POINT('',(235.92250922749,151.65769872511,
    4.476543828463));
#4723 = CARTESIAN_POINT('',(236.05974071129,152.50092206614,
    4.624700726496));
#4724 = CARTESIAN_POINT('',(236.10547913218,152.75076346707,
    4.674067452792));
#4725 = CARTESIAN_POINT('',(236.15598981554,152.99898134154,
    4.728568572262));
#4726 = CARTESIAN_POINT('',(236.2111918746,153.2454086585,4.788110879894
    ));
#4727 = CARTESIAN_POINT('',(236.27099689419,153.48989032982,
    4.852592180964));
#4728 = CARTESIAN_POINT('',(236.33531243144,153.73228796597,
    4.921905310732));
#4729 = CARTESIAN_POINT('',(236.40404487646,153.9724827503,
    4.995941421426));
#4730 = CARTESIAN_POINT('',(236.47710167268,154.2103764325,
    5.074592536197));
#4731 = CARTESIAN_POINT('',(236.55439289722,154.44589044229,
    5.157753370478));
#4732 = CARTESIAN_POINT('',(236.63583220112,154.67896312411,
    5.245322420505));
#4733 = CARTESIAN_POINT('',(236.72133710991,154.90954509377,
    5.337202319556));
#4734 = CARTESIAN_POINT('',(236.81082868454,155.13759271794,
    5.43329946192));
#4735 = CARTESIAN_POINT('',(236.90423054309,155.36305971755,
    5.533522895106));
#4736 = CARTESIAN_POINT('',(237.12628301913,144.58987629314,
    5.183033615803));
#4737 = CARTESIAN_POINT('',(236.90265031367,145.12227163792,
    4.940525422264));
#4738 = CARTESIAN_POINT('',(236.70063157879,145.67005867697,4.7211533446
    ));
#4739 = CARTESIAN_POINT('',(236.52135685491,146.23225664475,
    4.526238495534));
#4740 = CARTESIAN_POINT('',(236.36582505892,146.81118157882,
    4.356967278901));
#4741 = CARTESIAN_POINT('',(236.23661727502,147.39498303629,
    4.216241701298));
#4742 = CARTESIAN_POINT('',(236.1319134044,148.0070132464,4.102065639109
    ));
#4743 = CARTESIAN_POINT('',(236.05945460317,148.60292536399,
    4.023217506945));
#4744 = CARTESIAN_POINT('',(236.01176069543,149.22755230435,
    3.971061997477));
#4745 = CARTESIAN_POINT('',(235.9968195333,149.83944769054,
    3.954866882301));
#4746 = CARTESIAN_POINT('',(236.00994068659,150.45798669875,
    3.969142977043));
#4747 = CARTESIAN_POINT('',(236.05283966715,151.07047901328,
    4.015926737341));
#4748 = CARTESIAN_POINT('',(236.12407591111,151.67715699772,
    4.093559402993));
#4749 = CARTESIAN_POINT('',(236.26463881545,152.52892210548,
    4.246651927676));
#4750 = CARTESIAN_POINT('',(236.31147892829,152.78123409142,
    4.297658574083));
#4751 = CARTESIAN_POINT('',(236.36318635678,153.03179662983,
    4.353954547138));
#4752 = CARTESIAN_POINT('',(236.41967096776,153.28042901912,
    4.415437532684));
#4753 = CARTESIAN_POINT('',(236.48083395927,153.52696327188,
    4.481994983171));
#4754 = CARTESIAN_POINT('',(236.54657175161,153.7712495503,
    4.553508556828));
#4755 = CARTESIAN_POINT('',(236.61677918438,154.01315952415,
    4.629857761749));
#4756 = CARTESIAN_POINT('',(236.69135201977,154.25258764723,
    4.710922804889));
#4757 = CARTESIAN_POINT('',(236.77018875137,154.4894503488,
    4.796586645747));
#4758 = CARTESIAN_POINT('',(236.85319171856,154.72368313542,
    4.886736254056));
#4759 = CARTESIAN_POINT('',(236.94026752486,154.9552355992,
    4.981263070434));
#4760 = CARTESIAN_POINT('',(237.03132675965,155.18406432791,
    5.080062668764));
#4761 = CARTESIAN_POINT('',(237.12628302149,155.4101237125,5.18303361863
    ));
#4762 = CARTESIAN_POINT('',(237.1775268196,144.47103448531,
    4.807472648755));
#4763 = CARTESIAN_POINT('',(236.94493633859,145.0104455554,4.55847002863
    ));
#4764 = CARTESIAN_POINT('',(236.73413529414,145.56698927279,
    4.332772125098));
#4765 = CARTESIAN_POINT('',(236.54649345027,146.13960277899,
    4.131866966445));
#4766 = CARTESIAN_POINT('',(236.38327909948,146.73091240704,
    3.957134338488));
#4767 = CARTESIAN_POINT('',(236.24741916646,147.32735156603,
    3.811713106162));
#4768 = CARTESIAN_POINT('',(236.13700836082,147.95608774848,
    3.69351147765));
#4769 = CARTESIAN_POINT('',(236.06090304,148.56495116098,3.612179450015)
  );
#4770 = CARTESIAN_POINT('',(236.01030527106,149.20793034021,
    3.557943512799));
#4771 = CARTESIAN_POINT('',(235.99474613032,149.83502821797,
    3.541360402564));
#4772 = CARTESIAN_POINT('',(236.00853469372,150.47033513233,
    3.556083308259));
#4773 = CARTESIAN_POINT('',(236.05378359229,151.09854264191,
    3.604503552606));
#4774 = CARTESIAN_POINT('',(236.12876944269,151.7203217654,
    3.684747147438));
#4775 = CARTESIAN_POINT('',(236.2764825711,152.59227159491,
    3.842845319778));
#4776 = CARTESIAN_POINT('',(236.32570146478,152.85052340136,
    3.895526883941));
#4777 = CARTESIAN_POINT('',(236.38001041541,153.10684952382,
    3.953659653034));
#4778 = CARTESIAN_POINT('',(236.43930487084,153.36104682225,
    4.017132295365));
#4779 = CARTESIAN_POINT('',(236.50346937812,153.61292484408,
    4.085821483246));
#4780 = CARTESIAN_POINT('',(236.57238213703,153.86231274709,
    4.15959682389));
#4781 = CARTESIAN_POINT('',(236.64591875818,154.1090637404,
    4.238324919189));
#4782 = CARTESIAN_POINT('',(236.72395522622,154.35305702912,
    4.321872554963));
#4783 = CARTESIAN_POINT('',(236.80637006723,154.59419724808,
    4.410109018429));
#4784 = CARTESIAN_POINT('',(236.89304571783,154.83241136782,
    4.502907541665));
#4785 = CARTESIAN_POINT('',(236.98386909284,155.06764305646,
    4.600145867028));
#4786 = CARTESIAN_POINT('',(237.0787313466,155.2998444797,4.701705929838
    ));
#4787 = CARTESIAN_POINT('',(237.17752682258,155.5289655216,
    4.807472652142));
#4788 = DEFINITIONAL_REPRESENTATION('',(#4789),#4795);
#4789 = B_SPLINE_CURVE_WITH_KNOTS('',4,(#4790,#4791,#4792,#4793,#4794),
  .UNSPECIFIED.,.F.,.F.,(5,5),(0.,1.),.PIECEWISE_BEZIER_KNOTS.);
#4790 = CARTESIAN_POINT('',(4.013912672434,0.276582519089));
#4791 = CARTESIAN_POINT('',(3.009478420749,0.297691404957));
#4792 = CARTESIAN_POINT('',(2.005877339621,0.327492665549));
#4793 = CARTESIAN_POINT('',(1.003022458949,0.360647649067));
#4794 = CARTESIAN_POINT('',(0.,0.392038583082));
#4795 = ( GEOMETRIC_REPRESENTATION_CONTEXT(2) 
PARAMETRIC_REPRESENTATION_CONTEXT() REPRESENTATION_CONTEXT('2D SPACE',''
  ) );
#4796 = ORIENTED_EDGE('',*,*,#4797,.T.);
#4797 = EDGE_CURVE('',#4582,#4503,#4798,.T.);
#4798 = SURFACE_CURVE('',#4799,(#4802,#4808),.PCURVE_S1.);
#4799 = B_SPLINE_CURVE_WITH_KNOTS('',1,(#4800,#4801),.UNSPECIFIED.,.F.,
  .F.,(2,2),(-1.425396648703,8.8732655568),.PIECEWISE_BEZIER_KNOTS.);
#4800 = CARTESIAN_POINT('',(235.34009877466,148.,4.718573925357));
#4801 = CARTESIAN_POINT('',(235.34009877466,148.,15.01723613086));
#4802 = PCURVE('',#2065,#4803);
#4803 = DEFINITIONAL_REPRESENTATION('',(#4804),#4807);
#4804 = B_SPLINE_CURVE_WITH_KNOTS('',1,(#4805,#4806),.UNSPECIFIED.,.F.,
  .F.,(2,2),(-1.425396648703,8.8732655568),.PIECEWISE_BEZIER_KNOTS.);
#4805 = CARTESIAN_POINT('',(-2.747321132488,-3.357580146741));
#4806 = CARTESIAN_POINT('',(7.551341073016,-3.357580146741));
#4807 = ( GEOMETRIC_REPRESENTATION_CONTEXT(2) 
PARAMETRIC_REPRESENTATION_CONTEXT() REPRESENTATION_CONTEXT('2D SPACE',''
  ) );
#4808 = PCURVE('',#4518,#4809);
#4809 = DEFINITIONAL_REPRESENTATION('',(#4810),#4814);
#4810 = B_SPLINE_CURVE_WITH_KNOTS('',2,(#4811,#4812,#4813),
  .UNSPECIFIED.,.F.,.F.,(3,3),(-1.425396648703,8.8732655568),
  .PIECEWISE_BEZIER_KNOTS.);
#4811 = CARTESIAN_POINT('',(3.15220147169E-14,-1.425396648703));
#4812 = CARTESIAN_POINT('',(3.15220147169E-14,3.723934454048));
#4813 = CARTESIAN_POINT('',(3.15220147169E-14,8.8732655568));
#4814 = ( GEOMETRIC_REPRESENTATION_CONTEXT(2) 
PARAMETRIC_REPRESENTATION_CONTEXT() REPRESENTATION_CONTEXT('2D SPACE',''
  ) );
#4815 = ORIENTED_EDGE('',*,*,#4537,.T.);
#4816 = ORIENTED_EDGE('',*,*,#2050,.T.);
#4817 = ORIENTED_EDGE('',*,*,#2232,.T.);
#4818 = ADVANCED_FACE('',(#4819),#2170,.F.);
#4819 = FACE_BOUND('',#4820,.F.);
#4820 = EDGE_LOOP('',(#4821,#4841,#4874,#4893,#4894,#4895));
#4821 = ORIENTED_EDGE('',*,*,#4822,.T.);
#4822 = EDGE_CURVE('',#2260,#4823,#4825,.T.);
#4823 = VERTEX_POINT('',#4824);
#4824 = CARTESIAN_POINT('',(234.46361812001,152.,4.427331026134));
#4825 = SURFACE_CURVE('',#4826,(#4829,#4835),.PCURVE_S1.);
#4826 = B_SPLINE_CURVE_WITH_KNOTS('',1,(#4827,#4828),.UNSPECIFIED.,.F.,
  .F.,(2,2),(5.242640687119,6.261192179738),.PIECEWISE_BEZIER_KNOTS.);
#4827 = CARTESIAN_POINT('',(233.74339387507,152.,3.707106781187));
#4828 = CARTESIAN_POINT('',(234.46361854248,152.,4.427331448605));
#4829 = PCURVE('',#2170,#4830);
#4830 = DEFINITIONAL_REPRESENTATION('',(#4831),#4834);
#4831 = B_SPLINE_CURVE_WITH_KNOTS('',1,(#4832,#4833),.UNSPECIFIED.,.F.,
  .F.,(2,2),(5.242640687119,6.261192179738),.PIECEWISE_BEZIER_KNOTS.);
#4832 = CARTESIAN_POINT('',(-3.758788276658,-1.76087524715));
#4833 = CARTESIAN_POINT('',(-3.03856360924,-2.481099914568));
#4834 = ( GEOMETRIC_REPRESENTATION_CONTEXT(2) 
PARAMETRIC_REPRESENTATION_CONTEXT() REPRESENTATION_CONTEXT('2D SPACE',''
  ) );
#4835 = PCURVE('',#2274,#4836);
#4836 = DEFINITIONAL_REPRESENTATION('',(#4837),#4840);
#4837 = B_SPLINE_CURVE_WITH_KNOTS('',1,(#4838,#4839),.UNSPECIFIED.,.F.,
  .F.,(2,2),(5.242640687119,6.261192179738),.PIECEWISE_BEZIER_KNOTS.);
#4838 = CARTESIAN_POINT('',(-0.414213562373,-2.));
#4839 = CARTESIAN_POINT('',(0.604337930246,-2.));
#4840 = ( GEOMETRIC_REPRESENTATION_CONTEXT(2) 
PARAMETRIC_REPRESENTATION_CONTEXT() REPRESENTATION_CONTEXT('2D SPACE',''
  ) );
#4841 = ORIENTED_EDGE('',*,*,#4842,.F.);
#4842 = EDGE_CURVE('',#4843,#4823,#4845,.T.);
#4843 = VERTEX_POINT('',#4844);
#4844 = CARTESIAN_POINT('',(235.34009877466,152.,4.718574662412));
#4845 = SURFACE_CURVE('',#4846,(#4854,#4865),.PCURVE_S1.);
#4846 = B_SPLINE_CURVE_WITH_KNOTS('',6,(#4847,#4848,#4849,#4850,#4851,
    #4852,#4853),.UNSPECIFIED.,.F.,.F.,(7,7),(0.,1.),
  .PIECEWISE_BEZIER_KNOTS.);
#4847 = CARTESIAN_POINT('',(235.34009877466,152.,4.718574662412));
#4848 = CARTESIAN_POINT('',(235.18324920615,152.,4.742169851532));
#4849 = CARTESIAN_POINT('',(235.0213965333,152.,4.736049411006));
#4850 = CARTESIAN_POINT('',(234.86163311609,152.,4.699205581376));
#4851 = CARTESIAN_POINT('',(234.71126832532,152.,4.632930564612));
#4852 = CARTESIAN_POINT('',(234.57689903578,152.,4.540611941903));
#4853 = CARTESIAN_POINT('',(234.46361854118,152.,4.427331447306));
#4854 = PCURVE('',#2170,#4855);
#4855 = DEFINITIONAL_REPRESENTATION('',(#4856),#4864);
#4856 = B_SPLINE_CURVE_WITH_KNOTS('',6,(#4857,#4858,#4859,#4860,#4861,
    #4862,#4863),.UNSPECIFIED.,.F.,.F.,(7,7),(0.,1.),
  .PIECEWISE_BEZIER_KNOTS.);
#4857 = CARTESIAN_POINT('',(-2.747320395432,-3.357580146741));
#4858 = CARTESIAN_POINT('',(-2.723725206313,-3.200730578235));
#4859 = CARTESIAN_POINT('',(-2.729845646838,-3.038877905384));
#4860 = CARTESIAN_POINT('',(-2.766689476469,-2.879114488176));
#4861 = CARTESIAN_POINT('',(-2.832964493233,-2.728749697405));
#4862 = CARTESIAN_POINT('',(-2.925283115941,-2.594380407866));
#4863 = CARTESIAN_POINT('',(-3.038563610539,-2.481099913269));
#4864 = ( GEOMETRIC_REPRESENTATION_CONTEXT(2) 
PARAMETRIC_REPRESENTATION_CONTEXT() REPRESENTATION_CONTEXT('2D SPACE',''
  ) );
#4865 = PCURVE('',#4605,#4866);
#4866 = DEFINITIONAL_REPRESENTATION('',(#4867),#4873);
#4867 = B_SPLINE_CURVE_WITH_KNOTS('',4,(#4868,#4869,#4870,#4871,#4872),
  .UNSPECIFIED.,.F.,.F.,(5,5),(0.,1.),.PIECEWISE_BEZIER_KNOTS.);
#4868 = CARTESIAN_POINT('',(4.013910084267,3.750932320285));
#4869 = CARTESIAN_POINT('',(3.009476470294,3.72982334322));
#4870 = CARTESIAN_POINT('',(2.005876009371,3.700021958396));
#4871 = CARTESIAN_POINT('',(1.003021777794,3.666866801151));
#4872 = CARTESIAN_POINT('',(-3.388926662155E-13,3.635475732257));
#4873 = ( GEOMETRIC_REPRESENTATION_CONTEXT(2) 
PARAMETRIC_REPRESENTATION_CONTEXT() REPRESENTATION_CONTEXT('2D SPACE',''
  ) );
#4874 = ORIENTED_EDGE('',*,*,#4875,.T.);
#4875 = EDGE_CURVE('',#4843,#4370,#4876,.T.);
#4876 = SURFACE_CURVE('',#4877,(#4880,#4886),.PCURVE_S1.);
#4877 = B_SPLINE_CURVE_WITH_KNOTS('',1,(#4878,#4879),.UNSPECIFIED.,.F.,
  .F.,(2,2),(-1.425395911648,8.8732655568),.PIECEWISE_BEZIER_KNOTS.);
#4878 = CARTESIAN_POINT('',(235.34009877466,152.,4.718574662412));
#4879 = CARTESIAN_POINT('',(235.34009877466,152.,15.01723613086));
#4880 = PCURVE('',#2170,#4881);
#4881 = DEFINITIONAL_REPRESENTATION('',(#4882),#4885);
#4882 = B_SPLINE_CURVE_WITH_KNOTS('',1,(#4883,#4884),.UNSPECIFIED.,.F.,
  .F.,(2,2),(-1.425395911648,8.8732655568),.PIECEWISE_BEZIER_KNOTS.);
#4883 = CARTESIAN_POINT('',(-2.747320395432,-3.357580146741));
#4884 = CARTESIAN_POINT('',(7.551341073016,-3.357580146741));
#4885 = ( GEOMETRIC_REPRESENTATION_CONTEXT(2) 
PARAMETRIC_REPRESENTATION_CONTEXT() REPRESENTATION_CONTEXT('2D SPACE',''
  ) );
#4886 = PCURVE('',#4405,#4887);
#4887 = DEFINITIONAL_REPRESENTATION('',(#4888),#4892);
#4888 = B_SPLINE_CURVE_WITH_KNOTS('',2,(#4889,#4890,#4891),
  .UNSPECIFIED.,.F.,.F.,(3,3),(-1.425395911648,8.8732655568),
  .PIECEWISE_BEZIER_KNOTS.);
#4889 = CARTESIAN_POINT('',(-3.152608422572E-14,-1.425395911648));
#4890 = CARTESIAN_POINT('',(-3.152608422572E-14,3.723934822576));
#4891 = CARTESIAN_POINT('',(-3.152608422572E-14,8.8732655568));
#4892 = ( GEOMETRIC_REPRESENTATION_CONTEXT(2) 
PARAMETRIC_REPRESENTATION_CONTEXT() REPRESENTATION_CONTEXT('2D SPACE',''
  ) );
#4893 = ORIENTED_EDGE('',*,*,#4369,.T.);
#4894 = ORIENTED_EDGE('',*,*,#2155,.T.);
#4895 = ORIENTED_EDGE('',*,*,#2285,.T.);
#4896 = ADVANCED_FACE('',(#4897),#2274,.T.);
#4897 = FACE_BOUND('',#4898,.T.);
#4898 = EDGE_LOOP('',(#4899,#4900,#4901,#4902));
#4899 = ORIENTED_EDGE('',*,*,#4561,.F.);
#4900 = ORIENTED_EDGE('',*,*,#2259,.T.);
#4901 = ORIENTED_EDGE('',*,*,#4822,.T.);
#4902 = ORIENTED_EDGE('',*,*,#4903,.F.);
#4903 = EDGE_CURVE('',#4562,#4823,#4904,.T.);
#4904 = SURFACE_CURVE('',#4905,(#4932,#4962),.PCURVE_S1.);
#4905 = ( BOUNDED_CURVE() B_SPLINE_CURVE(13,(#4906,#4907,#4908,#4909,
    #4910,#4911,#4912,#4913,#4914,#4915,#4916,#4917,#4918,#4919,#4920,
    #4921,#4922,#4923,#4924,#4925,#4926,#4927,#4928,#4929,#4930,#4931),
.UNSPECIFIED.,.F.,.F.) B_SPLINE_CURVE_WITH_KNOTS((14,12,14),(
-2.971346970505,4.027523324774,6.998870295285),.UNSPECIFIED.) CURVE() 
GEOMETRIC_REPRESENTATION_ITEM() RATIONAL_B_SPLINE_CURVE((1.067381277915,
    1.068319645658,1.069192198159,1.069987084398,1.070692394668,
    1.071288686008,1.071782981053,1.072117932109,1.072352437154,
    1.072418256148,1.072357133941,1.072153155087,1.071819276435,
    1.071169869437,1.070954377134,1.070717606544,1.07046036348,
    1.070183544847,1.069888105776,1.069575032698,1.069245321841,
    1.068899963813,1.068539933544,1.068166186267,1.067779659002,
1.067381277892)) REPRESENTATION_ITEM('') );
#4906 = CARTESIAN_POINT('',(235.5336656473,144.12146998401,
    5.497378553419));
#4907 = CARTESIAN_POINT('',(235.28795772803,144.69587072296,
    5.251670634153));
#4908 = CARTESIAN_POINT('',(235.06515441194,145.2888118878,
    5.028867318061));
#4909 = CARTESIAN_POINT('',(234.86684772397,145.89878977762,
    4.830560630096));
#4910 = CARTESIAN_POINT('',(234.69453950684,146.52895319199,
    4.658252412964));
#4911 = CARTESIAN_POINT('',(234.55128713165,147.16190992217,
    4.515000037771));
#4912 = CARTESIAN_POINT('',(234.43486374628,147.83394064603,
    4.398576652403));
#4913 = CARTESIAN_POINT('',(234.3553555623,148.47484727164,
    4.319068468428));
#4914 = CARTESIAN_POINT('',(234.30162106366,149.16168574534,
    4.265333969775));
#4915 = CARTESIAN_POINT('',(234.28562435034,149.82410914884,
    4.249337256465));
#4916 = CARTESIAN_POINT('',(234.29994658279,150.49905737386,
    4.263659488911));
#4917 = CARTESIAN_POINT('',(234.34755156523,151.16539094312,
    4.311264471351));
#4918 = CARTESIAN_POINT('',(234.42646990341,151.82565559728,
    4.390182809532));
#4919 = CARTESIAN_POINT('',(234.58213119645,152.75228135084,
    4.545844102569));
#4920 = CARTESIAN_POINT('',(234.63401550966,153.026822416,4.597728415777
    ));
#4921 = CARTESIAN_POINT('',(234.69128796597,153.29942150666,
    4.655000872088));
#4922 = CARTESIAN_POINT('',(234.75384344901,153.56986027413,
    4.71755635513));
#4923 = CARTESIAN_POINT('',(234.82156345672,153.83792620496,
    4.785276362846));
#4924 = CARTESIAN_POINT('',(234.89432102364,154.10342301097,
    4.858033929761));
#4925 = CARTESIAN_POINT('',(234.97198473267,154.36617761953,
    4.935697638789));
#4926 = CARTESIAN_POINT('',(235.05442181686,154.62604374829,
    5.018134722985));
#4927 = CARTESIAN_POINT('',(235.14150035001,154.88290204786,
    5.105213256136));
#4928 = CARTESIAN_POINT('',(235.2330905236,155.13665679363,
    5.196803429719));
#4929 = CARTESIAN_POINT('',(235.3290650062,155.38722910718,
    5.292777912323));
#4930 = CARTESIAN_POINT('',(235.42929838052,155.63454668692,
    5.393011286637));
#4931 = CARTESIAN_POINT('',(235.53366565177,155.87853002693,
    5.497378557887));
#4932 = PCURVE('',#2274,#4933);
#4933 = DEFINITIONAL_REPRESENTATION('',(#4934),#4961);
#4934 = ( BOUNDED_CURVE() B_SPLINE_CURVE(13,(#4935,#4936,#4937,#4938,
    #4939,#4940,#4941,#4942,#4943,#4944,#4945,#4946,#4947,#4948,#4949,
    #4950,#4951,#4952,#4953,#4954,#4955,#4956,#4957,#4958,#4959,#4960),
.UNSPECIFIED.,.F.,.F.) B_SPLINE_CURVE_WITH_KNOTS((14,12,14),(
-2.971346970505,4.027523324774,6.998870295285),.UNSPECIFIED.) CURVE() 
GEOMETRIC_REPRESENTATION_ITEM() RATIONAL_B_SPLINE_CURVE((1.067381277915,
    1.068319645658,1.069192198159,1.069987084398,1.070692394668,
    1.071288686008,1.071782981053,1.072117932109,1.072352437154,
    1.072418256148,1.072357133941,1.072153155087,1.071819276435,
    1.071169869437,1.070954377134,1.070717606544,1.07046036348,
    1.070183544847,1.069888105776,1.069575032698,1.069245321841,
    1.068899963813,1.068539933544,1.068166186267,1.067779659002,
1.067381277892)) REPRESENTATION_ITEM('') );
#4935 = CARTESIAN_POINT('',(2.117613058252,5.878530015981));
#4936 = CARTESIAN_POINT('',(1.770129586444,5.304129277037));
#4937 = CARTESIAN_POINT('',(1.455038115085,4.711188112199));
#4938 = CARTESIAN_POINT('',(1.174590107454,4.101210222377));
#4939 = CARTESIAN_POINT('',(0.930909489878,3.47104680801));
#4940 = CARTESIAN_POINT('',(0.728320038037,2.838090077824));
#4941 = CARTESIAN_POINT('',(0.563672507475,2.166059353965));
#4942 = CARTESIAN_POINT('',(0.451230955374,1.525152728358));
#4943 = CARTESIAN_POINT('',(0.375238898616,0.838314254655));
#4944 = CARTESIAN_POINT('',(0.352616129697,0.175890851156));
#4945 = CARTESIAN_POINT('',(0.372870825066,-0.499057373869));
#4946 = CARTESIAN_POINT('',(0.440194436869,-1.165390943129));
#4947 = CARTESIAN_POINT('',(0.551801821045,-1.825655597284));
#4948 = CARTESIAN_POINT('',(0.771940132795,-2.752281350843));
#4949 = CARTESIAN_POINT('',(0.845315632208,-3.026822416007));
#4950 = CARTESIAN_POINT('',(0.926311116673,-3.299421506668));
#4951 = CARTESIAN_POINT('',(1.014777929192,-3.569860274139));
#4952 = CARTESIAN_POINT('',(1.110548482547,-3.837926204967));
#4953 = CARTESIAN_POINT('',(1.213443220445,-4.103423010973));
#4954 = CARTESIAN_POINT('',(1.323276291055,-4.366177619538));
#4955 = CARTESIAN_POINT('',(1.439859933569,-4.626043748293));
#4956 = CARTESIAN_POINT('',(1.563007576141,-4.882902047866));
#4957 = CARTESIAN_POINT('',(1.692535641804,-5.136656793635));
#4958 = CARTESIAN_POINT('',(1.828264056744,-5.387229107188));
#4959 = CARTESIAN_POINT('',(1.970015454101,-5.634546686929));
#4960 = CARTESIAN_POINT('',(2.117613064571,-5.878530026933));
#4961 = ( GEOMETRIC_REPRESENTATION_CONTEXT(2) 
PARAMETRIC_REPRESENTATION_CONTEXT() REPRESENTATION_CONTEXT('2D SPACE',''
  ) );
#4962 = PCURVE('',#4605,#4963);
#4963 = DEFINITIONAL_REPRESENTATION('',(#4964),#4968);
#4964 = B_SPLINE_CURVE_WITH_KNOTS('',2,(#4965,#4966,#4967),
  .UNSPECIFIED.,.F.,.F.,(3,3),(0.392038576993,3.635475739201),
  .PIECEWISE_BEZIER_KNOTS.);
#4965 = CARTESIAN_POINT('',(-3.634201945868E-13,0.392038576993));
#4966 = CARTESIAN_POINT('',(-5.036560493597E-13,2.013757158097));
#4967 = CARTESIAN_POINT('',(3.781824904143E-14,3.635475739201));
#4968 = ( GEOMETRIC_REPRESENTATION_CONTEXT(2) 
PARAMETRIC_REPRESENTATION_CONTEXT() REPRESENTATION_CONTEXT('2D SPACE',''
  ) );
#4969 = ADVANCED_FACE('',(#4970,#5429,#5561),#2362,.T.);
#4970 = FACE_BOUND('',#4971,.T.);
#4971 = EDGE_LOOP('',(#4972,#4996,#5034,#5035,#5090,#5119,#5222,#5242,
    #5243,#5244,#5347,#5376));
#4972 = ORIENTED_EDGE('',*,*,#4973,.T.);
#4973 = EDGE_CURVE('',#4974,#4976,#4978,.T.);
#4974 = VERTEX_POINT('',#4975);
#4975 = CARTESIAN_POINT('',(263.96371290611,150.,16.199379912834));
#4976 = VERTEX_POINT('',#4977);
#4977 = CARTESIAN_POINT('',(263.96371290611,150.,25.94684167136));
#4978 = SEAM_CURVE('',#4979,(#4982,#4989),.PCURVE_S1.);
#4979 = B_SPLINE_CURVE_WITH_KNOTS('',1,(#4980,#4981),.UNSPECIFIED.,.F.,
  .F.,(2,2),(16.199379912834,25.94684167136),.PIECEWISE_BEZIER_KNOTS.);
#4980 = CARTESIAN_POINT('',(263.96371290611,150.,16.199379912834));
#4981 = CARTESIAN_POINT('',(263.96371290611,150.,25.94684167136));
#4982 = PCURVE('',#2362,#4983);
#4983 = DEFINITIONAL_REPRESENTATION('',(#4984),#4988);
#4984 = B_SPLINE_CURVE_WITH_KNOTS('',2,(#4985,#4986,#4987),
  .UNSPECIFIED.,.F.,.F.,(3,3),(16.199379912834,25.94684167136),
  .PIECEWISE_BEZIER_KNOTS.);
#4985 = CARTESIAN_POINT('',(6.28318530718,16.199379912834));
#4986 = CARTESIAN_POINT('',(6.28318530718,21.073110792097));
#4987 = CARTESIAN_POINT('',(6.28318530718,25.94684167136));
#4988 = ( GEOMETRIC_REPRESENTATION_CONTEXT(2) 
PARAMETRIC_REPRESENTATION_CONTEXT() REPRESENTATION_CONTEXT('2D SPACE',''
  ) );
#4989 = PCURVE('',#2362,#4990);
#4990 = DEFINITIONAL_REPRESENTATION('',(#4991),#4995);
#4991 = B_SPLINE_CURVE_WITH_KNOTS('',2,(#4992,#4993,#4994),
  .UNSPECIFIED.,.F.,.F.,(3,3),(16.199379912834,25.94684167136),
  .PIECEWISE_BEZIER_KNOTS.);
#4992 = CARTESIAN_POINT('',(2.6645352591E-15,16.199379912834));
#4993 = CARTESIAN_POINT('',(4.440892098501E-15,21.073110792097));
#4994 = CARTESIAN_POINT('',(2.6645352591E-15,25.94684167136));
#4995 = ( GEOMETRIC_REPRESENTATION_CONTEXT(2) 
PARAMETRIC_REPRESENTATION_CONTEXT() REPRESENTATION_CONTEXT('2D SPACE',''
  ) );
#4996 = ORIENTED_EDGE('',*,*,#4997,.F.);
#4997 = EDGE_CURVE('',#4976,#4976,#4998,.T.);
#4998 = SURFACE_CURVE('',#4999,(#5007,#5018),.PCURVE_S1.);
#4999 = ( BOUNDED_CURVE() B_SPLINE_CURVE(2,(#5000,#5001,#5002,#5003,
#5004,#5005,#5006),.UNSPECIFIED.,.T.,.F.) B_SPLINE_CURVE_WITH_KNOTS((3,2
    ,2,3),(0.,2.094395102393,4.188790204786,6.28318530718),
.PIECEWISE_BEZIER_KNOTS.) CURVE() GEOMETRIC_REPRESENTATION_ITEM() 
RATIONAL_B_SPLINE_CURVE((1.,0.5,1.,0.5,1.,0.5,1.)) REPRESENTATION_ITEM(
  '') );
#5000 = CARTESIAN_POINT('',(263.96371290611,150.,25.94684167136));
#5001 = CARTESIAN_POINT('',(263.96371290611,174.1858602157,
    25.94684167136));
#5002 = CARTESIAN_POINT('',(243.01814354694,162.09293010785,
    25.94684167136));
#5003 = CARTESIAN_POINT('',(222.07257418776,150.,25.94684167136));
#5004 = CARTESIAN_POINT('',(243.01814354694,137.90706989215,
    25.94684167136));
#5005 = CARTESIAN_POINT('',(263.96371290611,125.8141397843,
    25.94684167136));
#5006 = CARTESIAN_POINT('',(263.96371290611,150.,25.94684167136));
#5007 = PCURVE('',#2362,#5008);
#5008 = DEFINITIONAL_REPRESENTATION('',(#5009),#5017);
#5009 = B_SPLINE_CURVE_WITH_KNOTS('',2,(#5010,#5011,#5012,#5013,#5014,
    #5015,#5016),.UNSPECIFIED.,.F.,.F.,(3,2,2,3),(0.,2.094395102393,
    4.188790204786,6.28318530718),.UNSPECIFIED.);
#5010 = CARTESIAN_POINT('',(0.,25.94684167136));
#5011 = CARTESIAN_POINT('',(1.047197551197,25.94684167136));
#5012 = CARTESIAN_POINT('',(2.094395102393,25.94684167136));
#5013 = CARTESIAN_POINT('',(3.14159265359,25.94684167136));
#5014 = CARTESIAN_POINT('',(4.188790204786,25.94684167136));
#5015 = CARTESIAN_POINT('',(5.235987755983,25.94684167136));
#5016 = CARTESIAN_POINT('',(6.28318530718,25.94684167136));
#5017 = ( GEOMETRIC_REPRESENTATION_CONTEXT(2) 
PARAMETRIC_REPRESENTATION_CONTEXT() REPRESENTATION_CONTEXT('2D SPACE',''
  ) );
#5018 = PCURVE('',#5019,#5024);
#5019 = B_SPLINE_SURFACE_WITH_KNOTS('',1,1,(
    (#5020,#5021)
    ,(#5022,#5023
    )),.UNSPECIFIED.,.F.,.F.,.F.,(2,2),(2,2),(-13.96371290611,
    13.963712906117),(-13.96371290611,13.963712906117),
  .PIECEWISE_BEZIER_KNOTS.);
#5020 = CARTESIAN_POINT('',(236.03628709388,136.03628709388,
    25.94684167136));
#5021 = CARTESIAN_POINT('',(236.03628709388,163.96371290611,
    25.94684167136));
#5022 = CARTESIAN_POINT('',(263.96371290611,136.03628709388,
    25.94684167136));
#5023 = CARTESIAN_POINT('',(263.96371290611,163.96371290611,
    25.94684167136));
#5024 = DEFINITIONAL_REPRESENTATION('',(#5025),#5033);
#5025 = ( BOUNDED_CURVE() B_SPLINE_CURVE(2,(#5026,#5027,#5028,#5029,
#5030,#5031,#5032),.UNSPECIFIED.,.F.,.F.) B_SPLINE_CURVE_WITH_KNOTS((3,2
    ,2,3),(0.,2.094395102393,4.188790204786,6.28318530718),
.PIECEWISE_BEZIER_KNOTS.) CURVE() GEOMETRIC_REPRESENTATION_ITEM() 
RATIONAL_B_SPLINE_CURVE((1.,0.5,1.,0.5,1.,0.5,1.)) REPRESENTATION_ITEM(
  '') );
#5026 = CARTESIAN_POINT('',(13.963712906117,0.));
#5027 = CARTESIAN_POINT('',(13.963712906117,24.1858602157));
#5028 = CARTESIAN_POINT('',(-6.981856453058,12.09293010785));
#5029 = CARTESIAN_POINT('',(-27.92742581223,-5.684341886081E-14));
#5030 = CARTESIAN_POINT('',(-6.981856453058,-12.09293010785));
#5031 = CARTESIAN_POINT('',(13.963712906117,-24.1858602157));
#5032 = CARTESIAN_POINT('',(13.963712906117,5.684341886081E-14));
#5033 = ( GEOMETRIC_REPRESENTATION_CONTEXT(2) 
PARAMETRIC_REPRESENTATION_CONTEXT() REPRESENTATION_CONTEXT('2D SPACE',''
  ) );
#5034 = ORIENTED_EDGE('',*,*,#4973,.F.);
#5035 = ORIENTED_EDGE('',*,*,#5036,.T.);
#5036 = EDGE_CURVE('',#4974,#5037,#5039,.T.);
#5037 = VERTEX_POINT('',#5038);
#5038 = CARTESIAN_POINT('',(263.6802046784,152.79951504477,
    16.55380498164));
#5039 = SURFACE_CURVE('',#5040,(#5049,#5058),.PCURVE_S1.);
#5040 = ( BOUNDED_CURVE() B_SPLINE_CURVE(7,(#5041,#5042,#5043,#5044,
    #5045,#5046,#5047,#5048),.UNSPECIFIED.,.F.,.F.) 
B_SPLINE_CURVE_WITH_KNOTS((8,8),(2.016231691659,6.977993338909),
.PIECEWISE_BEZIER_KNOTS.) CURVE() GEOMETRIC_REPRESENTATION_ITEM() 
RATIONAL_B_SPLINE_CURVE((1.,1.,1.,1.,1.,1.,1.,1.)) REPRESENTATION_ITEM(
  '') );
#5041 = CARTESIAN_POINT('',(263.96371290611,150.,16.199379912834));
#5042 = CARTESIAN_POINT('',(263.96371291477,150.683743751,16.19937990125
    ));
#5043 = CARTESIAN_POINT('',(263.9246596695,151.36734434954,
    16.248200981894));
#5044 = CARTESIAN_POINT('',(263.84653880658,152.04889567629,
    16.345864494472));
#5045 = CARTESIAN_POINT('',(263.72948226351,152.72411576083,
    16.492200031435));
#5046 = CARTESIAN_POINT('',(263.57449387136,153.39139703227,
    16.685948433228));
#5047 = CARTESIAN_POINT('',(263.38115058119,154.05023689734,
    16.927678234484));
#5048 = CARTESIAN_POINT('',(263.14939710799,154.6987906764,
    17.217435002865));
#5049 = PCURVE('',#2362,#5050);
#5050 = DEFINITIONAL_REPRESENTATION('',(#5051),#5057);
#5051 = B_SPLINE_CURVE_WITH_KNOTS('',4,(#5052,#5053,#5054,#5055,#5056),
  .UNSPECIFIED.,.F.,.F.,(5,5),(2.016231691659,4.938072642515),
  .PIECEWISE_BEZIER_KNOTS.);
#5052 = CARTESIAN_POINT('',(1.539833538003E-15,16.199379912834));
#5053 = CARTESIAN_POINT('',(6.101208086454E-02,16.199368999452));
#5054 = CARTESIAN_POINT('',(0.119672784656,16.258673532705));
#5055 = CARTESIAN_POINT('',(0.176342305421,16.377138730902));
#5056 = CARTESIAN_POINT('',(0.231383945167,16.55380498164));
#5057 = ( GEOMETRIC_REPRESENTATION_CONTEXT(2) 
PARAMETRIC_REPRESENTATION_CONTEXT() REPRESENTATION_CONTEXT('2D SPACE',''
  ) );
#5058 = PCURVE('',#5059,#5084);
#5059 = ( BOUNDED_SURFACE() B_SPLINE_SURFACE(2,7,(
    (#5060,#5061,#5062,#5063,#5064,#5065,#5066,#5067)
    ,(#5068,#5069,#5070,#5071,#5072,#5073,#5074,#5075)
    ,(#5076,#5077,#5078,#5079,#5080,#5081,#5082,#5083
)),.UNSPECIFIED.,.F.,.F.,.F.) B_SPLINE_SURFACE_WITH_KNOTS((3,3),(8,8),(
    0.,4.961761647251),(2.016231691659,6.977993338909),
.PIECEWISE_BEZIER_KNOTS.) GEOMETRIC_REPRESENTATION_ITEM() 
RATIONAL_B_SPLINE_SURFACE((
    (1.,1.,1.,1.,1.,1.,1.,1.)
    ,(0.937885014905,0.937885015162,0.937319668771,0.936188210643
      ,0.934491255999,0.932239943666,0.929414819038,0.926010199243)
,(1.,1.,1.,1.,1.,1.,1.,1.))) REPRESENTATION_ITEM('') SURFACE() );
#5060 = CARTESIAN_POINT('',(263.96371290611,150.,16.199379912834));
#5061 = CARTESIAN_POINT('',(263.96371291477,150.683743751,16.19937990125
    ));
#5062 = CARTESIAN_POINT('',(263.9246596695,151.36734434954,
    16.248200981894));
#5063 = CARTESIAN_POINT('',(263.84653880658,152.04889567629,
    16.345864494472));
#5064 = CARTESIAN_POINT('',(263.72948226351,152.72411576083,
    16.492200031435));
#5065 = CARTESIAN_POINT('',(263.57449387136,153.39139703227,
    16.685948433228));
#5066 = CARTESIAN_POINT('',(263.38115058119,154.05023689734,
    16.927678234484));
#5067 = CARTESIAN_POINT('',(263.14939710799,154.6987906764,
    17.217435002865));
#5068 = CARTESIAN_POINT('',(263.96371290611,150.,15.829455836619));
#5069 = CARTESIAN_POINT('',(263.96371290639,150.70554484186,
    15.829455836297));
#5070 = CARTESIAN_POINT('',(263.92213610781,151.41186410386,
    15.877962101303));
#5071 = CARTESIAN_POINT('',(263.83885971128,152.11593245018,
    15.975117897259));
#5072 = CARTESIAN_POINT('',(263.71396311063,152.81352613787,
    16.120830598019));
#5073 = CARTESIAN_POINT('',(263.5487643738,153.50122555498,
    16.313562457646));
#5074 = CARTESIAN_POINT('',(263.34338402571,154.17798617653,
    16.553172863753));
#5075 = CARTESIAN_POINT('',(263.09856386265,154.8410456895,
    16.838796387321));
#5076 = CARTESIAN_POINT('',(264.20445630375,150.,15.548588539378));
#5077 = CARTESIAN_POINT('',(264.20445629171,150.73425857465,
    15.54858855342));
#5078 = CARTESIAN_POINT('',(264.16240627313,151.46853220748,
    15.597646908426));
#5079 = CARTESIAN_POINT('',(264.07840024753,152.19981283321,
    15.695653938301));
#5080 = CARTESIAN_POINT('',(263.95236442563,152.92565208337,
    15.842695730518));
#5081 = CARTESIAN_POINT('',(263.78550421865,153.64159866284,
    16.037365971997));
#5082 = CARTESIAN_POINT('',(263.57790206244,154.34730236031,
    16.279568487568));
#5083 = CARTESIAN_POINT('',(263.33012332315,155.04000659418,
    16.568643683409));
#5084 = DEFINITIONAL_REPRESENTATION('',(#5085),#5089);
#5085 = B_SPLINE_CURVE_WITH_KNOTS('',2,(#5086,#5087,#5088),
  .UNSPECIFIED.,.F.,.F.,(3,3),(2.016231691659,4.938072642515),
  .PIECEWISE_BEZIER_KNOTS.);
#5086 = CARTESIAN_POINT('',(3.443380224418E-21,2.016231691659));
#5087 = CARTESIAN_POINT('',(-9.449662582696E-14,3.477152167087));
#5088 = CARTESIAN_POINT('',(0.,4.938072642515));
#5089 = ( GEOMETRIC_REPRESENTATION_CONTEXT(2) 
PARAMETRIC_REPRESENTATION_CONTEXT() REPRESENTATION_CONTEXT('2D SPACE',''
  ) );
#5090 = ORIENTED_EDGE('',*,*,#5091,.F.);
#5091 = EDGE_CURVE('',#5092,#5037,#5094,.T.);
#5092 = VERTEX_POINT('',#5093);
#5093 = CARTESIAN_POINT('',(263.68020445373,152.79951499879,
    3.889208254539));
#5094 = SURFACE_CURVE('',#5095,(#5098,#5105),.PCURVE_S1.);
#5095 = B_SPLINE_CURVE_WITH_KNOTS('',1,(#5096,#5097),.UNSPECIFIED.,.F.,
  .F.,(2,2),(-2.25476231952,10.409834407581),.PIECEWISE_BEZIER_KNOTS.);
#5096 = CARTESIAN_POINT('',(263.68020445373,152.79951499879,
    3.889208254539));
#5097 = CARTESIAN_POINT('',(263.68020445373,152.79951499879,
    16.55380498164));
#5098 = PCURVE('',#2362,#5099);
#5099 = DEFINITIONAL_REPRESENTATION('',(#5100),#5104);
#5100 = B_SPLINE_CURVE_WITH_KNOTS('',2,(#5101,#5102,#5103),
  .UNSPECIFIED.,.F.,.F.,(3,3),(-2.25476231952,10.409834407581),
  .PIECEWISE_BEZIER_KNOTS.);
#5101 = CARTESIAN_POINT('',(0.231383945167,3.889208254539));
#5102 = CARTESIAN_POINT('',(0.231383945167,10.221506618089));
#5103 = CARTESIAN_POINT('',(0.231383945167,16.55380498164));
#5104 = ( GEOMETRIC_REPRESENTATION_CONTEXT(2) 
PARAMETRIC_REPRESENTATION_CONTEXT() REPRESENTATION_CONTEXT('2D SPACE',''
  ) );
#5105 = PCURVE('',#5106,#5113);
#5106 = ( BOUNDED_SURFACE() B_SPLINE_SURFACE(2,1,(
    (#5107,#5108)
    ,(#5109,#5110)
    ,(#5111,#5112
)),.UNSPECIFIED.,.F.,.F.,.F.) B_SPLINE_SURFACE_WITH_KNOTS((3,3),(2,2),(
    -9.287836978868E-02,1.368943378693),(-2.280108641202,10.409834407581
),.PIECEWISE_BEZIER_KNOTS.) GEOMETRIC_REPRESENTATION_ITEM() 
RATIONAL_B_SPLINE_SURFACE((
    (1.,1.)
    ,(0.744566658924,0.744566658924)
,(1.,1.))) REPRESENTATION_ITEM('') SURFACE() );
#5107 = CARTESIAN_POINT('',(263.66583308091,152.89124098083,
    3.863861932857));
#5108 = CARTESIAN_POINT('',(263.66583308091,152.89124098083,
    16.55380498164));
#5109 = CARTESIAN_POINT('',(263.76334198456,152.,3.863861932857));
#5110 = CARTESIAN_POINT('',(263.76334198456,152.,16.55380498164));
#5111 = CARTESIAN_POINT('',(264.65990122533,152.,3.863861932857));
#5112 = CARTESIAN_POINT('',(264.65990122533,152.,16.55380498164));
#5113 = DEFINITIONAL_REPRESENTATION('',(#5114),#5118);
#5114 = B_SPLINE_CURVE_WITH_KNOTS('',2,(#5115,#5116,#5117),
  .UNSPECIFIED.,.F.,.F.,(3,3),(-2.25476231952,10.409834407581),
  .PIECEWISE_BEZIER_KNOTS.);
#5115 = CARTESIAN_POINT('',(7.110998287453E-03,-2.25476231952));
#5116 = CARTESIAN_POINT('',(7.110998287453E-03,4.07753604403));
#5117 = CARTESIAN_POINT('',(7.110998287453E-03,10.409834407581));
#5118 = ( GEOMETRIC_REPRESENTATION_CONTEXT(2) 
PARAMETRIC_REPRESENTATION_CONTEXT() REPRESENTATION_CONTEXT('2D SPACE',''
  ) );
#5119 = ORIENTED_EDGE('',*,*,#5120,.F.);
#5120 = EDGE_CURVE('',#5121,#5092,#5123,.T.);
#5121 = VERTEX_POINT('',#5122);
#5122 = CARTESIAN_POINT('',(263.96371290611,150.,3.585786437627));
#5123 = SURFACE_CURVE('',#5124,(#5135,#5144),.PCURVE_S1.);
#5124 = ( BOUNDED_CURVE() B_SPLINE_CURVE(9,(#5125,#5126,#5127,#5128,
    #5129,#5130,#5131,#5132,#5133,#5134),.UNSPECIFIED.,.F.,.F.) 
B_SPLINE_CURVE_WITH_KNOTS((10,10),(2.013764591801,6.998870282107),
.PIECEWISE_BEZIER_KNOTS.) CURVE() GEOMETRIC_REPRESENTATION_ITEM() 
RATIONAL_B_SPLINE_CURVE((1.072232817804,1.072232817467,1.072082119244,
    1.071778849833,1.071334768636,1.07074793846,1.070046350866,
1.069239860381,1.068346719587,1.067381277185)) REPRESENTATION_ITEM('') 
  );
#5125 = CARTESIAN_POINT('',(263.96371290611,150.,3.585786437627));
#5126 = CARTESIAN_POINT('',(263.96371286282,150.64743207272,
    3.585786486203));
#5127 = CARTESIAN_POINT('',(263.92996789454,151.29500614827,
    3.621893873249));
#5128 = CARTESIAN_POINT('',(263.86220118304,151.93937801374,
    3.694417568211));
#5129 = CARTESIAN_POINT('',(263.76195768654,152.5733177313,
    3.801669450449));
#5130 = CARTESIAN_POINT('',(263.6289088425,153.20028119916,3.94409609448
    ));
#5131 = CARTESIAN_POINT('',(263.46695162561,153.80775650008,
    4.117472586124));
#5132 = CARTESIAN_POINT('',(263.27712741817,154.40029362949,
    4.320711366841));
#5133 = CARTESIAN_POINT('',(263.06176683754,154.97400883284,
    4.551293754627));
#5134 = CARTESIAN_POINT('',(262.82247308536,155.52896573507,
    4.807472756556));
#5135 = PCURVE('',#2362,#5136);
#5136 = DEFINITIONAL_REPRESENTATION('',(#5137),#5143);
#5137 = B_SPLINE_CURVE_WITH_KNOTS('',4,(#5138,#5139,#5140,#5141,#5142),
  .UNSPECIFIED.,.F.,.F.,(5,5),(2.013764591801,4.440789138886),
  .PIECEWISE_BEZIER_KNOTS.);
#5138 = CARTESIAN_POINT('',(1.691582155679E-15,3.585786437627));
#5139 = CARTESIAN_POINT('',(6.141474574055E-02,3.585774736142));
#5140 = CARTESIAN_POINT('',(0.120435811644,3.637223659285));
#5141 = CARTESIAN_POINT('',(0.177046634208,3.739883946842));
#5142 = CARTESIAN_POINT('',(0.231383945167,3.889208254539));
#5143 = ( GEOMETRIC_REPRESENTATION_CONTEXT(2) 
PARAMETRIC_REPRESENTATION_CONTEXT() REPRESENTATION_CONTEXT('2D SPACE',''
  ) );
#5144 = PCURVE('',#5145,#5216);
#5145 = ( BOUNDED_SURFACE() B_SPLINE_SURFACE(6,9,(
    (#5146,#5147,#5148,#5149,#5150,#5151,#5152,#5153,#5154,#5155)
    ,(#5156,#5157,#5158,#5159,#5160,#5161,#5162,#5163,#5164,#5165)
    ,(#5166,#5167,#5168,#5169,#5170,#5171,#5172,#5173,#5174,#5175)
    ,(#5176,#5177,#5178,#5179,#5180,#5181,#5182,#5183,#5184,#5185)
    ,(#5186,#5187,#5188,#5189,#5190,#5191,#5192,#5193,#5194,#5195)
    ,(#5196,#5197,#5198,#5199,#5200,#5201,#5202,#5203,#5204,#5205)
    ,(#5206,#5207,#5208,#5209,#5210,#5211,#5212,#5213,#5214,#5215
)),.UNSPECIFIED.,.F.,.F.,.F.) B_SPLINE_SURFACE_WITH_KNOTS((7,7),(10,10),
  (0.,4.985105690306),(2.013764591801,6.998870282107),
.PIECEWISE_BEZIER_KNOTS.) GEOMETRIC_REPRESENTATION_ITEM() 
RATIONAL_B_SPLINE_SURFACE((
    (1.072232817804,1.072232817467,1.072082119244,1.071778849833
      ,1.071334768636,1.07074793846,1.070046350866,1.069239860381
      ,1.068346719587,1.067381277185)
    ,(1.021749326913,1.021749326823,1.021708816377,1.021627289952
      ,1.021507809851,1.021349638479,1.021160026283,1.020941365286
      ,1.020698336945,1.020434622423)
    ,(0.995386527149,0.995386527169,0.995395350062,0.995413105988
      ,0.995439129736,0.995473585841,0.995514899224,0.995562550501
      ,0.99561551949,0.995673001675)
    ,(0.986647331348,0.986647331406,0.986673473157,0.986726082064
      ,0.986803142623,0.986905044305,0.987027000308,0.987167369039
      ,0.987323046639,0.987491596315)
    ,(0.995386527149,0.995386527169,0.995395350062,0.995413105988
      ,0.995439129736,0.995473585841,0.995514899224,0.995562550501
      ,0.99561551949,0.995673001675)
    ,(1.021749326913,1.021749326823,1.021708816377,1.021627289952
      ,1.021507809851,1.021349638479,1.021160026283,1.020941365286
      ,1.020698336945,1.020434622423)
    ,(1.072232817804,1.072232817467,1.072082119244,1.071778849833
      ,1.071334768636,1.07074793846,1.070046350866,1.069239860381
,1.068346719587,1.067381277185))) REPRESENTATION_ITEM('') SURFACE() );
#5146 = CARTESIAN_POINT('',(263.96371290611,150.,3.585786437627));
#5147 = CARTESIAN_POINT('',(263.96371286282,150.64743207272,
    3.585786486203));
#5148 = CARTESIAN_POINT('',(263.92996789454,151.29500614827,
    3.621893873249));
#5149 = CARTESIAN_POINT('',(263.86220118304,151.93937801374,
    3.694417568211));
#5150 = CARTESIAN_POINT('',(263.76195768654,152.5733177313,
    3.801669450449));
#5151 = CARTESIAN_POINT('',(263.6289088425,153.20028119916,3.94409609448
    ));
#5152 = CARTESIAN_POINT('',(263.46695162561,153.80775650008,
    4.117472586124));
#5153 = CARTESIAN_POINT('',(263.27712741817,154.40029362949,
    4.320711366841));
#5154 = CARTESIAN_POINT('',(263.06176683754,154.97400883284,
    4.551293754627));
#5155 = CARTESIAN_POINT('',(262.82247308536,155.52896573507,
    4.807472756556));
#5156 = CARTESIAN_POINT('',(263.96371290611,150.00000077426,
    3.997867308743));
#5157 = CARTESIAN_POINT('',(263.9637128713,150.63114525685,
    3.997867350003));
#5158 = CARTESIAN_POINT('',(263.93166475958,151.26230248989,
    4.032796544537));
#5159 = CARTESIAN_POINT('',(263.86735917541,151.89044687559,
    4.102901237008));
#5160 = CARTESIAN_POINT('',(263.77210017046,152.50928780149,
    4.206675274223));
#5161 = CARTESIAN_POINT('',(263.64567056167,153.12151522246,
    4.344421768051));
#5162 = CARTESIAN_POINT('',(263.49139696967,153.71637977131,
    4.512340737011));
#5163 = CARTESIAN_POINT('',(263.31012432978,154.29780160393,
    4.709458160839));
#5164 = CARTESIAN_POINT('',(263.10379859222,154.86237565939,
    4.933532058487));
#5165 = CARTESIAN_POINT('',(262.87371690531,155.41012388768,
    5.183033706034));
#5166 = CARTESIAN_POINT('',(264.16303434922,150.00000070199,
    4.384071547148));
#5167 = CARTESIAN_POINT('',(264.16303431835,150.623759023,4.384071583675
    ));
#5168 = CARTESIAN_POINT('',(264.13179733114,151.2474692081,
    4.417833985274));
#5169 = CARTESIAN_POINT('',(264.06914430878,151.86835822004,
    4.48556926361));
#5170 = CARTESIAN_POINT('',(263.97624965947,152.48065136734,
    4.585914176875));
#5171 = CARTESIAN_POINT('',(263.85290825801,153.08679860193,
    4.719124546858));
#5172 = CARTESIAN_POINT('',(263.70213123041,153.67689022947,
    4.881743379506));
#5173 = CARTESIAN_POINT('',(263.52462632676,154.25457558045,
    5.072919643335));
#5174 = CARTESIAN_POINT('',(263.32212662559,154.81664581449,
    5.290633677647));
#5175 = CARTESIAN_POINT('',(263.09576939125,155.36305987865,
    5.533522972859));
#5176 = CARTESIAN_POINT('',(264.52453505489,150.00000074048,
    4.646055562345));
#5177 = CARTESIAN_POINT('',(264.52453502231,150.62769225578,
    4.646055598509));
#5178 = CARTESIAN_POINT('',(264.49304126389,151.25531175502,
    4.679149945329));
#5179 = CARTESIAN_POINT('',(264.42986754721,151.880209074,4.745544507401
    ));
#5180 = CARTESIAN_POINT('',(264.33621072648,152.49655668777,
    4.843918624317));
#5181 = CARTESIAN_POINT('',(264.21177453536,153.10719685182,
    4.974591879134));
#5182 = CARTESIAN_POINT('',(264.05958928012,153.70188843565,
    5.134240305961));
#5183 = CARTESIAN_POINT('',(263.88031745832,154.28446406599,
    5.322100020612));
#5184 = CARTESIAN_POINT('',(263.67570193901,154.85157489607,
    5.536237158921));
#5185 = CARTESIAN_POINT('',(263.44690341491,155.40311740184,
    5.775340781524));
#5186 = CARTESIAN_POINT('',(264.96540532898,150.00000088377,
    4.71642448902));
#5187 = CARTESIAN_POINT('',(264.96540528964,150.64233570954,
    4.716424529715));
#5188 = CARTESIAN_POINT('',(264.93277617776,151.28461713455,
    4.749660785768));
#5189 = CARTESIAN_POINT('',(264.86729001047,151.92415915161,
    4.816368748122));
#5190 = CARTESIAN_POINT('',(264.77030486967,152.55451209703,
    4.91514257854));
#5191 = CARTESIAN_POINT('',(264.64135062982,153.1794731328,
    5.046459419272));
#5192 = CARTESIAN_POINT('',(264.48378572218,153.78735067117,
    5.206847088917));
#5193 = CARTESIAN_POINT('',(264.29831922139,154.38259202905,
    5.395555874417));
#5194 = CARTESIAN_POINT('',(264.08690712956,154.96140262267,
    5.610555412616));
#5195 = CARTESIAN_POINT('',(263.85089701559,155.52363664696,
    5.850439666296));
#5196 = CARTESIAN_POINT('',(265.37943450894,150.000001095,4.584278397177
    ));
#5197 = CARTESIAN_POINT('',(265.37943445999,150.66392238501,
    4.584278446124));
#5198 = CARTESIAN_POINT('',(265.34528612817,151.32785016539,
    4.618426777941));
#5199 = CARTESIAN_POINT('',(265.27669745775,151.98894404042,
    4.687015448362));
#5200 = CARTESIAN_POINT('',(265.17526347167,152.63974897251,
    4.788449434439));
#5201 = CARTESIAN_POINT('',(265.04029252947,153.28536565012,
    4.923420376641));
#5202 = CARTESIAN_POINT('',(264.87564323979,153.91191751132,
    5.088069666323));
#5203 = CARTESIAN_POINT('',(264.6821235863,154.52474662164,
    5.281589319813));
#5204 = CARTESIAN_POINT('',(264.46201596402,155.11941661632,
    5.501696942095));
#5205 = CARTESIAN_POINT('',(264.21694487031,155.69575932039,
    5.746768035802));
#5206 = CARTESIAN_POINT('',(265.6708196873,150.,4.292893218814));
#5207 = CARTESIAN_POINT('',(265.67081962873,150.68695542085,
    4.292893277387));
#5208 = CARTESIAN_POINT('',(265.6353282431,151.37405256325,
    4.328384663015));
#5209 = CARTESIAN_POINT('',(265.5639775946,152.05824034768,
    4.399735311515));
#5210 = CARTESIAN_POINT('',(265.45859240585,152.73094298328,
    4.50512050027));
#5211 = CARTESIAN_POINT('',(265.31826041132,153.39859762217,
    4.645452494787));
#5212 = CARTESIAN_POINT('',(265.14734582869,154.0449590779,
    4.816367077423));
#5213 = CARTESIAN_POINT('',(264.94676254583,154.67632452088,
    5.016950360279));
#5214 = CARTESIAN_POINT('',(264.71912420868,155.28757332851,
    5.244588697436));
#5215 = CARTESIAN_POINT('',(264.466334211,155.87853036309,5.497378695115
    ));
#5216 = DEFINITIONAL_REPRESENTATION('',(#5217),#5221);
#5217 = B_SPLINE_CURVE_WITH_KNOTS('',2,(#5218,#5219,#5220),
  .UNSPECIFIED.,.F.,.F.,(3,3),(2.013764591801,4.440789138886),
  .PIECEWISE_BEZIER_KNOTS.);
#5218 = CARTESIAN_POINT('',(4.698131934551E-15,2.013764591801));
#5219 = CARTESIAN_POINT('',(-2.818659496539E-14,3.227276865344));
#5220 = CARTESIAN_POINT('',(1.984637532837E-14,4.440789138886));
#5221 = ( GEOMETRIC_REPRESENTATION_CONTEXT(2) 
PARAMETRIC_REPRESENTATION_CONTEXT() REPRESENTATION_CONTEXT('2D SPACE',''
  ) );
#5222 = ORIENTED_EDGE('',*,*,#5223,.F.);
#5223 = EDGE_CURVE('',#2316,#5121,#5224,.T.);
#5224 = SEAM_CURVE('',#5225,(#5228,#5235),.PCURVE_S1.);
#5225 = B_SPLINE_CURVE_WITH_KNOTS('',1,(#5226,#5227),.UNSPECIFIED.,.F.,
  .F.,(2,2),(3.,3.585786437627),.PIECEWISE_BEZIER_KNOTS.);
#5226 = CARTESIAN_POINT('',(263.96371290611,150.,3.));
#5227 = CARTESIAN_POINT('',(263.96371290611,150.,3.585786437627));
#5228 = PCURVE('',#2362,#5229);
#5229 = DEFINITIONAL_REPRESENTATION('',(#5230),#5234);
#5230 = B_SPLINE_CURVE_WITH_KNOTS('',2,(#5231,#5232,#5233),
  .UNSPECIFIED.,.F.,.F.,(3,3),(3.,3.585786437627),
  .PIECEWISE_BEZIER_KNOTS.);
#5231 = CARTESIAN_POINT('',(2.6645352591E-15,3.));
#5232 = CARTESIAN_POINT('',(4.440892098501E-15,3.292893218813));
#5233 = CARTESIAN_POINT('',(2.6645352591E-15,3.585786437627));
#5234 = ( GEOMETRIC_REPRESENTATION_CONTEXT(2) 
PARAMETRIC_REPRESENTATION_CONTEXT() REPRESENTATION_CONTEXT('2D SPACE',''
  ) );
#5235 = PCURVE('',#2362,#5236);
#5236 = DEFINITIONAL_REPRESENTATION('',(#5237),#5241);
#5237 = B_SPLINE_CURVE_WITH_KNOTS('',2,(#5238,#5239,#5240),
  .UNSPECIFIED.,.F.,.F.,(3,3),(3.,3.585786437627),
  .PIECEWISE_BEZIER_KNOTS.);
#5238 = CARTESIAN_POINT('',(6.28318530718,3.));
#5239 = CARTESIAN_POINT('',(6.28318530718,3.292893218813));
#5240 = CARTESIAN_POINT('',(6.28318530718,3.585786437627));
#5241 = ( GEOMETRIC_REPRESENTATION_CONTEXT(2) 
PARAMETRIC_REPRESENTATION_CONTEXT() REPRESENTATION_CONTEXT('2D SPACE',''
  ) );
#5242 = ORIENTED_EDGE('',*,*,#2340,.T.);
#5243 = ORIENTED_EDGE('',*,*,#5223,.T.);
#5244 = ORIENTED_EDGE('',*,*,#5245,.F.);
#5245 = EDGE_CURVE('',#5246,#5121,#5248,.T.);
#5246 = VERTEX_POINT('',#5247);
#5247 = CARTESIAN_POINT('',(263.68020445373,147.2004850012,
    3.889208015217));
#5248 = SURFACE_CURVE('',#5249,(#5260,#5269),.PCURVE_S1.);
#5249 = ( BOUNDED_CURVE() B_SPLINE_CURVE(9,(#5250,#5251,#5252,#5253,
    #5254,#5255,#5256,#5257,#5258,#5259),.UNSPECIFIED.,.F.,.F.) 
B_SPLINE_CURVE_WITH_KNOTS((10,10),(-2.971346957331,2.013764591801),
.PIECEWISE_BEZIER_KNOTS.) CURVE() GEOMETRIC_REPRESENTATION_ITEM() 
RATIONAL_B_SPLINE_CURVE((1.067381277922,1.068346708061,1.069239772964,
    1.070046196248,1.070748791795,1.071333799585,1.071779388194,
1.072081975675,1.072232818141,1.072232817804)) REPRESENTATION_ITEM('') 
  );
#5250 = CARTESIAN_POINT('',(262.82247318117,144.47103448713,
    4.807472647839));
#5251 = CARTESIAN_POINT('',(263.06176547793,145.02598804047,
    4.551295315899));
#5252 = CARTESIAN_POINT('',(263.27711719663,145.59969190023,
    4.320723102425));
#5253 = CARTESIAN_POINT('',(263.46692557095,146.19208314162,
    4.117501035417));
#5254 = CARTESIAN_POINT('',(263.62903409296,146.80028252048,
    3.94395693774));
#5255 = CARTESIAN_POINT('',(263.76181989512,147.42604772515,
    3.801823129457));
#5256 = CARTESIAN_POINT('',(263.86227973066,148.06104784677,
    3.694330182803));
#5257 = CARTESIAN_POINT('',(263.9299461993,148.70483956956,3.62191791727
    ));
#5258 = CARTESIAN_POINT('',(263.9637129494,149.35256903402,
    3.585786389051));
#5259 = CARTESIAN_POINT('',(263.96371290611,150.,3.585786437627));
#5260 = PCURVE('',#2362,#5261);
#5261 = DEFINITIONAL_REPRESENTATION('',(#5262),#5268);
#5262 = B_SPLINE_CURVE_WITH_KNOTS('',4,(#5263,#5264,#5265,#5266,#5267),
  .UNSPECIFIED.,.F.,.F.,(5,5),(-0.413274163119,2.013764591801),
  .PIECEWISE_BEZIER_KNOTS.);
#5263 = CARTESIAN_POINT('',(6.051801362012,3.889208015217));
#5264 = CARTESIAN_POINT('',(6.106137605419,3.739888922783));
#5265 = CARTESIAN_POINT('',(6.162749983834,3.637219461067));
#5266 = CARTESIAN_POINT('',(6.221767995395,3.585778460124));
#5267 = CARTESIAN_POINT('',(6.28318530718,3.585786437627));
#5268 = ( GEOMETRIC_REPRESENTATION_CONTEXT(2) 
PARAMETRIC_REPRESENTATION_CONTEXT() REPRESENTATION_CONTEXT('2D SPACE',''
  ) );
#5269 = PCURVE('',#5270,#5341);
#5270 = ( BOUNDED_SURFACE() B_SPLINE_SURFACE(6,9,(
    (#5271,#5272,#5273,#5274,#5275,#5276,#5277,#5278,#5279,#5280)
    ,(#5281,#5282,#5283,#5284,#5285,#5286,#5287,#5288,#5289,#5290)
    ,(#5291,#5292,#5293,#5294,#5295,#5296,#5297,#5298,#5299,#5300)
    ,(#5301,#5302,#5303,#5304,#5305,#5306,#5307,#5308,#5309,#5310)
    ,(#5311,#5312,#5313,#5314,#5315,#5316,#5317,#5318,#5319,#5320)
    ,(#5321,#5322,#5323,#5324,#5325,#5326,#5327,#5328,#5329,#5330)
    ,(#5331,#5332,#5333,#5334,#5335,#5336,#5337,#5338,#5339,#5340
)),.UNSPECIFIED.,.F.,.F.,.F.) B_SPLINE_SURFACE_WITH_KNOTS((7,7),(10,10),
  (0.,4.985111549132),(-2.971346957331,2.013764591801),
.PIECEWISE_BEZIER_KNOTS.) GEOMETRIC_REPRESENTATION_ITEM() 
RATIONAL_B_SPLINE_SURFACE((
    (1.067381277922,1.068346708061,1.069239772964,1.070046196248
      ,1.070748791795,1.071333799585,1.071779388194,1.072081975675
      ,1.072232818141,1.072232817804)
    ,(1.020434622625,1.020698333796,1.020941341434,1.021159984814
      ,1.021349869169,1.021507547588,1.021627435701,1.021708777527
      ,1.021749327004,1.021749326913)
    ,(0.995673001631,0.995615520176,0.9955625557,0.995514908256
      ,0.995473535577,0.995439186882,0.995413074229,0.995395358527
      ,0.99538652713,0.995386527149)
    ,(0.987491596187,0.987323048652,0.987167384293,0.987027027102
      ,0.986904895954,0.986803311166,0.986725988416,0.986673498126
      ,0.986647331289,0.986647331348)
    ,(0.995673001631,0.995615520176,0.9955625557,0.995514908256
      ,0.995473535577,0.995439186882,0.995413074229,0.995395358527
      ,0.99538652713,0.995386527149)
    ,(1.020434622625,1.020698333796,1.020941341434,1.021159984814
      ,1.021349869169,1.021507547588,1.021627435701,1.021708777527
      ,1.021749327004,1.021749326913)
    ,(1.067381277922,1.068346708061,1.069239772964,1.070046196248
      ,1.070748791795,1.071333799585,1.071779388194,1.072081975675
,1.072232818141,1.072232817804))) REPRESENTATION_ITEM('') SURFACE() );
#5271 = CARTESIAN_POINT('',(262.82247318117,144.47103448713,
    4.807472647839));
#5272 = CARTESIAN_POINT('',(263.06176547793,145.02598804047,
    4.551295315899));
#5273 = CARTESIAN_POINT('',(263.27711719663,145.59969190023,
    4.320723102425));
#5274 = CARTESIAN_POINT('',(263.46692557095,146.19208314162,
    4.117501035417));
#5275 = CARTESIAN_POINT('',(263.62903409296,146.80028252048,
    3.94395693774));
#5276 = CARTESIAN_POINT('',(263.76181989512,147.42604772515,
    3.801823129457));
#5277 = CARTESIAN_POINT('',(263.86227973066,148.06104784677,
    3.694330182803));
#5278 = CARTESIAN_POINT('',(263.9299461993,148.70483956956,3.62191791727
    ));
#5279 = CARTESIAN_POINT('',(263.9637129494,149.35256903402,
    3.585786389051));
#5280 = CARTESIAN_POINT('',(263.96371290611,150.,3.585786437627));
#5281 = CARTESIAN_POINT('',(262.87371698143,144.58987629452,
    5.183033615085));
#5282 = CARTESIAN_POINT('',(263.10379755705,145.13762188106,
    4.933533325583));
#5283 = CARTESIAN_POINT('',(263.3101166174,145.70219095175,
    4.709467624293));
#5284 = CARTESIAN_POINT('',(263.49137406313,146.28346689099,
    4.51236658132));
#5285 = CARTESIAN_POINT('',(263.6457757181,146.87899822225,
    4.344300003245));
#5286 = CARTESIAN_POINT('',(263.7719857328,147.49013218402,
    4.206808630468));
#5287 = CARTESIAN_POINT('',(263.86742510644,148.10995191597,
    4.10282478763));
#5288 = CARTESIAN_POINT('',(263.93164629799,148.73755195874,
    4.032817806817));
#5289 = CARTESIAN_POINT('',(263.96371294092,149.36885555002,
    3.997867267483));
#5290 = CARTESIAN_POINT('',(263.96371290611,150.00000077426,
    3.997867308743));
#5291 = CARTESIAN_POINT('',(263.09576945951,144.63694028885,
    5.533522891982));
#5292 = CARTESIAN_POINT('',(263.32212571961,145.18335197149,
    5.290634781062));
#5293 = CARTESIAN_POINT('',(263.52461963654,145.7454197433,
    5.072927828385));
#5294 = CARTESIAN_POINT('',(263.70210985533,146.32295949759,
    4.881767336701));
#5295 = CARTESIAN_POINT('',(263.85300449219,146.91369422265,
    4.719013903263));
#5296 = CARTESIAN_POINT('',(263.97614547361,147.51879059136,
    4.586034752369));
#5297 = CARTESIAN_POINT('',(264.06920472671,148.13202984915,
    4.485499735735));
#5298 = CARTESIAN_POINT('',(264.13178028627,148.7523888143,
    4.417853458099));
#5299 = CARTESIAN_POINT('',(264.16303438009,149.37624164787,
    4.384071510622));
#5300 = CARTESIAN_POINT('',(264.16303434922,150.00000070199,
    4.384071547148));
#5301 = CARTESIAN_POINT('',(263.44690348925,144.59688278106,
    5.77534069933));
#5302 = CARTESIAN_POINT('',(263.67570093062,145.14842263053,
    5.536238290373));
#5303 = CARTESIAN_POINT('',(263.88031000875,145.71552882063,
    5.322108403299));
#5304 = CARTESIAN_POINT('',(264.05956745455,146.29795955817,
    5.134263771017));
#5305 = CARTESIAN_POINT('',(264.21187546088,146.8933118017,
    4.974481874052));
#5306 = CARTESIAN_POINT('',(264.33610078167,147.50286708488,
    4.844038886658));
#5307 = CARTESIAN_POINT('',(264.42993114436,148.12018849478,
    4.745475176633));
#5308 = CARTESIAN_POINT('',(264.49302340942,148.74454339638,
    4.679169328694));
#5309 = CARTESIAN_POINT('',(264.52453508747,149.37230848741,
    4.64605552618));
#5310 = CARTESIAN_POINT('',(264.52453505489,150.00000074048,
    4.646055562345));
#5311 = CARTESIAN_POINT('',(263.85089710816,144.47636357884,
    5.850439570769));
#5312 = CARTESIAN_POINT('',(264.086905816,145.03859418337,5.610556772431
    ));
#5313 = CARTESIAN_POINT('',(264.29830944646,145.61739362134,
    5.395566000281));
#5314 = CARTESIAN_POINT('',(264.48376168429,146.212491073,5.20687174989)
  );
#5315 = CARTESIAN_POINT('',(264.64146824657,146.82108517501,
    5.046338369303));
#5316 = CARTESIAN_POINT('',(264.77017506453,147.44485636668,
    4.915276281799));
#5317 = CARTESIAN_POINT('',(264.86736441988,148.07626654183,
    4.816292173134));
#5318 = CARTESIAN_POINT('',(264.93275556337,148.71522917749,
    4.749681977738));
#5319 = CARTESIAN_POINT('',(264.96540536832,149.35766530307,
    4.716424448324));
#5320 = CARTESIAN_POINT('',(264.96540532898,150.00000088377,
    4.71642448902));
#5321 = CARTESIAN_POINT('',(264.21694498801,144.30424096588,
    5.746767918098));
#5322 = CARTESIAN_POINT('',(264.46201423003,144.88057917598,
    5.501698676082));
#5323 = CARTESIAN_POINT('',(264.68211059376,145.4752287287,
    5.281602312356));
#5324 = CARTESIAN_POINT('',(264.87561601528,146.08791502354,
    5.088096890835));
#5325 = CARTESIAN_POINT('',(265.0404335277,146.71526400504,
    4.923279378414));
#5326 = CARTESIAN_POINT('',(265.17510594677,147.35954052893,
    4.788606959341));
#5327 = CARTESIAN_POINT('',(265.27678690185,148.01152157617,
    4.686926004262));
#5328 = CARTESIAN_POINT('',(265.34526168369,148.67198351459,
    4.618451222422));
#5329 = CARTESIAN_POINT('',(265.37943455788,149.33607902482,
    4.584278348231));
#5330 = CARTESIAN_POINT('',(265.37943450894,150.000001095,4.584278397177
    ));
#5331 = CARTESIAN_POINT('',(264.46633435401,144.12146998725,
    5.497378552106));
#5332 = CARTESIAN_POINT('',(264.71912205207,144.71242139441,
    5.244590854046));
#5333 = CARTESIAN_POINT('',(264.9467463216,145.32363995787,
    5.016966584515));
#5334 = CARTESIAN_POINT('',(265.14731540757,145.95486343223,
    4.816397498542));
#5335 = CARTESIAN_POINT('',(265.31842469474,146.60210770027,
    4.645288211377));
#5336 = CARTESIAN_POINT('',(265.45840735652,147.26826337209,
    4.505305549595));
#5337 = CARTESIAN_POINT('',(265.56408188926,147.9422670448,
    4.399631016854));
#5338 = CARTESIAN_POINT('',(265.63530003289,148.6257678813,4.32841287322
    ));
#5339 = CARTESIAN_POINT('',(265.67081974587,149.31304641297,
    4.29289316024));
#5340 = CARTESIAN_POINT('',(265.6708196873,150.,4.292893218814));
#5341 = DEFINITIONAL_REPRESENTATION('',(#5342),#5346);
#5342 = B_SPLINE_CURVE_WITH_KNOTS('',2,(#5343,#5344,#5345),
  .UNSPECIFIED.,.F.,.F.,(3,3),(-0.413274163119,2.013764591801),
  .PIECEWISE_BEZIER_KNOTS.);
#5343 = CARTESIAN_POINT('',(1.984628371239E-14,-0.413274163119));
#5344 = CARTESIAN_POINT('',(-1.605613289468E-14,0.800245214341));
#5345 = CARTESIAN_POINT('',(0.,2.013764591801));
#5346 = ( GEOMETRIC_REPRESENTATION_CONTEXT(2) 
PARAMETRIC_REPRESENTATION_CONTEXT() REPRESENTATION_CONTEXT('2D SPACE',''
  ) );
#5347 = ORIENTED_EDGE('',*,*,#5348,.T.);
#5348 = EDGE_CURVE('',#5246,#5349,#5351,.T.);
#5349 = VERTEX_POINT('',#5350);
#5350 = CARTESIAN_POINT('',(263.68020473778,147.20048494307,
    16.553804950106));
#5351 = SURFACE_CURVE('',#5352,(#5355,#5362),.PCURVE_S1.);
#5352 = B_SPLINE_CURVE_WITH_KNOTS('',1,(#5353,#5354),.UNSPECIFIED.,.F.,
  .F.,(2,2),(-2.254762558842,10.409834376047),.PIECEWISE_BEZIER_KNOTS.);
#5353 = CARTESIAN_POINT('',(263.68020445373,147.2004850012,
    3.889208015217));
#5354 = CARTESIAN_POINT('',(263.68020445373,147.2004850012,
    16.553804950106));
#5355 = PCURVE('',#2362,#5356);
#5356 = DEFINITIONAL_REPRESENTATION('',(#5357),#5361);
#5357 = B_SPLINE_CURVE_WITH_KNOTS('',2,(#5358,#5359,#5360),
  .UNSPECIFIED.,.F.,.F.,(3,3),(-2.254762558842,10.409834376047),
  .PIECEWISE_BEZIER_KNOTS.);
#5358 = CARTESIAN_POINT('',(6.051801362012,3.889208015217));
#5359 = CARTESIAN_POINT('',(6.051801362012,10.221506482662));
#5360 = CARTESIAN_POINT('',(6.051801362012,16.553804950106));
#5361 = ( GEOMETRIC_REPRESENTATION_CONTEXT(2) 
PARAMETRIC_REPRESENTATION_CONTEXT() REPRESENTATION_CONTEXT('2D SPACE',''
  ) );
#5362 = PCURVE('',#5363,#5370);
#5363 = ( BOUNDED_SURFACE() B_SPLINE_SURFACE(2,1,(
    (#5364,#5365)
    ,(#5366,#5367)
    ,(#5368,#5369
)),.UNSPECIFIED.,.F.,.F.,.F.) B_SPLINE_SURFACE_WITH_KNOTS((3,3),(2,2),(
    -8.783622854484E-02,1.368943378693),(-2.254814589656,10.409834376047
),.PIECEWISE_BEZIER_KNOTS.) GEOMETRIC_REPRESENTATION_ITEM() 
RATIONAL_B_SPLINE_SURFACE((
    (1.,1.)
    ,(0.746247226935,0.746247226935)
,(1.,1.))) REPRESENTATION_ITEM('') SURFACE() );
#5364 = CARTESIAN_POINT('',(263.66639409309,147.11376984741,
    3.889155984403));
#5365 = CARTESIAN_POINT('',(263.66639409309,147.11376984741,
    16.553804950106));
#5366 = CARTESIAN_POINT('',(263.7678792923,148.,3.889155984403));
#5367 = CARTESIAN_POINT('',(263.7678792923,148.,16.553804950106));
#5368 = CARTESIAN_POINT('',(264.65990122533,148.,3.889155984403));
#5369 = CARTESIAN_POINT('',(264.65990122533,148.,16.553804950106));
#5370 = DEFINITIONAL_REPRESENTATION('',(#5371),#5375);
#5371 = B_SPLINE_CURVE_WITH_KNOTS('',2,(#5372,#5373,#5374),
  .UNSPECIFIED.,.F.,.F.,(3,3),(-2.254762558842,10.409834376047),
  .PIECEWISE_BEZIER_KNOTS.);
#5372 = CARTESIAN_POINT('',(6.753382734369E-03,-2.254762558842));
#5373 = CARTESIAN_POINT('',(6.753382734369E-03,4.077535908602));
#5374 = CARTESIAN_POINT('',(6.753382734369E-03,10.409834376047));
#5375 = ( GEOMETRIC_REPRESENTATION_CONTEXT(2) 
PARAMETRIC_REPRESENTATION_CONTEXT() REPRESENTATION_CONTEXT('2D SPACE',''
  ) );
#5376 = ORIENTED_EDGE('',*,*,#5377,.T.);
#5377 = EDGE_CURVE('',#5349,#4974,#5378,.T.);
#5378 = SURFACE_CURVE('',#5379,(#5388,#5397),.PCURVE_S1.);
#5379 = ( BOUNDED_CURVE() B_SPLINE_CURVE(7,(#5380,#5381,#5382,#5383,
    #5384,#5385,#5386,#5387),.UNSPECIFIED.,.F.,.F.) 
B_SPLINE_CURVE_WITH_KNOTS((8,8),(-2.945536319477,2.016231691659),
.PIECEWISE_BEZIER_KNOTS.) CURVE() GEOMETRIC_REPRESENTATION_ITEM() 
RATIONAL_B_SPLINE_CURVE((1.,1.,1.,1.,1.,1.,1.,1.)) REPRESENTATION_ITEM(
  '') );
#5380 = CARTESIAN_POINT('',(263.14939708997,145.30120927316,
    17.217435026233));
#5381 = CARTESIAN_POINT('',(263.38115128289,145.94976505849,
    16.927677338854));
#5382 = CARTESIAN_POINT('',(263.57449777958,146.60864010079,
    16.685943192425));
#5383 = CARTESIAN_POINT('',(263.72947395199,147.27578114603,
    16.492211323373));
#5384 = CARTESIAN_POINT('',(263.84655224557,147.95124995064,
    16.345846976365));
#5385 = CARTESIAN_POINT('',(263.92465481427,148.63260047473,
    16.248207249729));
#5386 = CARTESIAN_POINT('',(263.96371289746,149.31625501849,
    16.199379924419));
#5387 = CARTESIAN_POINT('',(263.96371290611,150.,16.199379912834));
#5388 = PCURVE('',#2362,#5389);
#5389 = DEFINITIONAL_REPRESENTATION('',(#5390),#5396);
#5390 = B_SPLINE_CURVE_WITH_KNOTS('',4,(#5391,#5392,#5393,#5394,#5395),
  .UNSPECIFIED.,.F.,.F.,(5,5),(-0.905617680806,2.016231691659),
  .PIECEWISE_BEZIER_KNOTS.);
#5391 = CARTESIAN_POINT('',(6.051801362012,16.553804950106));
#5392 = CARTESIAN_POINT('',(6.106844002546,16.377136863338));
#5393 = CARTESIAN_POINT('',(6.163513394872,16.258672079052));
#5394 = CARTESIAN_POINT('',(6.222171885234,16.199370595224));
#5395 = CARTESIAN_POINT('',(6.28318530718,16.199379912834));
#5396 = ( GEOMETRIC_REPRESENTATION_CONTEXT(2) 
PARAMETRIC_REPRESENTATION_CONTEXT() REPRESENTATION_CONTEXT('2D SPACE',''
  ) );
#5397 = PCURVE('',#5398,#5423);
#5398 = ( BOUNDED_SURFACE() B_SPLINE_SURFACE(2,7,(
    (#5399,#5400,#5401,#5402,#5403,#5404,#5405,#5406)
    ,(#5407,#5408,#5409,#5410,#5411,#5412,#5413,#5414)
    ,(#5415,#5416,#5417,#5418,#5419,#5420,#5421,#5422
)),.UNSPECIFIED.,.F.,.F.,.F.) B_SPLINE_SURFACE_WITH_KNOTS((3,3),(8,8),(
    0.,4.961768011135),(-2.945536319477,2.016231691659),
.PIECEWISE_BEZIER_KNOTS.) GEOMETRIC_REPRESENTATION_ITEM() 
RATIONAL_B_SPLINE_SURFACE((
    (1.,1.,1.,1.,1.,1.,1.,1.)
    ,(0.926010198831,0.929414832564,0.932240062517,0.934490977903
      ,0.936188530998,0.937319563667,0.937885014647,0.937885014905)
,(1.,1.,1.,1.,1.,1.,1.,1.))) REPRESENTATION_ITEM('') SURFACE() );
#5399 = CARTESIAN_POINT('',(263.14939708997,145.30120927316,
    17.217435026233));
#5400 = CARTESIAN_POINT('',(263.38115128289,145.94976505849,
    16.927677338854));
#5401 = CARTESIAN_POINT('',(263.57449777958,146.60864010079,
    16.685943192425));
#5402 = CARTESIAN_POINT('',(263.72947395199,147.27578114603,
    16.492211323373));
#5403 = CARTESIAN_POINT('',(263.84655224557,147.95124995064,
    16.345846976365));
#5404 = CARTESIAN_POINT('',(263.92465481427,148.63260047473,
    16.248207249729));
#5405 = CARTESIAN_POINT('',(263.96371289746,149.31625501849,
    16.199379924419));
#5406 = CARTESIAN_POINT('',(263.96371290611,150.,16.199379912834));
#5407 = CARTESIAN_POINT('',(263.09856386189,145.15895431006,
    16.838796388215));
#5408 = CARTESIAN_POINT('',(263.3433843531,145.82201467309,
    16.553172481804));
#5409 = CARTESIAN_POINT('',(263.54876414902,146.49879482176,
    16.313562719892));
#5410 = CARTESIAN_POINT('',(263.7139655704,147.18641370241,
    16.120827728286));
#5411 = CARTESIAN_POINT('',(263.83886493643,147.88418297896,
    15.975111801253));
#5412 = CARTESIAN_POINT('',(263.92213350056,148.58808570971,
    15.877965143096));
#5413 = CARTESIAN_POINT('',(263.96371290584,149.29445425282,
    15.829455836941));
#5414 = CARTESIAN_POINT('',(263.96371290611,150.,15.829455836619));
#5415 = CARTESIAN_POINT('',(263.33012334863,144.95999347491,
    16.568643653682));
#5416 = CARTESIAN_POINT('',(263.57790180814,145.65269698631,
    16.279568784254));
#5417 = CARTESIAN_POINT('',(263.78549777211,146.35839855908,
    16.037373492951));
#5418 = CARTESIAN_POINT('',(263.95238290579,147.07434681128,
    15.842674170333));
#5419 = CARTESIAN_POINT('',(264.07839275747,147.8002613102,
    15.695662676707));
#5420 = CARTESIAN_POINT('',(264.16240721168,148.53142432803,
    15.597645813451));
#5421 = CARTESIAN_POINT('',(264.20445631578,149.26574094926,
    15.548588525337));
#5422 = CARTESIAN_POINT('',(264.20445630375,150.,15.548588539378));
#5423 = DEFINITIONAL_REPRESENTATION('',(#5424),#5428);
#5424 = B_SPLINE_CURVE_WITH_KNOTS('',2,(#5425,#5426,#5427),
  .UNSPECIFIED.,.F.,.F.,(3,3),(-0.905617680806,2.016231691659),
  .PIECEWISE_BEZIER_KNOTS.);
#5425 = CARTESIAN_POINT('',(0.,-0.905617680806));
#5426 = CARTESIAN_POINT('',(-3.802163929637E-14,0.555307005426));
#5427 = CARTESIAN_POINT('',(0.,2.016231691659));
#5428 = ( GEOMETRIC_REPRESENTATION_CONTEXT(2) 
PARAMETRIC_REPRESENTATION_CONTEXT() REPRESENTATION_CONTEXT('2D SPACE',''
  ) );
#5429 = FACE_BOUND('',#5430,.T.);
#5430 = EDGE_LOOP('',(#5431,#5469,#5491,#5541));
#5431 = ORIENTED_EDGE('',*,*,#5432,.F.);
#5432 = EDGE_CURVE('',#5433,#5435,#5437,.T.);
#5433 = VERTEX_POINT('',#5434);
#5434 = CARTESIAN_POINT('',(236.3197947485,147.20048483794,
    16.553804300238));
#5435 = VERTEX_POINT('',#5436);
#5436 = CARTESIAN_POINT('',(236.31979476934,152.79951515778,
    16.553804322512));
#5437 = SURFACE_CURVE('',#5438,(#5451,#5462),.PCURVE_S1.);
#5438 = ( BOUNDED_CURVE() B_SPLINE_CURVE(11,(#5439,#5440,#5441,#5442,
    #5443,#5444,#5445,#5446,#5447,#5448,#5449,#5450),.UNSPECIFIED.,.F.,
.F.) B_SPLINE_CURVE_WITH_KNOTS((12,12),(-2.945536332283,6.977993351718),
.PIECEWISE_BEZIER_KNOTS.) CURVE() GEOMETRIC_REPRESENTATION_ITEM() 
RATIONAL_B_SPLINE_CURVE((1.,1.,1.,1.,1.,1.,1.,1.,1.,1.,1.,1.)) 
REPRESENTATION_ITEM('') );
#5439 = CARTESIAN_POINT('',(236.8506029096,145.30120927433,
    17.217435025698));
#5440 = CARTESIAN_POINT('',(236.55564321942,146.12664337394,
    16.848652754185));
#5441 = CARTESIAN_POINT('',(236.31929942328,146.96756997456,
    16.553160604255));
#5442 = CARTESIAN_POINT('',(236.14186817786,147.82299743818,
    16.331380644373));
#5443 = CARTESIAN_POINT('',(236.02118407626,148.68181259451,
    16.180502420414));
#5444 = CARTESIAN_POINT('',(235.96149466783,149.57279362639,
    16.105877064996));
#5445 = CARTESIAN_POINT('',(235.96166012532,150.42726404671,
    16.106079376934));
#5446 = CARTESIAN_POINT('',(236.02105820182,151.31805884895,
    16.180347531524));
#5447 = CARTESIAN_POINT('',(236.14193573472,152.17714170014,
    16.331464672281));
#5448 = CARTESIAN_POINT('',(236.31928578536,153.03239727004,
    16.553143386148));
#5449 = CARTESIAN_POINT('',(236.55564324331,153.87335669257,
    16.848652785068));
#5450 = CARTESIAN_POINT('',(236.85060290897,154.6987907239,
    17.217435024888));
#5451 = PCURVE('',#2362,#5452);
#5452 = DEFINITIONAL_REPRESENTATION('',(#5453),#5461);
#5453 = B_SPLINE_CURVE_WITH_KNOTS('',6,(#5454,#5455,#5456,#5457,#5458,
    #5459,#5460),.UNSPECIFIED.,.F.,.F.,(7,7),(-0.9056144772,
    4.938061126925),.PIECEWISE_BEZIER_KNOTS.);
#5454 = CARTESIAN_POINT('',(3.325277131404,16.553804300238));
#5455 = CARTESIAN_POINT('',(3.263611452958,16.318227405704));
#5456 = CARTESIAN_POINT('',(3.202497248949,16.175913078696));
#5457 = CARTESIAN_POINT('',(3.141592842366,16.127822904739));
#5458 = CARTESIAN_POINT('',(3.080688607227,16.175911014905));
#5459 = CARTESIAN_POINT('',(3.019573522033,16.318228374082));
#5460 = CARTESIAN_POINT('',(2.957908175775,16.553804322512));
#5461 = ( GEOMETRIC_REPRESENTATION_CONTEXT(2) 
PARAMETRIC_REPRESENTATION_CONTEXT() REPRESENTATION_CONTEXT('2D SPACE',''
  ) );
#5462 = PCURVE('',#4458,#5463);
#5463 = DEFINITIONAL_REPRESENTATION('',(#5464),#5468);
#5464 = B_SPLINE_CURVE_WITH_KNOTS('',2,(#5465,#5466,#5467),
  .UNSPECIFIED.,.F.,.F.,(3,3),(-0.9056144772,4.938061126925),
  .PIECEWISE_BEZIER_KNOTS.);
#5465 = CARTESIAN_POINT('',(9.923529684002,-0.9056144772));
#5466 = CARTESIAN_POINT('',(9.923529684001,2.016223324862));
#5467 = CARTESIAN_POINT('',(9.923529684001,4.938061126925));
#5468 = ( GEOMETRIC_REPRESENTATION_CONTEXT(2) 
PARAMETRIC_REPRESENTATION_CONTEXT() REPRESENTATION_CONTEXT('2D SPACE',''
  ) );
#5469 = ORIENTED_EDGE('',*,*,#5470,.F.);
#5470 = EDGE_CURVE('',#5471,#5433,#5473,.T.);
#5471 = VERTEX_POINT('',#5472);
#5472 = CARTESIAN_POINT('',(236.31979554626,147.2004850012,
    3.889207900069));
#5473 = SURFACE_CURVE('',#5474,(#5477,#5484),.PCURVE_S1.);
#5474 = B_SPLINE_CURVE_WITH_KNOTS('',1,(#5475,#5476),.UNSPECIFIED.,.F.,
  .F.,(2,2),(-2.254762673991,10.409833726178),.PIECEWISE_BEZIER_KNOTS.);
#5475 = CARTESIAN_POINT('',(236.31979554626,147.2004850012,
    3.889207900069));
#5476 = CARTESIAN_POINT('',(236.31979554626,147.2004850012,
    16.553804300238));
#5477 = PCURVE('',#2362,#5478);
#5478 = DEFINITIONAL_REPRESENTATION('',(#5479),#5483);
#5479 = B_SPLINE_CURVE_WITH_KNOTS('',2,(#5480,#5481,#5482),
  .UNSPECIFIED.,.F.,.F.,(3,3),(-2.254762673991,10.409833726178),
  .PIECEWISE_BEZIER_KNOTS.);
#5480 = CARTESIAN_POINT('',(3.325277131404,3.889207900069));
#5481 = CARTESIAN_POINT('',(3.325277131404,10.221506100153));
#5482 = CARTESIAN_POINT('',(3.325277131404,16.553804300238));
#5483 = ( GEOMETRIC_REPRESENTATION_CONTEXT(2) 
PARAMETRIC_REPRESENTATION_CONTEXT() REPRESENTATION_CONTEXT('2D SPACE',''
  ) );
#5484 = PCURVE('',#4518,#5485);
#5485 = DEFINITIONAL_REPRESENTATION('',(#5486),#5490);
#5486 = B_SPLINE_CURVE_WITH_KNOTS('',2,(#5487,#5488,#5489),
  .UNSPECIFIED.,.F.,.F.,(3,3),(-2.254762673991,10.409833726178),
  .PIECEWISE_BEZIER_KNOTS.);
#5487 = CARTESIAN_POINT('',(1.355511377463,-2.254762673991));
#5488 = CARTESIAN_POINT('',(1.355511377463,4.077535526093));
#5489 = CARTESIAN_POINT('',(1.355511377463,10.409833726178));
#5490 = ( GEOMETRIC_REPRESENTATION_CONTEXT(2) 
PARAMETRIC_REPRESENTATION_CONTEXT() REPRESENTATION_CONTEXT('2D SPACE',''
  ) );
#5491 = ORIENTED_EDGE('',*,*,#5492,.T.);
#5492 = EDGE_CURVE('',#5471,#5493,#5495,.T.);
#5493 = VERTEX_POINT('',#5494);
#5494 = CARTESIAN_POINT('',(236.31979554626,152.79951499879,
    3.889207214717));
#5495 = SURFACE_CURVE('',#5496,(#5523,#5534),.PCURVE_S1.);
#5496 = ( BOUNDED_CURVE() B_SPLINE_CURVE(13,(#5497,#5498,#5499,#5500,
    #5501,#5502,#5503,#5504,#5505,#5506,#5507,#5508,#5509,#5510,#5511,
    #5512,#5513,#5514,#5515,#5516,#5517,#5518,#5519,#5520,#5521,#5522),
.UNSPECIFIED.,.F.,.F.) B_SPLINE_CURVE_WITH_KNOTS((14,12,14),(
-2.971346970505,4.027523324774,6.998870295285),.UNSPECIFIED.) CURVE() 
GEOMETRIC_REPRESENTATION_ITEM() RATIONAL_B_SPLINE_CURVE((1.067381277915,
    1.068319645658,1.069192198159,1.069987084398,1.070692394668,
    1.071288686008,1.071782981053,1.072117932109,1.072352437154,
    1.072418256148,1.072357133941,1.072153155087,1.071819276435,
    1.071169869437,1.070954377134,1.070717606544,1.07046036348,
    1.070183544847,1.069888105776,1.069575032698,1.069245321841,
    1.068899963813,1.068539933544,1.068166186267,1.067779659002,
1.067381277892)) REPRESENTATION_ITEM('') );
#5497 = CARTESIAN_POINT('',(237.1775268196,144.47103448531,
    4.807472648755));
#5498 = CARTESIAN_POINT('',(236.94493633859,145.0104455554,4.55847002863
    ));
#5499 = CARTESIAN_POINT('',(236.73413529414,145.56698927279,
    4.332772125098));
#5500 = CARTESIAN_POINT('',(236.54649345027,146.13960277899,
    4.131866966445));
#5501 = CARTESIAN_POINT('',(236.38327909948,146.73091240704,
    3.957134338488));
#5502 = CARTESIAN_POINT('',(236.24741916646,147.32735156603,
    3.811713106162));
#5503 = CARTESIAN_POINT('',(236.13700836082,147.95608774848,
    3.69351147765));
#5504 = CARTESIAN_POINT('',(236.06090304,148.56495116098,3.612179450015)
  );
#5505 = CARTESIAN_POINT('',(236.01030527106,149.20793034021,
    3.557943512799));
#5506 = CARTESIAN_POINT('',(235.99474613032,149.83502821797,
    3.541360402564));
#5507 = CARTESIAN_POINT('',(236.00853469372,150.47033513233,
    3.556083308259));
#5508 = CARTESIAN_POINT('',(236.05378359229,151.09854264191,
    3.604503552606));
#5509 = CARTESIAN_POINT('',(236.12876944269,151.7203217654,
    3.684747147438));
#5510 = CARTESIAN_POINT('',(236.2764825711,152.59227159491,
    3.842845319778));
#5511 = CARTESIAN_POINT('',(236.32570146478,152.85052340136,
    3.895526883941));
#5512 = CARTESIAN_POINT('',(236.38001041541,153.10684952382,
    3.953659653034));
#5513 = CARTESIAN_POINT('',(236.43930487084,153.36104682225,
    4.017132295365));
#5514 = CARTESIAN_POINT('',(236.50346937812,153.61292484408,
    4.085821483246));
#5515 = CARTESIAN_POINT('',(236.57238213703,153.86231274709,
    4.15959682389));
#5516 = CARTESIAN_POINT('',(236.64591875818,154.1090637404,
    4.238324919189));
#5517 = CARTESIAN_POINT('',(236.72395522622,154.35305702912,
    4.321872554963));
#5518 = CARTESIAN_POINT('',(236.80637006723,154.59419724808,
    4.410109018429));
#5519 = CARTESIAN_POINT('',(236.89304571783,154.83241136782,
    4.502907541665));
#5520 = CARTESIAN_POINT('',(236.98386909284,155.06764305646,
    4.600145867028));
#5521 = CARTESIAN_POINT('',(237.0787313466,155.2998444797,4.701705929838
    ));
#5522 = CARTESIAN_POINT('',(237.17752682258,155.5289655216,
    4.807472652142));
#5523 = PCURVE('',#2362,#5524);
#5524 = DEFINITIONAL_REPRESENTATION('',(#5525),#5533);
#5525 = B_SPLINE_CURVE_WITH_KNOTS('',6,(#5526,#5527,#5528,#5529,#5530,
    #5531,#5532),.UNSPECIFIED.,.F.,.F.,(7,7),(-0.41326993833,
    4.440790102898),.PIECEWISE_BEZIER_KNOTS.);
#5526 = CARTESIAN_POINT('',(3.325277131404,3.889207900069));
#5527 = CARTESIAN_POINT('',(3.264401398048,3.690103705367));
#5528 = CARTESIAN_POINT('',(3.203140504403,3.565745378806));
#5529 = CARTESIAN_POINT('',(3.141594834129,3.522918706114));
#5530 = CARTESIAN_POINT('',(3.080043032561,3.565741656057));
#5531 = CARTESIAN_POINT('',(3.018783353811,3.690107920351));
#5532 = CARTESIAN_POINT('',(2.957908175776,3.889207214717));
#5533 = ( GEOMETRIC_REPRESENTATION_CONTEXT(2) 
PARAMETRIC_REPRESENTATION_CONTEXT() REPRESENTATION_CONTEXT('2D SPACE',''
  ) );
#5534 = PCURVE('',#4605,#5535);
#5535 = DEFINITIONAL_REPRESENTATION('',(#5536),#5540);
#5536 = B_SPLINE_CURVE_WITH_KNOTS('',2,(#5537,#5538,#5539),
  .UNSPECIFIED.,.F.,.F.,(3,3),(-0.41326993833,4.440790102898),
  .PIECEWISE_BEZIER_KNOTS.);
#5537 = CARTESIAN_POINT('',(9.97021726579,-0.41326993833));
#5538 = CARTESIAN_POINT('',(9.97021726579,2.013760082284));
#5539 = CARTESIAN_POINT('',(9.97021726579,4.440790102898));
#5540 = ( GEOMETRIC_REPRESENTATION_CONTEXT(2) 
PARAMETRIC_REPRESENTATION_CONTEXT() REPRESENTATION_CONTEXT('2D SPACE',''
  ) );
#5541 = ORIENTED_EDGE('',*,*,#5542,.T.);
#5542 = EDGE_CURVE('',#5493,#5435,#5543,.T.);
#5543 = SURFACE_CURVE('',#5544,(#5547,#5554),.PCURVE_S1.);
#5544 = B_SPLINE_CURVE_WITH_KNOTS('',1,(#5545,#5546),.UNSPECIFIED.,.F.,
  .F.,(2,2),(-2.254763359344,10.409833748452),.PIECEWISE_BEZIER_KNOTS.);
#5545 = CARTESIAN_POINT('',(236.31979554626,152.79951499879,
    3.889207214717));
#5546 = CARTESIAN_POINT('',(236.31979554626,152.79951499879,
    16.553804322512));
#5547 = PCURVE('',#2362,#5548);
#5548 = DEFINITIONAL_REPRESENTATION('',(#5549),#5553);
#5549 = B_SPLINE_CURVE_WITH_KNOTS('',2,(#5550,#5551,#5552),
  .UNSPECIFIED.,.F.,.F.,(3,3),(-2.254763359344,10.409833748452),
  .PIECEWISE_BEZIER_KNOTS.);
#5550 = CARTESIAN_POINT('',(2.957908175776,3.889207214717));
#5551 = CARTESIAN_POINT('',(2.957908175776,10.221505768614));
#5552 = CARTESIAN_POINT('',(2.957908175776,16.553804322512));
#5553 = ( GEOMETRIC_REPRESENTATION_CONTEXT(2) 
PARAMETRIC_REPRESENTATION_CONTEXT() REPRESENTATION_CONTEXT('2D SPACE',''
  ) );
#5554 = PCURVE('',#4405,#5555);
#5555 = DEFINITIONAL_REPRESENTATION('',(#5556),#5560);
#5556 = B_SPLINE_CURVE_WITH_KNOTS('',2,(#5557,#5558,#5559),
  .UNSPECIFIED.,.F.,.F.,(3,3),(-2.254763359344,10.409833748452),
  .PIECEWISE_BEZIER_KNOTS.);
#5557 = CARTESIAN_POINT('',(1.355455969616,-2.254763359344));
#5558 = CARTESIAN_POINT('',(1.355455969616,4.077535194554));
#5559 = CARTESIAN_POINT('',(1.355455969616,10.409833748452));
#5560 = ( GEOMETRIC_REPRESENTATION_CONTEXT(2) 
PARAMETRIC_REPRESENTATION_CONTEXT() REPRESENTATION_CONTEXT('2D SPACE',''
  ) );
#5561 = FACE_BOUND('',#5562,.T.);
#5562 = EDGE_LOOP('',(#5563,#5734,#5763,#5836));
#5563 = ORIENTED_EDGE('',*,*,#5564,.F.);
#5564 = EDGE_CURVE('',#5565,#5567,#5569,.T.);
#5565 = VERTEX_POINT('',#5566);
#5566 = CARTESIAN_POINT('',(252.79951499879,163.68020445373,
    3.889208821266));
#5567 = VERTEX_POINT('',#5568);
#5568 = CARTESIAN_POINT('',(247.2004850012,163.68020445373,
    3.889208012689));
#5569 = SURFACE_CURVE('',#5570,(#5589,#5600),.PCURVE_S1.);
#5570 = ( BOUNDED_CURVE() B_SPLINE_CURVE(9,(#5571,#5572,#5573,#5574,
    #5575,#5576,#5577,#5578,#5579,#5580,#5581,#5582,#5583,#5584,#5585,
#5586,#5587,#5588),.UNSPECIFIED.,.F.,.F.) B_SPLINE_CURVE_WITH_KNOTS((10,
    8,10),(-2.971346970506,2.01376166239,6.998870295285),.UNSPECIFIED.) 
CURVE() GEOMETRIC_REPRESENTATION_ITEM() RATIONAL_B_SPLINE_CURVE((
    1.067381277915,1.068346707481,1.069239750233,1.070046051625,
    1.070749456777,1.071332682869,1.071780270308,1.072081731675,
    1.072232817492,1.072232818117,1.072082023471,1.071779300602,
    1.071333858633,1.070748836742,1.07004604349,1.069239822219,
1.068346707473,1.067381277915)) REPRESENTATION_ITEM('') );
#5571 = CARTESIAN_POINT('',(255.52896551468,162.82247318039,
    4.807472648755));
#5572 = CARTESIAN_POINT('',(254.97401229121,163.061765335,4.55129546895)
  );
#5573 = CARTESIAN_POINT('',(254.40020637716,163.27712009793,
    4.320720776722));
#5574 = CARTESIAN_POINT('',(253.8083124874,163.46688906395,
    4.117539180814));
#5575 = CARTESIAN_POINT('',(253.19902479439,163.62914149327,
    3.943839886447));
#5576 = CARTESIAN_POINT('',(252.57461884372,163.76166391649,
    3.80199619041));
#5577 = CARTESIAN_POINT('',(251.93867998121,163.86239255914,
    3.694203563475));
#5578 = CARTESIAN_POINT('',(251.29509013379,163.92991885881,
    3.621949120553));
#5579 = CARTESIAN_POINT('',(250.64743670159,163.96371321519,
    3.585786133433));
#5580 = CARTESIAN_POINT('',(249.35254996655,163.96371259703,
    3.585786741809));
#5581 = CARTESIAN_POINT('',(248.70497947768,163.92995423433,
    3.621909115941));
#5582 = CARTESIAN_POINT('',(248.06081762855,163.8622618467,
    3.694349492398));
#5583 = CARTESIAN_POINT('',(247.4262216044,163.76183731919,
    3.801804729757));
#5584 = CARTESIAN_POINT('',(246.80021562198,163.62902758113,
    3.943962702175));
#5585 = CARTESIAN_POINT('',(246.19203686531,163.46691066412,
    4.117518470596));
#5586 = CARTESIAN_POINT('',(245.59971318092,163.27712257759,
    4.320716910131));
#5587 = CARTESIAN_POINT('',(245.02598770625,163.06176533391,
    4.551295470198));
#5588 = CARTESIAN_POINT('',(244.47103448539,162.82247318042,
    4.807472648716));
#5589 = PCURVE('',#2362,#5590);
#5590 = DEFINITIONAL_REPRESENTATION('',(#5591),#5599);
#5591 = B_SPLINE_CURVE_WITH_KNOTS('',6,(#5592,#5593,#5594,#5595,#5596,
    #5597,#5598),.UNSPECIFIED.,.F.,.F.,(7,7),(-0.413273559255,
    4.440792009651),.PIECEWISE_BEZIER_KNOTS.);
#5592 = CARTESIAN_POINT('',(1.341532268327,3.889208821266));
#5593 = CARTESIAN_POINT('',(1.403375460386,3.690104602149));
#5594 = CARTESIAN_POINT('',(1.466921066036,3.5657244393));
#5595 = CARTESIAN_POINT('',(1.532112021251,3.522944968829));
#5596 = CARTESIAN_POINT('',(1.598790853746,3.565730920311));
#5597 = CARTESIAN_POINT('',(1.666629739551,3.690106196777));
#5598 = CARTESIAN_POINT('',(1.735567267279,3.889208012689));
#5599 = ( GEOMETRIC_REPRESENTATION_CONTEXT(2) 
PARAMETRIC_REPRESENTATION_CONTEXT() REPRESENTATION_CONTEXT('2D SPACE',''
  ) );
#5600 = PCURVE('',#5601,#5728);
#5601 = ( BOUNDED_SURFACE() B_SPLINE_SURFACE(6,9,(
    (#5602,#5603,#5604,#5605,#5606,#5607,#5608,#5609,#5610,#5611,#5612
      ,#5613,#5614,#5615,#5616,#5617,#5618,#5619)
    ,(#5620,#5621,#5622,#5623,#5624,#5625,#5626,#5627,#5628,#5629,#5630
      ,#5631,#5632,#5633,#5634,#5635,#5636,#5637)
    ,(#5638,#5639,#5640,#5641,#5642,#5643,#5644,#5645,#5646,#5647,#5648
      ,#5649,#5650,#5651,#5652,#5653,#5654,#5655)
    ,(#5656,#5657,#5658,#5659,#5660,#5661,#5662,#5663,#5664,#5665,#5666
      ,#5667,#5668,#5669,#5670,#5671,#5672,#5673)
    ,(#5674,#5675,#5676,#5677,#5678,#5679,#5680,#5681,#5682,#5683,#5684
      ,#5685,#5686,#5687,#5688,#5689,#5690,#5691)
    ,(#5692,#5693,#5694,#5695,#5696,#5697,#5698,#5699,#5700,#5701,#5702
      ,#5703,#5704,#5705,#5706,#5707,#5708,#5709)
    ,(#5710,#5711,#5712,#5713,#5714,#5715,#5716,#5717,#5718,#5719,#5720
      ,#5721,#5722,#5723,#5724,#5725,#5726,#5727
)),.UNSPECIFIED.,.F.,.F.,.F.) B_SPLINE_SURFACE_WITH_KNOTS((7,7),(10,8,10
    ),(0.,9.970217265792),(-2.971346970506,2.01376166239,6.998870295285)
,.UNSPECIFIED.) GEOMETRIC_REPRESENTATION_ITEM() 
RATIONAL_B_SPLINE_SURFACE((
    (1.067381277915,1.068346707481,1.069239750233,1.070046051625
      ,1.070749456777,1.071332682869,1.071780270308,1.072081731675
      ,1.072232817492,1.072232818117,1.072082023471,1.071779300602
      ,1.071333858633,1.070748836742,1.07004604349,1.069239822219
      ,1.068346707473,1.067381277915)
    ,(1.020434622623,1.020698333638,1.020941334693,1.021159947764
      ,1.021350045695,1.021507248563,1.021627672795,1.021708711794
      ,1.02174932683,1.021749326997,1.02170879042,1.021627412018
      ,1.021507563591,1.021349881355,1.021159943427,1.020941354766
      ,1.020698333635,1.020434622623)
    ,(0.995673001631,0.995615520211,0.995562557196,0.995514916253
      ,0.995473497203,0.995439251993,0.995413022567,0.995395372858
      ,0.995386527168,0.995386527131,0.995395355718,0.995413079389
      ,0.995439183394,0.995473532922,0.995514917274,0.995562552795
      ,0.995615520211,0.995673001631)
    ,(0.987491596188,0.987323048753,0.987167388367,0.9870270518
      ,0.986904781101,0.986803504585,0.986725835443,0.986673540469
      ,0.986647331402,0.986647331293,0.986673489824,0.986726003645
      ,0.986803300891,0.986904888129,0.987027053683,0.987167375726
      ,0.987323048754,0.987491596188)
    ,(0.995673001631,0.995615520211,0.995562557196,0.995514916253
      ,0.995473497203,0.995439251993,0.995413022567,0.995395372858
      ,0.995386527168,0.995386527131,0.995395355718,0.995413079389
      ,0.995439183394,0.995473532922,0.995514917274,0.995562552795
      ,0.995615520211,0.995673001631)
    ,(1.020434622623,1.020698333638,1.020941334693,1.021159947764
      ,1.021350045695,1.021507248563,1.021627672795,1.021708711794
      ,1.02174932683,1.021749326997,1.02170879042,1.021627412018
      ,1.021507563591,1.021349881355,1.021159943427,1.020941354766
      ,1.020698333635,1.020434622623)
    ,(1.067381277915,1.068346707481,1.069239750233,1.070046051625
      ,1.070749456777,1.071332682869,1.071780270308,1.072081731675
      ,1.072232817492,1.072232818117,1.072082023471,1.071779300602
      ,1.071333858633,1.070748836742,1.07004604349,1.069239822219
,1.068346707473,1.067381277915))) REPRESENTATION_ITEM('') SURFACE() );
#5602 = CARTESIAN_POINT('',(255.52896551468,162.82247318039,
    4.807472648755));
#5603 = CARTESIAN_POINT('',(254.97401229121,163.061765335,4.55129546895)
  );
#5604 = CARTESIAN_POINT('',(254.40020637716,163.27712009793,
    4.320720776722));
#5605 = CARTESIAN_POINT('',(253.8083124874,163.46688906395,
    4.117539180814));
#5606 = CARTESIAN_POINT('',(253.19902479439,163.62914149327,
    3.943839886447));
#5607 = CARTESIAN_POINT('',(252.57461884372,163.76166391649,
    3.80199619041));
#5608 = CARTESIAN_POINT('',(251.93867998121,163.86239255914,
    3.694203563475));
#5609 = CARTESIAN_POINT('',(251.29509013379,163.92991885881,
    3.621949120553));
#5610 = CARTESIAN_POINT('',(250.64743670159,163.96371321519,
    3.585786133433));
#5611 = CARTESIAN_POINT('',(249.35254996655,163.96371259703,
    3.585786741809));
#5612 = CARTESIAN_POINT('',(248.70497947768,163.92995423433,
    3.621909115941));
#5613 = CARTESIAN_POINT('',(248.06081762855,163.8622618467,
    3.694349492398));
#5614 = CARTESIAN_POINT('',(247.4262216044,163.76183731919,
    3.801804729757));
#5615 = CARTESIAN_POINT('',(246.80021562198,163.62902758113,
    3.943962702175));
#5616 = CARTESIAN_POINT('',(246.19203686531,163.46691066412,
    4.117518470596));
#5617 = CARTESIAN_POINT('',(245.59971318092,163.27712257759,
    4.320716910131));
#5618 = CARTESIAN_POINT('',(245.02598770625,163.06176533391,
    4.551295470198));
#5619 = CARTESIAN_POINT('',(244.47103448539,162.82247318042,
    4.807472648716));
#5620 = CARTESIAN_POINT('',(255.41012370685,162.87371698086,
    5.183033615803));
#5621 = CARTESIAN_POINT('',(254.86237844619,163.10379741966,
    4.933533474632));
#5622 = CARTESIAN_POINT('',(254.29771920889,163.3101210003,4.70946380616
    ));
#5623 = CARTESIAN_POINT('',(253.71687037333,163.49133830341,
    4.51240473097));
#5624 = CARTESIAN_POINT('',(253.12043580056,163.64587033848,
    4.344193129469));
#5625 = CARTESIAN_POINT('',(252.5103839255,163.77185492621,
    4.206960539687));
#5626 = CARTESIAN_POINT('',(251.88986736761,163.86751652233,
    4.102716522903));
#5627 = CARTESIAN_POINT('',(251.26236691731,163.93162539097,
    4.032843404124));
#5628 = CARTESIAN_POINT('',(250.63114521793,163.96371327385,
    3.997866946964));
#5629 = CARTESIAN_POINT('',(249.36883858424,163.96371253837,
    3.997867670508));
#5630 = CARTESIAN_POINT('',(248.73767901319,163.93165338883,
    4.032809792481));
#5631 = CARTESIAN_POINT('',(248.10973061591,163.86740852096,
    4.102843077562));
#5632 = CARTESIAN_POINT('',(247.49031353042,163.77200304113,
    4.206790164826));
#5633 = CARTESIAN_POINT('',(246.87890829111,163.6457662278,
    4.344308610574));
#5634 = CARTESIAN_POINT('',(246.28344387314,163.49136388781,
    4.512379750905));
#5635 = CARTESIAN_POINT('',(245.70220529417,163.3101205461,
    4.709462732605));
#5636 = CARTESIAN_POINT('',(245.13762155172,163.10379741879,
    4.933533475676));
#5637 = CARTESIAN_POINT('',(244.58987629321,162.87371698089,
    5.18303361577));
#5638 = CARTESIAN_POINT('',(255.36305971236,163.09576945902,
    5.533522892595));
#5639 = CARTESIAN_POINT('',(254.81664835493,163.32212558445,
    5.290634926149));
#5640 = CARTESIAN_POINT('',(254.25449634119,163.52462464376,
    5.072923254787));
#5641 = CARTESIAN_POINT('',(253.67735000533,163.70207469111,
    4.881804770284));
#5642 = CARTESIAN_POINT('',(253.08579823313,163.85309271069,
    4.718914731864));
#5643 = CARTESIAN_POINT('',(252.48165772243,163.97602684329,
    4.586171993976));
#5644 = CARTESIAN_POINT('',(251.86782982222,164.06928592392,
    4.485403761692));
#5645 = CARTESIAN_POINT('',(251.2475256146,164.13176243852,
    4.417875406001));
#5646 = CARTESIAN_POINT('',(250.62375686719,164.16303474365,
    4.384071157946));
#5647 = CARTESIAN_POINT('',(249.37622563522,164.16303395479,
    4.38407193634));
#5648 = CARTESIAN_POINT('',(248.75251012033,164.13178694844,
    4.417845991141));
#5649 = CARTESIAN_POINT('',(248.13181239447,164.0691887207,
    4.485517221262));
#5650 = CARTESIAN_POINT('',(247.51897547837,163.97616272672,
    4.586016498721));
#5651 = CARTESIAN_POINT('',(246.91359406817,163.85299371875,
    4.719023914582));
#5652 = CARTESIAN_POINT('',(246.32294652585,163.70210173245,
    4.88177804667));
#5653 = CARTESIAN_POINT('',(245.74543108993,163.52462293049,
    5.072923701467));
#5654 = CARTESIAN_POINT('',(245.18335164315,163.32212558367,
    5.290634927077));
#5655 = CARTESIAN_POINT('',(244.63694028769,163.09576945904,
    5.533522892566));
#5656 = CARTESIAN_POINT('',(255.40311722032,163.44690348869,
    5.775340699964));
#5657 = CARTESIAN_POINT('',(254.8515776991,163.67570079395,5.53623843323
    ));
#5658 = CARTESIAN_POINT('',(254.28438564621,163.88031454781,
    5.322104115509));
#5659 = CARTESIAN_POINT('',(253.70236080504,164.05953280012,
    5.134299931164));
#5660 = CARTESIAN_POINT('',(253.10615292446,164.21196509704,
    4.97438521417));
#5661 = CARTESIAN_POINT('',(252.49761785001,164.33597816615,
    4.844173340945));
#5662 = CARTESIAN_POINT('',(251.87964697398,164.43001612819,
    4.745380825467));
#5663 = CARTESIAN_POINT('',(251.25537465587,164.49300437359,
    4.679190958321));
#5664 = CARTESIAN_POINT('',(250.62769122724,164.52453543546,
    4.646055185081));
#5665 = CARTESIAN_POINT('',(249.37229196719,164.52453467431,
    4.646055939603));
#5666 = CARTESIAN_POINT('',(248.74466795958,164.49303027657,
    4.679161953209));
#5667 = CARTESIAN_POINT('',(248.11996851088,164.42991484712,
    4.745492406252));
#5668 = CARTESIAN_POINT('',(247.50305048208,164.33611803347,
    4.844021005814));
#5669 = CARTESIAN_POINT('',(246.89321754874,164.21186549876,
    4.974491357367));
#5670 = CARTESIAN_POINT('',(246.29794016881,164.05955812036,
    5.134274731606));
#5671 = CARTESIAN_POINT('',(245.7155420626,163.88031365912,
    5.322104228877));
#5672 = CARTESIAN_POINT('',(245.1484222988,163.6757007931,5.536238434174
    ));
#5673 = CARTESIAN_POINT('',(244.59688277974,163.44690348872,
    5.775340699935));
#5674 = CARTESIAN_POINT('',(255.52363642301,163.85089710741,
    5.850439571554));
#5675 = CARTESIAN_POINT('',(254.96140615295,164.08690567493,
    5.61055691583));
#5676 = CARTESIAN_POINT('',(254.38251185282,164.29831254462,
    5.395562991667));
#5677 = CARTESIAN_POINT('',(253.78787728484,164.48372744726,
    5.206906575243));
#5678 = CARTESIAN_POINT('',(253.17826983958,164.64156632632,
    5.046237603756));
#5679 = CARTESIAN_POINT('',(252.5557638058,164.77003398321,
    4.915421865563));
#5680 = CARTESIAN_POINT('',(251.92348409748,164.86746573503,
    4.816187304042));
#5681 = CARTESIAN_POINT('',(251.28469991756,164.93273152376,
    4.749706999957));
#5682 = CARTESIAN_POINT('',(250.64233887781,164.96540565762,
    4.71642416164));
#5683 = CARTESIAN_POINT('',(249.35764689321,164.96540500034,
    4.716424816404));
#5684 = CARTESIAN_POINT('',(248.71536549188,164.93276318866,
    4.749674160039));
#5685 = CARTESIAN_POINT('',(248.07603806324,164.86734709647,
    4.816309848989));
#5686 = CARTESIAN_POINT('',(247.44503345925,164.77019230792,
    4.915258800952));
#5687 = CARTESIAN_POINT('',(246.82101202049,164.64146101444,
    5.046345420706));
#5688 = CARTESIAN_POINT('',(246.21244983231,164.48374822527,
    5.20688582316));
#5689 = CARTESIAN_POINT('',(245.61741334543,164.29831433723,
    5.39556091143));
#5690 = CARTESIAN_POINT('',(245.03859384446,164.08690567386,
    5.610556916929));
#5691 = CARTESIAN_POINT('',(244.47636357706,163.85089710744,
    5.850439571519));
#5692 = CARTESIAN_POINT('',(255.69575903664,164.21694498698,
    5.746767919129));
#5693 = CARTESIAN_POINT('',(255.11942116913,164.46201408343,
    5.501698822678));
#5694 = CARTESIAN_POINT('',(254.52466280867,164.68211166043,
    5.281601245682));
#5695 = CARTESIAN_POINT('',(253.91252587689,164.87558224898,
    5.088130657135));
#5696 = CARTESIAN_POINT('',(253.28392762442,165.04054391428,
    4.923168991832));
#5697 = CARTESIAN_POINT('',(252.64127896212,165.17493826737,
    4.78877463874));
#5698 = CARTESIAN_POINT('',(251.98810509557,165.27691164912,
    4.686801256991));
#5699 = CARTESIAN_POINT('',(251.32796132521,165.34523045654,
    4.618482449568));
#5700 = CARTESIAN_POINT('',(250.66393174002,165.37943476133,
    4.584278144784));
#5701 = CARTESIAN_POINT('',(249.33605782935,165.37943425653,
    4.58427864958));
#5702 = CARTESIAN_POINT('',(248.67213707323,165.34527036425,
    4.618442541863));
#5703 = CARTESIAN_POINT('',(248.01128076843,165.27676819017,
    4.68694471594));
#5704 = CARTESIAN_POINT('',(247.35970816009,165.17512310101,
    4.788589805098));
#5705 = CARTESIAN_POINT('',(246.71522179811,165.04043020497,
    4.923282701146));
#5706 = CARTESIAN_POINT('',(246.0878419506,164.87559674204,
    5.088116164068));
#5707 = CARTESIAN_POINT('',(245.47525790925,164.68211723648,
    5.281595669629));
#5708 = CARTESIAN_POINT('',(244.88057882758,164.46201408208,
    5.501698824034));
#5709 = CARTESIAN_POINT('',(244.30424096346,164.21694498703,
    5.746767919085));
#5710 = CARTESIAN_POINT('',(255.87853001598,164.46633435269,
    5.497378553419));
#5711 = CARTESIAN_POINT('',(255.2875789597,164.7191219008,5.244591005317
    ));
#5712 = CARTESIAN_POINT('',(254.67623606196,164.946745345,5.016967561116
    ));
#5713 = CARTESIAN_POINT('',(254.04565675742,165.14728207788,
    4.816430828236));
#5714 = CARTESIAN_POINT('',(253.39690750835,165.31854752053,
    4.64516538558));
#5715 = CARTESIAN_POINT('',(252.73276938201,165.4582129522,
    4.505499953916));
#5716 = CARTESIAN_POINT('',(252.05722802215,165.56423013353,
    4.399482772578));
#5717 = CARTESIAN_POINT('',(251.37419331122,165.63526158323,
    4.328451322886));
#5718 = CARTESIAN_POINT('',(250.68697137712,165.67081985892,
    4.292893047193));
#5719 = CARTESIAN_POINT('',(249.31302224525,165.67081951566,
    4.292893390449));
#5720 = CARTESIAN_POINT('',(248.62593979893,165.63530974225,
    4.328403163867));
#5721 = CARTESIAN_POINT('',(247.94201318016,165.56406188091,4.3996510252
    ));
#5722 = CARTESIAN_POINT('',(247.26842079252,165.45842429075,
    4.505288615356));
#5723 = CARTESIAN_POINT('',(246.60209854052,165.31842543995,
    4.645287466163));
#5724 = CARTESIAN_POINT('',(245.95475640227,165.14729023608,
    4.816422670026));
#5725 = CARTESIAN_POINT('',(245.32367925915,164.94675474513,
    5.01695816098));
#5726 = CARTESIAN_POINT('',(244.71242103627,164.71912189915,
    5.244591006964));
#5727 = CARTESIAN_POINT('',(244.12146998415,164.46633435275,
    5.497378553364));
#5728 = DEFINITIONAL_REPRESENTATION('',(#5729),#5733);
#5729 = B_SPLINE_CURVE_WITH_KNOTS('',2,(#5730,#5731,#5732),
  .UNSPECIFIED.,.F.,.F.,(3,3),(-0.413273559255,4.440792009651),
  .PIECEWISE_BEZIER_KNOTS.);
#5730 = CARTESIAN_POINT('',(0.,-0.413273559255));
#5731 = CARTESIAN_POINT('',(-7.989639612106E-15,2.013759225198));
#5732 = CARTESIAN_POINT('',(6.011801042508E-14,4.440792009651));
#5733 = ( GEOMETRIC_REPRESENTATION_CONTEXT(2) 
PARAMETRIC_REPRESENTATION_CONTEXT() REPRESENTATION_CONTEXT('2D SPACE',''
  ) );
#5734 = ORIENTED_EDGE('',*,*,#5735,.T.);
#5735 = EDGE_CURVE('',#5565,#5736,#5738,.T.);
#5736 = VERTEX_POINT('',#5737);
#5737 = CARTESIAN_POINT('',(252.79951517249,163.6802053025,
    16.553804242947));
#5738 = SURFACE_CURVE('',#5739,(#5742,#5749),.PCURVE_S1.);
#5739 = B_SPLINE_CURVE_WITH_KNOTS('',1,(#5740,#5741),.UNSPECIFIED.,.F.,
  .F.,(2,2),(-2.254761752793,10.409833668888),.PIECEWISE_BEZIER_KNOTS.);
#5740 = CARTESIAN_POINT('',(252.79951499879,163.68020445373,
    3.889208821266));
#5741 = CARTESIAN_POINT('',(252.79951499879,163.68020445373,
    16.553804242947));
#5742 = PCURVE('',#2362,#5743);
#5743 = DEFINITIONAL_REPRESENTATION('',(#5744),#5748);
#5744 = B_SPLINE_CURVE_WITH_KNOTS('',2,(#5745,#5746,#5747),
  .UNSPECIFIED.,.F.,.F.,(3,3),(-2.254761752793,10.409833668888),
  .PIECEWISE_BEZIER_KNOTS.);
#5745 = CARTESIAN_POINT('',(1.341532268327,3.889208821266));
#5746 = CARTESIAN_POINT('',(1.341532268327,10.221506532106));
#5747 = CARTESIAN_POINT('',(1.341532268327,16.553804242947));
#5748 = ( GEOMETRIC_REPRESENTATION_CONTEXT(2) 
PARAMETRIC_REPRESENTATION_CONTEXT() REPRESENTATION_CONTEXT('2D SPACE',''
  ) );
#5749 = PCURVE('',#5750,#5757);
#5750 = ( BOUNDED_SURFACE() B_SPLINE_SURFACE(2,1,(
    (#5751,#5752)
    ,(#5753,#5754)
    ,(#5755,#5756
)),.UNSPECIFIED.,.F.,.F.,.F.) B_SPLINE_SURFACE_WITH_KNOTS((3,3),(2,2),(
    -0.188912402545,1.368943378693),(-2.254865221552,10.409833668888),
.PIECEWISE_BEZIER_KNOTS.) GEOMETRIC_REPRESENTATION_ITEM() 
RATIONAL_B_SPLINE_SURFACE((
    (1.,1.)
    ,(0.711667121762,0.711667121762)
,(1.,1.))) REPRESENTATION_ITEM('') SURFACE() );
#5751 = CARTESIAN_POINT('',(252.9870598156,163.65998495303,
    3.889105352507));
#5752 = CARTESIAN_POINT('',(252.9870598156,163.65998495303,
    16.553804242947));
#5753 = CARTESIAN_POINT('',(252.,163.67275875857,3.889105352507));
#5754 = CARTESIAN_POINT('',(252.,163.67275875857,16.553804242947));
#5755 = CARTESIAN_POINT('',(252.,164.65990122533,3.889105352507));
#5756 = CARTESIAN_POINT('',(252.,164.65990122533,16.553804242947));
#5757 = DEFINITIONAL_REPRESENTATION('',(#5758),#5762);
#5758 = B_SPLINE_CURVE_WITH_KNOTS('',2,(#5759,#5760,#5761),
  .UNSPECIFIED.,.F.,.F.,(3,3),(-2.254761752793,10.409833668888),
  .PIECEWISE_BEZIER_KNOTS.);
#5759 = CARTESIAN_POINT('',(1.330966261887E-02,-2.254761752793));
#5760 = CARTESIAN_POINT('',(1.330966261887E-02,4.077535958047));
#5761 = CARTESIAN_POINT('',(1.330966261887E-02,10.409833668887));
#5762 = ( GEOMETRIC_REPRESENTATION_CONTEXT(2) 
PARAMETRIC_REPRESENTATION_CONTEXT() REPRESENTATION_CONTEXT('2D SPACE',''
  ) );
#5763 = ORIENTED_EDGE('',*,*,#5764,.T.);
#5764 = EDGE_CURVE('',#5736,#5765,#5767,.T.);
#5765 = VERTEX_POINT('',#5766);
#5766 = CARTESIAN_POINT('',(247.20048480093,163.68020543233,
    16.55380406828));
#5767 = SURFACE_CURVE('',#5768,(#5781,#5792),.PCURVE_S1.);
#5768 = ( BOUNDED_CURVE() B_SPLINE_CURVE(11,(#5769,#5770,#5771,#5772,
    #5773,#5774,#5775,#5776,#5777,#5778,#5779,#5780),.UNSPECIFIED.,.F.,
.F.) B_SPLINE_CURVE_WITH_KNOTS((12,12),(-2.945536332284,6.977993351718),
.PIECEWISE_BEZIER_KNOTS.) CURVE() GEOMETRIC_REPRESENTATION_ITEM() 
RATIONAL_B_SPLINE_CURVE((1.,1.,1.,1.000000000001,0.999999999998,
    1.000000000002,0.999999999998,1.000000000001,0.999999999999,1.,1.,1.
)) REPRESENTATION_ITEM('') );
#5769 = CARTESIAN_POINT('',(254.69879072566,163.14939709039,
    17.217435025698));
#5770 = CARTESIAN_POINT('',(253.87335662605,163.44435678057,
    16.848652754181));
#5771 = CARTESIAN_POINT('',(253.03250833688,163.68070116182,
    16.553159941656));
#5772 = CARTESIAN_POINT('',(252.17656047469,163.85812934197,
    16.33138342443));
#5773 = CARTESIAN_POINT('',(251.31936522388,163.97881880673,
    16.180499603013));
#5774 = CARTESIAN_POINT('',(250.42540804295,164.03851036131,
    16.105869891478));
#5775 = CARTESIAN_POINT('',(249.57425090182,164.03834274503,
    16.106076123788));
#5776 = CARTESIAN_POINT('',(248.68114041241,163.9789195934,
    16.180375706762));
#5777 = CARTESIAN_POINT('',(247.82315442816,163.8580880482,
    16.331434276705));
#5778 = CARTESIAN_POINT('',(246.96755485898,163.68070903044,
    16.553150187974));
#5779 = CARTESIAN_POINT('',(246.12664337501,163.44435678096,
    16.848652753686));
#5780 = CARTESIAN_POINT('',(245.30120927431,163.14939709038,
    17.21743502571));
#5781 = PCURVE('',#2362,#5782);
#5782 = DEFINITIONAL_REPRESENTATION('',(#5783),#5791);
#5783 = B_SPLINE_CURVE_WITH_KNOTS('',6,(#5784,#5785,#5786,#5787,#5788,
    #5789,#5790),.UNSPECIFIED.,.F.,.F.,(7,7),(-0.905615007647,
    4.938067656545),.PIECEWISE_BEZIER_KNOTS.);
#5784 = CARTESIAN_POINT('',(1.341532268327,16.553804242947));
#5785 = CARTESIAN_POINT('',(1.404178727853,16.318226784316));
#5786 = CARTESIAN_POINT('',(1.467601488506,16.175909588382));
#5787 = CARTESIAN_POINT('',(1.532153052019,16.127822762362));
#5788 = CARTESIAN_POINT('',(1.598094786151,16.175914299004));
#5789 = CARTESIAN_POINT('',(1.665736369398,16.318226631554));
#5790 = CARTESIAN_POINT('',(1.735567267279,16.55380406828));
#5791 = ( GEOMETRIC_REPRESENTATION_CONTEXT(2) 
PARAMETRIC_REPRESENTATION_CONTEXT() REPRESENTATION_CONTEXT('2D SPACE',''
  ) );
#5792 = PCURVE('',#5793,#5830);
#5793 = ( BOUNDED_SURFACE() B_SPLINE_SURFACE(2,11,(
    (#5794,#5795,#5796,#5797,#5798,#5799,#5800,#5801,#5802,#5803,#5804
      ,#5805)
    ,(#5806,#5807,#5808,#5809,#5810,#5811,#5812,#5813,#5814,#5815,#5816
      ,#5817)
    ,(#5818,#5819,#5820,#5821,#5822,#5823,#5824,#5825,#5826,#5827,#5828
,#5829
    )),.UNSPECIFIED.,.F.,.F.,.F.) B_SPLINE_SURFACE_WITH_KNOTS((3,3),(12,
    12),(0.,9.923529684002),(-2.945536332284,6.977993351718),
.PIECEWISE_BEZIER_KNOTS.) GEOMETRIC_REPRESENTATION_ITEM() 
RATIONAL_B_SPLINE_SURFACE((
    (1.,1.,1.,1.000000000001,0.999999999998,1.000000000002
      ,0.999999999998,1.000000000001,0.999999999999,1.,1.,1.)
    ,(0.926010198839,0.930343366228,0.933792430491,0.936359368441
      ,0.938104621022,0.938966201365,0.938964352363,0.9381057142
      ,0.936358904233,0.933792530135,0.930343366237,0.926010198839)
    ,(1.,1.,1.,1.000000000001,0.999999999998,1.000000000002
      ,0.999999999998,1.000000000001,0.999999999999,1.,1.,1.
))) REPRESENTATION_ITEM('') SURFACE() );
#5794 = CARTESIAN_POINT('',(254.69879072566,163.14939709039,
    17.217435025698));
#5795 = CARTESIAN_POINT('',(253.87335662605,163.44435678057,
    16.848652754181));
#5796 = CARTESIAN_POINT('',(253.03250833688,163.68070116182,
    16.553159941656));
#5797 = CARTESIAN_POINT('',(252.17656047469,163.85812934197,
    16.33138342443));
#5798 = CARTESIAN_POINT('',(251.31936522388,163.97881880673,
    16.180499603013));
#5799 = CARTESIAN_POINT('',(250.42540804295,164.03851036131,
    16.105869891478));
#5800 = CARTESIAN_POINT('',(249.57425090182,164.03834274503,
    16.106076123788));
#5801 = CARTESIAN_POINT('',(248.68114041241,163.9789195934,
    16.180375706762));
#5802 = CARTESIAN_POINT('',(247.82315442816,163.8580880482,
    16.331434276705));
#5803 = CARTESIAN_POINT('',(246.96755485898,163.68070903044,
    16.553150187974));
#5804 = CARTESIAN_POINT('',(246.12664337501,163.44435678096,
    16.848652753686));
#5805 = CARTESIAN_POINT('',(245.30120927431,163.14939709038,
    17.21743502571));
#5806 = CARTESIAN_POINT('',(254.8410456893,163.09856386213,
    16.838796387937));
#5807 = CARTESIAN_POINT('',(253.99799348274,163.40984239241,
    16.475638102604));
#5808 = CARTESIAN_POINT('',(253.1343741424,163.66098714581,
    16.182635890301));
#5809 = CARTESIAN_POINT('',(252.25248393427,163.85054294969,
    15.96148745244));
#5810 = CARTESIAN_POINT('',(251.36314473993,163.97957773551,
    15.810946868986));
#5811 = CARTESIAN_POINT('',(250.44438959457,164.04352412231,
    15.736342751051));
#5812 = CARTESIAN_POINT('',(249.55533261207,164.04330564112,
    15.736597645778));
#5813 = CARTESIAN_POINT('',(248.63724916441,163.97971048981,
    15.810791988975));
#5814 = CARTESIAN_POINT('',(247.74729449534,163.85048968414,
    15.961549595591));
#5815 = CARTESIAN_POINT('',(246.86567211108,163.66099650565,
    16.182624970492));
#5816 = CARTESIAN_POINT('',(246.00200651731,163.40984239245,
    16.475638102563));
#5817 = CARTESIAN_POINT('',(245.15895431069,163.09856386212,
    16.838796387939));
#5818 = CARTESIAN_POINT('',(255.04000652521,163.33012334857,
    16.568643653746));
#5819 = CARTESIAN_POINT('',(254.1583844465,163.64547754694,
    16.200730422325));
#5820 = CARTESIAN_POINT('',(253.25703442868,163.89949195788,
    15.90438027622));
#5821 = CARTESIAN_POINT('',(252.33956696058,164.09101325474,
    15.680938763223));
#5822 = CARTESIAN_POINT('',(251.41078458349,164.22077728771,
    15.529547391425));
#5823 = CARTESIAN_POINT('',(250.4658947558,164.28491171262,
    15.454723895696));
#5824 = CARTESIAN_POINT('',(249.53391125502,164.28463231415,
    15.455049860575));
#5825 = CARTESIAN_POINT('',(248.5894607588,164.22094842125,
    15.529347735627));
#5826 = CARTESIAN_POINT('',(247.66029635776,164.09094607677,
    15.681017137517));
#5827 = CARTESIAN_POINT('',(246.74298879598,163.89950275106,
    15.904367684179));
#5828 = CARTESIAN_POINT('',(245.84161555218,163.64547754645,
    16.200730422893));
#5829 = CARTESIAN_POINT('',(244.9599934748,163.33012334858,
    16.568643653735));
#5830 = DEFINITIONAL_REPRESENTATION('',(#5831),#5835);
#5831 = B_SPLINE_CURVE_WITH_KNOTS('',2,(#5832,#5833,#5834),
  .UNSPECIFIED.,.F.,.F.,(3,3),(-0.905615007647,4.938067656545),
  .PIECEWISE_BEZIER_KNOTS.);
#5832 = CARTESIAN_POINT('',(-2.338096579267E-13,-0.905615007647));
#5833 = CARTESIAN_POINT('',(6.582838421323E-14,2.016226324449));
#5834 = CARTESIAN_POINT('',(2.069349634518E-13,4.938067656545));
#5835 = ( GEOMETRIC_REPRESENTATION_CONTEXT(2) 
PARAMETRIC_REPRESENTATION_CONTEXT() REPRESENTATION_CONTEXT('2D SPACE',''
  ) );
#5836 = ORIENTED_EDGE('',*,*,#5837,.F.);
#5837 = EDGE_CURVE('',#5567,#5765,#5838,.T.);
#5838 = SURFACE_CURVE('',#5839,(#5842,#5849),.PCURVE_S1.);
#5839 = B_SPLINE_CURVE_WITH_KNOTS('',1,(#5840,#5841),.UNSPECIFIED.,.F.,
  .F.,(2,2),(-2.25476256137,10.409833494221),.PIECEWISE_BEZIER_KNOTS.);
#5840 = CARTESIAN_POINT('',(247.2004850012,163.68020445373,
    3.889208012689));
#5841 = CARTESIAN_POINT('',(247.2004850012,163.68020445373,
    16.55380406828));
#5842 = PCURVE('',#2362,#5843);
#5843 = DEFINITIONAL_REPRESENTATION('',(#5844),#5848);
#5844 = B_SPLINE_CURVE_WITH_KNOTS('',2,(#5845,#5846,#5847),
  .UNSPECIFIED.,.F.,.F.,(3,3),(-2.25476256137,10.409833494221),
  .PIECEWISE_BEZIER_KNOTS.);
#5845 = CARTESIAN_POINT('',(1.735567267279,3.889208012689));
#5846 = CARTESIAN_POINT('',(1.735567267279,10.221506040485));
#5847 = CARTESIAN_POINT('',(1.735567267279,16.55380406828));
#5848 = ( GEOMETRIC_REPRESENTATION_CONTEXT(2) 
PARAMETRIC_REPRESENTATION_CONTEXT() REPRESENTATION_CONTEXT('2D SPACE',''
  ) );
#5849 = PCURVE('',#5850,#5857);
#5850 = ( BOUNDED_SURFACE() B_SPLINE_SURFACE(2,1,(
    (#5851,#5852)
    ,(#5853,#5854)
    ,(#5855,#5856
)),.UNSPECIFIED.,.F.,.F.,.F.) B_SPLINE_SURFACE_WITH_KNOTS((3,3),(2,2),(
    -0.184429720697,1.368943378693),(-2.254988838593,10.409833494221),
.PIECEWISE_BEZIER_KNOTS.) GEOMETRIC_REPRESENTATION_ITEM() 
RATIONAL_B_SPLINE_SURFACE((
    (1.,1.)
    ,(0.713239912615,0.713239912615)
,(1.,1.))) REPRESENTATION_ITEM('') SURFACE() );
#5851 = CARTESIAN_POINT('',(247.01742234589,163.66005300592,
    3.888981735466));
#5852 = CARTESIAN_POINT('',(247.01742234589,163.66005300592,
    16.55380406828));
#5853 = CARTESIAN_POINT('',(248.,163.67717441238,3.888981735466));
#5854 = CARTESIAN_POINT('',(248.,163.67717441238,16.55380406828));
#5855 = CARTESIAN_POINT('',(248.,164.65990122533,3.888981735466));
#5856 = CARTESIAN_POINT('',(248.,164.65990122533,16.55380406828));
#5857 = DEFINITIONAL_REPRESENTATION('',(#5858),#5862);
#5858 = B_SPLINE_CURVE_WITH_KNOTS('',2,(#5859,#5860,#5861),
  .UNSPECIFIED.,.F.,.F.,(3,3),(-2.25476256137,10.409833494221),
  .PIECEWISE_BEZIER_KNOTS.);
#5859 = CARTESIAN_POINT('',(1.304601285849E-02,-2.25476256137));
#5860 = CARTESIAN_POINT('',(1.304601285849E-02,4.077535466425));
#5861 = CARTESIAN_POINT('',(1.304601285849E-02,10.409833494221));
#5862 = ( GEOMETRIC_REPRESENTATION_CONTEXT(2) 
PARAMETRIC_REPRESENTATION_CONTEXT() REPRESENTATION_CONTEXT('2D SPACE',''
  ) );
#5863 = ADVANCED_FACE('',(#5864),#2443,.T.);
#5864 = FACE_BOUND('',#5865,.T.);
#5865 = EDGE_LOOP('',(#5866,#5886,#5914,#5947,#5980,#6008,#6026,#6027,
    #6028));
#5866 = ORIENTED_EDGE('',*,*,#5867,.F.);
#5867 = EDGE_CURVE('',#5868,#2596,#5870,.T.);
#5868 = VERTEX_POINT('',#5869);
#5869 = CARTESIAN_POINT('',(264.65990122533,152.,15.01723613086));
#5870 = SURFACE_CURVE('',#5871,(#5874,#5880),.PCURVE_S1.);
#5871 = B_SPLINE_CURVE_WITH_KNOTS('',1,(#5872,#5873),.UNSPECIFIED.,.F.,
  .F.,(2,2),(4.142938012383,19.970572692705),.PIECEWISE_BEZIER_KNOTS.);
#5872 = CARTESIAN_POINT('',(264.65990122533,152.,15.01723613086));
#5873 = CARTESIAN_POINT('',(274.9603893375,152.,3.));
#5874 = PCURVE('',#2443,#5875);
#5875 = DEFINITIONAL_REPRESENTATION('',(#5876),#5879);
#5876 = B_SPLINE_CURVE_WITH_KNOTS('',1,(#5877,#5878),.UNSPECIFIED.,.F.,
  .F.,(2,2),(4.142938012383,19.970572692705),.PIECEWISE_BEZIER_KNOTS.);
#5877 = CARTESIAN_POINT('',(7.817965003389,-2.));
#5878 = CARTESIAN_POINT('',(-8.009669676933,-2.));
#5879 = ( GEOMETRIC_REPRESENTATION_CONTEXT(2) 
PARAMETRIC_REPRESENTATION_CONTEXT() REPRESENTATION_CONTEXT('2D SPACE',''
  ) );
#5880 = PCURVE('',#2638,#5881);
#5881 = DEFINITIONAL_REPRESENTATION('',(#5882),#5885);
#5882 = B_SPLINE_CURVE_WITH_KNOTS('',1,(#5883,#5884),.UNSPECIFIED.,.F.,
  .F.,(2,2),(4.142938012383,19.970572692705),.PIECEWISE_BEZIER_KNOTS.);
#5883 = CARTESIAN_POINT('',(7.551341073016,-3.357580146741));
#5884 = CARTESIAN_POINT('',(-4.465895057845,6.942907965425));
#5885 = ( GEOMETRIC_REPRESENTATION_CONTEXT(2) 
PARAMETRIC_REPRESENTATION_CONTEXT() REPRESENTATION_CONTEXT('2D SPACE',''
  ) );
#5886 = ORIENTED_EDGE('',*,*,#5887,.F.);
#5887 = EDGE_CURVE('',#5888,#5868,#5890,.T.);
#5888 = VERTEX_POINT('',#5889);
#5889 = CARTESIAN_POINT('',(264.0394923208,152.21572148366,
    15.741046519477));
#5890 = SURFACE_CURVE('',#5891,(#5895,#5902),.PCURVE_S1.);
#5891 = ( BOUNDED_CURVE() B_SPLINE_CURVE(2,(#5892,#5893,#5894),
.UNSPECIFIED.,.F.,.F.) B_SPLINE_CURVE_WITH_KNOTS((3,3),(0.901532355316,
1.570796326795),.PIECEWISE_BEZIER_KNOTS.) CURVE() 
GEOMETRIC_REPRESENTATION_ITEM() RATIONAL_B_SPLINE_CURVE((1.,
0.94453123742,1.)) REPRESENTATION_ITEM('') );
#5892 = CARTESIAN_POINT('',(264.03949232155,152.21572148307,
    15.741046518605));
#5893 = CARTESIAN_POINT('',(264.31219267093,152.,15.422896111003));
#5894 = CARTESIAN_POINT('',(264.65990122533,152.,15.01723613086));
#5895 = PCURVE('',#2443,#5896);
#5896 = DEFINITIONAL_REPRESENTATION('',(#5897),#5901);
#5897 = ( BOUNDED_CURVE() B_SPLINE_CURVE(2,(#5898,#5899,#5900),
.UNSPECIFIED.,.F.,.F.) B_SPLINE_CURVE_WITH_KNOTS((3,3),(0.901532355316,
1.570796326795),.PIECEWISE_BEZIER_KNOTS.) CURVE() 
GEOMETRIC_REPRESENTATION_ITEM() RATIONAL_B_SPLINE_CURVE((1.,
0.94453123742,1.)) REPRESENTATION_ITEM('') );
#5898 = CARTESIAN_POINT('',(8.771279581741,-2.215721483076));
#5899 = CARTESIAN_POINT('',(8.352250749314,-2.));
#5900 = CARTESIAN_POINT('',(7.817965003389,-2.));
#5901 = ( GEOMETRIC_REPRESENTATION_CONTEXT(2) 
PARAMETRIC_REPRESENTATION_CONTEXT() REPRESENTATION_CONTEXT('2D SPACE',''
  ) );
#5902 = PCURVE('',#5106,#5903);
#5903 = DEFINITIONAL_REPRESENTATION('',(#5904),#5913);
#5904 = B_SPLINE_CURVE_WITH_KNOTS('',7,(#5905,#5906,#5907,#5908,#5909,
    #5910,#5911,#5912),.UNSPECIFIED.,.F.,.F.,(8,8),(0.901532355316,
    1.570796326795),.PIECEWISE_BEZIER_KNOTS.);
#5905 = CARTESIAN_POINT('',(0.696928836816,9.597075944546));
#5906 = CARTESIAN_POINT('',(0.786633652522,9.511217997154));
#5907 = CARTESIAN_POINT('',(0.878299865698,9.416336753314));
#5908 = CARTESIAN_POINT('',(0.972004671209,9.313739546301));
#5909 = CARTESIAN_POINT('',(1.067830327228,9.205465715505));
#5910 = CARTESIAN_POINT('',(1.165864709847,9.094237234115));
#5911 = CARTESIAN_POINT('',(1.266201972951,8.982739449462));
#5912 = CARTESIAN_POINT('',(1.368943378693,8.873265556801));
#5913 = ( GEOMETRIC_REPRESENTATION_CONTEXT(2) 
PARAMETRIC_REPRESENTATION_CONTEXT() REPRESENTATION_CONTEXT('2D SPACE',''
  ) );
#5914 = ORIENTED_EDGE('',*,*,#5915,.F.);
#5915 = EDGE_CURVE('',#5916,#5888,#5918,.T.);
#5916 = VERTEX_POINT('',#5917);
#5917 = CARTESIAN_POINT('',(264.20445630375,150.,15.548588539378));
#5918 = SURFACE_CURVE('',#5919,(#5928,#5940),.PCURVE_S1.);
#5919 = ( BOUNDED_CURVE() B_SPLINE_CURVE(7,(#5920,#5921,#5922,#5923,
    #5924,#5925,#5926,#5927),.UNSPECIFIED.,.F.,.F.) 
B_SPLINE_CURVE_WITH_KNOTS((8,8),(2.016231691659,6.977993338909),
.PIECEWISE_BEZIER_KNOTS.) CURVE() GEOMETRIC_REPRESENTATION_ITEM() 
RATIONAL_B_SPLINE_CURVE((1.,1.,1.,1.,1.,1.,1.,1.)) REPRESENTATION_ITEM(
  '') );
#5920 = CARTESIAN_POINT('',(264.20445630375,150.,15.548588539378));
#5921 = CARTESIAN_POINT('',(264.20445629171,150.73425857465,
    15.54858855342));
#5922 = CARTESIAN_POINT('',(264.16240627313,151.46853220748,
    15.597646908426));
#5923 = CARTESIAN_POINT('',(264.07840024753,152.19981283321,
    15.695653938301));
#5924 = CARTESIAN_POINT('',(263.95236442563,152.92565208337,
    15.842695730518));
#5925 = CARTESIAN_POINT('',(263.78550421865,153.64159866284,
    16.037365971997));
#5926 = CARTESIAN_POINT('',(263.57790206244,154.34730236031,
    16.279568487568));
#5927 = CARTESIAN_POINT('',(263.33012332315,155.04000659418,
    16.568643683409));
#5928 = PCURVE('',#2443,#5929);
#5929 = DEFINITIONAL_REPRESENTATION('',(#5930),#5939);
#5930 = ( BOUNDED_CURVE() B_SPLINE_CURVE(7,(#5931,#5932,#5933,#5934,
    #5935,#5936,#5937,#5938),.UNSPECIFIED.,.F.,.F.) 
B_SPLINE_CURVE_WITH_KNOTS((8,8),(2.016231691659,6.977993338909),
.PIECEWISE_BEZIER_KNOTS.) CURVE() GEOMETRIC_REPRESENTATION_ITEM() 
RATIONAL_B_SPLINE_CURVE((1.,1.,1.,1.,1.,1.,1.,1.)) REPRESENTATION_ITEM(
  '') );
#5931 = CARTESIAN_POINT('',(8.517797453793,0.));
#5932 = CARTESIAN_POINT('',(8.517797472286,-0.734258574655));
#5933 = CARTESIAN_POINT('',(8.582411141569,-1.468532207487));
#5934 = CARTESIAN_POINT('',(8.711494022863,-2.199812833217));
#5935 = CARTESIAN_POINT('',(8.905159500067,-2.925652083377));
#5936 = CARTESIAN_POINT('',(9.161555349471,-3.641598662842));
#5937 = CARTESIAN_POINT('',(9.480554900897,-4.347302360311));
#5938 = CARTESIAN_POINT('',(9.861289417976,-5.040006594185));
#5939 = ( GEOMETRIC_REPRESENTATION_CONTEXT(2) 
PARAMETRIC_REPRESENTATION_CONTEXT() REPRESENTATION_CONTEXT('2D SPACE',''
  ) );
#5940 = PCURVE('',#5059,#5941);
#5941 = DEFINITIONAL_REPRESENTATION('',(#5942),#5946);
#5942 = B_SPLINE_CURVE_WITH_KNOTS('',2,(#5943,#5944,#5945),
  .UNSPECIFIED.,.F.,.F.,(3,3),(2.016231691659,4.163173914986),
  .PIECEWISE_BEZIER_KNOTS.);
#5943 = CARTESIAN_POINT('',(4.961761647251,2.016231691659));
#5944 = CARTESIAN_POINT('',(4.961761647251,3.089702803322));
#5945 = CARTESIAN_POINT('',(4.961761647251,4.163173914986));
#5946 = ( GEOMETRIC_REPRESENTATION_CONTEXT(2) 
PARAMETRIC_REPRESENTATION_CONTEXT() REPRESENTATION_CONTEXT('2D SPACE',''
  ) );
#5947 = ORIENTED_EDGE('',*,*,#5948,.F.);
#5948 = EDGE_CURVE('',#5949,#5916,#5951,.T.);
#5949 = VERTEX_POINT('',#5950);
#5950 = CARTESIAN_POINT('',(264.03949212149,147.78427835866,
    15.741046752007));
#5951 = SURFACE_CURVE('',#5952,(#5961,#5973),.PCURVE_S1.);
#5952 = ( BOUNDED_CURVE() B_SPLINE_CURVE(7,(#5953,#5954,#5955,#5956,
    #5957,#5958,#5959,#5960),.UNSPECIFIED.,.F.,.F.) 
B_SPLINE_CURVE_WITH_KNOTS((8,8),(-2.945536319477,2.016231691659),
.PIECEWISE_BEZIER_KNOTS.) CURVE() GEOMETRIC_REPRESENTATION_ITEM() 
RATIONAL_B_SPLINE_CURVE((1.,1.,1.,1.,1.,1.,1.,1.)) REPRESENTATION_ITEM(
  '') );
#5953 = CARTESIAN_POINT('',(263.33012334863,144.95999347491,
    16.568643653682));
#5954 = CARTESIAN_POINT('',(263.57790180814,145.65269698631,
    16.279568784254));
#5955 = CARTESIAN_POINT('',(263.78549777211,146.35839855908,
    16.037373492951));
#5956 = CARTESIAN_POINT('',(263.95238290579,147.07434681128,
    15.842674170333));
#5957 = CARTESIAN_POINT('',(264.07839275747,147.8002613102,
    15.695662676707));
#5958 = CARTESIAN_POINT('',(264.16240721168,148.53142432803,
    15.597645813451));
#5959 = CARTESIAN_POINT('',(264.20445631578,149.26574094926,
    15.548588525337));
#5960 = CARTESIAN_POINT('',(264.20445630375,150.,15.548588539378));
#5961 = PCURVE('',#2443,#5962);
#5962 = DEFINITIONAL_REPRESENTATION('',(#5963),#5972);
#5963 = ( BOUNDED_CURVE() B_SPLINE_CURVE(7,(#5964,#5965,#5966,#5967,
    #5968,#5969,#5970,#5971),.UNSPECIFIED.,.F.,.F.) 
B_SPLINE_CURVE_WITH_KNOTS((8,8),(-2.945536319477,2.016231691659),
.PIECEWISE_BEZIER_KNOTS.) CURVE() GEOMETRIC_REPRESENTATION_ITEM() 
RATIONAL_B_SPLINE_CURVE((1.,1.,1.,1.,1.,1.,1.,1.)) REPRESENTATION_ITEM(
  '') );
#5964 = CARTESIAN_POINT('',(9.861289378822,5.040006525089));
#5965 = CARTESIAN_POINT('',(9.480555291654,4.347303013685));
#5966 = CARTESIAN_POINT('',(9.161565255153,3.641601440918));
#5967 = CARTESIAN_POINT('',(8.905131103626,2.925653188713));
#5968 = CARTESIAN_POINT('',(8.711505532024,2.199738689797));
#5969 = CARTESIAN_POINT('',(8.582409699402,1.468575671962));
#5970 = CARTESIAN_POINT('',(8.5177974353,0.734259050739));
#5971 = CARTESIAN_POINT('',(8.517797453793,0.));
#5972 = ( GEOMETRIC_REPRESENTATION_CONTEXT(2) 
PARAMETRIC_REPRESENTATION_CONTEXT() REPRESENTATION_CONTEXT('2D SPACE',''
  ) );
#5973 = PCURVE('',#5398,#5974);
#5974 = DEFINITIONAL_REPRESENTATION('',(#5975),#5979);
#5975 = B_SPLINE_CURVE_WITH_KNOTS('',2,(#5976,#5977,#5978),
  .UNSPECIFIED.,.F.,.F.,(3,3),(-0.130724310981,2.016231691659),
  .PIECEWISE_BEZIER_KNOTS.);
#5976 = CARTESIAN_POINT('',(4.961768011136,-0.130724310981));
#5977 = CARTESIAN_POINT('',(4.961768011135,0.942753690339));
#5978 = CARTESIAN_POINT('',(4.961768011136,2.016231691659));
#5979 = ( GEOMETRIC_REPRESENTATION_CONTEXT(2) 
PARAMETRIC_REPRESENTATION_CONTEXT() REPRESENTATION_CONTEXT('2D SPACE',''
  ) );
#5980 = ORIENTED_EDGE('',*,*,#5981,.T.);
#5981 = EDGE_CURVE('',#5949,#5982,#5984,.T.);
#5982 = VERTEX_POINT('',#5983);
#5983 = CARTESIAN_POINT('',(264.65990122533,148.,15.01723613086));
#5984 = SURFACE_CURVE('',#5985,(#5989,#5996),.PCURVE_S1.);
#5985 = ( BOUNDED_CURVE() B_SPLINE_CURVE(2,(#5986,#5987,#5988),
.UNSPECIFIED.,.F.,.F.) B_SPLINE_CURVE_WITH_KNOTS((3,3),(0.901532099276,
1.570796326795),.PIECEWISE_BEZIER_KNOTS.) CURVE() 
GEOMETRIC_REPRESENTATION_ITEM() RATIONAL_B_SPLINE_CURVE((1.,
0.944531195375,1.)) REPRESENTATION_ITEM('') );
#5986 = CARTESIAN_POINT('',(264.03949212075,147.78427835807,
    15.741046752879));
#5987 = CARTESIAN_POINT('',(264.31219252743,148.,15.422896278417));
#5988 = CARTESIAN_POINT('',(264.65990122533,148.,15.01723613086));
#5989 = PCURVE('',#2443,#5990);
#5990 = DEFINITIONAL_REPRESENTATION('',(#5991),#5995);
#5991 = ( BOUNDED_CURVE() B_SPLINE_CURVE(2,(#5992,#5993,#5994),
.UNSPECIFIED.,.F.,.F.) B_SPLINE_CURVE_WITH_KNOTS((3,3),(0.901532099276,
1.570796326795),.PIECEWISE_BEZIER_KNOTS.) CURVE() 
GEOMETRIC_REPRESENTATION_ITEM() RATIONAL_B_SPLINE_CURVE((1.,
0.944531195375,1.)) REPRESENTATION_ITEM('') );
#5992 = CARTESIAN_POINT('',(8.771279890299,2.215721641925));
#5993 = CARTESIAN_POINT('',(8.352250969811,2.));
#5994 = CARTESIAN_POINT('',(7.817965003389,2.));
#5995 = ( GEOMETRIC_REPRESENTATION_CONTEXT(2) 
PARAMETRIC_REPRESENTATION_CONTEXT() REPRESENTATION_CONTEXT('2D SPACE',''
  ) );
#5996 = PCURVE('',#5363,#5997);
#5997 = DEFINITIONAL_REPRESENTATION('',(#5998),#6007);
#5998 = B_SPLINE_CURVE_WITH_KNOTS('',7,(#5999,#6000,#6001,#6002,#6003,
    #6004,#6005,#6006),.UNSPECIFIED.,.F.,.F.,(8,8),(0.901532100248,
    1.570796326795),.PIECEWISE_BEZIER_KNOTS.);
#5999 = CARTESIAN_POINT('',(0.697058104819,9.597076177948));
#6000 = CARTESIAN_POINT('',(0.786785436891,9.511218216388));
#6001 = CARTESIAN_POINT('',(0.878462265571,9.416336949036));
#6002 = CARTESIAN_POINT('',(0.972164832691,9.313739709972));
#6003 = CARTESIAN_POINT('',(1.067974349208,9.205465840243));
#6004 = CARTESIAN_POINT('',(1.165977536261,9.094237316744));
#6005 = CARTESIAN_POINT('',(1.26626726783,8.982739489606));
#6006 = CARTESIAN_POINT('',(1.368943378693,8.873265556801));
#6007 = ( GEOMETRIC_REPRESENTATION_CONTEXT(2) 
PARAMETRIC_REPRESENTATION_CONTEXT() REPRESENTATION_CONTEXT('2D SPACE',''
  ) );
#6008 = ORIENTED_EDGE('',*,*,#6009,.T.);
#6009 = EDGE_CURVE('',#5982,#2491,#6010,.T.);
#6010 = SURFACE_CURVE('',#6011,(#6014,#6020),.PCURVE_S1.);
#6011 = B_SPLINE_CURVE_WITH_KNOTS('',1,(#6012,#6013),.UNSPECIFIED.,.F.,
  .F.,(2,2),(4.142938012383,19.970572692705),.PIECEWISE_BEZIER_KNOTS.);
#6012 = CARTESIAN_POINT('',(264.65990122533,148.,15.01723613086));
#6013 = CARTESIAN_POINT('',(274.9603893375,148.,3.));
#6014 = PCURVE('',#2443,#6015);
#6015 = DEFINITIONAL_REPRESENTATION('',(#6016),#6019);
#6016 = B_SPLINE_CURVE_WITH_KNOTS('',1,(#6017,#6018),.UNSPECIFIED.,.F.,
  .F.,(2,2),(4.142938012383,19.970572692705),.PIECEWISE_BEZIER_KNOTS.);
#6017 = CARTESIAN_POINT('',(7.817965003389,2.));
#6018 = CARTESIAN_POINT('',(-8.009669676933,2.));
#6019 = ( GEOMETRIC_REPRESENTATION_CONTEXT(2) 
PARAMETRIC_REPRESENTATION_CONTEXT() REPRESENTATION_CONTEXT('2D SPACE',''
  ) );
#6020 = PCURVE('',#2533,#6021);
#6021 = DEFINITIONAL_REPRESENTATION('',(#6022),#6025);
#6022 = B_SPLINE_CURVE_WITH_KNOTS('',1,(#6023,#6024),.UNSPECIFIED.,.F.,
  .F.,(2,2),(4.142938012383,19.970572692705),.PIECEWISE_BEZIER_KNOTS.);
#6023 = CARTESIAN_POINT('',(7.551341073016,-3.357580146741));
#6024 = CARTESIAN_POINT('',(-4.465895057845,6.942907965425));
#6025 = ( GEOMETRIC_REPRESENTATION_CONTEXT(2) 
PARAMETRIC_REPRESENTATION_CONTEXT() REPRESENTATION_CONTEXT('2D SPACE',''
  ) );
#6026 = ORIENTED_EDGE('',*,*,#2490,.F.);
#6027 = ORIENTED_EDGE('',*,*,#2428,.T.);
#6028 = ORIENTED_EDGE('',*,*,#2595,.T.);
#6029 = ADVANCED_FACE('',(#6030),#2533,.F.);
#6030 = FACE_BOUND('',#6031,.F.);
#6031 = EDGE_LOOP('',(#6032,#6052,#6088,#6107,#6108,#6109));
#6032 = ORIENTED_EDGE('',*,*,#6033,.T.);
#6033 = EDGE_CURVE('',#2703,#6034,#6036,.T.);
#6034 = VERTEX_POINT('',#6035);
#6035 = CARTESIAN_POINT('',(265.53638188744,148.,4.427331018675));
#6036 = SURFACE_CURVE('',#6037,(#6040,#6046),.PCURVE_S1.);
#6037 = B_SPLINE_CURVE_WITH_KNOTS('',1,(#6038,#6039),.UNSPECIFIED.,.F.,
  .F.,(2,2),(5.242640687119,6.261191003226),.PIECEWISE_BEZIER_KNOTS.);
#6038 = CARTESIAN_POINT('',(266.25660612493,148.,3.707106781187));
#6039 = CARTESIAN_POINT('',(265.53638228943,148.,4.427330616685));
#6040 = PCURVE('',#2533,#6041);
#6041 = DEFINITIONAL_REPRESENTATION('',(#6042),#6045);
#6042 = B_SPLINE_CURVE_WITH_KNOTS('',1,(#6043,#6044),.UNSPECIFIED.,.F.,
  .F.,(2,2),(5.242640687119,6.261191003226),.PIECEWISE_BEZIER_KNOTS.);
#6043 = CARTESIAN_POINT('',(-3.758788276658,-1.76087524715));
#6044 = CARTESIAN_POINT('',(-3.038564441159,-2.481099082649));
#6045 = ( GEOMETRIC_REPRESENTATION_CONTEXT(2) 
PARAMETRIC_REPRESENTATION_CONTEXT() REPRESENTATION_CONTEXT('2D SPACE',''
  ) );
#6046 = PCURVE('',#2744,#6047);
#6047 = DEFINITIONAL_REPRESENTATION('',(#6048),#6051);
#6048 = B_SPLINE_CURVE_WITH_KNOTS('',1,(#6049,#6050),.UNSPECIFIED.,.F.,
  .F.,(2,2),(5.242640687119,6.261191003226),.PIECEWISE_BEZIER_KNOTS.);
#6049 = CARTESIAN_POINT('',(-0.414213562373,2.));
#6050 = CARTESIAN_POINT('',(0.604336753734,2.));
#6051 = ( GEOMETRIC_REPRESENTATION_CONTEXT(2) 
PARAMETRIC_REPRESENTATION_CONTEXT() REPRESENTATION_CONTEXT('2D SPACE',''
  ) );
#6052 = ORIENTED_EDGE('',*,*,#6053,.F.);
#6053 = EDGE_CURVE('',#6054,#6034,#6056,.T.);
#6054 = VERTEX_POINT('',#6055);
#6055 = CARTESIAN_POINT('',(264.65990122533,148.,4.718573890425));
#6056 = SURFACE_CURVE('',#6057,(#6066,#6078),.PCURVE_S1.);
#6057 = B_SPLINE_CURVE_WITH_KNOTS('',7,(#6058,#6059,#6060,#6061,#6062,
    #6063,#6064,#6065),.UNSPECIFIED.,.F.,.F.,(8,8),(0.,1.),
  .PIECEWISE_BEZIER_KNOTS.);
#6058 = CARTESIAN_POINT('',(264.65990122533,148.,4.718573890425));
#6059 = CARTESIAN_POINT('',(264.79459832711,148.,4.738836690687));
#6060 = CARTESIAN_POINT('',(264.93280215625,148.,4.73778167501));
#6061 = CARTESIAN_POINT('',(265.07036574995,148.,4.714864620674));
#6062 = CARTESIAN_POINT('',(265.20316179007,148.,4.670619041551));
#6063 = CARTESIAN_POINT('',(265.32734278083,148.,4.606396593094));
#6064 = CARTESIAN_POINT('',(265.43938525632,148.,4.524327649795));
#6065 = CARTESIAN_POINT('',(265.536382295,148.,4.427330611115));
#6066 = PCURVE('',#2533,#6067);
#6067 = DEFINITIONAL_REPRESENTATION('',(#6068),#6077);
#6068 = B_SPLINE_CURVE_WITH_KNOTS('',7,(#6069,#6070,#6071,#6072,#6073,
    #6074,#6075,#6076),.UNSPECIFIED.,.F.,.F.,(8,8),(0.,1.),
  .PIECEWISE_BEZIER_KNOTS.);
#6069 = CARTESIAN_POINT('',(-2.747321167419,-3.357580146741));
#6070 = CARTESIAN_POINT('',(-2.727058367157,-3.222883044969));
#6071 = CARTESIAN_POINT('',(-2.728113382835,-3.084679215823));
#6072 = CARTESIAN_POINT('',(-2.751030437171,-2.947115622124));
#6073 = CARTESIAN_POINT('',(-2.795276016293,-2.814319582005));
#6074 = CARTESIAN_POINT('',(-2.85949846475,-2.690138591249));
#6075 = CARTESIAN_POINT('',(-2.94156740805,-2.578096115758));
#6076 = CARTESIAN_POINT('',(-3.038564446729,-2.481099077078));
#6077 = ( GEOMETRIC_REPRESENTATION_CONTEXT(2) 
PARAMETRIC_REPRESENTATION_CONTEXT() REPRESENTATION_CONTEXT('2D SPACE',''
  ) );
#6078 = PCURVE('',#5270,#6079);
#6079 = DEFINITIONAL_REPRESENTATION('',(#6080),#6087);
#6080 = B_SPLINE_CURVE_WITH_KNOTS('',5,(#6081,#6082,#6083,#6084,#6085,
    #6086),.UNSPECIFIED.,.F.,.F.,(6,6),(0.,1.),
  .PIECEWISE_BEZIER_KNOTS.);
#6081 = CARTESIAN_POINT('',(2.978153962178,0.276581812499));
#6082 = CARTESIAN_POINT('',(3.380669819434,0.293520859492));
#6083 = CARTESIAN_POINT('',(3.782662671099,0.315584523969));
#6084 = CARTESIAN_POINT('',(4.183430906284,0.340863619282));
#6085 = CARTESIAN_POINT('',(4.584338325425,0.366932642589));
#6086 = CARTESIAN_POINT('',(4.985111549132,0.392040418673));
#6087 = ( GEOMETRIC_REPRESENTATION_CONTEXT(2) 
PARAMETRIC_REPRESENTATION_CONTEXT() REPRESENTATION_CONTEXT('2D SPACE',''
  ) );
#6088 = ORIENTED_EDGE('',*,*,#6089,.T.);
#6089 = EDGE_CURVE('',#6054,#5982,#6090,.T.);
#6090 = SURFACE_CURVE('',#6091,(#6094,#6100),.PCURVE_S1.);
#6091 = B_SPLINE_CURVE_WITH_KNOTS('',1,(#6092,#6093),.UNSPECIFIED.,.F.,
  .F.,(2,2),(-1.425396683634,8.873265556801),.PIECEWISE_BEZIER_KNOTS.);
#6092 = CARTESIAN_POINT('',(264.65990122533,148.,4.718573890425));
#6093 = CARTESIAN_POINT('',(264.65990122533,148.,15.01723613086));
#6094 = PCURVE('',#2533,#6095);
#6095 = DEFINITIONAL_REPRESENTATION('',(#6096),#6099);
#6096 = B_SPLINE_CURVE_WITH_KNOTS('',1,(#6097,#6098),.UNSPECIFIED.,.F.,
  .F.,(2,2),(-1.425396683634,8.873265556801),.PIECEWISE_BEZIER_KNOTS.);
#6097 = CARTESIAN_POINT('',(-2.747321167419,-3.357580146741));
#6098 = CARTESIAN_POINT('',(7.551341073016,-3.357580146741));
#6099 = ( GEOMETRIC_REPRESENTATION_CONTEXT(2) 
PARAMETRIC_REPRESENTATION_CONTEXT() REPRESENTATION_CONTEXT('2D SPACE',''
  ) );
#6100 = PCURVE('',#5363,#6101);
#6101 = DEFINITIONAL_REPRESENTATION('',(#6102),#6106);
#6102 = B_SPLINE_CURVE_WITH_KNOTS('',2,(#6103,#6104,#6105),
  .UNSPECIFIED.,.F.,.F.,(3,3),(-1.425396683634,8.873265556801),
  .PIECEWISE_BEZIER_KNOTS.);
#6103 = CARTESIAN_POINT('',(1.368943378693,-1.425396683634));
#6104 = CARTESIAN_POINT('',(1.368943378693,3.723934436584));
#6105 = CARTESIAN_POINT('',(1.368943378693,8.873265556801));
#6106 = ( GEOMETRIC_REPRESENTATION_CONTEXT(2) 
PARAMETRIC_REPRESENTATION_CONTEXT() REPRESENTATION_CONTEXT('2D SPACE',''
  ) );
#6107 = ORIENTED_EDGE('',*,*,#6009,.T.);
#6108 = ORIENTED_EDGE('',*,*,#2518,.T.);
#6109 = ORIENTED_EDGE('',*,*,#2702,.T.);
#6110 = ADVANCED_FACE('',(#6111),#2638,.T.);
#6111 = FACE_BOUND('',#6112,.T.);
#6112 = EDGE_LOOP('',(#6113,#6133,#6169,#6188,#6189,#6190));
#6113 = ORIENTED_EDGE('',*,*,#6114,.T.);
#6114 = EDGE_CURVE('',#2730,#6115,#6117,.T.);
#6115 = VERTEX_POINT('',#6116);
#6116 = CARTESIAN_POINT('',(265.53638187349,152.,4.427331032621));
#6117 = SURFACE_CURVE('',#6118,(#6121,#6127),.PCURVE_S1.);
#6118 = B_SPLINE_CURVE_WITH_KNOTS('',1,(#6119,#6120),.UNSPECIFIED.,.F.,
  .F.,(2,2),(5.242640687119,6.261190582812),.PIECEWISE_BEZIER_KNOTS.);
#6119 = CARTESIAN_POINT('',(266.25660612493,152.,3.707106781187));
#6120 = CARTESIAN_POINT('',(265.5363825867,152.,4.427330319408));
#6121 = PCURVE('',#2638,#6122);
#6122 = DEFINITIONAL_REPRESENTATION('',(#6123),#6126);
#6123 = B_SPLINE_CURVE_WITH_KNOTS('',1,(#6124,#6125),.UNSPECIFIED.,.F.,
  .F.,(2,2),(5.242640687119,6.261190582812),.PIECEWISE_BEZIER_KNOTS.);
#6124 = CARTESIAN_POINT('',(-3.758788276658,-1.76087524715));
#6125 = CARTESIAN_POINT('',(-3.038564738437,-2.481098785371));
#6126 = ( GEOMETRIC_REPRESENTATION_CONTEXT(2) 
PARAMETRIC_REPRESENTATION_CONTEXT() REPRESENTATION_CONTEXT('2D SPACE',''
  ) );
#6127 = PCURVE('',#2744,#6128);
#6128 = DEFINITIONAL_REPRESENTATION('',(#6129),#6132);
#6129 = B_SPLINE_CURVE_WITH_KNOTS('',1,(#6130,#6131),.UNSPECIFIED.,.F.,
  .F.,(2,2),(5.242640687119,6.261190582812),.PIECEWISE_BEZIER_KNOTS.);
#6130 = CARTESIAN_POINT('',(-0.414213562373,-2.));
#6131 = CARTESIAN_POINT('',(0.60433633332,-2.));
#6132 = ( GEOMETRIC_REPRESENTATION_CONTEXT(2) 
PARAMETRIC_REPRESENTATION_CONTEXT() REPRESENTATION_CONTEXT('2D SPACE',''
  ) );
#6133 = ORIENTED_EDGE('',*,*,#6134,.F.);
#6134 = EDGE_CURVE('',#6135,#6115,#6137,.T.);
#6135 = VERTEX_POINT('',#6136);
#6136 = CARTESIAN_POINT('',(264.65990122533,152.,4.718573422712));
#6137 = SURFACE_CURVE('',#6138,(#6147,#6159),.PCURVE_S1.);
#6138 = B_SPLINE_CURVE_WITH_KNOTS('',7,(#6139,#6140,#6141,#6142,#6143,
    #6144,#6145,#6146),.UNSPECIFIED.,.F.,.F.,(8,8),(0.,1.),
  .PIECEWISE_BEZIER_KNOTS.);
#6139 = CARTESIAN_POINT('',(264.65990122533,152.,4.718573422712));
#6140 = CARTESIAN_POINT('',(264.79459836573,152.,4.738836287954));
#6141 = CARTESIAN_POINT('',(264.93280224435,152.,4.737781325624));
#6142 = CARTESIAN_POINT('',(265.07036589311,152.,4.714864311048));
#6143 = CARTESIAN_POINT('',(265.20316198739,152.,4.670618757412));
#6144 = CARTESIAN_POINT('',(265.32734302434,152.,4.606396320167));
#6145 = CARTESIAN_POINT('',(265.43938553116,152.,4.524327374954));
#6146 = CARTESIAN_POINT('',(265.53638258126,152.,4.427330324854));
#6147 = PCURVE('',#2638,#6148);
#6148 = DEFINITIONAL_REPRESENTATION('',(#6149),#6158);
#6149 = B_SPLINE_CURVE_WITH_KNOTS('',7,(#6150,#6151,#6152,#6153,#6154,
    #6155,#6156,#6157),.UNSPECIFIED.,.F.,.F.,(8,8),(0.,1.),
  .PIECEWISE_BEZIER_KNOTS.);
#6150 = CARTESIAN_POINT('',(-2.747321635132,-3.357580146741));
#6151 = CARTESIAN_POINT('',(-2.727058769891,-3.222883006342));
#6152 = CARTESIAN_POINT('',(-2.72811373222,-3.084679127725));
#6153 = CARTESIAN_POINT('',(-2.751030746797,-2.947115478967));
#6154 = CARTESIAN_POINT('',(-2.795276300432,-2.814319384689));
#6155 = CARTESIAN_POINT('',(-2.859498737678,-2.690138347731));
#6156 = CARTESIAN_POINT('',(-2.941567682891,-2.578095840917));
#6157 = CARTESIAN_POINT('',(-3.03856473299,-2.481098790817));
#6158 = ( GEOMETRIC_REPRESENTATION_CONTEXT(2) 
PARAMETRIC_REPRESENTATION_CONTEXT() REPRESENTATION_CONTEXT('2D SPACE',''
  ) );
#6159 = PCURVE('',#5145,#6160);
#6160 = DEFINITIONAL_REPRESENTATION('',(#6161),#6168);
#6161 = B_SPLINE_CURVE_WITH_KNOTS('',5,(#6162,#6163,#6164,#6165,#6166,
    #6167),.UNSPECIFIED.,.F.,.F.,(6,6),(0.,1.),
  .PIECEWISE_BEZIER_KNOTS.);
#6162 = CARTESIAN_POINT('',(2.978149674885,3.750942629913));
#6163 = CARTESIAN_POINT('',(3.380665188075,3.734004015511));
#6164 = CARTESIAN_POINT('',(3.782657706898,3.711940905552));
#6165 = CARTESIAN_POINT('',(4.183425625651,3.686662439031));
#6166 = CARTESIAN_POINT('',(4.584332749446,3.660594050055));
#6167 = CARTESIAN_POINT('',(4.985105690306,3.63548688472));
#6168 = ( GEOMETRIC_REPRESENTATION_CONTEXT(2) 
PARAMETRIC_REPRESENTATION_CONTEXT() REPRESENTATION_CONTEXT('2D SPACE',''
  ) );
#6169 = ORIENTED_EDGE('',*,*,#6170,.T.);
#6170 = EDGE_CURVE('',#6135,#5868,#6171,.T.);
#6171 = SURFACE_CURVE('',#6172,(#6175,#6181),.PCURVE_S1.);
#6172 = B_SPLINE_CURVE_WITH_KNOTS('',1,(#6173,#6174),.UNSPECIFIED.,.F.,
  .F.,(2,2),(-1.425397151347,8.873265556801),.PIECEWISE_BEZIER_KNOTS.);
#6173 = CARTESIAN_POINT('',(264.65990122533,152.,4.718573422712));
#6174 = CARTESIAN_POINT('',(264.65990122533,152.,15.01723613086));
#6175 = PCURVE('',#2638,#6176);
#6176 = DEFINITIONAL_REPRESENTATION('',(#6177),#6180);
#6177 = B_SPLINE_CURVE_WITH_KNOTS('',1,(#6178,#6179),.UNSPECIFIED.,.F.,
  .F.,(2,2),(-1.425397151347,8.873265556801),.PIECEWISE_BEZIER_KNOTS.);
#6178 = CARTESIAN_POINT('',(-2.747321635132,-3.357580146741));
#6179 = CARTESIAN_POINT('',(7.551341073016,-3.357580146741));
#6180 = ( GEOMETRIC_REPRESENTATION_CONTEXT(2) 
PARAMETRIC_REPRESENTATION_CONTEXT() REPRESENTATION_CONTEXT('2D SPACE',''
  ) );
#6181 = PCURVE('',#5106,#6182);
#6182 = DEFINITIONAL_REPRESENTATION('',(#6183),#6187);
#6183 = B_SPLINE_CURVE_WITH_KNOTS('',2,(#6184,#6185,#6186),
  .UNSPECIFIED.,.F.,.F.,(3,3),(-1.425397151347,8.873265556801),
  .PIECEWISE_BEZIER_KNOTS.);
#6184 = CARTESIAN_POINT('',(1.368943378693,-1.425397151347));
#6185 = CARTESIAN_POINT('',(1.368943378693,3.723934202727));
#6186 = CARTESIAN_POINT('',(1.368943378693,8.873265556801));
#6187 = ( GEOMETRIC_REPRESENTATION_CONTEXT(2) 
PARAMETRIC_REPRESENTATION_CONTEXT() REPRESENTATION_CONTEXT('2D SPACE',''
  ) );
#6188 = ORIENTED_EDGE('',*,*,#5867,.T.);
#6189 = ORIENTED_EDGE('',*,*,#2623,.T.);
#6190 = ORIENTED_EDGE('',*,*,#2755,.T.);
#6191 = ADVANCED_FACE('',(#6192),#2744,.F.);
#6192 = FACE_BOUND('',#6193,.F.);
#6193 = EDGE_LOOP('',(#6194,#6195,#6196,#6197,#6234));
#6194 = ORIENTED_EDGE('',*,*,#6033,.F.);
#6195 = ORIENTED_EDGE('',*,*,#2729,.T.);
#6196 = ORIENTED_EDGE('',*,*,#6114,.T.);
#6197 = ORIENTED_EDGE('',*,*,#6198,.F.);
#6198 = EDGE_CURVE('',#6199,#6115,#6201,.T.);
#6199 = VERTEX_POINT('',#6200);
#6200 = CARTESIAN_POINT('',(265.6708196873,150.,4.292893218814));
#6201 = SURFACE_CURVE('',#6202,(#6213,#6227),.PCURVE_S1.);
#6202 = ( BOUNDED_CURVE() B_SPLINE_CURVE(9,(#6203,#6204,#6205,#6206,
    #6207,#6208,#6209,#6210,#6211,#6212),.UNSPECIFIED.,.F.,.F.) 
B_SPLINE_CURVE_WITH_KNOTS((10,10),(2.013764591801,6.998870282107),
.PIECEWISE_BEZIER_KNOTS.) CURVE() GEOMETRIC_REPRESENTATION_ITEM() 
RATIONAL_B_SPLINE_CURVE((1.072232817804,1.072232817467,1.072082119244,
    1.071778849833,1.071334768636,1.07074793846,1.070046350866,
1.069239860381,1.068346719587,1.067381277185)) REPRESENTATION_ITEM('') 
  );
#6203 = CARTESIAN_POINT('',(265.6708196873,150.,4.292893218814));
#6204 = CARTESIAN_POINT('',(265.67081962873,150.68695542085,
    4.292893277387));
#6205 = CARTESIAN_POINT('',(265.6353282431,151.37405256325,
    4.328384663015));
#6206 = CARTESIAN_POINT('',(265.5639775946,152.05824034768,
    4.399735311515));
#6207 = CARTESIAN_POINT('',(265.45859240585,152.73094298328,
    4.50512050027));
#6208 = CARTESIAN_POINT('',(265.31826041132,153.39859762217,
    4.645452494787));
#6209 = CARTESIAN_POINT('',(265.14734582869,154.0449590779,
    4.816367077423));
#6210 = CARTESIAN_POINT('',(264.94676254583,154.67632452088,
    5.016950360279));
#6211 = CARTESIAN_POINT('',(264.71912420868,155.28757332851,
    5.244588697436));
#6212 = CARTESIAN_POINT('',(264.466334211,155.87853036309,5.497378695115
    ));
#6213 = PCURVE('',#2744,#6214);
#6214 = DEFINITIONAL_REPRESENTATION('',(#6215),#6226);
#6215 = ( BOUNDED_CURVE() B_SPLINE_CURVE(9,(#6216,#6217,#6218,#6219,
    #6220,#6221,#6222,#6223,#6224,#6225),.UNSPECIFIED.,.F.,.F.) 
B_SPLINE_CURVE_WITH_KNOTS((10,10),(2.013764591801,6.998870282107),
.PIECEWISE_BEZIER_KNOTS.) CURVE() GEOMETRIC_REPRESENTATION_ITEM() 
RATIONAL_B_SPLINE_CURVE((1.072232817804,1.072232817467,1.072082119244,
    1.071778849833,1.071334768636,1.07074793846,1.070046350866,
1.069239860381,1.068346719587,1.067381277185)) REPRESENTATION_ITEM('') 
  );
#6216 = CARTESIAN_POINT('',(0.414213562373,-2.84217094304E-14));
#6217 = CARTESIAN_POINT('',(0.414213645209,-0.686955420857));
#6218 = CARTESIAN_POINT('',(0.46440604411,-1.374052563255));
#6219 = CARTESIAN_POINT('',(0.565311098905,-2.058240347685));
#6220 = CARTESIAN_POINT('',(0.714348262113,-2.730942983287));
#6221 = CARTESIAN_POINT('',(0.912807671997,-3.398597622179));
#6222 = CARTESIAN_POINT('',(1.154517392765,-4.044959077901));
#6223 = CARTESIAN_POINT('',(1.438184991767,-4.676324520882));
#6224 = CARTESIAN_POINT('',(1.760114215491,-5.287573328515));
#6225 = CARTESIAN_POINT('',(2.11761325864,-5.878530363093));
#6226 = ( GEOMETRIC_REPRESENTATION_CONTEXT(2) 
PARAMETRIC_REPRESENTATION_CONTEXT() REPRESENTATION_CONTEXT('2D SPACE',''
  ) );
#6227 = PCURVE('',#5145,#6228);
#6228 = DEFINITIONAL_REPRESENTATION('',(#6229),#6233);
#6229 = B_SPLINE_CURVE_WITH_KNOTS('',2,(#6230,#6231,#6232),
  .UNSPECIFIED.,.F.,.F.,(3,3),(2.013764591801,3.635486868275),
  .PIECEWISE_BEZIER_KNOTS.);
#6230 = CARTESIAN_POINT('',(4.985105690306,2.013764591801));
#6231 = CARTESIAN_POINT('',(4.985105690306,2.824625730038));
#6232 = CARTESIAN_POINT('',(4.985105690306,3.635486868275));
#6233 = ( GEOMETRIC_REPRESENTATION_CONTEXT(2) 
PARAMETRIC_REPRESENTATION_CONTEXT() REPRESENTATION_CONTEXT('2D SPACE',''
  ) );
#6234 = ORIENTED_EDGE('',*,*,#6235,.F.);
#6235 = EDGE_CURVE('',#6034,#6199,#6236,.T.);
#6236 = SURFACE_CURVE('',#6237,(#6248,#6262),.PCURVE_S1.);
#6237 = ( BOUNDED_CURVE() B_SPLINE_CURVE(9,(#6238,#6239,#6240,#6241,
    #6242,#6243,#6244,#6245,#6246,#6247),.UNSPECIFIED.,.F.,.F.) 
B_SPLINE_CURVE_WITH_KNOTS((10,10),(-2.971346957331,2.013764591801),
.PIECEWISE_BEZIER_KNOTS.) CURVE() GEOMETRIC_REPRESENTATION_ITEM() 
RATIONAL_B_SPLINE_CURVE((1.067381277922,1.068346708061,1.069239772964,
    1.070046196248,1.070748791795,1.071333799585,1.071779388194,
1.072081975675,1.072232818141,1.072232817804)) REPRESENTATION_ITEM('') 
  );
#6238 = CARTESIAN_POINT('',(264.46633435401,144.12146998725,
    5.497378552106));
#6239 = CARTESIAN_POINT('',(264.71912205207,144.71242139441,
    5.244590854046));
#6240 = CARTESIAN_POINT('',(264.9467463216,145.32363995787,
    5.016966584515));
#6241 = CARTESIAN_POINT('',(265.14731540757,145.95486343223,
    4.816397498542));
#6242 = CARTESIAN_POINT('',(265.31842469474,146.60210770027,
    4.645288211377));
#6243 = CARTESIAN_POINT('',(265.45840735652,147.26826337209,
    4.505305549595));
#6244 = CARTESIAN_POINT('',(265.56408188926,147.9422670448,
    4.399631016854));
#6245 = CARTESIAN_POINT('',(265.63530003289,148.6257678813,4.32841287322
    ));
#6246 = CARTESIAN_POINT('',(265.67081974587,149.31304641297,
    4.29289316024));
#6247 = CARTESIAN_POINT('',(265.6708196873,150.,4.292893218814));
#6248 = PCURVE('',#2744,#6249);
#6249 = DEFINITIONAL_REPRESENTATION('',(#6250),#6261);
#6250 = ( BOUNDED_CURVE() B_SPLINE_CURVE(9,(#6251,#6252,#6253,#6254,
    #6255,#6256,#6257,#6258,#6259,#6260),.UNSPECIFIED.,.F.,.F.) 
B_SPLINE_CURVE_WITH_KNOTS((10,10),(-2.971346957331,2.013764591801),
.PIECEWISE_BEZIER_KNOTS.) CURVE() GEOMETRIC_REPRESENTATION_ITEM() 
RATIONAL_B_SPLINE_CURVE((1.067381277922,1.068346708061,1.069239772964,
    1.070046196248,1.070748791795,1.071333799585,1.071779388194,
1.072081975675,1.072232818141,1.072232817804)) REPRESENTATION_ITEM('') 
  );
#6251 = CARTESIAN_POINT('',(2.117613056394,5.878530012742));
#6252 = CARTESIAN_POINT('',(1.760117265398,5.287578605585));
#6253 = CARTESIAN_POINT('',(1.438207936301,4.676360042129));
#6254 = CARTESIAN_POINT('',(1.154560414726,4.045136567765));
#6255 = CARTESIAN_POINT('',(0.912575340169,3.397892299724));
#6256 = CARTESIAN_POINT('',(0.714609961381,2.731736627908));
#6257 = CARTESIAN_POINT('',(0.565163603978,2.057732955198));
#6258 = CARTESIAN_POINT('',(0.464445939366,1.3742321187));
#6259 = CARTESIAN_POINT('',(0.414213479538,0.686953587021));
#6260 = CARTESIAN_POINT('',(0.414213562373,-2.84217094304E-14));
#6261 = ( GEOMETRIC_REPRESENTATION_CONTEXT(2) 
PARAMETRIC_REPRESENTATION_CONTEXT() REPRESENTATION_CONTEXT('2D SPACE',''
  ) );
#6262 = PCURVE('',#5270,#6263);
#6263 = DEFINITIONAL_REPRESENTATION('',(#6264),#6268);
#6264 = B_SPLINE_CURVE_WITH_KNOTS('',2,(#6265,#6266,#6267),
  .UNSPECIFIED.,.F.,.F.,(3,3),(0.392040379677,2.013764591801),
  .PIECEWISE_BEZIER_KNOTS.);
#6265 = CARTESIAN_POINT('',(4.985111549132,0.392040379677));
#6266 = CARTESIAN_POINT('',(4.985111549132,1.202902485739));
#6267 = CARTESIAN_POINT('',(4.985111549132,2.013764591801));
#6268 = ( GEOMETRIC_REPRESENTATION_CONTEXT(2) 
PARAMETRIC_REPRESENTATION_CONTEXT() REPRESENTATION_CONTEXT('2D SPACE',''
  ) );
#6269 = ADVANCED_FACE('',(#6270),#2831,.T.);
#6270 = FACE_BOUND('',#6271,.T.);
#6271 = EDGE_LOOP('',(#6272,#6292,#6320,#6361,#6389,#6407,#6408,#6409));
#6272 = ORIENTED_EDGE('',*,*,#6273,.F.);
#6273 = EDGE_CURVE('',#6274,#2984,#6276,.T.);
#6274 = VERTEX_POINT('',#6275);
#6275 = CARTESIAN_POINT('',(248.,164.65990122533,15.01723613086));
#6276 = SURFACE_CURVE('',#6277,(#6280,#6286),.PCURVE_S1.);
#6277 = B_SPLINE_CURVE_WITH_KNOTS('',1,(#6278,#6279),.UNSPECIFIED.,.F.,
  .F.,(2,2),(4.142938012383,19.970572692705),.PIECEWISE_BEZIER_KNOTS.);
#6278 = CARTESIAN_POINT('',(248.,164.65990122533,15.01723613086));
#6279 = CARTESIAN_POINT('',(248.,174.9603893375,3.));
#6280 = PCURVE('',#2831,#6281);
#6281 = DEFINITIONAL_REPRESENTATION('',(#6282),#6285);
#6282 = B_SPLINE_CURVE_WITH_KNOTS('',1,(#6283,#6284),.UNSPECIFIED.,.F.,
  .F.,(2,2),(4.142938012383,19.970572692705),.PIECEWISE_BEZIER_KNOTS.);
#6283 = CARTESIAN_POINT('',(7.817965003389,-2.));
#6284 = CARTESIAN_POINT('',(-8.009669676933,-2.));
#6285 = ( GEOMETRIC_REPRESENTATION_CONTEXT(2) 
PARAMETRIC_REPRESENTATION_CONTEXT() REPRESENTATION_CONTEXT('2D SPACE',''
  ) );
#6286 = PCURVE('',#3026,#6287);
#6287 = DEFINITIONAL_REPRESENTATION('',(#6288),#6291);
#6288 = B_SPLINE_CURVE_WITH_KNOTS('',1,(#6289,#6290),.UNSPECIFIED.,.F.,
  .F.,(2,2),(4.142938012383,19.970572692705),.PIECEWISE_BEZIER_KNOTS.);
#6289 = CARTESIAN_POINT('',(7.551341073015,-3.357580146741));
#6290 = CARTESIAN_POINT('',(-4.465895057845,6.942907965425));
#6291 = ( GEOMETRIC_REPRESENTATION_CONTEXT(2) 
PARAMETRIC_REPRESENTATION_CONTEXT() REPRESENTATION_CONTEXT('2D SPACE',''
  ) );
#6292 = ORIENTED_EDGE('',*,*,#6293,.F.);
#6293 = EDGE_CURVE('',#6294,#6274,#6296,.T.);
#6294 = VERTEX_POINT('',#6295);
#6295 = CARTESIAN_POINT('',(247.78427908124,164.03949303493,
    15.74104568633));
#6296 = SURFACE_CURVE('',#6297,(#6301,#6308),.PCURVE_S1.);
#6297 = ( BOUNDED_CURVE() B_SPLINE_CURVE(2,(#6298,#6299,#6300),
.UNSPECIFIED.,.F.,.F.) B_SPLINE_CURVE_WITH_KNOTS((3,3),(0.901533264914,
1.570796326795),.PIECEWISE_BEZIER_KNOTS.) CURVE() 
GEOMETRIC_REPRESENTATION_ITEM() RATIONAL_B_SPLINE_CURVE((1.,
0.944531386786,1.)) REPRESENTATION_ITEM('') );
#6298 = CARTESIAN_POINT('',(247.78427908124,164.03949303493,
    15.74104568633));
#6299 = CARTESIAN_POINT('',(248.,164.31219318071,15.422895516254));
#6300 = CARTESIAN_POINT('',(248.,164.65990122533,15.01723613086));
#6301 = PCURVE('',#2831,#6302);
#6302 = DEFINITIONAL_REPRESENTATION('',(#6303),#6307);
#6303 = ( BOUNDED_CURVE() B_SPLINE_CURVE(2,(#6304,#6305,#6306),
.UNSPECIFIED.,.F.,.F.) B_SPLINE_CURVE_WITH_KNOTS((3,3),(0.901533264914,
1.570796326795),.PIECEWISE_BEZIER_KNOTS.) CURVE() 
GEOMETRIC_REPRESENTATION_ITEM() RATIONAL_B_SPLINE_CURVE((1.,
0.944531386786,1.)) REPRESENTATION_ITEM('') );
#6304 = CARTESIAN_POINT('',(8.77127848557,-2.215720918753));
#6305 = CARTESIAN_POINT('',(8.352249965983,-2.));
#6306 = CARTESIAN_POINT('',(7.817965003389,-2.));
#6307 = ( GEOMETRIC_REPRESENTATION_CONTEXT(2) 
PARAMETRIC_REPRESENTATION_CONTEXT() REPRESENTATION_CONTEXT('2D SPACE',''
  ) );
#6308 = PCURVE('',#5850,#6309);
#6309 = DEFINITIONAL_REPRESENTATION('',(#6310),#6319);
#6310 = B_SPLINE_CURVE_WITH_KNOTS('',7,(#6311,#6312,#6313,#6314,#6315,
    #6316,#6317,#6318),.UNSPECIFIED.,.F.,.F.,(8,8),(0.901533264914,
    1.570796326795),.PIECEWISE_BEZIER_KNOTS.);
#6311 = CARTESIAN_POINT('',(0.694323205755,9.597075112271));
#6312 = CARTESIAN_POINT('',(0.783650080188,9.511217215411));
#6313 = CARTESIAN_POINT('',(0.875154317084,9.416336055257));
#6314 = CARTESIAN_POINT('',(0.968931449305,9.313738962872));
#6315 = CARTESIAN_POINT('',(1.065083994794,9.205465270421));
#6316 = CARTESIAN_POINT('',(1.163722310752,9.094236939645));
#6317 = CARTESIAN_POINT('',(1.264965625432,8.982739306261));
#6318 = CARTESIAN_POINT('',(1.368943378693,8.873265556801));
#6319 = ( GEOMETRIC_REPRESENTATION_CONTEXT(2) 
PARAMETRIC_REPRESENTATION_CONTEXT() REPRESENTATION_CONTEXT('2D SPACE',''
  ) );
#6320 = ORIENTED_EDGE('',*,*,#6321,.F.);
#6321 = EDGE_CURVE('',#6322,#6294,#6324,.T.);
#6322 = VERTEX_POINT('',#6323);
#6323 = CARTESIAN_POINT('',(252.21572096696,164.03949297398,
    15.741045757435));
#6324 = SURFACE_CURVE('',#6325,(#6338,#6354),.PCURVE_S1.);
#6325 = ( BOUNDED_CURVE() B_SPLINE_CURVE(11,(#6326,#6327,#6328,#6329,
    #6330,#6331,#6332,#6333,#6334,#6335,#6336,#6337),.UNSPECIFIED.,.F.,
.F.) B_SPLINE_CURVE_WITH_KNOTS((12,12),(-2.945536332284,6.977993351718),
.PIECEWISE_BEZIER_KNOTS.) CURVE() GEOMETRIC_REPRESENTATION_ITEM() 
RATIONAL_B_SPLINE_CURVE((1.,1.,1.,1.000000000001,0.999999999998,
    1.000000000002,0.999999999998,1.000000000001,0.999999999999,1.,1.,1.
)) REPRESENTATION_ITEM('') );
#6326 = CARTESIAN_POINT('',(255.04000652521,163.33012334857,
    16.568643653746));
#6327 = CARTESIAN_POINT('',(254.1583844465,163.64547754694,
    16.200730422325));
#6328 = CARTESIAN_POINT('',(253.25703442868,163.89949195788,
    15.90438027622));
#6329 = CARTESIAN_POINT('',(252.33956696058,164.09101325474,
    15.680938763223));
#6330 = CARTESIAN_POINT('',(251.41078458349,164.22077728771,
    15.529547391425));
#6331 = CARTESIAN_POINT('',(250.4658947558,164.28491171262,
    15.454723895696));
#6332 = CARTESIAN_POINT('',(249.53391125502,164.28463231415,
    15.455049860575));
#6333 = CARTESIAN_POINT('',(248.5894607588,164.22094842125,
    15.529347735627));
#6334 = CARTESIAN_POINT('',(247.66029635776,164.09094607677,
    15.681017137517));
#6335 = CARTESIAN_POINT('',(246.74298879598,163.89950275106,
    15.904367684179));
#6336 = CARTESIAN_POINT('',(245.84161555218,163.64547754645,
    16.200730422893));
#6337 = CARTESIAN_POINT('',(244.9599934748,163.33012334858,
    16.568643653735));
#6338 = PCURVE('',#2831,#6339);
#6339 = DEFINITIONAL_REPRESENTATION('',(#6340),#6353);
#6340 = ( BOUNDED_CURVE() B_SPLINE_CURVE(11,(#6341,#6342,#6343,#6344,
    #6345,#6346,#6347,#6348,#6349,#6350,#6351,#6352),.UNSPECIFIED.,.F.,
.F.) B_SPLINE_CURVE_WITH_KNOTS((12,12),(-2.945536332284,6.977993351718),
.PIECEWISE_BEZIER_KNOTS.) CURVE() GEOMETRIC_REPRESENTATION_ITEM() 
RATIONAL_B_SPLINE_CURVE((1.,1.,1.,1.000000000001,0.999999999998,
    1.000000000002,0.999999999998,1.000000000001,0.999999999999,1.,1.,1.
)) REPRESENTATION_ITEM('') );
#6341 = CARTESIAN_POINT('',(9.861289378908,5.040006525219));
#6342 = CARTESIAN_POINT('',(9.376719036977,4.158384446501));
#6343 = CARTESIAN_POINT('',(8.986402844557,3.257034428681));
#6344 = CARTESIAN_POINT('',(8.692112992745,2.339566960583));
#6345 = CARTESIAN_POINT('',(8.492718780925,1.410784583499));
#6346 = CARTESIAN_POINT('',(8.394170417306,0.465894755807));
#6347 = CARTESIAN_POINT('',(8.394599738407,-0.466088744978));
#6348 = CARTESIAN_POINT('',(8.492455818709,-1.410539241192));
#6349 = CARTESIAN_POINT('',(8.692216217787,-2.339703642234));
#6350 = CARTESIAN_POINT('',(8.986386259859,-3.257011204019));
#6351 = CARTESIAN_POINT('',(9.376719037725,-4.158384447815));
#6352 = CARTESIAN_POINT('',(9.861289378893,-5.040006525193));
#6353 = ( GEOMETRIC_REPRESENTATION_CONTEXT(2) 
PARAMETRIC_REPRESENTATION_CONTEXT() REPRESENTATION_CONTEXT('2D SPACE',''
  ) );
#6354 = PCURVE('',#5793,#6355);
#6355 = DEFINITIONAL_REPRESENTATION('',(#6356),#6360);
#6356 = B_SPLINE_CURVE_WITH_KNOTS('',2,(#6357,#6358,#6359),
  .UNSPECIFIED.,.F.,.F.,(3,3),(-0.130723066484,4.163172146616),
  .PIECEWISE_BEZIER_KNOTS.);
#6357 = CARTESIAN_POINT('',(9.923529684001,-0.130723066484));
#6358 = CARTESIAN_POINT('',(9.923529684002,2.016224540066));
#6359 = CARTESIAN_POINT('',(9.923529684002,4.163172146616));
#6360 = ( GEOMETRIC_REPRESENTATION_CONTEXT(2) 
PARAMETRIC_REPRESENTATION_CONTEXT() REPRESENTATION_CONTEXT('2D SPACE',''
  ) );
#6361 = ORIENTED_EDGE('',*,*,#6362,.T.);
#6362 = EDGE_CURVE('',#6322,#6363,#6365,.T.);
#6363 = VERTEX_POINT('',#6364);
#6364 = CARTESIAN_POINT('',(252.,164.65990122533,15.01723613086));
#6365 = SURFACE_CURVE('',#6366,(#6370,#6377),.PCURVE_S1.);
#6366 = ( BOUNDED_CURVE() B_SPLINE_CURVE(2,(#6367,#6368,#6369),
.UNSPECIFIED.,.F.,.F.) B_SPLINE_CURVE_WITH_KNOTS((3,3),(0.901533187203,
1.570796326795),.PIECEWISE_BEZIER_KNOTS.) CURVE() 
GEOMETRIC_REPRESENTATION_ITEM() RATIONAL_B_SPLINE_CURVE((1.,
0.944531374025,1.)) REPRESENTATION_ITEM('') );
#6367 = CARTESIAN_POINT('',(252.21572096696,164.03949297398,
    15.741045757435));
#6368 = CARTESIAN_POINT('',(252.,164.31219313716,15.422895567066));
#6369 = CARTESIAN_POINT('',(252.,164.65990122533,15.01723613086));
#6370 = PCURVE('',#2831,#6371);
#6371 = DEFINITIONAL_REPRESENTATION('',(#6372),#6376);
#6372 = ( BOUNDED_CURVE() B_SPLINE_CURVE(2,(#6373,#6374,#6375),
.UNSPECIFIED.,.F.,.F.) B_SPLINE_CURVE_WITH_KNOTS((3,3),(0.901533187203,
1.570796326795),.PIECEWISE_BEZIER_KNOTS.) CURVE() 
GEOMETRIC_REPRESENTATION_ITEM() RATIONAL_B_SPLINE_CURVE((1.,
0.944531374025,1.)) REPRESENTATION_ITEM('') );
#6373 = CARTESIAN_POINT('',(8.771278579221,2.215720966966));
#6374 = CARTESIAN_POINT('',(8.352250032907,2.));
#6375 = CARTESIAN_POINT('',(7.817965003389,2.));
#6376 = ( GEOMETRIC_REPRESENTATION_CONTEXT(2) 
PARAMETRIC_REPRESENTATION_CONTEXT() REPRESENTATION_CONTEXT('2D SPACE',''
  ) );
#6377 = PCURVE('',#5750,#6378);
#6378 = DEFINITIONAL_REPRESENTATION('',(#6379),#6388);
#6379 = B_SPLINE_CURVE_WITH_KNOTS('',7,(#6380,#6381,#6382,#6383,#6384,
    #6385,#6386,#6387),.UNSPECIFIED.,.F.,.F.,(8,8),(0.901533187203,
    1.570796326795),.PIECEWISE_BEZIER_KNOTS.);
#6380 = CARTESIAN_POINT('',(0.694183035892,9.597075183376));
#6381 = CARTESIAN_POINT('',(0.783492887285,9.511217282196));
#6382 = CARTESIAN_POINT('',(0.874990675495,9.416336114873));
#6383 = CARTESIAN_POINT('',(0.968772881883,9.313739012748));
#6384 = CARTESIAN_POINT('',(1.064943078021,9.205465308403));
#6385 = CARTESIAN_POINT('',(1.163612796645,9.094236964782));
#6386 = CARTESIAN_POINT('',(1.264902585715,8.982739318498));
#6387 = CARTESIAN_POINT('',(1.368943378693,8.873265556801));
#6388 = ( GEOMETRIC_REPRESENTATION_CONTEXT(2) 
PARAMETRIC_REPRESENTATION_CONTEXT() REPRESENTATION_CONTEXT('2D SPACE',''
  ) );
#6389 = ORIENTED_EDGE('',*,*,#6390,.T.);
#6390 = EDGE_CURVE('',#6363,#2879,#6391,.T.);
#6391 = SURFACE_CURVE('',#6392,(#6395,#6401),.PCURVE_S1.);
#6392 = B_SPLINE_CURVE_WITH_KNOTS('',1,(#6393,#6394),.UNSPECIFIED.,.F.,
  .F.,(2,2),(4.142938012383,19.970572692705),.PIECEWISE_BEZIER_KNOTS.);
#6393 = CARTESIAN_POINT('',(252.,164.65990122533,15.01723613086));
#6394 = CARTESIAN_POINT('',(252.,174.9603893375,3.));
#6395 = PCURVE('',#2831,#6396);
#6396 = DEFINITIONAL_REPRESENTATION('',(#6397),#6400);
#6397 = B_SPLINE_CURVE_WITH_KNOTS('',1,(#6398,#6399),.UNSPECIFIED.,.F.,
  .F.,(2,2),(4.142938012383,19.970572692705),.PIECEWISE_BEZIER_KNOTS.);
#6398 = CARTESIAN_POINT('',(7.817965003389,2.));
#6399 = CARTESIAN_POINT('',(-8.009669676933,2.));
#6400 = ( GEOMETRIC_REPRESENTATION_CONTEXT(2) 
PARAMETRIC_REPRESENTATION_CONTEXT() REPRESENTATION_CONTEXT('2D SPACE',''
  ) );
#6401 = PCURVE('',#2921,#6402);
#6402 = DEFINITIONAL_REPRESENTATION('',(#6403),#6406);
#6403 = B_SPLINE_CURVE_WITH_KNOTS('',1,(#6404,#6405),.UNSPECIFIED.,.F.,
  .F.,(2,2),(4.142938012383,19.970572692705),.PIECEWISE_BEZIER_KNOTS.);
#6404 = CARTESIAN_POINT('',(7.551341073015,-3.357580146741));
#6405 = CARTESIAN_POINT('',(-4.465895057845,6.942907965425));
#6406 = ( GEOMETRIC_REPRESENTATION_CONTEXT(2) 
PARAMETRIC_REPRESENTATION_CONTEXT() REPRESENTATION_CONTEXT('2D SPACE',''
  ) );
#6407 = ORIENTED_EDGE('',*,*,#2878,.F.);
#6408 = ORIENTED_EDGE('',*,*,#2816,.T.);
#6409 = ORIENTED_EDGE('',*,*,#2983,.T.);
#6410 = ADVANCED_FACE('',(#6411),#2921,.F.);
#6411 = FACE_BOUND('',#6412,.F.);
#6412 = EDGE_LOOP('',(#6413,#6433,#6467,#6486,#6487,#6488));
#6413 = ORIENTED_EDGE('',*,*,#6414,.T.);
#6414 = EDGE_CURVE('',#3091,#6415,#6417,.T.);
#6415 = VERTEX_POINT('',#6416);
#6416 = CARTESIAN_POINT('',(252.,165.53638182173,4.427331084387));
#6417 = SURFACE_CURVE('',#6418,(#6421,#6427),.PCURVE_S1.);
#6418 = B_SPLINE_CURVE_WITH_KNOTS('',1,(#6419,#6420),.UNSPECIFIED.,.F.,
  .F.,(2,2),(5.242640687119,6.261189919138),.PIECEWISE_BEZIER_KNOTS.);
#6419 = CARTESIAN_POINT('',(252.,166.25660612493,3.707106781187));
#6420 = CARTESIAN_POINT('',(252.,165.53638305599,4.427329850119));
#6421 = PCURVE('',#2921,#6422);
#6422 = DEFINITIONAL_REPRESENTATION('',(#6423),#6426);
#6423 = B_SPLINE_CURVE_WITH_KNOTS('',1,(#6424,#6425),.UNSPECIFIED.,.F.,
  .F.,(2,2),(5.242640687119,6.261189919138),.PIECEWISE_BEZIER_KNOTS.);
#6424 = CARTESIAN_POINT('',(-3.758788276658,-1.76087524715));
#6425 = CARTESIAN_POINT('',(-3.038565207725,-2.481098316083));
#6426 = ( GEOMETRIC_REPRESENTATION_CONTEXT(2) 
PARAMETRIC_REPRESENTATION_CONTEXT() REPRESENTATION_CONTEXT('2D SPACE',''
  ) );
#6427 = PCURVE('',#3132,#6428);
#6428 = DEFINITIONAL_REPRESENTATION('',(#6429),#6432);
#6429 = B_SPLINE_CURVE_WITH_KNOTS('',1,(#6430,#6431),.UNSPECIFIED.,.F.,
  .F.,(2,2),(5.242640687119,6.261189919138),.PIECEWISE_BEZIER_KNOTS.);
#6430 = CARTESIAN_POINT('',(-0.414213562373,2.));
#6431 = CARTESIAN_POINT('',(0.604335669646,2.));
#6432 = ( GEOMETRIC_REPRESENTATION_CONTEXT(2) 
PARAMETRIC_REPRESENTATION_CONTEXT() REPRESENTATION_CONTEXT('2D SPACE',''
  ) );
#6433 = ORIENTED_EDGE('',*,*,#6434,.F.);
#6434 = EDGE_CURVE('',#6435,#6415,#6437,.T.);
#6435 = VERTEX_POINT('',#6436);
#6436 = CARTESIAN_POINT('',(252.,164.65990122533,4.718573365862));
#6437 = SURFACE_CURVE('',#6438,(#6446,#6457),.PCURVE_S1.);
#6438 = B_SPLINE_CURVE_WITH_KNOTS('',6,(#6439,#6440,#6441,#6442,#6443,
    #6444,#6445),.UNSPECIFIED.,.F.,.F.,(7,7),(0.,1.),
  .PIECEWISE_BEZIER_KNOTS.);
#6439 = CARTESIAN_POINT('',(252.,164.65990122533,4.718573365862));
#6440 = CARTESIAN_POINT('',(252.,164.81675102914,4.742168682019));
#6441 = CARTESIAN_POINT('',(252.,164.97860399628,4.736048288059));
#6442 = CARTESIAN_POINT('',(252.,165.13836773426,4.699204424252));
#6443 = CARTESIAN_POINT('',(252.,165.28873283083,4.632929305797));
#6444 = CARTESIAN_POINT('',(252.,165.42310237643,4.540610529685));
#6445 = CARTESIAN_POINT('',(252.,165.53638305768,4.427329848433));
#6446 = PCURVE('',#2921,#6447);
#6447 = DEFINITIONAL_REPRESENTATION('',(#6448),#6456);
#6448 = B_SPLINE_CURVE_WITH_KNOTS('',6,(#6449,#6450,#6451,#6452,#6453,
    #6454,#6455),.UNSPECIFIED.,.F.,.F.,(7,7),(0.,1.),
  .PIECEWISE_BEZIER_KNOTS.);
#6449 = CARTESIAN_POINT('',(-2.747321691983,-3.357580146741));
#6450 = CARTESIAN_POINT('',(-2.723726375826,-3.200730342933));
#6451 = CARTESIAN_POINT('',(-2.729846769785,-3.038877375792));
#6452 = CARTESIAN_POINT('',(-2.766690633593,-2.87911363782));
#6453 = CARTESIAN_POINT('',(-2.832965752048,-2.728748541243));
#6454 = CARTESIAN_POINT('',(-2.925284528159,-2.594378995648));
#6455 = CARTESIAN_POINT('',(-3.038565209411,-2.481098314396));
#6456 = ( GEOMETRIC_REPRESENTATION_CONTEXT(2) 
PARAMETRIC_REPRESENTATION_CONTEXT() REPRESENTATION_CONTEXT('2D SPACE',''
  ) );
#6457 = PCURVE('',#5601,#6458);
#6458 = DEFINITIONAL_REPRESENTATION('',(#6459),#6466);
#6459 = B_SPLINE_CURVE_WITH_KNOTS('',5,(#6460,#6461,#6462,#6463,#6464,
    #6465),.UNSPECIFIED.,.F.,.F.,(6,6),(0.,1.),
  .PIECEWISE_BEZIER_KNOTS.);
#6460 = CARTESIAN_POINT('',(5.95630273567,0.276572489905));
#6461 = CARTESIAN_POINT('',(6.759811203554,0.293478912906));
#6462 = CARTESIAN_POINT('',(7.563013048232,0.315501537122));
#6463 = CARTESIAN_POINT('',(8.365366473267,0.340800118963));
#6464 = CARTESIAN_POINT('',(9.167838246667,0.366890828362));
#6465 = CARTESIAN_POINT('',(9.970217265792,0.392022154546));
#6466 = ( GEOMETRIC_REPRESENTATION_CONTEXT(2) 
PARAMETRIC_REPRESENTATION_CONTEXT() REPRESENTATION_CONTEXT('2D SPACE',''
  ) );
#6467 = ORIENTED_EDGE('',*,*,#6468,.T.);
#6468 = EDGE_CURVE('',#6435,#6363,#6469,.T.);
#6469 = SURFACE_CURVE('',#6470,(#6473,#6479),.PCURVE_S1.);
#6470 = B_SPLINE_CURVE_WITH_KNOTS('',1,(#6471,#6472),.UNSPECIFIED.,.F.,
  .F.,(2,2),(-1.425397208197,8.873265556801),.PIECEWISE_BEZIER_KNOTS.);
#6471 = CARTESIAN_POINT('',(252.,164.65990122533,4.718573365862));
#6472 = CARTESIAN_POINT('',(252.,164.65990122533,15.01723613086));
#6473 = PCURVE('',#2921,#6474);
#6474 = DEFINITIONAL_REPRESENTATION('',(#6475),#6478);
#6475 = B_SPLINE_CURVE_WITH_KNOTS('',1,(#6476,#6477),.UNSPECIFIED.,.F.,
  .F.,(2,2),(-1.425397208197,8.873265556801),.PIECEWISE_BEZIER_KNOTS.);
#6476 = CARTESIAN_POINT('',(-2.747321691983,-3.357580146741));
#6477 = CARTESIAN_POINT('',(7.551341073015,-3.357580146741));
#6478 = ( GEOMETRIC_REPRESENTATION_CONTEXT(2) 
PARAMETRIC_REPRESENTATION_CONTEXT() REPRESENTATION_CONTEXT('2D SPACE',''
  ) );
#6479 = PCURVE('',#5750,#6480);
#6480 = DEFINITIONAL_REPRESENTATION('',(#6481),#6485);
#6481 = B_SPLINE_CURVE_WITH_KNOTS('',2,(#6482,#6483,#6484),
  .UNSPECIFIED.,.F.,.F.,(3,3),(-1.425397208197,8.873265556801),
  .PIECEWISE_BEZIER_KNOTS.);
#6482 = CARTESIAN_POINT('',(1.368943378693,-1.425397208197));
#6483 = CARTESIAN_POINT('',(1.368943378693,3.723934174302));
#6484 = CARTESIAN_POINT('',(1.368943378693,8.873265556801));
#6485 = ( GEOMETRIC_REPRESENTATION_CONTEXT(2) 
PARAMETRIC_REPRESENTATION_CONTEXT() REPRESENTATION_CONTEXT('2D SPACE',''
  ) );
#6486 = ORIENTED_EDGE('',*,*,#6390,.T.);
#6487 = ORIENTED_EDGE('',*,*,#2906,.T.);
#6488 = ORIENTED_EDGE('',*,*,#3090,.T.);
#6489 = ADVANCED_FACE('',(#6490),#3026,.T.);
#6490 = FACE_BOUND('',#6491,.T.);
#6491 = EDGE_LOOP('',(#6492,#6512,#6546,#6565,#6566,#6567));
#6492 = ORIENTED_EDGE('',*,*,#6493,.T.);
#6493 = EDGE_CURVE('',#3118,#6494,#6496,.T.);
#6494 = VERTEX_POINT('',#6495);
#6495 = CARTESIAN_POINT('',(248.,165.53638188826,4.427331017854));
#6496 = SURFACE_CURVE('',#6497,(#6500,#6506),.PCURVE_S1.);
#6497 = B_SPLINE_CURVE_WITH_KNOTS('',1,(#6498,#6499),.UNSPECIFIED.,.F.,
  .F.,(2,2),(5.242640687119,6.261190939598),.PIECEWISE_BEZIER_KNOTS.);
#6498 = CARTESIAN_POINT('',(248.,166.25660612493,3.707106781187));
#6499 = CARTESIAN_POINT('',(248.,165.53638233442,4.427330571693));
#6500 = PCURVE('',#3026,#6501);
#6501 = DEFINITIONAL_REPRESENTATION('',(#6502),#6505);
#6502 = B_SPLINE_CURVE_WITH_KNOTS('',1,(#6503,#6504),.UNSPECIFIED.,.F.,
  .F.,(2,2),(5.242640687119,6.261190939598),.PIECEWISE_BEZIER_KNOTS.);
#6503 = CARTESIAN_POINT('',(-3.758788276658,-1.76087524715));
#6504 = CARTESIAN_POINT('',(-3.038564486151,-2.481099037656));
#6505 = ( GEOMETRIC_REPRESENTATION_CONTEXT(2) 
PARAMETRIC_REPRESENTATION_CONTEXT() REPRESENTATION_CONTEXT('2D SPACE',''
  ) );
#6506 = PCURVE('',#3132,#6507);
#6507 = DEFINITIONAL_REPRESENTATION('',(#6508),#6511);
#6508 = B_SPLINE_CURVE_WITH_KNOTS('',1,(#6509,#6510),.UNSPECIFIED.,.F.,
  .F.,(2,2),(5.242640687119,6.261190939598),.PIECEWISE_BEZIER_KNOTS.);
#6509 = CARTESIAN_POINT('',(-0.414213562373,-2.));
#6510 = CARTESIAN_POINT('',(0.604336690105,-2.));
#6511 = ( GEOMETRIC_REPRESENTATION_CONTEXT(2) 
PARAMETRIC_REPRESENTATION_CONTEXT() REPRESENTATION_CONTEXT('2D SPACE',''
  ) );
#6512 = ORIENTED_EDGE('',*,*,#6513,.F.);
#6513 = EDGE_CURVE('',#6514,#6494,#6516,.T.);
#6514 = VERTEX_POINT('',#6515);
#6515 = CARTESIAN_POINT('',(248.,164.65990122533,4.718573691861));
#6516 = SURFACE_CURVE('',#6517,(#6525,#6536),.PCURVE_S1.);
#6517 = B_SPLINE_CURVE_WITH_KNOTS('',6,(#6518,#6519,#6520,#6521,#6522,
    #6523,#6524),.UNSPECIFIED.,.F.,.F.,(7,7),(0.,1.),
  .PIECEWISE_BEZIER_KNOTS.);
#6518 = CARTESIAN_POINT('',(248.,164.65990122533,4.718573691861));
#6519 = CARTESIAN_POINT('',(248.,164.81675094509,4.742168999891));
#6520 = CARTESIAN_POINT('',(248.,164.97860380311,4.736048628312));
#6521 = CARTESIAN_POINT('',(248.,165.13836741344,4.699204819905));
#6522 = CARTESIAN_POINT('',(248.,165.28873237238,4.632929788981));
#6523 = CARTESIAN_POINT('',(248.,165.42310178087,4.540611125244));
#6524 = CARTESIAN_POINT('',(248.,165.53638233479,4.42733057132));
#6525 = PCURVE('',#3026,#6526);
#6526 = DEFINITIONAL_REPRESENTATION('',(#6527),#6535);
#6527 = B_SPLINE_CURVE_WITH_KNOTS('',6,(#6528,#6529,#6530,#6531,#6532,
    #6533,#6534),.UNSPECIFIED.,.F.,.F.,(7,7),(0.,1.),
  .PIECEWISE_BEZIER_KNOTS.);
#6528 = CARTESIAN_POINT('',(-2.747321365983,-3.357580146741));
#6529 = CARTESIAN_POINT('',(-2.723726057953,-3.200730426987));
#6530 = CARTESIAN_POINT('',(-2.729846429533,-3.038877568967));
#6531 = CARTESIAN_POINT('',(-2.76669023794,-2.879113958636));
#6532 = CARTESIAN_POINT('',(-2.832965268863,-2.7287489997));
#6533 = CARTESIAN_POINT('',(-2.925283932601,-2.594379591207));
#6534 = CARTESIAN_POINT('',(-3.038564486524,-2.481099037283));
#6535 = ( GEOMETRIC_REPRESENTATION_CONTEXT(2) 
PARAMETRIC_REPRESENTATION_CONTEXT() REPRESENTATION_CONTEXT('2D SPACE',''
  ) );
#6536 = PCURVE('',#5601,#6537);
#6537 = DEFINITIONAL_REPRESENTATION('',(#6538),#6545);
#6538 = B_SPLINE_CURVE_WITH_KNOTS('',5,(#6539,#6540,#6541,#6542,#6543,
    #6544),.UNSPECIFIED.,.F.,.F.,(6,6),(0.,1.),
  .PIECEWISE_BEZIER_KNOTS.);
#6539 = CARTESIAN_POINT('',(5.956303775318,3.750938236275));
#6540 = CARTESIAN_POINT('',(6.759812025311,3.734031006716));
#6541 = CARTESIAN_POINT('',(7.5630136548,3.712007276345));
#6542 = CARTESIAN_POINT('',(8.365366871787,3.686707279838));
#6543 = CARTESIAN_POINT('',(9.167838443756,3.660614957398));
#6544 = CARTESIAN_POINT('',(9.970217265792,3.635481991881));
#6545 = ( GEOMETRIC_REPRESENTATION_CONTEXT(2) 
PARAMETRIC_REPRESENTATION_CONTEXT() REPRESENTATION_CONTEXT('2D SPACE',''
  ) );
#6546 = ORIENTED_EDGE('',*,*,#6547,.T.);
#6547 = EDGE_CURVE('',#6514,#6274,#6548,.T.);
#6548 = SURFACE_CURVE('',#6549,(#6552,#6558),.PCURVE_S1.);
#6549 = B_SPLINE_CURVE_WITH_KNOTS('',1,(#6550,#6551),.UNSPECIFIED.,.F.,
  .F.,(2,2),(-1.425396882198,8.873265556801),.PIECEWISE_BEZIER_KNOTS.);
#6550 = CARTESIAN_POINT('',(248.,164.65990122533,4.718573691861));
#6551 = CARTESIAN_POINT('',(248.,164.65990122533,15.01723613086));
#6552 = PCURVE('',#3026,#6553);
#6553 = DEFINITIONAL_REPRESENTATION('',(#6554),#6557);
#6554 = B_SPLINE_CURVE_WITH_KNOTS('',1,(#6555,#6556),.UNSPECIFIED.,.F.,
  .F.,(2,2),(-1.425396882198,8.873265556801),.PIECEWISE_BEZIER_KNOTS.);
#6555 = CARTESIAN_POINT('',(-2.747321365983,-3.357580146741));
#6556 = CARTESIAN_POINT('',(7.551341073015,-3.357580146741));
#6557 = ( GEOMETRIC_REPRESENTATION_CONTEXT(2) 
PARAMETRIC_REPRESENTATION_CONTEXT() REPRESENTATION_CONTEXT('2D SPACE',''
  ) );
#6558 = PCURVE('',#5850,#6559);
#6559 = DEFINITIONAL_REPRESENTATION('',(#6560),#6564);
#6560 = B_SPLINE_CURVE_WITH_KNOTS('',2,(#6561,#6562,#6563),
  .UNSPECIFIED.,.F.,.F.,(3,3),(-1.425396882198,8.873265556801),
  .PIECEWISE_BEZIER_KNOTS.);
#6561 = CARTESIAN_POINT('',(1.368943378693,-1.425396882198));
#6562 = CARTESIAN_POINT('',(1.368943378693,3.723934337302));
#6563 = CARTESIAN_POINT('',(1.368943378693,8.873265556801));
#6564 = ( GEOMETRIC_REPRESENTATION_CONTEXT(2) 
PARAMETRIC_REPRESENTATION_CONTEXT() REPRESENTATION_CONTEXT('2D SPACE',''
  ) );
#6565 = ORIENTED_EDGE('',*,*,#6273,.T.);
#6566 = ORIENTED_EDGE('',*,*,#3011,.T.);
#6567 = ORIENTED_EDGE('',*,*,#3143,.T.);
#6568 = ADVANCED_FACE('',(#6569),#3132,.F.);
#6569 = FACE_BOUND('',#6570,.F.);
#6570 = EDGE_LOOP('',(#6571,#6572,#6573,#6574));
#6571 = ORIENTED_EDGE('',*,*,#6414,.F.);
#6572 = ORIENTED_EDGE('',*,*,#3117,.T.);
#6573 = ORIENTED_EDGE('',*,*,#6493,.T.);
#6574 = ORIENTED_EDGE('',*,*,#6575,.F.);
#6575 = EDGE_CURVE('',#6415,#6494,#6576,.T.);
#6576 = SURFACE_CURVE('',#6577,(#6596,#6618),.PCURVE_S1.);
#6577 = ( BOUNDED_CURVE() B_SPLINE_CURVE(9,(#6578,#6579,#6580,#6581,
    #6582,#6583,#6584,#6585,#6586,#6587,#6588,#6589,#6590,#6591,#6592,
#6593,#6594,#6595),.UNSPECIFIED.,.F.,.F.) B_SPLINE_CURVE_WITH_KNOTS((10,
    8,10),(-2.971346970506,2.01376166239,6.998870295285),.UNSPECIFIED.) 
CURVE() GEOMETRIC_REPRESENTATION_ITEM() RATIONAL_B_SPLINE_CURVE((
    1.067381277915,1.068346707481,1.069239750233,1.070046051625,
    1.070749456777,1.071332682869,1.071780270308,1.072081731675,
    1.072232817492,1.072232818117,1.072082023471,1.071779300602,
    1.071333858633,1.070748836742,1.07004604349,1.069239822219,
1.068346707473,1.067381277915)) REPRESENTATION_ITEM('') );
#6578 = CARTESIAN_POINT('',(255.87853001598,164.46633435269,
    5.497378553419));
#6579 = CARTESIAN_POINT('',(255.2875789597,164.7191219008,5.244591005317
    ));
#6580 = CARTESIAN_POINT('',(254.67623606196,164.946745345,5.016967561116
    ));
#6581 = CARTESIAN_POINT('',(254.04565675742,165.14728207788,
    4.816430828236));
#6582 = CARTESIAN_POINT('',(253.39690750835,165.31854752053,
    4.64516538558));
#6583 = CARTESIAN_POINT('',(252.73276938201,165.4582129522,
    4.505499953916));
#6584 = CARTESIAN_POINT('',(252.05722802215,165.56423013353,
    4.399482772578));
#6585 = CARTESIAN_POINT('',(251.37419331122,165.63526158323,
    4.328451322886));
#6586 = CARTESIAN_POINT('',(250.68697137712,165.67081985892,
    4.292893047193));
#6587 = CARTESIAN_POINT('',(249.31302224525,165.67081951566,
    4.292893390449));
#6588 = CARTESIAN_POINT('',(248.62593979893,165.63530974225,
    4.328403163867));
#6589 = CARTESIAN_POINT('',(247.94201318016,165.56406188091,4.3996510252
    ));
#6590 = CARTESIAN_POINT('',(247.26842079252,165.45842429075,
    4.505288615356));
#6591 = CARTESIAN_POINT('',(246.60209854052,165.31842543995,
    4.645287466163));
#6592 = CARTESIAN_POINT('',(245.95475640227,165.14729023608,
    4.816422670026));
#6593 = CARTESIAN_POINT('',(245.32367925915,164.94675474513,
    5.01695816098));
#6594 = CARTESIAN_POINT('',(244.71242103627,164.71912189915,
    5.244591006964));
#6595 = CARTESIAN_POINT('',(244.12146998415,164.46633435275,
    5.497378553364));
#6596 = PCURVE('',#3132,#6597);
#6597 = DEFINITIONAL_REPRESENTATION('',(#6598),#6617);
#6598 = ( BOUNDED_CURVE() B_SPLINE_CURVE(9,(#6599,#6600,#6601,#6602,
    #6603,#6604,#6605,#6606,#6607,#6608,#6609,#6610,#6611,#6612,#6613,
#6614,#6615,#6616),.UNSPECIFIED.,.F.,.F.) B_SPLINE_CURVE_WITH_KNOTS((10,
    8,10),(-2.971346970506,2.01376166239,6.998870295285),.UNSPECIFIED.) 
CURVE() GEOMETRIC_REPRESENTATION_ITEM() RATIONAL_B_SPLINE_CURVE((
    1.067381277915,1.068346707481,1.069239750233,1.070046051625,
    1.070749456777,1.071332682869,1.071780270308,1.072081731675,
    1.072232817492,1.072232818117,1.072082023471,1.071779300602,
    1.071333858633,1.070748836742,1.07004604349,1.069239822219,
1.068346707473,1.067381277915)) REPRESENTATION_ITEM('') );
#6599 = CARTESIAN_POINT('',(2.117613058251,5.87853001598));
#6600 = CARTESIAN_POINT('',(1.760117479327,5.287578959706));
#6601 = CARTESIAN_POINT('',(1.438209317424,4.67623606196));
#6602 = CARTESIAN_POINT('',(1.154607550031,4.045656757427));
#6603 = CARTESIAN_POINT('',(0.912401638261,3.396907508354));
#6604 = CARTESIAN_POINT('',(0.714884890607,2.73276938201));
#6605 = CARTESIAN_POINT('',(0.564953954915,2.057228022152));
#6606 = CARTESIAN_POINT('',(0.464500315404,1.374193311228));
#6607 = CARTESIAN_POINT('',(0.414213319665,0.686971377122));
#6608 = CARTESIAN_POINT('',(0.414213805102,-0.686977754744));
#6609 = CARTESIAN_POINT('',(0.464432208267,-1.374060201069));
#6610 = CARTESIAN_POINT('',(0.565191900053,-2.057986819832));
#6611 = CARTESIAN_POINT('',(0.714586012751,-2.731579207479));
#6612 = CARTESIAN_POINT('',(0.912574286275,-3.39790145948));
#6613 = CARTESIAN_POINT('',(1.154596012581,-4.045243597725));
#6614 = CARTESIAN_POINT('',(1.438196023624,-4.676320740845));
#6615 = CARTESIAN_POINT('',(1.760117481657,-5.287578963728));
#6616 = CARTESIAN_POINT('',(2.117613058174,-5.878530015846));
#6617 = ( GEOMETRIC_REPRESENTATION_CONTEXT(2) 
PARAMETRIC_REPRESENTATION_CONTEXT() REPRESENTATION_CONTEXT('2D SPACE',''
  ) );
#6618 = PCURVE('',#5601,#6619);
#6619 = DEFINITIONAL_REPRESENTATION('',(#6620),#6624);
#6620 = B_SPLINE_CURVE_WITH_KNOTS('',2,(#6621,#6622,#6623),
  .UNSPECIFIED.,.F.,.F.,(3,3),(0.392022111324,3.635482000038),
  .PIECEWISE_BEZIER_KNOTS.);
#6621 = CARTESIAN_POINT('',(9.970217265792,0.392022111324));
#6622 = CARTESIAN_POINT('',(9.970217265791,2.013752055681));
#6623 = CARTESIAN_POINT('',(9.970217265792,3.635482000038));
#6624 = ( GEOMETRIC_REPRESENTATION_CONTEXT(2) 
PARAMETRIC_REPRESENTATION_CONTEXT() REPRESENTATION_CONTEXT('2D SPACE',''
  ) );
#6625 = ADVANCED_FACE('',(#6626),#3219,.F.);
#6626 = FACE_BOUND('',#6627,.F.);
#6627 = EDGE_LOOP('',(#6628,#6629,#6630,#6649));
#6628 = ORIENTED_EDGE('',*,*,#3456,.T.);
#6629 = ORIENTED_EDGE('',*,*,#3479,.T.);
#6630 = ORIENTED_EDGE('',*,*,#6631,.F.);
#6631 = EDGE_CURVE('',#3192,#3480,#6632,.T.);
#6632 = SURFACE_CURVE('',#6633,(#6636,#6643),.PCURVE_S1.);
#6633 = B_SPLINE_CURVE_WITH_KNOTS('',1,(#6634,#6635),.UNSPECIFIED.,.F.,
  .F.,(2,2),(0.,58.540666354427),.PIECEWISE_BEZIER_KNOTS.);
#6634 = CARTESIAN_POINT('',(155.,20.729666822786,19.211018314404));
#6635 = CARTESIAN_POINT('',(155.,79.270333177214,19.211018314404));
#6636 = PCURVE('',#3219,#6637);
#6637 = DEFINITIONAL_REPRESENTATION('',(#6638),#6642);
#6638 = B_SPLINE_CURVE_WITH_KNOTS('',2,(#6639,#6640,#6641),
  .UNSPECIFIED.,.F.,.F.,(3,3),(0.,58.540666354427),
  .PIECEWISE_BEZIER_KNOTS.);
#6639 = CARTESIAN_POINT('',(3.14159265359,0.));
#6640 = CARTESIAN_POINT('',(3.14159265359,-29.27033317721));
#6641 = CARTESIAN_POINT('',(3.14159265359,-58.54066635442));
#6642 = ( GEOMETRIC_REPRESENTATION_CONTEXT(2) 
PARAMETRIC_REPRESENTATION_CONTEXT() REPRESENTATION_CONTEXT('2D SPACE',''
  ) );
#6643 = PCURVE('',#3256,#6644);
#6644 = DEFINITIONAL_REPRESENTATION('',(#6645),#6648);
#6645 = B_SPLINE_CURVE_WITH_KNOTS('',1,(#6646,#6647),.UNSPECIFIED.,.F.,
  .F.,(2,2),(0.,58.540666354427),.PIECEWISE_BEZIER_KNOTS.);
#6646 = CARTESIAN_POINT('',(0.,0.));
#6647 = CARTESIAN_POINT('',(0.,-58.54066635442));
#6648 = ( GEOMETRIC_REPRESENTATION_CONTEXT(2) 
PARAMETRIC_REPRESENTATION_CONTEXT() REPRESENTATION_CONTEXT('2D SPACE',''
  ) );
#6649 = ORIENTED_EDGE('',*,*,#3191,.F.);
#6650 = ADVANCED_FACE('',(#6651),#3256,.F.);
#6651 = FACE_BOUND('',#6652,.F.);
#6652 = EDGE_LOOP('',(#6653,#6654,#6655,#6673));
#6653 = ORIENTED_EDGE('',*,*,#6631,.T.);
#6654 = ORIENTED_EDGE('',*,*,#3523,.T.);
#6655 = ORIENTED_EDGE('',*,*,#6656,.F.);
#6656 = EDGE_CURVE('',#3243,#3524,#6657,.T.);
#6657 = SURFACE_CURVE('',#6658,(#6661,#6667),.PCURVE_S1.);
#6658 = B_SPLINE_CURVE_WITH_KNOTS('',1,(#6659,#6660),.UNSPECIFIED.,.F.,
  .F.,(2,2),(0.,58.540666354427),.PIECEWISE_BEZIER_KNOTS.);
#6659 = CARTESIAN_POINT('',(176.36917278516,20.729666822786,
    19.211018314404));
#6660 = CARTESIAN_POINT('',(176.36917278516,79.270333177214,
    19.211018314404));
#6661 = PCURVE('',#3256,#6662);
#6662 = DEFINITIONAL_REPRESENTATION('',(#6663),#6666);
#6663 = B_SPLINE_CURVE_WITH_KNOTS('',1,(#6664,#6665),.UNSPECIFIED.,.F.,
  .F.,(2,2),(0.,58.540666354427),.PIECEWISE_BEZIER_KNOTS.);
#6664 = CARTESIAN_POINT('',(21.36917278516,0.));
#6665 = CARTESIAN_POINT('',(21.36917278516,-58.54066635442));
#6666 = ( GEOMETRIC_REPRESENTATION_CONTEXT(2) 
PARAMETRIC_REPRESENTATION_CONTEXT() REPRESENTATION_CONTEXT('2D SPACE',''
  ) );
#6667 = PCURVE('',#3281,#6668);
#6668 = DEFINITIONAL_REPRESENTATION('',(#6669),#6672);
#6669 = B_SPLINE_CURVE_WITH_KNOTS('',1,(#6670,#6671),.UNSPECIFIED.,.F.,
  .F.,(2,2),(0.,58.540666354427),.PIECEWISE_BEZIER_KNOTS.);
#6670 = CARTESIAN_POINT('',(2.,29.270333177214));
#6671 = CARTESIAN_POINT('',(2.,-29.27033317721));
#6672 = ( GEOMETRIC_REPRESENTATION_CONTEXT(2) 
PARAMETRIC_REPRESENTATION_CONTEXT() REPRESENTATION_CONTEXT('2D SPACE',''
  ) );
#6673 = ORIENTED_EDGE('',*,*,#3242,.F.);
#6674 = ADVANCED_FACE('',(#6675),#3345,.T.);
#6675 = FACE_BOUND('',#6676,.T.);
#6676 = EDGE_LOOP('',(#6677,#6678,#6679,#6698));
#6677 = ORIENTED_EDGE('',*,*,#3412,.T.);
#6678 = ORIENTED_EDGE('',*,*,#3583,.T.);
#6679 = ORIENTED_EDGE('',*,*,#6680,.F.);
#6680 = EDGE_CURVE('',#3293,#3564,#6681,.T.);
#6681 = SURFACE_CURVE('',#6682,(#6685,#6692),.PCURVE_S1.);
#6682 = B_SPLINE_CURVE_WITH_KNOTS('',1,(#6683,#6684),.UNSPECIFIED.,.F.,
  .F.,(2,2),(0.,58.540666354427),.PIECEWISE_BEZIER_KNOTS.);
#6683 = CARTESIAN_POINT('',(155.,20.729666822786,15.211018314404));
#6684 = CARTESIAN_POINT('',(155.,79.270333177214,15.211018314404));
#6685 = PCURVE('',#3345,#6686);
#6686 = DEFINITIONAL_REPRESENTATION('',(#6687),#6691);
#6687 = B_SPLINE_CURVE_WITH_KNOTS('',2,(#6688,#6689,#6690),
  .UNSPECIFIED.,.F.,.F.,(3,3),(0.,58.540666354427),
  .PIECEWISE_BEZIER_KNOTS.);
#6688 = CARTESIAN_POINT('',(3.14159265359,0.));
#6689 = CARTESIAN_POINT('',(3.14159265359,-29.27033317721));
#6690 = CARTESIAN_POINT('',(3.14159265359,-58.54066635442));
#6691 = ( GEOMETRIC_REPRESENTATION_CONTEXT(2) 
PARAMETRIC_REPRESENTATION_CONTEXT() REPRESENTATION_CONTEXT('2D SPACE',''
  ) );
#6692 = PCURVE('',#3306,#6693);
#6693 = DEFINITIONAL_REPRESENTATION('',(#6694),#6697);
#6694 = B_SPLINE_CURVE_WITH_KNOTS('',1,(#6695,#6696),.UNSPECIFIED.,.F.,
  .F.,(2,2),(0.,58.540666354427),.PIECEWISE_BEZIER_KNOTS.);
#6695 = CARTESIAN_POINT('',(0.,0.));
#6696 = CARTESIAN_POINT('',(0.,-58.54066635442));
#6697 = ( GEOMETRIC_REPRESENTATION_CONTEXT(2) 
PARAMETRIC_REPRESENTATION_CONTEXT() REPRESENTATION_CONTEXT('2D SPACE',''
  ) );
#6698 = ORIENTED_EDGE('',*,*,#3317,.F.);
#6699 = ADVANCED_FACE('',(#6700),#3281,.T.);
#6700 = FACE_BOUND('',#6701,.F.);
#6701 = EDGE_LOOP('',(#6702,#6703,#6704,#6722));
#6702 = ORIENTED_EDGE('',*,*,#6656,.T.);
#6703 = ORIENTED_EDGE('',*,*,#3543,.T.);
#6704 = ORIENTED_EDGE('',*,*,#6705,.F.);
#6705 = EDGE_CURVE('',#3268,#3544,#6706,.T.);
#6706 = SURFACE_CURVE('',#6707,(#6710,#6716),.PCURVE_S1.);
#6707 = B_SPLINE_CURVE_WITH_KNOTS('',1,(#6708,#6709),.UNSPECIFIED.,.F.,
  .F.,(2,2),(0.,58.540666354427),.PIECEWISE_BEZIER_KNOTS.);
#6708 = CARTESIAN_POINT('',(176.36917278516,20.729666822786,
    15.211018314404));
#6709 = CARTESIAN_POINT('',(176.36917278516,79.270333177214,
    15.211018314404));
#6710 = PCURVE('',#3281,#6711);
#6711 = DEFINITIONAL_REPRESENTATION('',(#6712),#6715);
#6712 = B_SPLINE_CURVE_WITH_KNOTS('',1,(#6713,#6714),.UNSPECIFIED.,.F.,
  .F.,(2,2),(0.,58.540666354427),.PIECEWISE_BEZIER_KNOTS.);
#6713 = CARTESIAN_POINT('',(-2.,29.270333177214));
#6714 = CARTESIAN_POINT('',(-2.,-29.27033317721));
#6715 = ( GEOMETRIC_REPRESENTATION_CONTEXT(2) 
PARAMETRIC_REPRESENTATION_CONTEXT() REPRESENTATION_CONTEXT('2D SPACE',''
  ) );
#6716 = PCURVE('',#3306,#6717);
#6717 = DEFINITIONAL_REPRESENTATION('',(#6718),#6721);
#6718 = B_SPLINE_CURVE_WITH_KNOTS('',1,(#6719,#6720),.UNSPECIFIED.,.F.,
  .F.,(2,2),(0.,58.540666354427),.PIECEWISE_BEZIER_KNOTS.);
#6719 = CARTESIAN_POINT('',(21.36917278516,0.));
#6720 = CARTESIAN_POINT('',(21.36917278516,-58.54066635442));
#6721 = ( GEOMETRIC_REPRESENTATION_CONTEXT(2) 
PARAMETRIC_REPRESENTATION_CONTEXT() REPRESENTATION_CONTEXT('2D SPACE',''
  ) );
#6722 = ORIENTED_EDGE('',*,*,#3267,.F.);
#6723 = ADVANCED_FACE('',(#6724),#3306,.T.);
#6724 = FACE_BOUND('',#6725,.T.);
#6725 = EDGE_LOOP('',(#6726,#6727,#6728,#6729));
#6726 = ORIENTED_EDGE('',*,*,#6680,.T.);
#6727 = ORIENTED_EDGE('',*,*,#3563,.T.);
#6728 = ORIENTED_EDGE('',*,*,#6705,.F.);
#6729 = ORIENTED_EDGE('',*,*,#3292,.F.);
#6730 = ADVANCED_FACE('',(#6731),#3685,.F.);
#6731 = FACE_BOUND('',#6732,.F.);
#6732 = EDGE_LOOP('',(#6733,#6734,#6735,#6754));
#6733 = ORIENTED_EDGE('',*,*,#4038,.T.);
#6734 = ORIENTED_EDGE('',*,*,#4061,.T.);
#6735 = ORIENTED_EDGE('',*,*,#6736,.F.);
#6736 = EDGE_CURVE('',#3658,#4062,#6737,.T.);
#6737 = SURFACE_CURVE('',#6738,(#6741,#6748),.PCURVE_S1.);
#6738 = B_SPLINE_CURVE_WITH_KNOTS('',1,(#6739,#6740),.UNSPECIFIED.,.F.,
  .F.,(2,2),(0.,40.570260834448),.PIECEWISE_BEZIER_KNOTS.);
#6739 = CARTESIAN_POINT('',(246.34822027514,29.714869582776,
    31.945155373933));
#6740 = CARTESIAN_POINT('',(246.34822027514,70.285130417224,
    31.945155373933));
#6741 = PCURVE('',#3685,#6742);
#6742 = DEFINITIONAL_REPRESENTATION('',(#6743),#6747);
#6743 = B_SPLINE_CURVE_WITH_KNOTS('',2,(#6744,#6745,#6746),
  .UNSPECIFIED.,.F.,.F.,(3,3),(0.,40.570260834448),
  .PIECEWISE_BEZIER_KNOTS.);
#6744 = CARTESIAN_POINT('',(3.14159265359,3.552713678801E-15));
#6745 = CARTESIAN_POINT('',(3.14159265359,-20.28513041722));
#6746 = CARTESIAN_POINT('',(3.14159265359,-40.57026083444));
#6747 = ( GEOMETRIC_REPRESENTATION_CONTEXT(2) 
PARAMETRIC_REPRESENTATION_CONTEXT() REPRESENTATION_CONTEXT('2D SPACE',''
  ) );
#6748 = PCURVE('',#3722,#6749);
#6749 = DEFINITIONAL_REPRESENTATION('',(#6750),#6753);
#6750 = B_SPLINE_CURVE_WITH_KNOTS('',1,(#6751,#6752),.UNSPECIFIED.,.F.,
  .F.,(2,2),(0.,40.570260834448),.PIECEWISE_BEZIER_KNOTS.);
#6751 = CARTESIAN_POINT('',(0.,0.));
#6752 = CARTESIAN_POINT('',(0.,-40.57026083444));
#6753 = ( GEOMETRIC_REPRESENTATION_CONTEXT(2) 
PARAMETRIC_REPRESENTATION_CONTEXT() REPRESENTATION_CONTEXT('2D SPACE',''
  ) );
#6754 = ORIENTED_EDGE('',*,*,#3657,.F.);
#6755 = ADVANCED_FACE('',(#6756),#3722,.F.);
#6756 = FACE_BOUND('',#6757,.F.);
#6757 = EDGE_LOOP('',(#6758,#6759,#6760,#6779));
#6758 = ORIENTED_EDGE('',*,*,#6736,.T.);
#6759 = ORIENTED_EDGE('',*,*,#4105,.T.);
#6760 = ORIENTED_EDGE('',*,*,#6761,.F.);
#6761 = EDGE_CURVE('',#3709,#4106,#6762,.T.);
#6762 = SURFACE_CURVE('',#6763,(#6766,#6772),.PCURVE_S1.);
#6763 = B_SPLINE_CURVE_WITH_KNOTS('',1,(#6764,#6765),.UNSPECIFIED.,.F.,
  .F.,(2,2),(0.,40.570260834448),.PIECEWISE_BEZIER_KNOTS.);
#6764 = CARTESIAN_POINT('',(253.65177972485,29.714869582776,
    31.945155373933));
#6765 = CARTESIAN_POINT('',(253.65177972485,70.285130417224,
    31.945155373933));
#6766 = PCURVE('',#3722,#6767);
#6767 = DEFINITIONAL_REPRESENTATION('',(#6768),#6771);
#6768 = B_SPLINE_CURVE_WITH_KNOTS('',1,(#6769,#6770),.UNSPECIFIED.,.F.,
  .F.,(2,2),(0.,40.570260834448),.PIECEWISE_BEZIER_KNOTS.);
#6769 = CARTESIAN_POINT('',(7.303559449718,0.));
#6770 = CARTESIAN_POINT('',(7.303559449718,-40.57026083444));
#6771 = ( GEOMETRIC_REPRESENTATION_CONTEXT(2) 
PARAMETRIC_REPRESENTATION_CONTEXT() REPRESENTATION_CONTEXT('2D SPACE',''
  ) );
#6772 = PCURVE('',#3761,#6773);
#6773 = DEFINITIONAL_REPRESENTATION('',(#6774),#6778);
#6774 = B_SPLINE_CURVE_WITH_KNOTS('',2,(#6775,#6776,#6777),
  .UNSPECIFIED.,.F.,.F.,(3,3),(0.,40.570260834448),
  .PIECEWISE_BEZIER_KNOTS.);
#6775 = CARTESIAN_POINT('',(3.14159265359,0.));
#6776 = CARTESIAN_POINT('',(3.14159265359,-20.28513041722));
#6777 = CARTESIAN_POINT('',(3.14159265359,-40.57026083444));
#6778 = ( GEOMETRIC_REPRESENTATION_CONTEXT(2) 
PARAMETRIC_REPRESENTATION_CONTEXT() REPRESENTATION_CONTEXT('2D SPACE',''
  ) );
#6779 = ORIENTED_EDGE('',*,*,#3708,.F.);
#6780 = ADVANCED_FACE('',(#6781),#3927,.T.);
#6781 = FACE_BOUND('',#6782,.T.);
#6782 = EDGE_LOOP('',(#6783,#6784,#6785,#6804));
#6783 = ORIENTED_EDGE('',*,*,#3994,.T.);
#6784 = ORIENTED_EDGE('',*,*,#4272,.T.);
#6785 = ORIENTED_EDGE('',*,*,#6786,.F.);
#6786 = EDGE_CURVE('',#3875,#4253,#6787,.T.);
#6787 = SURFACE_CURVE('',#6788,(#6791,#6798),.PCURVE_S1.);
#6788 = B_SPLINE_CURVE_WITH_KNOTS('',1,(#6789,#6790),.UNSPECIFIED.,.F.,
  .F.,(2,2),(0.,40.570260834448),.PIECEWISE_BEZIER_KNOTS.);
#6789 = CARTESIAN_POINT('',(246.34822027514,29.714869582776,
    27.945155373933));
#6790 = CARTESIAN_POINT('',(246.34822027514,70.285130417224,
    27.945155373933));
#6791 = PCURVE('',#3927,#6792);
#6792 = DEFINITIONAL_REPRESENTATION('',(#6793),#6797);
#6793 = B_SPLINE_CURVE_WITH_KNOTS('',2,(#6794,#6795,#6796),
  .UNSPECIFIED.,.F.,.F.,(3,3),(0.,40.570260834448),
  .PIECEWISE_BEZIER_KNOTS.);
#6794 = CARTESIAN_POINT('',(3.14159265359,3.5527136788E-15));
#6795 = CARTESIAN_POINT('',(3.14159265359,-20.28513041722));
#6796 = CARTESIAN_POINT('',(3.14159265359,-40.57026083444));
#6797 = ( GEOMETRIC_REPRESENTATION_CONTEXT(2) 
PARAMETRIC_REPRESENTATION_CONTEXT() REPRESENTATION_CONTEXT('2D SPACE',''
  ) );
#6798 = PCURVE('',#3888,#6799);
#6799 = DEFINITIONAL_REPRESENTATION('',(#6800),#6803);
#6800 = B_SPLINE_CURVE_WITH_KNOTS('',1,(#6801,#6802),.UNSPECIFIED.,.F.,
  .F.,(2,2),(0.,40.570260834448),.PIECEWISE_BEZIER_KNOTS.);
#6801 = CARTESIAN_POINT('',(0.,0.));
#6802 = CARTESIAN_POINT('',(0.,-40.57026083444));
#6803 = ( GEOMETRIC_REPRESENTATION_CONTEXT(2) 
PARAMETRIC_REPRESENTATION_CONTEXT() REPRESENTATION_CONTEXT('2D SPACE',''
  ) );
#6804 = ORIENTED_EDGE('',*,*,#3899,.F.);
#6805 = ADVANCED_FACE('',(#6806),#3761,.F.);
#6806 = FACE_BOUND('',#6807,.F.);
#6807 = EDGE_LOOP('',(#6808,#6809,#6810,#6811));
#6808 = ORIENTED_EDGE('',*,*,#6761,.T.);
#6809 = ORIENTED_EDGE('',*,*,#4125,.T.);
#6810 = ORIENTED_EDGE('',*,*,#4320,.F.);
#6811 = ORIENTED_EDGE('',*,*,#3733,.F.);
#6812 = ADVANCED_FACE('',(#6813),#3888,.T.);
#6813 = FACE_BOUND('',#6814,.T.);
#6814 = EDGE_LOOP('',(#6815,#6816,#6817,#6836));
#6815 = ORIENTED_EDGE('',*,*,#6786,.T.);
#6816 = ORIENTED_EDGE('',*,*,#4252,.T.);
#6817 = ORIENTED_EDGE('',*,*,#6818,.F.);
#6818 = EDGE_CURVE('',#3824,#4209,#6819,.T.);
#6819 = SURFACE_CURVE('',#6820,(#6823,#6829),.PCURVE_S1.);
#6820 = B_SPLINE_CURVE_WITH_KNOTS('',1,(#6821,#6822),.UNSPECIFIED.,.F.,
  .F.,(2,2),(0.,40.570260834448),.PIECEWISE_BEZIER_KNOTS.);
#6821 = CARTESIAN_POINT('',(253.65177972485,29.714869582776,
    27.945155373933));
#6822 = CARTESIAN_POINT('',(253.65177972485,70.285130417224,
    27.945155373933));
#6823 = PCURVE('',#3888,#6824);
#6824 = DEFINITIONAL_REPRESENTATION('',(#6825),#6828);
#6825 = B_SPLINE_CURVE_WITH_KNOTS('',1,(#6826,#6827),.UNSPECIFIED.,.F.,
  .F.,(2,2),(0.,40.570260834448),.PIECEWISE_BEZIER_KNOTS.);
#6826 = CARTESIAN_POINT('',(7.303559449718,0.));
#6827 = CARTESIAN_POINT('',(7.303559449718,-40.57026083444));
#6828 = ( GEOMETRIC_REPRESENTATION_CONTEXT(2) 
PARAMETRIC_REPRESENTATION_CONTEXT() REPRESENTATION_CONTEXT('2D SPACE',''
  ) );
#6829 = PCURVE('',#3851,#6830);
#6830 = DEFINITIONAL_REPRESENTATION('',(#6831),#6835);
#6831 = B_SPLINE_CURVE_WITH_KNOTS('',2,(#6832,#6833,#6834),
  .UNSPECIFIED.,.F.,.F.,(3,3),(0.,40.570260834448),
  .PIECEWISE_BEZIER_KNOTS.);
#6832 = CARTESIAN_POINT('',(3.14159265359,0.));
#6833 = CARTESIAN_POINT('',(3.14159265359,-20.28513041722));
#6834 = CARTESIAN_POINT('',(3.14159265359,-40.57026083444));
#6835 = ( GEOMETRIC_REPRESENTATION_CONTEXT(2) 
PARAMETRIC_REPRESENTATION_CONTEXT() REPRESENTATION_CONTEXT('2D SPACE',''
  ) );
#6836 = ORIENTED_EDGE('',*,*,#3874,.F.);
#6837 = ADVANCED_FACE('',(#6838),#3851,.T.);
#6838 = FACE_BOUND('',#6839,.T.);
#6839 = EDGE_LOOP('',(#6840,#6841,#6842,#6843));
#6840 = ORIENTED_EDGE('',*,*,#6818,.T.);
#6841 = ORIENTED_EDGE('',*,*,#4208,.T.);
#6842 = ORIENTED_EDGE('',*,*,#4345,.F.);
#6843 = ORIENTED_EDGE('',*,*,#3823,.F.);
#6844 = ADVANCED_FACE('',(#6845),#4405,.F.);
#6845 = FACE_BOUND('',#6846,.F.);
#6846 = EDGE_LOOP('',(#6847,#6899,#6900,#6901,#7011));
#6847 = ORIENTED_EDGE('',*,*,#6848,.T.);
#6848 = EDGE_CURVE('',#5435,#4390,#6849,.T.);
#6849 = SURFACE_CURVE('',#6850,(#6883,#6891),.PCURVE_S1.);
#6850 = B_SPLINE_CURVE_WITH_KNOTS('',6,(#6851,#6852,#6853,#6854,#6855,
    #6856,#6857,#6858,#6859,#6860,#6861,#6862,#6863,#6864,#6865,#6866,
    #6867,#6868,#6869,#6870,#6871,#6872,#6873,#6874,#6875,#6876,#6877,
    #6878,#6879,#6880,#6881,#6882),.UNSPECIFIED.,.F.,.F.,(7,5,5,5,5,5,7)
  ,(0.,7.73234757389E-03,1.875702734152E-02,5.48445421697E-02,
    0.227250303798,0.652625071849,1.),.UNSPECIFIED.);
#6851 = CARTESIAN_POINT('',(236.31955001858,152.79831891321,
    16.553498345189));
#6852 = CARTESIAN_POINT('',(236.31954996201,152.79831863848,
    16.552540465567));
#6853 = CARTESIAN_POINT('',(236.31937076215,152.79744779048,
    16.551368418738));
#6854 = CARTESIAN_POINT('',(236.31919658187,152.79660625224,
    16.550202999309));
#6855 = CARTESIAN_POINT('',(236.31903941773,152.79585254613,
    16.549061773526));
#6856 = CARTESIAN_POINT('',(236.31885846278,152.79498724699,
    16.547896296818));
#6857 = CARTESIAN_POINT('',(236.31842426312,152.79292326193,
    16.545065487279));
#6858 = CARTESIAN_POINT('',(236.31816374541,152.79169384627,
    16.543397715553));
#6859 = CARTESIAN_POINT('',(236.3179009528,152.79046299267,
    16.54172951814));
#6860 = CARTESIAN_POINT('',(236.31763526455,152.78922767506,
    16.540060189069));
#6861 = CARTESIAN_POINT('',(236.3173674172,152.78799149922,
    16.538390583655));
#6862 = CARTESIAN_POINT('',(236.31621326288,152.78270367369,
    16.53125426043));
#6863 = CARTESIAN_POINT('',(236.31530567291,152.77864224846,
    16.525784571723));
#6864 = CARTESIAN_POINT('',(236.31437756817,152.77458473732,
    16.520315281446));
#6865 = CARTESIAN_POINT('',(236.31342773332,152.77052542413,
    16.514845269141));
#6866 = CARTESIAN_POINT('',(236.31245705186,152.76646883438,
    16.509375821643));
#6867 = CARTESIAN_POINT('',(236.30672728944,152.74304278473,
    16.477779794801));
#6868 = CARTESIAN_POINT('',(236.30150971398,152.72371969698,
    16.451667341918));
#6869 = CARTESIAN_POINT('',(236.29581594331,152.70448243132,
    16.425602770523));
#6870 = CARTESIAN_POINT('',(236.28964519799,152.68534087612,
    16.399612792995));
#6871 = CARTESIAN_POINT('',(236.28300194245,152.66632273367,
    16.373728084095));
#6872 = CARTESIAN_POINT('',(236.25834380128,152.60087208616,
    16.284440261793));
#6873 = CARTESIAN_POINT('',(236.23794668968,152.55516213953,
    16.221715383941));
#6874 = CARTESIAN_POINT('',(236.21476721154,152.51062485647,
    16.160231220604));
#6875 = CARTESIAN_POINT('',(236.18893386894,152.46755656249,
    16.100394882158));
#6876 = CARTESIAN_POINT('',(236.16062699143,152.42622558303,
    16.042570530883));
#6877 = CARTESIAN_POINT('',(236.10511673478,152.35470640012,
    15.941725699443));
#6878 = CARTESIAN_POINT('',(236.07866267317,152.32386461092,
    15.897934926699));
#6879 = CARTESIAN_POINT('',(236.05082943147,152.29445395285,
    15.855850899146));
#6880 = CARTESIAN_POINT('',(236.02175683352,152.26657727594,
    15.815609801952));
#6881 = CARTESIAN_POINT('',(235.99159681495,152.24031471497,
    15.777317177863));
#6882 = CARTESIAN_POINT('',(235.96050701248,152.21572095626,
    15.741045741657));
#6883 = PCURVE('',#4405,#6884);
#6884 = DEFINITIONAL_REPRESENTATION('',(#6885),#6890);
#6885 = B_SPLINE_CURVE_WITH_KNOTS('',3,(#6886,#6887,#6888,#6889),
  .UNSPECIFIED.,.F.,.F.,(4,4),(0.,1.),.PIECEWISE_BEZIER_KNOTS.);
#6886 = CARTESIAN_POINT('',(1.354191406503,10.409527771129));
#6887 = CARTESIAN_POINT('',(1.119230193113,10.106036738108));
#6888 = CARTESIAN_POINT('',(0.890897177667,9.803986049858));
#6889 = CARTESIAN_POINT('',(0.674856200654,9.597075167597));
#6890 = ( GEOMETRIC_REPRESENTATION_CONTEXT(2) 
PARAMETRIC_REPRESENTATION_CONTEXT() REPRESENTATION_CONTEXT('2D SPACE',''
  ) );
#6891 = PCURVE('',#4458,#6892);
#6892 = DEFINITIONAL_REPRESENTATION('',(#6893),#6898);
#6893 = B_SPLINE_CURVE_WITH_KNOTS('',3,(#6894,#6895,#6896,#6897),
  .UNSPECIFIED.,.F.,.F.,(4,4),(0.,1.),.PIECEWISE_BEZIER_KNOTS.);
#6894 = CARTESIAN_POINT('',(9.923529684001,4.936795858737));
#6895 = CARTESIAN_POINT('',(6.62407406623,4.642211940879));
#6896 = CARTESIAN_POINT('',(3.323393047891,4.351350199075));
#6897 = CARTESIAN_POINT('',(5.938853820798E-13,4.163166723477));
#6898 = ( GEOMETRIC_REPRESENTATION_CONTEXT(2) 
PARAMETRIC_REPRESENTATION_CONTEXT() REPRESENTATION_CONTEXT('2D SPACE',''
  ) );
#6899 = ORIENTED_EDGE('',*,*,#4389,.T.);
#6900 = ORIENTED_EDGE('',*,*,#4875,.F.);
#6901 = ORIENTED_EDGE('',*,*,#6902,.F.);
#6902 = EDGE_CURVE('',#5493,#4843,#6903,.T.);
#6903 = SURFACE_CURVE('',#6904,(#6977,#6994),.PCURVE_S1.);
#6904 = B_SPLINE_CURVE_WITH_KNOTS('',8,(#6905,#6906,#6907,#6908,#6909,
    #6910,#6911,#6912,#6913,#6914,#6915,#6916,#6917,#6918,#6919,#6920,
    #6921,#6922,#6923,#6924,#6925,#6926,#6927,#6928,#6929,#6930,#6931,
    #6932,#6933,#6934,#6935,#6936,#6937,#6938,#6939,#6940,#6941,#6942,
    #6943,#6944,#6945,#6946,#6947,#6948,#6949,#6950,#6951,#6952,#6953,
    #6954,#6955,#6956,#6957,#6958,#6959,#6960,#6961,#6962,#6963,#6964,
    #6965,#6966,#6967,#6968,#6969,#6970,#6971,#6972,#6973,#6974,#6975,
    #6976),.UNSPECIFIED.,.F.,.F.,(9,7,7,7,7,7,7,7,7,7,9),(0.,
    5.531236756146E-03,2.757920225592E-02,4.954723205174E-02,
    0.290915579873,0.53035010381,0.766582195236,0.882713207611,
    0.941375806838,0.970665699563,1.),.UNSPECIFIED.);
#6905 = CARTESIAN_POINT('',(236.31963581983,152.79873605106,
    3.889036598951));
#6906 = CARTESIAN_POINT('',(236.31963583636,152.79873613151,
    3.889389035606));
#6907 = CARTESIAN_POINT('',(236.31960147473,152.79856887844,
    3.889705014731));
#6908 = CARTESIAN_POINT('',(236.31954825057,152.79831005703,
    3.88999764199));
#6909 = CARTESIAN_POINT('',(236.3194874293,152.79801468552,
    3.890277341008));
#6910 = CARTESIAN_POINT('',(236.31942602619,152.79771703514,
    3.890551853368));
#6911 = CARTESIAN_POINT('',(236.31936680635,152.79743063015,
    3.890826238617));
#6912 = CARTESIAN_POINT('',(236.31930828468,152.79714824784,
    3.891102874262));
#6913 = CARTESIAN_POINT('',(236.31899137556,152.79562086444,
    3.892491904616));
#6914 = CARTESIAN_POINT('',(236.3183747899,152.79265775956,
    3.895107827149));
#6915 = CARTESIAN_POINT('',(236.31757645115,152.78887183409,
    3.898295661989));
#6916 = CARTESIAN_POINT('',(236.31677484327,152.78521704562,
    3.901539524984));
#6917 = CARTESIAN_POINT('',(236.31601195842,152.78178853771,
    3.904446812412));
#6918 = CARTESIAN_POINT('',(236.3153322941,152.77879016989,3.90706490776
    ));
#6919 = CARTESIAN_POINT('',(236.31465116263,152.77580987291,
    3.909640246791));
#6920 = CARTESIAN_POINT('',(236.31297605892,152.76864905115,
    3.915845944731));
#6921 = CARTESIAN_POINT('',(236.31212493028,152.76507819966,
    3.918943477016));
#6922 = CARTESIAN_POINT('',(236.31125874178,152.76151058852,
    3.922041305722));
#6923 = CARTESIAN_POINT('',(236.31037752599,152.75794637338,
    3.925139399712));
#6924 = CARTESIAN_POINT('',(236.30948131007,152.75438568232,
    3.928237718561));
#6925 = CARTESIAN_POINT('',(236.3085701158,152.75082861588,
    3.931336212558));
#6926 = CARTESIAN_POINT('',(236.30764395953,152.74727524704,
    3.934434822706));
#6927 = CARTESIAN_POINT('',(236.29636266632,152.70472497702,
    3.971579226884));
#6928 = CARTESIAN_POINT('',(236.28421828129,152.66617947101,
    4.005631567169));
#6929 = CARTESIAN_POINT('',(236.27029100187,152.62818230628,
    4.03961135739));
#6930 = CARTESIAN_POINT('',(236.25460303365,152.59081450313,
    4.073433956367));
#6931 = CARTESIAN_POINT('',(236.23718105451,152.5541617844,
    4.107014889476));
#6932 = CARTESIAN_POINT('',(236.21805575655,152.51831134005,
    4.140268822994));
#6933 = CARTESIAN_POINT('',(236.19726085656,152.48334559448,
    4.173107640483));
#6934 = CARTESIAN_POINT('',(236.15258896321,152.41562697523,
    4.237520112769));
#6935 = CARTESIAN_POINT('',(236.12873822467,152.38285885948,
    4.269101345854));
#6936 = CARTESIAN_POINT('',(236.10332049092,152.35112807225,
    4.30010101788));
#6937 = CARTESIAN_POINT('',(236.07637797053,152.32051746102,
    4.330431398025));
#6938 = CARTESIAN_POINT('',(236.04795798633,152.29110989987,
    4.360003727993));
#6939 = CARTESIAN_POINT('',(236.0181135146,152.26298778779,
    4.388728831556));
#6940 = CARTESIAN_POINT('',(235.9869037242,152.23623254697,
    4.416517724108));
#6941 = CARTESIAN_POINT('',(235.92232011728,152.18595419512,
    4.469688745599));
#6942 = CARTESIAN_POINT('',(235.88898099469,152.16239274675,
    4.495097969612));
#6943 = CARTESIAN_POINT('',(235.85444056687,152.14031647508,
    4.519425258791));
#6944 = CARTESIAN_POINT('',(235.81876916243,152.11980086755,
    4.54258662778));
#6945 = CARTESIAN_POINT('',(235.78204426803,152.10091902501,
    4.564499989412));
#6946 = CARTESIAN_POINT('',(235.74435077683,152.08374048666,
    4.585086402801));
#6947 = CARTESIAN_POINT('',(235.70578123693,152.06833005507,
    4.604271321434));
#6948 = CARTESIAN_POINT('',(235.64709414424,152.04806904434,
    4.630694247951));
#6949 = CARTESIAN_POINT('',(235.62756471681,152.04183294061,
    4.639047359039));
#6950 = CARTESIAN_POINT('',(235.60785976421,152.03604537124,
    4.647036919893));
#6951 = CARTESIAN_POINT('',(235.58799163326,152.03071295185,
    4.654655105502));
#6952 = CARTESIAN_POINT('',(235.5679730708,152.02584185239,
    4.661894520478));
#6953 = CARTESIAN_POINT('',(235.54781722373,152.02143779715,
    4.668748199063));
#6954 = CARTESIAN_POINT('',(235.52753763903,152.01750606472,
    4.675209605125));
#6955 = CARTESIAN_POINT('',(235.49684874311,152.01230643784,
    4.684335319018));
#6956 = CARTESIAN_POINT('',(235.48652119996,152.01068313086,
    4.687296364085));
#6957 = CARTESIAN_POINT('',(235.47616742841,152.00918218201,
    4.690154988367));
#6958 = CARTESIAN_POINT('',(235.46578924303,152.00780416957,
    4.692910448449));
#6959 = CARTESIAN_POINT('',(235.4553884788,152.00654963518,
    4.695562036494));
#6960 = CARTESIAN_POINT('',(235.44496699108,152.00541908382,
    4.698109080242));
#6961 = CARTESIAN_POINT('',(235.43452665567,152.00441298387,
    4.700550943014));
#6962 = CARTESIAN_POINT('',(235.41884810651,152.0030917806,
    4.704053415137));
#6963 = CARTESIAN_POINT('',(235.41362261796,152.00268292655,
    4.705193435978));
#6964 = CARTESIAN_POINT('',(235.40839313889,152.00230525839,
    4.706307011627));
#6965 = CARTESIAN_POINT('',(235.40315990609,152.00195882717,
    4.707394069886));
#6966 = CARTESIAN_POINT('',(235.39792315739,152.00164368143,
    4.708454540963));
#6967 = CARTESIAN_POINT('',(235.39268313164,152.00135986728,
    4.70948835747));
#6968 = CARTESIAN_POINT('',(235.3874400687,152.00110742831,
    4.710495454425));
#6969 = CARTESIAN_POINT('',(235.37694039672,152.00066504792,
    4.712457570381));
#6970 = CARTESIAN_POINT('',(235.37168378118,152.00047520177,
    4.713412507845));
#6971 = CARTESIAN_POINT('',(235.36642459601,152.00031690857,
    4.714340520137));
#6972 = CARTESIAN_POINT('',(235.36116309351,152.00019020696,
    4.715241545486));
#6973 = CARTESIAN_POINT('',(235.35589952116,152.00009513305,
    4.716115525504));
#6974 = CARTESIAN_POINT('',(235.35063411515,152.00003172042,
    4.716962406167));
#6975 = CARTESIAN_POINT('',(235.3453671115,152.00000000004,
    4.717782136135));
#6976 = CARTESIAN_POINT('',(235.34009877466,152.,4.718574662412));
#6977 = PCURVE('',#4405,#6978);
#6978 = DEFINITIONAL_REPRESENTATION('',(#6979),#6993);
#6979 = B_SPLINE_CURVE_WITH_KNOTS('',6,(#6980,#6981,#6982,#6983,#6984,
    #6985,#6986,#6987,#6988,#6989,#6990,#6991,#6992),.UNSPECIFIED.,.F.,
  .F.,(7,6,7),(1.734805041443E-04,0.125151795441,1.),.UNSPECIFIED.);
#6980 = CARTESIAN_POINT('',(1.354627693582,-2.254846526834));
#6981 = CARTESIAN_POINT('',(1.351275916687,-2.248907534864));
#6982 = CARTESIAN_POINT('',(1.286860872802,-2.203283760489));
#6983 = CARTESIAN_POINT('',(1.294931626256,-2.200703696324));
#6984 = CARTESIAN_POINT('',(1.243083817191,-2.164198780794));
#6985 = CARTESIAN_POINT('',(1.223934706547,-2.145365162456));
#6986 = CARTESIAN_POINT('',(1.194801638029,-2.121244053808));
#6987 = CARTESIAN_POINT('',(1.00039770711,-1.956952107949));
#6988 = CARTESIAN_POINT('',(0.815183169839,-1.796973721838));
#6989 = CARTESIAN_POINT('',(0.630847078356,-1.652568902315));
#6990 = CARTESIAN_POINT('',(0.439078484796,-1.534997656216));
#6991 = CARTESIAN_POINT('',(0.231566441298,-1.455519990382));
#6992 = CARTESIAN_POINT('',(3.704479240114E-14,-1.425395911648));
#6993 = ( GEOMETRIC_REPRESENTATION_CONTEXT(2) 
PARAMETRIC_REPRESENTATION_CONTEXT() REPRESENTATION_CONTEXT('2D SPACE',''
  ) );
#6994 = PCURVE('',#4605,#6995);
#6995 = DEFINITIONAL_REPRESENTATION('',(#6996),#7010);
#6996 = B_SPLINE_CURVE_WITH_KNOTS('',6,(#6997,#6998,#6999,#7000,#7001,
    #7002,#7003,#7004,#7005,#7006,#7007,#7008,#7009),.UNSPECIFIED.,.F.,
  .F.,(7,6,7),(1.734805041443E-04,3.141805923839E-02,1.),.UNSPECIFIED.);
#6997 = CARTESIAN_POINT('',(9.969848012262,4.440105581153));
#6998 = CARTESIAN_POINT('',(9.955584564617,4.439288304577));
#6999 = CARTESIAN_POINT('',(9.971674739906,4.439612485115));
#7000 = CARTESIAN_POINT('',(9.883886370246,4.427952594129));
#7001 = CARTESIAN_POINT('',(9.892902816277,4.427591306952));
#7002 = CARTESIAN_POINT('',(9.854484400708,4.422032273288));
#7003 = CARTESIAN_POINT('',(9.824303910071,4.416993360785));
#7004 = CARTESIAN_POINT('',(8.871276056647,4.262227434483));
#7005 = CARTESIAN_POINT('',(7.921505365404,4.103363734136));
#7006 = CARTESIAN_POINT('',(6.96290991288,3.958627539547));
#7007 = CARTESIAN_POINT('',(5.990111397696,3.843543832649));
#7008 = CARTESIAN_POINT('',(5.004435140562,3.7709372975));
#7009 = CARTESIAN_POINT('',(4.013910084267,3.750932320285));
#7010 = ( GEOMETRIC_REPRESENTATION_CONTEXT(2) 
PARAMETRIC_REPRESENTATION_CONTEXT() REPRESENTATION_CONTEXT('2D SPACE',''
  ) );
#7011 = ORIENTED_EDGE('',*,*,#5542,.T.);
#7012 = ADVANCED_FACE('',(#7013),#4458,.T.);
#7013 = FACE_BOUND('',#7014,.T.);
#7014 = EDGE_LOOP('',(#7015,#7067,#7068,#7069));
#7015 = ORIENTED_EDGE('',*,*,#7016,.F.);
#7016 = EDGE_CURVE('',#5433,#4425,#7017,.T.);
#7017 = SURFACE_CURVE('',#7018,(#7051,#7059),.PCURVE_S1.);
#7018 = B_SPLINE_CURVE_WITH_KNOTS('',6,(#7019,#7020,#7021,#7022,#7023,
    #7024,#7025,#7026,#7027,#7028,#7029,#7030,#7031,#7032,#7033,#7034,
    #7035,#7036,#7037,#7038,#7039,#7040,#7041,#7042,#7043,#7044,#7045,
    #7046,#7047,#7048,#7049,#7050),.UNSPECIFIED.,.F.,.F.,(7,5,5,5,5,5,7)
  ,(0.,8.740037560164E-03,1.976499755248E-02,5.384757083388E-02,
    0.228257465648,0.652628953197,1.),.UNSPECIFIED.);
#7019 = CARTESIAN_POINT('',(236.31954677018,147.2016968618,
    16.553494287888));
#7020 = CARTESIAN_POINT('',(236.31954669032,147.20169724964,
    16.55241178722));
#7021 = CARTESIAN_POINT('',(236.31931598808,147.20281841552,
    16.551054904794));
#7022 = CARTESIAN_POINT('',(236.31914077293,147.2036624178,
    16.549761006321));
#7023 = CARTESIAN_POINT('',(236.31894368442,147.20460720244,
    16.548451281168));
#7024 = CARTESIAN_POINT('',(236.31874256065,147.20556584201,
    16.547138168229));
#7025 = CARTESIAN_POINT('',(236.31828131613,147.20775097446,
    16.544152743218));
#7026 = CARTESIAN_POINT('',(236.31801970889,147.20898130091,
    16.542484678272));
#7027 = CARTESIAN_POINT('',(236.3177554848,147.21021473305,
    16.540815797171));
#7028 = CARTESIAN_POINT('',(236.31748897475,147.21144964706,
    16.539146488445));
#7029 = CARTESIAN_POINT('',(236.31722004018,147.21268671319,
    16.537476600212));
#7030 = CARTESIAN_POINT('',(236.31611102371,147.21775085098,
    16.530643481857));
#7031 = CARTESIAN_POINT('',(236.31525235454,147.22158573134,
    16.525477842173));
#7032 = CARTESIAN_POINT('',(236.31437517813,147.22541812903,
    16.520312331954));
#7033 = CARTESIAN_POINT('',(236.31347873803,147.2292515532,
    16.51514631435));
#7034 = CARTESIAN_POINT('',(236.31256363686,147.23308288332,
    16.50998071077));
#7035 = CARTESIAN_POINT('',(236.30685077668,147.25651017727,
    16.478384315894));
#7036 = CARTESIAN_POINT('',(236.30158084963,147.27605981602,
    16.451967180581));
#7037 = CARTESIAN_POINT('',(236.29582371387,147.29552113931,
    16.425598873232));
#7038 = CARTESIAN_POINT('',(236.28957831354,147.31488507756,
    16.399306777611));
#7039 = CARTESIAN_POINT('',(236.28284942914,147.33412222307,
    16.373122822008));
#7040 = CARTESIAN_POINT('',(236.25810257513,147.39966812001,
    16.283698852241));
#7041 = CARTESIAN_POINT('',(236.2377273026,147.44525925127,
    16.221133501421));
#7042 = CARTESIAN_POINT('',(236.21458366303,147.48968115332,
    16.159805911211));
#7043 = CARTESIAN_POINT('',(236.18879949937,147.53263972153,
    16.100120113085));
#7044 = CARTESIAN_POINT('',(236.16055397667,147.57386863019,
    16.04243754166));
#7045 = CARTESIAN_POINT('',(236.1051158434,147.64529463264,
    15.941724103502));
#7046 = CARTESIAN_POINT('',(236.07866198782,147.67613610164,
    15.89793379622));
#7047 = CARTESIAN_POINT('',(236.05082897762,147.7055464664,
    15.855850206332));
#7048 = CARTESIAN_POINT('',(236.02175663281,147.73342287924,
    15.81560951429));
#7049 = CARTESIAN_POINT('',(235.9915968849,147.75968520686,
    15.777317259476));
#7050 = CARTESIAN_POINT('',(235.9605073666,147.7842787636,
    15.741046154796));
#7051 = PCURVE('',#4458,#7052);
#7052 = DEFINITIONAL_REPRESENTATION('',(#7053),#7058);
#7053 = B_SPLINE_CURVE_WITH_KNOTS('',3,(#7054,#7055,#7056,#7057),
  .UNSPECIFIED.,.F.,.F.,(4,4),(0.,1.),.PIECEWISE_BEZIER_KNOTS.);
#7054 = CARTESIAN_POINT('',(9.923529684001,-0.904332525605));
#7055 = CARTESIAN_POINT('',(6.624141691715,-0.609804030193));
#7056 = CARTESIAN_POINT('',(3.323375368391,-0.318886045873));
#7057 = CARTESIAN_POINT('',(2.258787412772E-13,-0.130719276212));
#7058 = ( GEOMETRIC_REPRESENTATION_CONTEXT(2) 
PARAMETRIC_REPRESENTATION_CONTEXT() REPRESENTATION_CONTEXT('2D SPACE',''
  ) );
#7059 = PCURVE('',#4518,#7060);
#7060 = DEFINITIONAL_REPRESENTATION('',(#7061),#7066);
#7061 = B_SPLINE_CURVE_WITH_KNOTS('',3,(#7062,#7063,#7064,#7065),
  .UNSPECIFIED.,.F.,.F.,(4,4),(0.,1.),.PIECEWISE_BEZIER_KNOTS.);
#7062 = CARTESIAN_POINT('',(1.354229867321,10.409523713828));
#7063 = CARTESIAN_POINT('',(1.119271896795,10.106050465696));
#7064 = CARTESIAN_POINT('',(0.89085872944,9.803980580814));
#7065 = CARTESIAN_POINT('',(0.674826619221,9.597075580736));
#7066 = ( GEOMETRIC_REPRESENTATION_CONTEXT(2) 
PARAMETRIC_REPRESENTATION_CONTEXT() REPRESENTATION_CONTEXT('2D SPACE',''
  ) );
#7067 = ORIENTED_EDGE('',*,*,#5432,.T.);
#7068 = ORIENTED_EDGE('',*,*,#6848,.T.);
#7069 = ORIENTED_EDGE('',*,*,#4424,.F.);
#7070 = ADVANCED_FACE('',(#7071),#4518,.T.);
#7071 = FACE_BOUND('',#7072,.T.);
#7072 = EDGE_LOOP('',(#7073,#7074,#7075,#7076,#7152));
#7073 = ORIENTED_EDGE('',*,*,#7016,.T.);
#7074 = ORIENTED_EDGE('',*,*,#4502,.T.);
#7075 = ORIENTED_EDGE('',*,*,#4797,.F.);
#7076 = ORIENTED_EDGE('',*,*,#7077,.F.);
#7077 = EDGE_CURVE('',#5471,#4582,#7078,.T.);
#7078 = SURFACE_CURVE('',#7079,(#7117,#7134),.PCURVE_S1.);
#7079 = B_SPLINE_CURVE_WITH_KNOTS('',8,(#7080,#7081,#7082,#7083,#7084,
    #7085,#7086,#7087,#7088,#7089,#7090,#7091,#7092,#7093,#7094,#7095,
    #7096,#7097,#7098,#7099,#7100,#7101,#7102,#7103,#7104,#7105,#7106,
    #7107,#7108,#7109,#7110,#7111,#7112,#7113,#7114,#7115,#7116),
  .UNSPECIFIED.,.F.,.F.,(9,7,7,7,7,9),(0.,1.761519854226E-02,
    3.104444062171E-02,5.622418712486E-02,0.532174436286,1.),
  .UNSPECIFIED.);
#7080 = CARTESIAN_POINT('',(236.31979554626,147.2004850012,
    3.889862043825));
#7081 = CARTESIAN_POINT('',(236.31978000569,147.20056094226,
    3.889845452473));
#7082 = CARTESIAN_POINT('',(236.31976758749,147.20062724302,
    3.889876409065));
#7083 = CARTESIAN_POINT('',(236.31975367676,147.20069082029,
    3.889841148027));
#7084 = CARTESIAN_POINT('',(236.31973118687,147.20079282117,
    3.889775009716));
#7085 = CARTESIAN_POINT('',(236.31967807633,147.20105329088,
    3.889843765503));
#7086 = CARTESIAN_POINT('',(236.31954486573,147.2017158404,
    3.890324942864));
#7087 = CARTESIAN_POINT('',(236.31924215461,147.20319231426,
    3.891589150459));
#7088 = CARTESIAN_POINT('',(236.3181600328,147.20832986713,
    3.895981413923));
#7089 = CARTESIAN_POINT('',(236.31768761166,147.21054426497,
    3.897883986077));
#7090 = CARTESIAN_POINT('',(236.31721018884,147.21275400433,
    3.899787974886));
#7091 = CARTESIAN_POINT('',(236.31672727594,147.21496147154,
    3.901692560167));
#7092 = CARTESIAN_POINT('',(236.31623858236,147.21716808666,
    3.903597246355));
#7093 = CARTESIAN_POINT('',(236.31574401523,147.2193743035,
    3.905501862498));
#7094 = CARTESIAN_POINT('',(236.31524367942,147.22157960962,
    3.907406562264));
#7095 = CARTESIAN_POINT('',(236.31378950221,147.22791298153,
    3.912884177882));
#7096 = CARTESIAN_POINT('',(236.31282119817,147.2320385178,
    3.916457331701));
#7097 = CARTESIAN_POINT('',(236.31183295216,147.23615920233,
    3.920031135221));
#7098 = CARTESIAN_POINT('',(236.31082475993,147.24027506043,
    3.923605452189));
#7099 = CARTESIAN_POINT('',(236.30979662619,147.24438607543,
    3.927180160265));
#7100 = CARTESIAN_POINT('',(236.30874856469,147.24849218874,
    3.930755151029));
#7101 = CARTESIAN_POINT('',(236.30768059818,147.25259329985,
    3.934330329975));
#7102 = CARTESIAN_POINT('',(236.28603029482,147.33411165955,
    4.005486063297));
#7103 = CARTESIAN_POINT('',(236.25836601082,147.40970421674,
    4.073094303013));
#7104 = CARTESIAN_POINT('',(236.22374972088,147.48282825471,
    4.140089905019));
#7105 = CARTESIAN_POINT('',(236.18239138763,147.55279003226,
    4.205823583754));
#7106 = CARTESIAN_POINT('',(236.13454565198,147.61895554366,
    4.269596865582));
#7107 = CARTESIAN_POINT('',(236.08054811896,147.68063329116,
    4.330707509363));
#7108 = CARTESIAN_POINT('',(236.02081350594,147.73717231833,
    4.38843307218));
#7109 = CARTESIAN_POINT('',(235.89201540445,147.83782670005,
    4.494798587957));
#7110 = CARTESIAN_POINT('',(235.82312639728,147.88213931622,
    4.543577821488));
#7111 = CARTESIAN_POINT('',(235.74970209046,147.92025353787,
    4.587732757436));
#7112 = CARTESIAN_POINT('',(235.67235380058,147.95157885716,
    4.626599322421));
#7113 = CARTESIAN_POINT('',(235.59181409618,147.97558174324,
    4.659565358098));
#7114 = CARTESIAN_POINT('',(235.50893825155,147.9918227045,
    4.686110555391));
#7115 = CARTESIAN_POINT('',(235.42468816971,148.,4.70584894231));
#7116 = CARTESIAN_POINT('',(235.34009877466,148.,4.718573925357));
#7117 = PCURVE('',#4518,#7118);
#7118 = DEFINITIONAL_REPRESENTATION('',(#7119),#7133);
#7119 = B_SPLINE_CURVE_WITH_KNOTS('',6,(#7120,#7121,#7122,#7123,#7124,
    #7125,#7126,#7127,#7128,#7129,#7130,#7131,#7132),.UNSPECIFIED.,.F.,
  .F.,(7,6,7),(1.052570894237E-03,6.348678521335E-02,1.),.UNSPECIFIED.);
#7120 = CARTESIAN_POINT('',(1.355473898404,-2.25411293479));
#7121 = CARTESIAN_POINT('',(1.354970199579,-2.253948984601));
#7122 = CARTESIAN_POINT('',(1.36315333085,-2.262048122848));
#7123 = CARTESIAN_POINT('',(1.309570525754,-2.216372076408));
#7124 = CARTESIAN_POINT('',(1.323935020772,-2.229352481853));
#7125 = CARTESIAN_POINT('',(1.298750476857,-2.208144456679));
#7126 = CARTESIAN_POINT('',(1.286237990799,-2.197815140318));
#7127 = CARTESIAN_POINT('',(1.072494916875,-2.020084674637));
#7128 = CARTESIAN_POINT('',(0.872297489289,-1.842999621444));
#7129 = CARTESIAN_POINT('',(0.675297495924,-1.680774136495));
#7130 = CARTESIAN_POINT('',(0.471146724665,-1.547622375551));
#7131 = CARTESIAN_POINT('',(0.249496963396,-1.457758494367));
#7132 = CARTESIAN_POINT('',(3.129997007224E-14,-1.425396648703));
#7133 = ( GEOMETRIC_REPRESENTATION_CONTEXT(2) 
PARAMETRIC_REPRESENTATION_CONTEXT() REPRESENTATION_CONTEXT('2D SPACE',''
  ) );
#7134 = PCURVE('',#4605,#7135);
#7135 = DEFINITIONAL_REPRESENTATION('',(#7136),#7151);
#7136 = B_SPLINE_CURVE_WITH_KNOTS('',7,(#7137,#7138,#7139,#7140,#7141,
    #7142,#7143,#7144,#7145,#7146,#7147,#7148,#7149,#7150),
  .UNSPECIFIED.,.F.,.F.,(8,6,8),(1.052570894237E-03,3.226967805379E-02,
    1.),.UNSPECIFIED.);
#7137 = CARTESIAN_POINT('',(9.967471626347,-0.413333728886));
#7138 = CARTESIAN_POINT('',(9.969945616919,-0.413623364746));
#7139 = CARTESIAN_POINT('',(9.950684519801,-0.410485848651));
#7140 = CARTESIAN_POINT('',(10.010133471235,-0.419263872266));
#7141 = CARTESIAN_POINT('',(9.920102068909,-0.405454407187));
#7142 = CARTESIAN_POINT('',(9.912492288364,-0.403768294191));
#7143 = CARTESIAN_POINT('',(9.884387570162,-0.399308288432));
#7144 = CARTESIAN_POINT('',(9.036019807478,-0.261540989275));
#7145 = CARTESIAN_POINT('',(8.216919002292,-0.124978496281));
#7146 = CARTESIAN_POINT('',(7.393250530649,4.213473168225E-03));
#7147 = CARTESIAN_POINT('',(6.560843679205,0.116641153088));
#7148 = CARTESIAN_POINT('',(5.718489531935,0.20405622571));
#7149 = CARTESIAN_POINT('',(4.867940970139,0.259355821487));
#7150 = CARTESIAN_POINT('',(4.013912672434,0.276582519089));
#7151 = ( GEOMETRIC_REPRESENTATION_CONTEXT(2) 
PARAMETRIC_REPRESENTATION_CONTEXT() REPRESENTATION_CONTEXT('2D SPACE',''
  ) );
#7152 = ORIENTED_EDGE('',*,*,#5470,.T.);
#7153 = ADVANCED_FACE('',(#7154),#4605,.F.);
#7154 = FACE_BOUND('',#7155,.F.);
#7155 = EDGE_LOOP('',(#7156,#7157,#7158,#7159,#7160,#7161));
#7156 = ORIENTED_EDGE('',*,*,#7077,.F.);
#7157 = ORIENTED_EDGE('',*,*,#5492,.T.);
#7158 = ORIENTED_EDGE('',*,*,#6902,.T.);
#7159 = ORIENTED_EDGE('',*,*,#4842,.T.);
#7160 = ORIENTED_EDGE('',*,*,#4903,.F.);
#7161 = ORIENTED_EDGE('',*,*,#4581,.F.);
#7162 = ADVANCED_FACE('',(#7163),#5398,.T.);
#7163 = FACE_BOUND('',#7164,.T.);
#7164 = EDGE_LOOP('',(#7165,#7223,#7224,#7245));
#7165 = ORIENTED_EDGE('',*,*,#7166,.T.);
#7166 = EDGE_CURVE('',#5349,#5949,#7167,.T.);
#7167 = SURFACE_CURVE('',#7168,(#7206,#7214),.PCURVE_S1.);
#7168 = B_SPLINE_CURVE_WITH_KNOTS('',6,(#7169,#7170,#7171,#7172,#7173,
    #7174,#7175,#7176,#7177,#7178,#7179,#7180,#7181,#7182,#7183,#7184,
    #7185,#7186,#7187,#7188,#7189,#7190,#7191,#7192,#7193,#7194,#7195,
    #7196,#7197,#7198,#7199,#7200,#7201,#7202,#7203,#7204,#7205),
  .UNSPECIFIED.,.F.,.F.,(7,5,5,5,5,5,5,7),(0.,6.0692984804E-03,
    1.413727282816E-02,4.440489987109E-02,0.219916528131,0.395058137935,
    0.654348181768,1.),.UNSPECIFIED.);
#7169 = CARTESIAN_POINT('',(263.68035204577,147.20120488267,
    16.553620791753));
#7170 = CARTESIAN_POINT('',(263.68035197981,147.20120456155,
    16.552859339512));
#7171 = CARTESIAN_POINT('',(263.68049375386,147.20189428576,
    16.551939396398));
#7172 = CARTESIAN_POINT('',(263.68066422443,147.20272147467,
    16.550996675476));
#7173 = CARTESIAN_POINT('',(263.68080649586,147.20340819386,
    16.55009534105));
#7174 = CARTESIAN_POINT('',(263.68091992029,147.20395115511,
    16.549228008661));
#7175 = CARTESIAN_POINT('',(263.6812464368,147.20551309973,
    16.547103064722));
#7176 = CARTESIAN_POINT('',(263.68143501475,147.20641031231,
    16.545889309473));
#7177 = CARTESIAN_POINT('',(263.68162516947,147.20731011633,
    16.544675056329));
#7178 = CARTESIAN_POINT('',(263.68181651087,147.20821060306,
    16.543460645793));
#7179 = CARTESIAN_POINT('',(263.68200892087,147.20911119283,
    16.542246181885));
#7180 = CARTESIAN_POINT('',(263.68292898075,147.21339446519,
    16.536474680089));
#7181 = CARTESIAN_POINT('',(263.68367140618,147.21678239111,
    16.531916281367));
#7182 = CARTESIAN_POINT('',(263.68442798516,147.22016726253,
    16.527358073695));
#7183 = CARTESIAN_POINT('',(263.68519957945,147.22355315925,
    16.522799463948));
#7184 = CARTESIAN_POINT('',(263.68598560456,147.22693709956,
    16.518241102952));
#7185 = CARTESIAN_POINT('',(263.6914287712,147.24993480745,
    16.487252065834));
#7186 = CARTESIAN_POINT('',(263.69656088555,147.26950123484,
    16.460830697976));
#7187 = CARTESIAN_POINT('',(263.70218083442,147.28898718052,
    16.434448975605));
#7188 = CARTESIAN_POINT('',(263.70828985999,147.30838170591,
    16.408133413179));
#7189 = CARTESIAN_POINT('',(263.71488480999,147.32765912838,
    16.381913017086));
#7190 = CARTESIAN_POINT('',(263.72902567547,147.36590365659,
    16.329772268221));
#7191 = CARTESIAN_POINT('',(263.73656948023,147.38487100919,
    16.303851428214));
#7192 = CARTESIAN_POINT('',(263.74459074793,147.40368373682,
    16.27808027624));
#7193 = CARTESIAN_POINT('',(263.75308468606,147.4223221781,
    16.252485993408));
#7194 = CARTESIAN_POINT('',(263.76204507966,147.44076690209,
    16.227095278186));
#7195 = CARTESIAN_POINT('',(263.78540905169,147.48599015719,
    16.164684608246));
#7196 = CARTESIAN_POINT('',(263.80035941044,147.51251499104,
    16.127938420735));
#7197 = CARTESIAN_POINT('',(263.8162906001,147.53851119433,
    16.091780456043));
#7198 = CARTESIAN_POINT('',(263.83317082135,147.56391846951,
    16.056292130843));
#7199 = CARTESIAN_POINT('',(263.85096151224,147.58867950337,
    16.021550095157));
#7200 = CARTESIAN_POINT('',(263.89448751454,147.6448172076,
    15.942399817796));
#7201 = CARTESIAN_POINT('',(263.92089538143,147.67565063042,
    15.898625953559));
#7202 = CARTESIAN_POINT('',(263.94873465638,147.70511538836,
    15.856470486323));
#7203 = CARTESIAN_POINT('',(263.97787809061,147.73309965259,
    15.816079823135));
#7204 = CARTESIAN_POINT('',(264.00818226744,147.75951047073,
    15.777574915064));
#7205 = CARTESIAN_POINT('',(264.03949212149,147.78427835866,
    15.741046752007));
#7206 = PCURVE('',#5398,#7207);
#7207 = DEFINITIONAL_REPRESENTATION('',(#7208),#7213);
#7208 = B_SPLINE_CURVE_WITH_KNOTS('',3,(#7209,#7210,#7211,#7212),
  .UNSPECIFIED.,.F.,.F.,(4,4),(0.,1.),.PIECEWISE_BEZIER_KNOTS.);
#7209 = CARTESIAN_POINT('',(8.410500136759E-14,-0.904856212202));
#7210 = CARTESIAN_POINT('',(1.638100248828,-0.611216819417));
#7211 = CARTESIAN_POINT('',(3.279073533425,-0.322124996141));
#7212 = CARTESIAN_POINT('',(4.961768011135,-0.130724310981));
#7213 = ( GEOMETRIC_REPRESENTATION_CONTEXT(2) 
PARAMETRIC_REPRESENTATION_CONTEXT() REPRESENTATION_CONTEXT('2D SPACE',''
  ) );
#7214 = PCURVE('',#5363,#7215);
#7215 = DEFINITIONAL_REPRESENTATION('',(#7216),#7222);
#7216 = B_SPLINE_CURVE_WITH_KNOTS('',4,(#7217,#7218,#7219,#7220,#7221),
  .UNSPECIFIED.,.F.,.F.,(5,5),(0.,1.),.PIECEWISE_BEZIER_KNOTS.);
#7217 = CARTESIAN_POINT('',(7.532606991772E-03,10.409650217694));
#7218 = CARTESIAN_POINT('',(0.186571713017,10.184657589391));
#7219 = CARTESIAN_POINT('',(0.364569376749,9.955532775148));
#7220 = CARTESIAN_POINT('',(0.530594048973,9.755650787164));
#7221 = CARTESIAN_POINT('',(0.697058104819,9.597076177948));
#7222 = ( GEOMETRIC_REPRESENTATION_CONTEXT(2) 
PARAMETRIC_REPRESENTATION_CONTEXT() REPRESENTATION_CONTEXT('2D SPACE',''
  ) );
#7223 = ORIENTED_EDGE('',*,*,#5948,.T.);
#7224 = ORIENTED_EDGE('',*,*,#7225,.F.);
#7225 = EDGE_CURVE('',#4974,#5916,#7226,.T.);
#7226 = SURFACE_CURVE('',#7227,(#7231,#7238),.PCURVE_S1.);
#7227 = ( BOUNDED_CURVE() B_SPLINE_CURVE(2,(#7228,#7229,#7230),
.UNSPECIFIED.,.F.,.F.) B_SPLINE_CURVE_WITH_KNOTS((3,3),(0.,
4.961768011135),.PIECEWISE_BEZIER_KNOTS.) CURVE() 
GEOMETRIC_REPRESENTATION_ITEM() RATIONAL_B_SPLINE_CURVE((1.,
0.937885014905,1.)) REPRESENTATION_ITEM('') );
#7228 = CARTESIAN_POINT('',(263.96371290611,150.,16.199379912834));
#7229 = CARTESIAN_POINT('',(263.96371290611,150.,15.829455836619));
#7230 = CARTESIAN_POINT('',(264.20445630375,150.,15.548588539378));
#7231 = PCURVE('',#5398,#7232);
#7232 = DEFINITIONAL_REPRESENTATION('',(#7233),#7237);
#7233 = B_SPLINE_CURVE_WITH_KNOTS('',2,(#7234,#7235,#7236),
  .UNSPECIFIED.,.F.,.F.,(3,3),(0.,4.961768011135),
  .PIECEWISE_BEZIER_KNOTS.);
#7234 = CARTESIAN_POINT('',(0.,2.016231691659));
#7235 = CARTESIAN_POINT('',(2.480884005567,2.016231691659));
#7236 = CARTESIAN_POINT('',(4.961768011136,2.016231691659));
#7237 = ( GEOMETRIC_REPRESENTATION_CONTEXT(2) 
PARAMETRIC_REPRESENTATION_CONTEXT() REPRESENTATION_CONTEXT('2D SPACE',''
  ) );
#7238 = PCURVE('',#5059,#7239);
#7239 = DEFINITIONAL_REPRESENTATION('',(#7240),#7244);
#7240 = B_SPLINE_CURVE_WITH_KNOTS('',2,(#7241,#7242,#7243),
  .UNSPECIFIED.,.F.,.F.,(3,3),(0.,4.961768011135),
  .PIECEWISE_BEZIER_KNOTS.);
#7241 = CARTESIAN_POINT('',(-2.540410250995E-14,2.016231691659));
#7242 = CARTESIAN_POINT('',(2.480880823625,2.016231691658));
#7243 = CARTESIAN_POINT('',(4.961761647251,2.016231691659));
#7244 = ( GEOMETRIC_REPRESENTATION_CONTEXT(2) 
PARAMETRIC_REPRESENTATION_CONTEXT() REPRESENTATION_CONTEXT('2D SPACE',''
  ) );
#7245 = ORIENTED_EDGE('',*,*,#5377,.F.);
#7246 = ADVANCED_FACE('',(#7247,#7250),#5019,.T.);
#7247 = FACE_BOUND('',#7248,.T.);
#7248 = EDGE_LOOP('',(#7249));
#7249 = ORIENTED_EDGE('',*,*,#4997,.T.);
#7250 = FACE_BOUND('',#7251,.T.);
#7251 = EDGE_LOOP('',(#7252));
#7252 = ORIENTED_EDGE('',*,*,#7253,.F.);
#7253 = EDGE_CURVE('',#7254,#7254,#7256,.T.);
#7254 = VERTEX_POINT('',#7255);
#7255 = CARTESIAN_POINT('',(259.96371290611,150.,25.94684167136));
#7256 = SURFACE_CURVE('',#7257,(#7265,#7276),.PCURVE_S1.);
#7257 = ( BOUNDED_CURVE() B_SPLINE_CURVE(2,(#7258,#7259,#7260,#7261,
#7262,#7263,#7264),.UNSPECIFIED.,.T.,.F.) B_SPLINE_CURVE_WITH_KNOTS((3,2
    ,2,3),(0.,2.094395102393,4.188790204786,6.28318530718),
.PIECEWISE_BEZIER_KNOTS.) CURVE() GEOMETRIC_REPRESENTATION_ITEM() 
RATIONAL_B_SPLINE_CURVE((1.,0.5,1.,0.5,1.,0.5,1.)) REPRESENTATION_ITEM(
  '') );
#7258 = CARTESIAN_POINT('',(259.96371290611,150.,25.94684167136));
#7259 = CARTESIAN_POINT('',(259.96371290611,167.25765698542,
    25.94684167136));
#7260 = CARTESIAN_POINT('',(245.01814354694,158.62882849271,
    25.94684167136));
#7261 = CARTESIAN_POINT('',(230.07257418776,150.,25.94684167136));
#7262 = CARTESIAN_POINT('',(245.01814354694,141.37117150728,
    25.94684167136));
#7263 = CARTESIAN_POINT('',(259.96371290611,132.74234301457,
    25.94684167136));
#7264 = CARTESIAN_POINT('',(259.96371290611,150.,25.94684167136));
#7265 = PCURVE('',#5019,#7266);
#7266 = DEFINITIONAL_REPRESENTATION('',(#7267),#7275);
#7267 = ( BOUNDED_CURVE() B_SPLINE_CURVE(2,(#7268,#7269,#7270,#7271,
#7272,#7273,#7274),.UNSPECIFIED.,.F.,.F.) B_SPLINE_CURVE_WITH_KNOTS((3,2
    ,2,3),(0.,2.094395102393,4.188790204786,6.28318530718),
.PIECEWISE_BEZIER_KNOTS.) CURVE() GEOMETRIC_REPRESENTATION_ITEM() 
RATIONAL_B_SPLINE_CURVE((1.,0.5,1.,0.5,1.,0.5,1.)) REPRESENTATION_ITEM(
  '') );
#7268 = CARTESIAN_POINT('',(9.963712906117,0.));
#7269 = CARTESIAN_POINT('',(9.963712906117,17.257656985424));
#7270 = CARTESIAN_POINT('',(-4.981856453058,8.628828492712));
#7271 = CARTESIAN_POINT('',(-19.92742581223,-2.84217094304E-14));
#7272 = CARTESIAN_POINT('',(-4.981856453058,-8.628828492712));
#7273 = CARTESIAN_POINT('',(9.963712906117,-17.25765698542));
#7274 = CARTESIAN_POINT('',(9.963712906117,2.84217094304E-14));
#7275 = ( GEOMETRIC_REPRESENTATION_CONTEXT(2) 
PARAMETRIC_REPRESENTATION_CONTEXT() REPRESENTATION_CONTEXT('2D SPACE',''
  ) );
#7276 = PCURVE('',#7277,#7292);
#7277 = ( BOUNDED_SURFACE() B_SPLINE_SURFACE(2,1,(
    (#7278,#7279)
    ,(#7280,#7281)
    ,(#7282,#7283)
    ,(#7284,#7285)
    ,(#7286,#7287)
    ,(#7288,#7289)
    ,(#7290,#7291
)),.UNSPECIFIED.,.T.,.F.,.F.) B_SPLINE_SURFACE_WITH_KNOTS((1,2,2,2,2,1),
  (2,2),(-2.094395102393,0.,2.094395102393,4.188790204786,6.28318530718,
    8.377580409573),(3.,25.94684167136),.UNSPECIFIED.) 
GEOMETRIC_REPRESENTATION_ITEM() RATIONAL_B_SPLINE_SURFACE((
    (1.,1.)
    ,(0.5,0.5)
    ,(1.,1.)
    ,(0.5,0.5)
    ,(1.,1.)
    ,(0.5,0.5)
,(1.,1.))) REPRESENTATION_ITEM('') SURFACE() );
#7278 = CARTESIAN_POINT('',(259.96371290611,150.,3.));
#7279 = CARTESIAN_POINT('',(259.96371290611,150.,25.94684167136));
#7280 = CARTESIAN_POINT('',(259.96371290611,167.25765698542,3.));
#7281 = CARTESIAN_POINT('',(259.96371290611,167.25765698542,
    25.94684167136));
#7282 = CARTESIAN_POINT('',(245.01814354694,158.62882849271,3.));
#7283 = CARTESIAN_POINT('',(245.01814354694,158.62882849271,
    25.94684167136));
#7284 = CARTESIAN_POINT('',(230.07257418776,150.,3.));
#7285 = CARTESIAN_POINT('',(230.07257418776,150.,25.94684167136));
#7286 = CARTESIAN_POINT('',(245.01814354694,141.37117150728,3.));
#7287 = CARTESIAN_POINT('',(245.01814354694,141.37117150728,
    25.94684167136));
#7288 = CARTESIAN_POINT('',(259.96371290611,132.74234301457,3.));
#7289 = CARTESIAN_POINT('',(259.96371290611,132.74234301457,
    25.94684167136));
#7290 = CARTESIAN_POINT('',(259.96371290611,150.,3.));
#7291 = CARTESIAN_POINT('',(259.96371290611,150.,25.94684167136));
#7292 = DEFINITIONAL_REPRESENTATION('',(#7293),#7301);
#7293 = B_SPLINE_CURVE_WITH_KNOTS('',2,(#7294,#7295,#7296,#7297,#7298,
    #7299,#7300),.UNSPECIFIED.,.F.,.F.,(3,2,2,3),(0.,2.094395102393,
    4.188790204786,6.28318530718),.UNSPECIFIED.);
#7294 = CARTESIAN_POINT('',(0.,25.94684167136));
#7295 = CARTESIAN_POINT('',(1.047197551197,25.94684167136));
#7296 = CARTESIAN_POINT('',(2.094395102393,25.94684167136));
#7297 = CARTESIAN_POINT('',(3.14159265359,25.94684167136));
#7298 = CARTESIAN_POINT('',(4.188790204786,25.94684167136));
#7299 = CARTESIAN_POINT('',(5.235987755983,25.94684167136));
#7300 = CARTESIAN_POINT('',(6.28318530718,25.94684167136));
#7301 = ( GEOMETRIC_REPRESENTATION_CONTEXT(2) 
PARAMETRIC_REPRESENTATION_CONTEXT() REPRESENTATION_CONTEXT('2D SPACE',''
  ) );
#7302 = ADVANCED_FACE('',(#7303),#5363,.T.);
#7303 = FACE_BOUND('',#7304,.T.);
#7304 = EDGE_LOOP('',(#7305,#7306,#7307,#7373,#7374));
#7305 = ORIENTED_EDGE('',*,*,#7166,.F.);
#7306 = ORIENTED_EDGE('',*,*,#5348,.F.);
#7307 = ORIENTED_EDGE('',*,*,#7308,.T.);
#7308 = EDGE_CURVE('',#5246,#6054,#7309,.T.);
#7309 = SURFACE_CURVE('',#7310,(#7355,#7363),.PCURVE_S1.);
#7310 = B_SPLINE_CURVE_WITH_KNOTS('',8,(#7311,#7312,#7313,#7314,#7315,
    #7316,#7317,#7318,#7319,#7320,#7321,#7322,#7323,#7324,#7325,#7326,
    #7327,#7328,#7329,#7330,#7331,#7332,#7333,#7334,#7335,#7336,#7337,
    #7338,#7339,#7340,#7341,#7342,#7343,#7344,#7345,#7346,#7347,#7348,
    #7349,#7350,#7351,#7352,#7353,#7354),.UNSPECIFIED.,.F.,.F.,(9,7,7,7,
    7,7,9),(0.,9.517431875532E-04,7.441169113639E-03,4.421518272624E-02,
    0.338795379908,0.626373589363,1.),.UNSPECIFIED.);
#7311 = CARTESIAN_POINT('',(263.68020445373,147.2004850012,
    3.890022193561));
#7312 = CARTESIAN_POINT('',(263.68025314552,147.20072294013,
    3.889970162747));
#7313 = CARTESIAN_POINT('',(263.68029755555,147.20093958801,3.8900169931
    ));
#7314 = CARTESIAN_POINT('',(263.68033670815,147.20113035404,
    3.890111198543));
#7315 = CARTESIAN_POINT('',(263.68037064526,147.20129555366,
    3.890217324038));
#7316 = CARTESIAN_POINT('',(263.68040042651,147.20144040852,
    3.890315945591));
#7317 = CARTESIAN_POINT('',(263.68042812918,147.20157504654,
    3.890403670248));
#7318 = CARTESIAN_POINT('',(263.68045684822,147.20171450184,
    3.890493136095));
#7319 = CARTESIAN_POINT('',(263.68072148768,147.20299839486,
    3.891430383496));
#7320 = CARTESIAN_POINT('',(263.68093863454,147.20404508928,
    3.89229761637));
#7321 = CARTESIAN_POINT('',(263.68115010312,147.20505781921,
    3.893186386877));
#7322 = CARTESIAN_POINT('',(263.6813615155,147.20606410825,
    3.894077211076));
#7323 = CARTESIAN_POINT('',(263.6815761495,147.20707998252,
    3.894959445089));
#7324 = CARTESIAN_POINT('',(263.6817949387,147.20810997064,
    3.895831285104));
#7325 = CARTESIAN_POINT('',(263.68201647245,147.2091471037,3.89669976737
    ));
#7326 = CARTESIAN_POINT('',(263.68348664867,147.21598594256,
    3.902573187715));
#7327 = CARTESIAN_POINT('',(263.6847721821,147.22177369827,
    3.907576868556));
#7328 = CARTESIAN_POINT('',(263.6860994942,147.22756504521,
    3.912574303536));
#7329 = CARTESIAN_POINT('',(263.68746298356,147.23333264772,
    3.917581370454));
#7330 = CARTESIAN_POINT('',(263.68886780227,147.23910172428,
    3.922582728459));
#7331 = CARTESIAN_POINT('',(263.69031037954,147.24485486007,
    3.927588373557));
#7332 = CARTESIAN_POINT('',(263.69179236119,147.25060013584,
    3.932593146173));
#7333 = CARTESIAN_POINT('',(263.70549600967,147.30227386634,
    3.977691924916));
#7334 = CARTESIAN_POINT('',(263.72017668562,147.34756125355,
    4.017791857619));
#7335 = CARTESIAN_POINT('',(263.73732942256,147.39209024776,
    4.057781175312));
#7336 = CARTESIAN_POINT('',(263.75692658324,147.43573874567,
    4.097547345977));
#7337 = CARTESIAN_POINT('',(263.7789415716,147.4783872501,4.136969778068
    ));
#7338 = CARTESIAN_POINT('',(263.80334699439,147.51991378651,4.1759213437
    ));
#7339 = CARTESIAN_POINT('',(263.83011201142,147.5601856298,
    4.214271917745));
#7340 = CARTESIAN_POINT('',(263.88760205805,147.63702535875,
    4.288598158768));
#7341 = CARTESIAN_POINT('',(263.91821551615,147.67365528562,
    4.324605806701));
#7342 = CARTESIAN_POINT('',(263.95101112061,147.70883118071,
    4.359776470278));
#7343 = CARTESIAN_POINT('',(263.98595020233,147.7424167185,
    4.393971255446));
#7344 = CARTESIAN_POINT('',(264.02298400281,147.77426560365,
    4.427040775513));
#7345 = CARTESIAN_POINT('',(264.0620500156,147.80422273459,
    4.458826109629));
#7346 = CARTESIAN_POINT('',(264.10306811244,147.83212636925,
    4.489160814497));
#7347 = CARTESIAN_POINT('',(264.20163171934,147.89118157415,
    4.555178625378));
#7348 = CARTESIAN_POINT('',(264.2604600407,147.92081256933,
    4.589752617728));
#7349 = CARTESIAN_POINT('',(264.32218012298,147.94632857109,
    4.621207294487));
#7350 = CARTESIAN_POINT('',(264.38647890477,147.96734732832,
    4.649141433225));
#7351 = CARTESIAN_POINT('',(264.45295207617,147.98350068887,
    4.673161735356));
#7352 = CARTESIAN_POINT('',(264.52109546267,147.99446481903,
    4.692911101754));
#7353 = CARTESIAN_POINT('',(264.59030727505,147.99999999984,
    4.708104709598));
#7354 = CARTESIAN_POINT('',(264.65990122533,148.,4.718573890425));
#7355 = PCURVE('',#5363,#7356);
#7356 = DEFINITIONAL_REPRESENTATION('',(#7357),#7362);
#7357 = B_SPLINE_CURVE_WITH_KNOTS('',3,(#7358,#7359,#7360,#7361),
  .UNSPECIFIED.,.F.,.F.,(4,4),(4.087343494914E-05,1.),
  .PIECEWISE_BEZIER_KNOTS.);
#7358 = CARTESIAN_POINT('',(6.840662425768E-03,-2.253961375758));
#7359 = CARTESIAN_POINT('',(0.463200366663,-1.897200756484));
#7360 = CARTESIAN_POINT('',(0.825374693599,-1.501382407992));
#7361 = CARTESIAN_POINT('',(1.368943378693,-1.425396683634));
#7362 = ( GEOMETRIC_REPRESENTATION_CONTEXT(2) 
PARAMETRIC_REPRESENTATION_CONTEXT() REPRESENTATION_CONTEXT('2D SPACE',''
  ) );
#7363 = PCURVE('',#5270,#7364);
#7364 = DEFINITIONAL_REPRESENTATION('',(#7365),#7372);
#7365 = B_SPLINE_CURVE_WITH_KNOTS('',5,(#7366,#7367,#7368,#7369,#7370,
    #7371),.UNSPECIFIED.,.F.,.F.,(6,6),(4.087343494914E-05,1.),
  .PIECEWISE_BEZIER_KNOTS.);
#7366 = CARTESIAN_POINT('',(1.709694707607E-03,-0.413321123407));
#7367 = CARTESIAN_POINT('',(0.566846370579,-0.225921827136));
#7368 = CARTESIAN_POINT('',(1.14298313464,-4.153038555268E-02));
#7369 = CARTESIAN_POINT('',(1.711550091415,0.137299622123));
#7370 = CARTESIAN_POINT('',(2.342997636745,0.249969695625));
#7371 = CARTESIAN_POINT('',(2.978153962178,0.276581812499));
#7372 = ( GEOMETRIC_REPRESENTATION_CONTEXT(2) 
PARAMETRIC_REPRESENTATION_CONTEXT() REPRESENTATION_CONTEXT('2D SPACE',''
  ) );
#7373 = ORIENTED_EDGE('',*,*,#6089,.T.);
#7374 = ORIENTED_EDGE('',*,*,#5981,.F.);
#7375 = ADVANCED_FACE('',(#7376),#5270,.F.);
#7376 = FACE_BOUND('',#7377,.F.);
#7377 = EDGE_LOOP('',(#7378,#7379,#7380,#7381,#7406));
#7378 = ORIENTED_EDGE('',*,*,#7308,.T.);
#7379 = ORIENTED_EDGE('',*,*,#6053,.T.);
#7380 = ORIENTED_EDGE('',*,*,#6235,.T.);
#7381 = ORIENTED_EDGE('',*,*,#7382,.F.);
#7382 = EDGE_CURVE('',#5121,#6199,#7383,.T.);
#7383 = SURFACE_CURVE('',#7384,(#7392,#7399),.PCURVE_S1.);
#7384 = ( BOUNDED_CURVE() B_SPLINE_CURVE(6,(#7385,#7386,#7387,#7388,
#7389,#7390,#7391),.UNSPECIFIED.,.F.,.F.) B_SPLINE_CURVE_WITH_KNOTS((7,7
),(0.,4.985111549132),.PIECEWISE_BEZIER_KNOTS.) CURVE() 
GEOMETRIC_REPRESENTATION_ITEM() RATIONAL_B_SPLINE_CURVE((1.072232817804,
    1.021749326913,0.995386527149,0.986647331348,0.995386527149,
1.021749326913,1.072232817804)) REPRESENTATION_ITEM('') );
#7385 = CARTESIAN_POINT('',(263.96371290611,150.,3.585786437627));
#7386 = CARTESIAN_POINT('',(263.96371290611,150.00000077426,
    3.997867308743));
#7387 = CARTESIAN_POINT('',(264.16303434922,150.00000070199,
    4.384071547148));
#7388 = CARTESIAN_POINT('',(264.52453505489,150.00000074048,
    4.646055562345));
#7389 = CARTESIAN_POINT('',(264.96540532898,150.00000088377,
    4.71642448902));
#7390 = CARTESIAN_POINT('',(265.37943450894,150.000001095,4.584278397177
    ));
#7391 = CARTESIAN_POINT('',(265.6708196873,150.,4.292893218814));
#7392 = PCURVE('',#5270,#7393);
#7393 = DEFINITIONAL_REPRESENTATION('',(#7394),#7398);
#7394 = B_SPLINE_CURVE_WITH_KNOTS('',2,(#7395,#7396,#7397),
  .UNSPECIFIED.,.F.,.F.,(3,3),(0.,4.985111549132),
  .PIECEWISE_BEZIER_KNOTS.);
#7395 = CARTESIAN_POINT('',(0.,2.013764591801));
#7396 = CARTESIAN_POINT('',(2.492555774566,2.013764591801));
#7397 = CARTESIAN_POINT('',(4.985111549132,2.013764591801));
#7398 = ( GEOMETRIC_REPRESENTATION_CONTEXT(2) 
PARAMETRIC_REPRESENTATION_CONTEXT() REPRESENTATION_CONTEXT('2D SPACE',''
  ) );
#7399 = PCURVE('',#5145,#7400);
#7400 = DEFINITIONAL_REPRESENTATION('',(#7401),#7405);
#7401 = B_SPLINE_CURVE_WITH_KNOTS('',2,(#7402,#7403,#7404),
  .UNSPECIFIED.,.F.,.F.,(3,3),(0.,4.985111549132),
  .PIECEWISE_BEZIER_KNOTS.);
#7402 = CARTESIAN_POINT('',(2.630955958845E-14,2.013764591801));
#7403 = CARTESIAN_POINT('',(2.492552845153,2.013764591801));
#7404 = CARTESIAN_POINT('',(4.985105690306,2.013764591801));
#7405 = ( GEOMETRIC_REPRESENTATION_CONTEXT(2) 
PARAMETRIC_REPRESENTATION_CONTEXT() REPRESENTATION_CONTEXT('2D SPACE',''
  ) );
#7406 = ORIENTED_EDGE('',*,*,#5245,.F.);
#7407 = ADVANCED_FACE('',(#7408),#5059,.T.);
#7408 = FACE_BOUND('',#7409,.T.);
#7409 = EDGE_LOOP('',(#7410,#7411,#7412,#7470));
#7410 = ORIENTED_EDGE('',*,*,#7225,.T.);
#7411 = ORIENTED_EDGE('',*,*,#5915,.T.);
#7412 = ORIENTED_EDGE('',*,*,#7413,.F.);
#7413 = EDGE_CURVE('',#5037,#5888,#7414,.T.);
#7414 = SURFACE_CURVE('',#7415,(#7453,#7461),.PCURVE_S1.);
#7415 = B_SPLINE_CURVE_WITH_KNOTS('',6,(#7416,#7417,#7418,#7419,#7420,
    #7421,#7422,#7423,#7424,#7425,#7426,#7427,#7428,#7429,#7430,#7431,
    #7432,#7433,#7434,#7435,#7436,#7437,#7438,#7439,#7440,#7441,#7442,
    #7443,#7444,#7445,#7446,#7447,#7448,#7449,#7450,#7451,#7452),
  .UNSPECIFIED.,.F.,.F.,(7,5,5,5,5,5,5,7),(0.,6.085645801937E-03,
    1.415419951494E-02,4.240374096954E-02,0.217914425106,0.393059337801,
    0.653357443298,1.),.UNSPECIFIED.);
#7416 = CARTESIAN_POINT('',(263.68033582794,152.79887408861,
    16.553641023916));
#7417 = CARTESIAN_POINT('',(263.68033577233,152.79887435948,
    16.552879962643));
#7418 = CARTESIAN_POINT('',(263.68048569046,152.79814484665,
    16.551949902886));
#7419 = CARTESIAN_POINT('',(263.68066272311,152.79728558685,
    16.550999395555));
#7420 = CARTESIAN_POINT('',(263.68080598562,152.79659400698,
    16.550097536884));
#7421 = CARTESIAN_POINT('',(263.6809165679,152.79606492414,
    16.549233968439));
#7422 = CARTESIAN_POINT('',(263.68124443266,152.79449643184,
    16.547105618277));
#7423 = CARTESIAN_POINT('',(263.68143332436,152.79359768856,
    16.54589149781));
#7424 = CARTESIAN_POINT('',(263.68162368081,152.79269690213,
    16.544676976337));
#7425 = CARTESIAN_POINT('',(263.68181519075,152.79179559616,
    16.543462325801));
#7426 = CARTESIAN_POINT('',(263.68200776038,152.79089423157,
    16.542247629456));
#7427 = CARTESIAN_POINT('',(263.68287987966,152.78683404524,
    16.536779369355));
#7428 = CARTESIAN_POINT('',(263.68357185639,152.78367216611,
    16.532524890201));
#7429 = CARTESIAN_POINT('',(263.68427650937,152.78051124548,
    16.528270270355));
#7430 = CARTESIAN_POINT('',(263.68499379453,152.77735160583,
    16.524015668642));
#7431 = CARTESIAN_POINT('',(263.68572391514,152.77419235655,
    16.519761030107));
#7432 = CARTESIAN_POINT('',(263.69108137383,152.75141540473,
    16.489074669473));
#7433 = CARTESIAN_POINT('',(263.6961854663,152.73184469514,
    16.462651101605));
#7434 = CARTESIAN_POINT('',(263.70177747586,152.71235325908,
    16.4362658394));
#7435 = CARTESIAN_POINT('',(263.70785857495,152.69295260361,
    16.40994549925));
#7436 = CARTESIAN_POINT('',(263.71442573172,152.67366805753,
    16.383719031493));
#7437 = CARTESIAN_POINT('',(263.72851155765,152.63540707815,
    16.331562995462));
#7438 = CARTESIAN_POINT('',(263.73602814271,152.61643038857,
    16.305632947823));
#7439 = CARTESIAN_POINT('',(263.74402242568,152.59760743512,
    16.279851343722));
#7440 = CARTESIAN_POINT('',(263.75248966323,152.57895788363,
    16.254245380675));
#7441 = CARTESIAN_POINT('',(263.76142368946,152.56050117459,
    16.228841778381));
#7442 = CARTESIAN_POINT('',(263.78477700753,152.51514155786,
    16.166252019612));
#7443 = CARTESIAN_POINT('',(263.79975133745,152.48849492468,
    16.129342107169));
#7444 = CARTESIAN_POINT('',(263.81571501089,152.46237940612,
    16.093022784495));
#7445 = CARTESIAN_POINT('',(263.8326359898,152.43685606066,
    16.057376512687));
#7446 = CARTESIAN_POINT('',(263.85047536423,152.41198293122,
    16.022480929194));
#7447 = CARTESIAN_POINT('',(263.89410699613,152.35562732863,
    15.943030995143));
#7448 = CARTESIAN_POINT('',(263.92057445948,152.32468916852,
    15.899112165695));
#7449 = CARTESIAN_POINT('',(263.94848270596,152.29512660041,
    15.856819802728));
#7450 = CARTESIAN_POINT('',(263.97770347993,152.26705253397,
    15.816301732043));
#7451 = CARTESIAN_POINT('',(264.0080921566,152.24056079913,
    15.777680044387));
#7452 = CARTESIAN_POINT('',(264.03949232081,152.21572148366,
    15.741046519477));
#7453 = PCURVE('',#5059,#7454);
#7454 = DEFINITIONAL_REPRESENTATION('',(#7455),#7460);
#7455 = B_SPLINE_CURVE_WITH_KNOTS('',3,(#7456,#7457,#7458,#7459),
  .UNSPECIFIED.,.F.,.F.,(4,4),(0.,1.),.PIECEWISE_BEZIER_KNOTS.);
#7456 = CARTESIAN_POINT('',(-1.078975722444E-14,4.937394707426));
#7457 = CARTESIAN_POINT('',(1.637872790044,4.643547559482));
#7458 = CARTESIAN_POINT('',(3.279125574541,4.354642859291));
#7459 = CARTESIAN_POINT('',(4.961761647251,4.163173914985));
#7460 = ( GEOMETRIC_REPRESENTATION_CONTEXT(2) 
PARAMETRIC_REPRESENTATION_CONTEXT() REPRESENTATION_CONTEXT('2D SPACE',''
  ) );
#7461 = PCURVE('',#5106,#7462);
#7462 = DEFINITIONAL_REPRESENTATION('',(#7463),#7469);
#7463 = B_SPLINE_CURVE_WITH_KNOTS('',4,(#7464,#7465,#7466,#7467,#7468),
  .UNSPECIFIED.,.F.,.F.,(5,5),(0.,1.),.PIECEWISE_BEZIER_KNOTS.);
#7464 = CARTESIAN_POINT('',(7.803940137944E-03,10.409670449857));
#7465 = CARTESIAN_POINT('',(0.186918470063,10.184657872125));
#7466 = CARTESIAN_POINT('',(0.364357201853,9.955551154754));
#7467 = CARTESIAN_POINT('',(0.530575948539,9.755649483779));
#7468 = CARTESIAN_POINT('',(0.696928835905,9.597075945418));
#7469 = ( GEOMETRIC_REPRESENTATION_CONTEXT(2) 
PARAMETRIC_REPRESENTATION_CONTEXT() REPRESENTATION_CONTEXT('2D SPACE',''
  ) );
#7470 = ORIENTED_EDGE('',*,*,#5036,.F.);
#7471 = ADVANCED_FACE('',(#7472),#5106,.F.);
#7472 = FACE_BOUND('',#7473,.F.);
#7473 = EDGE_LOOP('',(#7474,#7475,#7476,#7564,#7565));
#7474 = ORIENTED_EDGE('',*,*,#7413,.F.);
#7475 = ORIENTED_EDGE('',*,*,#5091,.F.);
#7476 = ORIENTED_EDGE('',*,*,#7477,.T.);
#7477 = EDGE_CURVE('',#5092,#6135,#7478,.T.);
#7478 = SURFACE_CURVE('',#7479,(#7524,#7545),.PCURVE_S1.);
#7479 = B_SPLINE_CURVE_WITH_KNOTS('',7,(#7480,#7481,#7482,#7483,#7484,
    #7485,#7486,#7487,#7488,#7489,#7490,#7491,#7492,#7493,#7494,#7495,
    #7496,#7497,#7498,#7499,#7500,#7501,#7502,#7503,#7504,#7505,#7506,
    #7507,#7508,#7509,#7510,#7511,#7512,#7513,#7514,#7515,#7516,#7517,
    #7518,#7519,#7520,#7521,#7522,#7523),.UNSPECIFIED.,.F.,.F.,(8,6,6,6,
    6,6,6,8),(0.,1.473425660337E-02,2.862120413474E-02,
    5.465406598843E-02,0.348264461289,0.633085291769,0.978320645551,1.),
  .UNSPECIFIED.);
#7480 = CARTESIAN_POINT('',(263.68020445373,152.79951499879,
    3.890235371886));
#7481 = CARTESIAN_POINT('',(263.68020579926,152.79950842366,
    3.890233926285));
#7482 = CARTESIAN_POINT('',(263.68027912461,152.79914976588,
    3.890075617057));
#7483 = CARTESIAN_POINT('',(263.68038586642,152.79862954581,
    3.890197013813));
#7484 = CARTESIAN_POINT('',(263.68054743368,152.79784197025,
    3.890788355312));
#7485 = CARTESIAN_POINT('',(263.68081317897,152.79655100975,
    3.891901663418));
#7486 = CARTESIAN_POINT('',(263.68122836981,152.79455647603,
    3.893558857049));
#7487 = CARTESIAN_POINT('',(263.68234295364,152.78931878063,
    3.898028553242));
#7488 = CARTESIAN_POINT('',(263.68288966215,152.78678739728,
    3.900202451162));
#7489 = CARTESIAN_POINT('',(263.68344319973,152.78426147704,
    3.902378855725));
#7490 = CARTESIAN_POINT('',(263.6840041647,152.78173809188,
    3.904555987434));
#7491 = CARTESIAN_POINT('',(263.68457283954,152.77921585798,
    3.906732991462));
#7492 = CARTESIAN_POINT('',(263.6851491908,152.77669493576,
    3.908909937647));
#7493 = CARTESIAN_POINT('',(263.68682704901,152.76945689275,
    3.91517054086));
#7494 = CARTESIAN_POINT('',(263.68794768004,152.76474392192,
    3.919254470027));
#7495 = CARTESIAN_POINT('',(263.68909481494,152.76003783745,
    3.923339234189));
#7496 = CARTESIAN_POINT('',(263.6902684805,152.75533848665,3.92742453488
    ));
#7497 = CARTESIAN_POINT('',(263.6914686775,152.75064584404,
    3.931510148983));
#7498 = CARTESIAN_POINT('',(263.69269538082,152.74596001132,
    3.935595928726));
#7499 = CARTESIAN_POINT('',(263.7080822284,152.68851166292,
    3.985764125702));
#7500 = CARTESIAN_POINT('',(263.72558256994,152.63662968538,
    4.03185045692));
#7501 = CARTESIAN_POINT('',(263.74640866527,152.58580394004,
    4.077747427048));
#7502 = CARTESIAN_POINT('',(263.77051379382,152.53624458433,
    4.123276471677));
#7503 = CARTESIAN_POINT('',(263.79785708209,152.4881353534,
    4.168228513205));
#7504 = CARTESIAN_POINT('',(263.82838887589,152.44169405344,
    4.212396282289));
#7505 = CARTESIAN_POINT('',(263.89471068891,152.3539211705,
    4.297414805638));
#7506 = CARTESIAN_POINT('',(263.93031277306,152.3124826953,4.33832158227
    ));
#7507 = CARTESIAN_POINT('',(263.96880824303,152.27302758609,
    4.378065815584));
#7508 = CARTESIAN_POINT('',(264.01013180433,152.2357784629,
    4.416420625149));
#7509 = CARTESIAN_POINT('',(264.05419529599,152.20097777232,
    4.453138080604));
#7510 = CARTESIAN_POINT('',(264.10087759062,152.16888319099,
    4.48795330244));
#7511 = CARTESIAN_POINT('',(264.20957217466,152.10445704299,
    4.56015568867));
#7512 = CARTESIAN_POINT('',(264.27274285827,152.07351512945,
    4.596526504905));
#7513 = CARTESIAN_POINT('',(264.33921131921,152.04741782366,
    4.629203452872));
#7514 = CARTESIAN_POINT('',(264.40855313134,152.02666042088,
    4.657665336184));
#7515 = CARTESIAN_POINT('',(264.48019727013,152.01170965541,
    4.681409940055));
#7516 = CARTESIAN_POINT('',(264.55341732106,152.00293777305,
    4.700014547027));
#7517 = CARTESIAN_POINT('',(264.63199315195,152.00037871325,
    4.714047789765));
#7518 = CARTESIAN_POINT('',(264.63663867346,152.0002526051,
    4.714855657437));
#7519 = CARTESIAN_POINT('',(264.6412867783,152.00015163769,
    4.715642162214));
#7520 = CARTESIAN_POINT('',(264.64593736111,152.00007585504,
    4.716407258136));
#7521 = CARTESIAN_POINT('',(264.65059003466,152.00002529639,
    4.71715085999));
#7522 = CARTESIAN_POINT('',(264.65524475878,152.00000000004,
    4.717872937502));
#7523 = CARTESIAN_POINT('',(264.65990122533,152.,4.718573422712));
#7524 = PCURVE('',#5106,#7525);
#7525 = DEFINITIONAL_REPRESENTATION('',(#7526),#7544);
#7526 = B_SPLINE_CURVE_WITH_KNOTS('',8,(#7527,#7528,#7529,#7530,#7531,
    #7532,#7533,#7534,#7535,#7536,#7537,#7538,#7539,#7540,#7541,#7542,
    #7543),.UNSPECIFIED.,.F.,.F.,(9,8,9),(0.,0.25,1.),.UNSPECIFIED.);
#7527 = CARTESIAN_POINT('',(7.110998557349E-03,-2.253735202173));
#7528 = CARTESIAN_POINT('',(2.154234963932E-03,-2.261547881676));
#7529 = CARTESIAN_POINT('',(0.152644289452,-2.133523555646));
#7530 = CARTESIAN_POINT('',(2.923413440891E-02,-2.242303090809));
#7531 = CARTESIAN_POINT('',(0.244525674417,-2.057838642058));
#7532 = CARTESIAN_POINT('',(0.162245569175,-2.129989591767));
#7533 = CARTESIAN_POINT('',(0.259575356015,-2.047239502776));
#7534 = CARTESIAN_POINT('',(0.28487273978,-2.026559520144));
#7535 = CARTESIAN_POINT('',(0.327003750932,-1.991610177367));
#7536 = CARTESIAN_POINT('',(0.448010616543,-1.891835110137));
#7537 = CARTESIAN_POINT('',(0.56743611982,-1.794425261168));
#7538 = CARTESIAN_POINT('',(0.687390311624,-1.70234065547));
#7539 = CARTESIAN_POINT('',(0.809983242816,-1.618541318051));
#7540 = CARTESIAN_POINT('',(0.937324964257,-1.54598727392));
#7541 = CARTESIAN_POINT('',(1.071525526809,-1.487638548087));
#7542 = CARTESIAN_POINT('',(1.214694981334,-1.446455165559));
#7543 = CARTESIAN_POINT('',(1.368943378693,-1.425397151347));
#7544 = ( GEOMETRIC_REPRESENTATION_CONTEXT(2) 
PARAMETRIC_REPRESENTATION_CONTEXT() REPRESENTATION_CONTEXT('2D SPACE',''
  ) );
#7545 = PCURVE('',#5145,#7546);
#7546 = DEFINITIONAL_REPRESENTATION('',(#7547),#7563);
#7547 = B_SPLINE_CURVE_WITH_KNOTS('',7,(#7548,#7549,#7550,#7551,#7552,
    #7553,#7554,#7555,#7556,#7557,#7558,#7559,#7560,#7561,#7562),
  .UNSPECIFIED.,.F.,.F.,(8,7,8),(0.,6.25E-02,1.),.UNSPECIFIED.);
#7548 = CARTESIAN_POINT('',(2.144549980779E-03,4.440938069651));
#7549 = CARTESIAN_POINT('',(2.302334117505E-03,4.44035241218));
#7550 = CARTESIAN_POINT('',(-8.071390647743E-03,4.441662199404));
#7551 = CARTESIAN_POINT('',(9.814210200207E-02,4.411407481097));
#7552 = CARTESIAN_POINT('',(4.589204486345E-02,4.423877118959));
#7553 = CARTESIAN_POINT('',(0.114975840247,4.404080474463));
#7554 = CARTESIAN_POINT('',(0.127111024602,4.399193336509));
#7555 = CARTESIAN_POINT('',(0.154579002852,4.390350919842));
#7556 = CARTESIAN_POINT('',(0.540062630645,4.265064552366));
#7557 = CARTESIAN_POINT('',(0.922854421521,4.138744575185));
#7558 = CARTESIAN_POINT('',(1.311455689122,4.018178622352));
#7559 = CARTESIAN_POINT('',(1.71105825781,3.910775324901));
#7560 = CARTESIAN_POINT('',(2.123544462674,3.824564310849));
#7561 = CARTESIAN_POINT('',(2.547487149521,3.768196205193));
#7562 = CARTESIAN_POINT('',(2.978149674885,3.750942629913));
#7563 = ( GEOMETRIC_REPRESENTATION_CONTEXT(2) 
PARAMETRIC_REPRESENTATION_CONTEXT() REPRESENTATION_CONTEXT('2D SPACE',''
  ) );
#7564 = ORIENTED_EDGE('',*,*,#6170,.T.);
#7565 = ORIENTED_EDGE('',*,*,#5887,.F.);
#7566 = ADVANCED_FACE('',(#7567),#5145,.F.);
#7567 = FACE_BOUND('',#7568,.F.);
#7568 = EDGE_LOOP('',(#7569,#7570,#7571,#7572,#7573));
#7569 = ORIENTED_EDGE('',*,*,#7477,.F.);
#7570 = ORIENTED_EDGE('',*,*,#5120,.F.);
#7571 = ORIENTED_EDGE('',*,*,#7382,.T.);
#7572 = ORIENTED_EDGE('',*,*,#6198,.T.);
#7573 = ORIENTED_EDGE('',*,*,#6134,.F.);
#7574 = ADVANCED_FACE('',(#7575),#5601,.F.);
#7575 = FACE_BOUND('',#7576,.F.);
#7576 = EDGE_LOOP('',(#7577,#7696,#7697,#7698,#7699,#7781));
#7577 = ORIENTED_EDGE('',*,*,#7578,.T.);
#7578 = EDGE_CURVE('',#5565,#6435,#7579,.T.);
#7579 = SURFACE_CURVE('',#7580,(#7660,#7675),.PCURVE_S1.);
#7580 = B_SPLINE_CURVE_WITH_KNOTS('',8,(#7581,#7582,#7583,#7584,#7585,
    #7586,#7587,#7588,#7589,#7590,#7591,#7592,#7593,#7594,#7595,#7596,
    #7597,#7598,#7599,#7600,#7601,#7602,#7603,#7604,#7605,#7606,#7607,
    #7608,#7609,#7610,#7611,#7612,#7613,#7614,#7615,#7616,#7617,#7618,
    #7619,#7620,#7621,#7622,#7623,#7624,#7625,#7626,#7627,#7628,#7629,
    #7630,#7631,#7632,#7633,#7634,#7635,#7636,#7637,#7638,#7639,#7640,
    #7641,#7642,#7643,#7644,#7645,#7646,#7647,#7648,#7649,#7650,#7651,
    #7652,#7653,#7654,#7655,#7656,#7657,#7658,#7659),.UNSPECIFIED.,.F.,
  .F.,(9,7,7,7,7,7,7,7,7,7,7,9),(0.,2.825691777737E-02,
    4.228716216563E-02,7.369951014801E-02,0.308164186082,0.542374992006,
    0.771843952292,0.885450629217,0.942838233282,0.971491574333,
    0.98581263608,1.),.UNSPECIFIED.);
#7581 = CARTESIAN_POINT('',(252.79951499879,163.68020445373,
    3.890670167899));
#7582 = CARTESIAN_POINT('',(252.79904337207,163.68030096735,
    3.89056669914));
#7583 = CARTESIAN_POINT('',(252.79868040945,163.68037549556,
    3.890683785889));
#7584 = CARTESIAN_POINT('',(252.79838486081,163.68043633474,
    3.89085092832));
#7585 = CARTESIAN_POINT('',(252.79814184867,163.68048642384,
    3.89099084441));
#7586 = CARTESIAN_POINT('',(252.79794547822,163.68052691764,
    3.891092626545));
#7587 = CARTESIAN_POINT('',(252.79778144734,163.68056075999,
    3.891184898136));
#7588 = CARTESIAN_POINT('',(252.79760965657,163.68059625704,
    3.891308970225));
#7589 = CARTESIAN_POINT('',(252.79721631406,163.68067765818,
    3.891582875872));
#7590 = CARTESIAN_POINT('',(252.79573729651,163.68098266765,
    3.892661004595));
#7591 = CARTESIAN_POINT('',(252.79355091676,163.68143822144,
    3.894412484654));
#7592 = CARTESIAN_POINT('',(252.79103782709,163.68196937553,
    3.896560331816));
#7593 = CARTESIAN_POINT('',(252.7884004432,163.68253633431,
    3.898873546331));
#7594 = CARTESIAN_POINT('',(252.78574520571,163.68311708562,
    3.901176182031));
#7595 = CARTESIAN_POINT('',(252.78316484155,163.68369003572,
    3.903356415433));
#7596 = CARTESIAN_POINT('',(252.77557215429,163.68539566936,
    3.909896405272));
#7597 = CARTESIAN_POINT('',(252.77033825893,163.68660530592,
    3.914420887644));
#7598 = CARTESIAN_POINT('',(252.76511276546,163.6878468169,
    3.918946734319));
#7599 = CARTESIAN_POINT('',(252.75989520224,163.68912029734,3.9234735274
    ));
#7600 = CARTESIAN_POINT('',(252.75468637806,163.69042557916,
    3.928001277659));
#7601 = CARTESIAN_POINT('',(252.74948622963,163.69176267165,
    3.932529703621));
#7602 = CARTESIAN_POINT('',(252.74429393837,163.6931317376,
    3.937058270827));
#7603 = CARTESIAN_POINT('',(252.70041928274,163.70498880938,
    3.975389780151));
#7604 = CARTESIAN_POINT('',(252.66220106857,163.71721882623,
    4.009197399367));
#7605 = CARTESIAN_POINT('',(252.62451780866,163.73120750484,
    4.042922504611));
#7606 = CARTESIAN_POINT('',(252.58747420303,163.74692768286,
    4.076490655648));
#7607 = CARTESIAN_POINT('',(252.55113355339,163.76435724022,
    4.109812148079));
#7608 = CARTESIAN_POINT('',(252.51559264181,163.78346359387,
    4.142807211683));
#7609 = CARTESIAN_POINT('',(252.48092785304,163.80421442187,
    4.175388068177));
#7610 = CARTESIAN_POINT('',(252.41355627423,163.84890429844,
    4.239514962011));
#7611 = CARTESIAN_POINT('',(252.38084756054,163.87283966861,
    4.271061584421));
#7612 = CARTESIAN_POINT('',(252.34917997419,163.89833975099,
    4.30202266757));
#7613 = CARTESIAN_POINT('',(252.31863631934,163.92536215796,
    4.332310460077));
#7614 = CARTESIAN_POINT('',(252.28929941085,163.95385938558,
    4.361836173556));
#7615 = CARTESIAN_POINT('',(252.26125157922,163.98377826146,
    4.390510614247));
#7616 = CARTESIAN_POINT('',(252.23457417562,164.01505939262,
    4.418244814654));
#7617 = CARTESIAN_POINT('',(252.18463072721,164.07955427395,
    4.471115827505));
#7618 = CARTESIAN_POINT('',(252.16130666052,164.11271589975,
    4.496293751897));
#7619 = CARTESIAN_POINT('',(252.13944991398,164.14705913384,
    4.520401626892));
#7620 = CARTESIAN_POINT('',(252.11913431165,164.18251489478,
    4.543357297908));
#7621 = CARTESIAN_POINT('',(252.10043132961,164.21900713765,
    4.565080476966));
#7622 = CARTESIAN_POINT('',(252.08340896121,164.25645261508,
    4.585493952409));
#7623 = CARTESIAN_POINT('',(252.06813058231,164.29476063822,
    4.604524798622));
#7624 = CARTESIAN_POINT('',(252.04798166981,164.3531769038,
    4.630809572557));
#7625 = CARTESIAN_POINT('',(252.04175106196,164.37270831207,
    4.639158188526));
#7626 = CARTESIAN_POINT('',(252.03596905067,164.39241511249,
    4.647143181946));
#7627 = CARTESIAN_POINT('',(252.03064224769,164.41228495512,
    4.654756731028));
#7628 = CARTESIAN_POINT('',(252.02577681888,164.43230509014,
    4.661991443904));
#7629 = CARTESIAN_POINT('',(252.02137848418,164.45246236783,
    4.668840358624));
#7630 = CARTESIAN_POINT('',(252.01745251765,164.47274323856,
    4.675296943164));
#7631 = CARTESIAN_POINT('',(252.01226162569,164.50343387587,
    4.684415327896));
#7632 = CARTESIAN_POINT('',(252.01064125817,164.51376198414,
    4.687373904457));
#7633 = CARTESIAN_POINT('',(252.00914325917,164.5241162831,
    4.690230046664));
#7634 = CARTESIAN_POINT('',(252.00776820634,164.53449495785,
    4.692983011675));
#7635 = CARTESIAN_POINT('',(252.00651664066,164.54489617312,
    4.695632092247));
#7636 = CARTESIAN_POINT('',(252.00538906649,164.55531807326,
    4.698176616729));
#7637 = CARTESIAN_POINT('',(252.00438595152,164.56575878223,
    4.700615949067));
#7638 = CARTESIAN_POINT('',(252.00306923358,164.58143784115,
    4.704114613409));
#7639 = CARTESIAN_POINT('',(252.00266187464,164.58666349529,
    4.705253364722));
#7640 = CARTESIAN_POINT('',(252.00228570338,164.5918931302,
    4.706365668212));
#7641 = CARTESIAN_POINT('',(252.00194077076,164.59712650903,
    4.707451451763));
#7642 = CARTESIAN_POINT('',(252.00162712525,164.60236339392,
    4.708510645662));
#7643 = CARTESIAN_POINT('',(252.00134481285,164.60760354599,
    4.709543182604));
#7644 = CARTESIAN_POINT('',(252.00109387709,164.61284672537,
    4.71054899769));
#7645 = CARTESIAN_POINT('',(252.00076464294,164.62071464716,
    4.712017352155));
#7646 = CARTESIAN_POINT('',(252.00066278085,164.62333716282,
    4.712499959586));
#7647 = CARTESIAN_POINT('',(252.0005687763,164.62596021053,
    4.712975844629));
#7648 = CARTESIAN_POINT('',(252.00048263278,164.62858376269,
    4.713445001313));
#7649 = CARTESIAN_POINT('',(252.00040435361,164.63120779162,
    4.713907423792));
#7650 = CARTESIAN_POINT('',(252.00033394202,164.63383226966,
    4.714363106339));
#7651 = CARTESIAN_POINT('',(252.00027140114,164.63645716909,
    4.714812043352));
#7652 = CARTESIAN_POINT('',(252.00016257709,164.64168324618,
    4.715692287209));
#7653 = CARTESIAN_POINT('',(252.00011614514,164.64428453822,
    4.716123739962));
#7654 = CARTESIAN_POINT('',(252.00007744226,164.64688630148,
    4.716548579675));
#7655 = CARTESIAN_POINT('',(252.0000464725,164.64948850757,
    4.716966799853));
#7656 = CARTESIAN_POINT('',(252.00002323974,164.65209113184,
    4.717378394729));
#7657 = CARTESIAN_POINT('',(252.00000774773,164.65469414871,
    4.717783358553));
#7658 = CARTESIAN_POINT('',(252.00000000004,164.65729752703,
    4.71818168488));
#7659 = CARTESIAN_POINT('',(252.,164.65990122533,4.718573365862));
#7660 = PCURVE('',#5601,#7661);
#7661 = DEFINITIONAL_REPRESENTATION('',(#7662),#7674);
#7662 = B_SPLINE_CURVE_WITH_KNOTS('',5,(#7663,#7664,#7665,#7666,#7667,
    #7668,#7669,#7670,#7671,#7672,#7673),.UNSPECIFIED.,.F.,.F.,(6,5,6),(
    1.134417115071E-03,3.234896658023E-02,1.),.UNSPECIFIED.);
#7663 = CARTESIAN_POINT('',(6.136877052182E-03,-0.413356069399));
#7664 = CARTESIAN_POINT('',(8.863400046608E-03,-0.412280854988));
#7665 = CARTESIAN_POINT('',(-1.265514855262E-03,-0.414115486943));
#7666 = CARTESIAN_POINT('',(2.845702934406E-02,-0.408848523434));
#7667 = CARTESIAN_POINT('',(-7.737219554344E-03,-0.415107862154));
#7668 = CARTESIAN_POINT('',(2.299654974004E-02,-0.409693453055));
#7669 = CARTESIAN_POINT('',(1.196325142371,-0.219032848803));
#7670 = CARTESIAN_POINT('',(2.353615227477,-2.255204983345E-02));
#7671 = CARTESIAN_POINT('',(3.534056173063,0.144575032663));
#7672 = CARTESIAN_POINT('',(4.74386827073,0.252474504781));
#7673 = CARTESIAN_POINT('',(5.95630273567,0.276572489905));
#7674 = ( GEOMETRIC_REPRESENTATION_CONTEXT(2) 
PARAMETRIC_REPRESENTATION_CONTEXT() REPRESENTATION_CONTEXT('2D SPACE',''
  ) );
#7675 = PCURVE('',#5750,#7676);
#7676 = DEFINITIONAL_REPRESENTATION('',(#7677),#7695);
#7677 = B_SPLINE_CURVE_WITH_KNOTS('',8,(#7678,#7679,#7680,#7681,#7682,
    #7683,#7684,#7685,#7686,#7687,#7688,#7689,#7690,#7691,#7692,#7693,
    #7694),.UNSPECIFIED.,.F.,.F.,(9,8,9),(1.134417115071E-03,
    6.356351604538E-02,1.),.UNSPECIFIED.);
#7678 = CARTESIAN_POINT('',(1.346489157124E-02,-2.253324285058));
#7679 = CARTESIAN_POINT('',(1.517697337444E-02,-2.252792477589));
#7680 = CARTESIAN_POINT('',(7.815652708816E-03,-2.259018512421));
#7681 = CARTESIAN_POINT('',(4.634831643801E-02,-2.226390516912));
#7682 = CARTESIAN_POINT('',(-5.056514902017E-02,-2.307172414587));
#7683 = CARTESIAN_POINT('',(7.562002982248E-02,-2.204342876144));
#7684 = CARTESIAN_POINT('',(2.657546253532E-02,-2.243642459983));
#7685 = CARTESIAN_POINT('',(5.395437366407E-02,-2.22156168145));
#7686 = CARTESIAN_POINT('',(6.294777453186E-02,-2.214073332438));
#7687 = CARTESIAN_POINT('',(0.22658919342,-2.078760461956));
#7688 = CARTESIAN_POINT('',(0.38239018153,-1.943302131294));
#7689 = CARTESIAN_POINT('',(0.53421495877,-1.813017978392));
#7690 = CARTESIAN_POINT('',(0.685927745048,-1.693227641192));
#7691 = CARTESIAN_POINT('',(0.841392760272,-1.589250757632));
#7692 = CARTESIAN_POINT('',(1.004474224349,-1.506406965653));
#7693 = CARTESIAN_POINT('',(1.179036357187,-1.450015903194));
#7694 = CARTESIAN_POINT('',(1.368943378693,-1.425397208197));
#7695 = ( GEOMETRIC_REPRESENTATION_CONTEXT(2) 
PARAMETRIC_REPRESENTATION_CONTEXT() REPRESENTATION_CONTEXT('2D SPACE',''
  ) );
#7696 = ORIENTED_EDGE('',*,*,#6434,.T.);
#7697 = ORIENTED_EDGE('',*,*,#6575,.T.);
#7698 = ORIENTED_EDGE('',*,*,#6513,.F.);
#7699 = ORIENTED_EDGE('',*,*,#7700,.F.);
#7700 = EDGE_CURVE('',#5567,#6514,#7701,.T.);
#7701 = SURFACE_CURVE('',#7702,(#7741,#7762),.PCURVE_S1.);
#7702 = B_SPLINE_CURVE_WITH_KNOTS('',7,(#7703,#7704,#7705,#7706,#7707,
    #7708,#7709,#7710,#7711,#7712,#7713,#7714,#7715,#7716,#7717,#7718,
    #7719,#7720,#7721,#7722,#7723,#7724,#7725,#7726,#7727,#7728,#7729,
    #7730,#7731,#7732,#7733,#7734,#7735,#7736,#7737,#7738,#7739,#7740),
  .UNSPECIFIED.,.F.,.F.,(8,6,6,6,6,6,8),(0.,1.041136039462E-02,
    2.226880888627E-02,4.767704619768E-02,0.289609798497,0.527928960073,
    1.),.UNSPECIFIED.);
#7703 = CARTESIAN_POINT('',(247.2004850012,163.68020445373,
    3.890037551823));
#7704 = CARTESIAN_POINT('',(247.20151551322,163.68041533755,3.8898112746
    ));
#7705 = CARTESIAN_POINT('',(247.20277244414,163.68067322114,
    3.891529570485));
#7706 = CARTESIAN_POINT('',(247.20475371396,163.68108501215,
    3.892960260952));
#7707 = CARTESIAN_POINT('',(247.20590315034,163.68132794963,
    3.893748876602));
#7708 = CARTESIAN_POINT('',(247.20593268547,163.68133670398,
    3.894063477788));
#7709 = CARTESIAN_POINT('',(247.20636786019,163.68142471755,
    3.894320166978));
#7710 = CARTESIAN_POINT('',(247.21053608581,163.68231250507,
    3.897890252271));
#7711 = CARTESIAN_POINT('',(247.2127493475,163.68279003722,
    3.899793143679));
#7712 = CARTESIAN_POINT('',(247.21495897397,163.68327290492,
    3.901697089602));
#7713 = CARTESIAN_POINT('',(247.21716665703,163.68376145439,
    3.903601501908));
#7714 = CARTESIAN_POINT('',(247.21937322665,163.68425585547,
    3.905506081784));
#7715 = CARTESIAN_POINT('',(247.22157865092,163.68475610162,
    3.90741081974));
#7716 = CARTESIAN_POINT('',(247.22850346781,163.6863460742,
    3.913398421989));
#7717 = CARTESIAN_POINT('',(247.23321798305,163.68745663732,
    3.91748203453));
#7718 = CARTESIAN_POINT('',(247.23792585204,163.68859375377,
    3.921566538496));
#7719 = CARTESIAN_POINT('',(247.24262721003,163.6897574496,
    3.925651684093));
#7720 = CARTESIAN_POINT('',(247.24732205732,163.69094772242,
    3.929737266465));
#7721 = CARTESIAN_POINT('',(247.2520102592,163.69216454136,
    3.933823125701));
#7722 = CARTESIAN_POINT('',(247.30126593319,163.70524638485,
    3.976815519016));
#7723 = CARTESIAN_POINT('',(247.34522036645,163.71948776537,
    4.015733867004));
#7724 = CARTESIAN_POINT('',(247.38842926444,163.73610267993,
    4.054529644732));
#7725 = CARTESIAN_POINT('',(247.43074518294,163.75505055942,
    4.093072839081));
#7726 = CARTESIAN_POINT('',(247.47204106474,163.77628789731,
    4.131223756331));
#7727 = CARTESIAN_POINT('',(247.51217638902,163.7997606847,
    4.168844674604));
#7728 = CARTESIAN_POINT('',(247.58927864739,163.85067143975,
    4.24219101096));
#7729 = CARTESIAN_POINT('',(247.62628316833,163.87804456585,
    4.277935898551));
#7730 = CARTESIAN_POINT('',(247.66190215278,163.90746792165,
    4.312893604165));
#7731 = CARTESIAN_POINT('',(247.69600563602,163.93887360801,
    4.346926036129));
#7732 = CARTESIAN_POINT('',(247.72846394204,163.97218346045,
    4.379893465288));
#7733 = CARTESIAN_POINT('',(247.75914893586,164.00730762854,
    4.411656135512));
#7734 = CARTESIAN_POINT('',(247.84495627851,164.11710827184,
    4.502332370458));
#7735 = CARTESIAN_POINT('',(247.8945355774,164.19679907232,
    4.557327990472));
#7736 = CARTESIAN_POINT('',(247.93568588274,164.28240109147,
    4.605976978217));
#7737 = CARTESIAN_POINT('',(247.96747302844,164.37289533342,
    4.647222647111));
#7738 = CARTESIAN_POINT('',(247.98909707387,164.46700764793,
    4.680137060188));
#7739 = CARTESIAN_POINT('',(248.,164.56322822752,4.704030923374));
#7740 = CARTESIAN_POINT('',(248.,164.65990122533,4.718573691861));
#7741 = PCURVE('',#5601,#7742);
#7742 = DEFINITIONAL_REPRESENTATION('',(#7743),#7761);
#7743 = B_SPLINE_CURVE_WITH_KNOTS('',8,(#7744,#7745,#7746,#7747,#7748,
    #7749,#7750,#7751,#7752,#7753,#7754,#7755,#7756,#7757,#7758,#7759,
    #7760),.UNSPECIFIED.,.F.,.F.,(9,8,9),(1.12169438852E-04,
    3.135866414389E-02,1.),.UNSPECIFIED.);
#7744 = CARTESIAN_POINT('',(3.483786408669E-03,4.440843288221));
#7745 = CARTESIAN_POINT('',(2.668332076183E-03,4.43907984491));
#7746 = CARTESIAN_POINT('',(8.349011331974E-02,4.429881516787));
#7747 = CARTESIAN_POINT('',(-8.495106818811E-02,4.451075217566));
#7748 = CARTESIAN_POINT('',(0.188933461539,4.413192995838));
#7749 = CARTESIAN_POINT('',(2.362105560531E-02,4.4351868292));
#7750 = CARTESIAN_POINT('',(0.132698360853,4.419737998549));
#7751 = CARTESIAN_POINT('',(0.133189515937,4.419009375311));
#7752 = CARTESIAN_POINT('',(0.158775192744,4.414911620989));
#7753 = CARTESIAN_POINT('',(0.871900446872,4.299065821441));
#7754 = CARTESIAN_POINT('',(1.583313542103,4.181125929879));
#7755 = CARTESIAN_POINT('',(2.297319222292,4.067546008129));
#7756 = CARTESIAN_POINT('',(3.016785107619,3.964208691242));
#7757 = CARTESIAN_POINT('',(3.743141694589,3.876425187496));
#7758 = CARTESIAN_POINT('',(4.476382356036,3.808935278395));
#7759 = CARTESIAN_POINT('',(5.215063341117,3.765907318669));
#7760 = CARTESIAN_POINT('',(5.956303775318,3.750938236275));
#7761 = ( GEOMETRIC_REPRESENTATION_CONTEXT(2) 
PARAMETRIC_REPRESENTATION_CONTEXT() REPRESENTATION_CONTEXT('2D SPACE',''
  ) );
#7762 = PCURVE('',#5850,#7763);
#7763 = DEFINITIONAL_REPRESENTATION('',(#7764),#7780);
#7764 = B_SPLINE_CURVE_WITH_KNOTS('',7,(#7765,#7766,#7767,#7768,#7769,
    #7770,#7771,#7772,#7773,#7774,#7775,#7776,#7777,#7778,#7779),
  .UNSPECIFIED.,.F.,.F.,(8,7,8),(1.12169438852E-04,0.250084127079,1.),
  .UNSPECIFIED.);
#7765 = CARTESIAN_POINT('',(1.312893023605E-02,-2.253945444049));
#7766 = CARTESIAN_POINT('',(3.73454968797E-02,-2.238775096203));
#7767 = CARTESIAN_POINT('',(0.142067496519,-2.140646003187));
#7768 = CARTESIAN_POINT('',(0.110832124838,-2.184739964126));
#7769 = CARTESIAN_POINT('',(0.229853898715,-2.066624690758));
#7770 = CARTESIAN_POINT('',(0.236470498342,-2.0713926756));
#7771 = CARTESIAN_POINT('',(0.295948879108,-2.017552426045));
#7772 = CARTESIAN_POINT('',(0.340494594164,-1.980787622462));
#7773 = CARTESIAN_POINT('',(0.479771907068,-1.863975137377));
#7774 = CARTESIAN_POINT('',(0.616552762928,-1.753119192097));
#7775 = CARTESIAN_POINT('',(0.753863824375,-1.65214005289));
#7776 = CARTESIAN_POINT('',(0.894731754043,-1.564957986026));
#7777 = CARTESIAN_POINT('',(1.042183214563,-1.495493257777));
#7778 = CARTESIAN_POINT('',(1.199244868569,-1.44766613441));
#7779 = CARTESIAN_POINT('',(1.368943378693,-1.425396882198));
#7780 = ( GEOMETRIC_REPRESENTATION_CONTEXT(2) 
PARAMETRIC_REPRESENTATION_CONTEXT() REPRESENTATION_CONTEXT('2D SPACE',''
  ) );
#7781 = ORIENTED_EDGE('',*,*,#5564,.F.);
#7782 = ADVANCED_FACE('',(#7783),#5750,.T.);
#7783 = FACE_BOUND('',#7784,.T.);
#7784 = EDGE_LOOP('',(#7785,#7842,#7843,#7844,#7845));
#7785 = ORIENTED_EDGE('',*,*,#7786,.F.);
#7786 = EDGE_CURVE('',#5736,#6322,#7787,.T.);
#7787 = SURFACE_CURVE('',#7788,(#7826,#7834),.PCURVE_S1.);
#7788 = B_SPLINE_CURVE_WITH_KNOTS('',6,(#7789,#7790,#7791,#7792,#7793,
    #7794,#7795,#7796,#7797,#7798,#7799,#7800,#7801,#7802,#7803,#7804,
    #7805,#7806,#7807,#7808,#7809,#7810,#7811,#7812,#7813,#7814,#7815,
    #7816,#7817,#7818,#7819,#7820,#7821,#7822,#7823,#7824,#7825),
  .UNSPECIFIED.,.F.,.F.,(7,5,5,5,5,5,5,7),(0.,9.018376652189E-03,
    1.803953556707E-02,5.512915161338E-02,0.229537958532,0.403839406502,
    0.652904126872,1.),.UNSPECIFIED.);
#7789 = CARTESIAN_POINT('',(252.79826402513,163.68046128514,
    16.553484223929));
#7790 = CARTESIAN_POINT('',(252.79826337772,163.68046141849,
    16.552367573174));
#7791 = CARTESIAN_POINT('',(252.79710509806,163.68069979809,
    16.550967390155));
#7792 = CARTESIAN_POINT('',(252.79623828042,163.68087984404,
    16.549633546495));
#7793 = CARTESIAN_POINT('',(252.79526043176,163.6810839409,
    16.548281544624));
#7794 = CARTESIAN_POINT('',(252.79427251042,163.68129137565,
    16.546927259589));
#7795 = CARTESIAN_POINT('',(252.7922787016,163.68171264398,
    16.544203182097));
#7796 = CARTESIAN_POINT('',(252.79127397696,163.68192620533,
    16.542838927771));
#7797 = CARTESIAN_POINT('',(252.79026630764,163.6821416961,
    16.541473845492));
#7798 = CARTESIAN_POINT('',(252.78925699902,163.68235884982,
    16.540108285063));
#7799 = CARTESIAN_POINT('',(252.78824604986,163.68257766742,
    16.538742264932));
#7800 = CARTESIAN_POINT('',(252.78307439491,163.68370380326,
    16.53175857431));
#7801 = CARTESIAN_POINT('',(252.77889993019,163.68463506906,
    16.526136943488));
#7802 = CARTESIAN_POINT('',(252.77473084336,163.68558774799,
    16.52051601365));
#7803 = CARTESIAN_POINT('',(252.77055869957,163.68656361576,
    16.514894044354));
#7804 = CARTESIAN_POINT('',(252.76638979422,163.68756143034,
    16.509272757635));
#7805 = CARTESIAN_POINT('',(252.74262758387,163.69337837601,
    16.477221518393));
#7806 = CARTESIAN_POINT('',(252.72308109401,163.69866617285,
    16.450806024034));
#7807 = CARTESIAN_POINT('',(252.70362331949,163.70444118836,
    16.424440193145));
#7808 = CARTESIAN_POINT('',(252.68426370371,163.71070436541,
    16.398151494175));
#7809 = CARTESIAN_POINT('',(252.66503142238,163.71745093385,
    16.371971793815));
#7810 = CARTESIAN_POINT('',(252.62687042732,163.73189782594,
    16.319904182643));
#7811 = CARTESIAN_POINT('',(252.60794194922,163.73959747662,
    16.294016154294));
#7812 = CARTESIAN_POINT('',(252.58918094945,163.74777069772,
    16.268295517225));
#7813 = CARTESIAN_POINT('',(252.57060822571,163.7564110556,
    16.242771045132));
#7814 = CARTESIAN_POINT('',(252.55224404016,163.76551054112,
    16.217470656218));
#7815 = CARTESIAN_POINT('',(252.50819314226,163.7887044714,
    16.156627776472));
#7816 = CARTESIAN_POINT('',(252.48274417176,163.80326728392,
    16.121346820615));
#7817 = CARTESIAN_POINT('',(252.4578184784,163.81872017923,
    16.086657083517));
#7818 = CARTESIAN_POINT('',(252.43347030802,163.83502891781,
    16.052632311724));
#7819 = CARTESIAN_POINT('',(252.40974985088,163.852153606,
    16.019340215726));
#7820 = CARTESIAN_POINT('',(252.35458308603,163.89498905453,
    15.941550726258));
#7821 = CARTESIAN_POINT('',(252.32377055113,163.92142635385,
    15.897800397299));
#7822 = CARTESIAN_POINT('',(252.29438709811,163.94924029835,
    15.855754418486));
#7823 = CARTESIAN_POINT('',(252.26653529519,163.97829138082,
    15.815548597929));
#7824 = CARTESIAN_POINT('',(252.24029506565,164.00842802552,
    15.777288197307));
#7825 = CARTESIAN_POINT('',(252.21572096696,164.03949297398,
    15.741045757435));
#7826 = PCURVE('',#5750,#7827);
#7827 = DEFINITIONAL_REPRESENTATION('',(#7828),#7833);
#7828 = B_SPLINE_CURVE_WITH_KNOTS('',3,(#7829,#7830,#7831,#7832),
  .UNSPECIFIED.,.F.,.F.,(4,4),(0.,1.),.PIECEWISE_BEZIER_KNOTS.);
#7829 = CARTESIAN_POINT('',(1.463314486572E-02,10.40951364987));
#7830 = CARTESIAN_POINT('',(0.249580457385,10.106074614316));
#7831 = CARTESIAN_POINT('',(0.478172152486,9.803968528191));
#7832 = CARTESIAN_POINT('',(0.694183035892,9.597075183376));
#7833 = ( GEOMETRIC_REPRESENTATION_CONTEXT(2) 
PARAMETRIC_REPRESENTATION_CONTEXT() REPRESENTATION_CONTEXT('2D SPACE',''
  ) );
#7834 = PCURVE('',#5793,#7835);
#7835 = DEFINITIONAL_REPRESENTATION('',(#7836),#7841);
#7836 = B_SPLINE_CURVE_WITH_KNOTS('',3,(#7837,#7838,#7839,#7840),
  .UNSPECIFIED.,.F.,.F.,(4,4),(0.,1.),.PIECEWISE_BEZIER_KNOTS.);
#7837 = CARTESIAN_POINT('',(-2.508439908883E-14,-0.904291670521));
#7838 = CARTESIAN_POINT('',(3.299311340069,-0.60988293354));
#7839 = CARTESIAN_POINT('',(6.600174663567,-0.318846174798));
#7840 = CARTESIAN_POINT('',(9.923529684002,-0.130723066484));
#7841 = ( GEOMETRIC_REPRESENTATION_CONTEXT(2) 
PARAMETRIC_REPRESENTATION_CONTEXT() REPRESENTATION_CONTEXT('2D SPACE',''
  ) );
#7842 = ORIENTED_EDGE('',*,*,#5735,.F.);
#7843 = ORIENTED_EDGE('',*,*,#7578,.T.);
#7844 = ORIENTED_EDGE('',*,*,#6468,.T.);
#7845 = ORIENTED_EDGE('',*,*,#6362,.F.);
#7846 = ADVANCED_FACE('',(#7847),#5850,.F.);
#7847 = FACE_BOUND('',#7848,.F.);
#7848 = EDGE_LOOP('',(#7849,#7906,#7907,#7908,#7909));
#7849 = ORIENTED_EDGE('',*,*,#7850,.F.);
#7850 = EDGE_CURVE('',#5765,#6294,#7851,.T.);
#7851 = SURFACE_CURVE('',#7852,(#7890,#7898),.PCURVE_S1.);
#7852 = B_SPLINE_CURVE_WITH_KNOTS('',6,(#7853,#7854,#7855,#7856,#7857,
    #7858,#7859,#7860,#7861,#7862,#7863,#7864,#7865,#7866,#7867,#7868,
    #7869,#7870,#7871,#7872,#7873,#7874,#7875,#7876,#7877,#7878,#7879,
    #7880,#7881,#7882,#7883,#7884,#7885,#7886,#7887,#7888,#7889),
  .UNSPECIFIED.,.F.,.F.,(7,5,5,5,5,5,5,7),(0.,9.016690909791E-03,
    1.904020423232E-02,5.713226919891E-02,0.23154072655,0.403838230257,
    0.652903440085,1.),.UNSPECIFIED.);
#7853 = CARTESIAN_POINT('',(247.20182712533,163.68048006389,
    16.553460735166));
#7854 = CARTESIAN_POINT('',(247.20182747455,163.68048013586,
    16.552344394113));
#7855 = CARTESIAN_POINT('',(247.2028763074,163.68069611206,
    16.550969842815));
#7856 = CARTESIAN_POINT('',(247.20386181068,163.68090045917,
    16.549610104507));
#7857 = CARTESIAN_POINT('',(247.20473193326,163.68108249618,
    16.548281889838));
#7858 = CARTESIAN_POINT('',(247.20574864208,163.68129582607,
    16.546921493718));
#7859 = CARTESIAN_POINT('',(247.20784665462,163.6817391516,
    16.54404794071));
#7860 = CARTESIAN_POINT('',(247.20896189705,163.68197637556,
    16.542532386937));
#7861 = CARTESIAN_POINT('',(247.21008079029,163.68221598484,
    16.54101580174));
#7862 = CARTESIAN_POINT('',(247.21120160348,163.6824576261,
    16.539498653061));
#7863 = CARTESIAN_POINT('',(247.21232457841,163.6827013497,
    16.537980908781));
#7864 = CARTESIAN_POINT('',(247.21771979163,163.68388011543,
    16.530693765654));
#7865 = CARTESIAN_POINT('',(247.22200613633,163.68484010046,
    16.524920327331));
#7866 = CARTESIAN_POINT('',(247.22628719847,163.68582275873,
    16.51914757118));
#7867 = CARTESIAN_POINT('',(247.23057124828,163.68682983604,
    16.513373815643));
#7868 = CARTESIAN_POINT('',(247.23485198012,163.68786009161,
    16.507600805371));
#7869 = CARTESIAN_POINT('',(247.25872150526,163.69373857925,
    16.475399318758));
#7870 = CARTESIAN_POINT('',(247.27826316609,163.6990543629,
    16.448986468636));
#7871 = CARTESIAN_POINT('',(247.29771518276,163.7048573217,
    16.422624658633));
#7872 = CARTESIAN_POINT('',(247.31706811463,163.71114834235,
    16.396341351024));
#7873 = CARTESIAN_POINT('',(247.33629277227,163.71792259413,
    16.370168404046));
#7874 = CARTESIAN_POINT('',(247.37421746138,163.73234107147,
    16.318416062591));
#7875 = CARTESIAN_POINT('',(247.39292062045,163.73997369349,
    16.292833370831));
#7876 = CARTESIAN_POINT('',(247.41145944623,163.74806884508,
    16.267415206508));
#7877 = CARTESIAN_POINT('',(247.42981385353,163.75662027519,
    16.242189347121));
#7878 = CARTESIAN_POINT('',(247.44796427392,163.76562022967,
    16.21718274957));
#7879 = CARTESIAN_POINT('',(247.49180663998,163.78870434834,
    16.156627918826));
#7880 = CARTESIAN_POINT('',(247.51725562784,163.80326716193,
    16.12134696176));
#7881 = CARTESIAN_POINT('',(247.54218134319,163.81872006271,
    16.086657218392));
#7882 = CARTESIAN_POINT('',(247.56652953749,163.83502881022,
    16.052632436339));
#7883 = CARTESIAN_POINT('',(247.59025001918,163.85215351007,
    16.019340326928));
#7884 = CARTESIAN_POINT('',(247.64541684179,163.89498899159,
    15.9415507992));
#7885 = CARTESIAN_POINT('',(247.67622940937,163.92142631417,
    15.897800443229));
#7886 = CARTESIAN_POINT('',(247.70561289122,163.94924028396,
    15.855754435074));
#7887 = CARTESIAN_POINT('',(247.73346471827,163.97829139226,
    15.815548584513));
#7888 = CARTESIAN_POINT('',(247.75970496735,164.00842806228,
    15.777288154419));
#7889 = CARTESIAN_POINT('',(247.78427908124,164.03949303493,
    15.74104568633));
#7890 = PCURVE('',#5850,#7891);
#7891 = DEFINITIONAL_REPRESENTATION('',(#7892),#7897);
#7892 = B_SPLINE_CURVE_WITH_KNOTS('',3,(#7893,#7894,#7895,#7896),
  .UNSPECIFIED.,.F.,.F.,(4,4),(0.,1.),.PIECEWISE_BEZIER_KNOTS.);
#7893 = CARTESIAN_POINT('',(1.446733408423E-02,10.409490161106));
#7894 = CARTESIAN_POINT('',(0.249373410319,10.106114204247));
#7895 = CARTESIAN_POINT('',(0.47836436066,9.803947302933));
#7896 = CARTESIAN_POINT('',(0.694323205755,9.597075112271));
#7897 = ( GEOMETRIC_REPRESENTATION_CONTEXT(2) 
PARAMETRIC_REPRESENTATION_CONTEXT() REPRESENTATION_CONTEXT('2D SPACE',''
  ) );
#7898 = PCURVE('',#5793,#7899);
#7899 = DEFINITIONAL_REPRESENTATION('',(#7900),#7905);
#7900 = B_SPLINE_CURVE_WITH_KNOTS('',3,(#7901,#7902,#7903,#7904),
  .UNSPECIFIED.,.F.,.F.,(4,4),(0.,1.),.PIECEWISE_BEZIER_KNOTS.);
#7901 = CARTESIAN_POINT('',(-1.961718454848E-13,4.936647883775));
#7902 = CARTESIAN_POINT('',(3.299360293584,4.642512924157));
#7903 = CARTESIAN_POINT('',(6.600162770771,4.351205455702));
#7904 = CARTESIAN_POINT('',(9.923529684002,4.163172146616));
#7905 = ( GEOMETRIC_REPRESENTATION_CONTEXT(2) 
PARAMETRIC_REPRESENTATION_CONTEXT() REPRESENTATION_CONTEXT('2D SPACE',''
  ) );
#7906 = ORIENTED_EDGE('',*,*,#5837,.F.);
#7907 = ORIENTED_EDGE('',*,*,#7700,.T.);
#7908 = ORIENTED_EDGE('',*,*,#6547,.T.);
#7909 = ORIENTED_EDGE('',*,*,#6293,.F.);
#7910 = ADVANCED_FACE('',(#7911),#5793,.T.);
#7911 = FACE_BOUND('',#7912,.T.);
#7912 = EDGE_LOOP('',(#7913,#7914,#7915,#7916));
#7913 = ORIENTED_EDGE('',*,*,#7786,.T.);
#7914 = ORIENTED_EDGE('',*,*,#6321,.T.);
#7915 = ORIENTED_EDGE('',*,*,#7850,.F.);
#7916 = ORIENTED_EDGE('',*,*,#5764,.F.);
#7917 = ADVANCED_FACE('',(#7918),#7277,.F.);
#7918 = FACE_BOUND('',#7919,.F.);
#7919 = EDGE_LOOP('',(#7920,#7942,#7943,#7944));
#7920 = ORIENTED_EDGE('',*,*,#7921,.T.);
#7921 = EDGE_CURVE('',#7922,#7254,#7924,.T.);
#7922 = VERTEX_POINT('',#7923);
#7923 = CARTESIAN_POINT('',(259.96371290611,150.,3.));
#7924 = SEAM_CURVE('',#7925,(#7928,#7935),.PCURVE_S1.);
#7925 = B_SPLINE_CURVE_WITH_KNOTS('',1,(#7926,#7927),.UNSPECIFIED.,.F.,
  .F.,(2,2),(3.,25.94684167136),.PIECEWISE_BEZIER_KNOTS.);
#7926 = CARTESIAN_POINT('',(259.96371290611,150.,3.));
#7927 = CARTESIAN_POINT('',(259.96371290611,150.,25.94684167136));
#7928 = PCURVE('',#7277,#7929);
#7929 = DEFINITIONAL_REPRESENTATION('',(#7930),#7934);
#7930 = B_SPLINE_CURVE_WITH_KNOTS('',2,(#7931,#7932,#7933),
  .UNSPECIFIED.,.F.,.F.,(3,3),(3.,25.94684167136),
  .PIECEWISE_BEZIER_KNOTS.);
#7931 = CARTESIAN_POINT('',(6.28318530718,3.));
#7932 = CARTESIAN_POINT('',(6.28318530718,14.47342083568));
#7933 = CARTESIAN_POINT('',(6.28318530718,25.94684167136));
#7934 = ( GEOMETRIC_REPRESENTATION_CONTEXT(2) 
PARAMETRIC_REPRESENTATION_CONTEXT() REPRESENTATION_CONTEXT('2D SPACE',''
  ) );
#7935 = PCURVE('',#7277,#7936);
#7936 = DEFINITIONAL_REPRESENTATION('',(#7937),#7941);
#7937 = B_SPLINE_CURVE_WITH_KNOTS('',2,(#7938,#7939,#7940),
  .UNSPECIFIED.,.F.,.F.,(3,3),(3.,25.94684167136),
  .PIECEWISE_BEZIER_KNOTS.);
#7938 = CARTESIAN_POINT('',(0.,3.));
#7939 = CARTESIAN_POINT('',(0.,14.47342083568));
#7940 = CARTESIAN_POINT('',(0.,25.94684167136));
#7941 = ( GEOMETRIC_REPRESENTATION_CONTEXT(2) 
PARAMETRIC_REPRESENTATION_CONTEXT() REPRESENTATION_CONTEXT('2D SPACE',''
  ) );
#7942 = ORIENTED_EDGE('',*,*,#7253,.F.);
#7943 = ORIENTED_EDGE('',*,*,#7921,.F.);
#7944 = ORIENTED_EDGE('',*,*,#7945,.T.);
#7945 = EDGE_CURVE('',#7922,#7922,#7946,.T.);
#7946 = SURFACE_CURVE('',#7947,(#7955,#7966),.PCURVE_S1.);
#7947 = ( BOUNDED_CURVE() B_SPLINE_CURVE(2,(#7948,#7949,#7950,#7951,
#7952,#7953,#7954),.UNSPECIFIED.,.T.,.F.) B_SPLINE_CURVE_WITH_KNOTS((3,2
    ,2,3),(0.,2.094395102393,4.188790204786,6.28318530718),
.PIECEWISE_BEZIER_KNOTS.) CURVE() GEOMETRIC_REPRESENTATION_ITEM() 
RATIONAL_B_SPLINE_CURVE((1.,0.5,1.,0.5,1.,0.5,1.)) REPRESENTATION_ITEM(
  '') );
#7948 = CARTESIAN_POINT('',(259.96371290611,150.,3.));
#7949 = CARTESIAN_POINT('',(259.96371290611,167.25765698542,3.));
#7950 = CARTESIAN_POINT('',(245.01814354694,158.62882849271,3.));
#7951 = CARTESIAN_POINT('',(230.07257418776,150.,3.));
#7952 = CARTESIAN_POINT('',(245.01814354694,141.37117150728,3.));
#7953 = CARTESIAN_POINT('',(259.96371290611,132.74234301457,3.));
#7954 = CARTESIAN_POINT('',(259.96371290611,150.,3.));
#7955 = PCURVE('',#7277,#7956);
#7956 = DEFINITIONAL_REPRESENTATION('',(#7957),#7965);
#7957 = B_SPLINE_CURVE_WITH_KNOTS('',2,(#7958,#7959,#7960,#7961,#7962,
    #7963,#7964),.UNSPECIFIED.,.F.,.F.,(3,2,2,3),(0.,2.094395102393,
    4.188790204786,6.28318530718),.UNSPECIFIED.);
#7958 = CARTESIAN_POINT('',(0.,3.));
#7959 = CARTESIAN_POINT('',(1.047197551197,3.));
#7960 = CARTESIAN_POINT('',(2.094395102393,3.));
#7961 = CARTESIAN_POINT('',(3.14159265359,3.));
#7962 = CARTESIAN_POINT('',(4.188790204786,3.));
#7963 = CARTESIAN_POINT('',(5.235987755983,3.));
#7964 = CARTESIAN_POINT('',(6.28318530718,3.));
#7965 = ( GEOMETRIC_REPRESENTATION_CONTEXT(2) 
PARAMETRIC_REPRESENTATION_CONTEXT() REPRESENTATION_CONTEXT('2D SPACE',''
  ) );
#7966 = PCURVE('',#7967,#7989);
#7967 = ( BOUNDED_SURFACE() B_SPLINE_SURFACE(2,2,(
    (#7968,#7969,#7970)
    ,(#7971,#7972,#7973)
    ,(#7974,#7975,#7976)
    ,(#7977,#7978,#7979)
    ,(#7980,#7981,#7982)
    ,(#7983,#7984,#7985)
    ,(#7986,#7987,#7988
)),.UNSPECIFIED.,.T.,.F.,.F.) B_SPLINE_SURFACE_WITH_KNOTS((1,2,2,2,2,1),
  (3,3),(-2.094395102393,0.,2.094395102393,4.188790204786,6.28318530718,
    8.377580409573),(0.,1.570796326795),.UNSPECIFIED.) 
GEOMETRIC_REPRESENTATION_ITEM() RATIONAL_B_SPLINE_SURFACE((
    (1.,0.707106781187,1.)
    ,(0.5,0.353553390593,0.5)
    ,(1.,0.707106781187,1.)
    ,(0.5,0.353553390593,0.5)
    ,(1.,0.707106781187,1.)
    ,(0.5,0.353553390593,0.5)
,(1.,0.707106781187,1.))) REPRESENTATION_ITEM('') SURFACE() );
#7968 = CARTESIAN_POINT('',(259.96371290611,150.,3.));
#7969 = CARTESIAN_POINT('',(259.96371290611,150.,2.));
#7970 = CARTESIAN_POINT('',(258.96371290611,150.,2.));
#7971 = CARTESIAN_POINT('',(259.96371290611,167.25765698542,3.));
#7972 = CARTESIAN_POINT('',(259.96371290611,167.25765698542,2.));
#7973 = CARTESIAN_POINT('',(258.96371290611,165.52560617785,2.));
#7974 = CARTESIAN_POINT('',(245.01814354694,158.62882849271,3.));
#7975 = CARTESIAN_POINT('',(245.01814354694,158.62882849271,2.));
#7976 = CARTESIAN_POINT('',(245.51814354694,157.76280308892,2.));
#7977 = CARTESIAN_POINT('',(230.07257418776,150.,3.));
#7978 = CARTESIAN_POINT('',(230.07257418776,150.,2.));
#7979 = CARTESIAN_POINT('',(232.07257418776,150.,2.));
#7980 = CARTESIAN_POINT('',(245.01814354694,141.37117150728,3.));
#7981 = CARTESIAN_POINT('',(245.01814354694,141.37117150728,2.));
#7982 = CARTESIAN_POINT('',(245.51814354694,142.23719691107,2.));
#7983 = CARTESIAN_POINT('',(259.96371290611,132.74234301457,3.));
#7984 = CARTESIAN_POINT('',(259.96371290611,132.74234301457,2.));
#7985 = CARTESIAN_POINT('',(258.96371290611,134.47439382214,2.));
#7986 = CARTESIAN_POINT('',(259.96371290611,150.,3.));
#7987 = CARTESIAN_POINT('',(259.96371290611,150.,2.));
#7988 = CARTESIAN_POINT('',(258.96371290611,150.,2.));
#7989 = DEFINITIONAL_REPRESENTATION('',(#7990),#7998);
#7990 = B_SPLINE_CURVE_WITH_KNOTS('',2,(#7991,#7992,#7993,#7994,#7995,
    #7996,#7997),.UNSPECIFIED.,.F.,.F.,(3,2,2,3),(0.,2.094395102393,
    4.188790204786,6.28318530718),.UNSPECIFIED.);
#7991 = CARTESIAN_POINT('',(0.,0.));
#7992 = CARTESIAN_POINT('',(1.047197551197,1.29147567258E-15));
#7993 = CARTESIAN_POINT('',(2.094395102393,6.026546574069E-29));
#7994 = CARTESIAN_POINT('',(3.14159265359,6.988950434389E-16));
#7995 = CARTESIAN_POINT('',(4.188790204786,0.));
#7996 = CARTESIAN_POINT('',(5.235987755983,1.132189305853E-15));
#7997 = CARTESIAN_POINT('',(6.28318530718,-4.060925996997E-27));
#7998 = ( GEOMETRIC_REPRESENTATION_CONTEXT(2) 
PARAMETRIC_REPRESENTATION_CONTEXT() REPRESENTATION_CONTEXT('2D SPACE',''
  ) );
#7999 = ADVANCED_FACE('',(#8000),#7967,.T.);
#8000 = FACE_BOUND('',#8001,.T.);
#8001 = EDGE_LOOP('',(#8002,#8025,#8026,#8027));
#8002 = ORIENTED_EDGE('',*,*,#8003,.F.);
#8003 = EDGE_CURVE('',#7922,#8004,#8006,.T.);
#8004 = VERTEX_POINT('',#8005);
#8005 = CARTESIAN_POINT('',(258.96371290611,150.,2.));
#8006 = SEAM_CURVE('',#8007,(#8011,#8018),.PCURVE_S1.);
#8007 = ( BOUNDED_CURVE() B_SPLINE_CURVE(2,(#8008,#8009,#8010),
.UNSPECIFIED.,.F.,.F.) B_SPLINE_CURVE_WITH_KNOTS((3,3),(0.,
1.570796326795),.PIECEWISE_BEZIER_KNOTS.) CURVE() 
GEOMETRIC_REPRESENTATION_ITEM() RATIONAL_B_SPLINE_CURVE((1.,
0.707106781187,1.)) REPRESENTATION_ITEM('') );
#8008 = CARTESIAN_POINT('',(259.96371290611,150.,3.));
#8009 = CARTESIAN_POINT('',(259.96371290611,150.,2.));
#8010 = CARTESIAN_POINT('',(258.96371290611,150.,2.));
#8011 = PCURVE('',#7967,#8012);
#8012 = DEFINITIONAL_REPRESENTATION('',(#8013),#8017);
#8013 = B_SPLINE_CURVE_WITH_KNOTS('',2,(#8014,#8015,#8016),
  .UNSPECIFIED.,.F.,.F.,(3,3),(0.,1.570796326795),
  .PIECEWISE_BEZIER_KNOTS.);
#8014 = CARTESIAN_POINT('',(0.,0.));
#8015 = CARTESIAN_POINT('',(2.61708043476E-15,0.785398163397));
#8016 = CARTESIAN_POINT('',(0.,1.570796326795));
#8017 = ( GEOMETRIC_REPRESENTATION_CONTEXT(2) 
PARAMETRIC_REPRESENTATION_CONTEXT() REPRESENTATION_CONTEXT('2D SPACE',''
  ) );
#8018 = PCURVE('',#7967,#8019);
#8019 = DEFINITIONAL_REPRESENTATION('',(#8020),#8024);
#8020 = B_SPLINE_CURVE_WITH_KNOTS('',2,(#8021,#8022,#8023),
  .UNSPECIFIED.,.F.,.F.,(3,3),(0.,1.570796326795),
  .PIECEWISE_BEZIER_KNOTS.);
#8021 = CARTESIAN_POINT('',(6.28318530718,0.));
#8022 = CARTESIAN_POINT('',(6.28318530718,0.785398163397));
#8023 = CARTESIAN_POINT('',(6.28318530718,1.570796326795));
#8024 = ( GEOMETRIC_REPRESENTATION_CONTEXT(2) 
PARAMETRIC_REPRESENTATION_CONTEXT() REPRESENTATION_CONTEXT('2D SPACE',''
  ) );
#8025 = ORIENTED_EDGE('',*,*,#7945,.T.);
#8026 = ORIENTED_EDGE('',*,*,#8003,.T.);
#8027 = ORIENTED_EDGE('',*,*,#8028,.F.);
#8028 = EDGE_CURVE('',#8004,#8004,#8029,.T.);
#8029 = SURFACE_CURVE('',#8030,(#8038,#8049),.PCURVE_S1.);
#8030 = ( BOUNDED_CURVE() B_SPLINE_CURVE(2,(#8031,#8032,#8033,#8034,
#8035,#8036,#8037),.UNSPECIFIED.,.T.,.F.) B_SPLINE_CURVE_WITH_KNOTS((3,2
    ,2,3),(0.,2.094395102393,4.188790204786,6.28318530718),
.PIECEWISE_BEZIER_KNOTS.) CURVE() GEOMETRIC_REPRESENTATION_ITEM() 
RATIONAL_B_SPLINE_CURVE((1.,0.5,1.,0.5,1.,0.5,1.)) REPRESENTATION_ITEM(
  '') );
#8031 = CARTESIAN_POINT('',(258.96371290611,150.,2.));
#8032 = CARTESIAN_POINT('',(258.96371290611,165.52560617785,2.));
#8033 = CARTESIAN_POINT('',(245.51814354694,157.76280308892,2.));
#8034 = CARTESIAN_POINT('',(232.07257418776,150.,2.));
#8035 = CARTESIAN_POINT('',(245.51814354694,142.23719691107,2.));
#8036 = CARTESIAN_POINT('',(258.96371290611,134.47439382214,2.));
#8037 = CARTESIAN_POINT('',(258.96371290611,150.,2.));
#8038 = PCURVE('',#7967,#8039);
#8039 = DEFINITIONAL_REPRESENTATION('',(#8040),#8048);
#8040 = B_SPLINE_CURVE_WITH_KNOTS('',2,(#8041,#8042,#8043,#8044,#8045,
    #8046,#8047),.UNSPECIFIED.,.F.,.F.,(3,2,2,3),(0.,2.094395102393,
    4.188790204786,6.28318530718),.UNSPECIFIED.);
#8041 = CARTESIAN_POINT('',(0.,1.570796326795));
#8042 = CARTESIAN_POINT('',(1.047197551197,1.570796326795));
#8043 = CARTESIAN_POINT('',(2.094395102393,1.570796326795));
#8044 = CARTESIAN_POINT('',(3.14159265359,1.570796326795));
#8045 = CARTESIAN_POINT('',(4.188790204786,1.570796326795));
#8046 = CARTESIAN_POINT('',(5.235987755983,1.570796326795));
#8047 = CARTESIAN_POINT('',(6.28318530718,1.570796326795));
#8048 = ( GEOMETRIC_REPRESENTATION_CONTEXT(2) 
PARAMETRIC_REPRESENTATION_CONTEXT() REPRESENTATION_CONTEXT('2D SPACE',''
  ) );
#8049 = PCURVE('',#8050,#8055);
#8050 = B_SPLINE_SURFACE_WITH_KNOTS('',1,1,(
    (#8051,#8052)
    ,(#8053,#8054
    )),.UNSPECIFIED.,.F.,.F.,.F.,(2,2),(2,2),(91.036287093883,
    108.96371290611),(41.036287093883,58.963712906117),
  .PIECEWISE_BEZIER_KNOTS.);
#8051 = CARTESIAN_POINT('',(241.03628709388,141.03628709388,2.));
#8052 = CARTESIAN_POINT('',(241.03628709388,158.96371290611,2.));
#8053 = CARTESIAN_POINT('',(258.96371290611,141.03628709388,2.));
#8054 = CARTESIAN_POINT('',(258.96371290611,158.96371290611,2.));
#8055 = DEFINITIONAL_REPRESENTATION('',(#8056),#8064);
#8056 = ( BOUNDED_CURVE() B_SPLINE_CURVE(2,(#8057,#8058,#8059,#8060,
#8061,#8062,#8063),.UNSPECIFIED.,.F.,.F.) B_SPLINE_CURVE_WITH_KNOTS((3,2
    ,2,3),(0.,2.094395102393,4.188790204786,6.28318530718),
.PIECEWISE_BEZIER_KNOTS.) CURVE() GEOMETRIC_REPRESENTATION_ITEM() 
RATIONAL_B_SPLINE_CURVE((1.,0.5,1.,0.5,1.,0.5,1.)) REPRESENTATION_ITEM(
  '') );
#8057 = CARTESIAN_POINT('',(108.96371290611,50.));
#8058 = CARTESIAN_POINT('',(108.96371290611,65.525606177855));
#8059 = CARTESIAN_POINT('',(95.518143546942,57.762803088928));
#8060 = CARTESIAN_POINT('',(82.072574187766,50.));
#8061 = CARTESIAN_POINT('',(95.518143546942,42.237196911072));
#8062 = CARTESIAN_POINT('',(108.96371290611,34.474393822145));
#8063 = CARTESIAN_POINT('',(108.96371290611,50.));
#8064 = ( GEOMETRIC_REPRESENTATION_CONTEXT(2) 
PARAMETRIC_REPRESENTATION_CONTEXT() REPRESENTATION_CONTEXT('2D SPACE',''
  ) );
#8065 = ADVANCED_FACE('',(#8066),#8050,.T.);
#8066 = FACE_BOUND('',#8067,.T.);
#8067 = EDGE_LOOP('',(#8068));
#8068 = ORIENTED_EDGE('',*,*,#8028,.T.);
#8069 = ( GEOMETRIC_REPRESENTATION_CONTEXT(3) 
GLOBAL_UNCERTAINTY_ASSIGNED_CONTEXT((#8073)) 
GLOBAL_UNIT_ASSIGNED_CONTEXT((#8070,#8071,#8072)) REPRESENTATION_CONTEXT
('Context #1','3D Context with UNIT and UNCERTAINTY') );
#8070 = ( LENGTH_UNIT() NAMED_UNIT(*) SI_UNIT(.MILLI.,.METRE.) );
#8071 = ( NAMED_UNIT(*) PLANE_ANGLE_UNIT() SI_UNIT($,.RADIAN.) );
#8072 = ( NAMED_UNIT(*) SI_UNIT($,.STERADIAN.) SOLID_ANGLE_UNIT() );
#8073 = UNCERTAINTY_MEASURE_WITH_UNIT(LENGTH_MEASURE(2.E-04),#8070,
  'distance_accuracy_value','confusion accuracy');
#8074 = PRODUCT_RELATED_PRODUCT_CATEGORY('part',$,(#7));
ENDSEC;
END-ISO-10303-21;
