ISO-10303-21;
HEADER;
FILE_NAME('Open CASCADE Shape Model','2026-10-02T23:40:40',('Author'),(
    'Open CASCADE'),'Open CASCADE STEP processor 7.9','Open CASCADE 7.9'
  ,'Unknown');
FILE_DESCRIPTION(('Open CASCADE Model'),'2;1');
FILE_SCHEMA((''));
ENDSEC;
DATA;
#1 = APPLICATION_PROTOCOL_DEFINITION('international standard',
  'automotive_design',2000,#2);
#2 = APPLICATION_CONTEXT(
  'core data for automotive mechanical design processes');
#3 = SHAPE_DEFINITION_REPRESENTATION(#4,#10);
#4 = PRODUCT_DEFINITION_SHAPE('','',#5);
#5 = PRODUCT_DEFINITION('design','',#6,#9);
#6 = PRODUCT_DEFINITION_FORMATION('','',#7);
#7 = PRODUCT('Open CASCADE STEP translator 7.9 1',
  'Open CASCADE STEP translator 7.9 1','',(#8));
#8 = PRODUCT_CONTEXT('',#2,'mechanical');
#9 = PRODUCT_DEFINITION_CONTEXT('part definition',#2,'design');
#10 = ADVANCED_BREP_SHAPE_REPRESENTATION('',(#11,#15),#6573);
#11 = AXIS2_PLACEMENT_3D('',#12,#13,#14);
#12 = CARTESIAN_POINT('',(0.,0.,0.));
#13 = DIRECTION('',(0.,0.,1.));
#14 = DIRECTION('',(1.,0.,-0.));
#15 = MANIFOLD_SOLID_BREP('',#16);
#16 = CLOSED_SHELL('',(#17,#973,#1091,#1165,#1239,#1269,#1336,#1379,
    #1422,#1446,#1545,#1933,#2027,#2132,#2237,#2321,#2415,#2520,#2625,
    #2709,#2827,#2901,#2975,#3005,#3123,#3197,#3259,#3333,#3429,#3491,
    #3565,#3617,#3684,#3727,#3998,#4022,#4091,#4310,#4431,#4503,#4575,
    #4600,#4721,#4793,#4865,#4890,#4957,#5000,#5043,#5067,#5134,#5177,
    #5228,#5254,#5297,#5360,#5393,#5437,#5480,#5524,#5531,#5614,#5651,
    #5705,#5713,#5796,#5833,#5887,#5895,#6276,#6471,#6478,#6531,#6538,
    #6545));
#17 = ADVANCED_FACE('',(#18,#137,#239,#346,#405,#519,#633,#747),#31,.T.
  );
#18 = FACE_BOUND('',#19,.T.);
#19 = EDGE_LOOP('',(#20,#55,#83,#111));
#20 = ORIENTED_EDGE('',*,*,#21,.T.);
#21 = EDGE_CURVE('',#22,#24,#26,.T.);
#22 = VERTEX_POINT('',#23);
#23 = CARTESIAN_POINT('',(25.771999369467,57.,2.));
#24 = VERTEX_POINT('',#25);
#25 = CARTESIAN_POINT('',(25.771999369467,63.,2.));
#26 = SURFACE_CURVE('',#27,(#30,#41),.PCURVE_S1.);
#27 = B_SPLINE_CURVE_WITH_KNOTS('',1,(#28,#29),.UNSPECIFIED.,.F.,.F.,(2,
    2),(-1.,5.),.PIECEWISE_BEZIER_KNOTS.);
#28 = CARTESIAN_POINT('',(25.771999369467,57.,2.));
#29 = CARTESIAN_POINT('',(25.771999369467,63.,2.));
#30 = PCURVE('',#31,#36);
#31 = B_SPLINE_SURFACE_WITH_KNOTS('',1,1,(
    (#32,#33)
    ,(#34,#35
    )),.UNSPECIFIED.,.F.,.F.,.F.,(2,2),(2,2),(-180.,180.),(-120.,120.),
  .PIECEWISE_BEZIER_KNOTS.);
#32 = CARTESIAN_POINT('',(0.,0.,2.));
#33 = CARTESIAN_POINT('',(0.,240.,2.));
#34 = CARTESIAN_POINT('',(360.,0.,2.));
#35 = CARTESIAN_POINT('',(360.,240.,2.));
#36 = DEFINITIONAL_REPRESENTATION('',(#37),#40);
#37 = B_SPLINE_CURVE_WITH_KNOTS('',1,(#38,#39),.UNSPECIFIED.,.F.,.F.,(2,
    2),(-1.,5.),.PIECEWISE_BEZIER_KNOTS.);
#38 = CARTESIAN_POINT('',(-154.2280006305,-63.));
#39 = CARTESIAN_POINT('',(-154.2280006305,-57.));
#40 = ( GEOMETRIC_REPRESENTATION_CONTEXT(2) 
PARAMETRIC_REPRESENTATION_CONTEXT() REPRESENTATION_CONTEXT('2D SPACE',''
  ) );
#41 = PCURVE('',#42,#49);
#42 = ( BOUNDED_SURFACE() B_SPLINE_SURFACE(2,1,(
    (#43,#44)
    ,(#45,#46)
,(#47,#48
  )),.UNSPECIFIED.,.F.,.F.,.F.) B_SPLINE_SURFACE_WITH_KNOTS((3,3),(2,2),
  (0.,1.570796326795),(-1.,5.),.PIECEWISE_BEZIER_KNOTS.) 
GEOMETRIC_REPRESENTATION_ITEM() RATIONAL_B_SPLINE_SURFACE((
    (1.,1.)
    ,(0.707106781187,0.707106781187)
,(1.,1.))) REPRESENTATION_ITEM('') SURFACE() );
#43 = CARTESIAN_POINT('',(25.771999369467,57.,2.));
#44 = CARTESIAN_POINT('',(25.771999369467,63.,2.));
#45 = CARTESIAN_POINT('',(26.771999369467,57.,2.));
#46 = CARTESIAN_POINT('',(26.771999369467,63.,2.));
#47 = CARTESIAN_POINT('',(26.771999369467,57.,3.));
#48 = CARTESIAN_POINT('',(26.771999369467,63.,3.));
#49 = DEFINITIONAL_REPRESENTATION('',(#50),#54);
#50 = B_SPLINE_CURVE_WITH_KNOTS('',2,(#51,#52,#53),.UNSPECIFIED.,.F.,.F.
  ,(3,3),(-1.,5.),.PIECEWISE_BEZIER_KNOTS.);
#51 = CARTESIAN_POINT('',(0.,-1.));
#52 = CARTESIAN_POINT('',(0.,2.));
#53 = CARTESIAN_POINT('',(0.,5.));
#54 = ( GEOMETRIC_REPRESENTATION_CONTEXT(2) 
PARAMETRIC_REPRESENTATION_CONTEXT() REPRESENTATION_CONTEXT('2D SPACE',''
  ) );
#55 = ORIENTED_EDGE('',*,*,#56,.T.);
#56 = EDGE_CURVE('',#24,#57,#59,.T.);
#57 = VERTEX_POINT('',#58);
#58 = CARTESIAN_POINT('',(94.228000630533,63.,2.));
#59 = SURFACE_CURVE('',#60,(#63,#69),.PCURVE_S1.);
#60 = B_SPLINE_CURVE_WITH_KNOTS('',1,(#61,#62),.UNSPECIFIED.,.F.,.F.,(2,
    2),(-1.,67.456001261066),.PIECEWISE_BEZIER_KNOTS.);
#61 = CARTESIAN_POINT('',(25.771999369467,63.,2.));
#62 = CARTESIAN_POINT('',(94.228000630533,63.,2.));
#63 = PCURVE('',#31,#64);
#64 = DEFINITIONAL_REPRESENTATION('',(#65),#68);
#65 = B_SPLINE_CURVE_WITH_KNOTS('',1,(#66,#67),.UNSPECIFIED.,.F.,.F.,(2,
    2),(-1.,67.456001261066),.PIECEWISE_BEZIER_KNOTS.);
#66 = CARTESIAN_POINT('',(-154.2280006305,-57.));
#67 = CARTESIAN_POINT('',(-85.77199936946,-57.));
#68 = ( GEOMETRIC_REPRESENTATION_CONTEXT(2) 
PARAMETRIC_REPRESENTATION_CONTEXT() REPRESENTATION_CONTEXT('2D SPACE',''
  ) );
#69 = PCURVE('',#70,#77);
#70 = ( BOUNDED_SURFACE() B_SPLINE_SURFACE(2,1,(
    (#71,#72)
    ,(#73,#74)
,(#75,#76
  )),.UNSPECIFIED.,.F.,.F.,.F.) B_SPLINE_SURFACE_WITH_KNOTS((3,3),(2,2),
  (0.,1.570796326795),(-1.,67.456001261066),.PIECEWISE_BEZIER_KNOTS.) 
GEOMETRIC_REPRESENTATION_ITEM() RATIONAL_B_SPLINE_SURFACE((
    (1.,1.)
    ,(0.707106781187,0.707106781187)
,(1.,1.))) REPRESENTATION_ITEM('') SURFACE() );
#71 = CARTESIAN_POINT('',(25.771999369467,63.,2.));
#72 = CARTESIAN_POINT('',(94.228000630533,63.,2.));
#73 = CARTESIAN_POINT('',(25.771999369467,62.,2.));
#74 = CARTESIAN_POINT('',(94.228000630533,62.,2.));
#75 = CARTESIAN_POINT('',(25.771999369467,62.,3.));
#76 = CARTESIAN_POINT('',(94.228000630533,62.,3.));
#77 = DEFINITIONAL_REPRESENTATION('',(#78),#82);
#78 = B_SPLINE_CURVE_WITH_KNOTS('',2,(#79,#80,#81),.UNSPECIFIED.,.F.,.F.
  ,(3,3),(-1.,67.456001261066),.PIECEWISE_BEZIER_KNOTS.);
#79 = CARTESIAN_POINT('',(0.,-1.));
#80 = CARTESIAN_POINT('',(-1.116539022515E-45,33.228000630533));
#81 = CARTESIAN_POINT('',(0.,67.456001261066));
#82 = ( GEOMETRIC_REPRESENTATION_CONTEXT(2) 
PARAMETRIC_REPRESENTATION_CONTEXT() REPRESENTATION_CONTEXT('2D SPACE',''
  ) );
#83 = ORIENTED_EDGE('',*,*,#84,.F.);
#84 = EDGE_CURVE('',#85,#57,#87,.T.);
#85 = VERTEX_POINT('',#86);
#86 = CARTESIAN_POINT('',(94.228000630533,57.,2.));
#87 = SURFACE_CURVE('',#88,(#91,#97),.PCURVE_S1.);
#88 = B_SPLINE_CURVE_WITH_KNOTS('',1,(#89,#90),.UNSPECIFIED.,.F.,.F.,(2,
    2),(-1.,5.),.PIECEWISE_BEZIER_KNOTS.);
#89 = CARTESIAN_POINT('',(94.228000630533,57.,2.));
#90 = CARTESIAN_POINT('',(94.228000630533,63.,2.));
#91 = PCURVE('',#31,#92);
#92 = DEFINITIONAL_REPRESENTATION('',(#93),#96);
#93 = B_SPLINE_CURVE_WITH_KNOTS('',1,(#94,#95),.UNSPECIFIED.,.F.,.F.,(2,
    2),(-1.,5.),.PIECEWISE_BEZIER_KNOTS.);
#94 = CARTESIAN_POINT('',(-85.77199936946,-63.));
#95 = CARTESIAN_POINT('',(-85.77199936946,-57.));
#96 = ( GEOMETRIC_REPRESENTATION_CONTEXT(2) 
PARAMETRIC_REPRESENTATION_CONTEXT() REPRESENTATION_CONTEXT('2D SPACE',''
  ) );
#97 = PCURVE('',#98,#105);
#98 = ( BOUNDED_SURFACE() B_SPLINE_SURFACE(2,1,(
    (#99,#100)
    ,(#101,#102)
,(#103,#104
    )),.UNSPECIFIED.,.F.,.F.,.F.) B_SPLINE_SURFACE_WITH_KNOTS((3,3),(2,2
    ),(0.,1.570796326795),(-1.,5.),.PIECEWISE_BEZIER_KNOTS.) 
GEOMETRIC_REPRESENTATION_ITEM() RATIONAL_B_SPLINE_SURFACE((
    (1.,1.)
    ,(0.707106781187,0.707106781187)
,(1.,1.))) REPRESENTATION_ITEM('') SURFACE() );
#99 = CARTESIAN_POINT('',(94.228000630533,57.,2.));
#100 = CARTESIAN_POINT('',(94.228000630533,63.,2.));
#101 = CARTESIAN_POINT('',(93.228000630533,57.,2.));
#102 = CARTESIAN_POINT('',(93.228000630533,63.,2.));
#103 = CARTESIAN_POINT('',(93.228000630533,57.,3.));
#104 = CARTESIAN_POINT('',(93.228000630533,63.,3.));
#105 = DEFINITIONAL_REPRESENTATION('',(#106),#110);
#106 = B_SPLINE_CURVE_WITH_KNOTS('',2,(#107,#108,#109),.UNSPECIFIED.,.F.
  ,.F.,(3,3),(-1.,5.),.PIECEWISE_BEZIER_KNOTS.);
#107 = CARTESIAN_POINT('',(0.,-1.));
#108 = CARTESIAN_POINT('',(0.,2.));
#109 = CARTESIAN_POINT('',(0.,5.));
#110 = ( GEOMETRIC_REPRESENTATION_CONTEXT(2) 
PARAMETRIC_REPRESENTATION_CONTEXT() REPRESENTATION_CONTEXT('2D SPACE',''
  ) );
#111 = ORIENTED_EDGE('',*,*,#112,.F.);
#112 = EDGE_CURVE('',#22,#85,#113,.T.);
#113 = SURFACE_CURVE('',#114,(#117,#123),.PCURVE_S1.);
#114 = B_SPLINE_CURVE_WITH_KNOTS('',1,(#115,#116),.UNSPECIFIED.,.F.,.F.,
  (2,2),(-1.,67.456001261066),.PIECEWISE_BEZIER_KNOTS.);
#115 = CARTESIAN_POINT('',(25.771999369467,57.,2.));
#116 = CARTESIAN_POINT('',(94.228000630533,57.,2.));
#117 = PCURVE('',#31,#118);
#118 = DEFINITIONAL_REPRESENTATION('',(#119),#122);
#119 = B_SPLINE_CURVE_WITH_KNOTS('',1,(#120,#121),.UNSPECIFIED.,.F.,.F.,
  (2,2),(-1.,67.456001261066),.PIECEWISE_BEZIER_KNOTS.);
#120 = CARTESIAN_POINT('',(-154.2280006305,-63.));
#121 = CARTESIAN_POINT('',(-85.77199936946,-63.));
#122 = ( GEOMETRIC_REPRESENTATION_CONTEXT(2) 
PARAMETRIC_REPRESENTATION_CONTEXT() REPRESENTATION_CONTEXT('2D SPACE',''
  ) );
#123 = PCURVE('',#124,#131);
#124 = ( BOUNDED_SURFACE() B_SPLINE_SURFACE(2,1,(
    (#125,#126)
    ,(#127,#128)
,(#129,#130
    )),.UNSPECIFIED.,.F.,.F.,.F.) B_SPLINE_SURFACE_WITH_KNOTS((3,3),(2,2
    ),(0.,1.570796326795),(-1.,67.456001261066),
.PIECEWISE_BEZIER_KNOTS.) GEOMETRIC_REPRESENTATION_ITEM() 
RATIONAL_B_SPLINE_SURFACE((
    (1.,1.)
    ,(0.707106781187,0.707106781187)
,(1.,1.))) REPRESENTATION_ITEM('') SURFACE() );
#125 = CARTESIAN_POINT('',(25.771999369467,57.,2.));
#126 = CARTESIAN_POINT('',(94.228000630533,57.,2.));
#127 = CARTESIAN_POINT('',(25.771999369467,58.,2.));
#128 = CARTESIAN_POINT('',(94.228000630533,58.,2.));
#129 = CARTESIAN_POINT('',(25.771999369467,58.,3.));
#130 = CARTESIAN_POINT('',(94.228000630533,58.,3.));
#131 = DEFINITIONAL_REPRESENTATION('',(#132),#136);
#132 = B_SPLINE_CURVE_WITH_KNOTS('',2,(#133,#134,#135),.UNSPECIFIED.,.F.
  ,.F.,(3,3),(-1.,67.456001261066),.PIECEWISE_BEZIER_KNOTS.);
#133 = CARTESIAN_POINT('',(0.,-1.));
#134 = CARTESIAN_POINT('',(-1.116539022515E-45,33.228000630533));
#135 = CARTESIAN_POINT('',(0.,67.456001261066));
#136 = ( GEOMETRIC_REPRESENTATION_CONTEXT(2) 
PARAMETRIC_REPRESENTATION_CONTEXT() REPRESENTATION_CONTEXT('2D SPACE',''
  ) );
#137 = FACE_BOUND('',#138,.T.);
#138 = EDGE_LOOP('',(#139,#166,#191,#216));
#139 = ORIENTED_EDGE('',*,*,#140,.T.);
#140 = EDGE_CURVE('',#141,#143,#145,.T.);
#141 = VERTEX_POINT('',#142);
#142 = CARTESIAN_POINT('',(0.,0.,2.));
#143 = VERTEX_POINT('',#144);
#144 = CARTESIAN_POINT('',(360.,0.,2.));
#145 = SURFACE_CURVE('',#146,(#149,#155),.PCURVE_S1.);
#146 = B_SPLINE_CURVE_WITH_KNOTS('',1,(#147,#148),.UNSPECIFIED.,.F.,.F.,
  (2,2),(0.,360.),.PIECEWISE_BEZIER_KNOTS.);
#147 = CARTESIAN_POINT('',(0.,0.,2.));
#148 = CARTESIAN_POINT('',(360.,0.,2.));
#149 = PCURVE('',#31,#150);
#150 = DEFINITIONAL_REPRESENTATION('',(#151),#154);
#151 = B_SPLINE_CURVE_WITH_KNOTS('',1,(#152,#153),.UNSPECIFIED.,.F.,.F.,
  (2,2),(0.,360.),.PIECEWISE_BEZIER_KNOTS.);
#152 = CARTESIAN_POINT('',(-180.,-120.));
#153 = CARTESIAN_POINT('',(180.,-120.));
#154 = ( GEOMETRIC_REPRESENTATION_CONTEXT(2) 
PARAMETRIC_REPRESENTATION_CONTEXT() REPRESENTATION_CONTEXT('2D SPACE',''
  ) );
#155 = PCURVE('',#156,#161);
#156 = B_SPLINE_SURFACE_WITH_KNOTS('',1,1,(
    (#157,#158)
    ,(#159,#160
    )),.UNSPECIFIED.,.F.,.F.,.F.,(2,2),(2,2),(-2.,2.),(-180.,180.),
  .PIECEWISE_BEZIER_KNOTS.);
#157 = CARTESIAN_POINT('',(0.,0.,-2.));
#158 = CARTESIAN_POINT('',(360.,0.,-2.));
#159 = CARTESIAN_POINT('',(0.,0.,2.));
#160 = CARTESIAN_POINT('',(360.,0.,2.));
#161 = DEFINITIONAL_REPRESENTATION('',(#162),#165);
#162 = B_SPLINE_CURVE_WITH_KNOTS('',1,(#163,#164),.UNSPECIFIED.,.F.,.F.,
  (2,2),(0.,360.),.PIECEWISE_BEZIER_KNOTS.);
#163 = CARTESIAN_POINT('',(2.,-180.));
#164 = CARTESIAN_POINT('',(2.,180.));
#165 = ( GEOMETRIC_REPRESENTATION_CONTEXT(2) 
PARAMETRIC_REPRESENTATION_CONTEXT() REPRESENTATION_CONTEXT('2D SPACE',''
  ) );
#166 = ORIENTED_EDGE('',*,*,#167,.T.);
#167 = EDGE_CURVE('',#143,#168,#170,.T.);
#168 = VERTEX_POINT('',#169);
#169 = CARTESIAN_POINT('',(360.,240.,2.));
#170 = SURFACE_CURVE('',#171,(#174,#180),.PCURVE_S1.);
#171 = B_SPLINE_CURVE_WITH_KNOTS('',1,(#172,#173),.UNSPECIFIED.,.F.,.F.,
  (2,2),(0.,240.),.PIECEWISE_BEZIER_KNOTS.);
#172 = CARTESIAN_POINT('',(360.,0.,2.));
#173 = CARTESIAN_POINT('',(360.,240.,2.));
#174 = PCURVE('',#31,#175);
#175 = DEFINITIONAL_REPRESENTATION('',(#176),#179);
#176 = B_SPLINE_CURVE_WITH_KNOTS('',1,(#177,#178),.UNSPECIFIED.,.F.,.F.,
  (2,2),(0.,240.),.PIECEWISE_BEZIER_KNOTS.);
#177 = CARTESIAN_POINT('',(180.,-120.));
#178 = CARTESIAN_POINT('',(180.,120.));
#179 = ( GEOMETRIC_REPRESENTATION_CONTEXT(2) 
PARAMETRIC_REPRESENTATION_CONTEXT() REPRESENTATION_CONTEXT('2D SPACE',''
  ) );
#180 = PCURVE('',#181,#186);
#181 = B_SPLINE_SURFACE_WITH_KNOTS('',1,1,(
    (#182,#183)
    ,(#184,#185
    )),.UNSPECIFIED.,.F.,.F.,.F.,(2,2),(2,2),(-2.,2.),(-120.,120.),
  .PIECEWISE_BEZIER_KNOTS.);
#182 = CARTESIAN_POINT('',(360.,240.,-2.));
#183 = CARTESIAN_POINT('',(360.,0.,-2.));
#184 = CARTESIAN_POINT('',(360.,240.,2.));
#185 = CARTESIAN_POINT('',(360.,0.,2.));
#186 = DEFINITIONAL_REPRESENTATION('',(#187),#190);
#187 = B_SPLINE_CURVE_WITH_KNOTS('',1,(#188,#189),.UNSPECIFIED.,.F.,.F.,
  (2,2),(0.,240.),.PIECEWISE_BEZIER_KNOTS.);
#188 = CARTESIAN_POINT('',(2.,120.));
#189 = CARTESIAN_POINT('',(2.,-120.));
#190 = ( GEOMETRIC_REPRESENTATION_CONTEXT(2) 
PARAMETRIC_REPRESENTATION_CONTEXT() REPRESENTATION_CONTEXT('2D SPACE',''
  ) );
#191 = ORIENTED_EDGE('',*,*,#192,.T.);
#192 = EDGE_CURVE('',#168,#193,#195,.T.);
#193 = VERTEX_POINT('',#194);
#194 = CARTESIAN_POINT('',(0.,240.,2.));
#195 = SURFACE_CURVE('',#196,(#199,#205),.PCURVE_S1.);
#196 = B_SPLINE_CURVE_WITH_KNOTS('',1,(#197,#198),.UNSPECIFIED.,.F.,.F.,
  (2,2),(0.,360.),.PIECEWISE_BEZIER_KNOTS.);
#197 = CARTESIAN_POINT('',(360.,240.,2.));
#198 = CARTESIAN_POINT('',(0.,240.,2.));
#199 = PCURVE('',#31,#200);
#200 = DEFINITIONAL_REPRESENTATION('',(#201),#204);
#201 = B_SPLINE_CURVE_WITH_KNOTS('',1,(#202,#203),.UNSPECIFIED.,.F.,.F.,
  (2,2),(0.,360.),.PIECEWISE_BEZIER_KNOTS.);
#202 = CARTESIAN_POINT('',(180.,120.));
#203 = CARTESIAN_POINT('',(-180.,120.));
#204 = ( GEOMETRIC_REPRESENTATION_CONTEXT(2) 
PARAMETRIC_REPRESENTATION_CONTEXT() REPRESENTATION_CONTEXT('2D SPACE',''
  ) );
#205 = PCURVE('',#206,#211);
#206 = B_SPLINE_SURFACE_WITH_KNOTS('',1,1,(
    (#207,#208)
    ,(#209,#210
    )),.UNSPECIFIED.,.F.,.F.,.F.,(2,2),(2,2),(-2.,2.),(-180.,180.),
  .PIECEWISE_BEZIER_KNOTS.);
#207 = CARTESIAN_POINT('',(0.,240.,-2.));
#208 = CARTESIAN_POINT('',(360.,240.,-2.));
#209 = CARTESIAN_POINT('',(0.,240.,2.));
#210 = CARTESIAN_POINT('',(360.,240.,2.));
#211 = DEFINITIONAL_REPRESENTATION('',(#212),#215);
#212 = B_SPLINE_CURVE_WITH_KNOTS('',1,(#213,#214),.UNSPECIFIED.,.F.,.F.,
  (2,2),(0.,360.),.PIECEWISE_BEZIER_KNOTS.);
#213 = CARTESIAN_POINT('',(2.,180.));
#214 = CARTESIAN_POINT('',(2.,-180.));
#215 = ( GEOMETRIC_REPRESENTATION_CONTEXT(2) 
PARAMETRIC_REPRESENTATION_CONTEXT() REPRESENTATION_CONTEXT('2D SPACE',''
  ) );
#216 = ORIENTED_EDGE('',*,*,#217,.T.);
#217 = EDGE_CURVE('',#193,#141,#218,.T.);
#218 = SURFACE_CURVE('',#219,(#222,#228),.PCURVE_S1.);
#219 = B_SPLINE_CURVE_WITH_KNOTS('',1,(#220,#221),.UNSPECIFIED.,.F.,.F.,
  (2,2),(0.,240.),.PIECEWISE_BEZIER_KNOTS.);
#220 = CARTESIAN_POINT('',(0.,240.,2.));
#221 = CARTESIAN_POINT('',(0.,0.,2.));
#222 = PCURVE('',#31,#223);
#223 = DEFINITIONAL_REPRESENTATION('',(#224),#227);
#224 = B_SPLINE_CURVE_WITH_KNOTS('',1,(#225,#226),.UNSPECIFIED.,.F.,.F.,
  (2,2),(0.,240.),.PIECEWISE_BEZIER_KNOTS.);
#225 = CARTESIAN_POINT('',(-180.,120.));
#226 = CARTESIAN_POINT('',(-180.,-120.));
#227 = ( GEOMETRIC_REPRESENTATION_CONTEXT(2) 
PARAMETRIC_REPRESENTATION_CONTEXT() REPRESENTATION_CONTEXT('2D SPACE',''
  ) );
#228 = PCURVE('',#229,#234);
#229 = B_SPLINE_SURFACE_WITH_KNOTS('',1,1,(
    (#230,#231)
    ,(#232,#233
    )),.UNSPECIFIED.,.F.,.F.,.F.,(2,2),(2,2),(-2.,2.),(-120.,120.),
  .PIECEWISE_BEZIER_KNOTS.);
#230 = CARTESIAN_POINT('',(0.,240.,-2.));
#231 = CARTESIAN_POINT('',(0.,0.,-2.));
#232 = CARTESIAN_POINT('',(0.,240.,2.));
#233 = CARTESIAN_POINT('',(0.,0.,2.));
#234 = DEFINITIONAL_REPRESENTATION('',(#235),#238);
#235 = B_SPLINE_CURVE_WITH_KNOTS('',1,(#236,#237),.UNSPECIFIED.,.F.,.F.,
  (2,2),(0.,240.),.PIECEWISE_BEZIER_KNOTS.);
#236 = CARTESIAN_POINT('',(2.,-120.));
#237 = CARTESIAN_POINT('',(2.,120.));
#238 = ( GEOMETRIC_REPRESENTATION_CONTEXT(2) 
PARAMETRIC_REPRESENTATION_CONTEXT() REPRESENTATION_CONTEXT('2D SPACE',''
  ) );
#239 = FACE_BOUND('',#240,.T.);
#240 = EDGE_LOOP('',(#241));
#241 = ORIENTED_EDGE('',*,*,#242,.F.);
#242 = EDGE_CURVE('',#243,#243,#245,.T.);
#243 = VERTEX_POINT('',#244);
#244 = CARTESIAN_POINT('',(198.58177961267,60.,2.));
#245 = SURFACE_CURVE('',#246,(#254,#265),.PCURVE_S1.);
#246 = ( BOUNDED_CURVE() B_SPLINE_CURVE(2,(#247,#248,#249,#250,#251,#252
,#253),.UNSPECIFIED.,.T.,.F.) B_SPLINE_CURVE_WITH_KNOTS((3,2,2,3),(0.,
    2.094395102393,4.188790204786,6.28318530718),
.PIECEWISE_BEZIER_KNOTS.) CURVE() GEOMETRIC_REPRESENTATION_ITEM() 
RATIONAL_B_SPLINE_CURVE((1.,0.5,1.,0.5,1.,0.5,1.)) REPRESENTATION_ITEM(
  '') );
#247 = CARTESIAN_POINT('',(198.58177961267,60.,2.));
#248 = CARTESIAN_POINT('',(198.58177961267,92.184586384196,2.));
#249 = CARTESIAN_POINT('',(170.70911019366,76.092293192098,2.));
#250 = CARTESIAN_POINT('',(142.83644077465,60.,2.));
#251 = CARTESIAN_POINT('',(170.70911019366,43.907706807902,2.));
#252 = CARTESIAN_POINT('',(198.58177961267,27.815413615804,2.));
#253 = CARTESIAN_POINT('',(198.58177961267,60.,2.));
#254 = PCURVE('',#31,#255);
#255 = DEFINITIONAL_REPRESENTATION('',(#256),#264);
#256 = ( BOUNDED_CURVE() B_SPLINE_CURVE(2,(#257,#258,#259,#260,#261,#262
,#263),.UNSPECIFIED.,.F.,.F.) B_SPLINE_CURVE_WITH_KNOTS((3,2,2,3),(0.,
    2.094395102393,4.188790204786,6.28318530718),
.PIECEWISE_BEZIER_KNOTS.) CURVE() GEOMETRIC_REPRESENTATION_ITEM() 
RATIONAL_B_SPLINE_CURVE((1.,0.5,1.,0.5,1.,0.5,1.)) REPRESENTATION_ITEM(
  '') );
#257 = CARTESIAN_POINT('',(18.581779612672,-60.));
#258 = CARTESIAN_POINT('',(18.581779612672,-27.8154136158));
#259 = CARTESIAN_POINT('',(-9.290889806336,-43.9077068079));
#260 = CARTESIAN_POINT('',(-37.16355922534,-60.));
#261 = CARTESIAN_POINT('',(-9.290889806336,-76.09229319209));
#262 = CARTESIAN_POINT('',(18.581779612673,-92.18458638419));
#263 = CARTESIAN_POINT('',(18.581779612672,-60.));
#264 = ( GEOMETRIC_REPRESENTATION_CONTEXT(2) 
PARAMETRIC_REPRESENTATION_CONTEXT() REPRESENTATION_CONTEXT('2D SPACE',''
  ) );
#265 = PCURVE('',#266,#297);
#266 = B_SPLINE_SURFACE_WITH_KNOTS('',14,1,(
    (#267,#268)
    ,(#269,#270)
    ,(#271,#272)
    ,(#273,#274)
    ,(#275,#276)
    ,(#277,#278)
    ,(#279,#280)
    ,(#281,#282)
    ,(#283,#284)
    ,(#285,#286)
    ,(#287,#288)
    ,(#289,#290)
    ,(#291,#292)
    ,(#293,#294)
    ,(#295,#296
    )),.UNSPECIFIED.,.T.,.F.,.F.,(15,15),(2,2),(0.,6.28318530718),(0.,1.
    ),.PIECEWISE_BEZIER_KNOTS.);
#267 = CARTESIAN_POINT('',(198.58177961267,60.,-2.));
#268 = CARTESIAN_POINT('',(198.58177961267,60.,2.));
#269 = CARTESIAN_POINT('',(198.58177961278,68.339483188865,
    -2.000000000001));
#270 = CARTESIAN_POINT('',(198.58177961278,68.339483188865,
    2.000000000001));
#271 = CARTESIAN_POINT('',(194.55112475754,76.678969455804,
    -1.999999999994));
#272 = CARTESIAN_POINT('',(194.55112475754,76.678969455804,
    1.999999999994));
#273 = CARTESIAN_POINT('',(186.48980989731,82.907977400661,
    -2.000000000016));
#274 = CARTESIAN_POINT('',(186.48980989731,82.907977400661,
    2.000000000016));
#275 = CARTESIAN_POINT('',(175.6033537002,84.916263607992,
    -1.999999999968));
#276 = CARTESIAN_POINT('',(175.6033537002,84.916263607992,1.999999999968
    ));
#277 = CARTESIAN_POINT('',(164.30256486053,81.350034812646,
    -2.000000000051));
#278 = CARTESIAN_POINT('',(164.30256486053,81.350034812646,
    2.000000000051));
#279 = CARTESIAN_POINT('',(155.67567559044,72.373332873149,
    -1.999999999935));
#280 = CARTESIAN_POINT('',(155.67567559044,72.373332873149,
    1.999999999935));
#281 = CARTESIAN_POINT('',(152.4278239396,60.000000002049,
    -2.000000000069));
#282 = CARTESIAN_POINT('',(152.4278239396,60.000000002049,2.000000000069
    ));
#283 = CARTESIAN_POINT('',(155.6756755909,47.62666712312,-1.999999999939
    ));
#284 = CARTESIAN_POINT('',(155.6756755909,47.62666712312,1.999999999939)
  );
#285 = CARTESIAN_POINT('',(164.30256485985,38.649965190159,
    -2.000000000044));
#286 = CARTESIAN_POINT('',(164.30256485985,38.649965190159,
    2.000000000044));
#287 = CARTESIAN_POINT('',(175.60335370081,35.083736390289,
    -1.999999999974));
#288 = CARTESIAN_POINT('',(175.60335370081,35.083736390289,
    1.999999999974));
#289 = CARTESIAN_POINT('',(186.48980989693,37.092022600172,
    -2.000000000012));
#290 = CARTESIAN_POINT('',(186.48980989693,37.092022600172,
    2.000000000012));
#291 = CARTESIAN_POINT('',(194.5511247577,43.321030543898,
    -1.999999999996));
#292 = CARTESIAN_POINT('',(194.5511247577,43.321030543898,1.999999999996
    ));
#293 = CARTESIAN_POINT('',(198.58177961274,51.660516811199,
    -2.000000000001));
#294 = CARTESIAN_POINT('',(198.58177961274,51.660516811199,
    2.000000000001));
#295 = CARTESIAN_POINT('',(198.58177961267,60.,-2.));
#296 = CARTESIAN_POINT('',(198.58177961267,60.,2.));
#297 = DEFINITIONAL_REPRESENTATION('',(#298),#345);
#298 = B_SPLINE_CURVE_WITH_KNOTS('',8,(#299,#300,#301,#302,#303,#304,
    #305,#306,#307,#308,#309,#310,#311,#312,#313,#314,#315,#316,#317,
    #318,#319,#320,#321,#322,#323,#324,#325,#326,#327,#328,#329,#330,
    #331,#332,#333,#334,#335,#336,#337,#338,#339,#340,#341,#342,#343,
    #344),.UNSPECIFIED.,.F.,.F.,(9,7,8,7,8,7,9),(0.,1.047197551197,
    2.094395102393,3.14159265359,4.188790204786,5.235987755983,
    6.28318530718),.UNSPECIFIED.);
#299 = CARTESIAN_POINT('',(1.529547224362E-15,1.));
#300 = CARTESIAN_POINT('',(0.108253243145,1.000000000005));
#301 = CARTESIAN_POINT('',(0.22423814989,0.999999999972));
#302 = CARTESIAN_POINT('',(0.347958813827,1.000000000079));
#303 = CARTESIAN_POINT('',(0.479014798433,0.999999999633));
#304 = CARTESIAN_POINT('',(0.616474342468,1.0000000001));
#305 = CARTESIAN_POINT('',(0.758522866142,0.999999999952));
#306 = CARTESIAN_POINT('',(0.902859925455,1.000000000004));
#307 = CARTESIAN_POINT('',(1.191535175443,1.000000000001));
#308 = CARTESIAN_POINT('',(1.335872236371,0.999999999975));
#309 = CARTESIAN_POINT('',(1.477920760287,0.99999999996));
#310 = CARTESIAN_POINT('',(1.615380311112,0.999999999648));
#311 = CARTESIAN_POINT('',(1.746436289261,1.000000000022));
#312 = CARTESIAN_POINT('',(1.870156941941,0.999999999999));
#313 = CARTESIAN_POINT('',(1.986141859833,1.000000000005));
#314 = CARTESIAN_POINT('',(2.094395103134,1.));
#315 = CARTESIAN_POINT('',(2.202648346422,0.999999999999));
#316 = CARTESIAN_POINT('',(2.318633263907,0.999999999988));
#317 = CARTESIAN_POINT('',(2.442353915427,0.999999999922));
#318 = CARTESIAN_POINT('',(2.573409891656,0.999999999771));
#319 = CARTESIAN_POINT('',(2.71086944253,0.999999999924));
#320 = CARTESIAN_POINT('',(2.852917966888,1.000000000007));
#321 = CARTESIAN_POINT('',(2.997255027904,1.));
#322 = CARTESIAN_POINT('',(3.28593027927,1.000000000005));
#323 = CARTESIAN_POINT('',(3.430267340367,0.99999999999));
#324 = CARTESIAN_POINT('',(3.572315864025,1.00000000004));
#325 = CARTESIAN_POINT('',(3.709775414818,0.999999999586));
#326 = CARTESIAN_POINT('',(3.840831391195,1.000000000037));
#327 = CARTESIAN_POINT('',(3.964552043264,0.999999999985));
#328 = CARTESIAN_POINT('',(4.080536960716,1.000000000002));
#329 = CARTESIAN_POINT('',(4.188790204046,1.));
#330 = CARTESIAN_POINT('',(4.29704344733,1.000000000007));
#331 = CARTESIAN_POINT('',(4.413028365361,0.999999999946));
#332 = CARTESIAN_POINT('',(4.536749017008,1.000000000099));
#333 = CARTESIAN_POINT('',(4.667804995161,0.999999999586));
#334 = CARTESIAN_POINT('',(4.805264546135,1.000000000096));
#335 = CARTESIAN_POINT('',(4.947313070973,0.999999999941));
#336 = CARTESIAN_POINT('',(5.091650131706,1.000000000009));
#337 = CARTESIAN_POINT('',(5.38032538169,0.999999999995));
#338 = CARTESIAN_POINT('',(5.524662441273,1.000000000047));
#339 = CARTESIAN_POINT('',(5.666710963827,0.999999999806));
#340 = CARTESIAN_POINT('',(5.804170508465,0.999999999918));
#341 = CARTESIAN_POINT('',(5.935226492274,0.99999999982));
#342 = CARTESIAN_POINT('',(6.058947157571,1.000000000036));
#343 = CARTESIAN_POINT('',(6.174932063956,0.999999999997));
#344 = CARTESIAN_POINT('',(6.28318530718,1.));
#345 = ( GEOMETRIC_REPRESENTATION_CONTEXT(2) 
PARAMETRIC_REPRESENTATION_CONTEXT() REPRESENTATION_CONTEXT('2D SPACE',''
  ) );
#346 = FACE_BOUND('',#347,.T.);
#347 = EDGE_LOOP('',(#348));
#348 = ORIENTED_EDGE('',*,*,#349,.T.);
#349 = EDGE_CURVE('',#350,#350,#352,.T.);
#350 = VERTEX_POINT('',#351);
#351 = CARTESIAN_POINT('',(321.710474654,180.,2.));
#352 = SURFACE_CURVE('',#353,(#361,#372),.PCURVE_S1.);
#353 = ( BOUNDED_CURVE() B_SPLINE_CURVE(2,(#354,#355,#356,#357,#358,#359
,#360),.UNSPECIFIED.,.T.,.F.) B_SPLINE_CURVE_WITH_KNOTS((3,2,2,3),(0.,
    2.094395102393,4.188790204786,6.28318530718),
.PIECEWISE_BEZIER_KNOTS.) CURVE() GEOMETRIC_REPRESENTATION_ITEM() 
RATIONAL_B_SPLINE_CURVE((1.,0.5,1.,0.5,1.,0.5,1.)) REPRESENTATION_ITEM(
  '') );
#354 = CARTESIAN_POINT('',(321.710474654,180.,2.));
#355 = CARTESIAN_POINT('',(321.710474654,142.39635484283,2.));
#356 = CARTESIAN_POINT('',(289.144762673,161.19817742141,2.));
#357 = CARTESIAN_POINT('',(256.57905069199,180.,2.));
#358 = CARTESIAN_POINT('',(289.144762673,198.80182257858,2.));
#359 = CARTESIAN_POINT('',(321.710474654,217.60364515716,2.));
#360 = CARTESIAN_POINT('',(321.710474654,180.,2.));
#361 = PCURVE('',#31,#362);
#362 = DEFINITIONAL_REPRESENTATION('',(#363),#371);
#363 = ( BOUNDED_CURVE() B_SPLINE_CURVE(2,(#364,#365,#366,#367,#368,#369
,#370),.UNSPECIFIED.,.F.,.F.) B_SPLINE_CURVE_WITH_KNOTS((3,2,2,3),(0.,
    2.094395102393,4.188790204786,6.28318530718),
.PIECEWISE_BEZIER_KNOTS.) CURVE() GEOMETRIC_REPRESENTATION_ITEM() 
RATIONAL_B_SPLINE_CURVE((1.,0.5,1.,0.5,1.,0.5,1.)) REPRESENTATION_ITEM(
  '') );
#364 = CARTESIAN_POINT('',(141.710474654,60.));
#365 = CARTESIAN_POINT('',(141.710474654,22.396354842835));
#366 = CARTESIAN_POINT('',(109.144762673,41.198177421417));
#367 = CARTESIAN_POINT('',(76.579050691999,60.));
#368 = CARTESIAN_POINT('',(109.144762673,78.801822578583));
#369 = CARTESIAN_POINT('',(141.710474654,97.603645157165));
#370 = CARTESIAN_POINT('',(141.710474654,60.));
#371 = ( GEOMETRIC_REPRESENTATION_CONTEXT(2) 
PARAMETRIC_REPRESENTATION_CONTEXT() REPRESENTATION_CONTEXT('2D SPACE',''
  ) );
#372 = PCURVE('',#373,#395);
#373 = ( BOUNDED_SURFACE() B_SPLINE_SURFACE(2,2,(
    (#374,#375,#376)
    ,(#377,#378,#379)
    ,(#380,#381,#382)
    ,(#383,#384,#385)
    ,(#386,#387,#388)
    ,(#389,#390,#391)
    ,(#392,#393,#394
)),.UNSPECIFIED.,.T.,.F.,.F.) B_SPLINE_SURFACE_WITH_KNOTS((1,2,2,2,2,1),
  (3,3),(-2.094395102393,0.,2.094395102393,4.188790204786,6.28318530718,
    8.377580409573),(1.570796326795,3.14159265359),.UNSPECIFIED.) 
GEOMETRIC_REPRESENTATION_ITEM() RATIONAL_B_SPLINE_SURFACE((
    (1.,0.707106781187,1.)
    ,(0.5,0.353553390593,0.5)
    ,(1.,0.707106781187,1.)
    ,(0.5,0.353553390593,0.5)
    ,(1.,0.707106781187,1.)
    ,(0.5,0.353553390593,0.5)
,(1.,0.707106781187,1.))) REPRESENTATION_ITEM('') SURFACE() );
#374 = CARTESIAN_POINT('',(321.710474654,180.,2.));
#375 = CARTESIAN_POINT('',(315.710474654,180.,2.));
#376 = CARTESIAN_POINT('',(315.710474654,180.,-4.));
#377 = CARTESIAN_POINT('',(321.710474654,217.60364515716,2.));
#378 = CARTESIAN_POINT('',(315.710474654,207.21134031175,2.));
#379 = CARTESIAN_POINT('',(315.710474654,207.21134031175,-4.));
#380 = CARTESIAN_POINT('',(289.144762673,198.80182257858,2.));
#381 = CARTESIAN_POINT('',(292.144762673,193.60567015587,2.));
#382 = CARTESIAN_POINT('',(292.144762673,193.60567015587,-4.));
#383 = CARTESIAN_POINT('',(256.57905069199,180.,2.));
#384 = CARTESIAN_POINT('',(268.57905069199,180.,2.));
#385 = CARTESIAN_POINT('',(268.57905069199,180.,-4.));
#386 = CARTESIAN_POINT('',(289.144762673,161.19817742141,2.));
#387 = CARTESIAN_POINT('',(292.144762673,166.39432984412,2.));
#388 = CARTESIAN_POINT('',(292.144762673,166.39432984412,-4.));
#389 = CARTESIAN_POINT('',(321.710474654,142.39635484283,2.));
#390 = CARTESIAN_POINT('',(315.710474654,152.78865968824,2.));
#391 = CARTESIAN_POINT('',(315.710474654,152.78865968824,-4.));
#392 = CARTESIAN_POINT('',(321.710474654,180.,2.));
#393 = CARTESIAN_POINT('',(315.710474654,180.,2.));
#394 = CARTESIAN_POINT('',(315.710474654,180.,-4.));
#395 = DEFINITIONAL_REPRESENTATION('',(#396),#404);
#396 = B_SPLINE_CURVE_WITH_KNOTS('',2,(#397,#398,#399,#400,#401,#402,
    #403),.UNSPECIFIED.,.F.,.F.,(3,2,2,3),(4.748977561927E-15,
    2.094395102393,4.188790204786,6.28318530718),.UNSPECIFIED.);
#397 = CARTESIAN_POINT('',(6.28318530718,1.570796326795));
#398 = CARTESIAN_POINT('',(5.235987755983,1.570796326795));
#399 = CARTESIAN_POINT('',(4.188790204786,1.570796326795));
#400 = CARTESIAN_POINT('',(3.14159265359,1.570796326795));
#401 = CARTESIAN_POINT('',(2.094395102393,1.570796326795));
#402 = CARTESIAN_POINT('',(1.047197551197,1.570796326795));
#403 = CARTESIAN_POINT('',(0.,1.570796326795));
#404 = ( GEOMETRIC_REPRESENTATION_CONTEXT(2) 
PARAMETRIC_REPRESENTATION_CONTEXT() REPRESENTATION_CONTEXT('2D SPACE',''
  ) );
#405 = FACE_BOUND('',#406,.T.);
#406 = EDGE_LOOP('',(#407,#437,#465,#493));
#407 = ORIENTED_EDGE('',*,*,#408,.F.);
#408 = EDGE_CURVE('',#409,#411,#413,.T.);
#409 = VERTEX_POINT('',#410);
#410 = CARTESIAN_POINT('',(46.385999684733,69.081393778228,2.));
#411 = VERTEX_POINT('',#412);
#412 = CARTESIAN_POINT('',(40.385999684733,69.081393778228,2.));
#413 = SURFACE_CURVE('',#414,(#417,#423),.PCURVE_S1.);
#414 = B_SPLINE_CURVE_WITH_KNOTS('',1,(#415,#416),.UNSPECIFIED.,.F.,.F.,
  (2,2),(-1.,5.),.PIECEWISE_BEZIER_KNOTS.);
#415 = CARTESIAN_POINT('',(46.385999684733,69.081393778228,2.));
#416 = CARTESIAN_POINT('',(40.385999684733,69.081393778228,2.));
#417 = PCURVE('',#31,#418);
#418 = DEFINITIONAL_REPRESENTATION('',(#419),#422);
#419 = B_SPLINE_CURVE_WITH_KNOTS('',1,(#420,#421),.UNSPECIFIED.,.F.,.F.,
  (2,2),(-1.,5.),.PIECEWISE_BEZIER_KNOTS.);
#420 = CARTESIAN_POINT('',(-133.6140003152,-50.91860622177));
#421 = CARTESIAN_POINT('',(-139.6140003152,-50.91860622177));
#422 = ( GEOMETRIC_REPRESENTATION_CONTEXT(2) 
PARAMETRIC_REPRESENTATION_CONTEXT() REPRESENTATION_CONTEXT('2D SPACE',''
  ) );
#423 = PCURVE('',#424,#431);
#424 = ( BOUNDED_SURFACE() B_SPLINE_SURFACE(2,1,(
    (#425,#426)
    ,(#427,#428)
,(#429,#430
    )),.UNSPECIFIED.,.F.,.F.,.F.) B_SPLINE_SURFACE_WITH_KNOTS((3,3),(2,2
    ),(0.,0.785398163397),(-1.,5.),.PIECEWISE_BEZIER_KNOTS.) 
GEOMETRIC_REPRESENTATION_ITEM() RATIONAL_B_SPLINE_SURFACE((
    (1.,1.)
    ,(0.923879532511,0.923879532511)
,(1.,1.))) REPRESENTATION_ITEM('') SURFACE() );
#425 = CARTESIAN_POINT('',(46.385999684733,69.081393778228,2.));
#426 = CARTESIAN_POINT('',(40.385999684733,69.081393778228,2.));
#427 = CARTESIAN_POINT('',(46.385999684733,68.667180215855,2.));
#428 = CARTESIAN_POINT('',(40.385999684733,68.667180215855,2.));
#429 = CARTESIAN_POINT('',(46.385999684733,68.374286997041,
    2.292893218813));
#430 = CARTESIAN_POINT('',(40.385999684733,68.374286997041,
    2.292893218813));
#431 = DEFINITIONAL_REPRESENTATION('',(#432),#436);
#432 = B_SPLINE_CURVE_WITH_KNOTS('',2,(#433,#434,#435),.UNSPECIFIED.,.F.
  ,.F.,(3,3),(-1.,5.),.PIECEWISE_BEZIER_KNOTS.);
#433 = CARTESIAN_POINT('',(0.,-1.));
#434 = CARTESIAN_POINT('',(0.,2.));
#435 = CARTESIAN_POINT('',(0.,5.));
#436 = ( GEOMETRIC_REPRESENTATION_CONTEXT(2) 
PARAMETRIC_REPRESENTATION_CONTEXT() REPRESENTATION_CONTEXT('2D SPACE',''
  ) );
#437 = ORIENTED_EDGE('',*,*,#438,.T.);
#438 = EDGE_CURVE('',#409,#439,#441,.T.);
#439 = VERTEX_POINT('',#440);
#440 = CARTESIAN_POINT('',(46.385999684733,63.585786437627,2.));
#441 = SURFACE_CURVE('',#442,(#445,#451),.PCURVE_S1.);
#442 = B_SPLINE_CURVE_WITH_KNOTS('',1,(#443,#444),.UNSPECIFIED.,.F.,.F.,
  (2,2),(-0.414213562373,5.081393778228),.PIECEWISE_BEZIER_KNOTS.);
#443 = CARTESIAN_POINT('',(46.385999684733,69.081393778228,2.));
#444 = CARTESIAN_POINT('',(46.385999684733,63.585786437627,2.));
#445 = PCURVE('',#31,#446);
#446 = DEFINITIONAL_REPRESENTATION('',(#447),#450);
#447 = B_SPLINE_CURVE_WITH_KNOTS('',1,(#448,#449),.UNSPECIFIED.,.F.,.F.,
  (2,2),(-0.414213562373,5.081393778228),.PIECEWISE_BEZIER_KNOTS.);
#448 = CARTESIAN_POINT('',(-133.6140003152,-50.91860622177));
#449 = CARTESIAN_POINT('',(-133.6140003152,-56.41421356237));
#450 = ( GEOMETRIC_REPRESENTATION_CONTEXT(2) 
PARAMETRIC_REPRESENTATION_CONTEXT() REPRESENTATION_CONTEXT('2D SPACE',''
  ) );
#451 = PCURVE('',#452,#459);
#452 = ( BOUNDED_SURFACE() B_SPLINE_SURFACE(2,1,(
    (#453,#454)
    ,(#455,#456)
,(#457,#458
    )),.UNSPECIFIED.,.F.,.F.,.F.) B_SPLINE_SURFACE_WITH_KNOTS((3,3),(2,2
    ),(0.,1.570796326795),(-0.414213562373,5.081393778228),
.PIECEWISE_BEZIER_KNOTS.) GEOMETRIC_REPRESENTATION_ITEM() 
RATIONAL_B_SPLINE_SURFACE((
    (1.,1.)
    ,(0.707106781187,0.707106781187)
,(1.,1.))) REPRESENTATION_ITEM('') SURFACE() );
#453 = CARTESIAN_POINT('',(46.385999684733,69.081393778228,2.));
#454 = CARTESIAN_POINT('',(46.385999684733,63.585786437627,2.));
#455 = CARTESIAN_POINT('',(45.385999684733,69.081393778228,2.));
#456 = CARTESIAN_POINT('',(45.385999684733,63.585786437627,2.));
#457 = CARTESIAN_POINT('',(45.385999684733,69.081393778228,3.));
#458 = CARTESIAN_POINT('',(45.385999684733,63.585786437627,3.));
#459 = DEFINITIONAL_REPRESENTATION('',(#460),#464);
#460 = B_SPLINE_CURVE_WITH_KNOTS('',2,(#461,#462,#463),.UNSPECIFIED.,.F.
  ,.F.,(3,3),(-0.414213562373,5.081393778228),.PIECEWISE_BEZIER_KNOTS.);
#461 = CARTESIAN_POINT('',(0.,-0.414213562373));
#462 = CARTESIAN_POINT('',(0.,2.333590107927));
#463 = CARTESIAN_POINT('',(0.,5.081393778228));
#464 = ( GEOMETRIC_REPRESENTATION_CONTEXT(2) 
PARAMETRIC_REPRESENTATION_CONTEXT() REPRESENTATION_CONTEXT('2D SPACE',''
  ) );
#465 = ORIENTED_EDGE('',*,*,#466,.T.);
#466 = EDGE_CURVE('',#439,#467,#469,.T.);
#467 = VERTEX_POINT('',#468);
#468 = CARTESIAN_POINT('',(40.385999684733,63.585786437627,2.));
#469 = SURFACE_CURVE('',#470,(#473,#479),.PCURVE_S1.);
#470 = B_SPLINE_CURVE_WITH_KNOTS('',1,(#471,#472),.UNSPECIFIED.,.F.,.F.,
  (2,2),(-1.,5.),.PIECEWISE_BEZIER_KNOTS.);
#471 = CARTESIAN_POINT('',(46.385999684733,63.585786437627,2.));
#472 = CARTESIAN_POINT('',(40.385999684733,63.585786437627,2.));
#473 = PCURVE('',#31,#474);
#474 = DEFINITIONAL_REPRESENTATION('',(#475),#478);
#475 = B_SPLINE_CURVE_WITH_KNOTS('',1,(#476,#477),.UNSPECIFIED.,.F.,.F.,
  (2,2),(-1.,5.),.PIECEWISE_BEZIER_KNOTS.);
#476 = CARTESIAN_POINT('',(-133.6140003152,-56.41421356237));
#477 = CARTESIAN_POINT('',(-139.6140003152,-56.41421356237));
#478 = ( GEOMETRIC_REPRESENTATION_CONTEXT(2) 
PARAMETRIC_REPRESENTATION_CONTEXT() REPRESENTATION_CONTEXT('2D SPACE',''
  ) );
#479 = PCURVE('',#480,#487);
#480 = ( BOUNDED_SURFACE() B_SPLINE_SURFACE(2,1,(
    (#481,#482)
    ,(#483,#484)
,(#485,#486
    )),.UNSPECIFIED.,.F.,.F.,.F.) B_SPLINE_SURFACE_WITH_KNOTS((3,3),(2,2
    ),(0.,2.356194490192),(-1.,5.),.PIECEWISE_BEZIER_KNOTS.) 
GEOMETRIC_REPRESENTATION_ITEM() RATIONAL_B_SPLINE_SURFACE((
    (1.,1.)
    ,(0.382683432365,0.382683432365)
,(1.,1.))) REPRESENTATION_ITEM('') SURFACE() );
#481 = CARTESIAN_POINT('',(46.385999684733,63.585786437627,2.));
#482 = CARTESIAN_POINT('',(40.385999684733,63.585786437627,2.));
#483 = CARTESIAN_POINT('',(46.385999684733,66.,2.));
#484 = CARTESIAN_POINT('',(40.385999684733,66.,2.));
#485 = CARTESIAN_POINT('',(46.385999684733,64.292893218813,
    3.707106781187));
#486 = CARTESIAN_POINT('',(40.385999684733,64.292893218813,
    3.707106781187));
#487 = DEFINITIONAL_REPRESENTATION('',(#488),#492);
#488 = B_SPLINE_CURVE_WITH_KNOTS('',2,(#489,#490,#491),.UNSPECIFIED.,.F.
  ,.F.,(3,3),(-1.,5.),.PIECEWISE_BEZIER_KNOTS.);
#489 = CARTESIAN_POINT('',(0.,-1.));
#490 = CARTESIAN_POINT('',(0.,2.));
#491 = CARTESIAN_POINT('',(0.,5.));
#492 = ( GEOMETRIC_REPRESENTATION_CONTEXT(2) 
PARAMETRIC_REPRESENTATION_CONTEXT() REPRESENTATION_CONTEXT('2D SPACE',''
  ) );
#493 = ORIENTED_EDGE('',*,*,#494,.F.);
#494 = EDGE_CURVE('',#411,#467,#495,.T.);
#495 = SURFACE_CURVE('',#496,(#499,#505),.PCURVE_S1.);
#496 = B_SPLINE_CURVE_WITH_KNOTS('',1,(#497,#498),.UNSPECIFIED.,.F.,.F.,
  (2,2),(-0.414213562373,5.081393778228),.PIECEWISE_BEZIER_KNOTS.);
#497 = CARTESIAN_POINT('',(40.385999684733,69.081393778228,2.));
#498 = CARTESIAN_POINT('',(40.385999684733,63.585786437627,2.));
#499 = PCURVE('',#31,#500);
#500 = DEFINITIONAL_REPRESENTATION('',(#501),#504);
#501 = B_SPLINE_CURVE_WITH_KNOTS('',1,(#502,#503),.UNSPECIFIED.,.F.,.F.,
  (2,2),(-0.414213562373,5.081393778228),.PIECEWISE_BEZIER_KNOTS.);
#502 = CARTESIAN_POINT('',(-139.6140003152,-50.91860622177));
#503 = CARTESIAN_POINT('',(-139.6140003152,-56.41421356237));
#504 = ( GEOMETRIC_REPRESENTATION_CONTEXT(2) 
PARAMETRIC_REPRESENTATION_CONTEXT() REPRESENTATION_CONTEXT('2D SPACE',''
  ) );
#505 = PCURVE('',#506,#513);
#506 = ( BOUNDED_SURFACE() B_SPLINE_SURFACE(2,1,(
    (#507,#508)
    ,(#509,#510)
,(#511,#512
    )),.UNSPECIFIED.,.F.,.F.,.F.) B_SPLINE_SURFACE_WITH_KNOTS((3,3),(2,2
    ),(0.,1.570796326795),(-0.414213562373,5.081393778228),
.PIECEWISE_BEZIER_KNOTS.) GEOMETRIC_REPRESENTATION_ITEM() 
RATIONAL_B_SPLINE_SURFACE((
    (1.,1.)
    ,(0.707106781187,0.707106781187)
,(1.,1.))) REPRESENTATION_ITEM('') SURFACE() );
#507 = CARTESIAN_POINT('',(40.385999684733,69.081393778228,2.));
#508 = CARTESIAN_POINT('',(40.385999684733,63.585786437627,2.));
#509 = CARTESIAN_POINT('',(41.385999684733,69.081393778228,2.));
#510 = CARTESIAN_POINT('',(41.385999684733,63.585786437627,2.));
#511 = CARTESIAN_POINT('',(41.385999684733,69.081393778228,3.));
#512 = CARTESIAN_POINT('',(41.385999684733,63.585786437627,3.));
#513 = DEFINITIONAL_REPRESENTATION('',(#514),#518);
#514 = B_SPLINE_CURVE_WITH_KNOTS('',2,(#515,#516,#517),.UNSPECIFIED.,.F.
  ,.F.,(3,3),(-0.414213562373,5.081393778228),.PIECEWISE_BEZIER_KNOTS.);
#515 = CARTESIAN_POINT('',(0.,-0.414213562373));
#516 = CARTESIAN_POINT('',(0.,2.333590107927));
#517 = CARTESIAN_POINT('',(0.,5.081393778228));
#518 = ( GEOMETRIC_REPRESENTATION_CONTEXT(2) 
PARAMETRIC_REPRESENTATION_CONTEXT() REPRESENTATION_CONTEXT('2D SPACE',''
  ) );
#519 = FACE_BOUND('',#520,.T.);
#520 = EDGE_LOOP('',(#521,#551,#579,#607));
#521 = ORIENTED_EDGE('',*,*,#522,.F.);
#522 = EDGE_CURVE('',#523,#525,#527,.T.);
#523 = VERTEX_POINT('',#524);
#524 = CARTESIAN_POINT('',(79.614000315267,69.081393778228,2.));
#525 = VERTEX_POINT('',#526);
#526 = CARTESIAN_POINT('',(73.614000315267,69.081393778228,2.));
#527 = SURFACE_CURVE('',#528,(#531,#537),.PCURVE_S1.);
#528 = B_SPLINE_CURVE_WITH_KNOTS('',1,(#529,#530),.UNSPECIFIED.,.F.,.F.,
  (2,2),(-1.,5.),.PIECEWISE_BEZIER_KNOTS.);
#529 = CARTESIAN_POINT('',(79.614000315267,69.081393778228,2.));
#530 = CARTESIAN_POINT('',(73.614000315267,69.081393778228,2.));
#531 = PCURVE('',#31,#532);
#532 = DEFINITIONAL_REPRESENTATION('',(#533),#536);
#533 = B_SPLINE_CURVE_WITH_KNOTS('',1,(#534,#535),.UNSPECIFIED.,.F.,.F.,
  (2,2),(-1.,5.),.PIECEWISE_BEZIER_KNOTS.);
#534 = CARTESIAN_POINT('',(-100.3859996847,-50.91860622177));
#535 = CARTESIAN_POINT('',(-106.3859996847,-50.91860622177));
#536 = ( GEOMETRIC_REPRESENTATION_CONTEXT(2) 
PARAMETRIC_REPRESENTATION_CONTEXT() REPRESENTATION_CONTEXT('2D SPACE',''
  ) );
#537 = PCURVE('',#538,#545);
#538 = ( BOUNDED_SURFACE() B_SPLINE_SURFACE(2,1,(
    (#539,#540)
    ,(#541,#542)
,(#543,#544
    )),.UNSPECIFIED.,.F.,.F.,.F.) B_SPLINE_SURFACE_WITH_KNOTS((3,3),(2,2
    ),(0.,0.785398163397),(-1.,5.),.PIECEWISE_BEZIER_KNOTS.) 
GEOMETRIC_REPRESENTATION_ITEM() RATIONAL_B_SPLINE_SURFACE((
    (1.,1.)
    ,(0.923879532511,0.923879532511)
,(1.,1.))) REPRESENTATION_ITEM('') SURFACE() );
#539 = CARTESIAN_POINT('',(79.614000315267,69.081393778228,2.));
#540 = CARTESIAN_POINT('',(73.614000315267,69.081393778228,2.));
#541 = CARTESIAN_POINT('',(79.614000315267,68.667180215855,2.));
#542 = CARTESIAN_POINT('',(73.614000315267,68.667180215855,2.));
#543 = CARTESIAN_POINT('',(79.614000315267,68.374286997041,
    2.292893218813));
#544 = CARTESIAN_POINT('',(73.614000315267,68.374286997041,
    2.292893218813));
#545 = DEFINITIONAL_REPRESENTATION('',(#546),#550);
#546 = B_SPLINE_CURVE_WITH_KNOTS('',2,(#547,#548,#549),.UNSPECIFIED.,.F.
  ,.F.,(3,3),(-1.,5.),.PIECEWISE_BEZIER_KNOTS.);
#547 = CARTESIAN_POINT('',(0.,-1.));
#548 = CARTESIAN_POINT('',(0.,2.));
#549 = CARTESIAN_POINT('',(0.,5.));
#550 = ( GEOMETRIC_REPRESENTATION_CONTEXT(2) 
PARAMETRIC_REPRESENTATION_CONTEXT() REPRESENTATION_CONTEXT('2D SPACE',''
  ) );
#551 = ORIENTED_EDGE('',*,*,#552,.T.);
#552 = EDGE_CURVE('',#523,#553,#555,.T.);
#553 = VERTEX_POINT('',#554);
#554 = CARTESIAN_POINT('',(79.614000315267,63.585786437627,2.));
#555 = SURFACE_CURVE('',#556,(#559,#565),.PCURVE_S1.);
#556 = B_SPLINE_CURVE_WITH_KNOTS('',1,(#557,#558),.UNSPECIFIED.,.F.,.F.,
  (2,2),(-0.414213562373,5.081393778228),.PIECEWISE_BEZIER_KNOTS.);
#557 = CARTESIAN_POINT('',(79.614000315267,69.081393778228,2.));
#558 = CARTESIAN_POINT('',(79.614000315267,63.585786437627,2.));
#559 = PCURVE('',#31,#560);
#560 = DEFINITIONAL_REPRESENTATION('',(#561),#564);
#561 = B_SPLINE_CURVE_WITH_KNOTS('',1,(#562,#563),.UNSPECIFIED.,.F.,.F.,
  (2,2),(-0.414213562373,5.081393778228),.PIECEWISE_BEZIER_KNOTS.);
#562 = CARTESIAN_POINT('',(-100.3859996847,-50.91860622177));
#563 = CARTESIAN_POINT('',(-100.3859996847,-56.41421356237));
#564 = ( GEOMETRIC_REPRESENTATION_CONTEXT(2) 
PARAMETRIC_REPRESENTATION_CONTEXT() REPRESENTATION_CONTEXT('2D SPACE',''
  ) );
#565 = PCURVE('',#566,#573);
#566 = ( BOUNDED_SURFACE() B_SPLINE_SURFACE(2,1,(
    (#567,#568)
    ,(#569,#570)
,(#571,#572
    )),.UNSPECIFIED.,.F.,.F.,.F.) B_SPLINE_SURFACE_WITH_KNOTS((3,3),(2,2
    ),(0.,1.570796326795),(-0.414213562373,5.081393778228),
.PIECEWISE_BEZIER_KNOTS.) GEOMETRIC_REPRESENTATION_ITEM() 
RATIONAL_B_SPLINE_SURFACE((
    (1.,1.)
    ,(0.707106781187,0.707106781187)
,(1.,1.))) REPRESENTATION_ITEM('') SURFACE() );
#567 = CARTESIAN_POINT('',(79.614000315267,69.081393778228,2.));
#568 = CARTESIAN_POINT('',(79.614000315267,63.585786437627,2.));
#569 = CARTESIAN_POINT('',(78.614000315267,69.081393778228,2.));
#570 = CARTESIAN_POINT('',(78.614000315267,63.585786437627,2.));
#571 = CARTESIAN_POINT('',(78.614000315267,69.081393778228,3.));
#572 = CARTESIAN_POINT('',(78.614000315267,63.585786437627,3.));
#573 = DEFINITIONAL_REPRESENTATION('',(#574),#578);
#574 = B_SPLINE_CURVE_WITH_KNOTS('',2,(#575,#576,#577),.UNSPECIFIED.,.F.
  ,.F.,(3,3),(-0.414213562373,5.081393778228),.PIECEWISE_BEZIER_KNOTS.);
#575 = CARTESIAN_POINT('',(0.,-0.414213562373));
#576 = CARTESIAN_POINT('',(0.,2.333590107927));
#577 = CARTESIAN_POINT('',(0.,5.081393778228));
#578 = ( GEOMETRIC_REPRESENTATION_CONTEXT(2) 
PARAMETRIC_REPRESENTATION_CONTEXT() REPRESENTATION_CONTEXT('2D SPACE',''
  ) );
#579 = ORIENTED_EDGE('',*,*,#580,.T.);
#580 = EDGE_CURVE('',#553,#581,#583,.T.);
#581 = VERTEX_POINT('',#582);
#582 = CARTESIAN_POINT('',(73.614000315267,63.585786437627,2.));
#583 = SURFACE_CURVE('',#584,(#587,#593),.PCURVE_S1.);
#584 = B_SPLINE_CURVE_WITH_KNOTS('',1,(#585,#586),.UNSPECIFIED.,.F.,.F.,
  (2,2),(-1.,5.),.PIECEWISE_BEZIER_KNOTS.);
#585 = CARTESIAN_POINT('',(79.614000315267,63.585786437627,2.));
#586 = CARTESIAN_POINT('',(73.614000315267,63.585786437627,2.));
#587 = PCURVE('',#31,#588);
#588 = DEFINITIONAL_REPRESENTATION('',(#589),#592);
#589 = B_SPLINE_CURVE_WITH_KNOTS('',1,(#590,#591),.UNSPECIFIED.,.F.,.F.,
  (2,2),(-1.,5.),.PIECEWISE_BEZIER_KNOTS.);
#590 = CARTESIAN_POINT('',(-100.3859996847,-56.41421356237));
#591 = CARTESIAN_POINT('',(-106.3859996847,-56.41421356237));
#592 = ( GEOMETRIC_REPRESENTATION_CONTEXT(2) 
PARAMETRIC_REPRESENTATION_CONTEXT() REPRESENTATION_CONTEXT('2D SPACE',''
  ) );
#593 = PCURVE('',#594,#601);
#594 = ( BOUNDED_SURFACE() B_SPLINE_SURFACE(2,1,(
    (#595,#596)
    ,(#597,#598)
,(#599,#600
    )),.UNSPECIFIED.,.F.,.F.,.F.) B_SPLINE_SURFACE_WITH_KNOTS((3,3),(2,2
    ),(0.,2.356194490192),(-1.,5.),.PIECEWISE_BEZIER_KNOTS.) 
GEOMETRIC_REPRESENTATION_ITEM() RATIONAL_B_SPLINE_SURFACE((
    (1.,1.)
    ,(0.382683432365,0.382683432365)
,(1.,1.))) REPRESENTATION_ITEM('') SURFACE() );
#595 = CARTESIAN_POINT('',(79.614000315267,63.585786437627,2.));
#596 = CARTESIAN_POINT('',(73.614000315267,63.585786437627,2.));
#597 = CARTESIAN_POINT('',(79.614000315267,66.,2.));
#598 = CARTESIAN_POINT('',(73.614000315267,66.,2.));
#599 = CARTESIAN_POINT('',(79.614000315267,64.292893218813,
    3.707106781187));
#600 = CARTESIAN_POINT('',(73.614000315267,64.292893218813,
    3.707106781187));
#601 = DEFINITIONAL_REPRESENTATION('',(#602),#606);
#602 = B_SPLINE_CURVE_WITH_KNOTS('',2,(#603,#604,#605),.UNSPECIFIED.,.F.
  ,.F.,(3,3),(-1.,5.),.PIECEWISE_BEZIER_KNOTS.);
#603 = CARTESIAN_POINT('',(0.,-1.));
#604 = CARTESIAN_POINT('',(0.,2.));
#605 = CARTESIAN_POINT('',(0.,5.));
#606 = ( GEOMETRIC_REPRESENTATION_CONTEXT(2) 
PARAMETRIC_REPRESENTATION_CONTEXT() REPRESENTATION_CONTEXT('2D SPACE',''
  ) );
#607 = ORIENTED_EDGE('',*,*,#608,.F.);
#608 = EDGE_CURVE('',#525,#581,#609,.T.);
#609 = SURFACE_CURVE('',#610,(#613,#619),.PCURVE_S1.);
#610 = B_SPLINE_CURVE_WITH_KNOTS('',1,(#611,#612),.UNSPECIFIED.,.F.,.F.,
  (2,2),(-0.414213562373,5.081393778228),.PIECEWISE_BEZIER_KNOTS.);
#611 = CARTESIAN_POINT('',(73.614000315267,69.081393778228,2.));
#612 = CARTESIAN_POINT('',(73.614000315267,63.585786437627,2.));
#613 = PCURVE('',#31,#614);
#614 = DEFINITIONAL_REPRESENTATION('',(#615),#618);
#615 = B_SPLINE_CURVE_WITH_KNOTS('',1,(#616,#617),.UNSPECIFIED.,.F.,.F.,
  (2,2),(-0.414213562373,5.081393778228),.PIECEWISE_BEZIER_KNOTS.);
#616 = CARTESIAN_POINT('',(-106.3859996847,-50.91860622177));
#617 = CARTESIAN_POINT('',(-106.3859996847,-56.41421356237));
#618 = ( GEOMETRIC_REPRESENTATION_CONTEXT(2) 
PARAMETRIC_REPRESENTATION_CONTEXT() REPRESENTATION_CONTEXT('2D SPACE',''
  ) );
#619 = PCURVE('',#620,#627);
#620 = ( BOUNDED_SURFACE() B_SPLINE_SURFACE(2,1,(
    (#621,#622)
    ,(#623,#624)
,(#625,#626
    )),.UNSPECIFIED.,.F.,.F.,.F.) B_SPLINE_SURFACE_WITH_KNOTS((3,3),(2,2
    ),(0.,1.570796326795),(-0.414213562373,5.081393778228),
.PIECEWISE_BEZIER_KNOTS.) GEOMETRIC_REPRESENTATION_ITEM() 
RATIONAL_B_SPLINE_SURFACE((
    (1.,1.)
    ,(0.707106781187,0.707106781187)
,(1.,1.))) REPRESENTATION_ITEM('') SURFACE() );
#621 = CARTESIAN_POINT('',(73.614000315267,69.081393778228,2.));
#622 = CARTESIAN_POINT('',(73.614000315267,63.585786437627,2.));
#623 = CARTESIAN_POINT('',(74.614000315267,69.081393778228,2.));
#624 = CARTESIAN_POINT('',(74.614000315267,63.585786437627,2.));
#625 = CARTESIAN_POINT('',(74.614000315267,69.081393778228,3.));
#626 = CARTESIAN_POINT('',(74.614000315267,63.585786437627,3.));
#627 = DEFINITIONAL_REPRESENTATION('',(#628),#632);
#628 = B_SPLINE_CURVE_WITH_KNOTS('',2,(#629,#630,#631),.UNSPECIFIED.,.F.
  ,.F.,(3,3),(-0.414213562373,5.081393778228),.PIECEWISE_BEZIER_KNOTS.);
#629 = CARTESIAN_POINT('',(0.,-0.414213562373));
#630 = CARTESIAN_POINT('',(0.,2.333590107927));
#631 = CARTESIAN_POINT('',(0.,5.081393778228));
#632 = ( GEOMETRIC_REPRESENTATION_CONTEXT(2) 
PARAMETRIC_REPRESENTATION_CONTEXT() REPRESENTATION_CONTEXT('2D SPACE',''
  ) );
#633 = FACE_BOUND('',#634,.T.);
#634 = EDGE_LOOP('',(#635,#665,#693,#721));
#635 = ORIENTED_EDGE('',*,*,#636,.T.);
#636 = EDGE_CURVE('',#637,#639,#641,.T.);
#637 = VERTEX_POINT('',#638);
#638 = CARTESIAN_POINT('',(63.,152.42825296957,2.));
#639 = VERTEX_POINT('',#640);
#640 = CARTESIAN_POINT('',(57.,152.42825296957,2.));
#641 = SURFACE_CURVE('',#642,(#645,#651),.PCURVE_S1.);
#642 = B_SPLINE_CURVE_WITH_KNOTS('',1,(#643,#644),.UNSPECIFIED.,.F.,.F.,
  (2,2),(-1.,5.),.PIECEWISE_BEZIER_KNOTS.);
#643 = CARTESIAN_POINT('',(63.,152.42825296957,2.));
#644 = CARTESIAN_POINT('',(57.,152.42825296957,2.));
#645 = PCURVE('',#31,#646);
#646 = DEFINITIONAL_REPRESENTATION('',(#647),#650);
#647 = B_SPLINE_CURVE_WITH_KNOTS('',1,(#648,#649),.UNSPECIFIED.,.F.,.F.,
  (2,2),(-1.,5.),.PIECEWISE_BEZIER_KNOTS.);
#648 = CARTESIAN_POINT('',(-117.,32.428252969571));
#649 = CARTESIAN_POINT('',(-123.,32.428252969571));
#650 = ( GEOMETRIC_REPRESENTATION_CONTEXT(2) 
PARAMETRIC_REPRESENTATION_CONTEXT() REPRESENTATION_CONTEXT('2D SPACE',''
  ) );
#651 = PCURVE('',#652,#659);
#652 = ( BOUNDED_SURFACE() B_SPLINE_SURFACE(2,1,(
    (#653,#654)
    ,(#655,#656)
,(#657,#658
    )),.UNSPECIFIED.,.F.,.F.,.F.) B_SPLINE_SURFACE_WITH_KNOTS((3,3),(2,2
    ),(0.,1.570796326795),(-1.,5.),.PIECEWISE_BEZIER_KNOTS.) 
GEOMETRIC_REPRESENTATION_ITEM() RATIONAL_B_SPLINE_SURFACE((
    (1.,1.)
    ,(0.707106781187,0.707106781187)
,(1.,1.))) REPRESENTATION_ITEM('') SURFACE() );
#653 = CARTESIAN_POINT('',(63.,152.42825296957,2.));
#654 = CARTESIAN_POINT('',(57.,152.42825296957,2.));
#655 = CARTESIAN_POINT('',(63.,153.42825296957,2.));
#656 = CARTESIAN_POINT('',(57.,153.42825296957,2.));
#657 = CARTESIAN_POINT('',(63.,153.42825296957,3.));
#658 = CARTESIAN_POINT('',(57.,153.42825296957,3.));
#659 = DEFINITIONAL_REPRESENTATION('',(#660),#664);
#660 = B_SPLINE_CURVE_WITH_KNOTS('',2,(#661,#662,#663),.UNSPECIFIED.,.F.
  ,.F.,(3,3),(-1.,5.),.PIECEWISE_BEZIER_KNOTS.);
#661 = CARTESIAN_POINT('',(0.,-1.));
#662 = CARTESIAN_POINT('',(0.,2.));
#663 = CARTESIAN_POINT('',(0.,5.));
#664 = ( GEOMETRIC_REPRESENTATION_CONTEXT(2) 
PARAMETRIC_REPRESENTATION_CONTEXT() REPRESENTATION_CONTEXT('2D SPACE',''
  ) );
#665 = ORIENTED_EDGE('',*,*,#666,.T.);
#666 = EDGE_CURVE('',#639,#667,#669,.T.);
#667 = VERTEX_POINT('',#668);
#668 = CARTESIAN_POINT('',(57.,207.57174703042,2.));
#669 = SURFACE_CURVE('',#670,(#673,#679),.PCURVE_S1.);
#670 = B_SPLINE_CURVE_WITH_KNOTS('',1,(#671,#672),.UNSPECIFIED.,.F.,.F.,
  (2,2),(-1.,54.143494060858),.PIECEWISE_BEZIER_KNOTS.);
#671 = CARTESIAN_POINT('',(57.,152.42825296957,2.));
#672 = CARTESIAN_POINT('',(57.,207.57174703042,2.));
#673 = PCURVE('',#31,#674);
#674 = DEFINITIONAL_REPRESENTATION('',(#675),#678);
#675 = B_SPLINE_CURVE_WITH_KNOTS('',1,(#676,#677),.UNSPECIFIED.,.F.,.F.,
  (2,2),(-1.,54.143494060858),.PIECEWISE_BEZIER_KNOTS.);
#676 = CARTESIAN_POINT('',(-123.,32.428252969571));
#677 = CARTESIAN_POINT('',(-123.,87.571747030429));
#678 = ( GEOMETRIC_REPRESENTATION_CONTEXT(2) 
PARAMETRIC_REPRESENTATION_CONTEXT() REPRESENTATION_CONTEXT('2D SPACE',''
  ) );
#679 = PCURVE('',#680,#687);
#680 = ( BOUNDED_SURFACE() B_SPLINE_SURFACE(2,1,(
    (#681,#682)
    ,(#683,#684)
,(#685,#686
    )),.UNSPECIFIED.,.F.,.F.,.F.) B_SPLINE_SURFACE_WITH_KNOTS((3,3),(2,2
    ),(0.,1.570796326795),(-1.,54.143494060858),
.PIECEWISE_BEZIER_KNOTS.) GEOMETRIC_REPRESENTATION_ITEM() 
RATIONAL_B_SPLINE_SURFACE((
    (1.,1.)
    ,(0.707106781187,0.707106781187)
,(1.,1.))) REPRESENTATION_ITEM('') SURFACE() );
#681 = CARTESIAN_POINT('',(57.,152.42825296957,2.));
#682 = CARTESIAN_POINT('',(57.,207.57174703042,2.));
#683 = CARTESIAN_POINT('',(58.,152.42825296957,2.));
#684 = CARTESIAN_POINT('',(58.,207.57174703042,2.));
#685 = CARTESIAN_POINT('',(58.,152.42825296957,3.));
#686 = CARTESIAN_POINT('',(58.,207.57174703042,3.));
#687 = DEFINITIONAL_REPRESENTATION('',(#688),#692);
#688 = B_SPLINE_CURVE_WITH_KNOTS('',2,(#689,#690,#691),.UNSPECIFIED.,.F.
  ,.F.,(3,3),(-1.,54.143494060858),.PIECEWISE_BEZIER_KNOTS.);
#689 = CARTESIAN_POINT('',(0.,-1.));
#690 = CARTESIAN_POINT('',(-1.821266498671E-15,26.571747030429));
#691 = CARTESIAN_POINT('',(-7.892145493852E-15,54.143494060858));
#692 = ( GEOMETRIC_REPRESENTATION_CONTEXT(2) 
PARAMETRIC_REPRESENTATION_CONTEXT() REPRESENTATION_CONTEXT('2D SPACE',''
  ) );
#693 = ORIENTED_EDGE('',*,*,#694,.F.);
#694 = EDGE_CURVE('',#695,#667,#697,.T.);
#695 = VERTEX_POINT('',#696);
#696 = CARTESIAN_POINT('',(63.,207.57174703042,2.));
#697 = SURFACE_CURVE('',#698,(#701,#707),.PCURVE_S1.);
#698 = B_SPLINE_CURVE_WITH_KNOTS('',1,(#699,#700),.UNSPECIFIED.,.F.,.F.,
  (2,2),(-1.,5.),.PIECEWISE_BEZIER_KNOTS.);
#699 = CARTESIAN_POINT('',(63.,207.57174703042,2.));
#700 = CARTESIAN_POINT('',(57.,207.57174703042,2.));
#701 = PCURVE('',#31,#702);
#702 = DEFINITIONAL_REPRESENTATION('',(#703),#706);
#703 = B_SPLINE_CURVE_WITH_KNOTS('',1,(#704,#705),.UNSPECIFIED.,.F.,.F.,
  (2,2),(-1.,5.),.PIECEWISE_BEZIER_KNOTS.);
#704 = CARTESIAN_POINT('',(-117.,87.571747030429));
#705 = CARTESIAN_POINT('',(-123.,87.571747030429));
#706 = ( GEOMETRIC_REPRESENTATION_CONTEXT(2) 
PARAMETRIC_REPRESENTATION_CONTEXT() REPRESENTATION_CONTEXT('2D SPACE',''
  ) );
#707 = PCURVE('',#708,#715);
#708 = ( BOUNDED_SURFACE() B_SPLINE_SURFACE(2,1,(
    (#709,#710)
    ,(#711,#712)
,(#713,#714
    )),.UNSPECIFIED.,.F.,.F.,.F.) B_SPLINE_SURFACE_WITH_KNOTS((3,3),(2,2
    ),(0.,1.570796326795),(-1.,5.),.PIECEWISE_BEZIER_KNOTS.) 
GEOMETRIC_REPRESENTATION_ITEM() RATIONAL_B_SPLINE_SURFACE((
    (1.,1.)
    ,(0.707106781187,0.707106781187)
,(1.,1.))) REPRESENTATION_ITEM('') SURFACE() );
#709 = CARTESIAN_POINT('',(63.,207.57174703042,2.));
#710 = CARTESIAN_POINT('',(57.,207.57174703042,2.));
#711 = CARTESIAN_POINT('',(63.,206.57174703042,2.));
#712 = CARTESIAN_POINT('',(57.,206.57174703042,2.));
#713 = CARTESIAN_POINT('',(63.,206.57174703042,3.));
#714 = CARTESIAN_POINT('',(57.,206.57174703042,3.));
#715 = DEFINITIONAL_REPRESENTATION('',(#716),#720);
#716 = B_SPLINE_CURVE_WITH_KNOTS('',2,(#717,#718,#719),.UNSPECIFIED.,.F.
  ,.F.,(3,3),(-1.,5.),.PIECEWISE_BEZIER_KNOTS.);
#717 = CARTESIAN_POINT('',(-3.156858197541E-14,-1.));
#718 = CARTESIAN_POINT('',(-3.156858197541E-14,2.));
#719 = CARTESIAN_POINT('',(-3.156858197541E-14,5.));
#720 = ( GEOMETRIC_REPRESENTATION_CONTEXT(2) 
PARAMETRIC_REPRESENTATION_CONTEXT() REPRESENTATION_CONTEXT('2D SPACE',''
  ) );
#721 = ORIENTED_EDGE('',*,*,#722,.F.);
#722 = EDGE_CURVE('',#637,#695,#723,.T.);
#723 = SURFACE_CURVE('',#724,(#727,#733),.PCURVE_S1.);
#724 = B_SPLINE_CURVE_WITH_KNOTS('',1,(#725,#726),.UNSPECIFIED.,.F.,.F.,
  (2,2),(-1.,54.143494060858),.PIECEWISE_BEZIER_KNOTS.);
#725 = CARTESIAN_POINT('',(63.,152.42825296957,2.));
#726 = CARTESIAN_POINT('',(63.,207.57174703042,2.));
#727 = PCURVE('',#31,#728);
#728 = DEFINITIONAL_REPRESENTATION('',(#729),#732);
#729 = B_SPLINE_CURVE_WITH_KNOTS('',1,(#730,#731),.UNSPECIFIED.,.F.,.F.,
  (2,2),(-1.,54.143494060858),.PIECEWISE_BEZIER_KNOTS.);
#730 = CARTESIAN_POINT('',(-117.,32.428252969571));
#731 = CARTESIAN_POINT('',(-117.,87.571747030429));
#732 = ( GEOMETRIC_REPRESENTATION_CONTEXT(2) 
PARAMETRIC_REPRESENTATION_CONTEXT() REPRESENTATION_CONTEXT('2D SPACE',''
  ) );
#733 = PCURVE('',#734,#741);
#734 = ( BOUNDED_SURFACE() B_SPLINE_SURFACE(2,1,(
    (#735,#736)
    ,(#737,#738)
,(#739,#740
    )),.UNSPECIFIED.,.F.,.F.,.F.) B_SPLINE_SURFACE_WITH_KNOTS((3,3),(2,2
    ),(0.,1.570796326795),(-1.,54.143494060858),
.PIECEWISE_BEZIER_KNOTS.) GEOMETRIC_REPRESENTATION_ITEM() 
RATIONAL_B_SPLINE_SURFACE((
    (1.,1.)
    ,(0.707106781187,0.707106781187)
,(1.,1.))) REPRESENTATION_ITEM('') SURFACE() );
#735 = CARTESIAN_POINT('',(63.,152.42825296957,2.));
#736 = CARTESIAN_POINT('',(63.,207.57174703042,2.));
#737 = CARTESIAN_POINT('',(62.,152.42825296957,2.));
#738 = CARTESIAN_POINT('',(62.,207.57174703042,2.));
#739 = CARTESIAN_POINT('',(62.,152.42825296957,3.));
#740 = CARTESIAN_POINT('',(62.,207.57174703042,3.));
#741 = DEFINITIONAL_REPRESENTATION('',(#742),#746);
#742 = B_SPLINE_CURVE_WITH_KNOTS('',2,(#743,#744,#745),.UNSPECIFIED.,.F.
  ,.F.,(3,3),(-1.,54.143494060858),.PIECEWISE_BEZIER_KNOTS.);
#743 = CARTESIAN_POINT('',(0.,-1.));
#744 = CARTESIAN_POINT('',(2.548581867712E-15,26.571747030429));
#745 = CARTESIAN_POINT('',(0.,54.143494060858));
#746 = ( GEOMETRIC_REPRESENTATION_CONTEXT(2) 
PARAMETRIC_REPRESENTATION_CONTEXT() REPRESENTATION_CONTEXT('2D SPACE',''
  ) );
#747 = FACE_BOUND('',#748,.T.);
#748 = EDGE_LOOP('',(#749,#779,#807,#835,#863,#891,#919,#947));
#749 = ORIENTED_EDGE('',*,*,#750,.T.);
#750 = EDGE_CURVE('',#751,#753,#755,.T.);
#751 = VERTEX_POINT('',#752);
#752 = CARTESIAN_POINT('',(143.93183748919,177.,2.));
#753 = VERTEX_POINT('',#754);
#754 = CARTESIAN_POINT('',(143.93183748919,183.,2.));
#755 = SURFACE_CURVE('',#756,(#759,#765),.PCURVE_S1.);
#756 = B_SPLINE_CURVE_WITH_KNOTS('',1,(#757,#758),.UNSPECIFIED.,.F.,.F.,
  (2,2),(-1.,5.),.PIECEWISE_BEZIER_KNOTS.);
#757 = CARTESIAN_POINT('',(143.93183748919,177.,2.));
#758 = CARTESIAN_POINT('',(143.93183748919,183.,2.));
#759 = PCURVE('',#31,#760);
#760 = DEFINITIONAL_REPRESENTATION('',(#761),#764);
#761 = B_SPLINE_CURVE_WITH_KNOTS('',1,(#762,#763),.UNSPECIFIED.,.F.,.F.,
  (2,2),(-1.,5.),.PIECEWISE_BEZIER_KNOTS.);
#762 = CARTESIAN_POINT('',(-36.0681625108,57.));
#763 = CARTESIAN_POINT('',(-36.0681625108,63.));
#764 = ( GEOMETRIC_REPRESENTATION_CONTEXT(2) 
PARAMETRIC_REPRESENTATION_CONTEXT() REPRESENTATION_CONTEXT('2D SPACE',''
  ) );
#765 = PCURVE('',#766,#773);
#766 = ( BOUNDED_SURFACE() B_SPLINE_SURFACE(2,1,(
    (#767,#768)
    ,(#769,#770)
,(#771,#772
    )),.UNSPECIFIED.,.F.,.F.,.F.) B_SPLINE_SURFACE_WITH_KNOTS((3,3),(2,2
    ),(0.,1.570796326795),(-1.,5.),.PIECEWISE_BEZIER_KNOTS.) 
GEOMETRIC_REPRESENTATION_ITEM() RATIONAL_B_SPLINE_SURFACE((
    (1.,1.)
    ,(0.707106781187,0.707106781187)
,(1.,1.))) REPRESENTATION_ITEM('') SURFACE() );
#767 = CARTESIAN_POINT('',(143.93183748919,177.,2.));
#768 = CARTESIAN_POINT('',(143.93183748919,183.,2.));
#769 = CARTESIAN_POINT('',(144.93183748919,177.,2.));
#770 = CARTESIAN_POINT('',(144.93183748919,183.,2.));
#771 = CARTESIAN_POINT('',(144.93183748919,177.,3.));
#772 = CARTESIAN_POINT('',(144.93183748919,183.,3.));
#773 = DEFINITIONAL_REPRESENTATION('',(#774),#778);
#774 = B_SPLINE_CURVE_WITH_KNOTS('',2,(#775,#776,#777),.UNSPECIFIED.,.F.
  ,.F.,(3,3),(-1.,5.),.PIECEWISE_BEZIER_KNOTS.);
#775 = CARTESIAN_POINT('',(0.,-1.));
#776 = CARTESIAN_POINT('',(0.,2.));
#777 = CARTESIAN_POINT('',(0.,5.));
#778 = ( GEOMETRIC_REPRESENTATION_CONTEXT(2) 
PARAMETRIC_REPRESENTATION_CONTEXT() REPRESENTATION_CONTEXT('2D SPACE',''
  ) );
#779 = ORIENTED_EDGE('',*,*,#780,.T.);
#780 = EDGE_CURVE('',#753,#781,#783,.T.);
#781 = VERTEX_POINT('',#782);
#782 = CARTESIAN_POINT('',(177.,183.,2.));
#783 = SURFACE_CURVE('',#784,(#787,#793),.PCURVE_S1.);
#784 = B_SPLINE_CURVE_WITH_KNOTS('',1,(#785,#786),.UNSPECIFIED.,.F.,.F.,
  (2,2),(-1.,32.068162510804),.PIECEWISE_BEZIER_KNOTS.);
#785 = CARTESIAN_POINT('',(143.93183748919,183.,2.));
#786 = CARTESIAN_POINT('',(177.,183.,2.));
#787 = PCURVE('',#31,#788);
#788 = DEFINITIONAL_REPRESENTATION('',(#789),#792);
#789 = B_SPLINE_CURVE_WITH_KNOTS('',1,(#790,#791),.UNSPECIFIED.,.F.,.F.,
  (2,2),(-1.,32.068162510804),.PIECEWISE_BEZIER_KNOTS.);
#790 = CARTESIAN_POINT('',(-36.0681625108,63.));
#791 = CARTESIAN_POINT('',(-3.,63.));
#792 = ( GEOMETRIC_REPRESENTATION_CONTEXT(2) 
PARAMETRIC_REPRESENTATION_CONTEXT() REPRESENTATION_CONTEXT('2D SPACE',''
  ) );
#793 = PCURVE('',#794,#801);
#794 = ( BOUNDED_SURFACE() B_SPLINE_SURFACE(2,1,(
    (#795,#796)
    ,(#797,#798)
,(#799,#800
    )),.UNSPECIFIED.,.F.,.F.,.F.) B_SPLINE_SURFACE_WITH_KNOTS((3,3),(2,2
    ),(0.,1.570796326795),(-1.,32.068162510804),
.PIECEWISE_BEZIER_KNOTS.) GEOMETRIC_REPRESENTATION_ITEM() 
RATIONAL_B_SPLINE_SURFACE((
    (1.,1.)
    ,(0.707106781187,0.707106781187)
,(1.,1.))) REPRESENTATION_ITEM('') SURFACE() );
#795 = CARTESIAN_POINT('',(143.93183748919,183.,2.));
#796 = CARTESIAN_POINT('',(177.,183.,2.));
#797 = CARTESIAN_POINT('',(143.93183748919,182.,2.));
#798 = CARTESIAN_POINT('',(177.,182.,2.));
#799 = CARTESIAN_POINT('',(143.93183748919,182.,3.));
#800 = CARTESIAN_POINT('',(177.,182.,3.));
#801 = DEFINITIONAL_REPRESENTATION('',(#802),#806);
#802 = B_SPLINE_CURVE_WITH_KNOTS('',2,(#803,#804,#805),.UNSPECIFIED.,.F.
  ,.F.,(3,3),(-1.,32.068162510804),.PIECEWISE_BEZIER_KNOTS.);
#803 = CARTESIAN_POINT('',(0.,-1.));
#804 = CARTESIAN_POINT('',(3.581219254331E-32,15.534081255402));
#805 = CARTESIAN_POINT('',(0.,32.068162510804));
#806 = ( GEOMETRIC_REPRESENTATION_CONTEXT(2) 
PARAMETRIC_REPRESENTATION_CONTEXT() REPRESENTATION_CONTEXT('2D SPACE',''
  ) );
#807 = ORIENTED_EDGE('',*,*,#808,.T.);
#808 = EDGE_CURVE('',#781,#809,#811,.T.);
#809 = VERTEX_POINT('',#810);
#810 = CARTESIAN_POINT('',(177.,212.56134625972,2.));
#811 = SURFACE_CURVE('',#812,(#815,#821),.PCURVE_S1.);
#812 = B_SPLINE_CURVE_WITH_KNOTS('',1,(#813,#814),.UNSPECIFIED.,.F.,.F.,
  (2,2),(1.,30.561346259724),.PIECEWISE_BEZIER_KNOTS.);
#813 = CARTESIAN_POINT('',(177.,183.,2.));
#814 = CARTESIAN_POINT('',(177.,212.56134625972,2.));
#815 = PCURVE('',#31,#816);
#816 = DEFINITIONAL_REPRESENTATION('',(#817),#820);
#817 = B_SPLINE_CURVE_WITH_KNOTS('',1,(#818,#819),.UNSPECIFIED.,.F.,.F.,
  (2,2),(1.,30.561346259724),.PIECEWISE_BEZIER_KNOTS.);
#818 = CARTESIAN_POINT('',(-3.,63.));
#819 = CARTESIAN_POINT('',(-3.,92.561346259724));
#820 = ( GEOMETRIC_REPRESENTATION_CONTEXT(2) 
PARAMETRIC_REPRESENTATION_CONTEXT() REPRESENTATION_CONTEXT('2D SPACE',''
  ) );
#821 = PCURVE('',#822,#829);
#822 = ( BOUNDED_SURFACE() B_SPLINE_SURFACE(2,1,(
    (#823,#824)
    ,(#825,#826)
,(#827,#828
    )),.UNSPECIFIED.,.F.,.F.,.F.) B_SPLINE_SURFACE_WITH_KNOTS((3,3),(2,2
    ),(0.,1.570796326795),(1.,30.561346259724),
.PIECEWISE_BEZIER_KNOTS.) GEOMETRIC_REPRESENTATION_ITEM() 
RATIONAL_B_SPLINE_SURFACE((
    (1.,1.)
    ,(0.707106781187,0.707106781187)
,(1.,1.))) REPRESENTATION_ITEM('') SURFACE() );
#823 = CARTESIAN_POINT('',(177.,183.,2.));
#824 = CARTESIAN_POINT('',(177.,212.56134625972,2.));
#825 = CARTESIAN_POINT('',(178.,183.,2.));
#826 = CARTESIAN_POINT('',(178.,212.56134625972,2.));
#827 = CARTESIAN_POINT('',(178.,183.,3.));
#828 = CARTESIAN_POINT('',(178.,212.56134625972,3.));
#829 = DEFINITIONAL_REPRESENTATION('',(#830),#834);
#830 = B_SPLINE_CURVE_WITH_KNOTS('',2,(#831,#832,#833),.UNSPECIFIED.,.F.
  ,.F.,(3,3),(1.,30.561346259724),.PIECEWISE_BEZIER_KNOTS.);
#831 = CARTESIAN_POINT('',(0.,1.));
#832 = CARTESIAN_POINT('',(0.,15.780673129862));
#833 = CARTESIAN_POINT('',(0.,30.561346259724));
#834 = ( GEOMETRIC_REPRESENTATION_CONTEXT(2) 
PARAMETRIC_REPRESENTATION_CONTEXT() REPRESENTATION_CONTEXT('2D SPACE',''
  ) );
#835 = ORIENTED_EDGE('',*,*,#836,.F.);
#836 = EDGE_CURVE('',#837,#809,#839,.T.);
#837 = VERTEX_POINT('',#838);
#838 = CARTESIAN_POINT('',(183.,212.56134625972,2.));
#839 = SURFACE_CURVE('',#840,(#843,#849),.PCURVE_S1.);
#840 = B_SPLINE_CURVE_WITH_KNOTS('',1,(#841,#842),.UNSPECIFIED.,.F.,.F.,
  (2,2),(-1.,5.),.PIECEWISE_BEZIER_KNOTS.);
#841 = CARTESIAN_POINT('',(183.,212.56134625972,2.));
#842 = CARTESIAN_POINT('',(177.,212.56134625972,2.));
#843 = PCURVE('',#31,#844);
#844 = DEFINITIONAL_REPRESENTATION('',(#845),#848);
#845 = B_SPLINE_CURVE_WITH_KNOTS('',1,(#846,#847),.UNSPECIFIED.,.F.,.F.,
  (2,2),(-1.,5.),.PIECEWISE_BEZIER_KNOTS.);
#846 = CARTESIAN_POINT('',(3.,92.561346259724));
#847 = CARTESIAN_POINT('',(-3.,92.561346259724));
#848 = ( GEOMETRIC_REPRESENTATION_CONTEXT(2) 
PARAMETRIC_REPRESENTATION_CONTEXT() REPRESENTATION_CONTEXT('2D SPACE',''
  ) );
#849 = PCURVE('',#850,#857);
#850 = ( BOUNDED_SURFACE() B_SPLINE_SURFACE(2,1,(
    (#851,#852)
    ,(#853,#854)
,(#855,#856
    )),.UNSPECIFIED.,.F.,.F.,.F.) B_SPLINE_SURFACE_WITH_KNOTS((3,3),(2,2
    ),(0.,1.570796326795),(-1.,5.),.PIECEWISE_BEZIER_KNOTS.) 
GEOMETRIC_REPRESENTATION_ITEM() RATIONAL_B_SPLINE_SURFACE((
    (1.,1.)
    ,(0.707106781187,0.707106781187)
,(1.,1.))) REPRESENTATION_ITEM('') SURFACE() );
#851 = CARTESIAN_POINT('',(183.,212.56134625972,2.));
#852 = CARTESIAN_POINT('',(177.,212.56134625972,2.));
#853 = CARTESIAN_POINT('',(183.,211.56134625972,2.));
#854 = CARTESIAN_POINT('',(177.,211.56134625972,2.));
#855 = CARTESIAN_POINT('',(183.,211.56134625972,3.));
#856 = CARTESIAN_POINT('',(177.,211.56134625972,3.));
#857 = DEFINITIONAL_REPRESENTATION('',(#858),#862);
#858 = B_SPLINE_CURVE_WITH_KNOTS('',2,(#859,#860,#861),.UNSPECIFIED.,.F.
  ,.F.,(3,3),(-1.,5.),.PIECEWISE_BEZIER_KNOTS.);
#859 = CARTESIAN_POINT('',(0.,-1.));
#860 = CARTESIAN_POINT('',(0.,2.));
#861 = CARTESIAN_POINT('',(0.,5.));
#862 = ( GEOMETRIC_REPRESENTATION_CONTEXT(2) 
PARAMETRIC_REPRESENTATION_CONTEXT() REPRESENTATION_CONTEXT('2D SPACE',''
  ) );
#863 = ORIENTED_EDGE('',*,*,#864,.F.);
#864 = EDGE_CURVE('',#865,#837,#867,.T.);
#865 = VERTEX_POINT('',#866);
#866 = CARTESIAN_POINT('',(183.,183.,2.));
#867 = SURFACE_CURVE('',#868,(#871,#877),.PCURVE_S1.);
#868 = B_SPLINE_CURVE_WITH_KNOTS('',1,(#869,#870),.UNSPECIFIED.,.F.,.F.,
  (2,2),(1.,30.561346259724),.PIECEWISE_BEZIER_KNOTS.);
#869 = CARTESIAN_POINT('',(183.,183.,2.));
#870 = CARTESIAN_POINT('',(183.,212.56134625972,2.));
#871 = PCURVE('',#31,#872);
#872 = DEFINITIONAL_REPRESENTATION('',(#873),#876);
#873 = B_SPLINE_CURVE_WITH_KNOTS('',1,(#874,#875),.UNSPECIFIED.,.F.,.F.,
  (2,2),(1.,30.561346259724),.PIECEWISE_BEZIER_KNOTS.);
#874 = CARTESIAN_POINT('',(3.,63.));
#875 = CARTESIAN_POINT('',(3.,92.561346259724));
#876 = ( GEOMETRIC_REPRESENTATION_CONTEXT(2) 
PARAMETRIC_REPRESENTATION_CONTEXT() REPRESENTATION_CONTEXT('2D SPACE',''
  ) );
#877 = PCURVE('',#878,#885);
#878 = ( BOUNDED_SURFACE() B_SPLINE_SURFACE(2,1,(
    (#879,#880)
    ,(#881,#882)
,(#883,#884
    )),.UNSPECIFIED.,.F.,.F.,.F.) B_SPLINE_SURFACE_WITH_KNOTS((3,3),(2,2
    ),(0.,1.570796326795),(1.,30.561346259724),
.PIECEWISE_BEZIER_KNOTS.) GEOMETRIC_REPRESENTATION_ITEM() 
RATIONAL_B_SPLINE_SURFACE((
    (1.,1.)
    ,(0.707106781187,0.707106781187)
,(1.,1.))) REPRESENTATION_ITEM('') SURFACE() );
#879 = CARTESIAN_POINT('',(183.,183.,2.));
#880 = CARTESIAN_POINT('',(183.,212.56134625972,2.));
#881 = CARTESIAN_POINT('',(182.,183.,2.));
#882 = CARTESIAN_POINT('',(182.,212.56134625972,2.));
#883 = CARTESIAN_POINT('',(182.,183.,3.));
#884 = CARTESIAN_POINT('',(182.,212.56134625972,3.));
#885 = DEFINITIONAL_REPRESENTATION('',(#886),#890);
#886 = B_SPLINE_CURVE_WITH_KNOTS('',2,(#887,#888,#889),.UNSPECIFIED.,.F.
  ,.F.,(3,3),(1.,30.561346259724),.PIECEWISE_BEZIER_KNOTS.);
#887 = CARTESIAN_POINT('',(0.,1.));
#888 = CARTESIAN_POINT('',(0.,15.780673129862));
#889 = CARTESIAN_POINT('',(0.,30.561346259724));
#890 = ( GEOMETRIC_REPRESENTATION_CONTEXT(2) 
PARAMETRIC_REPRESENTATION_CONTEXT() REPRESENTATION_CONTEXT('2D SPACE',''
  ) );
#891 = ORIENTED_EDGE('',*,*,#892,.T.);
#892 = EDGE_CURVE('',#865,#893,#895,.T.);
#893 = VERTEX_POINT('',#894);
#894 = CARTESIAN_POINT('',(216.0681625108,183.,2.));
#895 = SURFACE_CURVE('',#896,(#899,#905),.PCURVE_S1.);
#896 = B_SPLINE_CURVE_WITH_KNOTS('',1,(#897,#898),.UNSPECIFIED.,.F.,.F.,
  (2,2),(1.,34.068162510804),.PIECEWISE_BEZIER_KNOTS.);
#897 = CARTESIAN_POINT('',(183.,183.,2.));
#898 = CARTESIAN_POINT('',(216.0681625108,183.,2.));
#899 = PCURVE('',#31,#900);
#900 = DEFINITIONAL_REPRESENTATION('',(#901),#904);
#901 = B_SPLINE_CURVE_WITH_KNOTS('',1,(#902,#903),.UNSPECIFIED.,.F.,.F.,
  (2,2),(1.,34.068162510804),.PIECEWISE_BEZIER_KNOTS.);
#902 = CARTESIAN_POINT('',(3.,63.));
#903 = CARTESIAN_POINT('',(36.068162510804,63.));
#904 = ( GEOMETRIC_REPRESENTATION_CONTEXT(2) 
PARAMETRIC_REPRESENTATION_CONTEXT() REPRESENTATION_CONTEXT('2D SPACE',''
  ) );
#905 = PCURVE('',#906,#913);
#906 = ( BOUNDED_SURFACE() B_SPLINE_SURFACE(2,1,(
    (#907,#908)
    ,(#909,#910)
,(#911,#912
    )),.UNSPECIFIED.,.F.,.F.,.F.) B_SPLINE_SURFACE_WITH_KNOTS((3,3),(2,2
    ),(0.,1.570796326795),(1.,34.068162510804),
.PIECEWISE_BEZIER_KNOTS.) GEOMETRIC_REPRESENTATION_ITEM() 
RATIONAL_B_SPLINE_SURFACE((
    (1.,1.)
    ,(0.707106781187,0.707106781187)
,(1.,1.))) REPRESENTATION_ITEM('') SURFACE() );
#907 = CARTESIAN_POINT('',(183.,183.,2.));
#908 = CARTESIAN_POINT('',(216.0681625108,183.,2.));
#909 = CARTESIAN_POINT('',(183.,182.,2.));
#910 = CARTESIAN_POINT('',(216.0681625108,182.,2.));
#911 = CARTESIAN_POINT('',(183.,182.,3.));
#912 = CARTESIAN_POINT('',(216.0681625108,182.,3.));
#913 = DEFINITIONAL_REPRESENTATION('',(#914),#918);
#914 = B_SPLINE_CURVE_WITH_KNOTS('',2,(#915,#916,#917),.UNSPECIFIED.,.F.
  ,.F.,(3,3),(1.,34.068162510804),.PIECEWISE_BEZIER_KNOTS.);
#915 = CARTESIAN_POINT('',(0.,1.));
#916 = CARTESIAN_POINT('',(0.,17.534081255402));
#917 = CARTESIAN_POINT('',(0.,34.068162510804));
#918 = ( GEOMETRIC_REPRESENTATION_CONTEXT(2) 
PARAMETRIC_REPRESENTATION_CONTEXT() REPRESENTATION_CONTEXT('2D SPACE',''
  ) );
#919 = ORIENTED_EDGE('',*,*,#920,.F.);
#920 = EDGE_CURVE('',#921,#893,#923,.T.);
#921 = VERTEX_POINT('',#922);
#922 = CARTESIAN_POINT('',(216.0681625108,177.,2.));
#923 = SURFACE_CURVE('',#924,(#927,#933),.PCURVE_S1.);
#924 = B_SPLINE_CURVE_WITH_KNOTS('',1,(#925,#926),.UNSPECIFIED.,.F.,.F.,
  (2,2),(-1.,5.),.PIECEWISE_BEZIER_KNOTS.);
#925 = CARTESIAN_POINT('',(216.0681625108,177.,2.));
#926 = CARTESIAN_POINT('',(216.0681625108,183.,2.));
#927 = PCURVE('',#31,#928);
#928 = DEFINITIONAL_REPRESENTATION('',(#929),#932);
#929 = B_SPLINE_CURVE_WITH_KNOTS('',1,(#930,#931),.UNSPECIFIED.,.F.,.F.,
  (2,2),(-1.,5.),.PIECEWISE_BEZIER_KNOTS.);
#930 = CARTESIAN_POINT('',(36.068162510804,57.));
#931 = CARTESIAN_POINT('',(36.068162510804,63.));
#932 = ( GEOMETRIC_REPRESENTATION_CONTEXT(2) 
PARAMETRIC_REPRESENTATION_CONTEXT() REPRESENTATION_CONTEXT('2D SPACE',''
  ) );
#933 = PCURVE('',#934,#941);
#934 = ( BOUNDED_SURFACE() B_SPLINE_SURFACE(2,1,(
    (#935,#936)
    ,(#937,#938)
,(#939,#940
    )),.UNSPECIFIED.,.F.,.F.,.F.) B_SPLINE_SURFACE_WITH_KNOTS((3,3),(2,2
    ),(0.,1.570796326795),(-1.,5.),.PIECEWISE_BEZIER_KNOTS.) 
GEOMETRIC_REPRESENTATION_ITEM() RATIONAL_B_SPLINE_SURFACE((
    (1.,1.)
    ,(0.707106781187,0.707106781187)
,(1.,1.))) REPRESENTATION_ITEM('') SURFACE() );
#935 = CARTESIAN_POINT('',(216.0681625108,177.,2.));
#936 = CARTESIAN_POINT('',(216.0681625108,183.,2.));
#937 = CARTESIAN_POINT('',(215.0681625108,177.,2.));
#938 = CARTESIAN_POINT('',(215.0681625108,183.,2.));
#939 = CARTESIAN_POINT('',(215.0681625108,177.,3.));
#940 = CARTESIAN_POINT('',(215.0681625108,183.,3.));
#941 = DEFINITIONAL_REPRESENTATION('',(#942),#946);
#942 = B_SPLINE_CURVE_WITH_KNOTS('',2,(#943,#944,#945),.UNSPECIFIED.,.F.
  ,.F.,(3,3),(-1.,5.),.PIECEWISE_BEZIER_KNOTS.);
#943 = CARTESIAN_POINT('',(0.,-1.));
#944 = CARTESIAN_POINT('',(0.,2.));
#945 = CARTESIAN_POINT('',(0.,5.));
#946 = ( GEOMETRIC_REPRESENTATION_CONTEXT(2) 
PARAMETRIC_REPRESENTATION_CONTEXT() REPRESENTATION_CONTEXT('2D SPACE',''
  ) );
#947 = ORIENTED_EDGE('',*,*,#948,.F.);
#948 = EDGE_CURVE('',#751,#921,#949,.T.);
#949 = SURFACE_CURVE('',#950,(#953,#959),.PCURVE_S1.);
#950 = B_SPLINE_CURVE_WITH_KNOTS('',1,(#951,#952),.UNSPECIFIED.,.F.,.F.,
  (2,2),(-1.,71.136325021609),.PIECEWISE_BEZIER_KNOTS.);
#951 = CARTESIAN_POINT('',(143.93183748919,177.,2.));
#952 = CARTESIAN_POINT('',(216.0681625108,177.,2.));
#953 = PCURVE('',#31,#954);
#954 = DEFINITIONAL_REPRESENTATION('',(#955),#958);
#955 = B_SPLINE_CURVE_WITH_KNOTS('',1,(#956,#957),.UNSPECIFIED.,.F.,.F.,
  (2,2),(-1.,71.136325021609),.PIECEWISE_BEZIER_KNOTS.);
#956 = CARTESIAN_POINT('',(-36.0681625108,57.));
#957 = CARTESIAN_POINT('',(36.068162510804,57.));
#958 = ( GEOMETRIC_REPRESENTATION_CONTEXT(2) 
PARAMETRIC_REPRESENTATION_CONTEXT() REPRESENTATION_CONTEXT('2D SPACE',''
  ) );
#959 = PCURVE('',#960,#967);
#960 = ( BOUNDED_SURFACE() B_SPLINE_SURFACE(2,1,(
    (#961,#962)
    ,(#963,#964)
,(#965,#966
    )),.UNSPECIFIED.,.F.,.F.,.F.) B_SPLINE_SURFACE_WITH_KNOTS((3,3),(2,2
    ),(0.,1.570796326795),(-1.,71.136325021609),
.PIECEWISE_BEZIER_KNOTS.) GEOMETRIC_REPRESENTATION_ITEM() 
RATIONAL_B_SPLINE_SURFACE((
    (1.,1.)
    ,(0.707106781187,0.707106781187)
,(1.,1.))) REPRESENTATION_ITEM('') SURFACE() );
#961 = CARTESIAN_POINT('',(143.93183748919,177.,2.));
#962 = CARTESIAN_POINT('',(216.0681625108,177.,2.));
#963 = CARTESIAN_POINT('',(143.93183748919,178.,2.));
#964 = CARTESIAN_POINT('',(216.0681625108,178.,2.));
#965 = CARTESIAN_POINT('',(143.93183748919,178.,3.));
#966 = CARTESIAN_POINT('',(216.0681625108,178.,3.));
#967 = DEFINITIONAL_REPRESENTATION('',(#968),#972);
#968 = B_SPLINE_CURVE_WITH_KNOTS('',2,(#969,#970,#971),.UNSPECIFIED.,.F.
  ,.F.,(3,3),(-1.,71.136325021608),.PIECEWISE_BEZIER_KNOTS.);
#969 = CARTESIAN_POINT('',(0.,-1.));
#970 = CARTESIAN_POINT('',(-1.17567562143E-43,35.068162510804));
#971 = CARTESIAN_POINT('',(-2.212841838518E-43,71.136325021608));
#972 = ( GEOMETRIC_REPRESENTATION_CONTEXT(2) 
PARAMETRIC_REPRESENTATION_CONTEXT() REPRESENTATION_CONTEXT('2D SPACE',''
  ) );
#973 = ADVANCED_FACE('',(#974),#42,.T.);
#974 = FACE_BOUND('',#975,.T.);
#975 = EDGE_LOOP('',(#976,#1021,#1047,#1090));
#976 = ORIENTED_EDGE('',*,*,#977,.T.);
#977 = EDGE_CURVE('',#22,#978,#980,.T.);
#978 = VERTEX_POINT('',#979);
#979 = CARTESIAN_POINT('',(26.771999369467,58.,3.));
#980 = SURFACE_CURVE('',#981,(#985,#1003),.PCURVE_S1.);
#981 = ( BOUNDED_CURVE() B_SPLINE_CURVE(2,(#982,#983,#984),
.UNSPECIFIED.,.F.,.F.) B_SPLINE_CURVE_WITH_KNOTS((3,3),(4.712388980385,
6.28318530718),.PIECEWISE_BEZIER_KNOTS.) CURVE() 
GEOMETRIC_REPRESENTATION_ITEM() RATIONAL_B_SPLINE_CURVE((1.,
0.707106781187,1.)) REPRESENTATION_ITEM('') );
#982 = CARTESIAN_POINT('',(25.771999369467,57.,2.));
#983 = CARTESIAN_POINT('',(26.771999369467,58.,2.));
#984 = CARTESIAN_POINT('',(26.771999369467,58.,3.));
#985 = PCURVE('',#42,#986);
#986 = DEFINITIONAL_REPRESENTATION('',(#987),#1002);
#987 = B_SPLINE_CURVE_WITH_KNOTS('',7,(#988,#989,#990,#991,#992,#993,
    #994,#995,#996,#997,#998,#999,#1000,#1001),.UNSPECIFIED.,.F.,.F.,(8,
    6,8),(4.712388980385,5.497787143782,6.28318530718),.UNSPECIFIED.);
#988 = CARTESIAN_POINT('',(0.,-1.));
#989 = CARTESIAN_POINT('',(0.112199737628,-0.898985131651));
#990 = CARTESIAN_POINT('',(0.224399475256,-0.793035561412));
#991 = CARTESIAN_POINT('',(0.336599212878,-0.684262727203));
#992 = CARTESIAN_POINT('',(0.448798950515,-0.575743786359));
#993 = CARTESIAN_POINT('',(0.56099868814,-0.471812644382));
#994 = CARTESIAN_POINT('',(0.67319842577,-0.376577344701));
#995 = CARTESIAN_POINT('',(0.897597901027,-0.209209160281));
#996 = CARTESIAN_POINT('',(1.009797638657,-0.137082147638));
#997 = CARTESIAN_POINT('',(1.121997376273,-7.93682680042E-02));
#998 = CARTESIAN_POINT('',(1.234197113911,-3.780301467405E-02));
#999 = CARTESIAN_POINT('',(1.346396851537,-1.190596930867E-02));
#1000 = CARTESIAN_POINT('',(1.45859658917,1.848933061426E-07));
#1001 = CARTESIAN_POINT('',(1.570796326795,0.));
#1002 = ( GEOMETRIC_REPRESENTATION_CONTEXT(2) 
PARAMETRIC_REPRESENTATION_CONTEXT() REPRESENTATION_CONTEXT('2D SPACE',''
  ) );
#1003 = PCURVE('',#124,#1004);
#1004 = DEFINITIONAL_REPRESENTATION('',(#1005),#1020);
#1005 = B_SPLINE_CURVE_WITH_KNOTS('',7,(#1006,#1007,#1008,#1009,#1010,
    #1011,#1012,#1013,#1014,#1015,#1016,#1017,#1018,#1019),
  .UNSPECIFIED.,.F.,.F.,(8,6,8),(4.712388980385,5.497787143782,
    6.28318530718),.UNSPECIFIED.);
#1006 = CARTESIAN_POINT('',(0.,-1.));
#1007 = CARTESIAN_POINT('',(0.112199737629,-0.89898513165));
#1008 = CARTESIAN_POINT('',(0.224399475256,-0.793035561421));
#1009 = CARTESIAN_POINT('',(0.336599212884,-0.684262727195));
#1010 = CARTESIAN_POINT('',(0.448798950514,-0.575743786376));
#1011 = CARTESIAN_POINT('',(0.56099868814,-0.471812644378));
#1012 = CARTESIAN_POINT('',(0.67319842577,-0.376577344703));
#1013 = CARTESIAN_POINT('',(0.897597901026,-0.209209160281));
#1014 = CARTESIAN_POINT('',(1.009797638659,-0.137082147639));
#1015 = CARTESIAN_POINT('',(1.12199737627,-7.936826800326E-02));
#1016 = CARTESIAN_POINT('',(1.234197113912,-3.780301467581E-02));
#1017 = CARTESIAN_POINT('',(1.346396851532,-1.190596930851E-02));
#1018 = CARTESIAN_POINT('',(1.458596589169,1.84893312008E-07));
#1019 = CARTESIAN_POINT('',(1.570796326795,1.06581410364E-14));
#1020 = ( GEOMETRIC_REPRESENTATION_CONTEXT(2) 
PARAMETRIC_REPRESENTATION_CONTEXT() REPRESENTATION_CONTEXT('2D SPACE',''
  ) );
#1021 = ORIENTED_EDGE('',*,*,#1022,.T.);
#1022 = EDGE_CURVE('',#978,#1023,#1025,.T.);
#1023 = VERTEX_POINT('',#1024);
#1024 = CARTESIAN_POINT('',(26.771999369467,62.,3.));
#1025 = SURFACE_CURVE('',#1026,(#1029,#1036),.PCURVE_S1.);
#1026 = B_SPLINE_CURVE_WITH_KNOTS('',1,(#1027,#1028),.UNSPECIFIED.,.F.,
  .F.,(2,2),(0.,4.),.PIECEWISE_BEZIER_KNOTS.);
#1027 = CARTESIAN_POINT('',(26.771999369467,58.,3.));
#1028 = CARTESIAN_POINT('',(26.771999369467,62.,3.));
#1029 = PCURVE('',#42,#1030);
#1030 = DEFINITIONAL_REPRESENTATION('',(#1031),#1035);
#1031 = B_SPLINE_CURVE_WITH_KNOTS('',2,(#1032,#1033,#1034),
  .UNSPECIFIED.,.F.,.F.,(3,3),(0.,4.),.PIECEWISE_BEZIER_KNOTS.);
#1032 = CARTESIAN_POINT('',(1.570796326795,-7.105427357601E-15));
#1033 = CARTESIAN_POINT('',(1.570796326795,2.));
#1034 = CARTESIAN_POINT('',(1.570796326795,4.));
#1035 = ( GEOMETRIC_REPRESENTATION_CONTEXT(2) 
PARAMETRIC_REPRESENTATION_CONTEXT() REPRESENTATION_CONTEXT('2D SPACE',''
  ) );
#1036 = PCURVE('',#1037,#1042);
#1037 = B_SPLINE_SURFACE_WITH_KNOTS('',1,1,(
    (#1038,#1039)
    ,(#1040,#1041
    )),.UNSPECIFIED.,.F.,.F.,.F.,(2,2),(2,2),(-3.666987634909,
    6.666987634909),(-2.,2.),.PIECEWISE_BEZIER_KNOTS.);
#1038 = CARTESIAN_POINT('',(26.771999369467,62.,3.));
#1039 = CARTESIAN_POINT('',(26.771999369467,58.,3.));
#1040 = CARTESIAN_POINT('',(26.771999369467,62.,13.333975269818));
#1041 = CARTESIAN_POINT('',(26.771999369467,58.,13.333975269818));
#1042 = DEFINITIONAL_REPRESENTATION('',(#1043),#1046);
#1043 = B_SPLINE_CURVE_WITH_KNOTS('',1,(#1044,#1045),.UNSPECIFIED.,.F.,
  .F.,(2,2),(0.,4.),.PIECEWISE_BEZIER_KNOTS.);
#1044 = CARTESIAN_POINT('',(-3.666987634909,2.));
#1045 = CARTESIAN_POINT('',(-3.666987634909,-2.));
#1046 = ( GEOMETRIC_REPRESENTATION_CONTEXT(2) 
PARAMETRIC_REPRESENTATION_CONTEXT() REPRESENTATION_CONTEXT('2D SPACE',''
  ) );
#1047 = ORIENTED_EDGE('',*,*,#1048,.F.);
#1048 = EDGE_CURVE('',#24,#1023,#1049,.T.);
#1049 = SURFACE_CURVE('',#1050,(#1054,#1072),.PCURVE_S1.);
#1050 = ( BOUNDED_CURVE() B_SPLINE_CURVE(2,(#1051,#1052,#1053),
.UNSPECIFIED.,.F.,.F.) B_SPLINE_CURVE_WITH_KNOTS((3,3),(1.570796326795,
3.14159265359),.PIECEWISE_BEZIER_KNOTS.) CURVE() 
GEOMETRIC_REPRESENTATION_ITEM() RATIONAL_B_SPLINE_CURVE((1.,
0.707106781187,1.)) REPRESENTATION_ITEM('') );
#1051 = CARTESIAN_POINT('',(25.771999369467,63.,2.));
#1052 = CARTESIAN_POINT('',(26.771999369467,62.,2.));
#1053 = CARTESIAN_POINT('',(26.771999369467,62.,3.));
#1054 = PCURVE('',#42,#1055);
#1055 = DEFINITIONAL_REPRESENTATION('',(#1056),#1071);
#1056 = B_SPLINE_CURVE_WITH_KNOTS('',7,(#1057,#1058,#1059,#1060,#1061,
    #1062,#1063,#1064,#1065,#1066,#1067,#1068,#1069,#1070),
  .UNSPECIFIED.,.F.,.F.,(8,6,8),(1.570796326795,2.356194490192,
    3.14159265359),.UNSPECIFIED.);
#1057 = CARTESIAN_POINT('',(3.487868498009E-15,5.));
#1058 = CARTESIAN_POINT('',(0.112199737629,4.898985131655));
#1059 = CARTESIAN_POINT('',(0.224399475253,4.793035561395));
#1060 = CARTESIAN_POINT('',(0.336599212892,4.684262727184));
#1061 = CARTESIAN_POINT('',(0.448798950504,4.575743786351));
#1062 = CARTESIAN_POINT('',(0.560998688144,4.471812644409));
#1063 = CARTESIAN_POINT('',(0.673198425769,4.376577344703));
#1064 = CARTESIAN_POINT('',(0.897597901029,4.209209160286));
#1065 = CARTESIAN_POINT('',(1.009797638644,4.13708214765));
#1066 = CARTESIAN_POINT('',(1.121997376298,4.079368267992));
#1067 = CARTESIAN_POINT('',(1.234197113887,4.037803014716));
#1068 = CARTESIAN_POINT('',(1.34639685155,4.011905969305));
#1069 = CARTESIAN_POINT('',(1.458596589165,3.999999815115));
#1070 = CARTESIAN_POINT('',(1.570796326795,4.));
#1071 = ( GEOMETRIC_REPRESENTATION_CONTEXT(2) 
PARAMETRIC_REPRESENTATION_CONTEXT() REPRESENTATION_CONTEXT('2D SPACE',''
  ) );
#1072 = PCURVE('',#70,#1073);
#1073 = DEFINITIONAL_REPRESENTATION('',(#1074),#1089);
#1074 = B_SPLINE_CURVE_WITH_KNOTS('',7,(#1075,#1076,#1077,#1078,#1079,
    #1080,#1081,#1082,#1083,#1084,#1085,#1086,#1087,#1088),
  .UNSPECIFIED.,.F.,.F.,(8,6,8),(1.570796326795,2.356194490192,
    3.14159265359),.UNSPECIFIED.);
#1075 = CARTESIAN_POINT('',(3.487868498009E-15,-1.));
#1076 = CARTESIAN_POINT('',(0.112199737629,-0.898985131647));
#1077 = CARTESIAN_POINT('',(0.224399475256,-0.793035561433));
#1078 = CARTESIAN_POINT('',(0.336599212887,-0.684262727163));
#1079 = CARTESIAN_POINT('',(0.44879895051,-0.575743786397));
#1080 = CARTESIAN_POINT('',(0.560998688141,-0.471812644364));
#1081 = CARTESIAN_POINT('',(0.67319842577,-0.376577344705));
#1082 = CARTESIAN_POINT('',(0.897597901027,-0.209209160281));
#1083 = CARTESIAN_POINT('',(1.009797638659,-0.137082147639));
#1084 = CARTESIAN_POINT('',(1.12199737627,-7.936826800325E-02));
#1085 = CARTESIAN_POINT('',(1.234197113929,-3.780301467522E-02));
#1086 = CARTESIAN_POINT('',(1.346396851531,-1.190596930821E-02));
#1087 = CARTESIAN_POINT('',(1.458596589169,1.848932357237E-07));
#1088 = CARTESIAN_POINT('',(1.570796326795,1.06581410364E-14));
#1089 = ( GEOMETRIC_REPRESENTATION_CONTEXT(2) 
PARAMETRIC_REPRESENTATION_CONTEXT() REPRESENTATION_CONTEXT('2D SPACE',''
  ) );
#1090 = ORIENTED_EDGE('',*,*,#21,.F.);
#1091 = ADVANCED_FACE('',(#1092),#124,.F.);
#1092 = FACE_BOUND('',#1093,.F.);
#1093 = EDGE_LOOP('',(#1094,#1095,#1121,#1164));
#1094 = ORIENTED_EDGE('',*,*,#977,.T.);
#1095 = ORIENTED_EDGE('',*,*,#1096,.T.);
#1096 = EDGE_CURVE('',#978,#1097,#1099,.T.);
#1097 = VERTEX_POINT('',#1098);
#1098 = CARTESIAN_POINT('',(93.228000630533,58.,3.));
#1099 = SURFACE_CURVE('',#1100,(#1103,#1110),.PCURVE_S1.);
#1100 = B_SPLINE_CURVE_WITH_KNOTS('',1,(#1101,#1102),.UNSPECIFIED.,.F.,
  .F.,(2,2),(0.,66.456001261066),.PIECEWISE_BEZIER_KNOTS.);
#1101 = CARTESIAN_POINT('',(26.771999369467,58.,3.));
#1102 = CARTESIAN_POINT('',(93.228000630533,58.,3.));
#1103 = PCURVE('',#124,#1104);
#1104 = DEFINITIONAL_REPRESENTATION('',(#1105),#1109);
#1105 = B_SPLINE_CURVE_WITH_KNOTS('',2,(#1106,#1107,#1108),
  .UNSPECIFIED.,.F.,.F.,(3,3),(0.,66.456001261066),
  .PIECEWISE_BEZIER_KNOTS.);
#1106 = CARTESIAN_POINT('',(1.570796326795,0.));
#1107 = CARTESIAN_POINT('',(1.570796326795,33.228000630533));
#1108 = CARTESIAN_POINT('',(1.570796326795,66.456001261066));
#1109 = ( GEOMETRIC_REPRESENTATION_CONTEXT(2) 
PARAMETRIC_REPRESENTATION_CONTEXT() REPRESENTATION_CONTEXT('2D SPACE',''
  ) );
#1110 = PCURVE('',#1111,#1116);
#1111 = B_SPLINE_SURFACE_WITH_KNOTS('',1,1,(
    (#1112,#1113)
    ,(#1114,#1115
    )),.UNSPECIFIED.,.F.,.F.,.F.,(2,2),(2,2),(-6.666987634909,
    3.666987634909),(-33.22800063053,33.228000630533),
  .PIECEWISE_BEZIER_KNOTS.);
#1112 = CARTESIAN_POINT('',(26.771999369467,58.,13.333975269818));
#1113 = CARTESIAN_POINT('',(93.228000630533,58.,13.333975269818));
#1114 = CARTESIAN_POINT('',(26.771999369467,58.,3.));
#1115 = CARTESIAN_POINT('',(93.228000630533,58.,3.));
#1116 = DEFINITIONAL_REPRESENTATION('',(#1117),#1120);
#1117 = B_SPLINE_CURVE_WITH_KNOTS('',1,(#1118,#1119),.UNSPECIFIED.,.F.,
  .F.,(2,2),(0.,66.456001261066),.PIECEWISE_BEZIER_KNOTS.);
#1118 = CARTESIAN_POINT('',(3.666987634909,-33.22800063053));
#1119 = CARTESIAN_POINT('',(3.666987634909,33.228000630533));
#1120 = ( GEOMETRIC_REPRESENTATION_CONTEXT(2) 
PARAMETRIC_REPRESENTATION_CONTEXT() REPRESENTATION_CONTEXT('2D SPACE',''
  ) );
#1121 = ORIENTED_EDGE('',*,*,#1122,.F.);
#1122 = EDGE_CURVE('',#85,#1097,#1123,.T.);
#1123 = SURFACE_CURVE('',#1124,(#1128,#1146),.PCURVE_S1.);
#1124 = ( BOUNDED_CURVE() B_SPLINE_CURVE(2,(#1125,#1126,#1127),
.UNSPECIFIED.,.F.,.F.) B_SPLINE_CURVE_WITH_KNOTS((3,3),(4.712388980385,
6.28318530718),.PIECEWISE_BEZIER_KNOTS.) CURVE() 
GEOMETRIC_REPRESENTATION_ITEM() RATIONAL_B_SPLINE_CURVE((1.,
0.707106781187,1.)) REPRESENTATION_ITEM('') );
#1125 = CARTESIAN_POINT('',(94.228000630533,57.,2.));
#1126 = CARTESIAN_POINT('',(93.228000630533,58.,2.));
#1127 = CARTESIAN_POINT('',(93.228000630533,58.,3.));
#1128 = PCURVE('',#124,#1129);
#1129 = DEFINITIONAL_REPRESENTATION('',(#1130),#1145);
#1130 = B_SPLINE_CURVE_WITH_KNOTS('',7,(#1131,#1132,#1133,#1134,#1135,
    #1136,#1137,#1138,#1139,#1140,#1141,#1142,#1143,#1144),
  .UNSPECIFIED.,.F.,.F.,(8,6,8),(4.712388980385,5.497787143782,
    6.28318530718),.UNSPECIFIED.);
#1131 = CARTESIAN_POINT('',(0.,67.456001261066));
#1132 = CARTESIAN_POINT('',(0.112199737628,67.354986392737));
#1133 = CARTESIAN_POINT('',(0.224399475257,67.249036822983));
#1134 = CARTESIAN_POINT('',(0.33659921288,67.140263987309));
#1135 = CARTESIAN_POINT('',(0.448798950516,67.031745048447));
#1136 = CARTESIAN_POINT('',(0.560998688138,66.927813905051));
#1137 = CARTESIAN_POINT('',(0.67319842577,66.832578605947));
#1138 = CARTESIAN_POINT('',(0.897597901025,66.665210421649));
#1139 = CARTESIAN_POINT('',(1.009797638665,66.593083407816));
#1140 = CARTESIAN_POINT('',(1.121997376256,66.535369530653));
#1141 = CARTESIAN_POINT('',(1.23419711393,66.493804274379));
#1142 = CARTESIAN_POINT('',(1.34639685153,66.467907231227));
#1143 = CARTESIAN_POINT('',(1.45859658917,66.456001076104));
#1144 = CARTESIAN_POINT('',(1.570796326795,66.456001261066));
#1145 = ( GEOMETRIC_REPRESENTATION_CONTEXT(2) 
PARAMETRIC_REPRESENTATION_CONTEXT() REPRESENTATION_CONTEXT('2D SPACE',''
  ) );
#1146 = PCURVE('',#98,#1147);
#1147 = DEFINITIONAL_REPRESENTATION('',(#1148),#1163);
#1148 = B_SPLINE_CURVE_WITH_KNOTS('',7,(#1149,#1150,#1151,#1152,#1153,
    #1154,#1155,#1156,#1157,#1158,#1159,#1160,#1161,#1162),
  .UNSPECIFIED.,.F.,.F.,(8,6,8),(4.712388980385,5.497787143782,
    6.28318530718),.UNSPECIFIED.);
#1149 = CARTESIAN_POINT('',(0.,-1.));
#1150 = CARTESIAN_POINT('',(0.112199737629,-0.898985131647));
#1151 = CARTESIAN_POINT('',(0.224399475256,-0.79303556143));
#1152 = CARTESIAN_POINT('',(0.336599212885,-0.684262727175));
#1153 = CARTESIAN_POINT('',(0.448798950509,-0.575743786395));
#1154 = CARTESIAN_POINT('',(0.560998688143,-0.471812644365));
#1155 = CARTESIAN_POINT('',(0.67319842577,-0.376577344705));
#1156 = CARTESIAN_POINT('',(0.897597901029,-0.209209160281));
#1157 = CARTESIAN_POINT('',(1.009797638643,-0.137082147639));
#1158 = CARTESIAN_POINT('',(1.121997376299,-7.936826800364E-02));
#1159 = CARTESIAN_POINT('',(1.234197113895,-3.780301467533E-02));
#1160 = CARTESIAN_POINT('',(1.346396851546,-1.190596930828E-02));
#1161 = CARTESIAN_POINT('',(1.458596589167,1.848932652327E-07));
#1162 = CARTESIAN_POINT('',(1.570796326795,-7.105427357601E-15));
#1163 = ( GEOMETRIC_REPRESENTATION_CONTEXT(2) 
PARAMETRIC_REPRESENTATION_CONTEXT() REPRESENTATION_CONTEXT('2D SPACE',''
  ) );
#1164 = ORIENTED_EDGE('',*,*,#112,.F.);
#1165 = ADVANCED_FACE('',(#1166),#70,.T.);
#1166 = FACE_BOUND('',#1167,.T.);
#1167 = EDGE_LOOP('',(#1168,#1169,#1195,#1238));
#1168 = ORIENTED_EDGE('',*,*,#1048,.T.);
#1169 = ORIENTED_EDGE('',*,*,#1170,.T.);
#1170 = EDGE_CURVE('',#1023,#1171,#1173,.T.);
#1171 = VERTEX_POINT('',#1172);
#1172 = CARTESIAN_POINT('',(93.228000630533,62.,3.));
#1173 = SURFACE_CURVE('',#1174,(#1177,#1184),.PCURVE_S1.);
#1174 = B_SPLINE_CURVE_WITH_KNOTS('',1,(#1175,#1176),.UNSPECIFIED.,.F.,
  .F.,(2,2),(0.,66.456001261066),.PIECEWISE_BEZIER_KNOTS.);
#1175 = CARTESIAN_POINT('',(26.771999369467,62.,3.));
#1176 = CARTESIAN_POINT('',(93.228000630533,62.,3.));
#1177 = PCURVE('',#70,#1178);
#1178 = DEFINITIONAL_REPRESENTATION('',(#1179),#1183);
#1179 = B_SPLINE_CURVE_WITH_KNOTS('',2,(#1180,#1181,#1182),
  .UNSPECIFIED.,.F.,.F.,(3,3),(0.,66.456001261066),
  .PIECEWISE_BEZIER_KNOTS.);
#1180 = CARTESIAN_POINT('',(1.570796326795,0.));
#1181 = CARTESIAN_POINT('',(1.570796326795,33.228000630533));
#1182 = CARTESIAN_POINT('',(1.570796326795,66.456001261066));
#1183 = ( GEOMETRIC_REPRESENTATION_CONTEXT(2) 
PARAMETRIC_REPRESENTATION_CONTEXT() REPRESENTATION_CONTEXT('2D SPACE',''
  ) );
#1184 = PCURVE('',#1185,#1190);
#1185 = B_SPLINE_SURFACE_WITH_KNOTS('',1,1,(
    (#1186,#1187)
    ,(#1188,#1189
    )),.UNSPECIFIED.,.F.,.F.,.F.,(2,2),(2,2),(-6.666987634909,
    3.666987634909),(-33.22800063053,33.228000630533),
  .PIECEWISE_BEZIER_KNOTS.);
#1186 = CARTESIAN_POINT('',(26.771999369467,62.,13.333975269818));
#1187 = CARTESIAN_POINT('',(93.228000630533,62.,13.333975269818));
#1188 = CARTESIAN_POINT('',(26.771999369467,62.,3.));
#1189 = CARTESIAN_POINT('',(93.228000630533,62.,3.));
#1190 = DEFINITIONAL_REPRESENTATION('',(#1191),#1194);
#1191 = B_SPLINE_CURVE_WITH_KNOTS('',1,(#1192,#1193),.UNSPECIFIED.,.F.,
  .F.,(2,2),(0.,66.456001261066),.PIECEWISE_BEZIER_KNOTS.);
#1192 = CARTESIAN_POINT('',(3.666987634909,-33.22800063053));
#1193 = CARTESIAN_POINT('',(3.666987634909,33.228000630533));
#1194 = ( GEOMETRIC_REPRESENTATION_CONTEXT(2) 
PARAMETRIC_REPRESENTATION_CONTEXT() REPRESENTATION_CONTEXT('2D SPACE',''
  ) );
#1195 = ORIENTED_EDGE('',*,*,#1196,.F.);
#1196 = EDGE_CURVE('',#57,#1171,#1197,.T.);
#1197 = SURFACE_CURVE('',#1198,(#1202,#1220),.PCURVE_S1.);
#1198 = ( BOUNDED_CURVE() B_SPLINE_CURVE(2,(#1199,#1200,#1201),
.UNSPECIFIED.,.F.,.F.) B_SPLINE_CURVE_WITH_KNOTS((3,3),(1.570796326795,
3.14159265359),.PIECEWISE_BEZIER_KNOTS.) CURVE() 
GEOMETRIC_REPRESENTATION_ITEM() RATIONAL_B_SPLINE_CURVE((1.,
0.707106781187,1.)) REPRESENTATION_ITEM('') );
#1199 = CARTESIAN_POINT('',(94.228000630533,63.,2.));
#1200 = CARTESIAN_POINT('',(93.228000630533,62.,2.));
#1201 = CARTESIAN_POINT('',(93.228000630533,62.,3.));
#1202 = PCURVE('',#70,#1203);
#1203 = DEFINITIONAL_REPRESENTATION('',(#1204),#1219);
#1204 = B_SPLINE_CURVE_WITH_KNOTS('',7,(#1205,#1206,#1207,#1208,#1209,
    #1210,#1211,#1212,#1213,#1214,#1215,#1216,#1217,#1218),
  .UNSPECIFIED.,.F.,.F.,(8,6,8),(1.570796326795,2.356194490192,
    3.14159265359),.UNSPECIFIED.);
#1205 = CARTESIAN_POINT('',(3.487868498009E-15,67.456001261066));
#1206 = CARTESIAN_POINT('',(0.112199737629,67.354986392781));
#1207 = CARTESIAN_POINT('',(0.224399475257,67.249036822692));
#1208 = CARTESIAN_POINT('',(0.336599212886,67.140263987891));
#1209 = CARTESIAN_POINT('',(0.448798950512,67.031745047981));
#1210 = CARTESIAN_POINT('',(0.560998688142,66.927813905284));
#1211 = CARTESIAN_POINT('',(0.67319842577,66.832578605875));
#1212 = CARTESIAN_POINT('',(0.897597901028,66.665210421518));
#1213 = CARTESIAN_POINT('',(1.009797638652,66.593083408224));
#1214 = CARTESIAN_POINT('',(1.121997376283,66.535369529838));
#1215 = CARTESIAN_POINT('',(1.234197113914,66.493804275311));
#1216 = CARTESIAN_POINT('',(1.346396851538,66.467907230762));
#1217 = CARTESIAN_POINT('',(1.458596589168,66.456001076148));
#1218 = CARTESIAN_POINT('',(1.570796326795,66.456001261066));
#1219 = ( GEOMETRIC_REPRESENTATION_CONTEXT(2) 
PARAMETRIC_REPRESENTATION_CONTEXT() REPRESENTATION_CONTEXT('2D SPACE',''
  ) );
#1220 = PCURVE('',#98,#1221);
#1221 = DEFINITIONAL_REPRESENTATION('',(#1222),#1237);
#1222 = B_SPLINE_CURVE_WITH_KNOTS('',7,(#1223,#1224,#1225,#1226,#1227,
    #1228,#1229,#1230,#1231,#1232,#1233,#1234,#1235,#1236),
  .UNSPECIFIED.,.F.,.F.,(8,6,8),(1.570796326795,2.356194490192,
    3.14159265359),.UNSPECIFIED.);
#1223 = CARTESIAN_POINT('',(3.487868498009E-15,5.));
#1224 = CARTESIAN_POINT('',(0.112199737629,4.898985131654));
#1225 = CARTESIAN_POINT('',(0.224399475255,4.79303556145));
#1226 = CARTESIAN_POINT('',(0.336599212885,4.684262727191));
#1227 = CARTESIAN_POINT('',(0.44879895051,4.575743786379));
#1228 = CARTESIAN_POINT('',(0.560998688143,4.471812644352));
#1229 = CARTESIAN_POINT('',(0.67319842577,4.376577344713));
#1230 = CARTESIAN_POINT('',(0.897597901027,4.209209160285));
#1231 = CARTESIAN_POINT('',(1.009797638657,4.13708214764));
#1232 = CARTESIAN_POINT('',(1.121997376274,4.079368267953));
#1233 = CARTESIAN_POINT('',(1.234197113909,4.037803014699));
#1234 = CARTESIAN_POINT('',(1.346396851539,4.011905969287));
#1235 = CARTESIAN_POINT('',(1.458596589169,3.999999815118));
#1236 = CARTESIAN_POINT('',(1.570796326795,4.));
#1237 = ( GEOMETRIC_REPRESENTATION_CONTEXT(2) 
PARAMETRIC_REPRESENTATION_CONTEXT() REPRESENTATION_CONTEXT('2D SPACE',''
  ) );
#1238 = ORIENTED_EDGE('',*,*,#56,.F.);
#1239 = ADVANCED_FACE('',(#1240),#98,.F.);
#1240 = FACE_BOUND('',#1241,.F.);
#1241 = EDGE_LOOP('',(#1242,#1243,#1267,#1268));
#1242 = ORIENTED_EDGE('',*,*,#1122,.T.);
#1243 = ORIENTED_EDGE('',*,*,#1244,.T.);
#1244 = EDGE_CURVE('',#1097,#1171,#1245,.T.);
#1245 = SURFACE_CURVE('',#1246,(#1249,#1256),.PCURVE_S1.);
#1246 = B_SPLINE_CURVE_WITH_KNOTS('',1,(#1247,#1248),.UNSPECIFIED.,.F.,
  .F.,(2,2),(-0.,4.),.PIECEWISE_BEZIER_KNOTS.);
#1247 = CARTESIAN_POINT('',(93.228000630533,58.,3.));
#1248 = CARTESIAN_POINT('',(93.228000630533,62.,3.));
#1249 = PCURVE('',#98,#1250);
#1250 = DEFINITIONAL_REPRESENTATION('',(#1251),#1255);
#1251 = B_SPLINE_CURVE_WITH_KNOTS('',2,(#1252,#1253,#1254),
  .UNSPECIFIED.,.F.,.F.,(3,3),(-0.,4.),.PIECEWISE_BEZIER_KNOTS.);
#1252 = CARTESIAN_POINT('',(1.570796326795,0.));
#1253 = CARTESIAN_POINT('',(1.570796326795,2.));
#1254 = CARTESIAN_POINT('',(1.570796326795,4.));
#1255 = ( GEOMETRIC_REPRESENTATION_CONTEXT(2) 
PARAMETRIC_REPRESENTATION_CONTEXT() REPRESENTATION_CONTEXT('2D SPACE',''
  ) );
#1256 = PCURVE('',#1257,#1262);
#1257 = B_SPLINE_SURFACE_WITH_KNOTS('',1,1,(
    (#1258,#1259)
    ,(#1260,#1261
    )),.UNSPECIFIED.,.F.,.F.,.F.,(2,2),(2,2),(-3.666987634909,
    6.666987634909),(-2.,2.),.PIECEWISE_BEZIER_KNOTS.);
#1258 = CARTESIAN_POINT('',(93.228000630533,62.,3.));
#1259 = CARTESIAN_POINT('',(93.228000630533,58.,3.));
#1260 = CARTESIAN_POINT('',(93.228000630533,62.,13.333975269818));
#1261 = CARTESIAN_POINT('',(93.228000630533,58.,13.333975269818));
#1262 = DEFINITIONAL_REPRESENTATION('',(#1263),#1266);
#1263 = B_SPLINE_CURVE_WITH_KNOTS('',1,(#1264,#1265),.UNSPECIFIED.,.F.,
  .F.,(2,2),(-0.,4.),.PIECEWISE_BEZIER_KNOTS.);
#1264 = CARTESIAN_POINT('',(-3.666987634909,2.));
#1265 = CARTESIAN_POINT('',(-3.666987634909,-2.));
#1266 = ( GEOMETRIC_REPRESENTATION_CONTEXT(2) 
PARAMETRIC_REPRESENTATION_CONTEXT() REPRESENTATION_CONTEXT('2D SPACE',''
  ) );
#1267 = ORIENTED_EDGE('',*,*,#1196,.F.);
#1268 = ORIENTED_EDGE('',*,*,#84,.F.);
#1269 = ADVANCED_FACE('',(#1270),#156,.F.);
#1270 = FACE_BOUND('',#1271,.T.);
#1271 = EDGE_LOOP('',(#1272,#1299,#1317,#1318));
#1272 = ORIENTED_EDGE('',*,*,#1273,.T.);
#1273 = EDGE_CURVE('',#1274,#1276,#1278,.T.);
#1274 = VERTEX_POINT('',#1275);
#1275 = CARTESIAN_POINT('',(0.,0.,-2.));
#1276 = VERTEX_POINT('',#1277);
#1277 = CARTESIAN_POINT('',(360.,0.,-2.));
#1278 = SURFACE_CURVE('',#1279,(#1282,#1288),.PCURVE_S1.);
#1279 = B_SPLINE_CURVE_WITH_KNOTS('',1,(#1280,#1281),.UNSPECIFIED.,.F.,
  .F.,(2,2),(0.,360.),.PIECEWISE_BEZIER_KNOTS.);
#1280 = CARTESIAN_POINT('',(0.,0.,-2.));
#1281 = CARTESIAN_POINT('',(360.,0.,-2.));
#1282 = PCURVE('',#156,#1283);
#1283 = DEFINITIONAL_REPRESENTATION('',(#1284),#1287);
#1284 = B_SPLINE_CURVE_WITH_KNOTS('',1,(#1285,#1286),.UNSPECIFIED.,.F.,
  .F.,(2,2),(0.,360.),.PIECEWISE_BEZIER_KNOTS.);
#1285 = CARTESIAN_POINT('',(-2.,-180.));
#1286 = CARTESIAN_POINT('',(-2.,180.));
#1287 = ( GEOMETRIC_REPRESENTATION_CONTEXT(2) 
PARAMETRIC_REPRESENTATION_CONTEXT() REPRESENTATION_CONTEXT('2D SPACE',''
  ) );
#1288 = PCURVE('',#1289,#1294);
#1289 = B_SPLINE_SURFACE_WITH_KNOTS('',1,1,(
    (#1290,#1291)
    ,(#1292,#1293
    )),.UNSPECIFIED.,.F.,.F.,.F.,(2,2),(2,2),(-180.,180.),(-120.,120.),
  .PIECEWISE_BEZIER_KNOTS.);
#1290 = CARTESIAN_POINT('',(0.,0.,-2.));
#1291 = CARTESIAN_POINT('',(0.,240.,-2.));
#1292 = CARTESIAN_POINT('',(360.,0.,-2.));
#1293 = CARTESIAN_POINT('',(360.,240.,-2.));
#1294 = DEFINITIONAL_REPRESENTATION('',(#1295),#1298);
#1295 = B_SPLINE_CURVE_WITH_KNOTS('',1,(#1296,#1297),.UNSPECIFIED.,.F.,
  .F.,(2,2),(0.,360.),.PIECEWISE_BEZIER_KNOTS.);
#1296 = CARTESIAN_POINT('',(-180.,-120.));
#1297 = CARTESIAN_POINT('',(180.,-120.));
#1298 = ( GEOMETRIC_REPRESENTATION_CONTEXT(2) 
PARAMETRIC_REPRESENTATION_CONTEXT() REPRESENTATION_CONTEXT('2D SPACE',''
  ) );
#1299 = ORIENTED_EDGE('',*,*,#1300,.T.);
#1300 = EDGE_CURVE('',#1276,#143,#1301,.T.);
#1301 = SURFACE_CURVE('',#1302,(#1305,#1311),.PCURVE_S1.);
#1302 = B_SPLINE_CURVE_WITH_KNOTS('',1,(#1303,#1304),.UNSPECIFIED.,.F.,
  .F.,(2,2),(0.,4.),.PIECEWISE_BEZIER_KNOTS.);
#1303 = CARTESIAN_POINT('',(360.,0.,-2.));
#1304 = CARTESIAN_POINT('',(360.,0.,2.));
#1305 = PCURVE('',#156,#1306);
#1306 = DEFINITIONAL_REPRESENTATION('',(#1307),#1310);
#1307 = B_SPLINE_CURVE_WITH_KNOTS('',1,(#1308,#1309),.UNSPECIFIED.,.F.,
  .F.,(2,2),(0.,4.),.PIECEWISE_BEZIER_KNOTS.);
#1308 = CARTESIAN_POINT('',(-2.,180.));
#1309 = CARTESIAN_POINT('',(2.,180.));
#1310 = ( GEOMETRIC_REPRESENTATION_CONTEXT(2) 
PARAMETRIC_REPRESENTATION_CONTEXT() REPRESENTATION_CONTEXT('2D SPACE',''
  ) );
#1311 = PCURVE('',#181,#1312);
#1312 = DEFINITIONAL_REPRESENTATION('',(#1313),#1316);
#1313 = B_SPLINE_CURVE_WITH_KNOTS('',1,(#1314,#1315),.UNSPECIFIED.,.F.,
  .F.,(2,2),(0.,4.),.PIECEWISE_BEZIER_KNOTS.);
#1314 = CARTESIAN_POINT('',(-2.,120.));
#1315 = CARTESIAN_POINT('',(2.,120.));
#1316 = ( GEOMETRIC_REPRESENTATION_CONTEXT(2) 
PARAMETRIC_REPRESENTATION_CONTEXT() REPRESENTATION_CONTEXT('2D SPACE',''
  ) );
#1317 = ORIENTED_EDGE('',*,*,#140,.F.);
#1318 = ORIENTED_EDGE('',*,*,#1319,.F.);
#1319 = EDGE_CURVE('',#1274,#141,#1320,.T.);
#1320 = SURFACE_CURVE('',#1321,(#1324,#1330),.PCURVE_S1.);
#1321 = B_SPLINE_CURVE_WITH_KNOTS('',1,(#1322,#1323),.UNSPECIFIED.,.F.,
  .F.,(2,2),(0.,4.),.PIECEWISE_BEZIER_KNOTS.);
#1322 = CARTESIAN_POINT('',(0.,0.,-2.));
#1323 = CARTESIAN_POINT('',(0.,0.,2.));
#1324 = PCURVE('',#156,#1325);
#1325 = DEFINITIONAL_REPRESENTATION('',(#1326),#1329);
#1326 = B_SPLINE_CURVE_WITH_KNOTS('',1,(#1327,#1328),.UNSPECIFIED.,.F.,
  .F.,(2,2),(0.,4.),.PIECEWISE_BEZIER_KNOTS.);
#1327 = CARTESIAN_POINT('',(-2.,-180.));
#1328 = CARTESIAN_POINT('',(2.,-180.));
#1329 = ( GEOMETRIC_REPRESENTATION_CONTEXT(2) 
PARAMETRIC_REPRESENTATION_CONTEXT() REPRESENTATION_CONTEXT('2D SPACE',''
  ) );
#1330 = PCURVE('',#229,#1331);
#1331 = DEFINITIONAL_REPRESENTATION('',(#1332),#1335);
#1332 = B_SPLINE_CURVE_WITH_KNOTS('',1,(#1333,#1334),.UNSPECIFIED.,.F.,
  .F.,(2,2),(0.,4.),.PIECEWISE_BEZIER_KNOTS.);
#1333 = CARTESIAN_POINT('',(-2.,120.));
#1334 = CARTESIAN_POINT('',(2.,120.));
#1335 = ( GEOMETRIC_REPRESENTATION_CONTEXT(2) 
PARAMETRIC_REPRESENTATION_CONTEXT() REPRESENTATION_CONTEXT('2D SPACE',''
  ) );
#1336 = ADVANCED_FACE('',(#1337),#181,.T.);
#1337 = FACE_BOUND('',#1338,.T.);
#1338 = EDGE_LOOP('',(#1339,#1359,#1377,#1378));
#1339 = ORIENTED_EDGE('',*,*,#1340,.T.);
#1340 = EDGE_CURVE('',#1276,#1341,#1343,.T.);
#1341 = VERTEX_POINT('',#1342);
#1342 = CARTESIAN_POINT('',(360.,240.,-2.));
#1343 = SURFACE_CURVE('',#1344,(#1347,#1353),.PCURVE_S1.);
#1344 = B_SPLINE_CURVE_WITH_KNOTS('',1,(#1345,#1346),.UNSPECIFIED.,.F.,
  .F.,(2,2),(0.,240.),.PIECEWISE_BEZIER_KNOTS.);
#1345 = CARTESIAN_POINT('',(360.,0.,-2.));
#1346 = CARTESIAN_POINT('',(360.,240.,-2.));
#1347 = PCURVE('',#181,#1348);
#1348 = DEFINITIONAL_REPRESENTATION('',(#1349),#1352);
#1349 = B_SPLINE_CURVE_WITH_KNOTS('',1,(#1350,#1351),.UNSPECIFIED.,.F.,
  .F.,(2,2),(0.,240.),.PIECEWISE_BEZIER_KNOTS.);
#1350 = CARTESIAN_POINT('',(-2.,120.));
#1351 = CARTESIAN_POINT('',(-2.,-120.));
#1352 = ( GEOMETRIC_REPRESENTATION_CONTEXT(2) 
PARAMETRIC_REPRESENTATION_CONTEXT() REPRESENTATION_CONTEXT('2D SPACE',''
  ) );
#1353 = PCURVE('',#1289,#1354);
#1354 = DEFINITIONAL_REPRESENTATION('',(#1355),#1358);
#1355 = B_SPLINE_CURVE_WITH_KNOTS('',1,(#1356,#1357),.UNSPECIFIED.,.F.,
  .F.,(2,2),(0.,240.),.PIECEWISE_BEZIER_KNOTS.);
#1356 = CARTESIAN_POINT('',(180.,-120.));
#1357 = CARTESIAN_POINT('',(180.,120.));
#1358 = ( GEOMETRIC_REPRESENTATION_CONTEXT(2) 
PARAMETRIC_REPRESENTATION_CONTEXT() REPRESENTATION_CONTEXT('2D SPACE',''
  ) );
#1359 = ORIENTED_EDGE('',*,*,#1360,.T.);
#1360 = EDGE_CURVE('',#1341,#168,#1361,.T.);
#1361 = SURFACE_CURVE('',#1362,(#1365,#1371),.PCURVE_S1.);
#1362 = B_SPLINE_CURVE_WITH_KNOTS('',1,(#1363,#1364),.UNSPECIFIED.,.F.,
  .F.,(2,2),(0.,4.),.PIECEWISE_BEZIER_KNOTS.);
#1363 = CARTESIAN_POINT('',(360.,240.,-2.));
#1364 = CARTESIAN_POINT('',(360.,240.,2.));
#1365 = PCURVE('',#181,#1366);
#1366 = DEFINITIONAL_REPRESENTATION('',(#1367),#1370);
#1367 = B_SPLINE_CURVE_WITH_KNOTS('',1,(#1368,#1369),.UNSPECIFIED.,.F.,
  .F.,(2,2),(0.,4.),.PIECEWISE_BEZIER_KNOTS.);
#1368 = CARTESIAN_POINT('',(-2.,-120.));
#1369 = CARTESIAN_POINT('',(2.,-120.));
#1370 = ( GEOMETRIC_REPRESENTATION_CONTEXT(2) 
PARAMETRIC_REPRESENTATION_CONTEXT() REPRESENTATION_CONTEXT('2D SPACE',''
  ) );
#1371 = PCURVE('',#206,#1372);
#1372 = DEFINITIONAL_REPRESENTATION('',(#1373),#1376);
#1373 = B_SPLINE_CURVE_WITH_KNOTS('',1,(#1374,#1375),.UNSPECIFIED.,.F.,
  .F.,(2,2),(0.,4.),.PIECEWISE_BEZIER_KNOTS.);
#1374 = CARTESIAN_POINT('',(-2.,180.));
#1375 = CARTESIAN_POINT('',(2.,180.));
#1376 = ( GEOMETRIC_REPRESENTATION_CONTEXT(2) 
PARAMETRIC_REPRESENTATION_CONTEXT() REPRESENTATION_CONTEXT('2D SPACE',''
  ) );
#1377 = ORIENTED_EDGE('',*,*,#167,.F.);
#1378 = ORIENTED_EDGE('',*,*,#1300,.F.);
#1379 = ADVANCED_FACE('',(#1380),#206,.T.);
#1380 = FACE_BOUND('',#1381,.T.);
#1381 = EDGE_LOOP('',(#1382,#1402,#1420,#1421));
#1382 = ORIENTED_EDGE('',*,*,#1383,.T.);
#1383 = EDGE_CURVE('',#1341,#1384,#1386,.T.);
#1384 = VERTEX_POINT('',#1385);
#1385 = CARTESIAN_POINT('',(0.,240.,-2.));
#1386 = SURFACE_CURVE('',#1387,(#1390,#1396),.PCURVE_S1.);
#1387 = B_SPLINE_CURVE_WITH_KNOTS('',1,(#1388,#1389),.UNSPECIFIED.,.F.,
  .F.,(2,2),(0.,360.),.PIECEWISE_BEZIER_KNOTS.);
#1388 = CARTESIAN_POINT('',(360.,240.,-2.));
#1389 = CARTESIAN_POINT('',(0.,240.,-2.));
#1390 = PCURVE('',#206,#1391);
#1391 = DEFINITIONAL_REPRESENTATION('',(#1392),#1395);
#1392 = B_SPLINE_CURVE_WITH_KNOTS('',1,(#1393,#1394),.UNSPECIFIED.,.F.,
  .F.,(2,2),(0.,360.),.PIECEWISE_BEZIER_KNOTS.);
#1393 = CARTESIAN_POINT('',(-2.,180.));
#1394 = CARTESIAN_POINT('',(-2.,-180.));
#1395 = ( GEOMETRIC_REPRESENTATION_CONTEXT(2) 
PARAMETRIC_REPRESENTATION_CONTEXT() REPRESENTATION_CONTEXT('2D SPACE',''
  ) );
#1396 = PCURVE('',#1289,#1397);
#1397 = DEFINITIONAL_REPRESENTATION('',(#1398),#1401);
#1398 = B_SPLINE_CURVE_WITH_KNOTS('',1,(#1399,#1400),.UNSPECIFIED.,.F.,
  .F.,(2,2),(0.,360.),.PIECEWISE_BEZIER_KNOTS.);
#1399 = CARTESIAN_POINT('',(180.,120.));
#1400 = CARTESIAN_POINT('',(-180.,120.));
#1401 = ( GEOMETRIC_REPRESENTATION_CONTEXT(2) 
PARAMETRIC_REPRESENTATION_CONTEXT() REPRESENTATION_CONTEXT('2D SPACE',''
  ) );
#1402 = ORIENTED_EDGE('',*,*,#1403,.T.);
#1403 = EDGE_CURVE('',#1384,#193,#1404,.T.);
#1404 = SURFACE_CURVE('',#1405,(#1408,#1414),.PCURVE_S1.);
#1405 = B_SPLINE_CURVE_WITH_KNOTS('',1,(#1406,#1407),.UNSPECIFIED.,.F.,
  .F.,(2,2),(0.,4.),.PIECEWISE_BEZIER_KNOTS.);
#1406 = CARTESIAN_POINT('',(0.,240.,-2.));
#1407 = CARTESIAN_POINT('',(0.,240.,2.));
#1408 = PCURVE('',#206,#1409);
#1409 = DEFINITIONAL_REPRESENTATION('',(#1410),#1413);
#1410 = B_SPLINE_CURVE_WITH_KNOTS('',1,(#1411,#1412),.UNSPECIFIED.,.F.,
  .F.,(2,2),(0.,4.),.PIECEWISE_BEZIER_KNOTS.);
#1411 = CARTESIAN_POINT('',(-2.,-180.));
#1412 = CARTESIAN_POINT('',(2.,-180.));
#1413 = ( GEOMETRIC_REPRESENTATION_CONTEXT(2) 
PARAMETRIC_REPRESENTATION_CONTEXT() REPRESENTATION_CONTEXT('2D SPACE',''
  ) );
#1414 = PCURVE('',#229,#1415);
#1415 = DEFINITIONAL_REPRESENTATION('',(#1416),#1419);
#1416 = B_SPLINE_CURVE_WITH_KNOTS('',1,(#1417,#1418),.UNSPECIFIED.,.F.,
  .F.,(2,2),(0.,4.),.PIECEWISE_BEZIER_KNOTS.);
#1417 = CARTESIAN_POINT('',(-2.,-120.));
#1418 = CARTESIAN_POINT('',(2.,-120.));
#1419 = ( GEOMETRIC_REPRESENTATION_CONTEXT(2) 
PARAMETRIC_REPRESENTATION_CONTEXT() REPRESENTATION_CONTEXT('2D SPACE',''
  ) );
#1420 = ORIENTED_EDGE('',*,*,#192,.F.);
#1421 = ORIENTED_EDGE('',*,*,#1360,.F.);
#1422 = ADVANCED_FACE('',(#1423),#229,.F.);
#1423 = FACE_BOUND('',#1424,.T.);
#1424 = EDGE_LOOP('',(#1425,#1443,#1444,#1445));
#1425 = ORIENTED_EDGE('',*,*,#1426,.T.);
#1426 = EDGE_CURVE('',#1384,#1274,#1427,.T.);
#1427 = SURFACE_CURVE('',#1428,(#1431,#1437),.PCURVE_S1.);
#1428 = B_SPLINE_CURVE_WITH_KNOTS('',1,(#1429,#1430),.UNSPECIFIED.,.F.,
  .F.,(2,2),(0.,240.),.PIECEWISE_BEZIER_KNOTS.);
#1429 = CARTESIAN_POINT('',(0.,240.,-2.));
#1430 = CARTESIAN_POINT('',(0.,0.,-2.));
#1431 = PCURVE('',#229,#1432);
#1432 = DEFINITIONAL_REPRESENTATION('',(#1433),#1436);
#1433 = B_SPLINE_CURVE_WITH_KNOTS('',1,(#1434,#1435),.UNSPECIFIED.,.F.,
  .F.,(2,2),(0.,240.),.PIECEWISE_BEZIER_KNOTS.);
#1434 = CARTESIAN_POINT('',(-2.,-120.));
#1435 = CARTESIAN_POINT('',(-2.,120.));
#1436 = ( GEOMETRIC_REPRESENTATION_CONTEXT(2) 
PARAMETRIC_REPRESENTATION_CONTEXT() REPRESENTATION_CONTEXT('2D SPACE',''
  ) );
#1437 = PCURVE('',#1289,#1438);
#1438 = DEFINITIONAL_REPRESENTATION('',(#1439),#1442);
#1439 = B_SPLINE_CURVE_WITH_KNOTS('',1,(#1440,#1441),.UNSPECIFIED.,.F.,
  .F.,(2,2),(0.,240.),.PIECEWISE_BEZIER_KNOTS.);
#1440 = CARTESIAN_POINT('',(-180.,120.));
#1441 = CARTESIAN_POINT('',(-180.,-120.));
#1442 = ( GEOMETRIC_REPRESENTATION_CONTEXT(2) 
PARAMETRIC_REPRESENTATION_CONTEXT() REPRESENTATION_CONTEXT('2D SPACE',''
  ) );
#1443 = ORIENTED_EDGE('',*,*,#1319,.T.);
#1444 = ORIENTED_EDGE('',*,*,#217,.F.);
#1445 = ORIENTED_EDGE('',*,*,#1403,.F.);
#1446 = ADVANCED_FACE('',(#1447),#266,.F.);
#1447 = FACE_BOUND('',#1448,.F.);
#1448 = EDGE_LOOP('',(#1449,#1523,#1543,#1544));
#1449 = ORIENTED_EDGE('',*,*,#1450,.T.);
#1450 = EDGE_CURVE('',#1451,#1451,#1453,.T.);
#1451 = VERTEX_POINT('',#1452);
#1452 = CARTESIAN_POINT('',(198.58177961267,60.,-2.));
#1453 = SURFACE_CURVE('',#1454,(#1462,#1512),.PCURVE_S1.);
#1454 = ( BOUNDED_CURVE() B_SPLINE_CURVE(2,(#1455,#1456,#1457,#1458,
#1459,#1460,#1461),.UNSPECIFIED.,.T.,.F.) B_SPLINE_CURVE_WITH_KNOTS((3,2
    ,2,3),(0.,2.094395102393,4.188790204786,6.28318530718),
.PIECEWISE_BEZIER_KNOTS.) CURVE() GEOMETRIC_REPRESENTATION_ITEM() 
RATIONAL_B_SPLINE_CURVE((1.,0.5,1.,0.5,1.,0.5,1.)) REPRESENTATION_ITEM(
  '') );
#1455 = CARTESIAN_POINT('',(198.58177961267,60.,-2.));
#1456 = CARTESIAN_POINT('',(198.58177961267,92.184586384196,-2.));
#1457 = CARTESIAN_POINT('',(170.70911019366,76.092293192098,-2.));
#1458 = CARTESIAN_POINT('',(142.83644077465,60.,-2.));
#1459 = CARTESIAN_POINT('',(170.70911019366,43.907706807902,-2.));
#1460 = CARTESIAN_POINT('',(198.58177961267,27.815413615804,-2.));
#1461 = CARTESIAN_POINT('',(198.58177961267,60.,-2.));
#1462 = PCURVE('',#266,#1463);
#1463 = DEFINITIONAL_REPRESENTATION('',(#1464),#1511);
#1464 = B_SPLINE_CURVE_WITH_KNOTS('',8,(#1465,#1466,#1467,#1468,#1469,
    #1470,#1471,#1472,#1473,#1474,#1475,#1476,#1477,#1478,#1479,#1480,
    #1481,#1482,#1483,#1484,#1485,#1486,#1487,#1488,#1489,#1490,#1491,
    #1492,#1493,#1494,#1495,#1496,#1497,#1498,#1499,#1500,#1501,#1502,
    #1503,#1504,#1505,#1506,#1507,#1508,#1509,#1510),.UNSPECIFIED.,.F.,
  .F.,(9,7,8,7,8,7,9),(0.,1.047197551197,2.094395102393,3.14159265359,
    4.188790204786,5.235987755983,6.28318530718),.UNSPECIFIED.);
#1465 = CARTESIAN_POINT('',(1.529547224362E-15,-5.551115123019E-17));
#1466 = CARTESIAN_POINT('',(0.108253243145,7.549274784033E-14));
#1467 = CARTESIAN_POINT('',(0.22423814989,2.947011976962E-14));
#1468 = CARTESIAN_POINT('',(0.347958813827,-1.40638267285E-14));
#1469 = CARTESIAN_POINT('',(0.479014798433,-1.152014259338E-14));
#1470 = CARTESIAN_POINT('',(0.616474342468,-6.286246738148E-15));
#1471 = CARTESIAN_POINT('',(0.758522866142,-1.41550153415E-15));
#1472 = CARTESIAN_POINT('',(0.902859925455,2.887244665282E-16));
#1473 = CARTESIAN_POINT('',(1.191535175443,1.599213685683E-15));
#1474 = CARTESIAN_POINT('',(1.335872236371,-7.659352670627E-16));
#1475 = CARTESIAN_POINT('',(1.477920760287,1.623728785786E-15));
#1476 = CARTESIAN_POINT('',(1.615380311112,-4.525041227058E-15));
#1477 = CARTESIAN_POINT('',(1.746436289261,3.013947985373E-15));
#1478 = CARTESIAN_POINT('',(1.870156941941,-1.172137004733E-15));
#1479 = CARTESIAN_POINT('',(1.986141859833,6.317888043668E-16));
#1480 = CARTESIAN_POINT('',(2.094395103134,5.551115129504E-16));
#1481 = CARTESIAN_POINT('',(2.202648346422,5.959426197258E-16));
#1482 = CARTESIAN_POINT('',(2.318633263907,1.235963142688E-16));
#1483 = CARTESIAN_POINT('',(2.442353915427,2.049929171791E-15));
#1484 = CARTESIAN_POINT('',(2.573409891656,-1.40680748218E-15));
#1485 = CARTESIAN_POINT('',(2.71086944253,1.207674285351E-15));
#1486 = CARTESIAN_POINT('',(2.852917966888,2.921293305617E-16));
#1487 = CARTESIAN_POINT('',(2.997255027904,4.554280430232E-16));
#1488 = CARTESIAN_POINT('',(3.28593027927,4.981464537542E-16));
#1489 = CARTESIAN_POINT('',(3.430267340367,-2.128494429035E-16));
#1490 = CARTESIAN_POINT('',(3.572315864025,9.672144500839E-16));
#1491 = CARTESIAN_POINT('',(3.709775414818,-1.670847257771E-15));
#1492 = CARTESIAN_POINT('',(3.840831391195,6.577884822212E-16));
#1493 = CARTESIAN_POINT('',(3.964552043264,-5.466794085098E-16));
#1494 = CARTESIAN_POINT('',(4.080536960716,9.254631761648E-17));
#1495 = CARTESIAN_POINT('',(4.188790204046,-3.176451265769E-25));
#1496 = CARTESIAN_POINT('',(4.29704344733,5.794428815645E-17));
#1497 = CARTESIAN_POINT('',(4.413028365361,2.729200054343E-17));
#1498 = CARTESIAN_POINT('',(4.536749017008,5.815987024856E-16));
#1499 = CARTESIAN_POINT('',(4.667804995161,-1.641858551785E-15));
#1500 = CARTESIAN_POINT('',(4.805264546135,1.384868274276E-16));
#1501 = CARTESIAN_POINT('',(4.947313070973,-3.228271659523E-16));
#1502 = CARTESIAN_POINT('',(5.091650131706,4.465882438637E-16));
#1503 = CARTESIAN_POINT('',(5.38032538169,-2.772724262017E-16));
#1504 = CARTESIAN_POINT('',(5.524662441273,1.405490153723E-15));
#1505 = CARTESIAN_POINT('',(5.666710963827,-7.221685681339E-15));
#1506 = CARTESIAN_POINT('',(5.804170508465,-2.273366450577E-15));
#1507 = CARTESIAN_POINT('',(5.935226492274,-1.391488824292E-14));
#1508 = CARTESIAN_POINT('',(6.058947157571,2.057094780366E-14));
#1509 = CARTESIAN_POINT('',(6.174932063956,5.327835310739E-14));
#1510 = CARTESIAN_POINT('',(6.28318530718,-5.551115122348E-17));
#1511 = ( GEOMETRIC_REPRESENTATION_CONTEXT(2) 
PARAMETRIC_REPRESENTATION_CONTEXT() REPRESENTATION_CONTEXT('2D SPACE',''
  ) );
#1512 = PCURVE('',#1289,#1513);
#1513 = DEFINITIONAL_REPRESENTATION('',(#1514),#1522);
#1514 = ( BOUNDED_CURVE() B_SPLINE_CURVE(2,(#1515,#1516,#1517,#1518,
#1519,#1520,#1521),.UNSPECIFIED.,.F.,.F.) B_SPLINE_CURVE_WITH_KNOTS((3,2
    ,2,3),(0.,2.094395102393,4.188790204786,6.28318530718),
.PIECEWISE_BEZIER_KNOTS.) CURVE() GEOMETRIC_REPRESENTATION_ITEM() 
RATIONAL_B_SPLINE_CURVE((1.,0.5,1.,0.5,1.,0.5,1.)) REPRESENTATION_ITEM(
  '') );
#1515 = CARTESIAN_POINT('',(18.581779612672,-60.));
#1516 = CARTESIAN_POINT('',(18.581779612672,-27.8154136158));
#1517 = CARTESIAN_POINT('',(-9.290889806336,-43.9077068079));
#1518 = CARTESIAN_POINT('',(-37.16355922534,-60.));
#1519 = CARTESIAN_POINT('',(-9.290889806336,-76.09229319209));
#1520 = CARTESIAN_POINT('',(18.581779612673,-92.18458638419));
#1521 = CARTESIAN_POINT('',(18.581779612672,-60.));
#1522 = ( GEOMETRIC_REPRESENTATION_CONTEXT(2) 
PARAMETRIC_REPRESENTATION_CONTEXT() REPRESENTATION_CONTEXT('2D SPACE',''
  ) );
#1523 = ORIENTED_EDGE('',*,*,#1524,.T.);
#1524 = EDGE_CURVE('',#1451,#243,#1525,.T.);
#1525 = SEAM_CURVE('',#1526,(#1529,#1536),.PCURVE_S1.);
#1526 = B_SPLINE_CURVE_WITH_KNOTS('',1,(#1527,#1528),.UNSPECIFIED.,.F.,
  .F.,(2,2),(0.,1.),.PIECEWISE_BEZIER_KNOTS.);
#1527 = CARTESIAN_POINT('',(198.58177961267,60.,-2.));
#1528 = CARTESIAN_POINT('',(198.58177961267,60.,2.));
#1529 = PCURVE('',#266,#1530);
#1530 = DEFINITIONAL_REPRESENTATION('',(#1531),#1535);
#1531 = B_SPLINE_CURVE_WITH_KNOTS('',2,(#1532,#1533,#1534),
  .UNSPECIFIED.,.F.,.F.,(3,3),(0.,1.),.PIECEWISE_BEZIER_KNOTS.);
#1532 = CARTESIAN_POINT('',(6.28318530718,-5.551115122215E-17));
#1533 = CARTESIAN_POINT('',(6.28318530718,0.5));
#1534 = CARTESIAN_POINT('',(6.28318530718,1.));
#1535 = ( GEOMETRIC_REPRESENTATION_CONTEXT(2) 
PARAMETRIC_REPRESENTATION_CONTEXT() REPRESENTATION_CONTEXT('2D SPACE',''
  ) );
#1536 = PCURVE('',#266,#1537);
#1537 = DEFINITIONAL_REPRESENTATION('',(#1538),#1542);
#1538 = B_SPLINE_CURVE_WITH_KNOTS('',2,(#1539,#1540,#1541),
  .UNSPECIFIED.,.F.,.F.,(3,3),(0.,1.),.PIECEWISE_BEZIER_KNOTS.);
#1539 = CARTESIAN_POINT('',(-1.86517468137E-14,-5.551115122215E-17));
#1540 = CARTESIAN_POINT('',(-1.59872115546E-14,0.5));
#1541 = CARTESIAN_POINT('',(-1.86517468137E-14,1.));
#1542 = ( GEOMETRIC_REPRESENTATION_CONTEXT(2) 
PARAMETRIC_REPRESENTATION_CONTEXT() REPRESENTATION_CONTEXT('2D SPACE',''
  ) );
#1543 = ORIENTED_EDGE('',*,*,#242,.F.);
#1544 = ORIENTED_EDGE('',*,*,#1524,.F.);
#1545 = ADVANCED_FACE('',(#1546),#373,.T.);
#1546 = FACE_BOUND('',#1547,.T.);
#1547 = EDGE_LOOP('',(#1548,#1715,#1768,#1769,#1770));
#1548 = ORIENTED_EDGE('',*,*,#1549,.F.);
#1549 = EDGE_CURVE('',#1550,#1552,#1554,.T.);
#1550 = VERTEX_POINT('',#1551);
#1551 = CARTESIAN_POINT('',(315.710474654,180.,-4.));
#1552 = VERTEX_POINT('',#1553);
#1553 = CARTESIAN_POINT('',(284.289525346,180.,-4.));
#1554 = SURFACE_CURVE('',#1555,(#1568,#1644),.PCURVE_S1.);
#1555 = B_SPLINE_CURVE_WITH_KNOTS('',11,(#1556,#1557,#1558,#1559,#1560,
    #1561,#1562,#1563,#1564,#1565,#1566,#1567),.UNSPECIFIED.,.F.,.F.,(12
    ,12),(0.,3.14159265359),.PIECEWISE_BEZIER_KNOTS.);
#1556 = CARTESIAN_POINT('',(315.710474654,180.,-4.));
#1557 = CARTESIAN_POINT('',(315.71047465398,184.48690106884,-4.));
#1558 = CARTESIAN_POINT('',(314.30087308156,188.97380178699,
    -4.000000000001));
#1559 = CARTESIAN_POINT('',(311.48167026792,192.96866179896,
    -3.999999999997));
#1560 = CARTESIAN_POINT('',(307.44608938945,195.97942092529,
    -4.000000000004));
#1561 = CARTESIAN_POINT('',(302.58058874727,197.60080720466,
    -3.999999999995));
#1562 = CARTESIAN_POINT('',(297.41941125271,197.60080720506,
    -4.000000000004));
#1563 = CARTESIAN_POINT('',(292.55391061056,195.97942092497,
    -3.999999999997));
#1564 = CARTESIAN_POINT('',(288.51832973205,192.96866179916,
    -4.000000000002));
#1565 = CARTESIAN_POINT('',(285.69912691844,188.97380178691,
    -3.999999999999));
#1566 = CARTESIAN_POINT('',(284.28952534601,184.48690106886,-4.));
#1567 = CARTESIAN_POINT('',(284.289525346,180.,-4.));
#1568 = PCURVE('',#373,#1569);
#1569 = DEFINITIONAL_REPRESENTATION('',(#1570),#1643);
#1570 = B_SPLINE_CURVE_WITH_KNOTS('',8,(#1571,#1572,#1573,#1574,#1575,
    #1576,#1577,#1578,#1579,#1580,#1581,#1582,#1583,#1584,#1585,#1586,
    #1587,#1588,#1589,#1590,#1591,#1592,#1593,#1594,#1595,#1596,#1597,
    #1598,#1599,#1600,#1601,#1602,#1603,#1604,#1605,#1606,#1607,#1608,
    #1609,#1610,#1611,#1612,#1613,#1614,#1615,#1616,#1617,#1618,#1619,
    #1620,#1621,#1622,#1623,#1624,#1625,#1626,#1627,#1628,#1629,#1630,
    #1631,#1632,#1633,#1634,#1635,#1636,#1637,#1638,#1639,#1640,#1641,
    #1642),.UNSPECIFIED.,.F.,.F.,(9,7,7,7,7,7,7,7,7,7,9),(0.,
    0.785398163397,1.374446785946,1.816233252857,1.981903177948,
    2.054383770176,2.088359047783,2.092473241555,2.094522302907,
    2.618057478248,3.14159265359),.UNSPECIFIED.);
#1571 = CARTESIAN_POINT('',(4.973659127427E-31,3.14159265359));
#1572 = CARTESIAN_POINT('',(0.118712885923,3.141592653622));
#1573 = CARTESIAN_POINT('',(0.229735770725,3.141592653427));
#1574 = CARTESIAN_POINT('',(0.334811886766,3.141592653735));
#1575 = CARTESIAN_POINT('',(0.435211478875,3.14159265229));
#1576 = CARTESIAN_POINT('',(0.531959283803,3.141592653836));
#1577 = CARTESIAN_POINT('',(0.625912641083,3.141592653483));
#1578 = CARTESIAN_POINT('',(0.717828487786,3.141592653615));
#1579 = CARTESIAN_POINT('',(0.876339722738,3.141592653591));
#1580 = CARTESIAN_POINT('',(0.943520508608,3.141592653601));
#1581 = CARTESIAN_POINT('',(1.010243895198,3.141592653591));
#1582 = CARTESIAN_POINT('',(1.076787227528,3.141592653587));
#1583 = CARTESIAN_POINT('',(1.143420990668,3.141592653589));
#1584 = CARTESIAN_POINT('',(1.210417663683,3.141592653588));
#1585 = CARTESIAN_POINT('',(1.278060841696,3.141592653593));
#1586 = CARTESIAN_POINT('',(1.398104185993,3.141592653592));
#1587 = CARTESIAN_POINT('',(1.450087405344,3.141592653596));
#1588 = CARTESIAN_POINT('',(1.502736019074,3.141592653597));
#1589 = CARTESIAN_POINT('',(1.556186580148,3.141592653579));
#1590 = CARTESIAN_POINT('',(1.6105857744,3.141592653576));
#1591 = CARTESIAN_POINT('',(1.66609367457,3.141592653599));
#1592 = CARTESIAN_POINT('',(1.722888130069,3.141592653592));
#1593 = CARTESIAN_POINT('',(1.803027182714,3.14159265359));
#1594 = CARTESIAN_POINT('',(1.8250926052,3.14159265359));
#1595 = CARTESIAN_POINT('',(1.847378000262,3.14159265359));
#1596 = CARTESIAN_POINT('',(1.869894490983,3.14159265359));
#1597 = CARTESIAN_POINT('',(1.892653725866,3.14159265359));
#1598 = CARTESIAN_POINT('',(1.915667937097,3.14159265359));
#1599 = CARTESIAN_POINT('',(1.938949998807,3.14159265359));
#1600 = CARTESIAN_POINT('',(1.972822510354,3.14159265359));
#1601 = CARTESIAN_POINT('',(1.983185404205,3.14159265359));
#1602 = CARTESIAN_POINT('',(1.99360330154,3.14159265359));
#1603 = CARTESIAN_POINT('',(2.004077365513,3.14159265359));
#1604 = CARTESIAN_POINT('',(2.014608787775,3.14159265359));
#1605 = CARTESIAN_POINT('',(2.025198788481,3.14159265359));
#1606 = CARTESIAN_POINT('',(2.035848616281,3.14159265359));
#1607 = CARTESIAN_POINT('',(2.051580298019,3.14159265359));
#1608 = CARTESIAN_POINT('',(2.056614474389,3.14159265359));
#1609 = CARTESIAN_POINT('',(2.061662209199,3.14159265359));
#1610 = CARTESIAN_POINT('',(2.066723635778,3.14159265359));
#1611 = CARTESIAN_POINT('',(2.071798889024,3.14159265359));
#1612 = CARTESIAN_POINT('',(2.0768881054,3.14159265359));
#1613 = CARTESIAN_POINT('',(2.081991422942,3.14159265359));
#1614 = CARTESIAN_POINT('',(2.087728684711,3.14159265359));
#1615 = CARTESIAN_POINT('',(2.088348597738,3.14159265359));
#1616 = CARTESIAN_POINT('',(2.088968720333,3.14159265359));
#1617 = CARTESIAN_POINT('',(2.089589052498,3.14159265359));
#1618 = CARTESIAN_POINT('',(2.09020959423,3.14159265359));
#1619 = CARTESIAN_POINT('',(2.090830345532,3.14159265359));
#1620 = CARTESIAN_POINT('',(2.091451306402,3.14159265359));
#1621 = CARTESIAN_POINT('',(2.092381846246,3.141592653587));
#1622 = CARTESIAN_POINT('',(2.092691288956,3.141592653611));
#1623 = CARTESIAN_POINT('',(2.093000723817,3.141592653578));
#1624 = CARTESIAN_POINT('',(2.093310292068,3.141592653587));
#1625 = CARTESIAN_POINT('',(2.093619885284,3.141592653602));
#1626 = CARTESIAN_POINT('',(2.093929451621,3.141592653578));
#1627 = CARTESIAN_POINT('',(2.094239210695,3.141592653597));
#1628 = CARTESIAN_POINT('',(2.173675407785,3.141592653602));
#1629 = CARTESIAN_POINT('',(2.249385715777,3.141592653555));
#1630 = CARTESIAN_POINT('',(2.322196018661,3.14159265363));
#1631 = CARTESIAN_POINT('',(2.392529262011,3.141592653579));
#1632 = CARTESIAN_POINT('',(2.460744686321,3.141592653538));
#1633 = CARTESIAN_POINT('',(2.527155369266,3.14159265363));
#1634 = CARTESIAN_POINT('',(2.5920391608,3.141592653585));
#1635 = CARTESIAN_POINT('',(2.719257632651,3.141592653586));
#1636 = CARTESIAN_POINT('',(2.781592295796,3.141592653621));
#1637 = CARTESIAN_POINT('',(2.842904622054,3.141592653565));
#1638 = CARTESIAN_POINT('',(2.903421098342,3.141592653586));
#1639 = CARTESIAN_POINT('',(2.963351288839,3.141592653612));
#1640 = CARTESIAN_POINT('',(3.022894185543,3.141592653566));
#1641 = CARTESIAN_POINT('',(3.082243417752,3.141592653602));
#1642 = CARTESIAN_POINT('',(3.14159265359,3.14159265359));
#1643 = ( GEOMETRIC_REPRESENTATION_CONTEXT(2) 
PARAMETRIC_REPRESENTATION_CONTEXT() REPRESENTATION_CONTEXT('2D SPACE',''
  ) );
#1644 = PCURVE('',#1645,#1660);
#1645 = ( BOUNDED_SURFACE() B_SPLINE_SURFACE(2,1,(
    (#1646,#1647)
    ,(#1648,#1649)
    ,(#1650,#1651)
    ,(#1652,#1653)
    ,(#1654,#1655)
    ,(#1656,#1657)
    ,(#1658,#1659
)),.UNSPECIFIED.,.T.,.F.,.F.) B_SPLINE_SURFACE_WITH_KNOTS((1,2,2,2,2,1),
  (2,2),(-2.094395102393,0.,2.094395102393,4.188790204786,6.28318530718,
    8.377580409573),(0.,5.31509718751),.UNSPECIFIED.) 
GEOMETRIC_REPRESENTATION_ITEM() RATIONAL_B_SPLINE_SURFACE((
    (1.,1.)
    ,(0.5,0.5)
    ,(1.,1.)
    ,(0.5,0.5)
    ,(1.,1.)
    ,(0.5,0.5)
,(1.,1.))) REPRESENTATION_ITEM('') SURFACE() );
#1646 = CARTESIAN_POINT('',(315.710474654,180.,-4.));
#1647 = CARTESIAN_POINT('',(315.710474654,180.,-9.31509718751));
#1648 = CARTESIAN_POINT('',(315.710474654,207.21134031175,-4.));
#1649 = CARTESIAN_POINT('',(315.710474654,207.21134031175,-9.31509718751
    ));
#1650 = CARTESIAN_POINT('',(292.144762673,193.60567015587,-4.));
#1651 = CARTESIAN_POINT('',(292.144762673,193.60567015587,-9.31509718751
    ));
#1652 = CARTESIAN_POINT('',(268.57905069199,180.,-4.));
#1653 = CARTESIAN_POINT('',(268.57905069199,180.,-9.31509718751));
#1654 = CARTESIAN_POINT('',(292.144762673,166.39432984412,-4.));
#1655 = CARTESIAN_POINT('',(292.144762673,166.39432984412,-9.31509718751
    ));
#1656 = CARTESIAN_POINT('',(315.710474654,152.78865968824,-4.));
#1657 = CARTESIAN_POINT('',(315.710474654,152.78865968824,-9.31509718751
    ));
#1658 = CARTESIAN_POINT('',(315.710474654,180.,-4.));
#1659 = CARTESIAN_POINT('',(315.710474654,180.,-9.31509718751));
#1660 = DEFINITIONAL_REPRESENTATION('',(#1661),#1714);
#1661 = B_SPLINE_CURVE_WITH_KNOTS('',8,(#1662,#1663,#1664,#1665,#1666,
    #1667,#1668,#1669,#1670,#1671,#1672,#1673,#1674,#1675,#1676,#1677,
    #1678,#1679,#1680,#1681,#1682,#1683,#1684,#1685,#1686,#1687,#1688,
    #1689,#1690,#1691,#1692,#1693,#1694,#1695,#1696,#1697,#1698,#1699,
    #1700,#1701,#1702,#1703,#1704,#1705,#1706,#1707,#1708,#1709,#1710,
    #1711,#1712,#1713),.UNSPECIFIED.,.F.,.F.,(9,7,7,7,7,7,8,9),(0.,
    0.785398163397,1.963495408494,2.037126486312,2.07164105404,
    2.088359047783,2.096587435328,3.14159265359),.UNSPECIFIED.);
#1662 = CARTESIAN_POINT('',(0.,0.));
#1663 = CARTESIAN_POINT('',(0.118712841095,-9.973472323366E-14));
#1664 = CARTESIAN_POINT('',(0.229736036604,1.587066626917E-14));
#1665 = CARTESIAN_POINT('',(0.334811226264,2.130071097525E-14));
#1666 = CARTESIAN_POINT('',(0.435212358025,9.183897501601E-15));
#1667 = CARTESIAN_POINT('',(0.531958622905,1.006156477808E-14));
#1668 = CARTESIAN_POINT('',(0.625912907284,-4.81340720819E-15));
#1669 = CARTESIAN_POINT('',(0.717828442873,-1.184991248876E-15));
#1670 = CARTESIAN_POINT('',(0.944273058318,-4.577188800942E-15));
#1671 = CARTESIAN_POINT('',(1.077129899093,1.187642202961E-14));
#1672 = CARTESIAN_POINT('',(1.209335503908,-2.240434206946E-14));
#1673 = CARTESIAN_POINT('',(1.342975392652,3.407503897681E-14));
#1674 = CARTESIAN_POINT('',(1.480169203145,-4.332245814818E-14));
#1675 = CARTESIAN_POINT('',(1.623382118464,3.011335664406E-14));
#1676 = CARTESIAN_POINT('',(1.77563363989,-1.144262048156E-14));
#1677 = CARTESIAN_POINT('',(1.952041389531,-8.344634650056E-16));
#1678 = CARTESIAN_POINT('',(1.962472110051,-1.733756308933E-15));
#1679 = CARTESIAN_POINT('',(1.972957801128,-1.732896702149E-15));
#1680 = CARTESIAN_POINT('',(1.983499691054,-1.193788461306E-15));
#1681 = CARTESIAN_POINT('',(1.994099008119,-4.783354030553E-16));
#1682 = CARTESIAN_POINT('',(2.004756980614,5.155865595087E-17));
#1683 = CARTESIAN_POINT('',(2.015474836829,3.398989906101E-17));
#1684 = CARTESIAN_POINT('',(2.031306473784,-2.61709277966E-16));
#1685 = CARTESIAN_POINT('',(2.0363725853,-7.043418900958E-17));
#1686 = CARTESIAN_POINT('',(2.041452277824,-1.813540734727E-16));
#1687 = CARTESIAN_POINT('',(2.046545689575,-4.56702781321E-16));
#1688 = CARTESIAN_POINT('',(2.051652958772,-7.5871416252E-16));
#1689 = CARTESIAN_POINT('',(2.056774223637,-9.496220670352E-16));
#1690 = CARTESIAN_POINT('',(2.061909622388,-8.916603448322E-16));
#1691 = CARTESIAN_POINT('',(2.069553666622,-9.098536988622E-17));
#1692 = CARTESIAN_POINT('',(2.072051389369,-7.337130877714E-17));
#1693 = CARTESIAN_POINT('',(2.07455247789,-2.758088626464E-16));
#1694 = CARTESIAN_POINT('',(2.077056948589,-5.798862315912E-16));
#1695 = CARTESIAN_POINT('',(2.079564817871,-8.671916157086E-16));
#1696 = CARTESIAN_POINT('',(2.08207610214,-1.019313215096E-15));
#1697 = CARTESIAN_POINT('',(2.084590817799,-9.178392298496E-16));
#1698 = CARTESIAN_POINT('',(2.088348416348,1.067047282335E-15));
#1699 = CARTESIAN_POINT('',(2.089588517527,-1.282559925007E-14));
#1700 = CARTESIAN_POINT('',(2.090829752952,2.619998358713E-14));
#1701 = CARTESIAN_POINT('',(2.092072404997,-2.742433030328E-14));
#1702 = CARTESIAN_POINT('',(2.093312244008,1.42047079885E-14));
#1703 = CARTESIAN_POINT('',(2.094560493224,-8.701666574043E-15));
#1704 = CARTESIAN_POINT('',(2.095802073177,1.837276861997E-15));
#1705 = CARTESIAN_POINT('',(2.097044394746,-4.438956918195E-16));
#1706 = CARTESIAN_POINT('',(2.254797288729,3.211395527398E-15));
#1707 = CARTESIAN_POINT('',(2.398988199728,-1.94016702107E-14));
#1708 = CARTESIAN_POINT('',(2.533705836851,5.521550262974E-14));
#1709 = CARTESIAN_POINT('',(2.66157261449,-7.000188748987E-14));
#1710 = CARTESIAN_POINT('',(2.784660436247,7.484862777447E-14));
#1711 = CARTESIAN_POINT('',(2.904663669725,-1.031003887298E-13));
#1712 = CARTESIAN_POINT('',(3.02312832411,9.230790521851E-14));
#1713 = CARTESIAN_POINT('',(3.14159265359,1.33226762955E-15));
#1714 = ( GEOMETRIC_REPRESENTATION_CONTEXT(2) 
PARAMETRIC_REPRESENTATION_CONTEXT() REPRESENTATION_CONTEXT('2D SPACE',''
  ) );
#1715 = ORIENTED_EDGE('',*,*,#1716,.F.);
#1716 = EDGE_CURVE('',#350,#1550,#1717,.T.);
#1717 = SEAM_CURVE('',#1718,(#1728,#1748),.PCURVE_S1.);
#1718 = B_SPLINE_CURVE_WITH_KNOTS('',8,(#1719,#1720,#1721,#1722,#1723,
    #1724,#1725,#1726,#1727),.UNSPECIFIED.,.F.,.F.,(9,9),(0.,
    1.570796326795),.PIECEWISE_BEZIER_KNOTS.);
#1719 = CARTESIAN_POINT('',(321.710474654,180.,2.));
#1720 = CARTESIAN_POINT('',(320.5323774089,180.,2.));
#1721 = CARTESIAN_POINT('',(319.35427979297,179.99999999999,
    1.735635266233));
#1722 = CARTESIAN_POINT('',(318.24539524799,180.,1.206908395229));
#1723 = CARTESIAN_POINT('',(317.27492211931,179.99999999999,
    0.435552534679));
#1724 = CARTESIAN_POINT('',(316.50356625878,180.,-0.53492059399));
#1725 = CARTESIAN_POINT('',(315.97483938776,179.99999999999,
    -1.643805138975));
#1726 = CARTESIAN_POINT('',(315.710474654,180.,-2.821902754904));
#1727 = CARTESIAN_POINT('',(315.710474654,180.,-4.));
#1728 = PCURVE('',#373,#1729);
#1729 = DEFINITIONAL_REPRESENTATION('',(#1730),#1747);
#1730 = B_SPLINE_CURVE_WITH_KNOTS('',8,(#1731,#1732,#1733,#1734,#1735,
    #1736,#1737,#1738,#1739,#1740,#1741,#1742,#1743,#1744,#1745,#1746),
  .UNSPECIFIED.,.F.,.F.,(9,7,9),(0.,0.785398163397,1.570796326795),
  .UNSPECIFIED.);
#1731 = CARTESIAN_POINT('',(0.,1.570796326795));
#1732 = CARTESIAN_POINT('',(9.844918781315E-16,1.679841077973));
#1733 = CARTESIAN_POINT('',(8.896883124289E-15,1.783818049439));
#1734 = CARTESIAN_POINT('',(-2.135845187194E-14,1.883939988142));
#1735 = CARTESIAN_POINT('',(2.001712935784E-14,1.981158305118));
#1736 = CARTESIAN_POINT('',(-5.325544512727E-15,2.076284490831));
#1737 = CARTESIAN_POINT('',(-4.705670303349E-16,2.170043443445));
#1738 = CARTESIAN_POINT('',(3.096308525779E-16,2.263118975261));
#1739 = CARTESIAN_POINT('',(-1.234996066903E-15,2.449270005132));
#1740 = CARTESIAN_POINT('',(7.626873369033E-15,2.542345536821));
#1741 = CARTESIAN_POINT('',(-1.96763789899E-14,2.636104489513));
#1742 = CARTESIAN_POINT('',(2.33819152049E-14,2.731230674035));
#1743 = CARTESIAN_POINT('',(9.797740506047E-15,2.828448992361));
#1744 = CARTESIAN_POINT('',(-2.058571307154E-14,2.928570930878));
#1745 = CARTESIAN_POINT('',(1.66362945823E-14,3.032547902416));
#1746 = CARTESIAN_POINT('',(0.,3.14159265359));
#1747 = ( GEOMETRIC_REPRESENTATION_CONTEXT(2) 
PARAMETRIC_REPRESENTATION_CONTEXT() REPRESENTATION_CONTEXT('2D SPACE',''
  ) );
#1748 = PCURVE('',#373,#1749);
#1749 = DEFINITIONAL_REPRESENTATION('',(#1750),#1767);
#1750 = B_SPLINE_CURVE_WITH_KNOTS('',8,(#1751,#1752,#1753,#1754,#1755,
    #1756,#1757,#1758,#1759,#1760,#1761,#1762,#1763,#1764,#1765,#1766),
  .UNSPECIFIED.,.F.,.F.,(9,7,9),(0.,0.785398163397,1.570796326795),
  .UNSPECIFIED.);
#1751 = CARTESIAN_POINT('',(6.28318530718,1.570796326795));
#1752 = CARTESIAN_POINT('',(6.28318530718,1.679841077973));
#1753 = CARTESIAN_POINT('',(6.28318530718,1.783818049439));
#1754 = CARTESIAN_POINT('',(6.28318530718,1.883939988142));
#1755 = CARTESIAN_POINT('',(6.28318530718,1.981158305118));
#1756 = CARTESIAN_POINT('',(6.28318530718,2.076284490831));
#1757 = CARTESIAN_POINT('',(6.28318530718,2.170043443445));
#1758 = CARTESIAN_POINT('',(6.28318530718,2.263118975261));
#1759 = CARTESIAN_POINT('',(6.28318530718,2.449270005132));
#1760 = CARTESIAN_POINT('',(6.28318530718,2.542345536821));
#1761 = CARTESIAN_POINT('',(6.28318530718,2.636104489513));
#1762 = CARTESIAN_POINT('',(6.28318530718,2.731230674035));
#1763 = CARTESIAN_POINT('',(6.28318530718,2.828448992361));
#1764 = CARTESIAN_POINT('',(6.28318530718,2.928570930878));
#1765 = CARTESIAN_POINT('',(6.28318530718,3.032547902416));
#1766 = CARTESIAN_POINT('',(6.28318530718,3.14159265359));
#1767 = ( GEOMETRIC_REPRESENTATION_CONTEXT(2) 
PARAMETRIC_REPRESENTATION_CONTEXT() REPRESENTATION_CONTEXT('2D SPACE',''
  ) );
#1768 = ORIENTED_EDGE('',*,*,#349,.F.);
#1769 = ORIENTED_EDGE('',*,*,#1716,.T.);
#1770 = ORIENTED_EDGE('',*,*,#1771,.F.);
#1771 = EDGE_CURVE('',#1552,#1550,#1772,.T.);
#1772 = SURFACE_CURVE('',#1773,(#1786,#1869),.PCURVE_S1.);
#1773 = B_SPLINE_CURVE_WITH_KNOTS('',11,(#1774,#1775,#1776,#1777,#1778,
    #1779,#1780,#1781,#1782,#1783,#1784,#1785),.UNSPECIFIED.,.F.,.F.,(12
    ,12),(3.14159265359,6.28318530718),.PIECEWISE_BEZIER_KNOTS.);
#1774 = CARTESIAN_POINT('',(284.28952534599,180.,-4.));
#1775 = CARTESIAN_POINT('',(284.289525346,175.51309893114,-4.));
#1776 = CARTESIAN_POINT('',(285.69912691848,171.02619821306,-4.));
#1777 = CARTESIAN_POINT('',(288.51832973194,167.03133820088,
    -3.999999999999));
#1778 = CARTESIAN_POINT('',(292.55391061075,164.02057907495,
    -4.000000000002));
#1779 = CARTESIAN_POINT('',(297.41941125244,162.399192795,
    -3.999999999997));
#1780 = CARTESIAN_POINT('',(302.58058874755,162.39919279528,
    -4.000000000003));
#1781 = CARTESIAN_POINT('',(307.44608938922,164.02057907474,
    -3.999999999997));
#1782 = CARTESIAN_POINT('',(311.48167026807,167.031338201,
    -4.000000000002));
#1783 = CARTESIAN_POINT('',(314.3008730815,171.02619821301,
    -3.999999999999));
#1784 = CARTESIAN_POINT('',(315.710474654,175.51309893115,-4.));
#1785 = CARTESIAN_POINT('',(315.710474654,180.,-4.));
#1786 = PCURVE('',#373,#1787);
#1787 = DEFINITIONAL_REPRESENTATION('',(#1788),#1868);
#1788 = B_SPLINE_CURVE_WITH_KNOTS('',8,(#1789,#1790,#1791,#1792,#1793,
    #1794,#1795,#1796,#1797,#1798,#1799,#1800,#1801,#1802,#1803,#1804,
    #1805,#1806,#1807,#1808,#1809,#1810,#1811,#1812,#1813,#1814,#1815,
    #1816,#1817,#1818,#1819,#1820,#1821,#1822,#1823,#1824,#1825,#1826,
    #1827,#1828,#1829,#1830,#1831,#1832,#1833,#1834,#1835,#1836,#1837,
    #1838,#1839,#1840,#1841,#1842,#1843,#1844,#1845,#1846,#1847,#1848,
    #1849,#1850,#1851,#1852,#1853,#1854,#1855,#1856,#1857,#1858,#1859,
    #1860,#1861,#1862,#1863,#1864,#1865,#1866,#1867),.UNSPECIFIED.,.F.,
  .F.,(9,7,7,7,7,7,7,7,7,7,7,9),(3.14159265359,3.926990816987,
    4.074252972624,4.143282108079,4.176718095565,4.18494648311,
    4.186995544462,4.189042604777,4.712578280378,5.497881793779,
    5.890533550479,6.28318530718),.UNSPECIFIED.);
#1789 = CARTESIAN_POINT('',(3.14159265359,3.14159265359));
#1790 = CARTESIAN_POINT('',(3.230627320061,3.141592653602));
#1791 = CARTESIAN_POINT('',(3.319662000249,3.141592653476));
#1792 = CARTESIAN_POINT('',(3.409350433169,3.141592653443));
#1793 = CARTESIAN_POINT('',(3.500346729151,3.141592652749));
#1794 = CARTESIAN_POINT('',(3.593344328095,3.141592653761));
#1795 = CARTESIAN_POINT('',(3.689119529072,3.141592653526));
#1796 = CARTESIAN_POINT('',(3.788582349131,3.141592653599));
#1797 = CARTESIAN_POINT('',(3.912451187675,3.14159265359));
#1798 = CARTESIAN_POINT('',(3.932179854942,3.14159265359));
#1799 = CARTESIAN_POINT('',(3.952086602764,3.14159265359));
#1800 = CARTESIAN_POINT('',(3.97217938743,3.14159265359));
#1801 = CARTESIAN_POINT('',(3.992466502896,3.14159265359));
#1802 = CARTESIAN_POINT('',(4.012956613677,3.14159265359));
#1803 = CARTESIAN_POINT('',(4.03365878774,3.14159265359));
#1804 = CARTESIAN_POINT('',(4.064390532977,3.14159265359));
#1805 = CARTESIAN_POINT('',(4.074247222558,3.14159265359));
#1806 = CARTESIAN_POINT('',(4.084153575363,3.14159265359));
#1807 = CARTESIAN_POINT('',(4.09411059184,3.14159265359));
#1808 = CARTESIAN_POINT('',(4.104119295667,3.14159265359));
#1809 = CARTESIAN_POINT('',(4.114180733752,3.14159265359));
#1810 = CARTESIAN_POINT('',(4.124295976231,3.14159265359));
#1811 = CARTESIAN_POINT('',(4.139392278385,3.14159265359));
#1812 = CARTESIAN_POINT('',(4.144331320742,3.14159265359));
#1813 = CARTESIAN_POINT('',(4.149283367981,3.14159265359));
#1814 = CARTESIAN_POINT('',(4.154248545988,3.14159265359));
#1815 = CARTESIAN_POINT('',(4.159226982101,3.14159265359));
#1816 = CARTESIAN_POINT('',(4.164218805106,3.14159265359));
#1817 = CARTESIAN_POINT('',(4.169224145242,3.14159265359));
#1818 = CARTESIAN_POINT('',(4.175478276024,3.14159265359));
#1819 = CARTESIAN_POINT('',(4.176714244438,3.14159265359));
#1820 = CARTESIAN_POINT('',(4.177951041418,3.14159265359));
#1821 = CARTESIAN_POINT('',(4.17918866894,3.14159265359));
#1822 = CARTESIAN_POINT('',(4.180427128982,3.14159265359));
#1823 = CARTESIAN_POINT('',(4.181666423522,3.14159265359));
#1824 = CARTESIAN_POINT('',(4.182906554537,3.14159265359));
#1825 = CARTESIAN_POINT('',(4.184456554383,3.14159265359));
#1826 = CARTESIAN_POINT('',(4.184765636848,3.14159265359));
#1827 = CARTESIAN_POINT('',(4.185074771402,3.14159265359));
#1828 = CARTESIAN_POINT('',(4.185383958044,3.14159265359));
#1829 = CARTESIAN_POINT('',(4.185693196774,3.14159265359));
#1830 = CARTESIAN_POINT('',(4.186002487592,3.14159265359));
#1831 = CARTESIAN_POINT('',(4.186311830498,3.14159265359));
#1832 = CARTESIAN_POINT('',(4.186930316262,3.141592653645));
#1833 = CARTESIAN_POINT('',(4.187239477525,3.14159265325));
#1834 = CARTESIAN_POINT('',(4.187548623505,3.141592653893));
#1835 = CARTESIAN_POINT('',(4.187857956174,3.141592652072));
#1836 = CARTESIAN_POINT('',(4.188167193283,3.141592654209));
#1837 = CARTESIAN_POINT('',(4.188476533849,3.141592653301));
#1838 = CARTESIAN_POINT('',(4.188786026175,3.141592653641));
#1839 = CARTESIAN_POINT('',(4.268216242443,3.141592653592));
#1840 = CARTESIAN_POINT('',(4.343921641967,3.141592653596));
#1841 = CARTESIAN_POINT('',(4.4167276602,3.141592653597));
#1842 = CARTESIAN_POINT('',(4.487057160957,3.141592653579));
#1843 = CARTESIAN_POINT('',(4.555269322128,3.141592653576));
#1844 = CARTESIAN_POINT('',(4.621677172125,3.141592653599));
#1845 = CARTESIAN_POINT('',(4.686558521827,3.141592653592));
#1846 = CARTESIAN_POINT('',(4.845576403998,3.141592653592));
#1847 = CARTESIAN_POINT('',(4.938120192604,3.141592653607));
#1848 = CARTESIAN_POINT('',(5.028648073285,3.141592653585));
#1849 = CARTESIAN_POINT('',(5.117881276039,3.141592653579));
#1850 = CARTESIAN_POINT('',(5.206476978576,3.141592653589));
#1851 = CARTESIAN_POINT('',(5.295068332042,3.141592653589));
#1852 = CARTESIAN_POINT('',(5.384298231745,3.141592653595));
#1853 = CARTESIAN_POINT('',(5.520150328914,3.14159265359));
#1854 = CARTESIAN_POINT('',(5.565768906285,3.14159265359));
#1855 = CARTESIAN_POINT('',(5.611809432918,3.141592653589));
#1856 = CARTESIAN_POINT('',(5.658362928204,3.141592653589));
#1857 = CARTESIAN_POINT('',(5.705525318815,3.14159265359));
#1858 = CARTESIAN_POINT('',(5.753399146879,3.14159265359));
#1859 = CARTESIAN_POINT('',(5.80209569663,3.14159265359));
#1860 = CARTESIAN_POINT('',(5.901379384905,3.141592653587));
#1861 = CARTESIAN_POINT('',(5.951966533849,3.141592653602));
#1862 = CARTESIAN_POINT('',(6.003621613316,3.141592653572));
#1863 = CARTESIAN_POINT('',(6.056478608824,3.141592653584));
#1864 = CARTESIAN_POINT('',(6.110685721916,3.141592653597));
#1865 = CARTESIAN_POINT('',(6.166408770102,3.141592653571));
#1866 = CARTESIAN_POINT('',(6.223836015346,3.141592653597));
#1867 = CARTESIAN_POINT('',(6.28318530718,3.14159265359));
#1868 = ( GEOMETRIC_REPRESENTATION_CONTEXT(2) 
PARAMETRIC_REPRESENTATION_CONTEXT() REPRESENTATION_CONTEXT('2D SPACE',''
  ) );
#1869 = PCURVE('',#1645,#1870);
#1870 = DEFINITIONAL_REPRESENTATION('',(#1871),#1932);
#1871 = B_SPLINE_CURVE_WITH_KNOTS('',8,(#1872,#1873,#1874,#1875,#1876,
    #1877,#1878,#1879,#1880,#1881,#1882,#1883,#1884,#1885,#1886,#1887,
    #1888,#1889,#1890,#1891,#1892,#1893,#1894,#1895,#1896,#1897,#1898,
    #1899,#1900,#1901,#1902,#1903,#1904,#1905,#1906,#1907,#1908,#1909,
    #1910,#1911,#1912,#1913,#1914,#1915,#1916,#1917,#1918,#1919,#1920,
    #1921,#1922,#1923,#1924,#1925,#1926,#1927,#1928,#1929,#1930,#1931),
  .UNSPECIFIED.,.F.,.F.,(9,7,7,7,7,7,8,8,9),(3.14159265359,
    3.926990816987,4.074252972624,4.143282108079,4.176718095565,
    4.18494648311,4.189044605814,5.236114956497,6.28318530718),
  .UNSPECIFIED.);
#1872 = CARTESIAN_POINT('',(3.14159265359,-2.6645352591E-15));
#1873 = CARTESIAN_POINT('',(3.230627336568,-2.048878972477E-14));
#1874 = CARTESIAN_POINT('',(3.319661902489,1.941807564591E-14));
#1875 = CARTESIAN_POINT('',(3.409350676166,-2.954237626518E-15));
#1876 = CARTESIAN_POINT('',(3.50034640709,-1.072980990812E-15));
#1877 = CARTESIAN_POINT('',(3.593344570809,1.014742353549E-14));
#1878 = CARTESIAN_POINT('',(3.689119431392,-7.739819698003E-15));
#1879 = CARTESIAN_POINT('',(3.788582365601,1.234271162799E-15));
#1880 = CARTESIAN_POINT('',(3.912451170822,2.751043376057E-15));
#1881 = CARTESIAN_POINT('',(3.93217986858,2.424232118799E-15));
#1882 = CARTESIAN_POINT('',(3.952086623627,1.021583753616E-15));
#1883 = CARTESIAN_POINT('',(3.972179387435,9.7043446152E-17));
#1884 = CARTESIAN_POINT('',(3.992466482039,3.207844837544E-16));
#1885 = CARTESIAN_POINT('',(4.012956600036,1.479208275481E-15));
#1886 = CARTESIAN_POINT('',(4.033658804584,2.474944352097E-15));
#1887 = CARTESIAN_POINT('',(4.064390574307,2.204036515388E-15));
#1888 = CARTESIAN_POINT('',(4.074247235329,2.326964972969E-15));
#1889 = CARTESIAN_POINT('',(4.084153547766,1.947580382822E-15));
#1890 = CARTESIAN_POINT('',(4.094110546911,1.31782738895E-15));
#1891 = CARTESIAN_POINT('',(4.104119268061,6.896506353581E-16));
#1892 = CARTESIAN_POINT('',(4.114180746508,3.149947660494E-16));
#1893 = CARTESIAN_POINT('',(4.124296017548,4.458044250282E-16));
#1894 = CARTESIAN_POINT('',(4.139392280965,1.689487009071E-16));
#1895 = CARTESIAN_POINT('',(4.144331321539,-1.462381862889E-16));
#1896 = CARTESIAN_POINT('',(4.149283366258,1.140666783104E-16));
#1897 = CARTESIAN_POINT('',(4.154248543183,6.754663783051E-16));
#1898 = CARTESIAN_POINT('',(4.159226980377,1.263563997295E-15));
#1899 = CARTESIAN_POINT('',(4.164218805903,1.603962618881E-15));
#1900 = CARTESIAN_POINT('',(4.169224147822,1.422265326664E-15));
#1901 = CARTESIAN_POINT('',(4.175478269102,5.655637425158E-16));
#1902 = CARTESIAN_POINT('',(4.176714236528,6.682201754274E-16));
#1903 = CARTESIAN_POINT('',(4.177951036474,7.520445029767E-16));
#1904 = CARTESIAN_POINT('',(4.179188668939,8.170367251638E-16));
#1905 = CARTESIAN_POINT('',(4.180427133926,8.631968419885E-16));
#1906 = CARTESIAN_POINT('',(4.181666431432,8.905248534509E-16));
#1907 = CARTESIAN_POINT('',(4.182906561458,8.990207595511E-16));
#1908 = CARTESIAN_POINT('',(4.184765594858,8.288363708819E-16));
#1909 = CARTESIAN_POINT('',(4.18538386975,7.226278691461E-16));
#1910 = CARTESIAN_POINT('',(4.18600234868,5.700590550813E-16));
#1911 = CARTESIAN_POINT('',(4.186621031649,3.711299286878E-16));
#1912 = CARTESIAN_POINT('',(4.187239918658,1.258404899653E-16));
#1913 = CARTESIAN_POINT('',(4.187859009705,-1.65809261086E-16));
#1914 = CARTESIAN_POINT('',(4.188478304791,-5.038193244661E-16));
#1915 = CARTESIAN_POINT('',(4.189097803915,-8.881897001752E-16));
#1916 = CARTESIAN_POINT('',(4.347339149398,3.955766934281E-15));
#1917 = CARTESIAN_POINT('',(4.491919083646,-1.843285871444E-14));
#1918 = CARTESIAN_POINT('',(4.626964386531,2.082477505983E-14));
#1919 = CARTESIAN_POINT('',(4.755116852662,-1.546799913995E-14));
#1920 = CARTESIAN_POINT('',(4.878462836047,1.196319699857E-14));
#1921 = CARTESIAN_POINT('',(4.998707031913,-7.088572682214E-15));
#1922 = CARTESIAN_POINT('',(5.117404676121,2.046442305085E-16));
#1923 = CARTESIAN_POINT('',(5.236103114012,-2.220446038624E-15));
#1924 = CARTESIAN_POINT('',(5.354801551896,5.829751048092E-15));
#1925 = CARTESIAN_POINT('',(5.473501455392,-2.501309505568E-14));
#1926 = CARTESIAN_POINT('',(5.593750166093,4.765230886904E-14));
#1927 = CARTESIAN_POINT('',(5.717103095293,-4.271695716373E-14));
#1928 = CARTESIAN_POINT('',(5.845265239907,2.958367376071E-14));
#1929 = CARTESIAN_POINT('',(5.980323571757,-8.578082601924E-14));
#1930 = CARTESIAN_POINT('',(6.124920721518,9.747602410327E-14));
#1931 = CARTESIAN_POINT('',(6.28318530718,-8.881784197001E-16));
#1932 = ( GEOMETRIC_REPRESENTATION_CONTEXT(2) 
PARAMETRIC_REPRESENTATION_CONTEXT() REPRESENTATION_CONTEXT('2D SPACE',''
  ) );
#1933 = ADVANCED_FACE('',(#1934),#424,.F.);
#1934 = FACE_BOUND('',#1935,.F.);
#1935 = EDGE_LOOP('',(#1936,#1969,#1995,#2026));
#1936 = ORIENTED_EDGE('',*,*,#1937,.T.);
#1937 = EDGE_CURVE('',#409,#1938,#1940,.T.);
#1938 = VERTEX_POINT('',#1939);
#1939 = CARTESIAN_POINT('',(45.678892903547,68.374286997041,
    2.292893218813));
#1940 = SURFACE_CURVE('',#1941,(#1945,#1957),.PCURVE_S1.);
#1941 = ( BOUNDED_CURVE() B_SPLINE_CURVE(2,(#1942,#1943,#1944),
.UNSPECIFIED.,.F.,.F.) B_SPLINE_CURVE_WITH_KNOTS((3,3),(4.712388980385,
5.497787143782),.PIECEWISE_BEZIER_KNOTS.) CURVE() 
GEOMETRIC_REPRESENTATION_ITEM() RATIONAL_B_SPLINE_CURVE((1.,
0.923879532511,1.)) REPRESENTATION_ITEM('') );
#1942 = CARTESIAN_POINT('',(46.385999684733,69.081393778228,2.));
#1943 = CARTESIAN_POINT('',(45.97178612236,68.667180215855,2.));
#1944 = CARTESIAN_POINT('',(45.678892903547,68.374286997041,
    2.292893218813));
#1945 = PCURVE('',#424,#1946);
#1946 = DEFINITIONAL_REPRESENTATION('',(#1947),#1956);
#1947 = B_SPLINE_CURVE_WITH_KNOTS('',7,(#1948,#1949,#1950,#1951,#1952,
    #1953,#1954,#1955),.UNSPECIFIED.,.F.,.F.,(8,8),(4.712388980385,
    5.497787143782),.PIECEWISE_BEZIER_KNOTS.);
#1948 = CARTESIAN_POINT('',(0.,-1.));
#1949 = CARTESIAN_POINT('',(0.11219973763,-0.890661772322));
#1950 = CARTESIAN_POINT('',(0.224399475251,-0.778550099503));
#1951 = CARTESIAN_POINT('',(0.336599212892,-0.666737019446));
#1952 = CARTESIAN_POINT('',(0.448798950502,-0.559026714468));
#1953 = CARTESIAN_POINT('',(0.560998688146,-0.459346067055));
#1954 = CARTESIAN_POINT('',(0.673198425769,-0.37020676154));
#1955 = CARTESIAN_POINT('',(0.785398163397,-0.292893218813));
#1956 = ( GEOMETRIC_REPRESENTATION_CONTEXT(2) 
PARAMETRIC_REPRESENTATION_CONTEXT() REPRESENTATION_CONTEXT('2D SPACE',''
  ) );
#1957 = PCURVE('',#452,#1958);
#1958 = DEFINITIONAL_REPRESENTATION('',(#1959),#1968);
#1959 = B_SPLINE_CURVE_WITH_KNOTS('',7,(#1960,#1961,#1962,#1963,#1964,
    #1965,#1966,#1967),.UNSPECIFIED.,.F.,.F.,(8,8),(4.712388980385,
    5.497787143782),.PIECEWISE_BEZIER_KNOTS.);
#1960 = CARTESIAN_POINT('',(0.,-0.414213562373));
#1961 = CARTESIAN_POINT('',(0.121444120879,-0.304875334697));
#1962 = CARTESIAN_POINT('',(0.239552892359,-0.192763661863));
#1963 = CARTESIAN_POINT('',(0.354491198255,-8.095058184066E-02));
#1964 = CARTESIAN_POINT('',(0.466410338305,2.675972318111E-02));
#1965 = CARTESIAN_POINT('',(0.575449889585,0.126440370561));
#1966 = CARTESIAN_POINT('',(0.681739122244,0.215579676089));
#1967 = CARTESIAN_POINT('',(0.785398163397,0.292893218813));
#1968 = ( GEOMETRIC_REPRESENTATION_CONTEXT(2) 
PARAMETRIC_REPRESENTATION_CONTEXT() REPRESENTATION_CONTEXT('2D SPACE',''
  ) );
#1969 = ORIENTED_EDGE('',*,*,#1970,.T.);
#1970 = EDGE_CURVE('',#1938,#1971,#1973,.T.);
#1971 = VERTEX_POINT('',#1972);
#1972 = CARTESIAN_POINT('',(41.09310646592,68.374286997041,
    2.292893218813));
#1973 = SURFACE_CURVE('',#1974,(#1977,#1984),.PCURVE_S1.);
#1974 = B_SPLINE_CURVE_WITH_KNOTS('',1,(#1975,#1976),.UNSPECIFIED.,.F.,
  .F.,(2,2),(-0.292893218813,4.292893218813),.PIECEWISE_BEZIER_KNOTS.);
#1975 = CARTESIAN_POINT('',(45.678892903547,68.374286997041,
    2.292893218813));
#1976 = CARTESIAN_POINT('',(41.09310646592,68.374286997041,
    2.292893218813));
#1977 = PCURVE('',#424,#1978);
#1978 = DEFINITIONAL_REPRESENTATION('',(#1979),#1983);
#1979 = B_SPLINE_CURVE_WITH_KNOTS('',2,(#1980,#1981,#1982),
  .UNSPECIFIED.,.F.,.F.,(3,3),(-0.292893218813,4.292893218813),
  .PIECEWISE_BEZIER_KNOTS.);
#1980 = CARTESIAN_POINT('',(0.785398163397,-0.292893218813));
#1981 = CARTESIAN_POINT('',(0.785398163397,2.));
#1982 = CARTESIAN_POINT('',(0.785398163397,4.292893218813));
#1983 = ( GEOMETRIC_REPRESENTATION_CONTEXT(2) 
PARAMETRIC_REPRESENTATION_CONTEXT() REPRESENTATION_CONTEXT('2D SPACE',''
  ) );
#1984 = PCURVE('',#1985,#1990);
#1985 = B_SPLINE_SURFACE_WITH_KNOTS('',1,1,(
    (#1986,#1987)
    ,(#1988,#1989
    )),.UNSPECIFIED.,.F.,.F.,.F.,(2,2),(2,2),(-4.300194779651,
    4.30019477965),(-2.292893218813,2.292893218813),
  .PIECEWISE_BEZIER_KNOTS.);
#1986 = CARTESIAN_POINT('',(41.09310646592,68.374286997041,
    2.292893218813));
#1987 = CARTESIAN_POINT('',(45.678892903547,68.374286997041,
    2.292893218813));
#1988 = CARTESIAN_POINT('',(41.09310646592,62.292893218813,
    8.374286997041));
#1989 = CARTESIAN_POINT('',(45.678892903547,62.292893218813,
    8.374286997041));
#1990 = DEFINITIONAL_REPRESENTATION('',(#1991),#1994);
#1991 = B_SPLINE_CURVE_WITH_KNOTS('',1,(#1992,#1993),.UNSPECIFIED.,.F.,
  .F.,(2,2),(-0.292893218813,4.292893218813),.PIECEWISE_BEZIER_KNOTS.);
#1992 = CARTESIAN_POINT('',(-4.300194779651,2.292893218813));
#1993 = CARTESIAN_POINT('',(-4.300194779651,-2.292893218813));
#1994 = ( GEOMETRIC_REPRESENTATION_CONTEXT(2) 
PARAMETRIC_REPRESENTATION_CONTEXT() REPRESENTATION_CONTEXT('2D SPACE',''
  ) );
#1995 = ORIENTED_EDGE('',*,*,#1996,.F.);
#1996 = EDGE_CURVE('',#411,#1971,#1997,.T.);
#1997 = SURFACE_CURVE('',#1998,(#2002,#2014),.PCURVE_S1.);
#1998 = ( BOUNDED_CURVE() B_SPLINE_CURVE(2,(#1999,#2000,#2001),
.UNSPECIFIED.,.F.,.F.) B_SPLINE_CURVE_WITH_KNOTS((3,3),(1.570796326795,
2.356194490192),.PIECEWISE_BEZIER_KNOTS.) CURVE() 
GEOMETRIC_REPRESENTATION_ITEM() RATIONAL_B_SPLINE_CURVE((1.,
0.923879532511,1.)) REPRESENTATION_ITEM('') );
#1999 = CARTESIAN_POINT('',(40.385999684733,69.081393778228,2.));
#2000 = CARTESIAN_POINT('',(40.800213247107,68.667180215855,2.));
#2001 = CARTESIAN_POINT('',(41.09310646592,68.374286997041,
    2.292893218813));
#2002 = PCURVE('',#424,#2003);
#2003 = DEFINITIONAL_REPRESENTATION('',(#2004),#2013);
#2004 = B_SPLINE_CURVE_WITH_KNOTS('',7,(#2005,#2006,#2007,#2008,#2009,
    #2010,#2011,#2012),.UNSPECIFIED.,.F.,.F.,(8,8),(1.570796326795,
    2.356194490192),.PIECEWISE_BEZIER_KNOTS.);
#2005 = CARTESIAN_POINT('',(3.575065210459E-15,5.));
#2006 = CARTESIAN_POINT('',(0.112199737629,4.890661772334));
#2007 = CARTESIAN_POINT('',(0.224399475254,4.778550099472));
#2008 = CARTESIAN_POINT('',(0.336599212892,4.666737019506));
#2009 = CARTESIAN_POINT('',(0.448798950508,4.559026714399));
#2010 = CARTESIAN_POINT('',(0.560998688144,4.459346067085));
#2011 = CARTESIAN_POINT('',(0.673198425769,4.370206761541));
#2012 = CARTESIAN_POINT('',(0.785398163397,4.292893218813));
#2013 = ( GEOMETRIC_REPRESENTATION_CONTEXT(2) 
PARAMETRIC_REPRESENTATION_CONTEXT() REPRESENTATION_CONTEXT('2D SPACE',''
  ) );
#2014 = PCURVE('',#506,#2015);
#2015 = DEFINITIONAL_REPRESENTATION('',(#2016),#2025);
#2016 = B_SPLINE_CURVE_WITH_KNOTS('',7,(#2017,#2018,#2019,#2020,#2021,
    #2022,#2023,#2024),.UNSPECIFIED.,.F.,.F.,(8,8),(1.570796326795,
    2.356194490192),.PIECEWISE_BEZIER_KNOTS.);
#2017 = CARTESIAN_POINT('',(-1.237575923094E-14,-0.414213562373));
#2018 = CARTESIAN_POINT('',(0.121444120879,-0.304875334697));
#2019 = CARTESIAN_POINT('',(0.239552892362,-0.192763661862));
#2020 = CARTESIAN_POINT('',(0.35449119825,-8.095058184255E-02));
#2021 = CARTESIAN_POINT('',(0.46641033831,2.675972318261E-02));
#2022 = CARTESIAN_POINT('',(0.575449889579,0.12644037056));
#2023 = CARTESIAN_POINT('',(0.681739122245,0.21557967609));
#2024 = CARTESIAN_POINT('',(0.785398163397,0.292893218813));
#2025 = ( GEOMETRIC_REPRESENTATION_CONTEXT(2) 
PARAMETRIC_REPRESENTATION_CONTEXT() REPRESENTATION_CONTEXT('2D SPACE',''
  ) );
#2026 = ORIENTED_EDGE('',*,*,#408,.F.);
#2027 = ADVANCED_FACE('',(#2028),#452,.T.);
#2028 = FACE_BOUND('',#2029,.T.);
#2029 = EDGE_LOOP('',(#2030,#2031,#2059,#2085,#2131));
#2030 = ORIENTED_EDGE('',*,*,#1937,.T.);
#2031 = ORIENTED_EDGE('',*,*,#2032,.T.);
#2032 = EDGE_CURVE('',#1938,#2033,#2035,.T.);
#2033 = VERTEX_POINT('',#2034);
#2034 = CARTESIAN_POINT('',(45.385999684733,67.667180215855,3.));
#2035 = SURFACE_CURVE('',#2036,(#2040,#2052),.PCURVE_S1.);
#2036 = ( BOUNDED_CURVE() B_SPLINE_CURVE(2,(#2037,#2038,#2039),
.UNSPECIFIED.,.F.,.F.) B_SPLINE_CURVE_WITH_KNOTS((3,3),(3.926990816987,
4.712388980385),.PIECEWISE_BEZIER_KNOTS.) CURVE() 
GEOMETRIC_REPRESENTATION_ITEM() RATIONAL_B_SPLINE_CURVE((1.,
0.923879532511,1.)) REPRESENTATION_ITEM('') );
#2037 = CARTESIAN_POINT('',(45.678892903547,68.374286997041,
    2.292893218813));
#2038 = CARTESIAN_POINT('',(45.385999684733,68.081393778228,
    2.585786437627));
#2039 = CARTESIAN_POINT('',(45.385999684733,67.667180215855,3.));
#2040 = PCURVE('',#452,#2041);
#2041 = DEFINITIONAL_REPRESENTATION('',(#2042),#2051);
#2042 = B_SPLINE_CURVE_WITH_KNOTS('',7,(#2043,#2044,#2045,#2046,#2047,
    #2048,#2049,#2050),.UNSPECIFIED.,.F.,.F.,(8,8),(3.926990816987,
    4.712388980385),.PIECEWISE_BEZIER_KNOTS.);
#2043 = CARTESIAN_POINT('',(0.785398163397,0.292893218813));
#2044 = CARTESIAN_POINT('',(0.889057204552,0.370206761539));
#2045 = CARTESIAN_POINT('',(0.995346437217,0.459346067065));
#2046 = CARTESIAN_POINT('',(1.104385988476,0.559026714446));
#2047 = CARTESIAN_POINT('',(1.21630512856,0.666737019465));
#2048 = CARTESIAN_POINT('',(1.331243434423,0.77855009949));
#2049 = CARTESIAN_POINT('',(1.449352205919,0.890661772324));
#2050 = CARTESIAN_POINT('',(1.570796326795,1.));
#2051 = ( GEOMETRIC_REPRESENTATION_CONTEXT(2) 
PARAMETRIC_REPRESENTATION_CONTEXT() REPRESENTATION_CONTEXT('2D SPACE',''
  ) );
#2052 = PCURVE('',#1985,#2053);
#2053 = DEFINITIONAL_REPRESENTATION('',(#2054),#2058);
#2054 = ( BOUNDED_CURVE() B_SPLINE_CURVE(2,(#2055,#2056,#2057),
.UNSPECIFIED.,.F.,.F.) B_SPLINE_CURVE_WITH_KNOTS((3,3),(3.926990816987,
4.712388980385),.PIECEWISE_BEZIER_KNOTS.) CURVE() 
GEOMETRIC_REPRESENTATION_ITEM() RATIONAL_B_SPLINE_CURVE((1.,
0.923879532511,1.)) REPRESENTATION_ITEM('') );
#2055 = CARTESIAN_POINT('',(-4.300194779651,2.292893218813));
#2056 = CARTESIAN_POINT('',(-3.885981217277,2.));
#2057 = CARTESIAN_POINT('',(-3.300194779651,2.));
#2058 = ( GEOMETRIC_REPRESENTATION_CONTEXT(2) 
PARAMETRIC_REPRESENTATION_CONTEXT() REPRESENTATION_CONTEXT('2D SPACE',''
  ) );
#2059 = ORIENTED_EDGE('',*,*,#2060,.T.);
#2060 = EDGE_CURVE('',#2033,#2061,#2063,.T.);
#2061 = VERTEX_POINT('',#2062);
#2062 = CARTESIAN_POINT('',(45.385999684733,64.585786437628,3.));
#2063 = SURFACE_CURVE('',#2064,(#2067,#2074),.PCURVE_S1.);
#2064 = B_SPLINE_CURVE_WITH_KNOTS('',1,(#2065,#2066),.UNSPECIFIED.,.F.,
  .F.,(2,2),(1.,4.081393778227),.PIECEWISE_BEZIER_KNOTS.);
#2065 = CARTESIAN_POINT('',(45.385999684733,67.667180215855,3.));
#2066 = CARTESIAN_POINT('',(45.385999684733,64.585786437627,3.));
#2067 = PCURVE('',#452,#2068);
#2068 = DEFINITIONAL_REPRESENTATION('',(#2069),#2073);
#2069 = B_SPLINE_CURVE_WITH_KNOTS('',2,(#2070,#2071,#2072),
  .UNSPECIFIED.,.F.,.F.,(3,3),(1.,4.081393778227),
  .PIECEWISE_BEZIER_KNOTS.);
#2070 = CARTESIAN_POINT('',(1.570796326795,1.));
#2071 = CARTESIAN_POINT('',(1.570796326795,2.540696889114));
#2072 = CARTESIAN_POINT('',(1.570796326795,4.081393778227));
#2073 = ( GEOMETRIC_REPRESENTATION_CONTEXT(2) 
PARAMETRIC_REPRESENTATION_CONTEXT() REPRESENTATION_CONTEXT('2D SPACE',''
  ) );
#2074 = PCURVE('',#2075,#2080);
#2075 = B_SPLINE_SURFACE_WITH_KNOTS('',1,1,(
    (#2076,#2077)
    ,(#2078,#2079
    )),.UNSPECIFIED.,.F.,.F.,.F.,(2,2),(2,2),(-2.921128008279,
    1.746052207576),(-2.921128008279,1.746052207576),
  .PIECEWISE_BEZIER_KNOTS.);
#2076 = CARTESIAN_POINT('',(45.385999684733,67.667180215855,
    7.667180215855));
#2077 = CARTESIAN_POINT('',(45.385999684733,63.,7.667180215855));
#2078 = CARTESIAN_POINT('',(45.385999684733,67.667180215855,3.));
#2079 = CARTESIAN_POINT('',(45.385999684733,63.,3.));
#2080 = DEFINITIONAL_REPRESENTATION('',(#2081),#2084);
#2081 = B_SPLINE_CURVE_WITH_KNOTS('',1,(#2082,#2083),.UNSPECIFIED.,.F.,
  .F.,(2,2),(1.,4.081393778227),.PIECEWISE_BEZIER_KNOTS.);
#2082 = CARTESIAN_POINT('',(1.746052207575,-2.921128008279));
#2083 = CARTESIAN_POINT('',(1.746052207575,0.160265769948));
#2084 = ( GEOMETRIC_REPRESENTATION_CONTEXT(2) 
PARAMETRIC_REPRESENTATION_CONTEXT() REPRESENTATION_CONTEXT('2D SPACE',''
  ) );
#2085 = ORIENTED_EDGE('',*,*,#2086,.F.);
#2086 = EDGE_CURVE('',#439,#2061,#2087,.T.);
#2087 = SURFACE_CURVE('',#2088,(#2092,#2110),.PCURVE_S1.);
#2088 = ( BOUNDED_CURVE() B_SPLINE_CURVE(2,(#2089,#2090,#2091),
.UNSPECIFIED.,.F.,.F.) B_SPLINE_CURVE_WITH_KNOTS((3,3),(1.570796326795,
3.14159265359),.PIECEWISE_BEZIER_KNOTS.) CURVE() 
GEOMETRIC_REPRESENTATION_ITEM() RATIONAL_B_SPLINE_CURVE((1.,
0.707106781187,1.)) REPRESENTATION_ITEM('') );
#2089 = CARTESIAN_POINT('',(46.385999684733,63.585786437627,2.));
#2090 = CARTESIAN_POINT('',(45.385999684733,64.585786437627,2.));
#2091 = CARTESIAN_POINT('',(45.385999684733,64.585786437627,3.));
#2092 = PCURVE('',#452,#2093);
#2093 = DEFINITIONAL_REPRESENTATION('',(#2094),#2109);
#2094 = B_SPLINE_CURVE_WITH_KNOTS('',7,(#2095,#2096,#2097,#2098,#2099,
    #2100,#2101,#2102,#2103,#2104,#2105,#2106,#2107,#2108),
  .UNSPECIFIED.,.F.,.F.,(8,6,8),(1.570796326795,2.356194490192,
    3.14159265359),.UNSPECIFIED.);
#2095 = CARTESIAN_POINT('',(1.138001399186E-14,5.081393778228));
#2096 = CARTESIAN_POINT('',(0.112199737628,4.980378909876));
#2097 = CARTESIAN_POINT('',(0.22439947526,4.874429339671));
#2098 = CARTESIAN_POINT('',(0.336599212879,4.765656505362));
#2099 = CARTESIAN_POINT('',(0.448798950515,4.657137564658));
#2100 = CARTESIAN_POINT('',(0.56099868814,4.553206422568));
#2101 = CARTESIAN_POINT('',(0.67319842577,4.457971122942));
#2102 = CARTESIAN_POINT('',(0.897597901027,4.290602938516));
#2103 = CARTESIAN_POINT('',(1.009797638653,4.218475925851));
#2104 = CARTESIAN_POINT('',(1.121997376284,4.160762046234));
#2105 = CARTESIAN_POINT('',(1.23419711392,4.119196792856));
#2106 = CARTESIAN_POINT('',(1.346396851535,4.093299747564));
#2107 = CARTESIAN_POINT('',(1.458596589169,4.081393593335));
#2108 = CARTESIAN_POINT('',(1.570796326795,4.081393778228));
#2109 = ( GEOMETRIC_REPRESENTATION_CONTEXT(2) 
PARAMETRIC_REPRESENTATION_CONTEXT() REPRESENTATION_CONTEXT('2D SPACE',''
  ) );
#2110 = PCURVE('',#480,#2111);
#2111 = DEFINITIONAL_REPRESENTATION('',(#2112),#2130);
#2112 = B_SPLINE_CURVE_WITH_KNOTS('',8,(#2113,#2114,#2115,#2116,#2117,
    #2118,#2119,#2120,#2121,#2122,#2123,#2124,#2125,#2126,#2127,#2128,
    #2129),.UNSPECIFIED.,.F.,.F.,(9,8,9),(1.570796326795,2.356194490192,
    3.14159265359),.PIECEWISE_BEZIER_KNOTS.);
#2113 = CARTESIAN_POINT('',(3.487868498009E-15,-1.));
#2114 = CARTESIAN_POINT('',(0.112709574354,-0.91161166343));
#2115 = CARTESIAN_POINT('',(0.222527658216,-0.819524891633));
#2116 = CARTESIAN_POINT('',(0.329584065294,-0.725047726825));
#2117 = CARTESIAN_POINT('',(0.433999284686,-0.63000966154));
#2118 = CARTESIAN_POINT('',(0.535885527032,-0.536764793482));
#2119 = CARTESIAN_POINT('',(0.635347583765,-0.44800575831));
#2120 = CARTESIAN_POINT('',(0.732483555433,-0.366116501885));
#2121 = CARTESIAN_POINT('',(0.827385476227,-0.292893218813));
#2122 = CARTESIAN_POINT('',(0.922287397017,-0.219669667597));
#2123 = CARTESIAN_POINT('',(1.014955266969,-0.155113900799));
#2124 = CARTESIAN_POINT('',(1.105481120096,-0.101010972867));
#2125 = CARTESIAN_POINT('',(1.193950924642,-5.858564133912E-02));
#2126 = CARTESIAN_POINT('',(1.280445206366,-2.809162266231E-02));
#2127 = CARTESIAN_POINT('',(1.365039572474,-8.929430758246E-03));
#2128 = CARTESIAN_POINT('',(1.447805157697,1.617817113154E-07));
#2129 = CARTESIAN_POINT('',(1.528809013966,-9.264452807934E-17));
#2130 = ( GEOMETRIC_REPRESENTATION_CONTEXT(2) 
PARAMETRIC_REPRESENTATION_CONTEXT() REPRESENTATION_CONTEXT('2D SPACE',''
  ) );
#2131 = ORIENTED_EDGE('',*,*,#438,.F.);
#2132 = ADVANCED_FACE('',(#2133),#506,.F.);
#2133 = FACE_BOUND('',#2134,.F.);
#2134 = EDGE_LOOP('',(#2135,#2136,#2164,#2190,#2236));
#2135 = ORIENTED_EDGE('',*,*,#1996,.T.);
#2136 = ORIENTED_EDGE('',*,*,#2137,.T.);
#2137 = EDGE_CURVE('',#1971,#2138,#2140,.T.);
#2138 = VERTEX_POINT('',#2139);
#2139 = CARTESIAN_POINT('',(41.385999684733,67.667180215855,3.));
#2140 = SURFACE_CURVE('',#2141,(#2145,#2157),.PCURVE_S1.);
#2141 = ( BOUNDED_CURVE() B_SPLINE_CURVE(2,(#2142,#2143,#2144),
.UNSPECIFIED.,.F.,.F.) B_SPLINE_CURVE_WITH_KNOTS((3,3),(3.926990816987,
4.712388980385),.PIECEWISE_BEZIER_KNOTS.) CURVE() 
GEOMETRIC_REPRESENTATION_ITEM() RATIONAL_B_SPLINE_CURVE((1.,
0.923879532511,1.)) REPRESENTATION_ITEM('') );
#2142 = CARTESIAN_POINT('',(41.09310646592,68.374286997041,
    2.292893218813));
#2143 = CARTESIAN_POINT('',(41.385999684733,68.081393778228,
    2.585786437627));
#2144 = CARTESIAN_POINT('',(41.385999684733,67.667180215855,3.));
#2145 = PCURVE('',#506,#2146);
#2146 = DEFINITIONAL_REPRESENTATION('',(#2147),#2156);
#2147 = B_SPLINE_CURVE_WITH_KNOTS('',7,(#2148,#2149,#2150,#2151,#2152,
    #2153,#2154,#2155),.UNSPECIFIED.,.F.,.F.,(8,8),(3.926990816987,
    4.712388980385),.PIECEWISE_BEZIER_KNOTS.);
#2148 = CARTESIAN_POINT('',(0.785398163397,0.292893218813));
#2149 = CARTESIAN_POINT('',(0.889057204553,0.370206761537));
#2150 = CARTESIAN_POINT('',(0.99534643721,0.45934606707));
#2151 = CARTESIAN_POINT('',(1.104385988488,0.559026714434));
#2152 = CARTESIAN_POINT('',(1.216305128545,0.666737019475));
#2153 = CARTESIAN_POINT('',(1.331243434435,0.778550099486));
#2154 = CARTESIAN_POINT('',(1.449352205918,0.890661772325));
#2155 = CARTESIAN_POINT('',(1.570796326795,1.));
#2156 = ( GEOMETRIC_REPRESENTATION_CONTEXT(2) 
PARAMETRIC_REPRESENTATION_CONTEXT() REPRESENTATION_CONTEXT('2D SPACE',''
  ) );
#2157 = PCURVE('',#1985,#2158);
#2158 = DEFINITIONAL_REPRESENTATION('',(#2159),#2163);
#2159 = ( BOUNDED_CURVE() B_SPLINE_CURVE(2,(#2160,#2161,#2162),
.UNSPECIFIED.,.F.,.F.) B_SPLINE_CURVE_WITH_KNOTS((3,3),(3.926990816987,
4.712388980385),.PIECEWISE_BEZIER_KNOTS.) CURVE() 
GEOMETRIC_REPRESENTATION_ITEM() RATIONAL_B_SPLINE_CURVE((1.,
0.923879532511,1.)) REPRESENTATION_ITEM('') );
#2160 = CARTESIAN_POINT('',(-4.300194779651,-2.292893218813));
#2161 = CARTESIAN_POINT('',(-3.885981217277,-2.));
#2162 = CARTESIAN_POINT('',(-3.300194779651,-2.));
#2163 = ( GEOMETRIC_REPRESENTATION_CONTEXT(2) 
PARAMETRIC_REPRESENTATION_CONTEXT() REPRESENTATION_CONTEXT('2D SPACE',''
  ) );
#2164 = ORIENTED_EDGE('',*,*,#2165,.T.);
#2165 = EDGE_CURVE('',#2138,#2166,#2168,.T.);
#2166 = VERTEX_POINT('',#2167);
#2167 = CARTESIAN_POINT('',(41.385999684733,64.585786437628,3.));
#2168 = SURFACE_CURVE('',#2169,(#2172,#2179),.PCURVE_S1.);
#2169 = B_SPLINE_CURVE_WITH_KNOTS('',1,(#2170,#2171),.UNSPECIFIED.,.F.,
  .F.,(2,2),(1.,4.081393778227),.PIECEWISE_BEZIER_KNOTS.);
#2170 = CARTESIAN_POINT('',(41.385999684733,67.667180215855,3.));
#2171 = CARTESIAN_POINT('',(41.385999684733,64.585786437627,3.));
#2172 = PCURVE('',#506,#2173);
#2173 = DEFINITIONAL_REPRESENTATION('',(#2174),#2178);
#2174 = B_SPLINE_CURVE_WITH_KNOTS('',2,(#2175,#2176,#2177),
  .UNSPECIFIED.,.F.,.F.,(3,3),(1.,4.081393778227),
  .PIECEWISE_BEZIER_KNOTS.);
#2175 = CARTESIAN_POINT('',(1.570796326795,1.));
#2176 = CARTESIAN_POINT('',(1.570796326795,2.540696889114));
#2177 = CARTESIAN_POINT('',(1.570796326795,4.081393778227));
#2178 = ( GEOMETRIC_REPRESENTATION_CONTEXT(2) 
PARAMETRIC_REPRESENTATION_CONTEXT() REPRESENTATION_CONTEXT('2D SPACE',''
  ) );
#2179 = PCURVE('',#2180,#2185);
#2180 = B_SPLINE_SURFACE_WITH_KNOTS('',1,1,(
    (#2181,#2182)
    ,(#2183,#2184
    )),.UNSPECIFIED.,.F.,.F.,.F.,(2,2),(2,2),(-2.921128008279,
    1.746052207576),(-2.921128008279,1.746052207576),
  .PIECEWISE_BEZIER_KNOTS.);
#2181 = CARTESIAN_POINT('',(41.385999684733,67.667180215855,
    7.667180215855));
#2182 = CARTESIAN_POINT('',(41.385999684733,63.,7.667180215855));
#2183 = CARTESIAN_POINT('',(41.385999684733,67.667180215855,3.));
#2184 = CARTESIAN_POINT('',(41.385999684733,63.,3.));
#2185 = DEFINITIONAL_REPRESENTATION('',(#2186),#2189);
#2186 = B_SPLINE_CURVE_WITH_KNOTS('',1,(#2187,#2188),.UNSPECIFIED.,.F.,
  .F.,(2,2),(1.,4.081393778227),.PIECEWISE_BEZIER_KNOTS.);
#2187 = CARTESIAN_POINT('',(1.746052207575,-2.921128008279));
#2188 = CARTESIAN_POINT('',(1.746052207575,0.160265769948));
#2189 = ( GEOMETRIC_REPRESENTATION_CONTEXT(2) 
PARAMETRIC_REPRESENTATION_CONTEXT() REPRESENTATION_CONTEXT('2D SPACE',''
  ) );
#2190 = ORIENTED_EDGE('',*,*,#2191,.F.);
#2191 = EDGE_CURVE('',#467,#2166,#2192,.T.);
#2192 = SURFACE_CURVE('',#2193,(#2197,#2215),.PCURVE_S1.);
#2193 = ( BOUNDED_CURVE() B_SPLINE_CURVE(2,(#2194,#2195,#2196),
.UNSPECIFIED.,.F.,.F.) B_SPLINE_CURVE_WITH_KNOTS((3,3),(1.570796326795,
3.14159265359),.PIECEWISE_BEZIER_KNOTS.) CURVE() 
GEOMETRIC_REPRESENTATION_ITEM() RATIONAL_B_SPLINE_CURVE((1.,
0.707106781187,1.)) REPRESENTATION_ITEM('') );
#2194 = CARTESIAN_POINT('',(40.385999684733,63.585786437627,2.));
#2195 = CARTESIAN_POINT('',(41.385999684733,64.585786437627,2.));
#2196 = CARTESIAN_POINT('',(41.385999684733,64.585786437627,3.));
#2197 = PCURVE('',#506,#2198);
#2198 = DEFINITIONAL_REPRESENTATION('',(#2199),#2214);
#2199 = B_SPLINE_CURVE_WITH_KNOTS('',7,(#2200,#2201,#2202,#2203,#2204,
    #2205,#2206,#2207,#2208,#2209,#2210,#2211,#2212,#2213),
  .UNSPECIFIED.,.F.,.F.,(8,6,8),(1.570796326795,2.356194490192,
    3.14159265359),.UNSPECIFIED.);
#2200 = CARTESIAN_POINT('',(-1.22964224897E-14,5.081393778228));
#2201 = CARTESIAN_POINT('',(0.112199737629,4.980378909884));
#2202 = CARTESIAN_POINT('',(0.224399475257,4.874429339665));
#2203 = CARTESIAN_POINT('',(0.336599212888,4.765656505374));
#2204 = CARTESIAN_POINT('',(0.44879895051,4.657137564587));
#2205 = CARTESIAN_POINT('',(0.560998688141,4.5532064226));
#2206 = CARTESIAN_POINT('',(0.67319842577,4.457971122939));
#2207 = CARTESIAN_POINT('',(0.897597901027,4.290602938521));
#2208 = CARTESIAN_POINT('',(1.009797638657,4.218475925805));
#2209 = CARTESIAN_POINT('',(1.121997376275,4.160762046292));
#2210 = CARTESIAN_POINT('',(1.23419711391,4.119196792802));
#2211 = CARTESIAN_POINT('',(1.346396851537,4.093299747572));
#2212 = CARTESIAN_POINT('',(1.458596589168,4.081393593333));
#2213 = CARTESIAN_POINT('',(1.570796326795,4.081393778228));
#2214 = ( GEOMETRIC_REPRESENTATION_CONTEXT(2) 
PARAMETRIC_REPRESENTATION_CONTEXT() REPRESENTATION_CONTEXT('2D SPACE',''
  ) );
#2215 = PCURVE('',#480,#2216);
#2216 = DEFINITIONAL_REPRESENTATION('',(#2217),#2235);
#2217 = B_SPLINE_CURVE_WITH_KNOTS('',8,(#2218,#2219,#2220,#2221,#2222,
    #2223,#2224,#2225,#2226,#2227,#2228,#2229,#2230,#2231,#2232,#2233,
    #2234),.UNSPECIFIED.,.F.,.F.,(9,8,9),(1.570796326795,2.356194490192,
    3.14159265359),.PIECEWISE_BEZIER_KNOTS.);
#2218 = CARTESIAN_POINT('',(3.487868498009E-15,5.));
#2219 = CARTESIAN_POINT('',(0.112709574354,4.911611663353));
#2220 = CARTESIAN_POINT('',(0.222527658195,4.819524891941));
#2221 = CARTESIAN_POINT('',(0.329584065321,4.725047725646));
#2222 = CARTESIAN_POINT('',(0.433999284601,4.630009661705));
#2223 = CARTESIAN_POINT('',(0.535885527037,4.536764792323));
#2224 = CARTESIAN_POINT('',(0.635347583751,4.448005758644));
#2225 = CARTESIAN_POINT('',(0.732483555433,4.366116501822));
#2226 = CARTESIAN_POINT('',(0.827385476227,4.292893218813));
#2227 = CARTESIAN_POINT('',(0.922287397018,4.219669667597));
#2228 = CARTESIAN_POINT('',(1.014955266962,4.155113900804));
#2229 = CARTESIAN_POINT('',(1.105481120095,4.101010972849));
#2230 = CARTESIAN_POINT('',(1.193950924646,4.058585641326));
#2231 = CARTESIAN_POINT('',(1.280445206371,4.028091622662));
#2232 = CARTESIAN_POINT('',(1.365039572481,4.008929430751));
#2233 = CARTESIAN_POINT('',(1.447805157697,3.99999983823));
#2234 = CARTESIAN_POINT('',(1.528809013966,4.));
#2235 = ( GEOMETRIC_REPRESENTATION_CONTEXT(2) 
PARAMETRIC_REPRESENTATION_CONTEXT() REPRESENTATION_CONTEXT('2D SPACE',''
  ) );
#2236 = ORIENTED_EDGE('',*,*,#494,.F.);
#2237 = ADVANCED_FACE('',(#2238),#480,.T.);
#2238 = FACE_BOUND('',#2239,.T.);
#2239 = EDGE_LOOP('',(#2240,#2241,#2268,#2294,#2319,#2320));
#2240 = ORIENTED_EDGE('',*,*,#2086,.T.);
#2241 = ORIENTED_EDGE('',*,*,#2242,.T.);
#2242 = EDGE_CURVE('',#2061,#2243,#2245,.T.);
#2243 = VERTEX_POINT('',#2244);
#2244 = CARTESIAN_POINT('',(45.385999684733,64.292893218814,
    3.707106781187));
#2245 = SURFACE_CURVE('',#2246,(#2250,#2261),.PCURVE_S1.);
#2246 = ( BOUNDED_CURVE() B_SPLINE_CURVE(2,(#2247,#2248,#2249),
.UNSPECIFIED.,.F.,.F.) B_SPLINE_CURVE_WITH_KNOTS((3,3),(1.570796326795,
2.356194490192),.PIECEWISE_BEZIER_KNOTS.) CURVE() 
GEOMETRIC_REPRESENTATION_ITEM() RATIONAL_B_SPLINE_CURVE((1.,
0.923879532511,1.)) REPRESENTATION_ITEM('') );
#2247 = CARTESIAN_POINT('',(45.385999684733,64.585786437627,3.));
#2248 = CARTESIAN_POINT('',(45.385999684733,64.585786437627,
    3.414213562373));
#2249 = CARTESIAN_POINT('',(45.385999684733,64.292893218813,
    3.707106781187));
#2250 = PCURVE('',#480,#2251);
#2251 = DEFINITIONAL_REPRESENTATION('',(#2252),#2260);
#2252 = B_SPLINE_CURVE_WITH_KNOTS('',6,(#2253,#2254,#2255,#2256,#2257,
    #2258,#2259),.UNSPECIFIED.,.F.,.F.,(7,7),(1.570796326795,
    2.356194490192),.PIECEWISE_BEZIER_KNOTS.);
#2253 = CARTESIAN_POINT('',(1.528809013966,-7.108378912902E-15));
#2254 = CARTESIAN_POINT('',(1.645712916364,-4.860990445282E-15));
#2255 = CARTESIAN_POINT('',(1.769736011641,1.534606857636E-14));
#2256 = CARTESIAN_POINT('',(1.901690339141,-2.07709753878E-14));
#2257 = CARTESIAN_POINT('',(2.042556085682,-2.240048205818E-15));
#2258 = CARTESIAN_POINT('',(2.193533227344,6.76674822135E-15));
#2259 = CARTESIAN_POINT('',(2.356194490192,-7.105427357601E-15));
#2260 = ( GEOMETRIC_REPRESENTATION_CONTEXT(2) 
PARAMETRIC_REPRESENTATION_CONTEXT() REPRESENTATION_CONTEXT('2D SPACE',''
  ) );
#2261 = PCURVE('',#2075,#2262);
#2262 = DEFINITIONAL_REPRESENTATION('',(#2263),#2267);
#2263 = ( BOUNDED_CURVE() B_SPLINE_CURVE(2,(#2264,#2265,#2266),
.UNSPECIFIED.,.F.,.F.) B_SPLINE_CURVE_WITH_KNOTS((3,3),(1.570796326795,
2.356194490192),.PIECEWISE_BEZIER_KNOTS.) CURVE() 
GEOMETRIC_REPRESENTATION_ITEM() RATIONAL_B_SPLINE_CURVE((1.,
0.923879532511,1.)) REPRESENTATION_ITEM('') );
#2264 = CARTESIAN_POINT('',(1.746052207575,0.160265769949));
#2265 = CARTESIAN_POINT('',(1.331838645202,0.160265769949));
#2266 = CARTESIAN_POINT('',(1.038945426389,0.453158988762));
#2267 = ( GEOMETRIC_REPRESENTATION_CONTEXT(2) 
PARAMETRIC_REPRESENTATION_CONTEXT() REPRESENTATION_CONTEXT('2D SPACE',''
  ) );
#2268 = ORIENTED_EDGE('',*,*,#2269,.T.);
#2269 = EDGE_CURVE('',#2243,#2270,#2272,.T.);
#2270 = VERTEX_POINT('',#2271);
#2271 = CARTESIAN_POINT('',(41.385999684733,64.292893218814,
    3.707106781187));
#2272 = SURFACE_CURVE('',#2273,(#2276,#2283),.PCURVE_S1.);
#2273 = B_SPLINE_CURVE_WITH_KNOTS('',1,(#2274,#2275),.UNSPECIFIED.,.F.,
  .F.,(2,2),(-7.105427357601E-15,4.),.PIECEWISE_BEZIER_KNOTS.);
#2274 = CARTESIAN_POINT('',(45.385999684733,64.292893218813,
    3.707106781187));
#2275 = CARTESIAN_POINT('',(41.385999684733,64.292893218813,
    3.707106781187));
#2276 = PCURVE('',#480,#2277);
#2277 = DEFINITIONAL_REPRESENTATION('',(#2278),#2282);
#2278 = B_SPLINE_CURVE_WITH_KNOTS('',2,(#2279,#2280,#2281),
  .UNSPECIFIED.,.F.,.F.,(3,3),(7.105427357601E-15,4.),
  .PIECEWISE_BEZIER_KNOTS.);
#2279 = CARTESIAN_POINT('',(2.356194490192,7.105427357601E-15));
#2280 = CARTESIAN_POINT('',(2.356194490192,2.));
#2281 = CARTESIAN_POINT('',(2.356194490192,4.));
#2282 = ( GEOMETRIC_REPRESENTATION_CONTEXT(2) 
PARAMETRIC_REPRESENTATION_CONTEXT() REPRESENTATION_CONTEXT('2D SPACE',''
  ) );
#2283 = PCURVE('',#2284,#2289);
#2284 = B_SPLINE_SURFACE_WITH_KNOTS('',1,1,(
    (#2285,#2286)
    ,(#2287,#2288
    )),.UNSPECIFIED.,.F.,.F.,.F.,(2,2),(2,2),(-0.414213562373,
    0.414213562373),(-2.,2.),.PIECEWISE_BEZIER_KNOTS.);
#2285 = CARTESIAN_POINT('',(45.385999684733,63.707106781187,
    4.292893218813));
#2286 = CARTESIAN_POINT('',(41.385999684733,63.707106781187,
    4.292893218813));
#2287 = CARTESIAN_POINT('',(45.385999684733,64.292893218813,
    3.707106781187));
#2288 = CARTESIAN_POINT('',(41.385999684733,64.292893218813,
    3.707106781187));
#2289 = DEFINITIONAL_REPRESENTATION('',(#2290),#2293);
#2290 = B_SPLINE_CURVE_WITH_KNOTS('',1,(#2291,#2292),.UNSPECIFIED.,.F.,
  .F.,(2,2),(-7.105427357601E-15,4.),.PIECEWISE_BEZIER_KNOTS.);
#2291 = CARTESIAN_POINT('',(0.414213562373,-2.));
#2292 = CARTESIAN_POINT('',(0.414213562373,2.));
#2293 = ( GEOMETRIC_REPRESENTATION_CONTEXT(2) 
PARAMETRIC_REPRESENTATION_CONTEXT() REPRESENTATION_CONTEXT('2D SPACE',''
  ) );
#2294 = ORIENTED_EDGE('',*,*,#2295,.F.);
#2295 = EDGE_CURVE('',#2166,#2270,#2296,.T.);
#2296 = SURFACE_CURVE('',#2297,(#2301,#2312),.PCURVE_S1.);
#2297 = ( BOUNDED_CURVE() B_SPLINE_CURVE(2,(#2298,#2299,#2300),
.UNSPECIFIED.,.F.,.F.) B_SPLINE_CURVE_WITH_KNOTS((3,3),(1.570796326795,
2.356194490192),.PIECEWISE_BEZIER_KNOTS.) CURVE() 
GEOMETRIC_REPRESENTATION_ITEM() RATIONAL_B_SPLINE_CURVE((1.,
0.923879532511,1.)) REPRESENTATION_ITEM('') );
#2298 = CARTESIAN_POINT('',(41.385999684733,64.585786437627,3.));
#2299 = CARTESIAN_POINT('',(41.385999684733,64.585786437627,
    3.414213562373));
#2300 = CARTESIAN_POINT('',(41.385999684733,64.292893218813,
    3.707106781187));
#2301 = PCURVE('',#480,#2302);
#2302 = DEFINITIONAL_REPRESENTATION('',(#2303),#2311);
#2303 = B_SPLINE_CURVE_WITH_KNOTS('',6,(#2304,#2305,#2306,#2307,#2308,
    #2309,#2310),.UNSPECIFIED.,.F.,.F.,(7,7),(1.570796326795,
    2.356194490192),.PIECEWISE_BEZIER_KNOTS.);
#2304 = CARTESIAN_POINT('',(1.528809013966,4.));
#2305 = CARTESIAN_POINT('',(1.645712916365,4.));
#2306 = CARTESIAN_POINT('',(1.769736011641,4.));
#2307 = CARTESIAN_POINT('',(1.901690339139,3.999999999998));
#2308 = CARTESIAN_POINT('',(2.042556085683,4.000000000002));
#2309 = CARTESIAN_POINT('',(2.193533227344,4.));
#2310 = CARTESIAN_POINT('',(2.356194490192,4.));
#2311 = ( GEOMETRIC_REPRESENTATION_CONTEXT(2) 
PARAMETRIC_REPRESENTATION_CONTEXT() REPRESENTATION_CONTEXT('2D SPACE',''
  ) );
#2312 = PCURVE('',#2180,#2313);
#2313 = DEFINITIONAL_REPRESENTATION('',(#2314),#2318);
#2314 = ( BOUNDED_CURVE() B_SPLINE_CURVE(2,(#2315,#2316,#2317),
.UNSPECIFIED.,.F.,.F.) B_SPLINE_CURVE_WITH_KNOTS((3,3),(1.570796326795,
2.356194490192),.PIECEWISE_BEZIER_KNOTS.) CURVE() 
GEOMETRIC_REPRESENTATION_ITEM() RATIONAL_B_SPLINE_CURVE((1.,
0.923879532511,1.)) REPRESENTATION_ITEM('') );
#2315 = CARTESIAN_POINT('',(1.746052207575,0.160265769949));
#2316 = CARTESIAN_POINT('',(1.331838645202,0.160265769949));
#2317 = CARTESIAN_POINT('',(1.038945426389,0.453158988762));
#2318 = ( GEOMETRIC_REPRESENTATION_CONTEXT(2) 
PARAMETRIC_REPRESENTATION_CONTEXT() REPRESENTATION_CONTEXT('2D SPACE',''
  ) );
#2319 = ORIENTED_EDGE('',*,*,#2191,.F.);
#2320 = ORIENTED_EDGE('',*,*,#466,.F.);
#2321 = ADVANCED_FACE('',(#2322),#538,.F.);
#2322 = FACE_BOUND('',#2323,.F.);
#2323 = EDGE_LOOP('',(#2324,#2357,#2383,#2414));
#2324 = ORIENTED_EDGE('',*,*,#2325,.T.);
#2325 = EDGE_CURVE('',#523,#2326,#2328,.T.);
#2326 = VERTEX_POINT('',#2327);
#2327 = CARTESIAN_POINT('',(78.90689353408,68.374286997041,
    2.292893218813));
#2328 = SURFACE_CURVE('',#2329,(#2333,#2345),.PCURVE_S1.);
#2329 = ( BOUNDED_CURVE() B_SPLINE_CURVE(2,(#2330,#2331,#2332),
.UNSPECIFIED.,.F.,.F.) B_SPLINE_CURVE_WITH_KNOTS((3,3),(4.712388980385,
5.497787143782),.PIECEWISE_BEZIER_KNOTS.) CURVE() 
GEOMETRIC_REPRESENTATION_ITEM() RATIONAL_B_SPLINE_CURVE((1.,
0.923879532511,1.)) REPRESENTATION_ITEM('') );
#2330 = CARTESIAN_POINT('',(79.614000315267,69.081393778228,2.));
#2331 = CARTESIAN_POINT('',(79.199786752894,68.667180215855,2.));
#2332 = CARTESIAN_POINT('',(78.90689353408,68.374286997041,
    2.292893218813));
#2333 = PCURVE('',#538,#2334);
#2334 = DEFINITIONAL_REPRESENTATION('',(#2335),#2344);
#2335 = B_SPLINE_CURVE_WITH_KNOTS('',7,(#2336,#2337,#2338,#2339,#2340,
    #2341,#2342,#2343),.UNSPECIFIED.,.F.,.F.,(8,8),(4.712388980385,
    5.497787143782),.PIECEWISE_BEZIER_KNOTS.);
#2336 = CARTESIAN_POINT('',(0.,-1.));
#2337 = CARTESIAN_POINT('',(0.112199737628,-0.890661772324));
#2338 = CARTESIAN_POINT('',(0.224399475259,-0.77855009949));
#2339 = CARTESIAN_POINT('',(0.336599212878,-0.666737019463));
#2340 = CARTESIAN_POINT('',(0.44879895052,-0.559026714446));
#2341 = CARTESIAN_POINT('',(0.560998688139,-0.459346067063));
#2342 = CARTESIAN_POINT('',(0.67319842577,-0.370206761539));
#2343 = CARTESIAN_POINT('',(0.785398163397,-0.292893218813));
#2344 = ( GEOMETRIC_REPRESENTATION_CONTEXT(2) 
PARAMETRIC_REPRESENTATION_CONTEXT() REPRESENTATION_CONTEXT('2D SPACE',''
  ) );
#2345 = PCURVE('',#566,#2346);
#2346 = DEFINITIONAL_REPRESENTATION('',(#2347),#2356);
#2347 = B_SPLINE_CURVE_WITH_KNOTS('',7,(#2348,#2349,#2350,#2351,#2352,
    #2353,#2354,#2355),.UNSPECIFIED.,.F.,.F.,(8,8),(4.712388980385,
    5.497787143782),.PIECEWISE_BEZIER_KNOTS.);
#2348 = CARTESIAN_POINT('',(0.,-0.414213562373));
#2349 = CARTESIAN_POINT('',(0.121444120879,-0.304875334697));
#2350 = CARTESIAN_POINT('',(0.239552892363,-0.192763661863));
#2351 = CARTESIAN_POINT('',(0.354491198245,-8.095058184096E-02));
#2352 = CARTESIAN_POINT('',(0.466410338315,2.675972318099E-02));
#2353 = CARTESIAN_POINT('',(0.575449889578,0.126440370561));
#2354 = CARTESIAN_POINT('',(0.681739122246,0.21557967609));
#2355 = CARTESIAN_POINT('',(0.785398163397,0.292893218813));
#2356 = ( GEOMETRIC_REPRESENTATION_CONTEXT(2) 
PARAMETRIC_REPRESENTATION_CONTEXT() REPRESENTATION_CONTEXT('2D SPACE',''
  ) );
#2357 = ORIENTED_EDGE('',*,*,#2358,.T.);
#2358 = EDGE_CURVE('',#2326,#2359,#2361,.T.);
#2359 = VERTEX_POINT('',#2360);
#2360 = CARTESIAN_POINT('',(74.321107096452,68.374286997041,
    2.292893218813));
#2361 = SURFACE_CURVE('',#2362,(#2365,#2372),.PCURVE_S1.);
#2362 = B_SPLINE_CURVE_WITH_KNOTS('',1,(#2363,#2364),.UNSPECIFIED.,.F.,
  .F.,(2,2),(-0.292893218813,4.292893218815),.PIECEWISE_BEZIER_KNOTS.);
#2363 = CARTESIAN_POINT('',(78.90689353408,68.374286997041,
    2.292893218813));
#2364 = CARTESIAN_POINT('',(74.321107096452,68.374286997041,
    2.292893218813));
#2365 = PCURVE('',#538,#2366);
#2366 = DEFINITIONAL_REPRESENTATION('',(#2367),#2371);
#2367 = B_SPLINE_CURVE_WITH_KNOTS('',2,(#2368,#2369,#2370),
  .UNSPECIFIED.,.F.,.F.,(3,3),(-0.292893218813,4.292893218815),
  .PIECEWISE_BEZIER_KNOTS.);
#2368 = CARTESIAN_POINT('',(0.785398163397,-0.292893218813));
#2369 = CARTESIAN_POINT('',(0.785398163397,2.000000000001));
#2370 = CARTESIAN_POINT('',(0.785398163397,4.292893218815));
#2371 = ( GEOMETRIC_REPRESENTATION_CONTEXT(2) 
PARAMETRIC_REPRESENTATION_CONTEXT() REPRESENTATION_CONTEXT('2D SPACE',''
  ) );
#2372 = PCURVE('',#2373,#2378);
#2373 = B_SPLINE_SURFACE_WITH_KNOTS('',1,1,(
    (#2374,#2375)
    ,(#2376,#2377
    )),.UNSPECIFIED.,.F.,.F.,.F.,(2,2),(2,2),(-4.300194779651,
    4.30019477965),(-2.292893218816,2.292893218813),
  .PIECEWISE_BEZIER_KNOTS.);
#2374 = CARTESIAN_POINT('',(74.321107096451,68.374286997042,
    2.292893218813));
#2375 = CARTESIAN_POINT('',(78.90689353408,68.374286997042,
    2.292893218813));
#2376 = CARTESIAN_POINT('',(74.321107096451,62.292893218813,
    8.374286997041));
#2377 = CARTESIAN_POINT('',(78.90689353408,62.292893218813,
    8.374286997041));
#2378 = DEFINITIONAL_REPRESENTATION('',(#2379),#2382);
#2379 = B_SPLINE_CURVE_WITH_KNOTS('',1,(#2380,#2381),.UNSPECIFIED.,.F.,
  .F.,(2,2),(-0.292893218813,4.292893218815),.PIECEWISE_BEZIER_KNOTS.);
#2380 = CARTESIAN_POINT('',(-4.300194779651,2.292893218813));
#2381 = CARTESIAN_POINT('',(-4.300194779651,-2.292893218815));
#2382 = ( GEOMETRIC_REPRESENTATION_CONTEXT(2) 
PARAMETRIC_REPRESENTATION_CONTEXT() REPRESENTATION_CONTEXT('2D SPACE',''
  ) );
#2383 = ORIENTED_EDGE('',*,*,#2384,.F.);
#2384 = EDGE_CURVE('',#525,#2359,#2385,.T.);
#2385 = SURFACE_CURVE('',#2386,(#2390,#2402),.PCURVE_S1.);
#2386 = ( BOUNDED_CURVE() B_SPLINE_CURVE(2,(#2387,#2388,#2389),
.UNSPECIFIED.,.F.,.F.) B_SPLINE_CURVE_WITH_KNOTS((3,3),(1.570796326795,
2.356194490192),.PIECEWISE_BEZIER_KNOTS.) CURVE() 
GEOMETRIC_REPRESENTATION_ITEM() RATIONAL_B_SPLINE_CURVE((1.,
0.923879532511,1.)) REPRESENTATION_ITEM('') );
#2387 = CARTESIAN_POINT('',(73.614000315267,69.081393778228,2.));
#2388 = CARTESIAN_POINT('',(74.028213877639,68.667180215855,2.));
#2389 = CARTESIAN_POINT('',(74.321107096453,68.374286997041,
    2.292893218813));
#2390 = PCURVE('',#538,#2391);
#2391 = DEFINITIONAL_REPRESENTATION('',(#2392),#2401);
#2392 = B_SPLINE_CURVE_WITH_KNOTS('',7,(#2393,#2394,#2395,#2396,#2397,
    #2398,#2399,#2400),.UNSPECIFIED.,.F.,.F.,(8,8),(1.570796326795,
    2.356194490192),.PIECEWISE_BEZIER_KNOTS.);
#2393 = CARTESIAN_POINT('',(3.519554059226E-15,5.));
#2394 = CARTESIAN_POINT('',(0.112199737629,4.890661772328));
#2395 = CARTESIAN_POINT('',(0.224399475258,4.778550099495));
#2396 = CARTESIAN_POINT('',(0.336599212879,4.666737019454));
#2397 = CARTESIAN_POINT('',(0.448798950512,4.559026714463));
#2398 = CARTESIAN_POINT('',(0.560998688138,4.459346067064));
#2399 = CARTESIAN_POINT('',(0.673198425769,4.370206761549));
#2400 = CARTESIAN_POINT('',(0.785398163397,4.292893218814));
#2401 = ( GEOMETRIC_REPRESENTATION_CONTEXT(2) 
PARAMETRIC_REPRESENTATION_CONTEXT() REPRESENTATION_CONTEXT('2D SPACE',''
  ) );
#2402 = PCURVE('',#620,#2403);
#2403 = DEFINITIONAL_REPRESENTATION('',(#2404),#2413);
#2404 = B_SPLINE_CURVE_WITH_KNOTS('',7,(#2405,#2406,#2407,#2408,#2409,
    #2410,#2411,#2412),.UNSPECIFIED.,.F.,.F.,(8,8),(1.570796326795,
    2.356194490192),.PIECEWISE_BEZIER_KNOTS.);
#2405 = CARTESIAN_POINT('',(-1.220922577725E-14,-0.414213562373));
#2406 = CARTESIAN_POINT('',(0.121444120879,-0.304875334697));
#2407 = CARTESIAN_POINT('',(0.239552892361,-0.192763661862));
#2408 = CARTESIAN_POINT('',(0.35449119825,-8.095058184337E-02));
#2409 = CARTESIAN_POINT('',(0.46641033831,2.675972318319E-02));
#2410 = CARTESIAN_POINT('',(0.575449889581,0.126440370559));
#2411 = CARTESIAN_POINT('',(0.681739122245,0.215579676089));
#2412 = CARTESIAN_POINT('',(0.785398163397,0.292893218813));
#2413 = ( GEOMETRIC_REPRESENTATION_CONTEXT(2) 
PARAMETRIC_REPRESENTATION_CONTEXT() REPRESENTATION_CONTEXT('2D SPACE',''
  ) );
#2414 = ORIENTED_EDGE('',*,*,#522,.F.);
#2415 = ADVANCED_FACE('',(#2416),#566,.T.);
#2416 = FACE_BOUND('',#2417,.T.);
#2417 = EDGE_LOOP('',(#2418,#2419,#2447,#2473,#2519));
#2418 = ORIENTED_EDGE('',*,*,#2325,.T.);
#2419 = ORIENTED_EDGE('',*,*,#2420,.T.);
#2420 = EDGE_CURVE('',#2326,#2421,#2423,.T.);
#2421 = VERTEX_POINT('',#2422);
#2422 = CARTESIAN_POINT('',(78.614000315267,67.667180215855,3.));
#2423 = SURFACE_CURVE('',#2424,(#2428,#2440),.PCURVE_S1.);
#2424 = ( BOUNDED_CURVE() B_SPLINE_CURVE(2,(#2425,#2426,#2427),
.UNSPECIFIED.,.F.,.F.) B_SPLINE_CURVE_WITH_KNOTS((3,3),(3.926990816987,
4.712388980385),.PIECEWISE_BEZIER_KNOTS.) CURVE() 
GEOMETRIC_REPRESENTATION_ITEM() RATIONAL_B_SPLINE_CURVE((1.,
0.923879532511,1.)) REPRESENTATION_ITEM('') );
#2425 = CARTESIAN_POINT('',(78.90689353408,68.374286997041,
    2.292893218813));
#2426 = CARTESIAN_POINT('',(78.614000315267,68.081393778228,
    2.585786437627));
#2427 = CARTESIAN_POINT('',(78.614000315267,67.667180215855,3.));
#2428 = PCURVE('',#566,#2429);
#2429 = DEFINITIONAL_REPRESENTATION('',(#2430),#2439);
#2430 = B_SPLINE_CURVE_WITH_KNOTS('',7,(#2431,#2432,#2433,#2434,#2435,
    #2436,#2437,#2438),.UNSPECIFIED.,.F.,.F.,(8,8),(3.926990816987,
    4.712388980385),.PIECEWISE_BEZIER_KNOTS.);
#2431 = CARTESIAN_POINT('',(0.785398163397,0.292893218813));
#2432 = CARTESIAN_POINT('',(0.889057204551,0.370206761539));
#2433 = CARTESIAN_POINT('',(0.995346437221,0.459346067064));
#2434 = CARTESIAN_POINT('',(1.104385988468,0.559026714447));
#2435 = CARTESIAN_POINT('',(1.216305128559,0.666737019464));
#2436 = CARTESIAN_POINT('',(1.331243434421,0.778550099491));
#2437 = CARTESIAN_POINT('',(1.449352205918,0.890661772324));
#2438 = CARTESIAN_POINT('',(1.570796326795,1.));
#2439 = ( GEOMETRIC_REPRESENTATION_CONTEXT(2) 
PARAMETRIC_REPRESENTATION_CONTEXT() REPRESENTATION_CONTEXT('2D SPACE',''
  ) );
#2440 = PCURVE('',#2373,#2441);
#2441 = DEFINITIONAL_REPRESENTATION('',(#2442),#2446);
#2442 = ( BOUNDED_CURVE() B_SPLINE_CURVE(2,(#2443,#2444,#2445),
.UNSPECIFIED.,.F.,.F.) B_SPLINE_CURVE_WITH_KNOTS((3,3),(3.926990816987,
4.712388980385),.PIECEWISE_BEZIER_KNOTS.) CURVE() 
GEOMETRIC_REPRESENTATION_ITEM() RATIONAL_B_SPLINE_CURVE((1.,
0.923879532511,1.)) REPRESENTATION_ITEM('') );
#2443 = CARTESIAN_POINT('',(-4.300194779651,2.292893218813));
#2444 = CARTESIAN_POINT('',(-3.885981217277,2.));
#2445 = CARTESIAN_POINT('',(-3.300194779651,2.));
#2446 = ( GEOMETRIC_REPRESENTATION_CONTEXT(2) 
PARAMETRIC_REPRESENTATION_CONTEXT() REPRESENTATION_CONTEXT('2D SPACE',''
  ) );
#2447 = ORIENTED_EDGE('',*,*,#2448,.T.);
#2448 = EDGE_CURVE('',#2421,#2449,#2451,.T.);
#2449 = VERTEX_POINT('',#2450);
#2450 = CARTESIAN_POINT('',(78.614000315267,64.585786437628,3.));
#2451 = SURFACE_CURVE('',#2452,(#2455,#2462),.PCURVE_S1.);
#2452 = B_SPLINE_CURVE_WITH_KNOTS('',1,(#2453,#2454),.UNSPECIFIED.,.F.,
  .F.,(2,2),(1.,4.081393778227),.PIECEWISE_BEZIER_KNOTS.);
#2453 = CARTESIAN_POINT('',(78.614000315267,67.667180215855,3.));
#2454 = CARTESIAN_POINT('',(78.614000315267,64.585786437627,3.));
#2455 = PCURVE('',#566,#2456);
#2456 = DEFINITIONAL_REPRESENTATION('',(#2457),#2461);
#2457 = B_SPLINE_CURVE_WITH_KNOTS('',2,(#2458,#2459,#2460),
  .UNSPECIFIED.,.F.,.F.,(3,3),(1.,4.081393778227),
  .PIECEWISE_BEZIER_KNOTS.);
#2458 = CARTESIAN_POINT('',(1.570796326795,1.));
#2459 = CARTESIAN_POINT('',(1.570796326795,2.540696889114));
#2460 = CARTESIAN_POINT('',(1.570796326795,4.081393778227));
#2461 = ( GEOMETRIC_REPRESENTATION_CONTEXT(2) 
PARAMETRIC_REPRESENTATION_CONTEXT() REPRESENTATION_CONTEXT('2D SPACE',''
  ) );
#2462 = PCURVE('',#2463,#2468);
#2463 = B_SPLINE_SURFACE_WITH_KNOTS('',1,1,(
    (#2464,#2465)
    ,(#2466,#2467
    )),.UNSPECIFIED.,.F.,.F.,.F.,(2,2),(2,2),(-2.921128008279,
    1.746052207576),(-2.921128008279,1.746052207576),
  .PIECEWISE_BEZIER_KNOTS.);
#2464 = CARTESIAN_POINT('',(78.614000315267,67.667180215855,
    7.667180215855));
#2465 = CARTESIAN_POINT('',(78.614000315267,63.,7.667180215855));
#2466 = CARTESIAN_POINT('',(78.614000315267,67.667180215855,3.));
#2467 = CARTESIAN_POINT('',(78.614000315267,63.,3.));
#2468 = DEFINITIONAL_REPRESENTATION('',(#2469),#2472);
#2469 = B_SPLINE_CURVE_WITH_KNOTS('',1,(#2470,#2471),.UNSPECIFIED.,.F.,
  .F.,(2,2),(1.,4.081393778227),.PIECEWISE_BEZIER_KNOTS.);
#2470 = CARTESIAN_POINT('',(1.746052207575,-2.921128008279));
#2471 = CARTESIAN_POINT('',(1.746052207575,0.160265769948));
#2472 = ( GEOMETRIC_REPRESENTATION_CONTEXT(2) 
PARAMETRIC_REPRESENTATION_CONTEXT() REPRESENTATION_CONTEXT('2D SPACE',''
  ) );
#2473 = ORIENTED_EDGE('',*,*,#2474,.F.);
#2474 = EDGE_CURVE('',#553,#2449,#2475,.T.);
#2475 = SURFACE_CURVE('',#2476,(#2480,#2498),.PCURVE_S1.);
#2476 = ( BOUNDED_CURVE() B_SPLINE_CURVE(2,(#2477,#2478,#2479),
.UNSPECIFIED.,.F.,.F.) B_SPLINE_CURVE_WITH_KNOTS((3,3),(1.570796326795,
3.14159265359),.PIECEWISE_BEZIER_KNOTS.) CURVE() 
GEOMETRIC_REPRESENTATION_ITEM() RATIONAL_B_SPLINE_CURVE((1.,
0.707106781187,1.)) REPRESENTATION_ITEM('') );
#2477 = CARTESIAN_POINT('',(79.614000315267,63.585786437627,2.));
#2478 = CARTESIAN_POINT('',(78.614000315267,64.585786437627,2.));
#2479 = CARTESIAN_POINT('',(78.614000315267,64.585786437627,3.));
#2480 = PCURVE('',#566,#2481);
#2481 = DEFINITIONAL_REPRESENTATION('',(#2482),#2497);
#2482 = B_SPLINE_CURVE_WITH_KNOTS('',7,(#2483,#2484,#2485,#2486,#2487,
    #2488,#2489,#2490,#2491,#2492,#2493,#2494,#2495,#2496),
  .UNSPECIFIED.,.F.,.F.,(8,6,8),(1.570796326795,2.356194490192,
    3.14159265359),.UNSPECIFIED.);
#2483 = CARTESIAN_POINT('',(3.487868498009E-15,5.081393778228));
#2484 = CARTESIAN_POINT('',(0.112199737628,4.980378909882));
#2485 = CARTESIAN_POINT('',(0.22439947526,4.874429339659));
#2486 = CARTESIAN_POINT('',(0.336599212876,4.765656505385));
#2487 = CARTESIAN_POINT('',(0.448798950519,4.657137564577));
#2488 = CARTESIAN_POINT('',(0.560998688136,4.553206422608));
#2489 = CARTESIAN_POINT('',(0.67319842577,4.457971122939));
#2490 = CARTESIAN_POINT('',(0.897597901029,4.290602938512));
#2491 = CARTESIAN_POINT('',(1.009797638645,4.218475925865));
#2492 = CARTESIAN_POINT('',(1.121997376284,4.160762046205));
#2493 = CARTESIAN_POINT('',(1.234197113906,4.119196792916));
#2494 = CARTESIAN_POINT('',(1.346396851541,4.093299747537));
#2495 = CARTESIAN_POINT('',(1.458596589167,4.081393593343));
#2496 = CARTESIAN_POINT('',(1.570796326795,4.081393778228));
#2497 = ( GEOMETRIC_REPRESENTATION_CONTEXT(2) 
PARAMETRIC_REPRESENTATION_CONTEXT() REPRESENTATION_CONTEXT('2D SPACE',''
  ) );
#2498 = PCURVE('',#594,#2499);
#2499 = DEFINITIONAL_REPRESENTATION('',(#2500),#2518);
#2500 = B_SPLINE_CURVE_WITH_KNOTS('',8,(#2501,#2502,#2503,#2504,#2505,
    #2506,#2507,#2508,#2509,#2510,#2511,#2512,#2513,#2514,#2515,#2516,
    #2517),.UNSPECIFIED.,.F.,.F.,(9,8,9),(1.570796326795,2.356194490192,
    3.14159265359),.PIECEWISE_BEZIER_KNOTS.);
#2501 = CARTESIAN_POINT('',(3.487868498009E-15,-1.));
#2502 = CARTESIAN_POINT('',(0.112709574354,-0.911611663426));
#2503 = CARTESIAN_POINT('',(0.222527658216,-0.819524891658));
#2504 = CARTESIAN_POINT('',(0.329584065294,-0.725047726843));
#2505 = CARTESIAN_POINT('',(0.433999284686,-0.630009661591));
#2506 = CARTESIAN_POINT('',(0.535885527032,-0.536764793487));
#2507 = CARTESIAN_POINT('',(0.635347583765,-0.448005758346));
#2508 = CARTESIAN_POINT('',(0.732483555433,-0.366116501886));
#2509 = CARTESIAN_POINT('',(0.827385476227,-0.292893218813));
#2510 = CARTESIAN_POINT('',(0.922287397019,-0.219669667597));
#2511 = CARTESIAN_POINT('',(1.014955266962,-0.155113900799));
#2512 = CARTESIAN_POINT('',(1.105481120105,-0.101010972867));
#2513 = CARTESIAN_POINT('',(1.193950924645,-5.858564133923E-02));
#2514 = CARTESIAN_POINT('',(1.280445206363,-2.809162266209E-02));
#2515 = CARTESIAN_POINT('',(1.365039572487,-8.929430758351E-03));
#2516 = CARTESIAN_POINT('',(1.447805157695,1.61781761919E-07));
#2517 = CARTESIAN_POINT('',(1.528809013966,-1.773021172495E-16));
#2518 = ( GEOMETRIC_REPRESENTATION_CONTEXT(2) 
PARAMETRIC_REPRESENTATION_CONTEXT() REPRESENTATION_CONTEXT('2D SPACE',''
  ) );
#2519 = ORIENTED_EDGE('',*,*,#552,.F.);
#2520 = ADVANCED_FACE('',(#2521),#620,.F.);
#2521 = FACE_BOUND('',#2522,.F.);
#2522 = EDGE_LOOP('',(#2523,#2524,#2552,#2578,#2624));
#2523 = ORIENTED_EDGE('',*,*,#2384,.T.);
#2524 = ORIENTED_EDGE('',*,*,#2525,.T.);
#2525 = EDGE_CURVE('',#2359,#2526,#2528,.T.);
#2526 = VERTEX_POINT('',#2527);
#2527 = CARTESIAN_POINT('',(74.614000315267,67.667180215855,3.));
#2528 = SURFACE_CURVE('',#2529,(#2533,#2545),.PCURVE_S1.);
#2529 = ( BOUNDED_CURVE() B_SPLINE_CURVE(2,(#2530,#2531,#2532),
.UNSPECIFIED.,.F.,.F.) B_SPLINE_CURVE_WITH_KNOTS((3,3),(3.926990816986,
4.712388980385),.PIECEWISE_BEZIER_KNOTS.) CURVE() 
GEOMETRIC_REPRESENTATION_ITEM() RATIONAL_B_SPLINE_CURVE((1.,
0.923879532511,1.)) REPRESENTATION_ITEM('') );
#2530 = CARTESIAN_POINT('',(74.321107096453,68.374286997042,
    2.292893218813));
#2531 = CARTESIAN_POINT('',(74.614000315267,68.081393778228,
    2.585786437626));
#2532 = CARTESIAN_POINT('',(74.614000315267,67.667180215855,3.));
#2533 = PCURVE('',#620,#2534);
#2534 = DEFINITIONAL_REPRESENTATION('',(#2535),#2544);
#2535 = B_SPLINE_CURVE_WITH_KNOTS('',7,(#2536,#2537,#2538,#2539,#2540,
    #2541,#2542,#2543),.UNSPECIFIED.,.F.,.F.,(8,8),(3.926990816987,
    4.712388980385),.PIECEWISE_BEZIER_KNOTS.);
#2536 = CARTESIAN_POINT('',(0.785398163397,0.292893218813));
#2537 = CARTESIAN_POINT('',(0.889057204553,0.370206761537));
#2538 = CARTESIAN_POINT('',(0.995346437205,0.459346067069));
#2539 = CARTESIAN_POINT('',(1.104385988486,0.559026714434));
#2540 = CARTESIAN_POINT('',(1.21630512853,0.666737019475));
#2541 = CARTESIAN_POINT('',(1.331243434439,0.778550099487));
#2542 = CARTESIAN_POINT('',(1.449352205917,0.890661772325));
#2543 = CARTESIAN_POINT('',(1.570796326795,1.));
#2544 = ( GEOMETRIC_REPRESENTATION_CONTEXT(2) 
PARAMETRIC_REPRESENTATION_CONTEXT() REPRESENTATION_CONTEXT('2D SPACE',''
  ) );
#2545 = PCURVE('',#2373,#2546);
#2546 = DEFINITIONAL_REPRESENTATION('',(#2547),#2551);
#2547 = ( BOUNDED_CURVE() B_SPLINE_CURVE(2,(#2548,#2549,#2550),
.UNSPECIFIED.,.F.,.F.) B_SPLINE_CURVE_WITH_KNOTS((3,3),(3.926990816986,
4.712388980385),.PIECEWISE_BEZIER_KNOTS.) CURVE() 
GEOMETRIC_REPRESENTATION_ITEM() RATIONAL_B_SPLINE_CURVE((1.,
0.923879532511,1.)) REPRESENTATION_ITEM('') );
#2548 = CARTESIAN_POINT('',(-4.300194779651,-2.292893218814));
#2549 = CARTESIAN_POINT('',(-3.885981217278,-2.));
#2550 = CARTESIAN_POINT('',(-3.300194779651,-2.));
#2551 = ( GEOMETRIC_REPRESENTATION_CONTEXT(2) 
PARAMETRIC_REPRESENTATION_CONTEXT() REPRESENTATION_CONTEXT('2D SPACE',''
  ) );
#2552 = ORIENTED_EDGE('',*,*,#2553,.T.);
#2553 = EDGE_CURVE('',#2526,#2554,#2556,.T.);
#2554 = VERTEX_POINT('',#2555);
#2555 = CARTESIAN_POINT('',(74.614000315267,64.585786437628,3.));
#2556 = SURFACE_CURVE('',#2557,(#2560,#2567),.PCURVE_S1.);
#2557 = B_SPLINE_CURVE_WITH_KNOTS('',1,(#2558,#2559),.UNSPECIFIED.,.F.,
  .F.,(2,2),(1.,4.081393778227),.PIECEWISE_BEZIER_KNOTS.);
#2558 = CARTESIAN_POINT('',(74.614000315267,67.667180215855,3.));
#2559 = CARTESIAN_POINT('',(74.614000315267,64.585786437627,3.));
#2560 = PCURVE('',#620,#2561);
#2561 = DEFINITIONAL_REPRESENTATION('',(#2562),#2566);
#2562 = B_SPLINE_CURVE_WITH_KNOTS('',2,(#2563,#2564,#2565),
  .UNSPECIFIED.,.F.,.F.,(3,3),(1.,4.081393778227),
  .PIECEWISE_BEZIER_KNOTS.);
#2563 = CARTESIAN_POINT('',(1.570796326795,1.));
#2564 = CARTESIAN_POINT('',(1.570796326795,2.540696889114));
#2565 = CARTESIAN_POINT('',(1.570796326795,4.081393778227));
#2566 = ( GEOMETRIC_REPRESENTATION_CONTEXT(2) 
PARAMETRIC_REPRESENTATION_CONTEXT() REPRESENTATION_CONTEXT('2D SPACE',''
  ) );
#2567 = PCURVE('',#2568,#2573);
#2568 = B_SPLINE_SURFACE_WITH_KNOTS('',1,1,(
    (#2569,#2570)
    ,(#2571,#2572
    )),.UNSPECIFIED.,.F.,.F.,.F.,(2,2),(2,2),(-2.921128008279,
    1.746052207576),(-2.921128008279,1.746052207576),
  .PIECEWISE_BEZIER_KNOTS.);
#2569 = CARTESIAN_POINT('',(74.614000315267,67.667180215855,
    7.667180215855));
#2570 = CARTESIAN_POINT('',(74.614000315267,63.,7.667180215855));
#2571 = CARTESIAN_POINT('',(74.614000315267,67.667180215855,3.));
#2572 = CARTESIAN_POINT('',(74.614000315267,63.,3.));
#2573 = DEFINITIONAL_REPRESENTATION('',(#2574),#2577);
#2574 = B_SPLINE_CURVE_WITH_KNOTS('',1,(#2575,#2576),.UNSPECIFIED.,.F.,
  .F.,(2,2),(1.,4.081393778227),.PIECEWISE_BEZIER_KNOTS.);
#2575 = CARTESIAN_POINT('',(1.746052207575,-2.921128008279));
#2576 = CARTESIAN_POINT('',(1.746052207575,0.160265769948));
#2577 = ( GEOMETRIC_REPRESENTATION_CONTEXT(2) 
PARAMETRIC_REPRESENTATION_CONTEXT() REPRESENTATION_CONTEXT('2D SPACE',''
  ) );
#2578 = ORIENTED_EDGE('',*,*,#2579,.F.);
#2579 = EDGE_CURVE('',#581,#2554,#2580,.T.);
#2580 = SURFACE_CURVE('',#2581,(#2585,#2603),.PCURVE_S1.);
#2581 = ( BOUNDED_CURVE() B_SPLINE_CURVE(2,(#2582,#2583,#2584),
.UNSPECIFIED.,.F.,.F.) B_SPLINE_CURVE_WITH_KNOTS((3,3),(1.570796326795,
3.14159265359),.PIECEWISE_BEZIER_KNOTS.) CURVE() 
GEOMETRIC_REPRESENTATION_ITEM() RATIONAL_B_SPLINE_CURVE((1.,
0.707106781187,1.)) REPRESENTATION_ITEM('') );
#2582 = CARTESIAN_POINT('',(73.614000315267,63.585786437627,2.));
#2583 = CARTESIAN_POINT('',(74.614000315267,64.585786437627,2.));
#2584 = CARTESIAN_POINT('',(74.614000315267,64.585786437627,3.));
#2585 = PCURVE('',#620,#2586);
#2586 = DEFINITIONAL_REPRESENTATION('',(#2587),#2602);
#2587 = B_SPLINE_CURVE_WITH_KNOTS('',7,(#2588,#2589,#2590,#2591,#2592,
    #2593,#2594,#2595,#2596,#2597,#2598,#2599,#2600,#2601),
  .UNSPECIFIED.,.F.,.F.,(8,6,8),(1.570796326795,2.356194490192,
    3.14159265359),.UNSPECIFIED.);
#2588 = CARTESIAN_POINT('',(-1.22964224897E-14,5.081393778228));
#2589 = CARTESIAN_POINT('',(0.112199737629,4.980378909886));
#2590 = CARTESIAN_POINT('',(0.224399475255,4.874429339639));
#2591 = CARTESIAN_POINT('',(0.336599212885,4.765656505425));
#2592 = CARTESIAN_POINT('',(0.448798950511,4.65713756453));
#2593 = CARTESIAN_POINT('',(0.560998688143,4.553206422631));
#2594 = CARTESIAN_POINT('',(0.67319842577,4.457971122935));
#2595 = CARTESIAN_POINT('',(0.897597901024,4.29060293851));
#2596 = CARTESIAN_POINT('',(1.009797638671,4.218475925881));
#2597 = CARTESIAN_POINT('',(1.121997376259,4.160762046205));
#2598 = CARTESIAN_POINT('',(1.234197113941,4.11919679295));
#2599 = CARTESIAN_POINT('',(1.346396851523,4.093299747518));
#2600 = CARTESIAN_POINT('',(1.458596589171,4.081393593342));
#2601 = CARTESIAN_POINT('',(1.570796326795,4.081393778228));
#2602 = ( GEOMETRIC_REPRESENTATION_CONTEXT(2) 
PARAMETRIC_REPRESENTATION_CONTEXT() REPRESENTATION_CONTEXT('2D SPACE',''
  ) );
#2603 = PCURVE('',#594,#2604);
#2604 = DEFINITIONAL_REPRESENTATION('',(#2605),#2623);
#2605 = B_SPLINE_CURVE_WITH_KNOTS('',8,(#2606,#2607,#2608,#2609,#2610,
    #2611,#2612,#2613,#2614,#2615,#2616,#2617,#2618,#2619,#2620,#2621,
    #2622),.UNSPECIFIED.,.F.,.F.,(9,8,9),(1.570796326795,2.356194490192,
    3.14159265359),.PIECEWISE_BEZIER_KNOTS.);
#2606 = CARTESIAN_POINT('',(3.487868498009E-15,5.));
#2607 = CARTESIAN_POINT('',(0.112709574347,4.911611663405));
#2608 = CARTESIAN_POINT('',(0.222527658229,4.819524891744));
#2609 = CARTESIAN_POINT('',(0.329584065226,4.725047726104));
#2610 = CARTESIAN_POINT('',(0.433999284716,4.630009661285));
#2611 = CARTESIAN_POINT('',(0.535885526945,4.536764792719));
#2612 = CARTESIAN_POINT('',(0.635347583789,4.44800575844));
#2613 = CARTESIAN_POINT('',(0.732483555427,4.366116501874));
#2614 = CARTESIAN_POINT('',(0.827385476227,4.292893218813));
#2615 = CARTESIAN_POINT('',(0.922287397019,4.2196696676));
#2616 = CARTESIAN_POINT('',(1.014955266961,4.155113900795));
#2617 = CARTESIAN_POINT('',(1.105481120097,4.101010972879));
#2618 = CARTESIAN_POINT('',(1.193950924643,4.058585641337));
#2619 = CARTESIAN_POINT('',(1.280445206366,4.028091622646));
#2620 = CARTESIAN_POINT('',(1.365039572485,4.008929430763));
#2621 = CARTESIAN_POINT('',(1.447805157695,3.999999838223));
#2622 = CARTESIAN_POINT('',(1.528809013966,4.));
#2623 = ( GEOMETRIC_REPRESENTATION_CONTEXT(2) 
PARAMETRIC_REPRESENTATION_CONTEXT() REPRESENTATION_CONTEXT('2D SPACE',''
  ) );
#2624 = ORIENTED_EDGE('',*,*,#608,.F.);
#2625 = ADVANCED_FACE('',(#2626),#594,.T.);
#2626 = FACE_BOUND('',#2627,.T.);
#2627 = EDGE_LOOP('',(#2628,#2629,#2656,#2682,#2707,#2708));
#2628 = ORIENTED_EDGE('',*,*,#2474,.T.);
#2629 = ORIENTED_EDGE('',*,*,#2630,.T.);
#2630 = EDGE_CURVE('',#2449,#2631,#2633,.T.);
#2631 = VERTEX_POINT('',#2632);
#2632 = CARTESIAN_POINT('',(78.614000315267,64.292893218814,
    3.707106781187));
#2633 = SURFACE_CURVE('',#2634,(#2638,#2649),.PCURVE_S1.);
#2634 = ( BOUNDED_CURVE() B_SPLINE_CURVE(2,(#2635,#2636,#2637),
.UNSPECIFIED.,.F.,.F.) B_SPLINE_CURVE_WITH_KNOTS((3,3),(1.570796326795,
2.356194490192),.PIECEWISE_BEZIER_KNOTS.) CURVE() 
GEOMETRIC_REPRESENTATION_ITEM() RATIONAL_B_SPLINE_CURVE((1.,
0.923879532511,1.)) REPRESENTATION_ITEM('') );
#2635 = CARTESIAN_POINT('',(78.614000315267,64.585786437627,3.));
#2636 = CARTESIAN_POINT('',(78.614000315267,64.585786437627,
    3.414213562373));
#2637 = CARTESIAN_POINT('',(78.614000315267,64.292893218813,
    3.707106781187));
#2638 = PCURVE('',#594,#2639);
#2639 = DEFINITIONAL_REPRESENTATION('',(#2640),#2648);
#2640 = B_SPLINE_CURVE_WITH_KNOTS('',6,(#2641,#2642,#2643,#2644,#2645,
    #2646,#2647),.UNSPECIFIED.,.F.,.F.,(7,7),(1.570796326795,
    2.356194490192),.PIECEWISE_BEZIER_KNOTS.);
#2641 = CARTESIAN_POINT('',(1.528809013966,-1.085380377568E-16));
#2642 = CARTESIAN_POINT('',(1.645712916364,-8.282827276117E-14));
#2643 = CARTESIAN_POINT('',(1.769736011643,2.968863607871E-13));
#2644 = CARTESIAN_POINT('',(1.901690339137,-4.871465221474E-13));
#2645 = CARTESIAN_POINT('',(2.042556085684,4.032030134084E-13));
#2646 = CARTESIAN_POINT('',(2.193533227343,-1.382643103032E-13));
#2647 = CARTESIAN_POINT('',(2.356194490192,2.84217094304E-14));
#2648 = ( GEOMETRIC_REPRESENTATION_CONTEXT(2) 
PARAMETRIC_REPRESENTATION_CONTEXT() REPRESENTATION_CONTEXT('2D SPACE',''
  ) );
#2649 = PCURVE('',#2463,#2650);
#2650 = DEFINITIONAL_REPRESENTATION('',(#2651),#2655);
#2651 = ( BOUNDED_CURVE() B_SPLINE_CURVE(2,(#2652,#2653,#2654),
.UNSPECIFIED.,.F.,.F.) B_SPLINE_CURVE_WITH_KNOTS((3,3),(1.570796326795,
2.356194490192),.PIECEWISE_BEZIER_KNOTS.) CURVE() 
GEOMETRIC_REPRESENTATION_ITEM() RATIONAL_B_SPLINE_CURVE((1.,
0.923879532511,1.)) REPRESENTATION_ITEM('') );
#2652 = CARTESIAN_POINT('',(1.746052207575,0.160265769949));
#2653 = CARTESIAN_POINT('',(1.331838645202,0.160265769949));
#2654 = CARTESIAN_POINT('',(1.038945426389,0.453158988762));
#2655 = ( GEOMETRIC_REPRESENTATION_CONTEXT(2) 
PARAMETRIC_REPRESENTATION_CONTEXT() REPRESENTATION_CONTEXT('2D SPACE',''
  ) );
#2656 = ORIENTED_EDGE('',*,*,#2657,.T.);
#2657 = EDGE_CURVE('',#2631,#2658,#2660,.T.);
#2658 = VERTEX_POINT('',#2659);
#2659 = CARTESIAN_POINT('',(74.614000315267,64.292893218814,
    3.707106781187));
#2660 = SURFACE_CURVE('',#2661,(#2664,#2671),.PCURVE_S1.);
#2661 = B_SPLINE_CURVE_WITH_KNOTS('',1,(#2662,#2663),.UNSPECIFIED.,.F.,
  .F.,(2,2),(0.,4.),.PIECEWISE_BEZIER_KNOTS.);
#2662 = CARTESIAN_POINT('',(78.614000315267,64.292893218813,
    3.707106781187));
#2663 = CARTESIAN_POINT('',(74.614000315267,64.292893218813,
    3.707106781187));
#2664 = PCURVE('',#594,#2665);
#2665 = DEFINITIONAL_REPRESENTATION('',(#2666),#2670);
#2666 = B_SPLINE_CURVE_WITH_KNOTS('',2,(#2667,#2668,#2669),
  .UNSPECIFIED.,.F.,.F.,(3,3),(0.,4.),.PIECEWISE_BEZIER_KNOTS.);
#2667 = CARTESIAN_POINT('',(2.356194490192,-9.73378074156E-31));
#2668 = CARTESIAN_POINT('',(2.356194490192,2.));
#2669 = CARTESIAN_POINT('',(2.356194490192,4.));
#2670 = ( GEOMETRIC_REPRESENTATION_CONTEXT(2) 
PARAMETRIC_REPRESENTATION_CONTEXT() REPRESENTATION_CONTEXT('2D SPACE',''
  ) );
#2671 = PCURVE('',#2672,#2677);
#2672 = B_SPLINE_SURFACE_WITH_KNOTS('',1,1,(
    (#2673,#2674)
    ,(#2675,#2676
    )),.UNSPECIFIED.,.F.,.F.,.F.,(2,2),(2,2),(-0.414213562373,
    0.414213562373),(-2.,2.),.PIECEWISE_BEZIER_KNOTS.);
#2673 = CARTESIAN_POINT('',(78.614000315267,63.707106781187,
    4.292893218813));
#2674 = CARTESIAN_POINT('',(74.614000315267,63.707106781187,
    4.292893218813));
#2675 = CARTESIAN_POINT('',(78.614000315267,64.292893218813,
    3.707106781187));
#2676 = CARTESIAN_POINT('',(74.614000315267,64.292893218813,
    3.707106781187));
#2677 = DEFINITIONAL_REPRESENTATION('',(#2678),#2681);
#2678 = B_SPLINE_CURVE_WITH_KNOTS('',1,(#2679,#2680),.UNSPECIFIED.,.F.,
  .F.,(2,2),(0.,4.),.PIECEWISE_BEZIER_KNOTS.);
#2679 = CARTESIAN_POINT('',(0.414213562373,-2.));
#2680 = CARTESIAN_POINT('',(0.414213562373,2.));
#2681 = ( GEOMETRIC_REPRESENTATION_CONTEXT(2) 
PARAMETRIC_REPRESENTATION_CONTEXT() REPRESENTATION_CONTEXT('2D SPACE',''
  ) );
#2682 = ORIENTED_EDGE('',*,*,#2683,.F.);
#2683 = EDGE_CURVE('',#2554,#2658,#2684,.T.);
#2684 = SURFACE_CURVE('',#2685,(#2689,#2700),.PCURVE_S1.);
#2685 = ( BOUNDED_CURVE() B_SPLINE_CURVE(2,(#2686,#2687,#2688),
.UNSPECIFIED.,.F.,.F.) B_SPLINE_CURVE_WITH_KNOTS((3,3),(1.570796326795,
2.356194490192),.PIECEWISE_BEZIER_KNOTS.) CURVE() 
GEOMETRIC_REPRESENTATION_ITEM() RATIONAL_B_SPLINE_CURVE((1.,
0.923879532511,1.)) REPRESENTATION_ITEM('') );
#2686 = CARTESIAN_POINT('',(74.614000315267,64.585786437627,3.));
#2687 = CARTESIAN_POINT('',(74.614000315267,64.585786437627,
    3.414213562373));
#2688 = CARTESIAN_POINT('',(74.614000315267,64.292893218813,
    3.707106781187));
#2689 = PCURVE('',#594,#2690);
#2690 = DEFINITIONAL_REPRESENTATION('',(#2691),#2699);
#2691 = B_SPLINE_CURVE_WITH_KNOTS('',6,(#2692,#2693,#2694,#2695,#2696,
    #2697,#2698),.UNSPECIFIED.,.F.,.F.,(7,7),(1.570796326795,
    2.356194490192),.PIECEWISE_BEZIER_KNOTS.);
#2692 = CARTESIAN_POINT('',(1.528809013966,4.));
#2693 = CARTESIAN_POINT('',(1.645712916364,3.999999999999));
#2694 = CARTESIAN_POINT('',(1.769736011643,4.000000000006));
#2695 = CARTESIAN_POINT('',(1.901690339137,3.999999999992));
#2696 = CARTESIAN_POINT('',(2.042556085684,4.000000000007));
#2697 = CARTESIAN_POINT('',(2.193533227343,3.999999999999));
#2698 = CARTESIAN_POINT('',(2.356194490192,4.));
#2699 = ( GEOMETRIC_REPRESENTATION_CONTEXT(2) 
PARAMETRIC_REPRESENTATION_CONTEXT() REPRESENTATION_CONTEXT('2D SPACE',''
  ) );
#2700 = PCURVE('',#2568,#2701);
#2701 = DEFINITIONAL_REPRESENTATION('',(#2702),#2706);
#2702 = ( BOUNDED_CURVE() B_SPLINE_CURVE(2,(#2703,#2704,#2705),
.UNSPECIFIED.,.F.,.F.) B_SPLINE_CURVE_WITH_KNOTS((3,3),(1.570796326795,
2.356194490192),.PIECEWISE_BEZIER_KNOTS.) CURVE() 
GEOMETRIC_REPRESENTATION_ITEM() RATIONAL_B_SPLINE_CURVE((1.,
0.923879532511,1.)) REPRESENTATION_ITEM('') );
#2703 = CARTESIAN_POINT('',(1.746052207575,0.160265769949));
#2704 = CARTESIAN_POINT('',(1.331838645202,0.160265769949));
#2705 = CARTESIAN_POINT('',(1.038945426389,0.453158988762));
#2706 = ( GEOMETRIC_REPRESENTATION_CONTEXT(2) 
PARAMETRIC_REPRESENTATION_CONTEXT() REPRESENTATION_CONTEXT('2D SPACE',''
  ) );
#2707 = ORIENTED_EDGE('',*,*,#2579,.F.);
#2708 = ORIENTED_EDGE('',*,*,#580,.F.);
#2709 = ADVANCED_FACE('',(#2710),#652,.T.);
#2710 = FACE_BOUND('',#2711,.T.);
#2711 = EDGE_LOOP('',(#2712,#2757,#2783,#2826));
#2712 = ORIENTED_EDGE('',*,*,#2713,.T.);
#2713 = EDGE_CURVE('',#637,#2714,#2716,.T.);
#2714 = VERTEX_POINT('',#2715);
#2715 = CARTESIAN_POINT('',(62.,153.42825296957,3.));
#2716 = SURFACE_CURVE('',#2717,(#2721,#2739),.PCURVE_S1.);
#2717 = ( BOUNDED_CURVE() B_SPLINE_CURVE(2,(#2718,#2719,#2720),
.UNSPECIFIED.,.F.,.F.) B_SPLINE_CURVE_WITH_KNOTS((3,3),(4.712388980385,
6.28318530718),.PIECEWISE_BEZIER_KNOTS.) CURVE() 
GEOMETRIC_REPRESENTATION_ITEM() RATIONAL_B_SPLINE_CURVE((1.,
0.707106781187,1.)) REPRESENTATION_ITEM('') );
#2718 = CARTESIAN_POINT('',(63.,152.42825296957,2.));
#2719 = CARTESIAN_POINT('',(62.,153.42825296957,2.));
#2720 = CARTESIAN_POINT('',(62.,153.42825296957,3.));
#2721 = PCURVE('',#652,#2722);
#2722 = DEFINITIONAL_REPRESENTATION('',(#2723),#2738);
#2723 = B_SPLINE_CURVE_WITH_KNOTS('',7,(#2724,#2725,#2726,#2727,#2728,
    #2729,#2730,#2731,#2732,#2733,#2734,#2735,#2736,#2737),
  .UNSPECIFIED.,.F.,.F.,(8,6,8),(4.712388980385,5.497787143782,
    6.28318530718),.UNSPECIFIED.);
#2724 = CARTESIAN_POINT('',(0.,-1.));
#2725 = CARTESIAN_POINT('',(0.11219973763,-0.89898513165));
#2726 = CARTESIAN_POINT('',(0.22439947525,-0.793035561419));
#2727 = CARTESIAN_POINT('',(0.336599212897,-0.684262727188));
#2728 = CARTESIAN_POINT('',(0.448798950499,-0.575743786374));
#2729 = CARTESIAN_POINT('',(0.560998688147,-0.471812644375));
#2730 = CARTESIAN_POINT('',(0.673198425769,-0.376577344704));
#2731 = CARTESIAN_POINT('',(0.897597901028,-0.209209160281));
#2732 = CARTESIAN_POINT('',(1.009797638654,-0.137082147639));
#2733 = CARTESIAN_POINT('',(1.121997376278,-7.936826800387E-02));
#2734 = CARTESIAN_POINT('',(1.234197113906,-3.780301467551E-02));
#2735 = CARTESIAN_POINT('',(1.346396851545,-1.19059693085E-02));
#2736 = CARTESIAN_POINT('',(1.458596589167,1.848932469696E-07));
#2737 = CARTESIAN_POINT('',(1.570796326795,7.216449660064E-15));
#2738 = ( GEOMETRIC_REPRESENTATION_CONTEXT(2) 
PARAMETRIC_REPRESENTATION_CONTEXT() REPRESENTATION_CONTEXT('2D SPACE',''
  ) );
#2739 = PCURVE('',#734,#2740);
#2740 = DEFINITIONAL_REPRESENTATION('',(#2741),#2756);
#2741 = B_SPLINE_CURVE_WITH_KNOTS('',7,(#2742,#2743,#2744,#2745,#2746,
    #2747,#2748,#2749,#2750,#2751,#2752,#2753,#2754,#2755),
  .UNSPECIFIED.,.F.,.F.,(8,6,8),(4.712388980385,5.497787143782,
    6.28318530718),.UNSPECIFIED.);
#2742 = CARTESIAN_POINT('',(0.,-1.));
#2743 = CARTESIAN_POINT('',(0.11219973763,-0.898985131648));
#2744 = CARTESIAN_POINT('',(0.224399475251,-0.793035561427));
#2745 = CARTESIAN_POINT('',(0.336599212895,-0.684262727181));
#2746 = CARTESIAN_POINT('',(0.448798950507,-0.57574378639));
#2747 = CARTESIAN_POINT('',(0.560998688144,-0.471812644372));
#2748 = CARTESIAN_POINT('',(0.673198425769,-0.376577344704));
#2749 = CARTESIAN_POINT('',(0.897597901027,-0.20920916028));
#2750 = CARTESIAN_POINT('',(1.009797638659,-0.13708214764));
#2751 = CARTESIAN_POINT('',(1.121997376277,-7.936826800027E-02));
#2752 = CARTESIAN_POINT('',(1.234197113912,-3.780301467832E-02));
#2753 = CARTESIAN_POINT('',(1.346396851539,-1.190596930626E-02));
#2754 = CARTESIAN_POINT('',(1.45859658917,1.848928470455E-07));
#2755 = CARTESIAN_POINT('',(1.570796326795,8.537615059367E-14));
#2756 = ( GEOMETRIC_REPRESENTATION_CONTEXT(2) 
PARAMETRIC_REPRESENTATION_CONTEXT() REPRESENTATION_CONTEXT('2D SPACE',''
  ) );
#2757 = ORIENTED_EDGE('',*,*,#2758,.T.);
#2758 = EDGE_CURVE('',#2714,#2759,#2761,.T.);
#2759 = VERTEX_POINT('',#2760);
#2760 = CARTESIAN_POINT('',(58.,153.42825296957,3.));
#2761 = SURFACE_CURVE('',#2762,(#2765,#2772),.PCURVE_S1.);
#2762 = B_SPLINE_CURVE_WITH_KNOTS('',1,(#2763,#2764),.UNSPECIFIED.,.F.,
  .F.,(2,2),(-0.,4.),.PIECEWISE_BEZIER_KNOTS.);
#2763 = CARTESIAN_POINT('',(62.,153.42825296957,3.));
#2764 = CARTESIAN_POINT('',(58.,153.42825296957,3.));
#2765 = PCURVE('',#652,#2766);
#2766 = DEFINITIONAL_REPRESENTATION('',(#2767),#2771);
#2767 = B_SPLINE_CURVE_WITH_KNOTS('',2,(#2768,#2769,#2770),
  .UNSPECIFIED.,.F.,.F.,(3,3),(-0.,4.),.PIECEWISE_BEZIER_KNOTS.);
#2768 = CARTESIAN_POINT('',(1.570796326795,0.));
#2769 = CARTESIAN_POINT('',(1.570796326795,2.));
#2770 = CARTESIAN_POINT('',(1.570796326795,4.));
#2771 = ( GEOMETRIC_REPRESENTATION_CONTEXT(2) 
PARAMETRIC_REPRESENTATION_CONTEXT() REPRESENTATION_CONTEXT('2D SPACE',''
  ) );
#2772 = PCURVE('',#2773,#2778);
#2773 = B_SPLINE_SURFACE_WITH_KNOTS('',1,1,(
    (#2774,#2775)
    ,(#2776,#2777
    )),.UNSPECIFIED.,.F.,.F.,.F.,(2,2),(2,2),(-4.043199653454,
    7.043199653454),(-2.,2.),.PIECEWISE_BEZIER_KNOTS.);
#2774 = CARTESIAN_POINT('',(58.,153.42825296957,3.));
#2775 = CARTESIAN_POINT('',(62.,153.42825296957,3.));
#2776 = CARTESIAN_POINT('',(58.,153.42825296957,14.086399306909));
#2777 = CARTESIAN_POINT('',(62.,153.42825296957,14.086399306909));
#2778 = DEFINITIONAL_REPRESENTATION('',(#2779),#2782);
#2779 = B_SPLINE_CURVE_WITH_KNOTS('',1,(#2780,#2781),.UNSPECIFIED.,.F.,
  .F.,(2,2),(-0.,4.),.PIECEWISE_BEZIER_KNOTS.);
#2780 = CARTESIAN_POINT('',(-4.043199653454,2.));
#2781 = CARTESIAN_POINT('',(-4.043199653454,-2.));
#2782 = ( GEOMETRIC_REPRESENTATION_CONTEXT(2) 
PARAMETRIC_REPRESENTATION_CONTEXT() REPRESENTATION_CONTEXT('2D SPACE',''
  ) );
#2783 = ORIENTED_EDGE('',*,*,#2784,.F.);
#2784 = EDGE_CURVE('',#639,#2759,#2785,.T.);
#2785 = SURFACE_CURVE('',#2786,(#2790,#2808),.PCURVE_S1.);
#2786 = ( BOUNDED_CURVE() B_SPLINE_CURVE(2,(#2787,#2788,#2789),
.UNSPECIFIED.,.F.,.F.) B_SPLINE_CURVE_WITH_KNOTS((3,3),(1.570796326795,
3.14159265359),.PIECEWISE_BEZIER_KNOTS.) CURVE() 
GEOMETRIC_REPRESENTATION_ITEM() RATIONAL_B_SPLINE_CURVE((1.,
0.707106781187,1.)) REPRESENTATION_ITEM('') );
#2787 = CARTESIAN_POINT('',(57.,152.42825296957,2.));
#2788 = CARTESIAN_POINT('',(58.,153.42825296957,2.));
#2789 = CARTESIAN_POINT('',(58.,153.42825296957,3.));
#2790 = PCURVE('',#652,#2791);
#2791 = DEFINITIONAL_REPRESENTATION('',(#2792),#2807);
#2792 = B_SPLINE_CURVE_WITH_KNOTS('',7,(#2793,#2794,#2795,#2796,#2797,
    #2798,#2799,#2800,#2801,#2802,#2803,#2804,#2805,#2806),
  .UNSPECIFIED.,.F.,.F.,(8,6,8),(1.570796326795,2.356194490192,
    3.14159265359),.UNSPECIFIED.);
#2793 = CARTESIAN_POINT('',(-2.80807134774E-14,5.));
#2794 = CARTESIAN_POINT('',(0.112199737627,4.898985131653));
#2795 = CARTESIAN_POINT('',(0.224399475264,4.793035561408));
#2796 = CARTESIAN_POINT('',(0.336599212868,4.684262727225));
#2797 = CARTESIAN_POINT('',(0.448798950529,4.575743786377));
#2798 = CARTESIAN_POINT('',(0.560998688134,4.471812644386));
#2799 = CARTESIAN_POINT('',(0.673198425771,4.376577344705));
#2800 = CARTESIAN_POINT('',(0.897597901029,4.209209160275));
#2801 = CARTESIAN_POINT('',(1.009797638648,4.137082147691));
#2802 = CARTESIAN_POINT('',(1.121997376289,4.07936826789));
#2803 = CARTESIAN_POINT('',(1.234197113892,4.03780301477));
#2804 = CARTESIAN_POINT('',(1.346396851546,4.011905969264));
#2805 = CARTESIAN_POINT('',(1.458596589167,3.999999815125));
#2806 = CARTESIAN_POINT('',(1.570796326795,4.));
#2807 = ( GEOMETRIC_REPRESENTATION_CONTEXT(2) 
PARAMETRIC_REPRESENTATION_CONTEXT() REPRESENTATION_CONTEXT('2D SPACE',''
  ) );
#2808 = PCURVE('',#680,#2809);
#2809 = DEFINITIONAL_REPRESENTATION('',(#2810),#2825);
#2810 = B_SPLINE_CURVE_WITH_KNOTS('',7,(#2811,#2812,#2813,#2814,#2815,
    #2816,#2817,#2818,#2819,#2820,#2821,#2822,#2823,#2824),
  .UNSPECIFIED.,.F.,.F.,(8,6,8),(1.570796326795,2.356194490192,
    3.14159265359),.UNSPECIFIED.);
#2811 = CARTESIAN_POINT('',(-1.22964224897E-14,-1.));
#2812 = CARTESIAN_POINT('',(0.112199737628,-0.89898513165));
#2813 = CARTESIAN_POINT('',(0.22439947526,-0.793035561419));
#2814 = CARTESIAN_POINT('',(0.336599212873,-0.684262727187));
#2815 = CARTESIAN_POINT('',(0.44879895052,-0.575743786375));
#2816 = CARTESIAN_POINT('',(0.560998688136,-0.471812644376));
#2817 = CARTESIAN_POINT('',(0.673198425771,-0.376577344704));
#2818 = CARTESIAN_POINT('',(0.897597901026,-0.209209160281));
#2819 = CARTESIAN_POINT('',(1.009797638662,-0.137082147639));
#2820 = CARTESIAN_POINT('',(1.121997376262,-7.936826800305E-02));
#2821 = CARTESIAN_POINT('',(1.234197113924,-3.780301467638E-02));
#2822 = CARTESIAN_POINT('',(1.346396851532,-1.190596930807E-02));
#2823 = CARTESIAN_POINT('',(1.45859658917,1.848933474644E-07));
#2824 = CARTESIAN_POINT('',(1.570796326795,8.526512829121E-14));
#2825 = ( GEOMETRIC_REPRESENTATION_CONTEXT(2) 
PARAMETRIC_REPRESENTATION_CONTEXT() REPRESENTATION_CONTEXT('2D SPACE',''
  ) );
#2826 = ORIENTED_EDGE('',*,*,#636,.F.);
#2827 = ADVANCED_FACE('',(#2828),#734,.F.);
#2828 = FACE_BOUND('',#2829,.F.);
#2829 = EDGE_LOOP('',(#2830,#2831,#2857,#2900));
#2830 = ORIENTED_EDGE('',*,*,#2713,.T.);
#2831 = ORIENTED_EDGE('',*,*,#2832,.T.);
#2832 = EDGE_CURVE('',#2714,#2833,#2835,.T.);
#2833 = VERTEX_POINT('',#2834);
#2834 = CARTESIAN_POINT('',(62.,206.57174703042,3.));
#2835 = SURFACE_CURVE('',#2836,(#2839,#2846),.PCURVE_S1.);
#2836 = B_SPLINE_CURVE_WITH_KNOTS('',1,(#2837,#2838),.UNSPECIFIED.,.F.,
  .F.,(2,2),(5.684341886081E-14,53.143494060858),
  .PIECEWISE_BEZIER_KNOTS.);
#2837 = CARTESIAN_POINT('',(62.,153.42825296957,3.));
#2838 = CARTESIAN_POINT('',(62.,206.57174703042,3.));
#2839 = PCURVE('',#734,#2840);
#2840 = DEFINITIONAL_REPRESENTATION('',(#2841),#2845);
#2841 = B_SPLINE_CURVE_WITH_KNOTS('',2,(#2842,#2843,#2844),
  .UNSPECIFIED.,.F.,.F.,(3,3),(5.684341886081E-14,53.143494060858),
  .PIECEWISE_BEZIER_KNOTS.);
#2842 = CARTESIAN_POINT('',(1.570796326795,5.684341886081E-14));
#2843 = CARTESIAN_POINT('',(1.570796326795,26.571747030429));
#2844 = CARTESIAN_POINT('',(1.570796326795,53.143494060858));
#2845 = ( GEOMETRIC_REPRESENTATION_CONTEXT(2) 
PARAMETRIC_REPRESENTATION_CONTEXT() REPRESENTATION_CONTEXT('2D SPACE',''
  ) );
#2846 = PCURVE('',#2847,#2852);
#2847 = B_SPLINE_SURFACE_WITH_KNOTS('',1,1,(
    (#2848,#2849)
    ,(#2850,#2851
    )),.UNSPECIFIED.,.F.,.F.,.F.,(2,2),(2,2),(-7.043199653454,
    4.043199653454),(-26.57174703042,26.571747030429),
  .PIECEWISE_BEZIER_KNOTS.);
#2848 = CARTESIAN_POINT('',(62.,153.42825296957,14.086399306909));
#2849 = CARTESIAN_POINT('',(62.,206.57174703042,14.086399306909));
#2850 = CARTESIAN_POINT('',(62.,153.42825296957,3.));
#2851 = CARTESIAN_POINT('',(62.,206.57174703042,3.));
#2852 = DEFINITIONAL_REPRESENTATION('',(#2853),#2856);
#2853 = B_SPLINE_CURVE_WITH_KNOTS('',1,(#2854,#2855),.UNSPECIFIED.,.F.,
  .F.,(2,2),(5.684341886081E-14,53.143494060858),
  .PIECEWISE_BEZIER_KNOTS.);
#2854 = CARTESIAN_POINT('',(4.043199653454,-26.57174703042));
#2855 = CARTESIAN_POINT('',(4.043199653454,26.571747030429));
#2856 = ( GEOMETRIC_REPRESENTATION_CONTEXT(2) 
PARAMETRIC_REPRESENTATION_CONTEXT() REPRESENTATION_CONTEXT('2D SPACE',''
  ) );
#2857 = ORIENTED_EDGE('',*,*,#2858,.F.);
#2858 = EDGE_CURVE('',#695,#2833,#2859,.T.);
#2859 = SURFACE_CURVE('',#2860,(#2864,#2882),.PCURVE_S1.);
#2860 = ( BOUNDED_CURVE() B_SPLINE_CURVE(2,(#2861,#2862,#2863),
.UNSPECIFIED.,.F.,.F.) B_SPLINE_CURVE_WITH_KNOTS((3,3),(4.712388980385,
6.28318530718),.PIECEWISE_BEZIER_KNOTS.) CURVE() 
GEOMETRIC_REPRESENTATION_ITEM() RATIONAL_B_SPLINE_CURVE((1.,
0.707106781187,1.)) REPRESENTATION_ITEM('') );
#2861 = CARTESIAN_POINT('',(63.,207.57174703042,2.));
#2862 = CARTESIAN_POINT('',(62.,206.57174703042,2.));
#2863 = CARTESIAN_POINT('',(62.,206.57174703042,3.));
#2864 = PCURVE('',#734,#2865);
#2865 = DEFINITIONAL_REPRESENTATION('',(#2866),#2881);
#2866 = B_SPLINE_CURVE_WITH_KNOTS('',7,(#2867,#2868,#2869,#2870,#2871,
    #2872,#2873,#2874,#2875,#2876,#2877,#2878,#2879,#2880),
  .UNSPECIFIED.,.F.,.F.,(8,6,8),(4.712388980385,5.497787143782,
    6.28318530718),.UNSPECIFIED.);
#2867 = CARTESIAN_POINT('',(7.105427357601E-15,54.143494060858));
#2868 = CARTESIAN_POINT('',(0.112199737629,54.042479192517));
#2869 = CARTESIAN_POINT('',(0.224399475257,53.936529622609));
#2870 = CARTESIAN_POINT('',(0.336599212885,53.827756787601));
#2871 = CARTESIAN_POINT('',(0.44879895051,53.71923784792));
#2872 = CARTESIAN_POINT('',(0.560998688141,53.615306705142));
#2873 = CARTESIAN_POINT('',(0.67319842577,53.520071405711));
#2874 = CARTESIAN_POINT('',(0.897597901026,53.352703221149));
#2875 = CARTESIAN_POINT('',(1.009797638658,53.280576208903));
#2876 = CARTESIAN_POINT('',(1.121997376266,53.222862328066));
#2877 = CARTESIAN_POINT('',(1.234197113924,53.18129707629));
#2878 = CARTESIAN_POINT('',(1.346396851533,53.155400029908));
#2879 = CARTESIAN_POINT('',(1.458596589169,53.143493876083));
#2880 = CARTESIAN_POINT('',(1.570796326795,53.143494060858));
#2881 = ( GEOMETRIC_REPRESENTATION_CONTEXT(2) 
PARAMETRIC_REPRESENTATION_CONTEXT() REPRESENTATION_CONTEXT('2D SPACE',''
  ) );
#2882 = PCURVE('',#708,#2883);
#2883 = DEFINITIONAL_REPRESENTATION('',(#2884),#2899);
#2884 = B_SPLINE_CURVE_WITH_KNOTS('',7,(#2885,#2886,#2887,#2888,#2889,
    #2890,#2891,#2892,#2893,#2894,#2895,#2896,#2897,#2898),
  .UNSPECIFIED.,.F.,.F.,(8,6,8),(4.712388980385,5.497787143782,
    6.28318530718),.UNSPECIFIED.);
#2885 = CARTESIAN_POINT('',(-3.156858197541E-14,-1.));
#2886 = CARTESIAN_POINT('',(0.112199737628,-0.898985131649));
#2887 = CARTESIAN_POINT('',(0.224399475258,-0.793035561424));
#2888 = CARTESIAN_POINT('',(0.336599212882,-0.684262727181));
#2889 = CARTESIAN_POINT('',(0.448798950517,-0.575743786382));
#2890 = CARTESIAN_POINT('',(0.560998688138,-0.471812644373));
#2891 = CARTESIAN_POINT('',(0.67319842577,-0.376577344704));
#2892 = CARTESIAN_POINT('',(0.897597901027,-0.209209160281));
#2893 = CARTESIAN_POINT('',(1.009797638651,-0.137082147638));
#2894 = CARTESIAN_POINT('',(1.121997376283,-7.936826800456E-02));
#2895 = CARTESIAN_POINT('',(1.234197113909,-3.780301467462E-02));
#2896 = CARTESIAN_POINT('',(1.346396851536,-1.190596930905E-02));
#2897 = CARTESIAN_POINT('',(1.458596589168,1.848934036318E-07));
#2898 = CARTESIAN_POINT('',(1.570796326795,7.216449660064E-15));
#2899 = ( GEOMETRIC_REPRESENTATION_CONTEXT(2) 
PARAMETRIC_REPRESENTATION_CONTEXT() REPRESENTATION_CONTEXT('2D SPACE',''
  ) );
#2900 = ORIENTED_EDGE('',*,*,#722,.F.);
#2901 = ADVANCED_FACE('',(#2902),#680,.T.);
#2902 = FACE_BOUND('',#2903,.T.);
#2903 = EDGE_LOOP('',(#2904,#2905,#2931,#2974));
#2904 = ORIENTED_EDGE('',*,*,#2784,.T.);
#2905 = ORIENTED_EDGE('',*,*,#2906,.T.);
#2906 = EDGE_CURVE('',#2759,#2907,#2909,.T.);
#2907 = VERTEX_POINT('',#2908);
#2908 = CARTESIAN_POINT('',(58.,206.57174703042,3.));
#2909 = SURFACE_CURVE('',#2910,(#2913,#2920),.PCURVE_S1.);
#2910 = B_SPLINE_CURVE_WITH_KNOTS('',1,(#2911,#2912),.UNSPECIFIED.,.F.,
  .F.,(2,2),(5.684341886081E-14,53.143494060858),
  .PIECEWISE_BEZIER_KNOTS.);
#2911 = CARTESIAN_POINT('',(58.,153.42825296957,3.));
#2912 = CARTESIAN_POINT('',(58.,206.57174703042,3.));
#2913 = PCURVE('',#680,#2914);
#2914 = DEFINITIONAL_REPRESENTATION('',(#2915),#2919);
#2915 = B_SPLINE_CURVE_WITH_KNOTS('',2,(#2916,#2917,#2918),
  .UNSPECIFIED.,.F.,.F.,(3,3),(5.684341886081E-14,53.143494060858),
  .PIECEWISE_BEZIER_KNOTS.);
#2916 = CARTESIAN_POINT('',(1.570796326795,8.526512829121E-14));
#2917 = CARTESIAN_POINT('',(1.570796326795,26.571747030429));
#2918 = CARTESIAN_POINT('',(1.570796326795,53.143494060858));
#2919 = ( GEOMETRIC_REPRESENTATION_CONTEXT(2) 
PARAMETRIC_REPRESENTATION_CONTEXT() REPRESENTATION_CONTEXT('2D SPACE',''
  ) );
#2920 = PCURVE('',#2921,#2926);
#2921 = B_SPLINE_SURFACE_WITH_KNOTS('',1,1,(
    (#2922,#2923)
    ,(#2924,#2925
    )),.UNSPECIFIED.,.F.,.F.,.F.,(2,2),(2,2),(-7.043199653454,
    4.043199653454),(-26.57174703042,26.571747030429),
  .PIECEWISE_BEZIER_KNOTS.);
#2922 = CARTESIAN_POINT('',(58.,153.42825296957,14.086399306909));
#2923 = CARTESIAN_POINT('',(58.,206.57174703042,14.086399306909));
#2924 = CARTESIAN_POINT('',(58.,153.42825296957,3.));
#2925 = CARTESIAN_POINT('',(58.,206.57174703042,3.));
#2926 = DEFINITIONAL_REPRESENTATION('',(#2927),#2930);
#2927 = B_SPLINE_CURVE_WITH_KNOTS('',1,(#2928,#2929),.UNSPECIFIED.,.F.,
  .F.,(2,2),(5.684341886081E-14,53.143494060858),
  .PIECEWISE_BEZIER_KNOTS.);
#2928 = CARTESIAN_POINT('',(4.043199653454,-26.57174703042));
#2929 = CARTESIAN_POINT('',(4.043199653454,26.571747030429));
#2930 = ( GEOMETRIC_REPRESENTATION_CONTEXT(2) 
PARAMETRIC_REPRESENTATION_CONTEXT() REPRESENTATION_CONTEXT('2D SPACE',''
  ) );
#2931 = ORIENTED_EDGE('',*,*,#2932,.F.);
#2932 = EDGE_CURVE('',#667,#2907,#2933,.T.);
#2933 = SURFACE_CURVE('',#2934,(#2938,#2956),.PCURVE_S1.);
#2934 = ( BOUNDED_CURVE() B_SPLINE_CURVE(2,(#2935,#2936,#2937),
.UNSPECIFIED.,.F.,.F.) B_SPLINE_CURVE_WITH_KNOTS((3,3),(1.570796326795,
3.14159265359),.PIECEWISE_BEZIER_KNOTS.) CURVE() 
GEOMETRIC_REPRESENTATION_ITEM() RATIONAL_B_SPLINE_CURVE((1.,
0.707106781187,1.)) REPRESENTATION_ITEM('') );
#2935 = CARTESIAN_POINT('',(57.,207.57174703042,2.));
#2936 = CARTESIAN_POINT('',(58.,206.57174703042,2.));
#2937 = CARTESIAN_POINT('',(58.,206.57174703042,3.));
#2938 = PCURVE('',#680,#2939);
#2939 = DEFINITIONAL_REPRESENTATION('',(#2940),#2955);
#2940 = B_SPLINE_CURVE_WITH_KNOTS('',7,(#2941,#2942,#2943,#2944,#2945,
    #2946,#2947,#2948,#2949,#2950,#2951,#2952,#2953,#2954),
  .UNSPECIFIED.,.F.,.F.,(8,6,8),(1.570796326795,2.356194490192,
    3.14159265359),.UNSPECIFIED.);
#2941 = CARTESIAN_POINT('',(-1.150970435344E-14,54.143494060858));
#2942 = CARTESIAN_POINT('',(0.112199737629,54.042479192482));
#2943 = CARTESIAN_POINT('',(0.224399475254,53.936529622597));
#2944 = CARTESIAN_POINT('',(0.336599212885,53.827756787687));
#2945 = CARTESIAN_POINT('',(0.448798950512,53.719237847828));
#2946 = CARTESIAN_POINT('',(0.560998688143,53.615306704959));
#2947 = CARTESIAN_POINT('',(0.67319842577,53.520071405679));
#2948 = CARTESIAN_POINT('',(0.897597901027,53.352703221154));
#2949 = CARTESIAN_POINT('',(1.009797638649,53.280576209205));
#2950 = CARTESIAN_POINT('',(1.12199737629,53.222862327888));
#2951 = CARTESIAN_POINT('',(1.234197113896,53.18129707609));
#2952 = CARTESIAN_POINT('',(1.346396851539,53.155400029505));
#2953 = CARTESIAN_POINT('',(1.458596589168,53.143493876141));
#2954 = CARTESIAN_POINT('',(1.570796326795,53.143494060858));
#2955 = ( GEOMETRIC_REPRESENTATION_CONTEXT(2) 
PARAMETRIC_REPRESENTATION_CONTEXT() REPRESENTATION_CONTEXT('2D SPACE',''
  ) );
#2956 = PCURVE('',#708,#2957);
#2957 = DEFINITIONAL_REPRESENTATION('',(#2958),#2973);
#2958 = B_SPLINE_CURVE_WITH_KNOTS('',7,(#2959,#2960,#2961,#2962,#2963,
    #2964,#2965,#2966,#2967,#2968,#2969,#2970,#2971,#2972),
  .UNSPECIFIED.,.F.,.F.,(8,6,8),(1.570796326795,2.356194490192,
    3.14159265359),.UNSPECIFIED.);
#2959 = CARTESIAN_POINT('',(3.487868498009E-15,5.));
#2960 = CARTESIAN_POINT('',(0.112199737629,4.898985131663));
#2961 = CARTESIAN_POINT('',(0.224399475259,4.793035561387));
#2962 = CARTESIAN_POINT('',(0.33659921288,4.684262727263));
#2963 = CARTESIAN_POINT('',(0.448798950513,4.575743786263));
#2964 = CARTESIAN_POINT('',(0.560998688141,4.471812644409));
#2965 = CARTESIAN_POINT('',(0.67319842577,4.376577344703));
#2966 = CARTESIAN_POINT('',(0.897597901029,4.209209160298));
#2967 = CARTESIAN_POINT('',(1.009797638651,4.137082147583));
#2968 = CARTESIAN_POINT('',(1.121997376288,4.079368268104));
#2969 = CARTESIAN_POINT('',(1.23419711389,4.037803014577));
#2970 = CARTESIAN_POINT('',(1.346396851547,4.011905969374));
#2971 = CARTESIAN_POINT('',(1.458596589168,3.999999815099));
#2972 = CARTESIAN_POINT('',(1.570796326795,4.));
#2973 = ( GEOMETRIC_REPRESENTATION_CONTEXT(2) 
PARAMETRIC_REPRESENTATION_CONTEXT() REPRESENTATION_CONTEXT('2D SPACE',''
  ) );
#2974 = ORIENTED_EDGE('',*,*,#666,.F.);
#2975 = ADVANCED_FACE('',(#2976),#708,.F.);
#2976 = FACE_BOUND('',#2977,.F.);
#2977 = EDGE_LOOP('',(#2978,#2979,#3003,#3004));
#2978 = ORIENTED_EDGE('',*,*,#2858,.T.);
#2979 = ORIENTED_EDGE('',*,*,#2980,.T.);
#2980 = EDGE_CURVE('',#2833,#2907,#2981,.T.);
#2981 = SURFACE_CURVE('',#2982,(#2985,#2992),.PCURVE_S1.);
#2982 = B_SPLINE_CURVE_WITH_KNOTS('',1,(#2983,#2984),.UNSPECIFIED.,.F.,
  .F.,(2,2),(-0.,4.),.PIECEWISE_BEZIER_KNOTS.);
#2983 = CARTESIAN_POINT('',(62.,206.57174703042,3.));
#2984 = CARTESIAN_POINT('',(58.,206.57174703042,3.));
#2985 = PCURVE('',#708,#2986);
#2986 = DEFINITIONAL_REPRESENTATION('',(#2987),#2991);
#2987 = B_SPLINE_CURVE_WITH_KNOTS('',2,(#2988,#2989,#2990),
  .UNSPECIFIED.,.F.,.F.,(3,3),(-0.,4.),.PIECEWISE_BEZIER_KNOTS.);
#2988 = CARTESIAN_POINT('',(1.570796326795,0.));
#2989 = CARTESIAN_POINT('',(1.570796326795,2.));
#2990 = CARTESIAN_POINT('',(1.570796326795,4.));
#2991 = ( GEOMETRIC_REPRESENTATION_CONTEXT(2) 
PARAMETRIC_REPRESENTATION_CONTEXT() REPRESENTATION_CONTEXT('2D SPACE',''
  ) );
#2992 = PCURVE('',#2993,#2998);
#2993 = B_SPLINE_SURFACE_WITH_KNOTS('',1,1,(
    (#2994,#2995)
    ,(#2996,#2997
    )),.UNSPECIFIED.,.F.,.F.,.F.,(2,2),(2,2),(-4.043199653454,
    7.043199653454),(-2.,2.),.PIECEWISE_BEZIER_KNOTS.);
#2994 = CARTESIAN_POINT('',(58.,206.57174703042,3.));
#2995 = CARTESIAN_POINT('',(62.,206.57174703042,3.));
#2996 = CARTESIAN_POINT('',(58.,206.57174703042,14.086399306909));
#2997 = CARTESIAN_POINT('',(62.,206.57174703042,14.086399306909));
#2998 = DEFINITIONAL_REPRESENTATION('',(#2999),#3002);
#2999 = B_SPLINE_CURVE_WITH_KNOTS('',1,(#3000,#3001),.UNSPECIFIED.,.F.,
  .F.,(2,2),(-0.,4.),.PIECEWISE_BEZIER_KNOTS.);
#3000 = CARTESIAN_POINT('',(-4.043199653454,2.));
#3001 = CARTESIAN_POINT('',(-4.043199653454,-2.));
#3002 = ( GEOMETRIC_REPRESENTATION_CONTEXT(2) 
PARAMETRIC_REPRESENTATION_CONTEXT() REPRESENTATION_CONTEXT('2D SPACE',''
  ) );
#3003 = ORIENTED_EDGE('',*,*,#2932,.F.);
#3004 = ORIENTED_EDGE('',*,*,#694,.F.);
#3005 = ADVANCED_FACE('',(#3006),#766,.T.);
#3006 = FACE_BOUND('',#3007,.T.);
#3007 = EDGE_LOOP('',(#3008,#3053,#3079,#3122));
#3008 = ORIENTED_EDGE('',*,*,#3009,.T.);
#3009 = EDGE_CURVE('',#751,#3010,#3012,.T.);
#3010 = VERTEX_POINT('',#3011);
#3011 = CARTESIAN_POINT('',(144.93183748919,178.,3.));
#3012 = SURFACE_CURVE('',#3013,(#3017,#3035),.PCURVE_S1.);
#3013 = ( BOUNDED_CURVE() B_SPLINE_CURVE(2,(#3014,#3015,#3016),
.UNSPECIFIED.,.F.,.F.) B_SPLINE_CURVE_WITH_KNOTS((3,3),(4.712388980385,
6.28318530718),.PIECEWISE_BEZIER_KNOTS.) CURVE() 
GEOMETRIC_REPRESENTATION_ITEM() RATIONAL_B_SPLINE_CURVE((1.,
0.707106781187,1.)) REPRESENTATION_ITEM('') );
#3014 = CARTESIAN_POINT('',(143.93183748919,177.,2.));
#3015 = CARTESIAN_POINT('',(144.93183748919,178.,2.));
#3016 = CARTESIAN_POINT('',(144.93183748919,178.,3.));
#3017 = PCURVE('',#766,#3018);
#3018 = DEFINITIONAL_REPRESENTATION('',(#3019),#3034);
#3019 = B_SPLINE_CURVE_WITH_KNOTS('',7,(#3020,#3021,#3022,#3023,#3024,
    #3025,#3026,#3027,#3028,#3029,#3030,#3031,#3032,#3033),
  .UNSPECIFIED.,.F.,.F.,(8,6,8),(4.712388980385,5.497787143782,
    6.28318530718),.UNSPECIFIED.);
#3020 = CARTESIAN_POINT('',(2.051692149507E-13,-1.));
#3021 = CARTESIAN_POINT('',(0.112199737629,-0.898985131646));
#3022 = CARTESIAN_POINT('',(0.224399475256,-0.793035561437));
#3023 = CARTESIAN_POINT('',(0.336599212889,-0.684262727161));
#3024 = CARTESIAN_POINT('',(0.448798950508,-0.575743786403));
#3025 = CARTESIAN_POINT('',(0.560998688144,-0.471812644363));
#3026 = CARTESIAN_POINT('',(0.67319842577,-0.376577344706));
#3027 = CARTESIAN_POINT('',(0.897597901026,-0.20920916028));
#3028 = CARTESIAN_POINT('',(1.009797638661,-0.13708214764));
#3029 = CARTESIAN_POINT('',(1.121997376255,-7.936826800175E-02));
#3030 = CARTESIAN_POINT('',(1.234197113935,-3.780301467651E-02));
#3031 = CARTESIAN_POINT('',(1.346396851529,-1.190596930786E-02));
#3032 = CARTESIAN_POINT('',(1.458596589171,1.848932684293E-07));
#3033 = CARTESIAN_POINT('',(1.570796326795,-1.110223024625E-16));
#3034 = ( GEOMETRIC_REPRESENTATION_CONTEXT(2) 
PARAMETRIC_REPRESENTATION_CONTEXT() REPRESENTATION_CONTEXT('2D SPACE',''
  ) );
#3035 = PCURVE('',#960,#3036);
#3036 = DEFINITIONAL_REPRESENTATION('',(#3037),#3052);
#3037 = B_SPLINE_CURVE_WITH_KNOTS('',7,(#3038,#3039,#3040,#3041,#3042,
    #3043,#3044,#3045,#3046,#3047,#3048,#3049,#3050,#3051),
  .UNSPECIFIED.,.F.,.F.,(8,6,8),(4.712388980385,5.497787143782,
    6.28318530718),.UNSPECIFIED.);
#3038 = CARTESIAN_POINT('',(1.736006329753E-13,-1.));
#3039 = CARTESIAN_POINT('',(0.11219973763,-0.89898513165));
#3040 = CARTESIAN_POINT('',(0.22439947525,-0.793035561417));
#3041 = CARTESIAN_POINT('',(0.336599212898,-0.684262727193));
#3042 = CARTESIAN_POINT('',(0.448798950505,-0.575743786367));
#3043 = CARTESIAN_POINT('',(0.560998688147,-0.471812644381));
#3044 = CARTESIAN_POINT('',(0.673198425769,-0.376577344702));
#3045 = CARTESIAN_POINT('',(0.89759790103,-0.20920916028));
#3046 = CARTESIAN_POINT('',(1.009797638639,-0.13708214764));
#3047 = CARTESIAN_POINT('',(1.121997376301,-7.936826800083E-02));
#3048 = CARTESIAN_POINT('',(1.234197113887,-3.780301467897E-02));
#3049 = CARTESIAN_POINT('',(1.34639685155,-1.190596930674E-02));
#3050 = CARTESIAN_POINT('',(1.458596589165,1.848927705782E-07));
#3051 = CARTESIAN_POINT('',(1.570796326795,-1.110223024625E-16));
#3052 = ( GEOMETRIC_REPRESENTATION_CONTEXT(2) 
PARAMETRIC_REPRESENTATION_CONTEXT() REPRESENTATION_CONTEXT('2D SPACE',''
  ) );
#3053 = ORIENTED_EDGE('',*,*,#3054,.T.);
#3054 = EDGE_CURVE('',#3010,#3055,#3057,.T.);
#3055 = VERTEX_POINT('',#3056);
#3056 = CARTESIAN_POINT('',(144.93183748919,182.,3.));
#3057 = SURFACE_CURVE('',#3058,(#3061,#3068),.PCURVE_S1.);
#3058 = B_SPLINE_CURVE_WITH_KNOTS('',1,(#3059,#3060),.UNSPECIFIED.,.F.,
  .F.,(2,2),(-0.,4.),.PIECEWISE_BEZIER_KNOTS.);
#3059 = CARTESIAN_POINT('',(144.93183748919,178.,3.));
#3060 = CARTESIAN_POINT('',(144.93183748919,182.,3.));
#3061 = PCURVE('',#766,#3062);
#3062 = DEFINITIONAL_REPRESENTATION('',(#3063),#3067);
#3063 = B_SPLINE_CURVE_WITH_KNOTS('',2,(#3064,#3065,#3066),
  .UNSPECIFIED.,.F.,.F.,(3,3),(-0.,4.),.PIECEWISE_BEZIER_KNOTS.);
#3064 = CARTESIAN_POINT('',(1.570796326795,0.));
#3065 = CARTESIAN_POINT('',(1.570796326795,2.));
#3066 = CARTESIAN_POINT('',(1.570796326795,4.));
#3067 = ( GEOMETRIC_REPRESENTATION_CONTEXT(2) 
PARAMETRIC_REPRESENTATION_CONTEXT() REPRESENTATION_CONTEXT('2D SPACE',''
  ) );
#3068 = PCURVE('',#3069,#3074);
#3069 = B_SPLINE_SURFACE_WITH_KNOTS('',1,1,(
    (#3070,#3071)
    ,(#3072,#3073
    )),.UNSPECIFIED.,.F.,.F.,.F.,(2,2),(2,2),(-4.298295750217,
    7.298295750217),(-2.,2.),.PIECEWISE_BEZIER_KNOTS.);
#3070 = CARTESIAN_POINT('',(144.93183748919,182.,3.));
#3071 = CARTESIAN_POINT('',(144.93183748919,178.,3.));
#3072 = CARTESIAN_POINT('',(144.93183748919,182.,14.596591500434));
#3073 = CARTESIAN_POINT('',(144.93183748919,178.,14.596591500434));
#3074 = DEFINITIONAL_REPRESENTATION('',(#3075),#3078);
#3075 = B_SPLINE_CURVE_WITH_KNOTS('',1,(#3076,#3077),.UNSPECIFIED.,.F.,
  .F.,(2,2),(-0.,4.),.PIECEWISE_BEZIER_KNOTS.);
#3076 = CARTESIAN_POINT('',(-4.298295750217,2.));
#3077 = CARTESIAN_POINT('',(-4.298295750217,-2.));
#3078 = ( GEOMETRIC_REPRESENTATION_CONTEXT(2) 
PARAMETRIC_REPRESENTATION_CONTEXT() REPRESENTATION_CONTEXT('2D SPACE',''
  ) );
#3079 = ORIENTED_EDGE('',*,*,#3080,.F.);
#3080 = EDGE_CURVE('',#753,#3055,#3081,.T.);
#3081 = SURFACE_CURVE('',#3082,(#3086,#3104),.PCURVE_S1.);
#3082 = ( BOUNDED_CURVE() B_SPLINE_CURVE(2,(#3083,#3084,#3085),
.UNSPECIFIED.,.F.,.F.) B_SPLINE_CURVE_WITH_KNOTS((3,3),(1.570796326795,
3.14159265359),.PIECEWISE_BEZIER_KNOTS.) CURVE() 
GEOMETRIC_REPRESENTATION_ITEM() RATIONAL_B_SPLINE_CURVE((1.,
0.707106781187,1.)) REPRESENTATION_ITEM('') );
#3083 = CARTESIAN_POINT('',(143.93183748919,183.,2.));
#3084 = CARTESIAN_POINT('',(144.93183748919,182.,2.));
#3085 = CARTESIAN_POINT('',(144.93183748919,182.,3.));
#3086 = PCURVE('',#766,#3087);
#3087 = DEFINITIONAL_REPRESENTATION('',(#3088),#3103);
#3088 = B_SPLINE_CURVE_WITH_KNOTS('',7,(#3089,#3090,#3091,#3092,#3093,
    #3094,#3095,#3096,#3097,#3098,#3099,#3100,#3101,#3102),
  .UNSPECIFIED.,.F.,.F.,(8,6,8),(1.570796326795,2.356194490192,
    3.14159265359),.UNSPECIFIED.);
#3089 = CARTESIAN_POINT('',(2.087219286295E-13,5.));
#3090 = CARTESIAN_POINT('',(0.112199737628,4.898985131663));
#3091 = CARTESIAN_POINT('',(0.224399475259,4.793035561377));
#3092 = CARTESIAN_POINT('',(0.336599212877,4.684262727276));
#3093 = CARTESIAN_POINT('',(0.448798950519,4.575743786261));
#3094 = CARTESIAN_POINT('',(0.560998688139,4.47181264441));
#3095 = CARTESIAN_POINT('',(0.673198425771,4.376577344704));
#3096 = CARTESIAN_POINT('',(0.89759790103,4.209209160291));
#3097 = CARTESIAN_POINT('',(1.009797638647,4.13708214761));
#3098 = CARTESIAN_POINT('',(1.121997376291,4.079368268047));
#3099 = CARTESIAN_POINT('',(1.234197113894,4.03780301463));
#3100 = CARTESIAN_POINT('',(1.346396851542,4.011905969319));
#3101 = CARTESIAN_POINT('',(1.458596589167,3.999999815104));
#3102 = CARTESIAN_POINT('',(1.570796326795,4.));
#3103 = ( GEOMETRIC_REPRESENTATION_CONTEXT(2) 
PARAMETRIC_REPRESENTATION_CONTEXT() REPRESENTATION_CONTEXT('2D SPACE',''
  ) );
#3104 = PCURVE('',#794,#3105);
#3105 = DEFINITIONAL_REPRESENTATION('',(#3106),#3121);
#3106 = B_SPLINE_CURVE_WITH_KNOTS('',7,(#3107,#3108,#3109,#3110,#3111,
    #3112,#3113,#3114,#3115,#3116,#3117,#3118,#3119,#3120),
  .UNSPECIFIED.,.F.,.F.,(8,6,8),(1.570796326795,2.356194490192,
    3.14159265359),.UNSPECIFIED.);
#3107 = CARTESIAN_POINT('',(3.034276745558E-13,-1.));
#3108 = CARTESIAN_POINT('',(0.112199737629,-0.898985131648));
#3109 = CARTESIAN_POINT('',(0.224399475258,-0.793035561429));
#3110 = CARTESIAN_POINT('',(0.336599212883,-0.684262727171));
#3111 = CARTESIAN_POINT('',(0.448798950514,-0.575743786397));
#3112 = CARTESIAN_POINT('',(0.560998688141,-0.471812644367));
#3113 = CARTESIAN_POINT('',(0.67319842577,-0.376577344705));
#3114 = CARTESIAN_POINT('',(0.897597901029,-0.209209160281));
#3115 = CARTESIAN_POINT('',(1.009797638643,-0.137082147639));
#3116 = CARTESIAN_POINT('',(1.121997376309,-7.936826800264E-02));
#3117 = CARTESIAN_POINT('',(1.234197113877,-3.780301467618E-02));
#3118 = CARTESIAN_POINT('',(1.346396851548,-1.190596930779E-02));
#3119 = CARTESIAN_POINT('',(1.458596589165,1.848931518742E-07));
#3120 = CARTESIAN_POINT('',(1.570796326795,-4.298193851173E-30));
#3121 = ( GEOMETRIC_REPRESENTATION_CONTEXT(2) 
PARAMETRIC_REPRESENTATION_CONTEXT() REPRESENTATION_CONTEXT('2D SPACE',''
  ) );
#3122 = ORIENTED_EDGE('',*,*,#750,.F.);
#3123 = ADVANCED_FACE('',(#3124),#960,.F.);
#3124 = FACE_BOUND('',#3125,.F.);
#3125 = EDGE_LOOP('',(#3126,#3127,#3153,#3196));
#3126 = ORIENTED_EDGE('',*,*,#3009,.T.);
#3127 = ORIENTED_EDGE('',*,*,#3128,.T.);
#3128 = EDGE_CURVE('',#3010,#3129,#3131,.T.);
#3129 = VERTEX_POINT('',#3130);
#3130 = CARTESIAN_POINT('',(215.0681625108,178.,3.));
#3131 = SURFACE_CURVE('',#3132,(#3135,#3142),.PCURVE_S1.);
#3132 = B_SPLINE_CURVE_WITH_KNOTS('',1,(#3133,#3134),.UNSPECIFIED.,.F.,
  .F.,(2,2),(2.84217094304E-14,70.136325021609),
  .PIECEWISE_BEZIER_KNOTS.);
#3133 = CARTESIAN_POINT('',(144.93183748919,178.,3.));
#3134 = CARTESIAN_POINT('',(215.0681625108,178.,3.));
#3135 = PCURVE('',#960,#3136);
#3136 = DEFINITIONAL_REPRESENTATION('',(#3137),#3141);
#3137 = B_SPLINE_CURVE_WITH_KNOTS('',2,(#3138,#3139,#3140),
  .UNSPECIFIED.,.F.,.F.,(3,3),(3.694822225953E-13,70.136325021608),
  .PIECEWISE_BEZIER_KNOTS.);
#3138 = CARTESIAN_POINT('',(1.570796326795,3.694822225953E-13));
#3139 = CARTESIAN_POINT('',(1.570796326795,35.068162510804));
#3140 = CARTESIAN_POINT('',(1.570796326795,70.136325021608));
#3141 = ( GEOMETRIC_REPRESENTATION_CONTEXT(2) 
PARAMETRIC_REPRESENTATION_CONTEXT() REPRESENTATION_CONTEXT('2D SPACE',''
  ) );
#3142 = PCURVE('',#3143,#3148);
#3143 = B_SPLINE_SURFACE_WITH_KNOTS('',1,1,(
    (#3144,#3145)
    ,(#3146,#3147
    )),.UNSPECIFIED.,.F.,.F.,.F.,(2,2),(2,2),(-7.298295750217,
    4.298295750217),(-35.0681625108,35.068162510804),
  .PIECEWISE_BEZIER_KNOTS.);
#3144 = CARTESIAN_POINT('',(144.93183748919,178.,14.596591500434));
#3145 = CARTESIAN_POINT('',(215.0681625108,178.,14.596591500434));
#3146 = CARTESIAN_POINT('',(144.93183748919,178.,3.));
#3147 = CARTESIAN_POINT('',(215.0681625108,178.,3.));
#3148 = DEFINITIONAL_REPRESENTATION('',(#3149),#3152);
#3149 = B_SPLINE_CURVE_WITH_KNOTS('',1,(#3150,#3151),.UNSPECIFIED.,.F.,
  .F.,(2,2),(2.84217094304E-14,70.136325021609),
  .PIECEWISE_BEZIER_KNOTS.);
#3150 = CARTESIAN_POINT('',(4.298295750217,-35.0681625108));
#3151 = CARTESIAN_POINT('',(4.298295750217,35.068162510804));
#3152 = ( GEOMETRIC_REPRESENTATION_CONTEXT(2) 
PARAMETRIC_REPRESENTATION_CONTEXT() REPRESENTATION_CONTEXT('2D SPACE',''
  ) );
#3153 = ORIENTED_EDGE('',*,*,#3154,.F.);
#3154 = EDGE_CURVE('',#921,#3129,#3155,.T.);
#3155 = SURFACE_CURVE('',#3156,(#3160,#3178),.PCURVE_S1.);
#3156 = ( BOUNDED_CURVE() B_SPLINE_CURVE(2,(#3157,#3158,#3159),
.UNSPECIFIED.,.F.,.F.) B_SPLINE_CURVE_WITH_KNOTS((3,3),(4.712388980385,
6.28318530718),.PIECEWISE_BEZIER_KNOTS.) CURVE() 
GEOMETRIC_REPRESENTATION_ITEM() RATIONAL_B_SPLINE_CURVE((1.,
0.707106781187,1.)) REPRESENTATION_ITEM('') );
#3157 = CARTESIAN_POINT('',(216.0681625108,177.,2.));
#3158 = CARTESIAN_POINT('',(215.0681625108,178.,2.));
#3159 = CARTESIAN_POINT('',(215.0681625108,178.,3.));
#3160 = PCURVE('',#960,#3161);
#3161 = DEFINITIONAL_REPRESENTATION('',(#3162),#3177);
#3162 = B_SPLINE_CURVE_WITH_KNOTS('',7,(#3163,#3164,#3165,#3166,#3167,
    #3168,#3169,#3170,#3171,#3172,#3173,#3174,#3175,#3176),
  .UNSPECIFIED.,.F.,.F.,(8,6,8),(4.712388980385,5.497787143782,
    6.28318530718),.UNSPECIFIED.);
#3163 = CARTESIAN_POINT('',(1.891820033961E-13,71.136325021609));
#3164 = CARTESIAN_POINT('',(0.112199737629,71.035310153423));
#3165 = CARTESIAN_POINT('',(0.224399475254,70.929360582781));
#3166 = CARTESIAN_POINT('',(0.33659921289,70.820587749526));
#3167 = CARTESIAN_POINT('',(0.448798950508,70.712068808068));
#3168 = CARTESIAN_POINT('',(0.560998688144,70.608137666176));
#3169 = CARTESIAN_POINT('',(0.67319842577,70.512902366356));
#3170 = CARTESIAN_POINT('',(0.897597901027,70.345534182015));
#3171 = CARTESIAN_POINT('',(1.009797638655,70.273407168922));
#3172 = CARTESIAN_POINT('',(1.121997376278,70.215693289411));
#3173 = CARTESIAN_POINT('',(1.234197113911,70.17412803564));
#3174 = CARTESIAN_POINT('',(1.346396851535,70.14823099121));
#3175 = CARTESIAN_POINT('',(1.458596589169,70.136324836771));
#3176 = CARTESIAN_POINT('',(1.570796326795,70.136325021609));
#3177 = ( GEOMETRIC_REPRESENTATION_CONTEXT(2) 
PARAMETRIC_REPRESENTATION_CONTEXT() REPRESENTATION_CONTEXT('2D SPACE',''
  ) );
#3178 = PCURVE('',#934,#3179);
#3179 = DEFINITIONAL_REPRESENTATION('',(#3180),#3195);
#3180 = B_SPLINE_CURVE_WITH_KNOTS('',7,(#3181,#3182,#3183,#3184,#3185,
    #3186,#3187,#3188,#3189,#3190,#3191,#3192,#3193,#3194),
  .UNSPECIFIED.,.F.,.F.,(8,6,8),(4.712388980385,5.497787143782,
    6.28318530718),.UNSPECIFIED.);
#3181 = CARTESIAN_POINT('',(1.891820033961E-13,-1.));
#3182 = CARTESIAN_POINT('',(0.112199737628,-0.898985131649));
#3183 = CARTESIAN_POINT('',(0.224399475259,-0.79303556142));
#3184 = CARTESIAN_POINT('',(0.33659921288,-0.684262727193));
#3185 = CARTESIAN_POINT('',(0.448798950519,-0.575743786371));
#3186 = CARTESIAN_POINT('',(0.560998688139,-0.471812644375));
#3187 = CARTESIAN_POINT('',(0.673198425771,-0.376577344703));
#3188 = CARTESIAN_POINT('',(0.897597901029,-0.20920916028));
#3189 = CARTESIAN_POINT('',(1.009797638648,-0.13708214764));
#3190 = CARTESIAN_POINT('',(1.121997376283,-7.936826800235E-02));
#3191 = CARTESIAN_POINT('',(1.234197113906,-3.780301467689E-02));
#3192 = CARTESIAN_POINT('',(1.346396851541,-1.190596930773E-02));
#3193 = CARTESIAN_POINT('',(1.458596589168,1.848931806999E-07));
#3194 = CARTESIAN_POINT('',(1.570796326795,-2.819966482548E-14));
#3195 = ( GEOMETRIC_REPRESENTATION_CONTEXT(2) 
PARAMETRIC_REPRESENTATION_CONTEXT() REPRESENTATION_CONTEXT('2D SPACE',''
  ) );
#3196 = ORIENTED_EDGE('',*,*,#948,.F.);
#3197 = ADVANCED_FACE('',(#3198),#794,.T.);
#3198 = FACE_BOUND('',#3199,.T.);
#3199 = EDGE_LOOP('',(#3200,#3201,#3227,#3258));
#3200 = ORIENTED_EDGE('',*,*,#3080,.T.);
#3201 = ORIENTED_EDGE('',*,*,#3202,.T.);
#3202 = EDGE_CURVE('',#3055,#3203,#3205,.T.);
#3203 = VERTEX_POINT('',#3204);
#3204 = CARTESIAN_POINT('',(177.,182.,3.));
#3205 = SURFACE_CURVE('',#3206,(#3209,#3216),.PCURVE_S1.);
#3206 = B_SPLINE_CURVE_WITH_KNOTS('',1,(#3207,#3208),.UNSPECIFIED.,.F.,
  .F.,(2,2),(2.84217094304E-14,32.068162510804),
  .PIECEWISE_BEZIER_KNOTS.);
#3207 = CARTESIAN_POINT('',(144.93183748919,182.,3.));
#3208 = CARTESIAN_POINT('',(177.,182.,3.));
#3209 = PCURVE('',#794,#3210);
#3210 = DEFINITIONAL_REPRESENTATION('',(#3211),#3215);
#3211 = B_SPLINE_CURVE_WITH_KNOTS('',2,(#3212,#3213,#3214),
  .UNSPECIFIED.,.F.,.F.,(3,3),(3.694822225953E-13,32.068162510804),
  .PIECEWISE_BEZIER_KNOTS.);
#3212 = CARTESIAN_POINT('',(1.570796326795,3.410605131648E-13));
#3213 = CARTESIAN_POINT('',(1.570796326795,16.034081255402));
#3214 = CARTESIAN_POINT('',(1.570796326795,32.068162510804));
#3215 = ( GEOMETRIC_REPRESENTATION_CONTEXT(2) 
PARAMETRIC_REPRESENTATION_CONTEXT() REPRESENTATION_CONTEXT('2D SPACE',''
  ) );
#3216 = PCURVE('',#3217,#3222);
#3217 = B_SPLINE_SURFACE_WITH_KNOTS('',1,1,(
    (#3218,#3219)
    ,(#3220,#3221
    )),.UNSPECIFIED.,.F.,.F.,.F.,(2,2),(2,2),(-7.298295750217,
    4.298295750217),(-35.0681625108,-3.),.PIECEWISE_BEZIER_KNOTS.);
#3218 = CARTESIAN_POINT('',(144.93183748919,182.,14.596591500434));
#3219 = CARTESIAN_POINT('',(177.,182.,14.596591500434));
#3220 = CARTESIAN_POINT('',(144.93183748919,182.,3.));
#3221 = CARTESIAN_POINT('',(177.,182.,3.));
#3222 = DEFINITIONAL_REPRESENTATION('',(#3223),#3226);
#3223 = B_SPLINE_CURVE_WITH_KNOTS('',1,(#3224,#3225),.UNSPECIFIED.,.F.,
  .F.,(2,2),(2.84217094304E-14,32.068162510804),
  .PIECEWISE_BEZIER_KNOTS.);
#3224 = CARTESIAN_POINT('',(4.298295750217,-35.0681625108));
#3225 = CARTESIAN_POINT('',(4.298295750217,-3.));
#3226 = ( GEOMETRIC_REPRESENTATION_CONTEXT(2) 
PARAMETRIC_REPRESENTATION_CONTEXT() REPRESENTATION_CONTEXT('2D SPACE',''
  ) );
#3227 = ORIENTED_EDGE('',*,*,#3228,.F.);
#3228 = EDGE_CURVE('',#781,#3203,#3229,.T.);
#3229 = SURFACE_CURVE('',#3230,(#3234,#3241),.PCURVE_S1.);
#3230 = ( BOUNDED_CURVE() B_SPLINE_CURVE(2,(#3231,#3232,#3233),
.UNSPECIFIED.,.F.,.F.) B_SPLINE_CURVE_WITH_KNOTS((3,3),(0.,
1.570796326795),.PIECEWISE_BEZIER_KNOTS.) CURVE() 
GEOMETRIC_REPRESENTATION_ITEM() RATIONAL_B_SPLINE_CURVE((1.,
0.707106781187,1.)) REPRESENTATION_ITEM('') );
#3231 = CARTESIAN_POINT('',(177.,183.,2.));
#3232 = CARTESIAN_POINT('',(177.,182.,2.));
#3233 = CARTESIAN_POINT('',(177.,182.,3.));
#3234 = PCURVE('',#794,#3235);
#3235 = DEFINITIONAL_REPRESENTATION('',(#3236),#3240);
#3236 = B_SPLINE_CURVE_WITH_KNOTS('',2,(#3237,#3238,#3239),
  .UNSPECIFIED.,.F.,.F.,(3,3),(0.,1.570796326795),
  .PIECEWISE_BEZIER_KNOTS.);
#3237 = CARTESIAN_POINT('',(0.,32.068162510804));
#3238 = CARTESIAN_POINT('',(0.785398163397,32.068162510804));
#3239 = CARTESIAN_POINT('',(1.570796326795,32.068162510804));
#3240 = ( GEOMETRIC_REPRESENTATION_CONTEXT(2) 
PARAMETRIC_REPRESENTATION_CONTEXT() REPRESENTATION_CONTEXT('2D SPACE',''
  ) );
#3241 = PCURVE('',#3242,#3252);
#3242 = ( BOUNDED_SURFACE() B_SPLINE_SURFACE(2,2,(
    (#3243,#3244,#3245)
    ,(#3246,#3247,#3248)
    ,(#3249,#3250,#3251
)),.UNSPECIFIED.,.F.,.F.,.F.) B_SPLINE_SURFACE_WITH_KNOTS((3,3),(3,3),(
    0.,1.570796326795),(-1.570796326795,3.552713678801E-15),
.PIECEWISE_BEZIER_KNOTS.) GEOMETRIC_REPRESENTATION_ITEM() 
RATIONAL_B_SPLINE_SURFACE((
    (1.,0.707106781187,1.)
    ,(0.707106781187,0.5,0.707106781187)
,(1.,0.707106781187,1.))) REPRESENTATION_ITEM('') SURFACE() );
#3243 = CARTESIAN_POINT('',(178.,183.,3.));
#3244 = CARTESIAN_POINT('',(178.,183.,2.));
#3245 = CARTESIAN_POINT('',(177.,183.,2.));
#3246 = CARTESIAN_POINT('',(178.,183.,3.));
#3247 = CARTESIAN_POINT('',(178.,182.,2.));
#3248 = CARTESIAN_POINT('',(177.,182.,2.));
#3249 = CARTESIAN_POINT('',(178.,183.,3.));
#3250 = CARTESIAN_POINT('',(178.,182.,3.));
#3251 = CARTESIAN_POINT('',(177.,182.,3.));
#3252 = DEFINITIONAL_REPRESENTATION('',(#3253),#3257);
#3253 = B_SPLINE_CURVE_WITH_KNOTS('',2,(#3254,#3255,#3256),
  .UNSPECIFIED.,.F.,.F.,(3,3),(0.,1.570796326795),
  .PIECEWISE_BEZIER_KNOTS.);
#3254 = CARTESIAN_POINT('',(3.156858197541E-14,-3.156858197541E-14));
#3255 = CARTESIAN_POINT('',(0.785398163397,-3.837749181325E-15));
#3256 = CARTESIAN_POINT('',(1.570796326795,-3.156858197541E-14));
#3257 = ( GEOMETRIC_REPRESENTATION_CONTEXT(2) 
PARAMETRIC_REPRESENTATION_CONTEXT() REPRESENTATION_CONTEXT('2D SPACE',''
  ) );
#3258 = ORIENTED_EDGE('',*,*,#780,.F.);
#3259 = ADVANCED_FACE('',(#3260),#934,.F.);
#3260 = FACE_BOUND('',#3261,.F.);
#3261 = EDGE_LOOP('',(#3262,#3263,#3289,#3332));
#3262 = ORIENTED_EDGE('',*,*,#3154,.T.);
#3263 = ORIENTED_EDGE('',*,*,#3264,.T.);
#3264 = EDGE_CURVE('',#3129,#3265,#3267,.T.);
#3265 = VERTEX_POINT('',#3266);
#3266 = CARTESIAN_POINT('',(215.0681625108,182.,3.));
#3267 = SURFACE_CURVE('',#3268,(#3271,#3278),.PCURVE_S1.);
#3268 = B_SPLINE_CURVE_WITH_KNOTS('',1,(#3269,#3270),.UNSPECIFIED.,.F.,
  .F.,(2,2),(-0.,4.),.PIECEWISE_BEZIER_KNOTS.);
#3269 = CARTESIAN_POINT('',(215.0681625108,178.,3.));
#3270 = CARTESIAN_POINT('',(215.0681625108,182.,3.));
#3271 = PCURVE('',#934,#3272);
#3272 = DEFINITIONAL_REPRESENTATION('',(#3273),#3277);
#3273 = B_SPLINE_CURVE_WITH_KNOTS('',2,(#3274,#3275,#3276),
  .UNSPECIFIED.,.F.,.F.,(3,3),(-0.,4.),.PIECEWISE_BEZIER_KNOTS.);
#3274 = CARTESIAN_POINT('',(1.570796326795,0.));
#3275 = CARTESIAN_POINT('',(1.570796326795,2.));
#3276 = CARTESIAN_POINT('',(1.570796326795,4.));
#3277 = ( GEOMETRIC_REPRESENTATION_CONTEXT(2) 
PARAMETRIC_REPRESENTATION_CONTEXT() REPRESENTATION_CONTEXT('2D SPACE',''
  ) );
#3278 = PCURVE('',#3279,#3284);
#3279 = B_SPLINE_SURFACE_WITH_KNOTS('',1,1,(
    (#3280,#3281)
    ,(#3282,#3283
    )),.UNSPECIFIED.,.F.,.F.,.F.,(2,2),(2,2),(-4.298295750217,
    7.298295750217),(-2.,2.),.PIECEWISE_BEZIER_KNOTS.);
#3280 = CARTESIAN_POINT('',(215.0681625108,182.,3.));
#3281 = CARTESIAN_POINT('',(215.0681625108,178.,3.));
#3282 = CARTESIAN_POINT('',(215.0681625108,182.,14.596591500434));
#3283 = CARTESIAN_POINT('',(215.0681625108,178.,14.596591500434));
#3284 = DEFINITIONAL_REPRESENTATION('',(#3285),#3288);
#3285 = B_SPLINE_CURVE_WITH_KNOTS('',1,(#3286,#3287),.UNSPECIFIED.,.F.,
  .F.,(2,2),(-0.,4.),.PIECEWISE_BEZIER_KNOTS.);
#3286 = CARTESIAN_POINT('',(-4.298295750217,2.));
#3287 = CARTESIAN_POINT('',(-4.298295750217,-2.));
#3288 = ( GEOMETRIC_REPRESENTATION_CONTEXT(2) 
PARAMETRIC_REPRESENTATION_CONTEXT() REPRESENTATION_CONTEXT('2D SPACE',''
  ) );
#3289 = ORIENTED_EDGE('',*,*,#3290,.F.);
#3290 = EDGE_CURVE('',#893,#3265,#3291,.T.);
#3291 = SURFACE_CURVE('',#3292,(#3296,#3314),.PCURVE_S1.);
#3292 = ( BOUNDED_CURVE() B_SPLINE_CURVE(2,(#3293,#3294,#3295),
.UNSPECIFIED.,.F.,.F.) B_SPLINE_CURVE_WITH_KNOTS((3,3),(1.570796326795,
3.14159265359),.PIECEWISE_BEZIER_KNOTS.) CURVE() 
GEOMETRIC_REPRESENTATION_ITEM() RATIONAL_B_SPLINE_CURVE((1.,
0.707106781187,1.)) REPRESENTATION_ITEM('') );
#3293 = CARTESIAN_POINT('',(216.0681625108,183.,2.));
#3294 = CARTESIAN_POINT('',(215.0681625108,182.,2.));
#3295 = CARTESIAN_POINT('',(215.0681625108,182.,3.));
#3296 = PCURVE('',#934,#3297);
#3297 = DEFINITIONAL_REPRESENTATION('',(#3298),#3313);
#3298 = B_SPLINE_CURVE_WITH_KNOTS('',7,(#3299,#3300,#3301,#3302,#3303,
    #3304,#3305,#3306,#3307,#3308,#3309,#3310,#3311,#3312),
  .UNSPECIFIED.,.F.,.F.,(8,6,8),(1.570796326795,2.356194490192,
    3.14159265359),.UNSPECIFIED.);
#3299 = CARTESIAN_POINT('',(2.876625076061E-13,5.));
#3300 = CARTESIAN_POINT('',(0.112199737629,4.898985131653));
#3301 = CARTESIAN_POINT('',(0.224399475256,4.793035561443));
#3302 = CARTESIAN_POINT('',(0.336599212884,4.684262727189));
#3303 = CARTESIAN_POINT('',(0.448798950508,4.5757437864));
#3304 = CARTESIAN_POINT('',(0.560998688142,4.471812644371));
#3305 = CARTESIAN_POINT('',(0.673198425769,4.376577344712));
#3306 = CARTESIAN_POINT('',(0.897597901027,4.209209160293));
#3307 = CARTESIAN_POINT('',(1.009797638657,4.137082147604));
#3308 = CARTESIAN_POINT('',(1.12199737627,4.079368268063));
#3309 = CARTESIAN_POINT('',(1.234197113921,4.037803014608));
#3310 = CARTESIAN_POINT('',(1.346396851537,4.011905969356));
#3311 = CARTESIAN_POINT('',(1.45859658917,3.999999815102));
#3312 = CARTESIAN_POINT('',(1.570796326795,4.));
#3313 = ( GEOMETRIC_REPRESENTATION_CONTEXT(2) 
PARAMETRIC_REPRESENTATION_CONTEXT() REPRESENTATION_CONTEXT('2D SPACE',''
  ) );
#3314 = PCURVE('',#906,#3315);
#3315 = DEFINITIONAL_REPRESENTATION('',(#3316),#3331);
#3316 = B_SPLINE_CURVE_WITH_KNOTS('',7,(#3317,#3318,#3319,#3320,#3321,
    #3322,#3323,#3324,#3325,#3326,#3327,#3328,#3329,#3330),
  .UNSPECIFIED.,.F.,.F.,(8,6,8),(1.570796326795,2.356194490192,
    3.14159265359),.UNSPECIFIED.);
#3317 = CARTESIAN_POINT('',(1.929567616799E-13,34.068162510804));
#3318 = CARTESIAN_POINT('',(0.112199737629,33.967147642588));
#3319 = CARTESIAN_POINT('',(0.224399475257,33.861198071805));
#3320 = CARTESIAN_POINT('',(0.336599212884,33.752425238928));
#3321 = CARTESIAN_POINT('',(0.448798950511,33.643906296306));
#3322 = CARTESIAN_POINT('',(0.560998688141,33.5399751556));
#3323 = CARTESIAN_POINT('',(0.67319842577,33.444739855483));
#3324 = CARTESIAN_POINT('',(0.897597901026,33.277371671181));
#3325 = CARTESIAN_POINT('',(1.009797638663,33.205244658071));
#3326 = CARTESIAN_POINT('',(1.121997376261,33.147530779426));
#3327 = CARTESIAN_POINT('',(1.234197113923,33.105965524794));
#3328 = CARTESIAN_POINT('',(1.346396851524,33.08006848034));
#3329 = CARTESIAN_POINT('',(1.458596589171,33.068162325902));
#3330 = CARTESIAN_POINT('',(1.570796326795,33.068162510804));
#3331 = ( GEOMETRIC_REPRESENTATION_CONTEXT(2) 
PARAMETRIC_REPRESENTATION_CONTEXT() REPRESENTATION_CONTEXT('2D SPACE',''
  ) );
#3332 = ORIENTED_EDGE('',*,*,#920,.F.);
#3333 = ADVANCED_FACE('',(#3334),#822,.T.);
#3334 = FACE_BOUND('',#3335,.T.);
#3335 = EDGE_LOOP('',(#3336,#3359,#3385,#3428));
#3336 = ORIENTED_EDGE('',*,*,#3337,.F.);
#3337 = EDGE_CURVE('',#3338,#781,#3340,.T.);
#3338 = VERTEX_POINT('',#3339);
#3339 = CARTESIAN_POINT('',(178.,183.,3.));
#3340 = SURFACE_CURVE('',#3341,(#3345,#3352),.PCURVE_S1.);
#3341 = ( BOUNDED_CURVE() B_SPLINE_CURVE(2,(#3342,#3343,#3344),
.UNSPECIFIED.,.F.,.F.) B_SPLINE_CURVE_WITH_KNOTS((3,3),(4.712388980385,
6.28318530718),.PIECEWISE_BEZIER_KNOTS.) CURVE() 
GEOMETRIC_REPRESENTATION_ITEM() RATIONAL_B_SPLINE_CURVE((1.,
0.707106781187,1.)) REPRESENTATION_ITEM('') );
#3342 = CARTESIAN_POINT('',(178.,183.,3.));
#3343 = CARTESIAN_POINT('',(178.,183.,2.));
#3344 = CARTESIAN_POINT('',(177.,183.,2.));
#3345 = PCURVE('',#822,#3346);
#3346 = DEFINITIONAL_REPRESENTATION('',(#3347),#3351);
#3347 = B_SPLINE_CURVE_WITH_KNOTS('',2,(#3348,#3349,#3350),
  .UNSPECIFIED.,.F.,.F.,(3,3),(4.712388980385,6.28318530718),
  .PIECEWISE_BEZIER_KNOTS.);
#3348 = CARTESIAN_POINT('',(1.570796326795,1.));
#3349 = CARTESIAN_POINT('',(0.785398163397,1.));
#3350 = CARTESIAN_POINT('',(-3.552713678801E-15,1.));
#3351 = ( GEOMETRIC_REPRESENTATION_CONTEXT(2) 
PARAMETRIC_REPRESENTATION_CONTEXT() REPRESENTATION_CONTEXT('2D SPACE',''
  ) );
#3352 = PCURVE('',#3242,#3353);
#3353 = DEFINITIONAL_REPRESENTATION('',(#3354),#3358);
#3354 = B_SPLINE_CURVE_WITH_KNOTS('',2,(#3355,#3356,#3357),
  .UNSPECIFIED.,.F.,.F.,(3,3),(4.712388980385,6.28318530718),
  .PIECEWISE_BEZIER_KNOTS.);
#3355 = CARTESIAN_POINT('',(0.,-1.570796326795));
#3356 = CARTESIAN_POINT('',(1.117820011835E-13,-0.785398163397));
#3357 = CARTESIAN_POINT('',(6.313716395082E-14,3.5527136788E-15));
#3358 = ( GEOMETRIC_REPRESENTATION_CONTEXT(2) 
PARAMETRIC_REPRESENTATION_CONTEXT() REPRESENTATION_CONTEXT('2D SPACE',''
  ) );
#3359 = ORIENTED_EDGE('',*,*,#3360,.T.);
#3360 = EDGE_CURVE('',#3338,#3361,#3363,.T.);
#3361 = VERTEX_POINT('',#3362);
#3362 = CARTESIAN_POINT('',(178.,211.56134625972,3.));
#3363 = SURFACE_CURVE('',#3364,(#3367,#3374),.PCURVE_S1.);
#3364 = B_SPLINE_CURVE_WITH_KNOTS('',1,(#3365,#3366),.UNSPECIFIED.,.F.,
  .F.,(2,2),(1.,29.561346259724),.PIECEWISE_BEZIER_KNOTS.);
#3365 = CARTESIAN_POINT('',(178.,183.,3.));
#3366 = CARTESIAN_POINT('',(178.,211.56134625972,3.));
#3367 = PCURVE('',#822,#3368);
#3368 = DEFINITIONAL_REPRESENTATION('',(#3369),#3373);
#3369 = B_SPLINE_CURVE_WITH_KNOTS('',2,(#3370,#3371,#3372),
  .UNSPECIFIED.,.F.,.F.,(3,3),(1.,29.561346259724),
  .PIECEWISE_BEZIER_KNOTS.);
#3370 = CARTESIAN_POINT('',(1.570796326795,1.));
#3371 = CARTESIAN_POINT('',(1.570796326795,15.280673129862));
#3372 = CARTESIAN_POINT('',(1.570796326795,29.561346259724));
#3373 = ( GEOMETRIC_REPRESENTATION_CONTEXT(2) 
PARAMETRIC_REPRESENTATION_CONTEXT() REPRESENTATION_CONTEXT('2D SPACE',''
  ) );
#3374 = PCURVE('',#3375,#3380);
#3375 = B_SPLINE_SURFACE_WITH_KNOTS('',1,1,(
    (#3376,#3377)
    ,(#3378,#3379
    )),.UNSPECIFIED.,.F.,.F.,.F.,(2,2),(2,2),(-4.298295750217,
    7.298295750217),(-15.78067312986,12.780673129862),
  .PIECEWISE_BEZIER_KNOTS.);
#3376 = CARTESIAN_POINT('',(178.,211.56134625972,3.));
#3377 = CARTESIAN_POINT('',(178.,183.,3.));
#3378 = CARTESIAN_POINT('',(178.,211.56134625972,14.596591500434));
#3379 = CARTESIAN_POINT('',(178.,183.,14.596591500434));
#3380 = DEFINITIONAL_REPRESENTATION('',(#3381),#3384);
#3381 = B_SPLINE_CURVE_WITH_KNOTS('',1,(#3382,#3383),.UNSPECIFIED.,.F.,
  .F.,(2,2),(1.,29.561346259724),.PIECEWISE_BEZIER_KNOTS.);
#3382 = CARTESIAN_POINT('',(-4.298295750217,12.780673129862));
#3383 = CARTESIAN_POINT('',(-4.298295750217,-15.78067312986));
#3384 = ( GEOMETRIC_REPRESENTATION_CONTEXT(2) 
PARAMETRIC_REPRESENTATION_CONTEXT() REPRESENTATION_CONTEXT('2D SPACE',''
  ) );
#3385 = ORIENTED_EDGE('',*,*,#3386,.F.);
#3386 = EDGE_CURVE('',#809,#3361,#3387,.T.);
#3387 = SURFACE_CURVE('',#3388,(#3392,#3410),.PCURVE_S1.);
#3388 = ( BOUNDED_CURVE() B_SPLINE_CURVE(2,(#3389,#3390,#3391),
.UNSPECIFIED.,.F.,.F.) B_SPLINE_CURVE_WITH_KNOTS((3,3),(1.570796326795,
3.14159265359),.PIECEWISE_BEZIER_KNOTS.) CURVE() 
GEOMETRIC_REPRESENTATION_ITEM() RATIONAL_B_SPLINE_CURVE((1.,
0.707106781187,1.)) REPRESENTATION_ITEM('') );
#3389 = CARTESIAN_POINT('',(177.,212.56134625972,2.));
#3390 = CARTESIAN_POINT('',(178.,211.56134625972,2.));
#3391 = CARTESIAN_POINT('',(178.,211.56134625972,3.));
#3392 = PCURVE('',#822,#3393);
#3393 = DEFINITIONAL_REPRESENTATION('',(#3394),#3409);
#3394 = B_SPLINE_CURVE_WITH_KNOTS('',7,(#3395,#3396,#3397,#3398,#3399,
    #3400,#3401,#3402,#3403,#3404,#3405,#3406,#3407,#3408),
  .UNSPECIFIED.,.F.,.F.,(8,6,8),(1.570796326795,2.356194490192,
    3.14159265359),.UNSPECIFIED.);
#3395 = CARTESIAN_POINT('',(3.487868498009E-15,30.561346259724));
#3396 = CARTESIAN_POINT('',(0.11219973763,30.460331391378));
#3397 = CARTESIAN_POINT('',(0.224399475252,30.354381821399));
#3398 = CARTESIAN_POINT('',(0.336599212891,30.245608986353));
#3399 = CARTESIAN_POINT('',(0.448798950502,30.137090046707));
#3400 = CARTESIAN_POINT('',(0.560998688145,30.03315890384));
#3401 = CARTESIAN_POINT('',(0.673198425769,29.937923604516));
#3402 = CARTESIAN_POINT('',(0.897597901027,29.770555420087));
#3403 = CARTESIAN_POINT('',(1.009797638658,29.698428407245));
#3404 = CARTESIAN_POINT('',(1.121997376272,29.640714527936));
#3405 = CARTESIAN_POINT('',(1.234197113927,29.599149274223));
#3406 = CARTESIAN_POINT('',(1.346396851529,29.573252228993));
#3407 = CARTESIAN_POINT('',(1.45859658917,29.561346074849));
#3408 = CARTESIAN_POINT('',(1.570796326795,29.561346259724));
#3409 = ( GEOMETRIC_REPRESENTATION_CONTEXT(2) 
PARAMETRIC_REPRESENTATION_CONTEXT() REPRESENTATION_CONTEXT('2D SPACE',''
  ) );
#3410 = PCURVE('',#850,#3411);
#3411 = DEFINITIONAL_REPRESENTATION('',(#3412),#3427);
#3412 = B_SPLINE_CURVE_WITH_KNOTS('',7,(#3413,#3414,#3415,#3416,#3417,
    #3418,#3419,#3420,#3421,#3422,#3423,#3424,#3425,#3426),
  .UNSPECIFIED.,.F.,.F.,(8,6,8),(1.570796326795,2.356194490192,
    3.14159265359),.UNSPECIFIED.);
#3413 = CARTESIAN_POINT('',(3.487868498009E-15,5.));
#3414 = CARTESIAN_POINT('',(0.112199737629,4.898985131652));
#3415 = CARTESIAN_POINT('',(0.224399475258,4.793035561436));
#3416 = CARTESIAN_POINT('',(0.336599212881,4.684262727164));
#3417 = CARTESIAN_POINT('',(0.448798950515,4.575743786375));
#3418 = CARTESIAN_POINT('',(0.560998688139,4.471812644359));
#3419 = CARTESIAN_POINT('',(0.67319842577,4.376577344713));
#3420 = CARTESIAN_POINT('',(0.897597901027,4.209209160281));
#3421 = CARTESIAN_POINT('',(1.00979763866,4.137082147663));
#3422 = CARTESIAN_POINT('',(1.121997376267,4.079368267975));
#3423 = CARTESIAN_POINT('',(1.234197113914,4.037803014712));
#3424 = CARTESIAN_POINT('',(1.346396851535,4.01190596928));
#3425 = CARTESIAN_POINT('',(1.458596589169,3.999999815118));
#3426 = CARTESIAN_POINT('',(1.570796326795,4.));
#3427 = ( GEOMETRIC_REPRESENTATION_CONTEXT(2) 
PARAMETRIC_REPRESENTATION_CONTEXT() REPRESENTATION_CONTEXT('2D SPACE',''
  ) );
#3428 = ORIENTED_EDGE('',*,*,#808,.F.);
#3429 = ADVANCED_FACE('',(#3430),#906,.T.);
#3430 = FACE_BOUND('',#3431,.T.);
#3431 = EDGE_LOOP('',(#3432,#3465,#3489,#3490));
#3432 = ORIENTED_EDGE('',*,*,#3433,.F.);
#3433 = EDGE_CURVE('',#3434,#865,#3436,.T.);
#3434 = VERTEX_POINT('',#3435);
#3435 = CARTESIAN_POINT('',(183.,182.,3.));
#3436 = SURFACE_CURVE('',#3437,(#3441,#3448),.PCURVE_S1.);
#3437 = ( BOUNDED_CURVE() B_SPLINE_CURVE(2,(#3438,#3439,#3440),
.UNSPECIFIED.,.F.,.F.) B_SPLINE_CURVE_WITH_KNOTS((3,3),(4.712388980385,
6.28318530718),.PIECEWISE_BEZIER_KNOTS.) CURVE() 
GEOMETRIC_REPRESENTATION_ITEM() RATIONAL_B_SPLINE_CURVE((1.,
0.707106781187,1.)) REPRESENTATION_ITEM('') );
#3438 = CARTESIAN_POINT('',(183.,182.,3.));
#3439 = CARTESIAN_POINT('',(183.,182.,2.));
#3440 = CARTESIAN_POINT('',(183.,183.,2.));
#3441 = PCURVE('',#906,#3442);
#3442 = DEFINITIONAL_REPRESENTATION('',(#3443),#3447);
#3443 = B_SPLINE_CURVE_WITH_KNOTS('',2,(#3444,#3445,#3446),
  .UNSPECIFIED.,.F.,.F.,(3,3),(4.712388980385,6.28318530718),
  .PIECEWISE_BEZIER_KNOTS.);
#3444 = CARTESIAN_POINT('',(1.570796326795,1.));
#3445 = CARTESIAN_POINT('',(0.785398163398,1.));
#3446 = CARTESIAN_POINT('',(-3.512129565421E-14,1.));
#3447 = ( GEOMETRIC_REPRESENTATION_CONTEXT(2) 
PARAMETRIC_REPRESENTATION_CONTEXT() REPRESENTATION_CONTEXT('2D SPACE',''
  ) );
#3448 = PCURVE('',#3449,#3459);
#3449 = ( BOUNDED_SURFACE() B_SPLINE_SURFACE(2,2,(
    (#3450,#3451,#3452)
    ,(#3453,#3454,#3455)
    ,(#3456,#3457,#3458
)),.UNSPECIFIED.,.F.,.F.,.F.) B_SPLINE_SURFACE_WITH_KNOTS((3,3),(3,3),(
    0.,1.570796326795),(-1.570796326795,3.552713678801E-15),
.PIECEWISE_BEZIER_KNOTS.) GEOMETRIC_REPRESENTATION_ITEM() 
RATIONAL_B_SPLINE_SURFACE((
    (1.,0.707106781187,1.)
    ,(0.707106781187,0.5,0.707106781187)
,(1.,0.707106781187,1.))) REPRESENTATION_ITEM('') SURFACE() );
#3450 = CARTESIAN_POINT('',(183.,182.,3.));
#3451 = CARTESIAN_POINT('',(183.,182.,2.));
#3452 = CARTESIAN_POINT('',(183.,183.,2.));
#3453 = CARTESIAN_POINT('',(183.,182.,3.));
#3454 = CARTESIAN_POINT('',(182.,182.,2.));
#3455 = CARTESIAN_POINT('',(182.,183.,2.));
#3456 = CARTESIAN_POINT('',(183.,182.,3.));
#3457 = CARTESIAN_POINT('',(182.,182.,3.));
#3458 = CARTESIAN_POINT('',(182.,183.,3.));
#3459 = DEFINITIONAL_REPRESENTATION('',(#3460),#3464);
#3460 = B_SPLINE_CURVE_WITH_KNOTS('',2,(#3461,#3462,#3463),
  .UNSPECIFIED.,.F.,.F.,(3,3),(4.712388980385,6.28318530718),
  .PIECEWISE_BEZIER_KNOTS.);
#3461 = CARTESIAN_POINT('',(0.,-1.570796326795));
#3462 = CARTESIAN_POINT('',(2.022278049076E-13,-0.785398163397));
#3463 = CARTESIAN_POINT('',(1.262743279016E-13,3.552713678803E-15));
#3464 = ( GEOMETRIC_REPRESENTATION_CONTEXT(2) 
PARAMETRIC_REPRESENTATION_CONTEXT() REPRESENTATION_CONTEXT('2D SPACE',''
  ) );
#3465 = ORIENTED_EDGE('',*,*,#3466,.T.);
#3466 = EDGE_CURVE('',#3434,#3265,#3467,.T.);
#3467 = SURFACE_CURVE('',#3468,(#3471,#3478),.PCURVE_S1.);
#3468 = B_SPLINE_CURVE_WITH_KNOTS('',1,(#3469,#3470),.UNSPECIFIED.,.F.,
  .F.,(2,2),(1.,33.068162510804),.PIECEWISE_BEZIER_KNOTS.);
#3469 = CARTESIAN_POINT('',(183.,182.,3.));
#3470 = CARTESIAN_POINT('',(215.0681625108,182.,3.));
#3471 = PCURVE('',#906,#3472);
#3472 = DEFINITIONAL_REPRESENTATION('',(#3473),#3477);
#3473 = B_SPLINE_CURVE_WITH_KNOTS('',2,(#3474,#3475,#3476),
  .UNSPECIFIED.,.F.,.F.,(3,3),(1.,33.068162510804),
  .PIECEWISE_BEZIER_KNOTS.);
#3474 = CARTESIAN_POINT('',(1.570796326795,1.));
#3475 = CARTESIAN_POINT('',(1.570796326795,17.034081255402));
#3476 = CARTESIAN_POINT('',(1.570796326795,33.068162510804));
#3477 = ( GEOMETRIC_REPRESENTATION_CONTEXT(2) 
PARAMETRIC_REPRESENTATION_CONTEXT() REPRESENTATION_CONTEXT('2D SPACE',''
  ) );
#3478 = PCURVE('',#3479,#3484);
#3479 = B_SPLINE_SURFACE_WITH_KNOTS('',1,1,(
    (#3480,#3481)
    ,(#3482,#3483
    )),.UNSPECIFIED.,.F.,.F.,.F.,(2,2),(2,2),(-7.298295750217,
    4.298295750217),(3.,35.068162510804),.PIECEWISE_BEZIER_KNOTS.);
#3480 = CARTESIAN_POINT('',(183.,182.,14.596591500434));
#3481 = CARTESIAN_POINT('',(215.0681625108,182.,14.596591500434));
#3482 = CARTESIAN_POINT('',(183.,182.,3.));
#3483 = CARTESIAN_POINT('',(215.0681625108,182.,3.));
#3484 = DEFINITIONAL_REPRESENTATION('',(#3485),#3488);
#3485 = B_SPLINE_CURVE_WITH_KNOTS('',1,(#3486,#3487),.UNSPECIFIED.,.F.,
  .F.,(2,2),(1.,33.068162510804),.PIECEWISE_BEZIER_KNOTS.);
#3486 = CARTESIAN_POINT('',(4.298295750217,3.));
#3487 = CARTESIAN_POINT('',(4.298295750217,35.068162510804));
#3488 = ( GEOMETRIC_REPRESENTATION_CONTEXT(2) 
PARAMETRIC_REPRESENTATION_CONTEXT() REPRESENTATION_CONTEXT('2D SPACE',''
  ) );
#3489 = ORIENTED_EDGE('',*,*,#3290,.F.);
#3490 = ORIENTED_EDGE('',*,*,#892,.F.);
#3491 = ADVANCED_FACE('',(#3492),#850,.F.);
#3492 = FACE_BOUND('',#3493,.F.);
#3493 = EDGE_LOOP('',(#3494,#3539,#3563,#3564));
#3494 = ORIENTED_EDGE('',*,*,#3495,.T.);
#3495 = EDGE_CURVE('',#837,#3496,#3498,.T.);
#3496 = VERTEX_POINT('',#3497);
#3497 = CARTESIAN_POINT('',(182.,211.56134625972,3.));
#3498 = SURFACE_CURVE('',#3499,(#3503,#3521),.PCURVE_S1.);
#3499 = ( BOUNDED_CURVE() B_SPLINE_CURVE(2,(#3500,#3501,#3502),
.UNSPECIFIED.,.F.,.F.) B_SPLINE_CURVE_WITH_KNOTS((3,3),(4.712388980385,
6.28318530718),.PIECEWISE_BEZIER_KNOTS.) CURVE() 
GEOMETRIC_REPRESENTATION_ITEM() RATIONAL_B_SPLINE_CURVE((1.,
0.707106781187,1.)) REPRESENTATION_ITEM('') );
#3500 = CARTESIAN_POINT('',(183.,212.56134625972,2.));
#3501 = CARTESIAN_POINT('',(182.,211.56134625972,2.));
#3502 = CARTESIAN_POINT('',(182.,211.56134625972,3.));
#3503 = PCURVE('',#850,#3504);
#3504 = DEFINITIONAL_REPRESENTATION('',(#3505),#3520);
#3505 = B_SPLINE_CURVE_WITH_KNOTS('',7,(#3506,#3507,#3508,#3509,#3510,
    #3511,#3512,#3513,#3514,#3515,#3516,#3517,#3518,#3519),
  .UNSPECIFIED.,.F.,.F.,(8,6,8),(4.712388980385,5.497787143782,
    6.28318530718),.UNSPECIFIED.);
#3506 = CARTESIAN_POINT('',(0.,-1.));
#3507 = CARTESIAN_POINT('',(0.11219973763,-0.89898513165));
#3508 = CARTESIAN_POINT('',(0.224399475253,-0.793035561413));
#3509 = CARTESIAN_POINT('',(0.336599212894,-0.684262727197));
#3510 = CARTESIAN_POINT('',(0.448798950502,-0.575743786365));
#3511 = CARTESIAN_POINT('',(0.560998688144,-0.471812644378));
#3512 = CARTESIAN_POINT('',(0.673198425769,-0.376577344703));
#3513 = CARTESIAN_POINT('',(0.897597901024,-0.209209160281));
#3514 = CARTESIAN_POINT('',(1.009797638671,-0.137082147637));
#3515 = CARTESIAN_POINT('',(1.121997376249,-7.936826800704E-02));
#3516 = CARTESIAN_POINT('',(1.234197113939,-3.780301467209E-02));
#3517 = CARTESIAN_POINT('',(1.346396851526,-1.19059693102E-02));
#3518 = CARTESIAN_POINT('',(1.458596589172,1.848938388753E-07));
#3519 = CARTESIAN_POINT('',(1.570796326795,-2.84217094304E-14));
#3520 = ( GEOMETRIC_REPRESENTATION_CONTEXT(2) 
PARAMETRIC_REPRESENTATION_CONTEXT() REPRESENTATION_CONTEXT('2D SPACE',''
  ) );
#3521 = PCURVE('',#878,#3522);
#3522 = DEFINITIONAL_REPRESENTATION('',(#3523),#3538);
#3523 = B_SPLINE_CURVE_WITH_KNOTS('',7,(#3524,#3525,#3526,#3527,#3528,
    #3529,#3530,#3531,#3532,#3533,#3534,#3535,#3536,#3537),
  .UNSPECIFIED.,.F.,.F.,(8,6,8),(4.712388980385,5.497787143782,
    6.28318530718),.UNSPECIFIED.);
#3524 = CARTESIAN_POINT('',(0.,30.561346259724));
#3525 = CARTESIAN_POINT('',(0.112199737628,30.460331391407));
#3526 = CARTESIAN_POINT('',(0.22439947526,30.354381821064));
#3527 = CARTESIAN_POINT('',(0.336599212872,30.245608986761));
#3528 = CARTESIAN_POINT('',(0.448798950521,30.137090046008));
#3529 = CARTESIAN_POINT('',(0.560998688137,30.033158904189));
#3530 = CARTESIAN_POINT('',(0.673198425771,29.937923604465));
#3531 = CARTESIAN_POINT('',(0.89759790103,29.770555420067));
#3532 = CARTESIAN_POINT('',(1.009797638645,29.698428407139));
#3533 = CARTESIAN_POINT('',(1.121997376303,29.640714527879));
#3534 = CARTESIAN_POINT('',(1.234197113897,29.599149273999));
#3535 = CARTESIAN_POINT('',(1.34639685155,29.573252229215));
#3536 = CARTESIAN_POINT('',(1.458596589166,29.561346074828));
#3537 = CARTESIAN_POINT('',(1.570796326795,29.561346259724));
#3538 = ( GEOMETRIC_REPRESENTATION_CONTEXT(2) 
PARAMETRIC_REPRESENTATION_CONTEXT() REPRESENTATION_CONTEXT('2D SPACE',''
  ) );
#3539 = ORIENTED_EDGE('',*,*,#3540,.T.);
#3540 = EDGE_CURVE('',#3496,#3361,#3541,.T.);
#3541 = SURFACE_CURVE('',#3542,(#3545,#3552),.PCURVE_S1.);
#3542 = B_SPLINE_CURVE_WITH_KNOTS('',1,(#3543,#3544),.UNSPECIFIED.,.F.,
  .F.,(2,2),(-0.,4.),.PIECEWISE_BEZIER_KNOTS.);
#3543 = CARTESIAN_POINT('',(182.,211.56134625972,3.));
#3544 = CARTESIAN_POINT('',(178.,211.56134625972,3.));
#3545 = PCURVE('',#850,#3546);
#3546 = DEFINITIONAL_REPRESENTATION('',(#3547),#3551);
#3547 = B_SPLINE_CURVE_WITH_KNOTS('',2,(#3548,#3549,#3550),
  .UNSPECIFIED.,.F.,.F.,(3,3),(-0.,4.),.PIECEWISE_BEZIER_KNOTS.);
#3548 = CARTESIAN_POINT('',(1.570796326795,0.));
#3549 = CARTESIAN_POINT('',(1.570796326795,2.));
#3550 = CARTESIAN_POINT('',(1.570796326795,4.));
#3551 = ( GEOMETRIC_REPRESENTATION_CONTEXT(2) 
PARAMETRIC_REPRESENTATION_CONTEXT() REPRESENTATION_CONTEXT('2D SPACE',''
  ) );
#3552 = PCURVE('',#3553,#3558);
#3553 = B_SPLINE_SURFACE_WITH_KNOTS('',1,1,(
    (#3554,#3555)
    ,(#3556,#3557
    )),.UNSPECIFIED.,.F.,.F.,.F.,(2,2),(2,2),(-4.298295750217,
    7.298295750217),(-2.,2.),.PIECEWISE_BEZIER_KNOTS.);
#3554 = CARTESIAN_POINT('',(178.,211.56134625972,3.));
#3555 = CARTESIAN_POINT('',(182.,211.56134625972,3.));
#3556 = CARTESIAN_POINT('',(178.,211.56134625972,14.596591500434));
#3557 = CARTESIAN_POINT('',(182.,211.56134625972,14.596591500434));
#3558 = DEFINITIONAL_REPRESENTATION('',(#3559),#3562);
#3559 = B_SPLINE_CURVE_WITH_KNOTS('',1,(#3560,#3561),.UNSPECIFIED.,.F.,
  .F.,(2,2),(-0.,4.),.PIECEWISE_BEZIER_KNOTS.);
#3560 = CARTESIAN_POINT('',(-4.298295750217,2.));
#3561 = CARTESIAN_POINT('',(-4.298295750217,-2.));
#3562 = ( GEOMETRIC_REPRESENTATION_CONTEXT(2) 
PARAMETRIC_REPRESENTATION_CONTEXT() REPRESENTATION_CONTEXT('2D SPACE',''
  ) );
#3563 = ORIENTED_EDGE('',*,*,#3386,.F.);
#3564 = ORIENTED_EDGE('',*,*,#836,.F.);
#3565 = ADVANCED_FACE('',(#3566),#878,.F.);
#3566 = FACE_BOUND('',#3567,.F.);
#3567 = EDGE_LOOP('',(#3568,#3569,#3592,#3616));
#3568 = ORIENTED_EDGE('',*,*,#864,.F.);
#3569 = ORIENTED_EDGE('',*,*,#3570,.T.);
#3570 = EDGE_CURVE('',#865,#3571,#3573,.T.);
#3571 = VERTEX_POINT('',#3572);
#3572 = CARTESIAN_POINT('',(182.,183.,3.));
#3573 = SURFACE_CURVE('',#3574,(#3578,#3585),.PCURVE_S1.);
#3574 = ( BOUNDED_CURVE() B_SPLINE_CURVE(2,(#3575,#3576,#3577),
.UNSPECIFIED.,.F.,.F.) B_SPLINE_CURVE_WITH_KNOTS((3,3),(0.,
1.570796326795),.PIECEWISE_BEZIER_KNOTS.) CURVE() 
GEOMETRIC_REPRESENTATION_ITEM() RATIONAL_B_SPLINE_CURVE((1.,
0.707106781187,1.)) REPRESENTATION_ITEM('') );
#3575 = CARTESIAN_POINT('',(183.,183.,2.));
#3576 = CARTESIAN_POINT('',(182.,183.,2.));
#3577 = CARTESIAN_POINT('',(182.,183.,3.));
#3578 = PCURVE('',#878,#3579);
#3579 = DEFINITIONAL_REPRESENTATION('',(#3580),#3584);
#3580 = B_SPLINE_CURVE_WITH_KNOTS('',2,(#3581,#3582,#3583),
  .UNSPECIFIED.,.F.,.F.,(3,3),(0.,1.570796326795),
  .PIECEWISE_BEZIER_KNOTS.);
#3581 = CARTESIAN_POINT('',(0.,1.));
#3582 = CARTESIAN_POINT('',(0.785398163398,1.));
#3583 = CARTESIAN_POINT('',(1.570796326795,1.));
#3584 = ( GEOMETRIC_REPRESENTATION_CONTEXT(2) 
PARAMETRIC_REPRESENTATION_CONTEXT() REPRESENTATION_CONTEXT('2D SPACE',''
  ) );
#3585 = PCURVE('',#3449,#3586);
#3586 = DEFINITIONAL_REPRESENTATION('',(#3587),#3591);
#3587 = B_SPLINE_CURVE_WITH_KNOTS('',2,(#3588,#3589,#3590),
  .UNSPECIFIED.,.F.,.F.,(3,3),(0.,1.570796326795),
  .PIECEWISE_BEZIER_KNOTS.);
#3588 = CARTESIAN_POINT('',(3.156858197541E-14,-4.213075361728E-29));
#3589 = CARTESIAN_POINT('',(0.785398163398,-4.182002130396E-14));
#3590 = CARTESIAN_POINT('',(1.570796326795,-3.156858197541E-14));
#3591 = ( GEOMETRIC_REPRESENTATION_CONTEXT(2) 
PARAMETRIC_REPRESENTATION_CONTEXT() REPRESENTATION_CONTEXT('2D SPACE',''
  ) );
#3592 = ORIENTED_EDGE('',*,*,#3593,.T.);
#3593 = EDGE_CURVE('',#3571,#3496,#3594,.T.);
#3594 = SURFACE_CURVE('',#3595,(#3598,#3605),.PCURVE_S1.);
#3595 = B_SPLINE_CURVE_WITH_KNOTS('',1,(#3596,#3597),.UNSPECIFIED.,.F.,
  .F.,(2,2),(1.,29.561346259724),.PIECEWISE_BEZIER_KNOTS.);
#3596 = CARTESIAN_POINT('',(182.,183.,3.));
#3597 = CARTESIAN_POINT('',(182.,211.56134625972,3.));
#3598 = PCURVE('',#878,#3599);
#3599 = DEFINITIONAL_REPRESENTATION('',(#3600),#3604);
#3600 = B_SPLINE_CURVE_WITH_KNOTS('',2,(#3601,#3602,#3603),
  .UNSPECIFIED.,.F.,.F.,(3,3),(1.,29.561346259724),
  .PIECEWISE_BEZIER_KNOTS.);
#3601 = CARTESIAN_POINT('',(1.570796326795,1.));
#3602 = CARTESIAN_POINT('',(1.570796326795,15.280673129862));
#3603 = CARTESIAN_POINT('',(1.570796326795,29.561346259724));
#3604 = ( GEOMETRIC_REPRESENTATION_CONTEXT(2) 
PARAMETRIC_REPRESENTATION_CONTEXT() REPRESENTATION_CONTEXT('2D SPACE',''
  ) );
#3605 = PCURVE('',#3606,#3611);
#3606 = B_SPLINE_SURFACE_WITH_KNOTS('',1,1,(
    (#3607,#3608)
    ,(#3609,#3610
    )),.UNSPECIFIED.,.F.,.F.,.F.,(2,2),(2,2),(-4.298295750217,
    7.298295750217),(-15.78067312986,12.780673129862),
  .PIECEWISE_BEZIER_KNOTS.);
#3607 = CARTESIAN_POINT('',(182.,211.56134625972,3.));
#3608 = CARTESIAN_POINT('',(182.,183.,3.));
#3609 = CARTESIAN_POINT('',(182.,211.56134625972,14.596591500434));
#3610 = CARTESIAN_POINT('',(182.,183.,14.596591500434));
#3611 = DEFINITIONAL_REPRESENTATION('',(#3612),#3615);
#3612 = B_SPLINE_CURVE_WITH_KNOTS('',1,(#3613,#3614),.UNSPECIFIED.,.F.,
  .F.,(2,2),(1.,29.561346259724),.PIECEWISE_BEZIER_KNOTS.);
#3613 = CARTESIAN_POINT('',(-4.298295750217,12.780673129862));
#3614 = CARTESIAN_POINT('',(-4.298295750217,-15.78067312986));
#3615 = ( GEOMETRIC_REPRESENTATION_CONTEXT(2) 
PARAMETRIC_REPRESENTATION_CONTEXT() REPRESENTATION_CONTEXT('2D SPACE',''
  ) );
#3616 = ORIENTED_EDGE('',*,*,#3495,.F.);
#3617 = ADVANCED_FACE('',(#3618),#1037,.F.);
#3618 = FACE_BOUND('',#3619,.F.);
#3619 = EDGE_LOOP('',(#3620,#3640,#3665,#3683));
#3620 = ORIENTED_EDGE('',*,*,#3621,.F.);
#3621 = EDGE_CURVE('',#3622,#1023,#3624,.T.);
#3622 = VERTEX_POINT('',#3623);
#3623 = CARTESIAN_POINT('',(26.771999369467,62.,13.333975269818));
#3624 = SURFACE_CURVE('',#3625,(#3628,#3634),.PCURVE_S1.);
#3625 = B_SPLINE_CURVE_WITH_KNOTS('',1,(#3626,#3627),.UNSPECIFIED.,.F.,
  .F.,(2,2),(0.,10.333975269818),.PIECEWISE_BEZIER_KNOTS.);
#3626 = CARTESIAN_POINT('',(26.771999369467,62.,13.333975269818));
#3627 = CARTESIAN_POINT('',(26.771999369467,62.,3.));
#3628 = PCURVE('',#1037,#3629);
#3629 = DEFINITIONAL_REPRESENTATION('',(#3630),#3633);
#3630 = B_SPLINE_CURVE_WITH_KNOTS('',1,(#3631,#3632),.UNSPECIFIED.,.F.,
  .F.,(2,2),(0.,10.333975269818),.PIECEWISE_BEZIER_KNOTS.);
#3631 = CARTESIAN_POINT('',(6.666987634909,-2.));
#3632 = CARTESIAN_POINT('',(-3.666987634909,-2.));
#3633 = ( GEOMETRIC_REPRESENTATION_CONTEXT(2) 
PARAMETRIC_REPRESENTATION_CONTEXT() REPRESENTATION_CONTEXT('2D SPACE',''
  ) );
#3634 = PCURVE('',#1185,#3635);
#3635 = DEFINITIONAL_REPRESENTATION('',(#3636),#3639);
#3636 = B_SPLINE_CURVE_WITH_KNOTS('',1,(#3637,#3638),.UNSPECIFIED.,.F.,
  .F.,(2,2),(0.,10.333975269818),.PIECEWISE_BEZIER_KNOTS.);
#3637 = CARTESIAN_POINT('',(-6.666987634909,-33.22800063053));
#3638 = CARTESIAN_POINT('',(3.666987634909,-33.22800063053));
#3639 = ( GEOMETRIC_REPRESENTATION_CONTEXT(2) 
PARAMETRIC_REPRESENTATION_CONTEXT() REPRESENTATION_CONTEXT('2D SPACE',''
  ) );
#3640 = ORIENTED_EDGE('',*,*,#3641,.T.);
#3641 = EDGE_CURVE('',#3622,#3642,#3644,.T.);
#3642 = VERTEX_POINT('',#3643);
#3643 = CARTESIAN_POINT('',(26.771999369467,58.,13.333975269818));
#3644 = SURFACE_CURVE('',#3645,(#3648,#3654),.PCURVE_S1.);
#3645 = B_SPLINE_CURVE_WITH_KNOTS('',1,(#3646,#3647),.UNSPECIFIED.,.F.,
  .F.,(2,2),(0.,4.),.PIECEWISE_BEZIER_KNOTS.);
#3646 = CARTESIAN_POINT('',(26.771999369467,62.,13.333975269818));
#3647 = CARTESIAN_POINT('',(26.771999369467,58.,13.333975269818));
#3648 = PCURVE('',#1037,#3649);
#3649 = DEFINITIONAL_REPRESENTATION('',(#3650),#3653);
#3650 = B_SPLINE_CURVE_WITH_KNOTS('',1,(#3651,#3652),.UNSPECIFIED.,.F.,
  .F.,(2,2),(0.,4.),.PIECEWISE_BEZIER_KNOTS.);
#3651 = CARTESIAN_POINT('',(6.666987634909,-2.));
#3652 = CARTESIAN_POINT('',(6.666987634909,2.));
#3653 = ( GEOMETRIC_REPRESENTATION_CONTEXT(2) 
PARAMETRIC_REPRESENTATION_CONTEXT() REPRESENTATION_CONTEXT('2D SPACE',''
  ) );
#3654 = PCURVE('',#3655,#3660);
#3655 = B_SPLINE_SURFACE_WITH_KNOTS('',1,1,(
    (#3656,#3657)
    ,(#3658,#3659
    )),.UNSPECIFIED.,.F.,.F.,.F.,(2,2),(2,2),(-33.22800063053,
    33.228000630533),(-2.,2.),.PIECEWISE_BEZIER_KNOTS.);
#3656 = CARTESIAN_POINT('',(26.771999369467,58.,13.333975269818));
#3657 = CARTESIAN_POINT('',(26.771999369467,62.,13.333975269818));
#3658 = CARTESIAN_POINT('',(93.228000630533,58.,13.333975269818));
#3659 = CARTESIAN_POINT('',(93.228000630533,62.,13.333975269818));
#3660 = DEFINITIONAL_REPRESENTATION('',(#3661),#3664);
#3661 = B_SPLINE_CURVE_WITH_KNOTS('',1,(#3662,#3663),.UNSPECIFIED.,.F.,
  .F.,(2,2),(0.,4.),.PIECEWISE_BEZIER_KNOTS.);
#3662 = CARTESIAN_POINT('',(-33.22800063053,2.));
#3663 = CARTESIAN_POINT('',(-33.22800063053,-2.));
#3664 = ( GEOMETRIC_REPRESENTATION_CONTEXT(2) 
PARAMETRIC_REPRESENTATION_CONTEXT() REPRESENTATION_CONTEXT('2D SPACE',''
  ) );
#3665 = ORIENTED_EDGE('',*,*,#3666,.T.);
#3666 = EDGE_CURVE('',#3642,#978,#3667,.T.);
#3667 = SURFACE_CURVE('',#3668,(#3671,#3677),.PCURVE_S1.);
#3668 = B_SPLINE_CURVE_WITH_KNOTS('',1,(#3669,#3670),.UNSPECIFIED.,.F.,
  .F.,(2,2),(0.,10.333975269818),.PIECEWISE_BEZIER_KNOTS.);
#3669 = CARTESIAN_POINT('',(26.771999369467,58.,13.333975269818));
#3670 = CARTESIAN_POINT('',(26.771999369467,58.,3.));
#3671 = PCURVE('',#1037,#3672);
#3672 = DEFINITIONAL_REPRESENTATION('',(#3673),#3676);
#3673 = B_SPLINE_CURVE_WITH_KNOTS('',1,(#3674,#3675),.UNSPECIFIED.,.F.,
  .F.,(2,2),(0.,10.333975269818),.PIECEWISE_BEZIER_KNOTS.);
#3674 = CARTESIAN_POINT('',(6.666987634909,2.));
#3675 = CARTESIAN_POINT('',(-3.666987634909,2.));
#3676 = ( GEOMETRIC_REPRESENTATION_CONTEXT(2) 
PARAMETRIC_REPRESENTATION_CONTEXT() REPRESENTATION_CONTEXT('2D SPACE',''
  ) );
#3677 = PCURVE('',#1111,#3678);
#3678 = DEFINITIONAL_REPRESENTATION('',(#3679),#3682);
#3679 = B_SPLINE_CURVE_WITH_KNOTS('',1,(#3680,#3681),.UNSPECIFIED.,.F.,
  .F.,(2,2),(0.,10.333975269818),.PIECEWISE_BEZIER_KNOTS.);
#3680 = CARTESIAN_POINT('',(-6.666987634909,-33.22800063053));
#3681 = CARTESIAN_POINT('',(3.666987634909,-33.22800063053));
#3682 = ( GEOMETRIC_REPRESENTATION_CONTEXT(2) 
PARAMETRIC_REPRESENTATION_CONTEXT() REPRESENTATION_CONTEXT('2D SPACE',''
  ) );
#3683 = ORIENTED_EDGE('',*,*,#1022,.T.);
#3684 = ADVANCED_FACE('',(#3685),#1111,.T.);
#3685 = FACE_BOUND('',#3686,.T.);
#3686 = EDGE_LOOP('',(#3687,#3688,#3689,#3709));
#3687 = ORIENTED_EDGE('',*,*,#3666,.T.);
#3688 = ORIENTED_EDGE('',*,*,#1096,.T.);
#3689 = ORIENTED_EDGE('',*,*,#3690,.T.);
#3690 = EDGE_CURVE('',#1097,#3691,#3693,.T.);
#3691 = VERTEX_POINT('',#3692);
#3692 = CARTESIAN_POINT('',(93.228000630533,58.,13.333975269818));
#3693 = SURFACE_CURVE('',#3694,(#3697,#3703),.PCURVE_S1.);
#3694 = B_SPLINE_CURVE_WITH_KNOTS('',1,(#3695,#3696),.UNSPECIFIED.,.F.,
  .F.,(2,2),(3.,13.333975269818),.PIECEWISE_BEZIER_KNOTS.);
#3695 = CARTESIAN_POINT('',(93.228000630533,58.,3.));
#3696 = CARTESIAN_POINT('',(93.228000630533,58.,13.333975269818));
#3697 = PCURVE('',#1111,#3698);
#3698 = DEFINITIONAL_REPRESENTATION('',(#3699),#3702);
#3699 = B_SPLINE_CURVE_WITH_KNOTS('',1,(#3700,#3701),.UNSPECIFIED.,.F.,
  .F.,(2,2),(3.,13.333975269818),.PIECEWISE_BEZIER_KNOTS.);
#3700 = CARTESIAN_POINT('',(3.666987634909,33.228000630533));
#3701 = CARTESIAN_POINT('',(-6.666987634909,33.228000630533));
#3702 = ( GEOMETRIC_REPRESENTATION_CONTEXT(2) 
PARAMETRIC_REPRESENTATION_CONTEXT() REPRESENTATION_CONTEXT('2D SPACE',''
  ) );
#3703 = PCURVE('',#1257,#3704);
#3704 = DEFINITIONAL_REPRESENTATION('',(#3705),#3708);
#3705 = B_SPLINE_CURVE_WITH_KNOTS('',1,(#3706,#3707),.UNSPECIFIED.,.F.,
  .F.,(2,2),(3.,13.333975269818),.PIECEWISE_BEZIER_KNOTS.);
#3706 = CARTESIAN_POINT('',(-3.666987634909,2.));
#3707 = CARTESIAN_POINT('',(6.666987634909,2.));
#3708 = ( GEOMETRIC_REPRESENTATION_CONTEXT(2) 
PARAMETRIC_REPRESENTATION_CONTEXT() REPRESENTATION_CONTEXT('2D SPACE',''
  ) );
#3709 = ORIENTED_EDGE('',*,*,#3710,.T.);
#3710 = EDGE_CURVE('',#3691,#3642,#3711,.T.);
#3711 = SURFACE_CURVE('',#3712,(#3715,#3721),.PCURVE_S1.);
#3712 = B_SPLINE_CURVE_WITH_KNOTS('',1,(#3713,#3714),.UNSPECIFIED.,.F.,
  .F.,(2,2),(0.,66.456001261066),.PIECEWISE_BEZIER_KNOTS.);
#3713 = CARTESIAN_POINT('',(93.228000630533,58.,13.333975269818));
#3714 = CARTESIAN_POINT('',(26.771999369467,58.,13.333975269818));
#3715 = PCURVE('',#1111,#3716);
#3716 = DEFINITIONAL_REPRESENTATION('',(#3717),#3720);
#3717 = B_SPLINE_CURVE_WITH_KNOTS('',1,(#3718,#3719),.UNSPECIFIED.,.F.,
  .F.,(2,2),(0.,66.456001261066),.PIECEWISE_BEZIER_KNOTS.);
#3718 = CARTESIAN_POINT('',(-6.666987634909,33.228000630533));
#3719 = CARTESIAN_POINT('',(-6.666987634909,-33.22800063053));
#3720 = ( GEOMETRIC_REPRESENTATION_CONTEXT(2) 
PARAMETRIC_REPRESENTATION_CONTEXT() REPRESENTATION_CONTEXT('2D SPACE',''
  ) );
#3721 = PCURVE('',#3655,#3722);
#3722 = DEFINITIONAL_REPRESENTATION('',(#3723),#3726);
#3723 = B_SPLINE_CURVE_WITH_KNOTS('',1,(#3724,#3725),.UNSPECIFIED.,.F.,
  .F.,(2,2),(0.,66.456001261066),.PIECEWISE_BEZIER_KNOTS.);
#3724 = CARTESIAN_POINT('',(33.228000630533,-2.));
#3725 = CARTESIAN_POINT('',(-33.22800063053,-2.));
#3726 = ( GEOMETRIC_REPRESENTATION_CONTEXT(2) 
PARAMETRIC_REPRESENTATION_CONTEXT() REPRESENTATION_CONTEXT('2D SPACE',''
  ) );
#3727 = ADVANCED_FACE('',(#3728,#3770,#3884),#1185,.F.);
#3728 = FACE_BOUND('',#3729,.F.);
#3729 = EDGE_LOOP('',(#3730,#3731,#3732,#3752));
#3730 = ORIENTED_EDGE('',*,*,#3621,.T.);
#3731 = ORIENTED_EDGE('',*,*,#1170,.T.);
#3732 = ORIENTED_EDGE('',*,*,#3733,.T.);
#3733 = EDGE_CURVE('',#1171,#3734,#3736,.T.);
#3734 = VERTEX_POINT('',#3735);
#3735 = CARTESIAN_POINT('',(93.228000630533,62.,13.333975269818));
#3736 = SURFACE_CURVE('',#3737,(#3740,#3746),.PCURVE_S1.);
#3737 = B_SPLINE_CURVE_WITH_KNOTS('',1,(#3738,#3739),.UNSPECIFIED.,.F.,
  .F.,(2,2),(3.,13.333975269818),.PIECEWISE_BEZIER_KNOTS.);
#3738 = CARTESIAN_POINT('',(93.228000630533,62.,3.));
#3739 = CARTESIAN_POINT('',(93.228000630533,62.,13.333975269818));
#3740 = PCURVE('',#1185,#3741);
#3741 = DEFINITIONAL_REPRESENTATION('',(#3742),#3745);
#3742 = B_SPLINE_CURVE_WITH_KNOTS('',1,(#3743,#3744),.UNSPECIFIED.,.F.,
  .F.,(2,2),(3.,13.333975269818),.PIECEWISE_BEZIER_KNOTS.);
#3743 = CARTESIAN_POINT('',(3.666987634909,33.228000630533));
#3744 = CARTESIAN_POINT('',(-6.666987634909,33.228000630533));
#3745 = ( GEOMETRIC_REPRESENTATION_CONTEXT(2) 
PARAMETRIC_REPRESENTATION_CONTEXT() REPRESENTATION_CONTEXT('2D SPACE',''
  ) );
#3746 = PCURVE('',#1257,#3747);
#3747 = DEFINITIONAL_REPRESENTATION('',(#3748),#3751);
#3748 = B_SPLINE_CURVE_WITH_KNOTS('',1,(#3749,#3750),.UNSPECIFIED.,.F.,
  .F.,(2,2),(3.,13.333975269818),.PIECEWISE_BEZIER_KNOTS.);
#3749 = CARTESIAN_POINT('',(-3.666987634909,-2.));
#3750 = CARTESIAN_POINT('',(6.666987634909,-2.));
#3751 = ( GEOMETRIC_REPRESENTATION_CONTEXT(2) 
PARAMETRIC_REPRESENTATION_CONTEXT() REPRESENTATION_CONTEXT('2D SPACE',''
  ) );
#3752 = ORIENTED_EDGE('',*,*,#3753,.T.);
#3753 = EDGE_CURVE('',#3734,#3622,#3754,.T.);
#3754 = SURFACE_CURVE('',#3755,(#3758,#3764),.PCURVE_S1.);
#3755 = B_SPLINE_CURVE_WITH_KNOTS('',1,(#3756,#3757),.UNSPECIFIED.,.F.,
  .F.,(2,2),(0.,66.456001261066),.PIECEWISE_BEZIER_KNOTS.);
#3756 = CARTESIAN_POINT('',(93.228000630533,62.,13.333975269818));
#3757 = CARTESIAN_POINT('',(26.771999369467,62.,13.333975269818));
#3758 = PCURVE('',#1185,#3759);
#3759 = DEFINITIONAL_REPRESENTATION('',(#3760),#3763);
#3760 = B_SPLINE_CURVE_WITH_KNOTS('',1,(#3761,#3762),.UNSPECIFIED.,.F.,
  .F.,(2,2),(0.,66.456001261066),.PIECEWISE_BEZIER_KNOTS.);
#3761 = CARTESIAN_POINT('',(-6.666987634909,33.228000630533));
#3762 = CARTESIAN_POINT('',(-6.666987634909,-33.22800063053));
#3763 = ( GEOMETRIC_REPRESENTATION_CONTEXT(2) 
PARAMETRIC_REPRESENTATION_CONTEXT() REPRESENTATION_CONTEXT('2D SPACE',''
  ) );
#3764 = PCURVE('',#3655,#3765);
#3765 = DEFINITIONAL_REPRESENTATION('',(#3766),#3769);
#3766 = B_SPLINE_CURVE_WITH_KNOTS('',1,(#3767,#3768),.UNSPECIFIED.,.F.,
  .F.,(2,2),(0.,66.456001261066),.PIECEWISE_BEZIER_KNOTS.);
#3767 = CARTESIAN_POINT('',(33.228000630533,2.));
#3768 = CARTESIAN_POINT('',(-33.22800063053,2.));
#3769 = ( GEOMETRIC_REPRESENTATION_CONTEXT(2) 
PARAMETRIC_REPRESENTATION_CONTEXT() REPRESENTATION_CONTEXT('2D SPACE',''
  ) );
#3770 = FACE_BOUND('',#3771,.F.);
#3771 = EDGE_LOOP('',(#3772,#3802,#3830,#3858));
#3772 = ORIENTED_EDGE('',*,*,#3773,.F.);
#3773 = EDGE_CURVE('',#3774,#3776,#3778,.T.);
#3774 = VERTEX_POINT('',#3775);
#3775 = CARTESIAN_POINT('',(73.614000315267,62.,9.081393778228));
#3776 = VERTEX_POINT('',#3777);
#3777 = CARTESIAN_POINT('',(73.614000315267,62.,3.585786437627));
#3778 = SURFACE_CURVE('',#3779,(#3782,#3788),.PCURVE_S1.);
#3779 = B_SPLINE_CURVE_WITH_KNOTS('',1,(#3780,#3781),.UNSPECIFIED.,.F.,
  .F.,(2,2),(-0.414213562373,5.081393778228),.PIECEWISE_BEZIER_KNOTS.);
#3780 = CARTESIAN_POINT('',(73.614000315267,62.,9.081393778228));
#3781 = CARTESIAN_POINT('',(73.614000315267,62.,3.585786437627));
#3782 = PCURVE('',#1185,#3783);
#3783 = DEFINITIONAL_REPRESENTATION('',(#3784),#3787);
#3784 = B_SPLINE_CURVE_WITH_KNOTS('',1,(#3785,#3786),.UNSPECIFIED.,.F.,
  .F.,(2,2),(-0.414213562373,5.081393778228),.PIECEWISE_BEZIER_KNOTS.);
#3785 = CARTESIAN_POINT('',(-2.414406143319,13.614000315267));
#3786 = CARTESIAN_POINT('',(3.081201197282,13.614000315267));
#3787 = ( GEOMETRIC_REPRESENTATION_CONTEXT(2) 
PARAMETRIC_REPRESENTATION_CONTEXT() REPRESENTATION_CONTEXT('2D SPACE',''
  ) );
#3788 = PCURVE('',#3789,#3796);
#3789 = ( BOUNDED_SURFACE() B_SPLINE_SURFACE(2,1,(
    (#3790,#3791)
    ,(#3792,#3793)
    ,(#3794,#3795
)),.UNSPECIFIED.,.F.,.F.,.F.) B_SPLINE_SURFACE_WITH_KNOTS((3,3),(2,2),(
    0.,1.570796326795),(-0.414213562373,5.081393778228),
.PIECEWISE_BEZIER_KNOTS.) GEOMETRIC_REPRESENTATION_ITEM() 
RATIONAL_B_SPLINE_SURFACE((
    (1.,1.)
    ,(0.707106781187,0.707106781187)
,(1.,1.))) REPRESENTATION_ITEM('') SURFACE() );
#3790 = CARTESIAN_POINT('',(74.614000315267,63.,9.081393778228));
#3791 = CARTESIAN_POINT('',(74.614000315267,63.,3.585786437627));
#3792 = CARTESIAN_POINT('',(74.614000315267,62.,9.081393778228));
#3793 = CARTESIAN_POINT('',(74.614000315267,62.,3.585786437627));
#3794 = CARTESIAN_POINT('',(73.614000315267,62.,9.081393778228));
#3795 = CARTESIAN_POINT('',(73.614000315267,62.,3.585786437627));
#3796 = DEFINITIONAL_REPRESENTATION('',(#3797),#3801);
#3797 = B_SPLINE_CURVE_WITH_KNOTS('',2,(#3798,#3799,#3800),
  .UNSPECIFIED.,.F.,.F.,(3,3),(-0.414213562373,5.081393778228),
  .PIECEWISE_BEZIER_KNOTS.);
#3798 = CARTESIAN_POINT('',(1.570796326795,-0.414213562373));
#3799 = CARTESIAN_POINT('',(1.570796326795,2.333590107927));
#3800 = CARTESIAN_POINT('',(1.570796326795,5.081393778228));
#3801 = ( GEOMETRIC_REPRESENTATION_CONTEXT(2) 
PARAMETRIC_REPRESENTATION_CONTEXT() REPRESENTATION_CONTEXT('2D SPACE',''
  ) );
#3802 = ORIENTED_EDGE('',*,*,#3803,.F.);
#3803 = EDGE_CURVE('',#3804,#3774,#3806,.T.);
#3804 = VERTEX_POINT('',#3805);
#3805 = CARTESIAN_POINT('',(79.614000315267,62.,9.081393778228));
#3806 = SURFACE_CURVE('',#3807,(#3810,#3816),.PCURVE_S1.);
#3807 = B_SPLINE_CURVE_WITH_KNOTS('',1,(#3808,#3809),.UNSPECIFIED.,.F.,
  .F.,(2,2),(-1.,5.),.PIECEWISE_BEZIER_KNOTS.);
#3808 = CARTESIAN_POINT('',(79.614000315267,62.,9.081393778228));
#3809 = CARTESIAN_POINT('',(73.614000315267,62.,9.081393778228));
#3810 = PCURVE('',#1185,#3811);
#3811 = DEFINITIONAL_REPRESENTATION('',(#3812),#3815);
#3812 = B_SPLINE_CURVE_WITH_KNOTS('',1,(#3813,#3814),.UNSPECIFIED.,.F.,
  .F.,(2,2),(-1.,5.),.PIECEWISE_BEZIER_KNOTS.);
#3813 = CARTESIAN_POINT('',(-2.414406143319,19.614000315267));
#3814 = CARTESIAN_POINT('',(-2.414406143319,13.614000315267));
#3815 = ( GEOMETRIC_REPRESENTATION_CONTEXT(2) 
PARAMETRIC_REPRESENTATION_CONTEXT() REPRESENTATION_CONTEXT('2D SPACE',''
  ) );
#3816 = PCURVE('',#3817,#3824);
#3817 = ( BOUNDED_SURFACE() B_SPLINE_SURFACE(2,1,(
    (#3818,#3819)
    ,(#3820,#3821)
    ,(#3822,#3823
)),.UNSPECIFIED.,.F.,.F.,.F.) B_SPLINE_SURFACE_WITH_KNOTS((3,3),(2,2),(
    0.,0.785398163397),(-1.,5.),.PIECEWISE_BEZIER_KNOTS.) 
GEOMETRIC_REPRESENTATION_ITEM() RATIONAL_B_SPLINE_SURFACE((
    (1.,1.)
    ,(0.923879532511,0.923879532511)
,(1.,1.))) REPRESENTATION_ITEM('') SURFACE() );
#3818 = CARTESIAN_POINT('',(79.614000315267,62.292893218813,
    8.374286997041));
#3819 = CARTESIAN_POINT('',(73.614000315267,62.292893218813,
    8.374286997041));
#3820 = CARTESIAN_POINT('',(79.614000315267,62.,8.667180215855));
#3821 = CARTESIAN_POINT('',(73.614000315267,62.,8.667180215855));
#3822 = CARTESIAN_POINT('',(79.614000315267,62.,9.081393778228));
#3823 = CARTESIAN_POINT('',(73.614000315267,62.,9.081393778228));
#3824 = DEFINITIONAL_REPRESENTATION('',(#3825),#3829);
#3825 = B_SPLINE_CURVE_WITH_KNOTS('',2,(#3826,#3827,#3828),
  .UNSPECIFIED.,.F.,.F.,(3,3),(-1.,5.),.PIECEWISE_BEZIER_KNOTS.);
#3826 = CARTESIAN_POINT('',(0.785398163397,-1.));
#3827 = CARTESIAN_POINT('',(0.785398163397,2.));
#3828 = CARTESIAN_POINT('',(0.785398163397,5.));
#3829 = ( GEOMETRIC_REPRESENTATION_CONTEXT(2) 
PARAMETRIC_REPRESENTATION_CONTEXT() REPRESENTATION_CONTEXT('2D SPACE',''
  ) );
#3830 = ORIENTED_EDGE('',*,*,#3831,.T.);
#3831 = EDGE_CURVE('',#3804,#3832,#3834,.T.);
#3832 = VERTEX_POINT('',#3833);
#3833 = CARTESIAN_POINT('',(79.614000315267,62.,3.585786437627));
#3834 = SURFACE_CURVE('',#3835,(#3838,#3844),.PCURVE_S1.);
#3835 = B_SPLINE_CURVE_WITH_KNOTS('',1,(#3836,#3837),.UNSPECIFIED.,.F.,
  .F.,(2,2),(-0.414213562373,5.081393778228),.PIECEWISE_BEZIER_KNOTS.);
#3836 = CARTESIAN_POINT('',(79.614000315267,62.,9.081393778228));
#3837 = CARTESIAN_POINT('',(79.614000315267,62.,3.585786437627));
#3838 = PCURVE('',#1185,#3839);
#3839 = DEFINITIONAL_REPRESENTATION('',(#3840),#3843);
#3840 = B_SPLINE_CURVE_WITH_KNOTS('',1,(#3841,#3842),.UNSPECIFIED.,.F.,
  .F.,(2,2),(-0.414213562373,5.081393778228),.PIECEWISE_BEZIER_KNOTS.);
#3841 = CARTESIAN_POINT('',(-2.414406143319,19.614000315267));
#3842 = CARTESIAN_POINT('',(3.081201197282,19.614000315267));
#3843 = ( GEOMETRIC_REPRESENTATION_CONTEXT(2) 
PARAMETRIC_REPRESENTATION_CONTEXT() REPRESENTATION_CONTEXT('2D SPACE',''
  ) );
#3844 = PCURVE('',#3845,#3852);
#3845 = ( BOUNDED_SURFACE() B_SPLINE_SURFACE(2,1,(
    (#3846,#3847)
    ,(#3848,#3849)
    ,(#3850,#3851
)),.UNSPECIFIED.,.F.,.F.,.F.) B_SPLINE_SURFACE_WITH_KNOTS((3,3),(2,2),(
    0.,1.570796326795),(-0.414213562373,5.081393778228),
.PIECEWISE_BEZIER_KNOTS.) GEOMETRIC_REPRESENTATION_ITEM() 
RATIONAL_B_SPLINE_SURFACE((
    (1.,1.)
    ,(0.707106781187,0.707106781187)
,(1.,1.))) REPRESENTATION_ITEM('') SURFACE() );
#3846 = CARTESIAN_POINT('',(78.614000315267,63.,9.081393778228));
#3847 = CARTESIAN_POINT('',(78.614000315267,63.,3.585786437627));
#3848 = CARTESIAN_POINT('',(78.614000315267,62.,9.081393778228));
#3849 = CARTESIAN_POINT('',(78.614000315267,62.,3.585786437627));
#3850 = CARTESIAN_POINT('',(79.614000315267,62.,9.081393778228));
#3851 = CARTESIAN_POINT('',(79.614000315267,62.,3.585786437627));
#3852 = DEFINITIONAL_REPRESENTATION('',(#3853),#3857);
#3853 = B_SPLINE_CURVE_WITH_KNOTS('',2,(#3854,#3855,#3856),
  .UNSPECIFIED.,.F.,.F.,(3,3),(-0.414213562373,5.081393778228),
  .PIECEWISE_BEZIER_KNOTS.);
#3854 = CARTESIAN_POINT('',(1.570796326795,-0.414213562373));
#3855 = CARTESIAN_POINT('',(1.570796326795,2.333590107927));
#3856 = CARTESIAN_POINT('',(1.570796326795,5.081393778228));
#3857 = ( GEOMETRIC_REPRESENTATION_CONTEXT(2) 
PARAMETRIC_REPRESENTATION_CONTEXT() REPRESENTATION_CONTEXT('2D SPACE',''
  ) );
#3858 = ORIENTED_EDGE('',*,*,#3859,.T.);
#3859 = EDGE_CURVE('',#3832,#3776,#3860,.T.);
#3860 = SURFACE_CURVE('',#3861,(#3864,#3870),.PCURVE_S1.);
#3861 = B_SPLINE_CURVE_WITH_KNOTS('',1,(#3862,#3863),.UNSPECIFIED.,.F.,
  .F.,(2,2),(-1.,5.),.PIECEWISE_BEZIER_KNOTS.);
#3862 = CARTESIAN_POINT('',(79.614000315267,62.,3.585786437627));
#3863 = CARTESIAN_POINT('',(73.614000315267,62.,3.585786437627));
#3864 = PCURVE('',#1185,#3865);
#3865 = DEFINITIONAL_REPRESENTATION('',(#3866),#3869);
#3866 = B_SPLINE_CURVE_WITH_KNOTS('',1,(#3867,#3868),.UNSPECIFIED.,.F.,
  .F.,(2,2),(-1.,5.),.PIECEWISE_BEZIER_KNOTS.);
#3867 = CARTESIAN_POINT('',(3.081201197282,19.614000315267));
#3868 = CARTESIAN_POINT('',(3.081201197282,13.614000315267));
#3869 = ( GEOMETRIC_REPRESENTATION_CONTEXT(2) 
PARAMETRIC_REPRESENTATION_CONTEXT() REPRESENTATION_CONTEXT('2D SPACE',''
  ) );
#3870 = PCURVE('',#3871,#3878);
#3871 = ( BOUNDED_SURFACE() B_SPLINE_SURFACE(2,1,(
    (#3872,#3873)
    ,(#3874,#3875)
    ,(#3876,#3877
)),.UNSPECIFIED.,.F.,.F.,.F.) B_SPLINE_SURFACE_WITH_KNOTS((3,3),(2,2),(
    0.,2.356194490192),(-1.,5.),.PIECEWISE_BEZIER_KNOTS.) 
GEOMETRIC_REPRESENTATION_ITEM() RATIONAL_B_SPLINE_SURFACE((
    (1.,1.)
    ,(0.382683432365,0.382683432365)
,(1.,1.))) REPRESENTATION_ITEM('') SURFACE() );
#3872 = CARTESIAN_POINT('',(79.614000315267,63.707106781187,
    4.292893218813));
#3873 = CARTESIAN_POINT('',(73.614000315267,63.707106781187,
    4.292893218813));
#3874 = CARTESIAN_POINT('',(79.614000315267,62.,6.));
#3875 = CARTESIAN_POINT('',(73.614000315267,62.,6.));
#3876 = CARTESIAN_POINT('',(79.614000315267,62.,3.585786437627));
#3877 = CARTESIAN_POINT('',(73.614000315267,62.,3.585786437627));
#3878 = DEFINITIONAL_REPRESENTATION('',(#3879),#3883);
#3879 = B_SPLINE_CURVE_WITH_KNOTS('',2,(#3880,#3881,#3882),
  .UNSPECIFIED.,.F.,.F.,(3,3),(-1.,5.),.PIECEWISE_BEZIER_KNOTS.);
#3880 = CARTESIAN_POINT('',(2.356194490192,-1.));
#3881 = CARTESIAN_POINT('',(2.356194490192,2.));
#3882 = CARTESIAN_POINT('',(2.356194490192,5.));
#3883 = ( GEOMETRIC_REPRESENTATION_CONTEXT(2) 
PARAMETRIC_REPRESENTATION_CONTEXT() REPRESENTATION_CONTEXT('2D SPACE',''
  ) );
#3884 = FACE_BOUND('',#3885,.F.);
#3885 = EDGE_LOOP('',(#3886,#3916,#3944,#3972));
#3886 = ORIENTED_EDGE('',*,*,#3887,.F.);
#3887 = EDGE_CURVE('',#3888,#3890,#3892,.T.);
#3888 = VERTEX_POINT('',#3889);
#3889 = CARTESIAN_POINT('',(40.385999684733,62.,9.081393778228));
#3890 = VERTEX_POINT('',#3891);
#3891 = CARTESIAN_POINT('',(40.385999684733,62.,3.585786437627));
#3892 = SURFACE_CURVE('',#3893,(#3896,#3902),.PCURVE_S1.);
#3893 = B_SPLINE_CURVE_WITH_KNOTS('',1,(#3894,#3895),.UNSPECIFIED.,.F.,
  .F.,(2,2),(-0.414213562373,5.081393778228),.PIECEWISE_BEZIER_KNOTS.);
#3894 = CARTESIAN_POINT('',(40.385999684733,62.,9.081393778228));
#3895 = CARTESIAN_POINT('',(40.385999684733,62.,3.585786437627));
#3896 = PCURVE('',#1185,#3897);
#3897 = DEFINITIONAL_REPRESENTATION('',(#3898),#3901);
#3898 = B_SPLINE_CURVE_WITH_KNOTS('',1,(#3899,#3900),.UNSPECIFIED.,.F.,
  .F.,(2,2),(-0.414213562373,5.081393778228),.PIECEWISE_BEZIER_KNOTS.);
#3899 = CARTESIAN_POINT('',(-2.414406143319,-19.61400031526));
#3900 = CARTESIAN_POINT('',(3.081201197282,-19.61400031526));
#3901 = ( GEOMETRIC_REPRESENTATION_CONTEXT(2) 
PARAMETRIC_REPRESENTATION_CONTEXT() REPRESENTATION_CONTEXT('2D SPACE',''
  ) );
#3902 = PCURVE('',#3903,#3910);
#3903 = ( BOUNDED_SURFACE() B_SPLINE_SURFACE(2,1,(
    (#3904,#3905)
    ,(#3906,#3907)
    ,(#3908,#3909
)),.UNSPECIFIED.,.F.,.F.,.F.) B_SPLINE_SURFACE_WITH_KNOTS((3,3),(2,2),(
    0.,1.570796326795),(-0.414213562373,5.081393778228),
.PIECEWISE_BEZIER_KNOTS.) GEOMETRIC_REPRESENTATION_ITEM() 
RATIONAL_B_SPLINE_SURFACE((
    (1.,1.)
    ,(0.707106781187,0.707106781187)
,(1.,1.))) REPRESENTATION_ITEM('') SURFACE() );
#3904 = CARTESIAN_POINT('',(41.385999684733,63.,9.081393778228));
#3905 = CARTESIAN_POINT('',(41.385999684733,63.,3.585786437627));
#3906 = CARTESIAN_POINT('',(41.385999684733,62.,9.081393778228));
#3907 = CARTESIAN_POINT('',(41.385999684733,62.,3.585786437627));
#3908 = CARTESIAN_POINT('',(40.385999684733,62.,9.081393778228));
#3909 = CARTESIAN_POINT('',(40.385999684733,62.,3.585786437627));
#3910 = DEFINITIONAL_REPRESENTATION('',(#3911),#3915);
#3911 = B_SPLINE_CURVE_WITH_KNOTS('',2,(#3912,#3913,#3914),
  .UNSPECIFIED.,.F.,.F.,(3,3),(-0.414213562373,5.081393778228),
  .PIECEWISE_BEZIER_KNOTS.);
#3912 = CARTESIAN_POINT('',(1.570796326795,-0.414213562373));
#3913 = CARTESIAN_POINT('',(1.570796326795,2.333590107927));
#3914 = CARTESIAN_POINT('',(1.570796326795,5.081393778228));
#3915 = ( GEOMETRIC_REPRESENTATION_CONTEXT(2) 
PARAMETRIC_REPRESENTATION_CONTEXT() REPRESENTATION_CONTEXT('2D SPACE',''
  ) );
#3916 = ORIENTED_EDGE('',*,*,#3917,.F.);
#3917 = EDGE_CURVE('',#3918,#3888,#3920,.T.);
#3918 = VERTEX_POINT('',#3919);
#3919 = CARTESIAN_POINT('',(46.385999684733,62.,9.081393778228));
#3920 = SURFACE_CURVE('',#3921,(#3924,#3930),.PCURVE_S1.);
#3921 = B_SPLINE_CURVE_WITH_KNOTS('',1,(#3922,#3923),.UNSPECIFIED.,.F.,
  .F.,(2,2),(-1.,5.),.PIECEWISE_BEZIER_KNOTS.);
#3922 = CARTESIAN_POINT('',(46.385999684733,62.,9.081393778228));
#3923 = CARTESIAN_POINT('',(40.385999684733,62.,9.081393778228));
#3924 = PCURVE('',#1185,#3925);
#3925 = DEFINITIONAL_REPRESENTATION('',(#3926),#3929);
#3926 = B_SPLINE_CURVE_WITH_KNOTS('',1,(#3927,#3928),.UNSPECIFIED.,.F.,
  .F.,(2,2),(-1.,5.),.PIECEWISE_BEZIER_KNOTS.);
#3927 = CARTESIAN_POINT('',(-2.414406143319,-13.61400031526));
#3928 = CARTESIAN_POINT('',(-2.414406143319,-19.61400031526));
#3929 = ( GEOMETRIC_REPRESENTATION_CONTEXT(2) 
PARAMETRIC_REPRESENTATION_CONTEXT() REPRESENTATION_CONTEXT('2D SPACE',''
  ) );
#3930 = PCURVE('',#3931,#3938);
#3931 = ( BOUNDED_SURFACE() B_SPLINE_SURFACE(2,1,(
    (#3932,#3933)
    ,(#3934,#3935)
    ,(#3936,#3937
)),.UNSPECIFIED.,.F.,.F.,.F.) B_SPLINE_SURFACE_WITH_KNOTS((3,3),(2,2),(
    0.,0.785398163397),(-1.,5.),.PIECEWISE_BEZIER_KNOTS.) 
GEOMETRIC_REPRESENTATION_ITEM() RATIONAL_B_SPLINE_SURFACE((
    (1.,1.)
    ,(0.923879532511,0.923879532511)
,(1.,1.))) REPRESENTATION_ITEM('') SURFACE() );
#3932 = CARTESIAN_POINT('',(46.385999684733,62.292893218813,
    8.374286997041));
#3933 = CARTESIAN_POINT('',(40.385999684733,62.292893218813,
    8.374286997041));
#3934 = CARTESIAN_POINT('',(46.385999684733,62.,8.667180215855));
#3935 = CARTESIAN_POINT('',(40.385999684733,62.,8.667180215855));
#3936 = CARTESIAN_POINT('',(46.385999684733,62.,9.081393778228));
#3937 = CARTESIAN_POINT('',(40.385999684733,62.,9.081393778228));
#3938 = DEFINITIONAL_REPRESENTATION('',(#3939),#3943);
#3939 = B_SPLINE_CURVE_WITH_KNOTS('',2,(#3940,#3941,#3942),
  .UNSPECIFIED.,.F.,.F.,(3,3),(-1.,5.),.PIECEWISE_BEZIER_KNOTS.);
#3940 = CARTESIAN_POINT('',(0.785398163397,-1.));
#3941 = CARTESIAN_POINT('',(0.785398163397,2.));
#3942 = CARTESIAN_POINT('',(0.785398163397,5.));
#3943 = ( GEOMETRIC_REPRESENTATION_CONTEXT(2) 
PARAMETRIC_REPRESENTATION_CONTEXT() REPRESENTATION_CONTEXT('2D SPACE',''
  ) );
#3944 = ORIENTED_EDGE('',*,*,#3945,.T.);
#3945 = EDGE_CURVE('',#3918,#3946,#3948,.T.);
#3946 = VERTEX_POINT('',#3947);
#3947 = CARTESIAN_POINT('',(46.385999684733,62.,3.585786437627));
#3948 = SURFACE_CURVE('',#3949,(#3952,#3958),.PCURVE_S1.);
#3949 = B_SPLINE_CURVE_WITH_KNOTS('',1,(#3950,#3951),.UNSPECIFIED.,.F.,
  .F.,(2,2),(-0.414213562373,5.081393778228),.PIECEWISE_BEZIER_KNOTS.);
#3950 = CARTESIAN_POINT('',(46.385999684733,62.,9.081393778228));
#3951 = CARTESIAN_POINT('',(46.385999684733,62.,3.585786437627));
#3952 = PCURVE('',#1185,#3953);
#3953 = DEFINITIONAL_REPRESENTATION('',(#3954),#3957);
#3954 = B_SPLINE_CURVE_WITH_KNOTS('',1,(#3955,#3956),.UNSPECIFIED.,.F.,
  .F.,(2,2),(-0.414213562373,5.081393778228),.PIECEWISE_BEZIER_KNOTS.);
#3955 = CARTESIAN_POINT('',(-2.414406143319,-13.61400031526));
#3956 = CARTESIAN_POINT('',(3.081201197282,-13.61400031526));
#3957 = ( GEOMETRIC_REPRESENTATION_CONTEXT(2) 
PARAMETRIC_REPRESENTATION_CONTEXT() REPRESENTATION_CONTEXT('2D SPACE',''
  ) );
#3958 = PCURVE('',#3959,#3966);
#3959 = ( BOUNDED_SURFACE() B_SPLINE_SURFACE(2,1,(
    (#3960,#3961)
    ,(#3962,#3963)
    ,(#3964,#3965
)),.UNSPECIFIED.,.F.,.F.,.F.) B_SPLINE_SURFACE_WITH_KNOTS((3,3),(2,2),(
    0.,1.570796326795),(-0.414213562373,5.081393778228),
.PIECEWISE_BEZIER_KNOTS.) GEOMETRIC_REPRESENTATION_ITEM() 
RATIONAL_B_SPLINE_SURFACE((
    (1.,1.)
    ,(0.707106781187,0.707106781187)
,(1.,1.))) REPRESENTATION_ITEM('') SURFACE() );
#3960 = CARTESIAN_POINT('',(45.385999684733,63.,9.081393778228));
#3961 = CARTESIAN_POINT('',(45.385999684733,63.,3.585786437627));
#3962 = CARTESIAN_POINT('',(45.385999684733,62.,9.081393778228));
#3963 = CARTESIAN_POINT('',(45.385999684733,62.,3.585786437627));
#3964 = CARTESIAN_POINT('',(46.385999684733,62.,9.081393778228));
#3965 = CARTESIAN_POINT('',(46.385999684733,62.,3.585786437627));
#3966 = DEFINITIONAL_REPRESENTATION('',(#3967),#3971);
#3967 = B_SPLINE_CURVE_WITH_KNOTS('',2,(#3968,#3969,#3970),
  .UNSPECIFIED.,.F.,.F.,(3,3),(-0.414213562373,5.081393778228),
  .PIECEWISE_BEZIER_KNOTS.);
#3968 = CARTESIAN_POINT('',(1.570796326795,-0.414213562373));
#3969 = CARTESIAN_POINT('',(1.570796326795,2.333590107927));
#3970 = CARTESIAN_POINT('',(1.570796326795,5.081393778228));
#3971 = ( GEOMETRIC_REPRESENTATION_CONTEXT(2) 
PARAMETRIC_REPRESENTATION_CONTEXT() REPRESENTATION_CONTEXT('2D SPACE',''
  ) );
#3972 = ORIENTED_EDGE('',*,*,#3973,.T.);
#3973 = EDGE_CURVE('',#3946,#3890,#3974,.T.);
#3974 = SURFACE_CURVE('',#3975,(#3978,#3984),.PCURVE_S1.);
#3975 = B_SPLINE_CURVE_WITH_KNOTS('',1,(#3976,#3977),.UNSPECIFIED.,.F.,
  .F.,(2,2),(-1.,5.),.PIECEWISE_BEZIER_KNOTS.);
#3976 = CARTESIAN_POINT('',(46.385999684733,62.,3.585786437627));
#3977 = CARTESIAN_POINT('',(40.385999684733,62.,3.585786437627));
#3978 = PCURVE('',#1185,#3979);
#3979 = DEFINITIONAL_REPRESENTATION('',(#3980),#3983);
#3980 = B_SPLINE_CURVE_WITH_KNOTS('',1,(#3981,#3982),.UNSPECIFIED.,.F.,
  .F.,(2,2),(-1.,5.),.PIECEWISE_BEZIER_KNOTS.);
#3981 = CARTESIAN_POINT('',(3.081201197282,-13.61400031526));
#3982 = CARTESIAN_POINT('',(3.081201197282,-19.61400031526));
#3983 = ( GEOMETRIC_REPRESENTATION_CONTEXT(2) 
PARAMETRIC_REPRESENTATION_CONTEXT() REPRESENTATION_CONTEXT('2D SPACE',''
  ) );
#3984 = PCURVE('',#3985,#3992);
#3985 = ( BOUNDED_SURFACE() B_SPLINE_SURFACE(2,1,(
    (#3986,#3987)
    ,(#3988,#3989)
    ,(#3990,#3991
)),.UNSPECIFIED.,.F.,.F.,.F.) B_SPLINE_SURFACE_WITH_KNOTS((3,3),(2,2),(
    0.,2.356194490192),(-1.,5.),.PIECEWISE_BEZIER_KNOTS.) 
GEOMETRIC_REPRESENTATION_ITEM() RATIONAL_B_SPLINE_SURFACE((
    (1.,1.)
    ,(0.382683432365,0.382683432365)
,(1.,1.))) REPRESENTATION_ITEM('') SURFACE() );
#3986 = CARTESIAN_POINT('',(46.385999684733,63.707106781187,
    4.292893218813));
#3987 = CARTESIAN_POINT('',(40.385999684733,63.707106781187,
    4.292893218813));
#3988 = CARTESIAN_POINT('',(46.385999684733,62.,6.));
#3989 = CARTESIAN_POINT('',(40.385999684733,62.,6.));
#3990 = CARTESIAN_POINT('',(46.385999684733,62.,3.585786437627));
#3991 = CARTESIAN_POINT('',(40.385999684733,62.,3.585786437627));
#3992 = DEFINITIONAL_REPRESENTATION('',(#3993),#3997);
#3993 = B_SPLINE_CURVE_WITH_KNOTS('',2,(#3994,#3995,#3996),
  .UNSPECIFIED.,.F.,.F.,(3,3),(-1.,5.),.PIECEWISE_BEZIER_KNOTS.);
#3994 = CARTESIAN_POINT('',(2.356194490192,-1.));
#3995 = CARTESIAN_POINT('',(2.356194490192,2.));
#3996 = CARTESIAN_POINT('',(2.356194490192,5.));
#3997 = ( GEOMETRIC_REPRESENTATION_CONTEXT(2) 
PARAMETRIC_REPRESENTATION_CONTEXT() REPRESENTATION_CONTEXT('2D SPACE',''
  ) );
#3998 = ADVANCED_FACE('',(#3999),#1257,.T.);
#3999 = FACE_BOUND('',#4000,.T.);
#4000 = EDGE_LOOP('',(#4001,#4002,#4003,#4004));
#4001 = ORIENTED_EDGE('',*,*,#3690,.F.);
#4002 = ORIENTED_EDGE('',*,*,#1244,.T.);
#4003 = ORIENTED_EDGE('',*,*,#3733,.T.);
#4004 = ORIENTED_EDGE('',*,*,#4005,.T.);
#4005 = EDGE_CURVE('',#3734,#3691,#4006,.T.);
#4006 = SURFACE_CURVE('',#4007,(#4010,#4016),.PCURVE_S1.);
#4007 = B_SPLINE_CURVE_WITH_KNOTS('',1,(#4008,#4009),.UNSPECIFIED.,.F.,
  .F.,(2,2),(0.,4.),.PIECEWISE_BEZIER_KNOTS.);
#4008 = CARTESIAN_POINT('',(93.228000630533,62.,13.333975269818));
#4009 = CARTESIAN_POINT('',(93.228000630533,58.,13.333975269818));
#4010 = PCURVE('',#1257,#4011);
#4011 = DEFINITIONAL_REPRESENTATION('',(#4012),#4015);
#4012 = B_SPLINE_CURVE_WITH_KNOTS('',1,(#4013,#4014),.UNSPECIFIED.,.F.,
  .F.,(2,2),(0.,4.),.PIECEWISE_BEZIER_KNOTS.);
#4013 = CARTESIAN_POINT('',(6.666987634909,-2.));
#4014 = CARTESIAN_POINT('',(6.666987634909,2.));
#4015 = ( GEOMETRIC_REPRESENTATION_CONTEXT(2) 
PARAMETRIC_REPRESENTATION_CONTEXT() REPRESENTATION_CONTEXT('2D SPACE',''
  ) );
#4016 = PCURVE('',#3655,#4017);
#4017 = DEFINITIONAL_REPRESENTATION('',(#4018),#4021);
#4018 = B_SPLINE_CURVE_WITH_KNOTS('',1,(#4019,#4020),.UNSPECIFIED.,.F.,
  .F.,(2,2),(0.,4.),.PIECEWISE_BEZIER_KNOTS.);
#4019 = CARTESIAN_POINT('',(33.228000630533,2.));
#4020 = CARTESIAN_POINT('',(33.228000630533,-2.));
#4021 = ( GEOMETRIC_REPRESENTATION_CONTEXT(2) 
PARAMETRIC_REPRESENTATION_CONTEXT() REPRESENTATION_CONTEXT('2D SPACE',''
  ) );
#4022 = ADVANCED_FACE('',(#4023,#4029,#4032),#1289,.F.);
#4023 = FACE_BOUND('',#4024,.F.);
#4024 = EDGE_LOOP('',(#4025,#4026,#4027,#4028));
#4025 = ORIENTED_EDGE('',*,*,#1273,.T.);
#4026 = ORIENTED_EDGE('',*,*,#1340,.T.);
#4027 = ORIENTED_EDGE('',*,*,#1383,.T.);
#4028 = ORIENTED_EDGE('',*,*,#1426,.T.);
#4029 = FACE_BOUND('',#4030,.F.);
#4030 = EDGE_LOOP('',(#4031));
#4031 = ORIENTED_EDGE('',*,*,#1450,.F.);
#4032 = FACE_BOUND('',#4033,.F.);
#4033 = EDGE_LOOP('',(#4034));
#4034 = ORIENTED_EDGE('',*,*,#4035,.F.);
#4035 = EDGE_CURVE('',#4036,#4036,#4038,.T.);
#4036 = VERTEX_POINT('',#4037);
#4037 = CARTESIAN_POINT('',(321.710474654,180.,-2.));
#4038 = SURFACE_CURVE('',#4039,(#4047,#4058),.PCURVE_S1.);
#4039 = ( BOUNDED_CURVE() B_SPLINE_CURVE(2,(#4040,#4041,#4042,#4043,
#4044,#4045,#4046),.UNSPECIFIED.,.T.,.F.) B_SPLINE_CURVE_WITH_KNOTS((3,2
    ,2,3),(0.,2.094395102393,4.188790204786,6.28318530718),
.PIECEWISE_BEZIER_KNOTS.) CURVE() GEOMETRIC_REPRESENTATION_ITEM() 
RATIONAL_B_SPLINE_CURVE((1.,0.5,1.,0.5,1.,0.5,1.)) REPRESENTATION_ITEM(
  '') );
#4040 = CARTESIAN_POINT('',(321.710474654,180.,-2.));
#4041 = CARTESIAN_POINT('',(321.710474654,217.60364515716,-2.));
#4042 = CARTESIAN_POINT('',(289.144762673,198.80182257858,-2.));
#4043 = CARTESIAN_POINT('',(256.57905069199,180.,-2.));
#4044 = CARTESIAN_POINT('',(289.144762673,161.19817742141,-2.));
#4045 = CARTESIAN_POINT('',(321.710474654,142.39635484283,-2.));
#4046 = CARTESIAN_POINT('',(321.710474654,180.,-2.));
#4047 = PCURVE('',#1289,#4048);
#4048 = DEFINITIONAL_REPRESENTATION('',(#4049),#4057);
#4049 = ( BOUNDED_CURVE() B_SPLINE_CURVE(2,(#4050,#4051,#4052,#4053,
#4054,#4055,#4056),.UNSPECIFIED.,.F.,.F.) B_SPLINE_CURVE_WITH_KNOTS((3,2
    ,2,3),(0.,2.094395102393,4.188790204786,6.28318530718),
.PIECEWISE_BEZIER_KNOTS.) CURVE() GEOMETRIC_REPRESENTATION_ITEM() 
RATIONAL_B_SPLINE_CURVE((1.,0.5,1.,0.5,1.,0.5,1.)) REPRESENTATION_ITEM(
  '') );
#4050 = CARTESIAN_POINT('',(141.710474654,60.));
#4051 = CARTESIAN_POINT('',(141.710474654,97.603645157165));
#4052 = CARTESIAN_POINT('',(109.144762673,78.801822578583));
#4053 = CARTESIAN_POINT('',(76.579050691999,60.));
#4054 = CARTESIAN_POINT('',(109.144762673,41.198177421417));
#4055 = CARTESIAN_POINT('',(141.710474654,22.396354842835));
#4056 = CARTESIAN_POINT('',(141.710474654,60.));
#4057 = ( GEOMETRIC_REPRESENTATION_CONTEXT(2) 
PARAMETRIC_REPRESENTATION_CONTEXT() REPRESENTATION_CONTEXT('2D SPACE',''
  ) );
#4058 = PCURVE('',#4059,#4081);
#4059 = ( BOUNDED_SURFACE() B_SPLINE_SURFACE(2,2,(
    (#4060,#4061,#4062)
    ,(#4063,#4064,#4065)
    ,(#4066,#4067,#4068)
    ,(#4069,#4070,#4071)
    ,(#4072,#4073,#4074)
    ,(#4075,#4076,#4077)
    ,(#4078,#4079,#4080
)),.UNSPECIFIED.,.T.,.F.,.F.) B_SPLINE_SURFACE_WITH_KNOTS((1,2,2,2,2,1),
  (3,3),(-2.094395102393,0.,2.094395102393,4.188790204786,6.28318530718,
    8.377580409573),(1.570796326795,3.14159265359),.UNSPECIFIED.) 
GEOMETRIC_REPRESENTATION_ITEM() RATIONAL_B_SPLINE_SURFACE((
    (1.,0.707106781187,1.)
    ,(0.5,0.353553390593,0.5)
    ,(1.,0.707106781187,1.)
    ,(0.5,0.353553390593,0.5)
    ,(1.,0.707106781187,1.)
    ,(0.5,0.353553390593,0.5)
,(1.,0.707106781187,1.))) REPRESENTATION_ITEM('') SURFACE() );
#4060 = CARTESIAN_POINT('',(321.710474654,180.,-2.));
#4061 = CARTESIAN_POINT('',(319.710474654,180.,-2.));
#4062 = CARTESIAN_POINT('',(319.710474654,180.,-4.));
#4063 = CARTESIAN_POINT('',(321.710474654,217.60364515716,-2.));
#4064 = CARTESIAN_POINT('',(319.710474654,214.13954354202,-2.));
#4065 = CARTESIAN_POINT('',(319.710474654,214.13954354202,-4.));
#4066 = CARTESIAN_POINT('',(289.144762673,198.80182257858,-2.));
#4067 = CARTESIAN_POINT('',(290.144762673,197.06977177101,-2.));
#4068 = CARTESIAN_POINT('',(290.144762673,197.06977177101,-4.));
#4069 = CARTESIAN_POINT('',(256.57905069199,180.,-2.));
#4070 = CARTESIAN_POINT('',(260.57905069199,180.,-2.));
#4071 = CARTESIAN_POINT('',(260.57905069199,180.,-4.));
#4072 = CARTESIAN_POINT('',(289.144762673,161.19817742141,-2.));
#4073 = CARTESIAN_POINT('',(290.144762673,162.93022822898,-2.));
#4074 = CARTESIAN_POINT('',(290.144762673,162.93022822898,-4.));
#4075 = CARTESIAN_POINT('',(321.710474654,142.39635484283,-2.));
#4076 = CARTESIAN_POINT('',(319.710474654,145.86045645797,-2.));
#4077 = CARTESIAN_POINT('',(319.710474654,145.86045645797,-4.));
#4078 = CARTESIAN_POINT('',(321.710474654,180.,-2.));
#4079 = CARTESIAN_POINT('',(319.710474654,180.,-2.));
#4080 = CARTESIAN_POINT('',(319.710474654,180.,-4.));
#4081 = DEFINITIONAL_REPRESENTATION('',(#4082),#4090);
#4082 = B_SPLINE_CURVE_WITH_KNOTS('',2,(#4083,#4084,#4085,#4086,#4087,
    #4088,#4089),.UNSPECIFIED.,.F.,.F.,(3,2,2,3),(0.,2.094395102393,
    4.188790204786,6.28318530718),.UNSPECIFIED.);
#4083 = CARTESIAN_POINT('',(0.,1.570796326795));
#4084 = CARTESIAN_POINT('',(1.047197551197,1.570796326795));
#4085 = CARTESIAN_POINT('',(2.094395102393,1.570796326795));
#4086 = CARTESIAN_POINT('',(3.14159265359,1.570796326795));
#4087 = CARTESIAN_POINT('',(4.188790204786,1.570796326795));
#4088 = CARTESIAN_POINT('',(5.235987755983,1.570796326795));
#4089 = CARTESIAN_POINT('',(6.28318530718,1.570796326795));
#4090 = ( GEOMETRIC_REPRESENTATION_CONTEXT(2) 
PARAMETRIC_REPRESENTATION_CONTEXT() REPRESENTATION_CONTEXT('2D SPACE',''
  ) );
#4091 = ADVANCED_FACE('',(#4092),#1645,.T.);
#4092 = FACE_BOUND('',#4093,.T.);
#4093 = EDGE_LOOP('',(#4094,#4191,#4211,#4212,#4213,#4214));
#4094 = ORIENTED_EDGE('',*,*,#4095,.F.);
#4095 = EDGE_CURVE('',#4096,#4098,#4100,.T.);
#4096 = VERTEX_POINT('',#4097);
#4097 = CARTESIAN_POINT('',(315.710474654,180.,-9.31509718751));
#4098 = VERTEX_POINT('',#4099);
#4099 = CARTESIAN_POINT('',(284.28952534599,180.,-9.31509718751));
#4100 = SURFACE_CURVE('',#4101,(#4114,#4170),.PCURVE_S1.);
#4101 = B_SPLINE_CURVE_WITH_KNOTS('',11,(#4102,#4103,#4104,#4105,#4106,
    #4107,#4108,#4109,#4110,#4111,#4112,#4113),.UNSPECIFIED.,.F.,.F.,(12
    ,12),(0.,3.14159265359),.PIECEWISE_BEZIER_KNOTS.);
#4102 = CARTESIAN_POINT('',(315.710474654,180.,-9.31509718751));
#4103 = CARTESIAN_POINT('',(315.71047465398,184.48690106884,
    -9.31509718751));
#4104 = CARTESIAN_POINT('',(314.30087308156,188.97380178699,
    -9.315097187511));
#4105 = CARTESIAN_POINT('',(311.48167026792,192.96866179896,
    -9.315097187508));
#4106 = CARTESIAN_POINT('',(307.44608938945,195.97942092529,
    -9.315097187513));
#4107 = CARTESIAN_POINT('',(302.58058874727,197.60080720466,
    -9.315097187507));
#4108 = CARTESIAN_POINT('',(297.41941125271,197.60080720506,
    -9.315097187512));
#4109 = CARTESIAN_POINT('',(292.55391061056,195.97942092497,
    -9.315097187509));
#4110 = CARTESIAN_POINT('',(288.51832973205,192.96866179916,
    -9.31509718751));
#4111 = CARTESIAN_POINT('',(285.69912691844,188.97380178691,
    -9.31509718751));
#4112 = CARTESIAN_POINT('',(284.28952534601,184.48690106886,
    -9.31509718751));
#4113 = CARTESIAN_POINT('',(284.289525346,180.,-9.31509718751));
#4114 = PCURVE('',#1645,#4115);
#4115 = DEFINITIONAL_REPRESENTATION('',(#4116),#4169);
#4116 = B_SPLINE_CURVE_WITH_KNOTS('',8,(#4117,#4118,#4119,#4120,#4121,
    #4122,#4123,#4124,#4125,#4126,#4127,#4128,#4129,#4130,#4131,#4132,
    #4133,#4134,#4135,#4136,#4137,#4138,#4139,#4140,#4141,#4142,#4143,
    #4144,#4145,#4146,#4147,#4148,#4149,#4150,#4151,#4152,#4153,#4154,
    #4155,#4156,#4157,#4158,#4159,#4160,#4161,#4162,#4163,#4164,#4165,
    #4166,#4167,#4168),.UNSPECIFIED.,.F.,.F.,(9,7,7,7,7,7,8,9),(0.,
    0.785398163397,1.963495408494,2.037126486312,2.07164105404,
    2.088359047783,2.096587435328,3.14159265359),.UNSPECIFIED.);
#4117 = CARTESIAN_POINT('',(1.118202717505E-49,5.31509718751));
#4118 = CARTESIAN_POINT('',(0.118712841095,5.315097187506));
#4119 = CARTESIAN_POINT('',(0.229736036604,5.315097187545));
#4120 = CARTESIAN_POINT('',(0.334811226264,5.315097187463));
#4121 = CARTESIAN_POINT('',(0.435212358025,5.315097187522));
#4122 = CARTESIAN_POINT('',(0.531958622905,5.315097187571));
#4123 = CARTESIAN_POINT('',(0.625912907284,5.315097187477));
#4124 = CARTESIAN_POINT('',(0.717828442873,5.315097187529));
#4125 = CARTESIAN_POINT('',(0.944273058318,5.315097187519));
#4126 = CARTESIAN_POINT('',(1.077129899093,5.315097187569));
#4127 = CARTESIAN_POINT('',(1.209335503908,5.315097186668));
#4128 = CARTESIAN_POINT('',(1.342975392652,5.315097186444));
#4129 = CARTESIAN_POINT('',(1.480169203145,5.315097186809));
#4130 = CARTESIAN_POINT('',(1.623382118464,5.315097187763));
#4131 = CARTESIAN_POINT('',(1.77563363989,5.315097187507));
#4132 = CARTESIAN_POINT('',(1.952041389531,5.31509718751));
#4133 = CARTESIAN_POINT('',(1.962472110051,5.31509718751));
#4134 = CARTESIAN_POINT('',(1.972957801128,5.31509718751));
#4135 = CARTESIAN_POINT('',(1.983499691054,5.31509718751));
#4136 = CARTESIAN_POINT('',(1.994099008119,5.31509718751));
#4137 = CARTESIAN_POINT('',(2.004756980614,5.31509718751));
#4138 = CARTESIAN_POINT('',(2.015474836829,5.31509718751));
#4139 = CARTESIAN_POINT('',(2.031306473784,5.31509718751));
#4140 = CARTESIAN_POINT('',(2.0363725853,5.31509718751));
#4141 = CARTESIAN_POINT('',(2.041452277824,5.31509718751));
#4142 = CARTESIAN_POINT('',(2.046545689575,5.31509718751));
#4143 = CARTESIAN_POINT('',(2.051652958772,5.31509718751));
#4144 = CARTESIAN_POINT('',(2.056774223637,5.31509718751));
#4145 = CARTESIAN_POINT('',(2.061909622388,5.31509718751));
#4146 = CARTESIAN_POINT('',(2.069553666622,5.31509718751));
#4147 = CARTESIAN_POINT('',(2.072051389369,5.31509718751));
#4148 = CARTESIAN_POINT('',(2.07455247789,5.31509718751));
#4149 = CARTESIAN_POINT('',(2.077056948589,5.31509718751));
#4150 = CARTESIAN_POINT('',(2.079564817871,5.31509718751));
#4151 = CARTESIAN_POINT('',(2.08207610214,5.31509718751));
#4152 = CARTESIAN_POINT('',(2.084590817799,5.31509718751));
#4153 = CARTESIAN_POINT('',(2.088348416348,5.315097187479));
#4154 = CARTESIAN_POINT('',(2.089588517527,5.315097187863));
#4155 = CARTESIAN_POINT('',(2.090829752952,5.315097186495));
#4156 = CARTESIAN_POINT('',(2.092072404997,5.315097187099));
#4157 = CARTESIAN_POINT('',(2.093312244008,5.315097186669));
#4158 = CARTESIAN_POINT('',(2.094560493224,5.315097187836));
#4159 = CARTESIAN_POINT('',(2.095802073177,5.315097187466));
#4160 = CARTESIAN_POINT('',(2.097044394746,5.31509718751));
#4161 = CARTESIAN_POINT('',(2.254797288729,5.31509718747));
#4162 = CARTESIAN_POINT('',(2.398988199728,5.315097187736));
#4163 = CARTESIAN_POINT('',(2.533705836851,5.315097186849));
#4164 = CARTESIAN_POINT('',(2.66157261449,5.315097186604));
#4165 = CARTESIAN_POINT('',(2.784660436247,5.315097186999));
#4166 = CARTESIAN_POINT('',(2.904663669725,5.315097187661));
#4167 = CARTESIAN_POINT('',(3.02312832411,5.315097187457));
#4168 = CARTESIAN_POINT('',(3.14159265359,5.31509718751));
#4169 = ( GEOMETRIC_REPRESENTATION_CONTEXT(2) 
PARAMETRIC_REPRESENTATION_CONTEXT() REPRESENTATION_CONTEXT('2D SPACE',''
  ) );
#4170 = PCURVE('',#4171,#4176);
#4171 = B_SPLINE_SURFACE_WITH_KNOTS('',1,1,(
    (#4172,#4173)
    ,(#4174,#4175
    )),.UNSPECIFIED.,.F.,.F.,.F.,(2,2),(2,2),(-19.710474654,
    19.710474654012),(-32.65994842122,11.50425055352),
  .PIECEWISE_BEZIER_KNOTS.);
#4172 = CARTESIAN_POINT('',(280.28952534599,157.91790051265,
    -9.31509718751));
#4173 = CARTESIAN_POINT('',(280.28952534599,202.08209948739,
    -9.31509718751));
#4174 = CARTESIAN_POINT('',(319.71047465401,157.91790051265,
    -9.31509718751));
#4175 = CARTESIAN_POINT('',(319.71047465401,202.08209948739,
    -9.31509718751));
#4176 = DEFINITIONAL_REPRESENTATION('',(#4177),#4190);
#4177 = B_SPLINE_CURVE_WITH_KNOTS('',11,(#4178,#4179,#4180,#4181,#4182,
    #4183,#4184,#4185,#4186,#4187,#4188,#4189),.UNSPECIFIED.,.F.,.F.,(12
    ,12),(0.,3.14159265359),.PIECEWISE_BEZIER_KNOTS.);
#4178 = CARTESIAN_POINT('',(15.710474654,-10.57784893387));
#4179 = CARTESIAN_POINT('',(15.710474653985,-6.090947865028));
#4180 = CARTESIAN_POINT('',(14.300873081567,-1.60404714688));
#4181 = CARTESIAN_POINT('',(11.481670267924,2.390812865096));
#4182 = CARTESIAN_POINT('',(7.446089389457,5.401571991425));
#4183 = CARTESIAN_POINT('',(2.580588747279,7.022958270788));
#4184 = CARTESIAN_POINT('',(-2.580588747289,7.022958271196));
#4185 = CARTESIAN_POINT('',(-7.446089389433,5.401571991105));
#4186 = CARTESIAN_POINT('',(-11.48167026794,2.390812865287));
#4187 = CARTESIAN_POINT('',(-14.30087308155,-1.604047146962));
#4188 = CARTESIAN_POINT('',(-15.71047465398,-6.090947865008));
#4189 = CARTESIAN_POINT('',(-15.710474654,-10.57784893387));
#4190 = ( GEOMETRIC_REPRESENTATION_CONTEXT(2) 
PARAMETRIC_REPRESENTATION_CONTEXT() REPRESENTATION_CONTEXT('2D SPACE',''
  ) );
#4191 = ORIENTED_EDGE('',*,*,#4192,.F.);
#4192 = EDGE_CURVE('',#1550,#4096,#4193,.T.);
#4193 = SEAM_CURVE('',#4194,(#4197,#4204),.PCURVE_S1.);
#4194 = B_SPLINE_CURVE_WITH_KNOTS('',1,(#4195,#4196),.UNSPECIFIED.,.F.,
  .F.,(2,2),(0.,5.31509718751),.PIECEWISE_BEZIER_KNOTS.);
#4195 = CARTESIAN_POINT('',(315.710474654,180.,-4.));
#4196 = CARTESIAN_POINT('',(315.710474654,180.,-9.31509718751));
#4197 = PCURVE('',#1645,#4198);
#4198 = DEFINITIONAL_REPRESENTATION('',(#4199),#4203);
#4199 = B_SPLINE_CURVE_WITH_KNOTS('',2,(#4200,#4201,#4202),
  .UNSPECIFIED.,.F.,.F.,(3,3),(0.,5.31509718751),
  .PIECEWISE_BEZIER_KNOTS.);
#4200 = CARTESIAN_POINT('',(0.,0.));
#4201 = CARTESIAN_POINT('',(0.,2.657548593755));
#4202 = CARTESIAN_POINT('',(0.,5.31509718751));
#4203 = ( GEOMETRIC_REPRESENTATION_CONTEXT(2) 
PARAMETRIC_REPRESENTATION_CONTEXT() REPRESENTATION_CONTEXT('2D SPACE',''
  ) );
#4204 = PCURVE('',#1645,#4205);
#4205 = DEFINITIONAL_REPRESENTATION('',(#4206),#4210);
#4206 = B_SPLINE_CURVE_WITH_KNOTS('',2,(#4207,#4208,#4209),
  .UNSPECIFIED.,.F.,.F.,(3,3),(0.,5.31509718751),
  .PIECEWISE_BEZIER_KNOTS.);
#4207 = CARTESIAN_POINT('',(6.28318530718,0.));
#4208 = CARTESIAN_POINT('',(6.28318530718,2.657548593755));
#4209 = CARTESIAN_POINT('',(6.28318530718,5.31509718751));
#4210 = ( GEOMETRIC_REPRESENTATION_CONTEXT(2) 
PARAMETRIC_REPRESENTATION_CONTEXT() REPRESENTATION_CONTEXT('2D SPACE',''
  ) );
#4211 = ORIENTED_EDGE('',*,*,#1549,.T.);
#4212 = ORIENTED_EDGE('',*,*,#1771,.T.);
#4213 = ORIENTED_EDGE('',*,*,#4192,.T.);
#4214 = ORIENTED_EDGE('',*,*,#4215,.F.);
#4215 = EDGE_CURVE('',#4098,#4096,#4216,.T.);
#4216 = SURFACE_CURVE('',#4217,(#4230,#4294),.PCURVE_S1.);
#4217 = B_SPLINE_CURVE_WITH_KNOTS('',11,(#4218,#4219,#4220,#4221,#4222,
    #4223,#4224,#4225,#4226,#4227,#4228,#4229),.UNSPECIFIED.,.F.,.F.,(12
    ,12),(3.14159265359,6.28318530718),.PIECEWISE_BEZIER_KNOTS.);
#4218 = CARTESIAN_POINT('',(284.28952534599,180.,-9.31509718751));
#4219 = CARTESIAN_POINT('',(284.289525346,175.51309893114,-9.31509718751
    ));
#4220 = CARTESIAN_POINT('',(285.69912691848,171.02619821306,
    -9.315097187508));
#4221 = CARTESIAN_POINT('',(288.51832973194,167.03133820088,
    -9.315097187514));
#4222 = CARTESIAN_POINT('',(292.55391061075,164.02057907495,
    -9.315097187504));
#4223 = CARTESIAN_POINT('',(297.41941125244,162.399192795,
    -9.315097187517));
#4224 = CARTESIAN_POINT('',(302.58058874755,162.39919279528,
    -9.315097187504));
#4225 = CARTESIAN_POINT('',(307.44608938922,164.02057907474,
    -9.315097187514));
#4226 = CARTESIAN_POINT('',(311.48167026807,167.031338201,
    -9.315097187508));
#4227 = CARTESIAN_POINT('',(314.3008730815,171.02619821301,
    -9.315097187511));
#4228 = CARTESIAN_POINT('',(315.710474654,175.51309893115,-9.31509718751
    ));
#4229 = CARTESIAN_POINT('',(315.710474654,180.,-9.31509718751));
#4230 = PCURVE('',#1645,#4231);
#4231 = DEFINITIONAL_REPRESENTATION('',(#4232),#4293);
#4232 = B_SPLINE_CURVE_WITH_KNOTS('',8,(#4233,#4234,#4235,#4236,#4237,
    #4238,#4239,#4240,#4241,#4242,#4243,#4244,#4245,#4246,#4247,#4248,
    #4249,#4250,#4251,#4252,#4253,#4254,#4255,#4256,#4257,#4258,#4259,
    #4260,#4261,#4262,#4263,#4264,#4265,#4266,#4267,#4268,#4269,#4270,
    #4271,#4272,#4273,#4274,#4275,#4276,#4277,#4278,#4279,#4280,#4281,
    #4282,#4283,#4284,#4285,#4286,#4287,#4288,#4289,#4290,#4291,#4292),
  .UNSPECIFIED.,.F.,.F.,(9,7,7,7,7,7,8,8,9),(3.14159265359,
    3.926990816987,4.074252972624,4.143282108079,4.176718095565,
    4.18494648311,4.189044605814,5.236114956497,6.28318530718),
  .UNSPECIFIED.);
#4233 = CARTESIAN_POINT('',(3.14159265359,5.31509718751));
#4234 = CARTESIAN_POINT('',(3.230627336568,5.315097187515));
#4235 = CARTESIAN_POINT('',(3.319661902489,5.315097187515));
#4236 = CARTESIAN_POINT('',(3.409350676166,5.315097187501));
#4237 = CARTESIAN_POINT('',(3.50034640709,5.315097187492));
#4238 = CARTESIAN_POINT('',(3.593344570809,5.315097187492));
#4239 = CARTESIAN_POINT('',(3.689119431392,5.315097187496));
#4240 = CARTESIAN_POINT('',(3.788582365601,5.315097187516));
#4241 = CARTESIAN_POINT('',(3.912451170822,5.31509718751));
#4242 = CARTESIAN_POINT('',(3.93217986858,5.31509718751));
#4243 = CARTESIAN_POINT('',(3.952086623627,5.31509718751));
#4244 = CARTESIAN_POINT('',(3.972179387435,5.31509718751));
#4245 = CARTESIAN_POINT('',(3.992466482039,5.31509718751));
#4246 = CARTESIAN_POINT('',(4.012956600036,5.31509718751));
#4247 = CARTESIAN_POINT('',(4.033658804584,5.31509718751));
#4248 = CARTESIAN_POINT('',(4.064390574307,5.31509718751));
#4249 = CARTESIAN_POINT('',(4.074247235329,5.31509718751));
#4250 = CARTESIAN_POINT('',(4.084153547766,5.31509718751));
#4251 = CARTESIAN_POINT('',(4.094110546911,5.31509718751));
#4252 = CARTESIAN_POINT('',(4.104119268061,5.31509718751));
#4253 = CARTESIAN_POINT('',(4.114180746508,5.31509718751));
#4254 = CARTESIAN_POINT('',(4.124296017548,5.31509718751));
#4255 = CARTESIAN_POINT('',(4.139392280965,5.31509718751));
#4256 = CARTESIAN_POINT('',(4.144331321539,5.31509718751));
#4257 = CARTESIAN_POINT('',(4.149283366258,5.31509718751));
#4258 = CARTESIAN_POINT('',(4.154248543183,5.31509718751));
#4259 = CARTESIAN_POINT('',(4.159226980377,5.31509718751));
#4260 = CARTESIAN_POINT('',(4.164218805903,5.31509718751));
#4261 = CARTESIAN_POINT('',(4.169224147822,5.31509718751));
#4262 = CARTESIAN_POINT('',(4.175478269102,5.31509718751));
#4263 = CARTESIAN_POINT('',(4.176714236528,5.31509718751));
#4264 = CARTESIAN_POINT('',(4.177951036474,5.31509718751));
#4265 = CARTESIAN_POINT('',(4.179188668939,5.31509718751));
#4266 = CARTESIAN_POINT('',(4.180427133926,5.31509718751));
#4267 = CARTESIAN_POINT('',(4.181666431432,5.31509718751));
#4268 = CARTESIAN_POINT('',(4.182906561458,5.31509718751));
#4269 = CARTESIAN_POINT('',(4.184765594858,5.31509718751));
#4270 = CARTESIAN_POINT('',(4.18538386975,5.31509718751));
#4271 = CARTESIAN_POINT('',(4.18600234868,5.31509718751));
#4272 = CARTESIAN_POINT('',(4.186621031649,5.31509718751));
#4273 = CARTESIAN_POINT('',(4.187239918658,5.31509718751));
#4274 = CARTESIAN_POINT('',(4.187859009705,5.31509718751));
#4275 = CARTESIAN_POINT('',(4.188478304791,5.31509718751));
#4276 = CARTESIAN_POINT('',(4.189097803915,5.31509718751));
#4277 = CARTESIAN_POINT('',(4.347339149398,5.315097187504));
#4278 = CARTESIAN_POINT('',(4.491919083646,5.315097187686));
#4279 = CARTESIAN_POINT('',(4.626964386531,5.315097187133));
#4280 = CARTESIAN_POINT('',(4.755116852662,5.315097186909));
#4281 = CARTESIAN_POINT('',(4.878462836047,5.315097186809));
#4282 = CARTESIAN_POINT('',(4.998707031913,5.315097187647));
#4283 = CARTESIAN_POINT('',(5.117404676121,5.315097187492));
#4284 = CARTESIAN_POINT('',(5.236103114012,5.31509718751));
#4285 = CARTESIAN_POINT('',(5.354801551896,5.315097187539));
#4286 = CARTESIAN_POINT('',(5.473501455392,5.315097187151));
#4287 = CARTESIAN_POINT('',(5.593750166093,5.315097187589));
#4288 = CARTESIAN_POINT('',(5.717103095293,5.31509718567));
#4289 = CARTESIAN_POINT('',(5.845265239907,5.315097187856));
#4290 = CARTESIAN_POINT('',(5.980323571757,5.315097187327));
#4291 = CARTESIAN_POINT('',(6.124920721518,5.31509718755));
#4292 = CARTESIAN_POINT('',(6.28318530718,5.31509718751));
#4293 = ( GEOMETRIC_REPRESENTATION_CONTEXT(2) 
PARAMETRIC_REPRESENTATION_CONTEXT() REPRESENTATION_CONTEXT('2D SPACE',''
  ) );
#4294 = PCURVE('',#4171,#4295);
#4295 = DEFINITIONAL_REPRESENTATION('',(#4296),#4309);
#4296 = B_SPLINE_CURVE_WITH_KNOTS('',11,(#4297,#4298,#4299,#4300,#4301,
    #4302,#4303,#4304,#4305,#4306,#4307,#4308),.UNSPECIFIED.,.F.,.F.,(12
    ,12),(3.14159265359,6.28318530718),.PIECEWISE_BEZIER_KNOTS.);
#4297 = CARTESIAN_POINT('',(-15.710474654,-10.57784893387));
#4298 = CARTESIAN_POINT('',(-15.71047465399,-15.06475000273));
#4299 = CARTESIAN_POINT('',(-14.30087308151,-19.5516507208));
#4300 = CARTESIAN_POINT('',(-11.48167026805,-23.54651073298));
#4301 = CARTESIAN_POINT('',(-7.446089389242,-26.55726985891));
#4302 = CARTESIAN_POINT('',(-2.580588747551,-28.17865613887));
#4303 = CARTESIAN_POINT('',(2.580588747558,-28.17865613859));
#4304 = CARTESIAN_POINT('',(7.446089389225,-26.55726985912));
#4305 = CARTESIAN_POINT('',(11.481670268072,-23.54651073286));
#4306 = CARTESIAN_POINT('',(14.300873081501,-19.55165072085));
#4307 = CARTESIAN_POINT('',(15.710474654002,-15.06475000272));
#4308 = CARTESIAN_POINT('',(15.710474654,-10.57784893387));
#4309 = ( GEOMETRIC_REPRESENTATION_CONTEXT(2) 
PARAMETRIC_REPRESENTATION_CONTEXT() REPRESENTATION_CONTEXT('2D SPACE',''
  ) );
#4310 = ADVANCED_FACE('',(#4311),#1985,.T.);
#4311 = FACE_BOUND('',#4312,.T.);
#4312 = EDGE_LOOP('',(#4313,#4333,#4361,#4382,#4410,#4428,#4429,#4430));
#4313 = ORIENTED_EDGE('',*,*,#4314,.F.);
#4314 = EDGE_CURVE('',#4315,#2138,#4317,.T.);
#4315 = VERTEX_POINT('',#4316);
#4316 = CARTESIAN_POINT('',(41.385999684733,63.,7.667180215855));
#4317 = SURFACE_CURVE('',#4318,(#4321,#4327),.PCURVE_S1.);
#4318 = B_SPLINE_CURVE_WITH_KNOTS('',1,(#4319,#4320),.UNSPECIFIED.,.F.,
  .F.,(2,2),(4.242640687119,10.84303024642),.PIECEWISE_BEZIER_KNOTS.);
#4319 = CARTESIAN_POINT('',(41.385999684733,63.,7.667180215855));
#4320 = CARTESIAN_POINT('',(41.385999684733,67.667180215855,3.));
#4321 = PCURVE('',#1985,#4322);
#4322 = DEFINITIONAL_REPRESENTATION('',(#4323),#4326);
#4323 = B_SPLINE_CURVE_WITH_KNOTS('',1,(#4324,#4325),.UNSPECIFIED.,.F.,
  .F.,(2,2),(4.242640687119,10.84303024642),.PIECEWISE_BEZIER_KNOTS.);
#4324 = CARTESIAN_POINT('',(3.30019477965,-2.));
#4325 = CARTESIAN_POINT('',(-3.300194779651,-2.));
#4326 = ( GEOMETRIC_REPRESENTATION_CONTEXT(2) 
PARAMETRIC_REPRESENTATION_CONTEXT() REPRESENTATION_CONTEXT('2D SPACE',''
  ) );
#4327 = PCURVE('',#2180,#4328);
#4328 = DEFINITIONAL_REPRESENTATION('',(#4329),#4332);
#4329 = B_SPLINE_CURVE_WITH_KNOTS('',1,(#4330,#4331),.UNSPECIFIED.,.F.,
  .F.,(2,2),(4.242640687119,10.84303024642),.PIECEWISE_BEZIER_KNOTS.);
#4330 = CARTESIAN_POINT('',(-2.921128008279,1.746052207576));
#4331 = CARTESIAN_POINT('',(1.746052207576,-2.921128008279));
#4332 = ( GEOMETRIC_REPRESENTATION_CONTEXT(2) 
PARAMETRIC_REPRESENTATION_CONTEXT() REPRESENTATION_CONTEXT('2D SPACE',''
  ) );
#4333 = ORIENTED_EDGE('',*,*,#4334,.F.);
#4334 = EDGE_CURVE('',#4335,#4315,#4337,.T.);
#4335 = VERTEX_POINT('',#4336);
#4336 = CARTESIAN_POINT('',(41.09310646592,62.292893218813,
    8.374286997041));
#4337 = SURFACE_CURVE('',#4338,(#4342,#4349),.PCURVE_S1.);
#4338 = ( BOUNDED_CURVE() B_SPLINE_CURVE(2,(#4339,#4340,#4341),
.UNSPECIFIED.,.F.,.F.) B_SPLINE_CURVE_WITH_KNOTS((3,3),(3.926990816988,
4.712388980385),.PIECEWISE_BEZIER_KNOTS.) CURVE() 
GEOMETRIC_REPRESENTATION_ITEM() RATIONAL_B_SPLINE_CURVE((1.,
0.923879532511,1.)) REPRESENTATION_ITEM('') );
#4339 = CARTESIAN_POINT('',(41.093106465921,62.292893218814,
    8.374286997041));
#4340 = CARTESIAN_POINT('',(41.385999684733,62.585786437627,
    8.081393778227));
#4341 = CARTESIAN_POINT('',(41.385999684733,63.,7.667180215855));
#4342 = PCURVE('',#1985,#4343);
#4343 = DEFINITIONAL_REPRESENTATION('',(#4344),#4348);
#4344 = ( BOUNDED_CURVE() B_SPLINE_CURVE(2,(#4345,#4346,#4347),
.UNSPECIFIED.,.F.,.F.) B_SPLINE_CURVE_WITH_KNOTS((3,3),(3.926990816988,
4.712388980385),.PIECEWISE_BEZIER_KNOTS.) CURVE() 
GEOMETRIC_REPRESENTATION_ITEM() RATIONAL_B_SPLINE_CURVE((1.,
0.923879532511,1.)) REPRESENTATION_ITEM('') );
#4345 = CARTESIAN_POINT('',(4.30019477965,-2.292893218813));
#4346 = CARTESIAN_POINT('',(3.885981217277,-2.));
#4347 = CARTESIAN_POINT('',(3.30019477965,-2.));
#4348 = ( GEOMETRIC_REPRESENTATION_CONTEXT(2) 
PARAMETRIC_REPRESENTATION_CONTEXT() REPRESENTATION_CONTEXT('2D SPACE',''
  ) );
#4349 = PCURVE('',#3903,#4350);
#4350 = DEFINITIONAL_REPRESENTATION('',(#4351),#4360);
#4351 = B_SPLINE_CURVE_WITH_KNOTS('',7,(#4352,#4353,#4354,#4355,#4356,
    #4357,#4358,#4359),.UNSPECIFIED.,.F.,.F.,(8,8),(3.926990816988,
    4.712388980385),.PIECEWISE_BEZIER_KNOTS.);
#4352 = CARTESIAN_POINT('',(0.785398163397,0.292893218814));
#4353 = CARTESIAN_POINT('',(0.681739122245,0.370206761538));
#4354 = CARTESIAN_POINT('',(0.57544988958,0.459346067072));
#4355 = CARTESIAN_POINT('',(0.466410338311,0.559026714432));
#4356 = CARTESIAN_POINT('',(0.354491198246,0.666737019475));
#4357 = CARTESIAN_POINT('',(0.239552892363,0.778550099485));
#4358 = CARTESIAN_POINT('',(0.121444120878,0.890661772326));
#4359 = CARTESIAN_POINT('',(9.436895709314E-16,1.));
#4360 = ( GEOMETRIC_REPRESENTATION_CONTEXT(2) 
PARAMETRIC_REPRESENTATION_CONTEXT() REPRESENTATION_CONTEXT('2D SPACE',''
  ) );
#4361 = ORIENTED_EDGE('',*,*,#4362,.F.);
#4362 = EDGE_CURVE('',#4363,#4335,#4365,.T.);
#4363 = VERTEX_POINT('',#4364);
#4364 = CARTESIAN_POINT('',(45.678892903546,62.292893218813,
    8.374286997041));
#4365 = SURFACE_CURVE('',#4366,(#4369,#4375),.PCURVE_S1.);
#4366 = B_SPLINE_CURVE_WITH_KNOTS('',1,(#4367,#4368),.UNSPECIFIED.,.F.,
  .F.,(2,2),(-0.292893218812,4.292893218813),.PIECEWISE_BEZIER_KNOTS.);
#4367 = CARTESIAN_POINT('',(45.678892903546,62.292893218813,
    8.374286997041));
#4368 = CARTESIAN_POINT('',(41.09310646592,62.292893218813,
    8.374286997041));
#4369 = PCURVE('',#1985,#4370);
#4370 = DEFINITIONAL_REPRESENTATION('',(#4371),#4374);
#4371 = B_SPLINE_CURVE_WITH_KNOTS('',1,(#4372,#4373),.UNSPECIFIED.,.F.,
  .F.,(2,2),(-0.292893218812,4.292893218813),.PIECEWISE_BEZIER_KNOTS.);
#4372 = CARTESIAN_POINT('',(4.30019477965,2.292893218812));
#4373 = CARTESIAN_POINT('',(4.30019477965,-2.292893218813));
#4374 = ( GEOMETRIC_REPRESENTATION_CONTEXT(2) 
PARAMETRIC_REPRESENTATION_CONTEXT() REPRESENTATION_CONTEXT('2D SPACE',''
  ) );
#4375 = PCURVE('',#3931,#4376);
#4376 = DEFINITIONAL_REPRESENTATION('',(#4377),#4381);
#4377 = B_SPLINE_CURVE_WITH_KNOTS('',2,(#4378,#4379,#4380),
  .UNSPECIFIED.,.F.,.F.,(3,3),(-0.292893218812,4.292893218813),
  .PIECEWISE_BEZIER_KNOTS.);
#4378 = CARTESIAN_POINT('',(0.,-0.292893218812));
#4379 = CARTESIAN_POINT('',(9.131503800937E-16,2.000000000001));
#4380 = CARTESIAN_POINT('',(0.,4.292893218813));
#4381 = ( GEOMETRIC_REPRESENTATION_CONTEXT(2) 
PARAMETRIC_REPRESENTATION_CONTEXT() REPRESENTATION_CONTEXT('2D SPACE',''
  ) );
#4382 = ORIENTED_EDGE('',*,*,#4383,.T.);
#4383 = EDGE_CURVE('',#4363,#4384,#4386,.T.);
#4384 = VERTEX_POINT('',#4385);
#4385 = CARTESIAN_POINT('',(45.385999684733,63.,7.667180215855));
#4386 = SURFACE_CURVE('',#4387,(#4391,#4398),.PCURVE_S1.);
#4387 = ( BOUNDED_CURVE() B_SPLINE_CURVE(2,(#4388,#4389,#4390),
.UNSPECIFIED.,.F.,.F.) B_SPLINE_CURVE_WITH_KNOTS((3,3),(3.926990816987,
4.712388980385),.PIECEWISE_BEZIER_KNOTS.) CURVE() 
GEOMETRIC_REPRESENTATION_ITEM() RATIONAL_B_SPLINE_CURVE((1.,
0.923879532511,1.)) REPRESENTATION_ITEM('') );
#4388 = CARTESIAN_POINT('',(45.678892903547,62.292893218813,
    8.374286997041));
#4389 = CARTESIAN_POINT('',(45.385999684733,62.585786437627,
    8.081393778228));
#4390 = CARTESIAN_POINT('',(45.385999684733,63.,7.667180215855));
#4391 = PCURVE('',#1985,#4392);
#4392 = DEFINITIONAL_REPRESENTATION('',(#4393),#4397);
#4393 = ( BOUNDED_CURVE() B_SPLINE_CURVE(2,(#4394,#4395,#4396),
.UNSPECIFIED.,.F.,.F.) B_SPLINE_CURVE_WITH_KNOTS((3,3),(3.926990816987,
4.712388980385),.PIECEWISE_BEZIER_KNOTS.) CURVE() 
GEOMETRIC_REPRESENTATION_ITEM() RATIONAL_B_SPLINE_CURVE((1.,
0.923879532511,1.)) REPRESENTATION_ITEM('') );
#4394 = CARTESIAN_POINT('',(4.30019477965,2.292893218813));
#4395 = CARTESIAN_POINT('',(3.885981217277,2.));
#4396 = CARTESIAN_POINT('',(3.30019477965,2.));
#4397 = ( GEOMETRIC_REPRESENTATION_CONTEXT(2) 
PARAMETRIC_REPRESENTATION_CONTEXT() REPRESENTATION_CONTEXT('2D SPACE',''
  ) );
#4398 = PCURVE('',#3959,#4399);
#4399 = DEFINITIONAL_REPRESENTATION('',(#4400),#4409);
#4400 = B_SPLINE_CURVE_WITH_KNOTS('',7,(#4401,#4402,#4403,#4404,#4405,
    #4406,#4407,#4408),.UNSPECIFIED.,.F.,.F.,(8,8),(3.926990816988,
    4.712388980385),.PIECEWISE_BEZIER_KNOTS.);
#4401 = CARTESIAN_POINT('',(0.785398163397,0.292893218814));
#4402 = CARTESIAN_POINT('',(0.681739122244,0.370206761539));
#4403 = CARTESIAN_POINT('',(0.57544988958,0.459346067064));
#4404 = CARTESIAN_POINT('',(0.466410338313,0.559026714449));
#4405 = CARTESIAN_POINT('',(0.354491198246,0.666737019462));
#4406 = CARTESIAN_POINT('',(0.239552892363,0.778550099493));
#4407 = CARTESIAN_POINT('',(0.121444120879,0.890661772324));
#4408 = CARTESIAN_POINT('',(8.780323913552E-15,1.));
#4409 = ( GEOMETRIC_REPRESENTATION_CONTEXT(2) 
PARAMETRIC_REPRESENTATION_CONTEXT() REPRESENTATION_CONTEXT('2D SPACE',''
  ) );
#4410 = ORIENTED_EDGE('',*,*,#4411,.T.);
#4411 = EDGE_CURVE('',#4384,#2033,#4412,.T.);
#4412 = SURFACE_CURVE('',#4413,(#4416,#4422),.PCURVE_S1.);
#4413 = B_SPLINE_CURVE_WITH_KNOTS('',1,(#4414,#4415),.UNSPECIFIED.,.F.,
  .F.,(2,2),(4.242640687119,10.84303024642),.PIECEWISE_BEZIER_KNOTS.);
#4414 = CARTESIAN_POINT('',(45.385999684733,63.,7.667180215855));
#4415 = CARTESIAN_POINT('',(45.385999684733,67.667180215855,3.));
#4416 = PCURVE('',#1985,#4417);
#4417 = DEFINITIONAL_REPRESENTATION('',(#4418),#4421);
#4418 = B_SPLINE_CURVE_WITH_KNOTS('',1,(#4419,#4420),.UNSPECIFIED.,.F.,
  .F.,(2,2),(4.242640687119,10.84303024642),.PIECEWISE_BEZIER_KNOTS.);
#4419 = CARTESIAN_POINT('',(3.30019477965,2.));
#4420 = CARTESIAN_POINT('',(-3.300194779651,2.));
#4421 = ( GEOMETRIC_REPRESENTATION_CONTEXT(2) 
PARAMETRIC_REPRESENTATION_CONTEXT() REPRESENTATION_CONTEXT('2D SPACE',''
  ) );
#4422 = PCURVE('',#2075,#4423);
#4423 = DEFINITIONAL_REPRESENTATION('',(#4424),#4427);
#4424 = B_SPLINE_CURVE_WITH_KNOTS('',1,(#4425,#4426),.UNSPECIFIED.,.F.,
  .F.,(2,2),(4.242640687119,10.84303024642),.PIECEWISE_BEZIER_KNOTS.);
#4425 = CARTESIAN_POINT('',(-2.921128008279,1.746052207576));
#4426 = CARTESIAN_POINT('',(1.746052207576,-2.921128008279));
#4427 = ( GEOMETRIC_REPRESENTATION_CONTEXT(2) 
PARAMETRIC_REPRESENTATION_CONTEXT() REPRESENTATION_CONTEXT('2D SPACE',''
  ) );
#4428 = ORIENTED_EDGE('',*,*,#2032,.F.);
#4429 = ORIENTED_EDGE('',*,*,#1970,.T.);
#4430 = ORIENTED_EDGE('',*,*,#2137,.T.);
#4431 = ADVANCED_FACE('',(#4432),#2075,.F.);
#4432 = FACE_BOUND('',#4433,.F.);
#4433 = EDGE_LOOP('',(#4434,#4454,#4481,#4500,#4501,#4502));
#4434 = ORIENTED_EDGE('',*,*,#4435,.T.);
#4435 = EDGE_CURVE('',#2243,#4436,#4438,.T.);
#4436 = VERTEX_POINT('',#4437);
#4437 = CARTESIAN_POINT('',(45.385999684733,63.707106781187,
    4.292893218813));
#4438 = SURFACE_CURVE('',#4439,(#4442,#4448),.PCURVE_S1.);
#4439 = B_SPLINE_CURVE_WITH_KNOTS('',1,(#4440,#4441),.UNSPECIFIED.,.F.,
  .F.,(2,2),(5.242640687119,6.071067811865),.PIECEWISE_BEZIER_KNOTS.);
#4440 = CARTESIAN_POINT('',(45.385999684733,64.292893218813,
    3.707106781187));
#4441 = CARTESIAN_POINT('',(45.385999684733,63.707106781187,
    4.292893218813));
#4442 = PCURVE('',#2075,#4443);
#4443 = DEFINITIONAL_REPRESENTATION('',(#4444),#4447);
#4444 = B_SPLINE_CURVE_WITH_KNOTS('',1,(#4445,#4446),.UNSPECIFIED.,.F.,
  .F.,(2,2),(5.242640687119,6.071067811865),.PIECEWISE_BEZIER_KNOTS.);
#4445 = CARTESIAN_POINT('',(1.038945426389,0.453158988762));
#4446 = CARTESIAN_POINT('',(0.453158988762,1.038945426389));
#4447 = ( GEOMETRIC_REPRESENTATION_CONTEXT(2) 
PARAMETRIC_REPRESENTATION_CONTEXT() REPRESENTATION_CONTEXT('2D SPACE',''
  ) );
#4448 = PCURVE('',#2284,#4449);
#4449 = DEFINITIONAL_REPRESENTATION('',(#4450),#4453);
#4450 = B_SPLINE_CURVE_WITH_KNOTS('',1,(#4451,#4452),.UNSPECIFIED.,.F.,
  .F.,(2,2),(5.242640687119,6.071067811865),.PIECEWISE_BEZIER_KNOTS.);
#4451 = CARTESIAN_POINT('',(0.414213562373,-2.));
#4452 = CARTESIAN_POINT('',(-0.414213562373,-2.));
#4453 = ( GEOMETRIC_REPRESENTATION_CONTEXT(2) 
PARAMETRIC_REPRESENTATION_CONTEXT() REPRESENTATION_CONTEXT('2D SPACE',''
  ) );
#4454 = ORIENTED_EDGE('',*,*,#4455,.F.);
#4455 = EDGE_CURVE('',#4456,#4436,#4458,.T.);
#4456 = VERTEX_POINT('',#4457);
#4457 = CARTESIAN_POINT('',(45.385999684733,63.,4.585786437627));
#4458 = SURFACE_CURVE('',#4459,(#4463,#4470),.PCURVE_S1.);
#4459 = ( BOUNDED_CURVE() B_SPLINE_CURVE(2,(#4460,#4461,#4462),
.UNSPECIFIED.,.F.,.F.) B_SPLINE_CURVE_WITH_KNOTS((3,3),(3.14159265359,
3.926990816987),.PIECEWISE_BEZIER_KNOTS.) CURVE() 
GEOMETRIC_REPRESENTATION_ITEM() RATIONAL_B_SPLINE_CURVE((1.,
0.923879532511,1.)) REPRESENTATION_ITEM('') );
#4460 = CARTESIAN_POINT('',(45.385999684733,63.,4.585786437627));
#4461 = CARTESIAN_POINT('',(45.385999684733,63.414213562373,
    4.585786437627));
#4462 = CARTESIAN_POINT('',(45.385999684733,63.707106781187,
    4.292893218813));
#4463 = PCURVE('',#2075,#4464);
#4464 = DEFINITIONAL_REPRESENTATION('',(#4465),#4469);
#4465 = ( BOUNDED_CURVE() B_SPLINE_CURVE(2,(#4466,#4467,#4468),
.UNSPECIFIED.,.F.,.F.) B_SPLINE_CURVE_WITH_KNOTS((3,3),(3.14159265359,
3.926990816987),.PIECEWISE_BEZIER_KNOTS.) CURVE() 
GEOMETRIC_REPRESENTATION_ITEM() RATIONAL_B_SPLINE_CURVE((1.,
0.923879532511,1.)) REPRESENTATION_ITEM('') );
#4466 = CARTESIAN_POINT('',(0.160265769949,1.746052207576));
#4467 = CARTESIAN_POINT('',(0.160265769949,1.331838645202));
#4468 = CARTESIAN_POINT('',(0.453158988762,1.038945426389));
#4469 = ( GEOMETRIC_REPRESENTATION_CONTEXT(2) 
PARAMETRIC_REPRESENTATION_CONTEXT() REPRESENTATION_CONTEXT('2D SPACE',''
  ) );
#4470 = PCURVE('',#3985,#4471);
#4471 = DEFINITIONAL_REPRESENTATION('',(#4472),#4480);
#4472 = B_SPLINE_CURVE_WITH_KNOTS('',6,(#4473,#4474,#4475,#4476,#4477,
    #4478,#4479),.UNSPECIFIED.,.F.,.F.,(7,7),(3.14159265359,
    3.926990816987),.PIECEWISE_BEZIER_KNOTS.);
#4473 = CARTESIAN_POINT('',(0.827385476227,-8.250781723585E-17));
#4474 = CARTESIAN_POINT('',(0.710481573827,7.883005719707E-15));
#4475 = CARTESIAN_POINT('',(0.586458478553,2.036656328581E-14));
#4476 = CARTESIAN_POINT('',(0.45450415105,-3.711657536183E-14));
#4477 = CARTESIAN_POINT('',(0.313638404511,1.129415146251E-14));
#4478 = CARTESIAN_POINT('',(0.162661262848,1.846169910538E-14));
#4479 = CARTESIAN_POINT('',(1.925560232337E-14,-7.105427357601E-15));
#4480 = ( GEOMETRIC_REPRESENTATION_CONTEXT(2) 
PARAMETRIC_REPRESENTATION_CONTEXT() REPRESENTATION_CONTEXT('2D SPACE',''
  ) );
#4481 = ORIENTED_EDGE('',*,*,#4482,.F.);
#4482 = EDGE_CURVE('',#4384,#4456,#4483,.T.);
#4483 = SURFACE_CURVE('',#4484,(#4487,#4493),.PCURVE_S1.);
#4484 = B_SPLINE_CURVE_WITH_KNOTS('',1,(#4485,#4486),.UNSPECIFIED.,.F.,
  .F.,(2,2),(1.,4.081393778228),.PIECEWISE_BEZIER_KNOTS.);
#4485 = CARTESIAN_POINT('',(45.385999684733,63.,7.667180215855));
#4486 = CARTESIAN_POINT('',(45.385999684733,63.,4.585786437627));
#4487 = PCURVE('',#2075,#4488);
#4488 = DEFINITIONAL_REPRESENTATION('',(#4489),#4492);
#4489 = B_SPLINE_CURVE_WITH_KNOTS('',1,(#4490,#4491),.UNSPECIFIED.,.F.,
  .F.,(2,2),(1.,4.081393778228),.PIECEWISE_BEZIER_KNOTS.);
#4490 = CARTESIAN_POINT('',(-2.921128008279,1.746052207576));
#4491 = CARTESIAN_POINT('',(0.160265769949,1.746052207576));
#4492 = ( GEOMETRIC_REPRESENTATION_CONTEXT(2) 
PARAMETRIC_REPRESENTATION_CONTEXT() REPRESENTATION_CONTEXT('2D SPACE',''
  ) );
#4493 = PCURVE('',#3959,#4494);
#4494 = DEFINITIONAL_REPRESENTATION('',(#4495),#4499);
#4495 = B_SPLINE_CURVE_WITH_KNOTS('',2,(#4496,#4497,#4498),
  .UNSPECIFIED.,.F.,.F.,(3,3),(1.,4.081393778228),
  .PIECEWISE_BEZIER_KNOTS.);
#4496 = CARTESIAN_POINT('',(0.,1.));
#4497 = CARTESIAN_POINT('',(-1.74459222268E-47,2.540696889114));
#4498 = CARTESIAN_POINT('',(0.,4.081393778228));
#4499 = ( GEOMETRIC_REPRESENTATION_CONTEXT(2) 
PARAMETRIC_REPRESENTATION_CONTEXT() REPRESENTATION_CONTEXT('2D SPACE',''
  ) );
#4500 = ORIENTED_EDGE('',*,*,#4411,.T.);
#4501 = ORIENTED_EDGE('',*,*,#2060,.T.);
#4502 = ORIENTED_EDGE('',*,*,#2242,.T.);
#4503 = ADVANCED_FACE('',(#4504),#2180,.T.);
#4504 = FACE_BOUND('',#4505,.T.);
#4505 = EDGE_LOOP('',(#4506,#4526,#4553,#4572,#4573,#4574));
#4506 = ORIENTED_EDGE('',*,*,#4507,.T.);
#4507 = EDGE_CURVE('',#2270,#4508,#4510,.T.);
#4508 = VERTEX_POINT('',#4509);
#4509 = CARTESIAN_POINT('',(41.385999684733,63.707106781187,
    4.292893218813));
#4510 = SURFACE_CURVE('',#4511,(#4514,#4520),.PCURVE_S1.);
#4511 = B_SPLINE_CURVE_WITH_KNOTS('',1,(#4512,#4513),.UNSPECIFIED.,.F.,
  .F.,(2,2),(5.242640687119,6.071067811865),.PIECEWISE_BEZIER_KNOTS.);
#4512 = CARTESIAN_POINT('',(41.385999684733,64.292893218813,
    3.707106781187));
#4513 = CARTESIAN_POINT('',(41.385999684733,63.707106781187,
    4.292893218813));
#4514 = PCURVE('',#2180,#4515);
#4515 = DEFINITIONAL_REPRESENTATION('',(#4516),#4519);
#4516 = B_SPLINE_CURVE_WITH_KNOTS('',1,(#4517,#4518),.UNSPECIFIED.,.F.,
  .F.,(2,2),(5.242640687119,6.071067811865),.PIECEWISE_BEZIER_KNOTS.);
#4517 = CARTESIAN_POINT('',(1.038945426389,0.453158988762));
#4518 = CARTESIAN_POINT('',(0.453158988762,1.038945426389));
#4519 = ( GEOMETRIC_REPRESENTATION_CONTEXT(2) 
PARAMETRIC_REPRESENTATION_CONTEXT() REPRESENTATION_CONTEXT('2D SPACE',''
  ) );
#4520 = PCURVE('',#2284,#4521);
#4521 = DEFINITIONAL_REPRESENTATION('',(#4522),#4525);
#4522 = B_SPLINE_CURVE_WITH_KNOTS('',1,(#4523,#4524),.UNSPECIFIED.,.F.,
  .F.,(2,2),(5.242640687119,6.071067811865),.PIECEWISE_BEZIER_KNOTS.);
#4523 = CARTESIAN_POINT('',(0.414213562373,2.));
#4524 = CARTESIAN_POINT('',(-0.414213562373,2.));
#4525 = ( GEOMETRIC_REPRESENTATION_CONTEXT(2) 
PARAMETRIC_REPRESENTATION_CONTEXT() REPRESENTATION_CONTEXT('2D SPACE',''
  ) );
#4526 = ORIENTED_EDGE('',*,*,#4527,.F.);
#4527 = EDGE_CURVE('',#4528,#4508,#4530,.T.);
#4528 = VERTEX_POINT('',#4529);
#4529 = CARTESIAN_POINT('',(41.385999684733,63.,4.585786437627));
#4530 = SURFACE_CURVE('',#4531,(#4535,#4542),.PCURVE_S1.);
#4531 = ( BOUNDED_CURVE() B_SPLINE_CURVE(2,(#4532,#4533,#4534),
.UNSPECIFIED.,.F.,.F.) B_SPLINE_CURVE_WITH_KNOTS((3,3),(3.14159265359,
3.926990816987),.PIECEWISE_BEZIER_KNOTS.) CURVE() 
GEOMETRIC_REPRESENTATION_ITEM() RATIONAL_B_SPLINE_CURVE((1.,
0.923879532511,1.)) REPRESENTATION_ITEM('') );
#4532 = CARTESIAN_POINT('',(41.385999684733,63.,4.585786437627));
#4533 = CARTESIAN_POINT('',(41.385999684733,63.414213562373,
    4.585786437627));
#4534 = CARTESIAN_POINT('',(41.385999684733,63.707106781187,
    4.292893218813));
#4535 = PCURVE('',#2180,#4536);
#4536 = DEFINITIONAL_REPRESENTATION('',(#4537),#4541);
#4537 = ( BOUNDED_CURVE() B_SPLINE_CURVE(2,(#4538,#4539,#4540),
.UNSPECIFIED.,.F.,.F.) B_SPLINE_CURVE_WITH_KNOTS((3,3),(3.14159265359,
3.926990816987),.PIECEWISE_BEZIER_KNOTS.) CURVE() 
GEOMETRIC_REPRESENTATION_ITEM() RATIONAL_B_SPLINE_CURVE((1.,
0.923879532511,1.)) REPRESENTATION_ITEM('') );
#4538 = CARTESIAN_POINT('',(0.160265769949,1.746052207576));
#4539 = CARTESIAN_POINT('',(0.160265769949,1.331838645202));
#4540 = CARTESIAN_POINT('',(0.453158988762,1.038945426389));
#4541 = ( GEOMETRIC_REPRESENTATION_CONTEXT(2) 
PARAMETRIC_REPRESENTATION_CONTEXT() REPRESENTATION_CONTEXT('2D SPACE',''
  ) );
#4542 = PCURVE('',#3985,#4543);
#4543 = DEFINITIONAL_REPRESENTATION('',(#4544),#4552);
#4544 = B_SPLINE_CURVE_WITH_KNOTS('',6,(#4545,#4546,#4547,#4548,#4549,
    #4550,#4551),.UNSPECIFIED.,.F.,.F.,(7,7),(3.14159265359,
    3.926990816987),.PIECEWISE_BEZIER_KNOTS.);
#4545 = CARTESIAN_POINT('',(0.827385476227,4.));
#4546 = CARTESIAN_POINT('',(0.710481573827,4.000000000002));
#4547 = CARTESIAN_POINT('',(0.586458478553,3.999999999995));
#4548 = CARTESIAN_POINT('',(0.45450415105,4.000000000006));
#4549 = CARTESIAN_POINT('',(0.313638404511,3.999999999995));
#4550 = CARTESIAN_POINT('',(0.162661262848,4.000000000002));
#4551 = CARTESIAN_POINT('',(1.925560232337E-14,4.));
#4552 = ( GEOMETRIC_REPRESENTATION_CONTEXT(2) 
PARAMETRIC_REPRESENTATION_CONTEXT() REPRESENTATION_CONTEXT('2D SPACE',''
  ) );
#4553 = ORIENTED_EDGE('',*,*,#4554,.F.);
#4554 = EDGE_CURVE('',#4315,#4528,#4555,.T.);
#4555 = SURFACE_CURVE('',#4556,(#4559,#4565),.PCURVE_S1.);
#4556 = B_SPLINE_CURVE_WITH_KNOTS('',1,(#4557,#4558),.UNSPECIFIED.,.F.,
  .F.,(2,2),(1.,4.081393778228),.PIECEWISE_BEZIER_KNOTS.);
#4557 = CARTESIAN_POINT('',(41.385999684733,63.,7.667180215855));
#4558 = CARTESIAN_POINT('',(41.385999684733,63.,4.585786437627));
#4559 = PCURVE('',#2180,#4560);
#4560 = DEFINITIONAL_REPRESENTATION('',(#4561),#4564);
#4561 = B_SPLINE_CURVE_WITH_KNOTS('',1,(#4562,#4563),.UNSPECIFIED.,.F.,
  .F.,(2,2),(1.,4.081393778228),.PIECEWISE_BEZIER_KNOTS.);
#4562 = CARTESIAN_POINT('',(-2.921128008279,1.746052207576));
#4563 = CARTESIAN_POINT('',(0.160265769949,1.746052207576));
#4564 = ( GEOMETRIC_REPRESENTATION_CONTEXT(2) 
PARAMETRIC_REPRESENTATION_CONTEXT() REPRESENTATION_CONTEXT('2D SPACE',''
  ) );
#4565 = PCURVE('',#3903,#4566);
#4566 = DEFINITIONAL_REPRESENTATION('',(#4567),#4571);
#4567 = B_SPLINE_CURVE_WITH_KNOTS('',2,(#4568,#4569,#4570),
  .UNSPECIFIED.,.F.,.F.,(3,3),(1.,4.081393778228),
  .PIECEWISE_BEZIER_KNOTS.);
#4568 = CARTESIAN_POINT('',(0.,1.));
#4569 = CARTESIAN_POINT('',(0.,2.540696889114));
#4570 = CARTESIAN_POINT('',(0.,4.081393778228));
#4571 = ( GEOMETRIC_REPRESENTATION_CONTEXT(2) 
PARAMETRIC_REPRESENTATION_CONTEXT() REPRESENTATION_CONTEXT('2D SPACE',''
  ) );
#4572 = ORIENTED_EDGE('',*,*,#4314,.T.);
#4573 = ORIENTED_EDGE('',*,*,#2165,.T.);
#4574 = ORIENTED_EDGE('',*,*,#2295,.T.);
#4575 = ADVANCED_FACE('',(#4576),#2284,.F.);
#4576 = FACE_BOUND('',#4577,.F.);
#4577 = EDGE_LOOP('',(#4578,#4579,#4580,#4581));
#4578 = ORIENTED_EDGE('',*,*,#4435,.F.);
#4579 = ORIENTED_EDGE('',*,*,#2269,.T.);
#4580 = ORIENTED_EDGE('',*,*,#4507,.T.);
#4581 = ORIENTED_EDGE('',*,*,#4582,.F.);
#4582 = EDGE_CURVE('',#4436,#4508,#4583,.T.);
#4583 = SURFACE_CURVE('',#4584,(#4587,#4593),.PCURVE_S1.);
#4584 = B_SPLINE_CURVE_WITH_KNOTS('',1,(#4585,#4586),.UNSPECIFIED.,.F.,
  .F.,(2,2),(0.,4.),.PIECEWISE_BEZIER_KNOTS.);
#4585 = CARTESIAN_POINT('',(45.385999684733,63.707106781187,
    4.292893218813));
#4586 = CARTESIAN_POINT('',(41.385999684733,63.707106781187,
    4.292893218813));
#4587 = PCURVE('',#2284,#4588);
#4588 = DEFINITIONAL_REPRESENTATION('',(#4589),#4592);
#4589 = B_SPLINE_CURVE_WITH_KNOTS('',1,(#4590,#4591),.UNSPECIFIED.,.F.,
  .F.,(2,2),(0.,4.),.PIECEWISE_BEZIER_KNOTS.);
#4590 = CARTESIAN_POINT('',(-0.414213562373,-2.));
#4591 = CARTESIAN_POINT('',(-0.414213562373,2.));
#4592 = ( GEOMETRIC_REPRESENTATION_CONTEXT(2) 
PARAMETRIC_REPRESENTATION_CONTEXT() REPRESENTATION_CONTEXT('2D SPACE',''
  ) );
#4593 = PCURVE('',#3985,#4594);
#4594 = DEFINITIONAL_REPRESENTATION('',(#4595),#4599);
#4595 = B_SPLINE_CURVE_WITH_KNOTS('',2,(#4596,#4597,#4598),
  .UNSPECIFIED.,.F.,.F.,(3,3),(1.42108547152E-14,4.),
  .PIECEWISE_BEZIER_KNOTS.);
#4596 = CARTESIAN_POINT('',(0.,1.42108547152E-14));
#4597 = CARTESIAN_POINT('',(0.,2.));
#4598 = CARTESIAN_POINT('',(0.,4.));
#4599 = ( GEOMETRIC_REPRESENTATION_CONTEXT(2) 
PARAMETRIC_REPRESENTATION_CONTEXT() REPRESENTATION_CONTEXT('2D SPACE',''
  ) );
#4600 = ADVANCED_FACE('',(#4601),#2373,.T.);
#4601 = FACE_BOUND('',#4602,.T.);
#4602 = EDGE_LOOP('',(#4603,#4623,#4651,#4672,#4700,#4718,#4719,#4720));
#4603 = ORIENTED_EDGE('',*,*,#4604,.F.);
#4604 = EDGE_CURVE('',#4605,#2526,#4607,.T.);
#4605 = VERTEX_POINT('',#4606);
#4606 = CARTESIAN_POINT('',(74.614000315267,63.,7.667180215855));
#4607 = SURFACE_CURVE('',#4608,(#4611,#4617),.PCURVE_S1.);
#4608 = B_SPLINE_CURVE_WITH_KNOTS('',1,(#4609,#4610),.UNSPECIFIED.,.F.,
  .F.,(2,2),(4.242640687119,10.84303024642),.PIECEWISE_BEZIER_KNOTS.);
#4609 = CARTESIAN_POINT('',(74.614000315267,63.,7.667180215855));
#4610 = CARTESIAN_POINT('',(74.614000315267,67.667180215855,3.));
#4611 = PCURVE('',#2373,#4612);
#4612 = DEFINITIONAL_REPRESENTATION('',(#4613),#4616);
#4613 = B_SPLINE_CURVE_WITH_KNOTS('',1,(#4614,#4615),.UNSPECIFIED.,.F.,
  .F.,(2,2),(4.242640687119,10.84303024642),.PIECEWISE_BEZIER_KNOTS.);
#4614 = CARTESIAN_POINT('',(3.30019477965,-2.));
#4615 = CARTESIAN_POINT('',(-3.300194779651,-2.));
#4616 = ( GEOMETRIC_REPRESENTATION_CONTEXT(2) 
PARAMETRIC_REPRESENTATION_CONTEXT() REPRESENTATION_CONTEXT('2D SPACE',''
  ) );
#4617 = PCURVE('',#2568,#4618);
#4618 = DEFINITIONAL_REPRESENTATION('',(#4619),#4622);
#4619 = B_SPLINE_CURVE_WITH_KNOTS('',1,(#4620,#4621),.UNSPECIFIED.,.F.,
  .F.,(2,2),(4.242640687119,10.84303024642),.PIECEWISE_BEZIER_KNOTS.);
#4620 = CARTESIAN_POINT('',(-2.921128008279,1.746052207576));
#4621 = CARTESIAN_POINT('',(1.746052207576,-2.921128008279));
#4622 = ( GEOMETRIC_REPRESENTATION_CONTEXT(2) 
PARAMETRIC_REPRESENTATION_CONTEXT() REPRESENTATION_CONTEXT('2D SPACE',''
  ) );
#4623 = ORIENTED_EDGE('',*,*,#4624,.F.);
#4624 = EDGE_CURVE('',#4625,#4605,#4627,.T.);
#4625 = VERTEX_POINT('',#4626);
#4626 = CARTESIAN_POINT('',(74.321107096451,62.292893218813,
    8.374286997041));
#4627 = SURFACE_CURVE('',#4628,(#4632,#4639),.PCURVE_S1.);
#4628 = ( BOUNDED_CURVE() B_SPLINE_CURVE(2,(#4629,#4630,#4631),
.UNSPECIFIED.,.F.,.F.) B_SPLINE_CURVE_WITH_KNOTS((3,3),(3.926990816987,
4.712388980385),.PIECEWISE_BEZIER_KNOTS.) CURVE() 
GEOMETRIC_REPRESENTATION_ITEM() RATIONAL_B_SPLINE_CURVE((1.,
0.923879532511,1.)) REPRESENTATION_ITEM('') );
#4629 = CARTESIAN_POINT('',(74.321107096453,62.292893218813,
    8.374286997041));
#4630 = CARTESIAN_POINT('',(74.614000315267,62.585786437627,
    8.081393778228));
#4631 = CARTESIAN_POINT('',(74.614000315267,63.,7.667180215855));
#4632 = PCURVE('',#2373,#4633);
#4633 = DEFINITIONAL_REPRESENTATION('',(#4634),#4638);
#4634 = ( BOUNDED_CURVE() B_SPLINE_CURVE(2,(#4635,#4636,#4637),
.UNSPECIFIED.,.F.,.F.) B_SPLINE_CURVE_WITH_KNOTS((3,3),(3.926990816987,
4.712388980385),.PIECEWISE_BEZIER_KNOTS.) CURVE() 
GEOMETRIC_REPRESENTATION_ITEM() RATIONAL_B_SPLINE_CURVE((1.,
0.923879532511,1.)) REPRESENTATION_ITEM('') );
#4635 = CARTESIAN_POINT('',(4.30019477965,-2.292893218813));
#4636 = CARTESIAN_POINT('',(3.885981217277,-2.));
#4637 = CARTESIAN_POINT('',(3.30019477965,-2.));
#4638 = ( GEOMETRIC_REPRESENTATION_CONTEXT(2) 
PARAMETRIC_REPRESENTATION_CONTEXT() REPRESENTATION_CONTEXT('2D SPACE',''
  ) );
#4639 = PCURVE('',#3789,#4640);
#4640 = DEFINITIONAL_REPRESENTATION('',(#4641),#4650);
#4641 = B_SPLINE_CURVE_WITH_KNOTS('',7,(#4642,#4643,#4644,#4645,#4646,
    #4647,#4648,#4649),.UNSPECIFIED.,.F.,.F.,(8,8),(3.926990816987,
    4.712388980385),.PIECEWISE_BEZIER_KNOTS.);
#4642 = CARTESIAN_POINT('',(0.785398163397,0.292893218813));
#4643 = CARTESIAN_POINT('',(0.681739122246,0.370206761537));
#4644 = CARTESIAN_POINT('',(0.57544988958,0.459346067068));
#4645 = CARTESIAN_POINT('',(0.466410338313,0.559026714436));
#4646 = CARTESIAN_POINT('',(0.354491198245,0.666737019472));
#4647 = CARTESIAN_POINT('',(0.239552892362,0.778550099488));
#4648 = CARTESIAN_POINT('',(0.121444120878,0.890661772326));
#4649 = CARTESIAN_POINT('',(8.724812762321E-15,1.));
#4650 = ( GEOMETRIC_REPRESENTATION_CONTEXT(2) 
PARAMETRIC_REPRESENTATION_CONTEXT() REPRESENTATION_CONTEXT('2D SPACE',''
  ) );
#4651 = ORIENTED_EDGE('',*,*,#4652,.F.);
#4652 = EDGE_CURVE('',#4653,#4625,#4655,.T.);
#4653 = VERTEX_POINT('',#4654);
#4654 = CARTESIAN_POINT('',(78.906893534077,62.292893218813,
    8.374286997041));
#4655 = SURFACE_CURVE('',#4656,(#4659,#4665),.PCURVE_S1.);
#4656 = B_SPLINE_CURVE_WITH_KNOTS('',1,(#4657,#4658),.UNSPECIFIED.,.F.,
  .F.,(2,2),(-0.292893218811,4.292893218816),.PIECEWISE_BEZIER_KNOTS.);
#4657 = CARTESIAN_POINT('',(78.906893534077,62.292893218813,
    8.374286997041));
#4658 = CARTESIAN_POINT('',(74.321107096451,62.292893218813,
    8.374286997041));
#4659 = PCURVE('',#2373,#4660);
#4660 = DEFINITIONAL_REPRESENTATION('',(#4661),#4664);
#4661 = B_SPLINE_CURVE_WITH_KNOTS('',1,(#4662,#4663),.UNSPECIFIED.,.F.,
  .F.,(2,2),(-0.292893218811,4.292893218816),.PIECEWISE_BEZIER_KNOTS.);
#4662 = CARTESIAN_POINT('',(4.30019477965,2.292893218811));
#4663 = CARTESIAN_POINT('',(4.30019477965,-2.292893218816));
#4664 = ( GEOMETRIC_REPRESENTATION_CONTEXT(2) 
PARAMETRIC_REPRESENTATION_CONTEXT() REPRESENTATION_CONTEXT('2D SPACE',''
  ) );
#4665 = PCURVE('',#3817,#4666);
#4666 = DEFINITIONAL_REPRESENTATION('',(#4667),#4671);
#4667 = B_SPLINE_CURVE_WITH_KNOTS('',2,(#4668,#4669,#4670),
  .UNSPECIFIED.,.F.,.F.,(3,3),(-0.292893218811,4.292893218816),
  .PIECEWISE_BEZIER_KNOTS.);
#4668 = CARTESIAN_POINT('',(0.,-0.292893218811));
#4669 = CARTESIAN_POINT('',(4.162353351635E-16,2.000000000003));
#4670 = CARTESIAN_POINT('',(0.,4.292893218816));
#4671 = ( GEOMETRIC_REPRESENTATION_CONTEXT(2) 
PARAMETRIC_REPRESENTATION_CONTEXT() REPRESENTATION_CONTEXT('2D SPACE',''
  ) );
#4672 = ORIENTED_EDGE('',*,*,#4673,.T.);
#4673 = EDGE_CURVE('',#4653,#4674,#4676,.T.);
#4674 = VERTEX_POINT('',#4675);
#4675 = CARTESIAN_POINT('',(78.614000315267,63.,7.667180215855));
#4676 = SURFACE_CURVE('',#4677,(#4681,#4688),.PCURVE_S1.);
#4677 = ( BOUNDED_CURVE() B_SPLINE_CURVE(2,(#4678,#4679,#4680),
.UNSPECIFIED.,.F.,.F.) B_SPLINE_CURVE_WITH_KNOTS((3,3),(3.926990816989,
4.712388980385),.PIECEWISE_BEZIER_KNOTS.) CURVE() 
GEOMETRIC_REPRESENTATION_ITEM() RATIONAL_B_SPLINE_CURVE((1.,
0.923879532512,1.)) REPRESENTATION_ITEM('') );
#4678 = CARTESIAN_POINT('',(78.906893534079,62.292893218815,
    8.37428699704));
#4679 = CARTESIAN_POINT('',(78.614000315267,62.585786437628,
    8.081393778227));
#4680 = CARTESIAN_POINT('',(78.614000315267,63.,7.667180215855));
#4681 = PCURVE('',#2373,#4682);
#4682 = DEFINITIONAL_REPRESENTATION('',(#4683),#4687);
#4683 = ( BOUNDED_CURVE() B_SPLINE_CURVE(2,(#4684,#4685,#4686),
.UNSPECIFIED.,.F.,.F.) B_SPLINE_CURVE_WITH_KNOTS((3,3),(3.926990816989,
4.712388980385),.PIECEWISE_BEZIER_KNOTS.) CURVE() 
GEOMETRIC_REPRESENTATION_ITEM() RATIONAL_B_SPLINE_CURVE((1.,
0.923879532512,1.)) REPRESENTATION_ITEM('') );
#4684 = CARTESIAN_POINT('',(4.300194779649,2.292893218812));
#4685 = CARTESIAN_POINT('',(3.885981217276,2.));
#4686 = CARTESIAN_POINT('',(3.30019477965,2.));
#4687 = ( GEOMETRIC_REPRESENTATION_CONTEXT(2) 
PARAMETRIC_REPRESENTATION_CONTEXT() REPRESENTATION_CONTEXT('2D SPACE',''
  ) );
#4688 = PCURVE('',#3845,#4689);
#4689 = DEFINITIONAL_REPRESENTATION('',(#4690),#4699);
#4690 = B_SPLINE_CURVE_WITH_KNOTS('',7,(#4691,#4692,#4693,#4694,#4695,
    #4696,#4697,#4698),.UNSPECIFIED.,.F.,.F.,(8,8),(3.926990816989,
    4.712388980385),.PIECEWISE_BEZIER_KNOTS.);
#4691 = CARTESIAN_POINT('',(0.785398163396,0.292893218815));
#4692 = CARTESIAN_POINT('',(0.681739122244,0.37020676154));
#4693 = CARTESIAN_POINT('',(0.575449889578,0.459346067067));
#4694 = CARTESIAN_POINT('',(0.466410338312,0.559026714447));
#4695 = CARTESIAN_POINT('',(0.354491198245,0.666737019466));
#4696 = CARTESIAN_POINT('',(0.239552892362,0.778550099492));
#4697 = CARTESIAN_POINT('',(0.121444120878,0.890661772324));
#4698 = CARTESIAN_POINT('',(8.780323913553E-15,1.));
#4699 = ( GEOMETRIC_REPRESENTATION_CONTEXT(2) 
PARAMETRIC_REPRESENTATION_CONTEXT() REPRESENTATION_CONTEXT('2D SPACE',''
  ) );
#4700 = ORIENTED_EDGE('',*,*,#4701,.T.);
#4701 = EDGE_CURVE('',#4674,#2421,#4702,.T.);
#4702 = SURFACE_CURVE('',#4703,(#4706,#4712),.PCURVE_S1.);
#4703 = B_SPLINE_CURVE_WITH_KNOTS('',1,(#4704,#4705),.UNSPECIFIED.,.F.,
  .F.,(2,2),(4.242640687119,10.84303024642),.PIECEWISE_BEZIER_KNOTS.);
#4704 = CARTESIAN_POINT('',(78.614000315267,63.,7.667180215855));
#4705 = CARTESIAN_POINT('',(78.614000315267,67.667180215855,3.));
#4706 = PCURVE('',#2373,#4707);
#4707 = DEFINITIONAL_REPRESENTATION('',(#4708),#4711);
#4708 = B_SPLINE_CURVE_WITH_KNOTS('',1,(#4709,#4710),.UNSPECIFIED.,.F.,
  .F.,(2,2),(4.242640687119,10.84303024642),.PIECEWISE_BEZIER_KNOTS.);
#4709 = CARTESIAN_POINT('',(3.30019477965,2.));
#4710 = CARTESIAN_POINT('',(-3.300194779651,2.));
#4711 = ( GEOMETRIC_REPRESENTATION_CONTEXT(2) 
PARAMETRIC_REPRESENTATION_CONTEXT() REPRESENTATION_CONTEXT('2D SPACE',''
  ) );
#4712 = PCURVE('',#2463,#4713);
#4713 = DEFINITIONAL_REPRESENTATION('',(#4714),#4717);
#4714 = B_SPLINE_CURVE_WITH_KNOTS('',1,(#4715,#4716),.UNSPECIFIED.,.F.,
  .F.,(2,2),(4.242640687119,10.84303024642),.PIECEWISE_BEZIER_KNOTS.);
#4715 = CARTESIAN_POINT('',(-2.921128008279,1.746052207576));
#4716 = CARTESIAN_POINT('',(1.746052207576,-2.921128008279));
#4717 = ( GEOMETRIC_REPRESENTATION_CONTEXT(2) 
PARAMETRIC_REPRESENTATION_CONTEXT() REPRESENTATION_CONTEXT('2D SPACE',''
  ) );
#4718 = ORIENTED_EDGE('',*,*,#2420,.F.);
#4719 = ORIENTED_EDGE('',*,*,#2358,.T.);
#4720 = ORIENTED_EDGE('',*,*,#2525,.T.);
#4721 = ADVANCED_FACE('',(#4722),#2463,.F.);
#4722 = FACE_BOUND('',#4723,.F.);
#4723 = EDGE_LOOP('',(#4724,#4744,#4771,#4790,#4791,#4792));
#4724 = ORIENTED_EDGE('',*,*,#4725,.T.);
#4725 = EDGE_CURVE('',#2631,#4726,#4728,.T.);
#4726 = VERTEX_POINT('',#4727);
#4727 = CARTESIAN_POINT('',(78.614000315267,63.707106781187,
    4.292893218813));
#4728 = SURFACE_CURVE('',#4729,(#4732,#4738),.PCURVE_S1.);
#4729 = B_SPLINE_CURVE_WITH_KNOTS('',1,(#4730,#4731),.UNSPECIFIED.,.F.,
  .F.,(2,2),(5.242640687119,6.071067811865),.PIECEWISE_BEZIER_KNOTS.);
#4730 = CARTESIAN_POINT('',(78.614000315267,64.292893218813,
    3.707106781187));
#4731 = CARTESIAN_POINT('',(78.614000315267,63.707106781187,
    4.292893218813));
#4732 = PCURVE('',#2463,#4733);
#4733 = DEFINITIONAL_REPRESENTATION('',(#4734),#4737);
#4734 = B_SPLINE_CURVE_WITH_KNOTS('',1,(#4735,#4736),.UNSPECIFIED.,.F.,
  .F.,(2,2),(5.242640687119,6.071067811865),.PIECEWISE_BEZIER_KNOTS.);
#4735 = CARTESIAN_POINT('',(1.038945426389,0.453158988762));
#4736 = CARTESIAN_POINT('',(0.453158988762,1.038945426389));
#4737 = ( GEOMETRIC_REPRESENTATION_CONTEXT(2) 
PARAMETRIC_REPRESENTATION_CONTEXT() REPRESENTATION_CONTEXT('2D SPACE',''
  ) );
#4738 = PCURVE('',#2672,#4739);
#4739 = DEFINITIONAL_REPRESENTATION('',(#4740),#4743);
#4740 = B_SPLINE_CURVE_WITH_KNOTS('',1,(#4741,#4742),.UNSPECIFIED.,.F.,
  .F.,(2,2),(5.242640687119,6.071067811865),.PIECEWISE_BEZIER_KNOTS.);
#4741 = CARTESIAN_POINT('',(0.414213562373,-2.));
#4742 = CARTESIAN_POINT('',(-0.414213562373,-2.));
#4743 = ( GEOMETRIC_REPRESENTATION_CONTEXT(2) 
PARAMETRIC_REPRESENTATION_CONTEXT() REPRESENTATION_CONTEXT('2D SPACE',''
  ) );
#4744 = ORIENTED_EDGE('',*,*,#4745,.F.);
#4745 = EDGE_CURVE('',#4746,#4726,#4748,.T.);
#4746 = VERTEX_POINT('',#4747);
#4747 = CARTESIAN_POINT('',(78.614000315267,63.,4.585786437627));
#4748 = SURFACE_CURVE('',#4749,(#4753,#4760),.PCURVE_S1.);
#4749 = ( BOUNDED_CURVE() B_SPLINE_CURVE(2,(#4750,#4751,#4752),
.UNSPECIFIED.,.F.,.F.) B_SPLINE_CURVE_WITH_KNOTS((3,3),(3.14159265359,
3.926990816987),.PIECEWISE_BEZIER_KNOTS.) CURVE() 
GEOMETRIC_REPRESENTATION_ITEM() RATIONAL_B_SPLINE_CURVE((1.,
0.923879532511,1.)) REPRESENTATION_ITEM('') );
#4750 = CARTESIAN_POINT('',(78.614000315267,63.,4.585786437627));
#4751 = CARTESIAN_POINT('',(78.614000315267,63.414213562373,
    4.585786437627));
#4752 = CARTESIAN_POINT('',(78.614000315267,63.707106781187,
    4.292893218813));
#4753 = PCURVE('',#2463,#4754);
#4754 = DEFINITIONAL_REPRESENTATION('',(#4755),#4759);
#4755 = ( BOUNDED_CURVE() B_SPLINE_CURVE(2,(#4756,#4757,#4758),
.UNSPECIFIED.,.F.,.F.) B_SPLINE_CURVE_WITH_KNOTS((3,3),(3.14159265359,
3.926990816987),.PIECEWISE_BEZIER_KNOTS.) CURVE() 
GEOMETRIC_REPRESENTATION_ITEM() RATIONAL_B_SPLINE_CURVE((1.,
0.923879532511,1.)) REPRESENTATION_ITEM('') );
#4756 = CARTESIAN_POINT('',(0.160265769949,1.746052207576));
#4757 = CARTESIAN_POINT('',(0.160265769949,1.331838645202));
#4758 = CARTESIAN_POINT('',(0.453158988762,1.038945426389));
#4759 = ( GEOMETRIC_REPRESENTATION_CONTEXT(2) 
PARAMETRIC_REPRESENTATION_CONTEXT() REPRESENTATION_CONTEXT('2D SPACE',''
  ) );
#4760 = PCURVE('',#3871,#4761);
#4761 = DEFINITIONAL_REPRESENTATION('',(#4762),#4770);
#4762 = B_SPLINE_CURVE_WITH_KNOTS('',6,(#4763,#4764,#4765,#4766,#4767,
    #4768,#4769),.UNSPECIFIED.,.F.,.F.,(7,7),(3.14159265359,
    3.926990816987),.PIECEWISE_BEZIER_KNOTS.);
#4763 = CARTESIAN_POINT('',(0.827385476227,-4.556607136647E-16));
#4764 = CARTESIAN_POINT('',(0.710481573827,-2.449951000144E-14));
#4765 = CARTESIAN_POINT('',(0.586458478553,4.154042106165E-14));
#4766 = CARTESIAN_POINT('',(0.45450415105,-7.591897471483E-14));
#4767 = CARTESIAN_POINT('',(0.313638404511,7.267184160697E-14));
#4768 = CARTESIAN_POINT('',(0.162661262848,-8.205573310196E-15));
#4769 = CARTESIAN_POINT('',(2.886579864025E-14,0.));
#4770 = ( GEOMETRIC_REPRESENTATION_CONTEXT(2) 
PARAMETRIC_REPRESENTATION_CONTEXT() REPRESENTATION_CONTEXT('2D SPACE',''
  ) );
#4771 = ORIENTED_EDGE('',*,*,#4772,.F.);
#4772 = EDGE_CURVE('',#4674,#4746,#4773,.T.);
#4773 = SURFACE_CURVE('',#4774,(#4777,#4783),.PCURVE_S1.);
#4774 = B_SPLINE_CURVE_WITH_KNOTS('',1,(#4775,#4776),.UNSPECIFIED.,.F.,
  .F.,(2,2),(1.,4.081393778228),.PIECEWISE_BEZIER_KNOTS.);
#4775 = CARTESIAN_POINT('',(78.614000315267,63.,7.667180215855));
#4776 = CARTESIAN_POINT('',(78.614000315267,63.,4.585786437627));
#4777 = PCURVE('',#2463,#4778);
#4778 = DEFINITIONAL_REPRESENTATION('',(#4779),#4782);
#4779 = B_SPLINE_CURVE_WITH_KNOTS('',1,(#4780,#4781),.UNSPECIFIED.,.F.,
  .F.,(2,2),(1.,4.081393778228),.PIECEWISE_BEZIER_KNOTS.);
#4780 = CARTESIAN_POINT('',(-2.921128008279,1.746052207576));
#4781 = CARTESIAN_POINT('',(0.160265769949,1.746052207576));
#4782 = ( GEOMETRIC_REPRESENTATION_CONTEXT(2) 
PARAMETRIC_REPRESENTATION_CONTEXT() REPRESENTATION_CONTEXT('2D SPACE',''
  ) );
#4783 = PCURVE('',#3845,#4784);
#4784 = DEFINITIONAL_REPRESENTATION('',(#4785),#4789);
#4785 = B_SPLINE_CURVE_WITH_KNOTS('',2,(#4786,#4787,#4788),
  .UNSPECIFIED.,.F.,.F.,(3,3),(1.,4.081393778228),
  .PIECEWISE_BEZIER_KNOTS.);
#4786 = CARTESIAN_POINT('',(0.,1.));
#4787 = CARTESIAN_POINT('',(0.,2.540696889114));
#4788 = CARTESIAN_POINT('',(0.,4.081393778228));
#4789 = ( GEOMETRIC_REPRESENTATION_CONTEXT(2) 
PARAMETRIC_REPRESENTATION_CONTEXT() REPRESENTATION_CONTEXT('2D SPACE',''
  ) );
#4790 = ORIENTED_EDGE('',*,*,#4701,.T.);
#4791 = ORIENTED_EDGE('',*,*,#2448,.T.);
#4792 = ORIENTED_EDGE('',*,*,#2630,.T.);
#4793 = ADVANCED_FACE('',(#4794),#2568,.T.);
#4794 = FACE_BOUND('',#4795,.T.);
#4795 = EDGE_LOOP('',(#4796,#4816,#4843,#4862,#4863,#4864));
#4796 = ORIENTED_EDGE('',*,*,#4797,.T.);
#4797 = EDGE_CURVE('',#2658,#4798,#4800,.T.);
#4798 = VERTEX_POINT('',#4799);
#4799 = CARTESIAN_POINT('',(74.614000315267,63.707106781187,
    4.292893218813));
#4800 = SURFACE_CURVE('',#4801,(#4804,#4810),.PCURVE_S1.);
#4801 = B_SPLINE_CURVE_WITH_KNOTS('',1,(#4802,#4803),.UNSPECIFIED.,.F.,
  .F.,(2,2),(5.242640687119,6.071067811865),.PIECEWISE_BEZIER_KNOTS.);
#4802 = CARTESIAN_POINT('',(74.614000315267,64.292893218813,
    3.707106781187));
#4803 = CARTESIAN_POINT('',(74.614000315267,63.707106781187,
    4.292893218813));
#4804 = PCURVE('',#2568,#4805);
#4805 = DEFINITIONAL_REPRESENTATION('',(#4806),#4809);
#4806 = B_SPLINE_CURVE_WITH_KNOTS('',1,(#4807,#4808),.UNSPECIFIED.,.F.,
  .F.,(2,2),(5.242640687119,6.071067811865),.PIECEWISE_BEZIER_KNOTS.);
#4807 = CARTESIAN_POINT('',(1.038945426389,0.453158988762));
#4808 = CARTESIAN_POINT('',(0.453158988762,1.038945426389));
#4809 = ( GEOMETRIC_REPRESENTATION_CONTEXT(2) 
PARAMETRIC_REPRESENTATION_CONTEXT() REPRESENTATION_CONTEXT('2D SPACE',''
  ) );
#4810 = PCURVE('',#2672,#4811);
#4811 = DEFINITIONAL_REPRESENTATION('',(#4812),#4815);
#4812 = B_SPLINE_CURVE_WITH_KNOTS('',1,(#4813,#4814),.UNSPECIFIED.,.F.,
  .F.,(2,2),(5.242640687119,6.071067811865),.PIECEWISE_BEZIER_KNOTS.);
#4813 = CARTESIAN_POINT('',(0.414213562373,2.));
#4814 = CARTESIAN_POINT('',(-0.414213562373,2.));
#4815 = ( GEOMETRIC_REPRESENTATION_CONTEXT(2) 
PARAMETRIC_REPRESENTATION_CONTEXT() REPRESENTATION_CONTEXT('2D SPACE',''
  ) );
#4816 = ORIENTED_EDGE('',*,*,#4817,.F.);
#4817 = EDGE_CURVE('',#4818,#4798,#4820,.T.);
#4818 = VERTEX_POINT('',#4819);
#4819 = CARTESIAN_POINT('',(74.614000315267,63.,4.585786437627));
#4820 = SURFACE_CURVE('',#4821,(#4825,#4832),.PCURVE_S1.);
#4821 = ( BOUNDED_CURVE() B_SPLINE_CURVE(2,(#4822,#4823,#4824),
.UNSPECIFIED.,.F.,.F.) B_SPLINE_CURVE_WITH_KNOTS((3,3),(3.14159265359,
3.926990816987),.PIECEWISE_BEZIER_KNOTS.) CURVE() 
GEOMETRIC_REPRESENTATION_ITEM() RATIONAL_B_SPLINE_CURVE((1.,
0.923879532511,1.)) REPRESENTATION_ITEM('') );
#4822 = CARTESIAN_POINT('',(74.614000315267,63.,4.585786437627));
#4823 = CARTESIAN_POINT('',(74.614000315267,63.414213562373,
    4.585786437627));
#4824 = CARTESIAN_POINT('',(74.614000315267,63.707106781187,
    4.292893218813));
#4825 = PCURVE('',#2568,#4826);
#4826 = DEFINITIONAL_REPRESENTATION('',(#4827),#4831);
#4827 = ( BOUNDED_CURVE() B_SPLINE_CURVE(2,(#4828,#4829,#4830),
.UNSPECIFIED.,.F.,.F.) B_SPLINE_CURVE_WITH_KNOTS((3,3),(3.14159265359,
3.926990816987),.PIECEWISE_BEZIER_KNOTS.) CURVE() 
GEOMETRIC_REPRESENTATION_ITEM() RATIONAL_B_SPLINE_CURVE((1.,
0.923879532511,1.)) REPRESENTATION_ITEM('') );
#4828 = CARTESIAN_POINT('',(0.160265769949,1.746052207576));
#4829 = CARTESIAN_POINT('',(0.160265769949,1.331838645202));
#4830 = CARTESIAN_POINT('',(0.453158988762,1.038945426389));
#4831 = ( GEOMETRIC_REPRESENTATION_CONTEXT(2) 
PARAMETRIC_REPRESENTATION_CONTEXT() REPRESENTATION_CONTEXT('2D SPACE',''
  ) );
#4832 = PCURVE('',#3871,#4833);
#4833 = DEFINITIONAL_REPRESENTATION('',(#4834),#4842);
#4834 = B_SPLINE_CURVE_WITH_KNOTS('',6,(#4835,#4836,#4837,#4838,#4839,
    #4840,#4841),.UNSPECIFIED.,.F.,.F.,(7,7),(3.14159265359,
    3.926990816987),.PIECEWISE_BEZIER_KNOTS.);
#4835 = CARTESIAN_POINT('',(0.827385476227,4.));
#4836 = CARTESIAN_POINT('',(0.710481573827,3.999999999999));
#4837 = CARTESIAN_POINT('',(0.586458478553,4.000000000003));
#4838 = CARTESIAN_POINT('',(0.45450415105,3.999999999995));
#4839 = CARTESIAN_POINT('',(0.313638404511,4.000000000004));
#4840 = CARTESIAN_POINT('',(0.162661262848,3.999999999999));
#4841 = CARTESIAN_POINT('',(2.886579864025E-14,4.));
#4842 = ( GEOMETRIC_REPRESENTATION_CONTEXT(2) 
PARAMETRIC_REPRESENTATION_CONTEXT() REPRESENTATION_CONTEXT('2D SPACE',''
  ) );
#4843 = ORIENTED_EDGE('',*,*,#4844,.F.);
#4844 = EDGE_CURVE('',#4605,#4818,#4845,.T.);
#4845 = SURFACE_CURVE('',#4846,(#4849,#4855),.PCURVE_S1.);
#4846 = B_SPLINE_CURVE_WITH_KNOTS('',1,(#4847,#4848),.UNSPECIFIED.,.F.,
  .F.,(2,2),(1.,4.081393778228),.PIECEWISE_BEZIER_KNOTS.);
#4847 = CARTESIAN_POINT('',(74.614000315267,63.,7.667180215855));
#4848 = CARTESIAN_POINT('',(74.614000315267,63.,4.585786437627));
#4849 = PCURVE('',#2568,#4850);
#4850 = DEFINITIONAL_REPRESENTATION('',(#4851),#4854);
#4851 = B_SPLINE_CURVE_WITH_KNOTS('',1,(#4852,#4853),.UNSPECIFIED.,.F.,
  .F.,(2,2),(1.,4.081393778228),.PIECEWISE_BEZIER_KNOTS.);
#4852 = CARTESIAN_POINT('',(-2.921128008279,1.746052207576));
#4853 = CARTESIAN_POINT('',(0.160265769949,1.746052207576));
#4854 = ( GEOMETRIC_REPRESENTATION_CONTEXT(2) 
PARAMETRIC_REPRESENTATION_CONTEXT() REPRESENTATION_CONTEXT('2D SPACE',''
  ) );
#4855 = PCURVE('',#3789,#4856);
#4856 = DEFINITIONAL_REPRESENTATION('',(#4857),#4861);
#4857 = B_SPLINE_CURVE_WITH_KNOTS('',2,(#4858,#4859,#4860),
  .UNSPECIFIED.,.F.,.F.,(3,3),(1.,4.081393778228),
  .PIECEWISE_BEZIER_KNOTS.);
#4858 = CARTESIAN_POINT('',(0.,1.));
#4859 = CARTESIAN_POINT('',(0.,2.540696889114));
#4860 = CARTESIAN_POINT('',(0.,4.081393778228));
#4861 = ( GEOMETRIC_REPRESENTATION_CONTEXT(2) 
PARAMETRIC_REPRESENTATION_CONTEXT() REPRESENTATION_CONTEXT('2D SPACE',''
  ) );
#4862 = ORIENTED_EDGE('',*,*,#4604,.T.);
#4863 = ORIENTED_EDGE('',*,*,#2553,.T.);
#4864 = ORIENTED_EDGE('',*,*,#2683,.T.);
#4865 = ADVANCED_FACE('',(#4866),#2672,.F.);
#4866 = FACE_BOUND('',#4867,.F.);
#4867 = EDGE_LOOP('',(#4868,#4869,#4870,#4871));
#4868 = ORIENTED_EDGE('',*,*,#4725,.F.);
#4869 = ORIENTED_EDGE('',*,*,#2657,.T.);
#4870 = ORIENTED_EDGE('',*,*,#4797,.T.);
#4871 = ORIENTED_EDGE('',*,*,#4872,.F.);
#4872 = EDGE_CURVE('',#4726,#4798,#4873,.T.);
#4873 = SURFACE_CURVE('',#4874,(#4877,#4883),.PCURVE_S1.);
#4874 = B_SPLINE_CURVE_WITH_KNOTS('',1,(#4875,#4876),.UNSPECIFIED.,.F.,
  .F.,(2,2),(0.,4.),.PIECEWISE_BEZIER_KNOTS.);
#4875 = CARTESIAN_POINT('',(78.614000315267,63.707106781187,
    4.292893218813));
#4876 = CARTESIAN_POINT('',(74.614000315267,63.707106781187,
    4.292893218813));
#4877 = PCURVE('',#2672,#4878);
#4878 = DEFINITIONAL_REPRESENTATION('',(#4879),#4882);
#4879 = B_SPLINE_CURVE_WITH_KNOTS('',1,(#4880,#4881),.UNSPECIFIED.,.F.,
  .F.,(2,2),(0.,4.),.PIECEWISE_BEZIER_KNOTS.);
#4880 = CARTESIAN_POINT('',(-0.414213562373,-2.));
#4881 = CARTESIAN_POINT('',(-0.414213562373,2.));
#4882 = ( GEOMETRIC_REPRESENTATION_CONTEXT(2) 
PARAMETRIC_REPRESENTATION_CONTEXT() REPRESENTATION_CONTEXT('2D SPACE',''
  ) );
#4883 = PCURVE('',#3871,#4884);
#4884 = DEFINITIONAL_REPRESENTATION('',(#4885),#4889);
#4885 = B_SPLINE_CURVE_WITH_KNOTS('',2,(#4886,#4887,#4888),
  .UNSPECIFIED.,.F.,.F.,(3,3),(0.,4.),.PIECEWISE_BEZIER_KNOTS.);
#4886 = CARTESIAN_POINT('',(0.,0.));
#4887 = CARTESIAN_POINT('',(0.,2.));
#4888 = CARTESIAN_POINT('',(0.,4.));
#4889 = ( GEOMETRIC_REPRESENTATION_CONTEXT(2) 
PARAMETRIC_REPRESENTATION_CONTEXT() REPRESENTATION_CONTEXT('2D SPACE',''
  ) );
#4890 = ADVANCED_FACE('',(#4891),#2773,.F.);
#4891 = FACE_BOUND('',#4892,.F.);
#4892 = EDGE_LOOP('',(#4893,#4913,#4938,#4956));
#4893 = ORIENTED_EDGE('',*,*,#4894,.F.);
#4894 = EDGE_CURVE('',#4895,#2759,#4897,.T.);
#4895 = VERTEX_POINT('',#4896);
#4896 = CARTESIAN_POINT('',(58.,153.42825296957,14.086399306909));
#4897 = SURFACE_CURVE('',#4898,(#4901,#4907),.PCURVE_S1.);
#4898 = B_SPLINE_CURVE_WITH_KNOTS('',1,(#4899,#4900),.UNSPECIFIED.,.F.,
  .F.,(2,2),(0.,11.086399306909),.PIECEWISE_BEZIER_KNOTS.);
#4899 = CARTESIAN_POINT('',(58.,153.42825296957,14.086399306909));
#4900 = CARTESIAN_POINT('',(58.,153.42825296957,3.));
#4901 = PCURVE('',#2773,#4902);
#4902 = DEFINITIONAL_REPRESENTATION('',(#4903),#4906);
#4903 = B_SPLINE_CURVE_WITH_KNOTS('',1,(#4904,#4905),.UNSPECIFIED.,.F.,
  .F.,(2,2),(0.,11.086399306909),.PIECEWISE_BEZIER_KNOTS.);
#4904 = CARTESIAN_POINT('',(7.043199653454,-2.));
#4905 = CARTESIAN_POINT('',(-4.043199653454,-2.));
#4906 = ( GEOMETRIC_REPRESENTATION_CONTEXT(2) 
PARAMETRIC_REPRESENTATION_CONTEXT() REPRESENTATION_CONTEXT('2D SPACE',''
  ) );
#4907 = PCURVE('',#2921,#4908);
#4908 = DEFINITIONAL_REPRESENTATION('',(#4909),#4912);
#4909 = B_SPLINE_CURVE_WITH_KNOTS('',1,(#4910,#4911),.UNSPECIFIED.,.F.,
  .F.,(2,2),(0.,11.086399306909),.PIECEWISE_BEZIER_KNOTS.);
#4910 = CARTESIAN_POINT('',(-7.043199653454,-26.57174703042));
#4911 = CARTESIAN_POINT('',(4.043199653454,-26.57174703042));
#4912 = ( GEOMETRIC_REPRESENTATION_CONTEXT(2) 
PARAMETRIC_REPRESENTATION_CONTEXT() REPRESENTATION_CONTEXT('2D SPACE',''
  ) );
#4913 = ORIENTED_EDGE('',*,*,#4914,.T.);
#4914 = EDGE_CURVE('',#4895,#4915,#4917,.T.);
#4915 = VERTEX_POINT('',#4916);
#4916 = CARTESIAN_POINT('',(62.,153.42825296957,14.086399306909));
#4917 = SURFACE_CURVE('',#4918,(#4921,#4927),.PCURVE_S1.);
#4918 = B_SPLINE_CURVE_WITH_KNOTS('',1,(#4919,#4920),.UNSPECIFIED.,.F.,
  .F.,(2,2),(0.,4.),.PIECEWISE_BEZIER_KNOTS.);
#4919 = CARTESIAN_POINT('',(58.,153.42825296957,14.086399306909));
#4920 = CARTESIAN_POINT('',(62.,153.42825296957,14.086399306909));
#4921 = PCURVE('',#2773,#4922);
#4922 = DEFINITIONAL_REPRESENTATION('',(#4923),#4926);
#4923 = B_SPLINE_CURVE_WITH_KNOTS('',1,(#4924,#4925),.UNSPECIFIED.,.F.,
  .F.,(2,2),(0.,4.),.PIECEWISE_BEZIER_KNOTS.);
#4924 = CARTESIAN_POINT('',(7.043199653454,-2.));
#4925 = CARTESIAN_POINT('',(7.043199653454,2.));
#4926 = ( GEOMETRIC_REPRESENTATION_CONTEXT(2) 
PARAMETRIC_REPRESENTATION_CONTEXT() REPRESENTATION_CONTEXT('2D SPACE',''
  ) );
#4927 = PCURVE('',#4928,#4933);
#4928 = B_SPLINE_SURFACE_WITH_KNOTS('',1,1,(
    (#4929,#4930)
    ,(#4931,#4932
    )),.UNSPECIFIED.,.F.,.F.,.F.,(2,2),(2,2),(-2.,2.),(-26.57174703042,
    26.571747030429),.PIECEWISE_BEZIER_KNOTS.);
#4929 = CARTESIAN_POINT('',(58.,153.42825296957,14.086399306909));
#4930 = CARTESIAN_POINT('',(58.,206.57174703042,14.086399306909));
#4931 = CARTESIAN_POINT('',(62.,153.42825296957,14.086399306909));
#4932 = CARTESIAN_POINT('',(62.,206.57174703042,14.086399306909));
#4933 = DEFINITIONAL_REPRESENTATION('',(#4934),#4937);
#4934 = B_SPLINE_CURVE_WITH_KNOTS('',1,(#4935,#4936),.UNSPECIFIED.,.F.,
  .F.,(2,2),(0.,4.),.PIECEWISE_BEZIER_KNOTS.);
#4935 = CARTESIAN_POINT('',(-2.,-26.57174703042));
#4936 = CARTESIAN_POINT('',(2.,-26.57174703042));
#4937 = ( GEOMETRIC_REPRESENTATION_CONTEXT(2) 
PARAMETRIC_REPRESENTATION_CONTEXT() REPRESENTATION_CONTEXT('2D SPACE',''
  ) );
#4938 = ORIENTED_EDGE('',*,*,#4939,.T.);
#4939 = EDGE_CURVE('',#4915,#2714,#4940,.T.);
#4940 = SURFACE_CURVE('',#4941,(#4944,#4950),.PCURVE_S1.);
#4941 = B_SPLINE_CURVE_WITH_KNOTS('',1,(#4942,#4943),.UNSPECIFIED.,.F.,
  .F.,(2,2),(0.,11.086399306909),.PIECEWISE_BEZIER_KNOTS.);
#4942 = CARTESIAN_POINT('',(62.,153.42825296957,14.086399306909));
#4943 = CARTESIAN_POINT('',(62.,153.42825296957,3.));
#4944 = PCURVE('',#2773,#4945);
#4945 = DEFINITIONAL_REPRESENTATION('',(#4946),#4949);
#4946 = B_SPLINE_CURVE_WITH_KNOTS('',1,(#4947,#4948),.UNSPECIFIED.,.F.,
  .F.,(2,2),(0.,11.086399306909),.PIECEWISE_BEZIER_KNOTS.);
#4947 = CARTESIAN_POINT('',(7.043199653454,2.));
#4948 = CARTESIAN_POINT('',(-4.043199653454,2.));
#4949 = ( GEOMETRIC_REPRESENTATION_CONTEXT(2) 
PARAMETRIC_REPRESENTATION_CONTEXT() REPRESENTATION_CONTEXT('2D SPACE',''
  ) );
#4950 = PCURVE('',#2847,#4951);
#4951 = DEFINITIONAL_REPRESENTATION('',(#4952),#4955);
#4952 = B_SPLINE_CURVE_WITH_KNOTS('',1,(#4953,#4954),.UNSPECIFIED.,.F.,
  .F.,(2,2),(0.,11.086399306909),.PIECEWISE_BEZIER_KNOTS.);
#4953 = CARTESIAN_POINT('',(-7.043199653454,-26.57174703042));
#4954 = CARTESIAN_POINT('',(4.043199653454,-26.57174703042));
#4955 = ( GEOMETRIC_REPRESENTATION_CONTEXT(2) 
PARAMETRIC_REPRESENTATION_CONTEXT() REPRESENTATION_CONTEXT('2D SPACE',''
  ) );
#4956 = ORIENTED_EDGE('',*,*,#2758,.T.);
#4957 = ADVANCED_FACE('',(#4958),#2847,.T.);
#4958 = FACE_BOUND('',#4959,.T.);
#4959 = EDGE_LOOP('',(#4960,#4961,#4962,#4982));
#4960 = ORIENTED_EDGE('',*,*,#4939,.T.);
#4961 = ORIENTED_EDGE('',*,*,#2832,.T.);
#4962 = ORIENTED_EDGE('',*,*,#4963,.T.);
#4963 = EDGE_CURVE('',#2833,#4964,#4966,.T.);
#4964 = VERTEX_POINT('',#4965);
#4965 = CARTESIAN_POINT('',(62.,206.57174703042,14.086399306909));
#4966 = SURFACE_CURVE('',#4967,(#4970,#4976),.PCURVE_S1.);
#4967 = B_SPLINE_CURVE_WITH_KNOTS('',1,(#4968,#4969),.UNSPECIFIED.,.F.,
  .F.,(2,2),(3.,14.086399306909),.PIECEWISE_BEZIER_KNOTS.);
#4968 = CARTESIAN_POINT('',(62.,206.57174703042,3.));
#4969 = CARTESIAN_POINT('',(62.,206.57174703042,14.086399306909));
#4970 = PCURVE('',#2847,#4971);
#4971 = DEFINITIONAL_REPRESENTATION('',(#4972),#4975);
#4972 = B_SPLINE_CURVE_WITH_KNOTS('',1,(#4973,#4974),.UNSPECIFIED.,.F.,
  .F.,(2,2),(3.,14.086399306909),.PIECEWISE_BEZIER_KNOTS.);
#4973 = CARTESIAN_POINT('',(4.043199653454,26.571747030429));
#4974 = CARTESIAN_POINT('',(-7.043199653454,26.571747030429));
#4975 = ( GEOMETRIC_REPRESENTATION_CONTEXT(2) 
PARAMETRIC_REPRESENTATION_CONTEXT() REPRESENTATION_CONTEXT('2D SPACE',''
  ) );
#4976 = PCURVE('',#2993,#4977);
#4977 = DEFINITIONAL_REPRESENTATION('',(#4978),#4981);
#4978 = B_SPLINE_CURVE_WITH_KNOTS('',1,(#4979,#4980),.UNSPECIFIED.,.F.,
  .F.,(2,2),(3.,14.086399306909),.PIECEWISE_BEZIER_KNOTS.);
#4979 = CARTESIAN_POINT('',(-4.043199653454,2.));
#4980 = CARTESIAN_POINT('',(7.043199653454,2.));
#4981 = ( GEOMETRIC_REPRESENTATION_CONTEXT(2) 
PARAMETRIC_REPRESENTATION_CONTEXT() REPRESENTATION_CONTEXT('2D SPACE',''
  ) );
#4982 = ORIENTED_EDGE('',*,*,#4983,.T.);
#4983 = EDGE_CURVE('',#4964,#4915,#4984,.T.);
#4984 = SURFACE_CURVE('',#4985,(#4988,#4994),.PCURVE_S1.);
#4985 = B_SPLINE_CURVE_WITH_KNOTS('',1,(#4986,#4987),.UNSPECIFIED.,.F.,
  .F.,(2,2),(0.,53.143494060858),.PIECEWISE_BEZIER_KNOTS.);
#4986 = CARTESIAN_POINT('',(62.,206.57174703042,14.086399306909));
#4987 = CARTESIAN_POINT('',(62.,153.42825296957,14.086399306909));
#4988 = PCURVE('',#2847,#4989);
#4989 = DEFINITIONAL_REPRESENTATION('',(#4990),#4993);
#4990 = B_SPLINE_CURVE_WITH_KNOTS('',1,(#4991,#4992),.UNSPECIFIED.,.F.,
  .F.,(2,2),(0.,53.143494060858),.PIECEWISE_BEZIER_KNOTS.);
#4991 = CARTESIAN_POINT('',(-7.043199653454,26.571747030429));
#4992 = CARTESIAN_POINT('',(-7.043199653454,-26.57174703042));
#4993 = ( GEOMETRIC_REPRESENTATION_CONTEXT(2) 
PARAMETRIC_REPRESENTATION_CONTEXT() REPRESENTATION_CONTEXT('2D SPACE',''
  ) );
#4994 = PCURVE('',#4928,#4995);
#4995 = DEFINITIONAL_REPRESENTATION('',(#4996),#4999);
#4996 = B_SPLINE_CURVE_WITH_KNOTS('',1,(#4997,#4998),.UNSPECIFIED.,.F.,
  .F.,(2,2),(0.,53.143494060858),.PIECEWISE_BEZIER_KNOTS.);
#4997 = CARTESIAN_POINT('',(2.,26.571747030429));
#4998 = CARTESIAN_POINT('',(2.,-26.57174703042));
#4999 = ( GEOMETRIC_REPRESENTATION_CONTEXT(2) 
PARAMETRIC_REPRESENTATION_CONTEXT() REPRESENTATION_CONTEXT('2D SPACE',''
  ) );
#5000 = ADVANCED_FACE('',(#5001),#2921,.F.);
#5001 = FACE_BOUND('',#5002,.F.);
#5002 = EDGE_LOOP('',(#5003,#5004,#5005,#5025));
#5003 = ORIENTED_EDGE('',*,*,#4894,.T.);
#5004 = ORIENTED_EDGE('',*,*,#2906,.T.);
#5005 = ORIENTED_EDGE('',*,*,#5006,.T.);
#5006 = EDGE_CURVE('',#2907,#5007,#5009,.T.);
#5007 = VERTEX_POINT('',#5008);
#5008 = CARTESIAN_POINT('',(58.,206.57174703042,14.086399306909));
#5009 = SURFACE_CURVE('',#5010,(#5013,#5019),.PCURVE_S1.);
#5010 = B_SPLINE_CURVE_WITH_KNOTS('',1,(#5011,#5012),.UNSPECIFIED.,.F.,
  .F.,(2,2),(3.,14.086399306909),.PIECEWISE_BEZIER_KNOTS.);
#5011 = CARTESIAN_POINT('',(58.,206.57174703042,3.));
#5012 = CARTESIAN_POINT('',(58.,206.57174703042,14.086399306909));
#5013 = PCURVE('',#2921,#5014);
#5014 = DEFINITIONAL_REPRESENTATION('',(#5015),#5018);
#5015 = B_SPLINE_CURVE_WITH_KNOTS('',1,(#5016,#5017),.UNSPECIFIED.,.F.,
  .F.,(2,2),(3.,14.086399306909),.PIECEWISE_BEZIER_KNOTS.);
#5016 = CARTESIAN_POINT('',(4.043199653454,26.571747030429));
#5017 = CARTESIAN_POINT('',(-7.043199653454,26.571747030429));
#5018 = ( GEOMETRIC_REPRESENTATION_CONTEXT(2) 
PARAMETRIC_REPRESENTATION_CONTEXT() REPRESENTATION_CONTEXT('2D SPACE',''
  ) );
#5019 = PCURVE('',#2993,#5020);
#5020 = DEFINITIONAL_REPRESENTATION('',(#5021),#5024);
#5021 = B_SPLINE_CURVE_WITH_KNOTS('',1,(#5022,#5023),.UNSPECIFIED.,.F.,
  .F.,(2,2),(3.,14.086399306909),.PIECEWISE_BEZIER_KNOTS.);
#5022 = CARTESIAN_POINT('',(-4.043199653454,-2.));
#5023 = CARTESIAN_POINT('',(7.043199653454,-2.));
#5024 = ( GEOMETRIC_REPRESENTATION_CONTEXT(2) 
PARAMETRIC_REPRESENTATION_CONTEXT() REPRESENTATION_CONTEXT('2D SPACE',''
  ) );
#5025 = ORIENTED_EDGE('',*,*,#5026,.T.);
#5026 = EDGE_CURVE('',#5007,#4895,#5027,.T.);
#5027 = SURFACE_CURVE('',#5028,(#5031,#5037),.PCURVE_S1.);
#5028 = B_SPLINE_CURVE_WITH_KNOTS('',1,(#5029,#5030),.UNSPECIFIED.,.F.,
  .F.,(2,2),(0.,53.143494060858),.PIECEWISE_BEZIER_KNOTS.);
#5029 = CARTESIAN_POINT('',(58.,206.57174703042,14.086399306909));
#5030 = CARTESIAN_POINT('',(58.,153.42825296957,14.086399306909));
#5031 = PCURVE('',#2921,#5032);
#5032 = DEFINITIONAL_REPRESENTATION('',(#5033),#5036);
#5033 = B_SPLINE_CURVE_WITH_KNOTS('',1,(#5034,#5035),.UNSPECIFIED.,.F.,
  .F.,(2,2),(0.,53.143494060858),.PIECEWISE_BEZIER_KNOTS.);
#5034 = CARTESIAN_POINT('',(-7.043199653454,26.571747030429));
#5035 = CARTESIAN_POINT('',(-7.043199653454,-26.57174703042));
#5036 = ( GEOMETRIC_REPRESENTATION_CONTEXT(2) 
PARAMETRIC_REPRESENTATION_CONTEXT() REPRESENTATION_CONTEXT('2D SPACE',''
  ) );
#5037 = PCURVE('',#4928,#5038);
#5038 = DEFINITIONAL_REPRESENTATION('',(#5039),#5042);
#5039 = B_SPLINE_CURVE_WITH_KNOTS('',1,(#5040,#5041),.UNSPECIFIED.,.F.,
  .F.,(2,2),(0.,53.143494060858),.PIECEWISE_BEZIER_KNOTS.);
#5040 = CARTESIAN_POINT('',(-2.,26.571747030429));
#5041 = CARTESIAN_POINT('',(-2.,-26.57174703042));
#5042 = ( GEOMETRIC_REPRESENTATION_CONTEXT(2) 
PARAMETRIC_REPRESENTATION_CONTEXT() REPRESENTATION_CONTEXT('2D SPACE',''
  ) );
#5043 = ADVANCED_FACE('',(#5044),#2993,.T.);
#5044 = FACE_BOUND('',#5045,.T.);
#5045 = EDGE_LOOP('',(#5046,#5047,#5048,#5049));
#5046 = ORIENTED_EDGE('',*,*,#4963,.F.);
#5047 = ORIENTED_EDGE('',*,*,#2980,.T.);
#5048 = ORIENTED_EDGE('',*,*,#5006,.T.);
#5049 = ORIENTED_EDGE('',*,*,#5050,.T.);
#5050 = EDGE_CURVE('',#5007,#4964,#5051,.T.);
#5051 = SURFACE_CURVE('',#5052,(#5055,#5061),.PCURVE_S1.);
#5052 = B_SPLINE_CURVE_WITH_KNOTS('',1,(#5053,#5054),.UNSPECIFIED.,.F.,
  .F.,(2,2),(0.,4.),.PIECEWISE_BEZIER_KNOTS.);
#5053 = CARTESIAN_POINT('',(58.,206.57174703042,14.086399306909));
#5054 = CARTESIAN_POINT('',(62.,206.57174703042,14.086399306909));
#5055 = PCURVE('',#2993,#5056);
#5056 = DEFINITIONAL_REPRESENTATION('',(#5057),#5060);
#5057 = B_SPLINE_CURVE_WITH_KNOTS('',1,(#5058,#5059),.UNSPECIFIED.,.F.,
  .F.,(2,2),(0.,4.),.PIECEWISE_BEZIER_KNOTS.);
#5058 = CARTESIAN_POINT('',(7.043199653454,-2.));
#5059 = CARTESIAN_POINT('',(7.043199653454,2.));
#5060 = ( GEOMETRIC_REPRESENTATION_CONTEXT(2) 
PARAMETRIC_REPRESENTATION_CONTEXT() REPRESENTATION_CONTEXT('2D SPACE',''
  ) );
#5061 = PCURVE('',#4928,#5062);
#5062 = DEFINITIONAL_REPRESENTATION('',(#5063),#5066);
#5063 = B_SPLINE_CURVE_WITH_KNOTS('',1,(#5064,#5065),.UNSPECIFIED.,.F.,
  .F.,(2,2),(0.,4.),.PIECEWISE_BEZIER_KNOTS.);
#5064 = CARTESIAN_POINT('',(-2.,26.571747030429));
#5065 = CARTESIAN_POINT('',(2.,26.571747030429));
#5066 = ( GEOMETRIC_REPRESENTATION_CONTEXT(2) 
PARAMETRIC_REPRESENTATION_CONTEXT() REPRESENTATION_CONTEXT('2D SPACE',''
  ) );
#5067 = ADVANCED_FACE('',(#5068),#3069,.F.);
#5068 = FACE_BOUND('',#5069,.F.);
#5069 = EDGE_LOOP('',(#5070,#5090,#5115,#5133));
#5070 = ORIENTED_EDGE('',*,*,#5071,.F.);
#5071 = EDGE_CURVE('',#5072,#3055,#5074,.T.);
#5072 = VERTEX_POINT('',#5073);
#5073 = CARTESIAN_POINT('',(144.93183748919,182.,14.596591500434));
#5074 = SURFACE_CURVE('',#5075,(#5078,#5084),.PCURVE_S1.);
#5075 = B_SPLINE_CURVE_WITH_KNOTS('',1,(#5076,#5077),.UNSPECIFIED.,.F.,
  .F.,(2,2),(0.,11.596591500434),.PIECEWISE_BEZIER_KNOTS.);
#5076 = CARTESIAN_POINT('',(144.93183748919,182.,14.596591500434));
#5077 = CARTESIAN_POINT('',(144.93183748919,182.,3.));
#5078 = PCURVE('',#3069,#5079);
#5079 = DEFINITIONAL_REPRESENTATION('',(#5080),#5083);
#5080 = B_SPLINE_CURVE_WITH_KNOTS('',1,(#5081,#5082),.UNSPECIFIED.,.F.,
  .F.,(2,2),(0.,11.596591500434),.PIECEWISE_BEZIER_KNOTS.);
#5081 = CARTESIAN_POINT('',(7.298295750217,-2.));
#5082 = CARTESIAN_POINT('',(-4.298295750217,-2.));
#5083 = ( GEOMETRIC_REPRESENTATION_CONTEXT(2) 
PARAMETRIC_REPRESENTATION_CONTEXT() REPRESENTATION_CONTEXT('2D SPACE',''
  ) );
#5084 = PCURVE('',#3217,#5085);
#5085 = DEFINITIONAL_REPRESENTATION('',(#5086),#5089);
#5086 = B_SPLINE_CURVE_WITH_KNOTS('',1,(#5087,#5088),.UNSPECIFIED.,.F.,
  .F.,(2,2),(0.,11.596591500434),.PIECEWISE_BEZIER_KNOTS.);
#5087 = CARTESIAN_POINT('',(-7.298295750217,-35.0681625108));
#5088 = CARTESIAN_POINT('',(4.298295750217,-35.0681625108));
#5089 = ( GEOMETRIC_REPRESENTATION_CONTEXT(2) 
PARAMETRIC_REPRESENTATION_CONTEXT() REPRESENTATION_CONTEXT('2D SPACE',''
  ) );
#5090 = ORIENTED_EDGE('',*,*,#5091,.T.);
#5091 = EDGE_CURVE('',#5072,#5092,#5094,.T.);
#5092 = VERTEX_POINT('',#5093);
#5093 = CARTESIAN_POINT('',(144.93183748919,178.,14.596591500434));
#5094 = SURFACE_CURVE('',#5095,(#5098,#5104),.PCURVE_S1.);
#5095 = B_SPLINE_CURVE_WITH_KNOTS('',1,(#5096,#5097),.UNSPECIFIED.,.F.,
  .F.,(2,2),(0.,4.),.PIECEWISE_BEZIER_KNOTS.);
#5096 = CARTESIAN_POINT('',(144.93183748919,182.,14.596591500434));
#5097 = CARTESIAN_POINT('',(144.93183748919,178.,14.596591500434));
#5098 = PCURVE('',#3069,#5099);
#5099 = DEFINITIONAL_REPRESENTATION('',(#5100),#5103);
#5100 = B_SPLINE_CURVE_WITH_KNOTS('',1,(#5101,#5102),.UNSPECIFIED.,.F.,
  .F.,(2,2),(0.,4.),.PIECEWISE_BEZIER_KNOTS.);
#5101 = CARTESIAN_POINT('',(7.298295750217,-2.));
#5102 = CARTESIAN_POINT('',(7.298295750217,2.));
#5103 = ( GEOMETRIC_REPRESENTATION_CONTEXT(2) 
PARAMETRIC_REPRESENTATION_CONTEXT() REPRESENTATION_CONTEXT('2D SPACE',''
  ) );
#5104 = PCURVE('',#5105,#5110);
#5105 = B_SPLINE_SURFACE_WITH_KNOTS('',1,1,(
    (#5106,#5107)
    ,(#5108,#5109
    )),.UNSPECIFIED.,.F.,.F.,.F.,(2,2),(2,2),(-35.0681625108,
    35.068162510804),(-2.,31.561346259724),.PIECEWISE_BEZIER_KNOTS.);
#5106 = CARTESIAN_POINT('',(144.93183748919,178.,14.596591500434));
#5107 = CARTESIAN_POINT('',(144.93183748919,211.56134625972,
    14.596591500434));
#5108 = CARTESIAN_POINT('',(215.0681625108,178.,14.596591500434));
#5109 = CARTESIAN_POINT('',(215.0681625108,211.56134625972,
    14.596591500434));
#5110 = DEFINITIONAL_REPRESENTATION('',(#5111),#5114);
#5111 = B_SPLINE_CURVE_WITH_KNOTS('',1,(#5112,#5113),.UNSPECIFIED.,.F.,
  .F.,(2,2),(0.,4.),.PIECEWISE_BEZIER_KNOTS.);
#5112 = CARTESIAN_POINT('',(-35.0681625108,2.));
#5113 = CARTESIAN_POINT('',(-35.0681625108,-2.));
#5114 = ( GEOMETRIC_REPRESENTATION_CONTEXT(2) 
PARAMETRIC_REPRESENTATION_CONTEXT() REPRESENTATION_CONTEXT('2D SPACE',''
  ) );
#5115 = ORIENTED_EDGE('',*,*,#5116,.T.);
#5116 = EDGE_CURVE('',#5092,#3010,#5117,.T.);
#5117 = SURFACE_CURVE('',#5118,(#5121,#5127),.PCURVE_S1.);
#5118 = B_SPLINE_CURVE_WITH_KNOTS('',1,(#5119,#5120),.UNSPECIFIED.,.F.,
  .F.,(2,2),(0.,11.596591500434),.PIECEWISE_BEZIER_KNOTS.);
#5119 = CARTESIAN_POINT('',(144.93183748919,178.,14.596591500434));
#5120 = CARTESIAN_POINT('',(144.93183748919,178.,3.));
#5121 = PCURVE('',#3069,#5122);
#5122 = DEFINITIONAL_REPRESENTATION('',(#5123),#5126);
#5123 = B_SPLINE_CURVE_WITH_KNOTS('',1,(#5124,#5125),.UNSPECIFIED.,.F.,
  .F.,(2,2),(0.,11.596591500434),.PIECEWISE_BEZIER_KNOTS.);
#5124 = CARTESIAN_POINT('',(7.298295750217,2.));
#5125 = CARTESIAN_POINT('',(-4.298295750217,2.));
#5126 = ( GEOMETRIC_REPRESENTATION_CONTEXT(2) 
PARAMETRIC_REPRESENTATION_CONTEXT() REPRESENTATION_CONTEXT('2D SPACE',''
  ) );
#5127 = PCURVE('',#3143,#5128);
#5128 = DEFINITIONAL_REPRESENTATION('',(#5129),#5132);
#5129 = B_SPLINE_CURVE_WITH_KNOTS('',1,(#5130,#5131),.UNSPECIFIED.,.F.,
  .F.,(2,2),(0.,11.596591500434),.PIECEWISE_BEZIER_KNOTS.);
#5130 = CARTESIAN_POINT('',(-7.298295750217,-35.0681625108));
#5131 = CARTESIAN_POINT('',(4.298295750217,-35.0681625108));
#5132 = ( GEOMETRIC_REPRESENTATION_CONTEXT(2) 
PARAMETRIC_REPRESENTATION_CONTEXT() REPRESENTATION_CONTEXT('2D SPACE',''
  ) );
#5133 = ORIENTED_EDGE('',*,*,#3054,.T.);
#5134 = ADVANCED_FACE('',(#5135),#3143,.T.);
#5135 = FACE_BOUND('',#5136,.T.);
#5136 = EDGE_LOOP('',(#5137,#5138,#5139,#5159));
#5137 = ORIENTED_EDGE('',*,*,#5116,.T.);
#5138 = ORIENTED_EDGE('',*,*,#3128,.T.);
#5139 = ORIENTED_EDGE('',*,*,#5140,.T.);
#5140 = EDGE_CURVE('',#3129,#5141,#5143,.T.);
#5141 = VERTEX_POINT('',#5142);
#5142 = CARTESIAN_POINT('',(215.0681625108,178.,14.596591500434));
#5143 = SURFACE_CURVE('',#5144,(#5147,#5153),.PCURVE_S1.);
#5144 = B_SPLINE_CURVE_WITH_KNOTS('',1,(#5145,#5146),.UNSPECIFIED.,.F.,
  .F.,(2,2),(3.,14.596591500434),.PIECEWISE_BEZIER_KNOTS.);
#5145 = CARTESIAN_POINT('',(215.0681625108,178.,3.));
#5146 = CARTESIAN_POINT('',(215.0681625108,178.,14.596591500434));
#5147 = PCURVE('',#3143,#5148);
#5148 = DEFINITIONAL_REPRESENTATION('',(#5149),#5152);
#5149 = B_SPLINE_CURVE_WITH_KNOTS('',1,(#5150,#5151),.UNSPECIFIED.,.F.,
  .F.,(2,2),(3.,14.596591500434),.PIECEWISE_BEZIER_KNOTS.);
#5150 = CARTESIAN_POINT('',(4.298295750217,35.068162510804));
#5151 = CARTESIAN_POINT('',(-7.298295750217,35.068162510804));
#5152 = ( GEOMETRIC_REPRESENTATION_CONTEXT(2) 
PARAMETRIC_REPRESENTATION_CONTEXT() REPRESENTATION_CONTEXT('2D SPACE',''
  ) );
#5153 = PCURVE('',#3279,#5154);
#5154 = DEFINITIONAL_REPRESENTATION('',(#5155),#5158);
#5155 = B_SPLINE_CURVE_WITH_KNOTS('',1,(#5156,#5157),.UNSPECIFIED.,.F.,
  .F.,(2,2),(3.,14.596591500434),.PIECEWISE_BEZIER_KNOTS.);
#5156 = CARTESIAN_POINT('',(-4.298295750217,2.));
#5157 = CARTESIAN_POINT('',(7.298295750217,2.));
#5158 = ( GEOMETRIC_REPRESENTATION_CONTEXT(2) 
PARAMETRIC_REPRESENTATION_CONTEXT() REPRESENTATION_CONTEXT('2D SPACE',''
  ) );
#5159 = ORIENTED_EDGE('',*,*,#5160,.T.);
#5160 = EDGE_CURVE('',#5141,#5092,#5161,.T.);
#5161 = SURFACE_CURVE('',#5162,(#5165,#5171),.PCURVE_S1.);
#5162 = B_SPLINE_CURVE_WITH_KNOTS('',1,(#5163,#5164),.UNSPECIFIED.,.F.,
  .F.,(2,2),(0.,70.136325021609),.PIECEWISE_BEZIER_KNOTS.);
#5163 = CARTESIAN_POINT('',(215.0681625108,178.,14.596591500434));
#5164 = CARTESIAN_POINT('',(144.93183748919,178.,14.596591500434));
#5165 = PCURVE('',#3143,#5166);
#5166 = DEFINITIONAL_REPRESENTATION('',(#5167),#5170);
#5167 = B_SPLINE_CURVE_WITH_KNOTS('',1,(#5168,#5169),.UNSPECIFIED.,.F.,
  .F.,(2,2),(0.,70.136325021609),.PIECEWISE_BEZIER_KNOTS.);
#5168 = CARTESIAN_POINT('',(-7.298295750217,35.068162510804));
#5169 = CARTESIAN_POINT('',(-7.298295750217,-35.0681625108));
#5170 = ( GEOMETRIC_REPRESENTATION_CONTEXT(2) 
PARAMETRIC_REPRESENTATION_CONTEXT() REPRESENTATION_CONTEXT('2D SPACE',''
  ) );
#5171 = PCURVE('',#5105,#5172);
#5172 = DEFINITIONAL_REPRESENTATION('',(#5173),#5176);
#5173 = B_SPLINE_CURVE_WITH_KNOTS('',1,(#5174,#5175),.UNSPECIFIED.,.F.,
  .F.,(2,2),(0.,70.136325021609),.PIECEWISE_BEZIER_KNOTS.);
#5174 = CARTESIAN_POINT('',(35.068162510804,-2.));
#5175 = CARTESIAN_POINT('',(-35.0681625108,-2.));
#5176 = ( GEOMETRIC_REPRESENTATION_CONTEXT(2) 
PARAMETRIC_REPRESENTATION_CONTEXT() REPRESENTATION_CONTEXT('2D SPACE',''
  ) );
#5177 = ADVANCED_FACE('',(#5178),#3217,.F.);
#5178 = FACE_BOUND('',#5179,.F.);
#5179 = EDGE_LOOP('',(#5180,#5181,#5182,#5210));
#5180 = ORIENTED_EDGE('',*,*,#5071,.T.);
#5181 = ORIENTED_EDGE('',*,*,#3202,.T.);
#5182 = ORIENTED_EDGE('',*,*,#5183,.T.);
#5183 = EDGE_CURVE('',#3203,#5184,#5186,.T.);
#5184 = VERTEX_POINT('',#5185);
#5185 = CARTESIAN_POINT('',(177.,182.,14.596591500434));
#5186 = SURFACE_CURVE('',#5187,(#5190,#5196),.PCURVE_S1.);
#5187 = B_SPLINE_CURVE_WITH_KNOTS('',1,(#5188,#5189),.UNSPECIFIED.,.F.,
  .F.,(2,2),(1.,12.596591500434),.PIECEWISE_BEZIER_KNOTS.);
#5188 = CARTESIAN_POINT('',(177.,182.,3.));
#5189 = CARTESIAN_POINT('',(177.,182.,14.596591500434));
#5190 = PCURVE('',#3217,#5191);
#5191 = DEFINITIONAL_REPRESENTATION('',(#5192),#5195);
#5192 = B_SPLINE_CURVE_WITH_KNOTS('',1,(#5193,#5194),.UNSPECIFIED.,.F.,
  .F.,(2,2),(1.,12.596591500434),.PIECEWISE_BEZIER_KNOTS.);
#5193 = CARTESIAN_POINT('',(4.298295750217,-3.));
#5194 = CARTESIAN_POINT('',(-7.298295750217,-3.));
#5195 = ( GEOMETRIC_REPRESENTATION_CONTEXT(2) 
PARAMETRIC_REPRESENTATION_CONTEXT() REPRESENTATION_CONTEXT('2D SPACE',''
  ) );
#5196 = PCURVE('',#5197,#5204);
#5197 = ( BOUNDED_SURFACE() B_SPLINE_SURFACE(2,1,(
    (#5198,#5199)
    ,(#5200,#5201)
    ,(#5202,#5203
)),.UNSPECIFIED.,.F.,.F.,.F.) B_SPLINE_SURFACE_WITH_KNOTS((3,3),(2,2),(
    0.,1.570796326795),(1.,12.596591500434),.PIECEWISE_BEZIER_KNOTS.) 
GEOMETRIC_REPRESENTATION_ITEM() RATIONAL_B_SPLINE_SURFACE((
    (1.,1.)
    ,(0.707106781187,0.707106781187)
,(1.,1.))) REPRESENTATION_ITEM('') SURFACE() );
#5198 = CARTESIAN_POINT('',(178.,183.,3.));
#5199 = CARTESIAN_POINT('',(178.,183.,14.596591500434));
#5200 = CARTESIAN_POINT('',(178.,182.,3.));
#5201 = CARTESIAN_POINT('',(178.,182.,14.596591500434));
#5202 = CARTESIAN_POINT('',(177.,182.,3.));
#5203 = CARTESIAN_POINT('',(177.,182.,14.596591500434));
#5204 = DEFINITIONAL_REPRESENTATION('',(#5205),#5209);
#5205 = B_SPLINE_CURVE_WITH_KNOTS('',2,(#5206,#5207,#5208),
  .UNSPECIFIED.,.F.,.F.,(3,3),(1.,12.596591500434),
  .PIECEWISE_BEZIER_KNOTS.);
#5206 = CARTESIAN_POINT('',(1.570796326795,1.));
#5207 = CARTESIAN_POINT('',(1.570796326795,6.798295750217));
#5208 = CARTESIAN_POINT('',(1.570796326795,12.596591500434));
#5209 = ( GEOMETRIC_REPRESENTATION_CONTEXT(2) 
PARAMETRIC_REPRESENTATION_CONTEXT() REPRESENTATION_CONTEXT('2D SPACE',''
  ) );
#5210 = ORIENTED_EDGE('',*,*,#5211,.T.);
#5211 = EDGE_CURVE('',#5184,#5072,#5212,.T.);
#5212 = SURFACE_CURVE('',#5213,(#5216,#5222),.PCURVE_S1.);
#5213 = B_SPLINE_CURVE_WITH_KNOTS('',1,(#5214,#5215),.UNSPECIFIED.,.F.,
  .F.,(2,2),(38.068162510804,70.136325021609),.PIECEWISE_BEZIER_KNOTS.);
#5214 = CARTESIAN_POINT('',(177.,182.,14.596591500434));
#5215 = CARTESIAN_POINT('',(144.93183748919,182.,14.596591500434));
#5216 = PCURVE('',#3217,#5217);
#5217 = DEFINITIONAL_REPRESENTATION('',(#5218),#5221);
#5218 = B_SPLINE_CURVE_WITH_KNOTS('',1,(#5219,#5220),.UNSPECIFIED.,.F.,
  .F.,(2,2),(38.068162510804,70.136325021609),.PIECEWISE_BEZIER_KNOTS.);
#5219 = CARTESIAN_POINT('',(-7.298295750217,-3.));
#5220 = CARTESIAN_POINT('',(-7.298295750217,-35.0681625108));
#5221 = ( GEOMETRIC_REPRESENTATION_CONTEXT(2) 
PARAMETRIC_REPRESENTATION_CONTEXT() REPRESENTATION_CONTEXT('2D SPACE',''
  ) );
#5222 = PCURVE('',#5105,#5223);
#5223 = DEFINITIONAL_REPRESENTATION('',(#5224),#5227);
#5224 = B_SPLINE_CURVE_WITH_KNOTS('',1,(#5225,#5226),.UNSPECIFIED.,.F.,
  .F.,(2,2),(38.068162510804,70.136325021609),.PIECEWISE_BEZIER_KNOTS.);
#5225 = CARTESIAN_POINT('',(-3.,2.));
#5226 = CARTESIAN_POINT('',(-35.0681625108,2.));
#5227 = ( GEOMETRIC_REPRESENTATION_CONTEXT(2) 
PARAMETRIC_REPRESENTATION_CONTEXT() REPRESENTATION_CONTEXT('2D SPACE',''
  ) );
#5228 = ADVANCED_FACE('',(#5229),#3242,.F.);
#5229 = FACE_BOUND('',#5230,.F.);
#5230 = EDGE_LOOP('',(#5231,#5232,#5253));
#5231 = ORIENTED_EDGE('',*,*,#3337,.F.);
#5232 = ORIENTED_EDGE('',*,*,#5233,.T.);
#5233 = EDGE_CURVE('',#3338,#3203,#5234,.T.);
#5234 = SURFACE_CURVE('',#5235,(#5239,#5246),.PCURVE_S1.);
#5235 = ( BOUNDED_CURVE() B_SPLINE_CURVE(2,(#5236,#5237,#5238),
.UNSPECIFIED.,.F.,.F.) B_SPLINE_CURVE_WITH_KNOTS((3,3),(4.712388980385,
6.28318530718),.PIECEWISE_BEZIER_KNOTS.) CURVE() 
GEOMETRIC_REPRESENTATION_ITEM() RATIONAL_B_SPLINE_CURVE((1.,
0.707106781187,1.)) REPRESENTATION_ITEM('') );
#5236 = CARTESIAN_POINT('',(178.,183.,3.));
#5237 = CARTESIAN_POINT('',(178.,182.,3.));
#5238 = CARTESIAN_POINT('',(177.,182.,3.));
#5239 = PCURVE('',#3242,#5240);
#5240 = DEFINITIONAL_REPRESENTATION('',(#5241),#5245);
#5241 = B_SPLINE_CURVE_WITH_KNOTS('',2,(#5242,#5243,#5244),
  .UNSPECIFIED.,.F.,.F.,(3,3),(4.712388980385,6.28318530718),
  .PIECEWISE_BEZIER_KNOTS.);
#5242 = CARTESIAN_POINT('',(1.570796326795,-1.570796326795));
#5243 = CARTESIAN_POINT('',(1.570796326795,-0.785398163398));
#5244 = CARTESIAN_POINT('',(1.570796326795,6.668987762961E-14));
#5245 = ( GEOMETRIC_REPRESENTATION_CONTEXT(2) 
PARAMETRIC_REPRESENTATION_CONTEXT() REPRESENTATION_CONTEXT('2D SPACE',''
  ) );
#5246 = PCURVE('',#5197,#5247);
#5247 = DEFINITIONAL_REPRESENTATION('',(#5248),#5252);
#5248 = B_SPLINE_CURVE_WITH_KNOTS('',2,(#5249,#5250,#5251),
  .UNSPECIFIED.,.F.,.F.,(3,3),(4.712388980385,6.28318530718),
  .PIECEWISE_BEZIER_KNOTS.);
#5249 = CARTESIAN_POINT('',(0.,1.));
#5250 = CARTESIAN_POINT('',(0.785398163398,1.));
#5251 = CARTESIAN_POINT('',(1.570796326795,1.));
#5252 = ( GEOMETRIC_REPRESENTATION_CONTEXT(2) 
PARAMETRIC_REPRESENTATION_CONTEXT() REPRESENTATION_CONTEXT('2D SPACE',''
  ) );
#5253 = ORIENTED_EDGE('',*,*,#3228,.F.);
#5254 = ADVANCED_FACE('',(#5255),#3279,.T.);
#5255 = FACE_BOUND('',#5256,.T.);
#5256 = EDGE_LOOP('',(#5257,#5258,#5259,#5279));
#5257 = ORIENTED_EDGE('',*,*,#5140,.F.);
#5258 = ORIENTED_EDGE('',*,*,#3264,.T.);
#5259 = ORIENTED_EDGE('',*,*,#5260,.T.);
#5260 = EDGE_CURVE('',#3265,#5261,#5263,.T.);
#5261 = VERTEX_POINT('',#5262);
#5262 = CARTESIAN_POINT('',(215.0681625108,182.,14.596591500434));
#5263 = SURFACE_CURVE('',#5264,(#5267,#5273),.PCURVE_S1.);
#5264 = B_SPLINE_CURVE_WITH_KNOTS('',1,(#5265,#5266),.UNSPECIFIED.,.F.,
  .F.,(2,2),(3.,14.596591500434),.PIECEWISE_BEZIER_KNOTS.);
#5265 = CARTESIAN_POINT('',(215.0681625108,182.,3.));
#5266 = CARTESIAN_POINT('',(215.0681625108,182.,14.596591500434));
#5267 = PCURVE('',#3279,#5268);
#5268 = DEFINITIONAL_REPRESENTATION('',(#5269),#5272);
#5269 = B_SPLINE_CURVE_WITH_KNOTS('',1,(#5270,#5271),.UNSPECIFIED.,.F.,
  .F.,(2,2),(3.,14.596591500434),.PIECEWISE_BEZIER_KNOTS.);
#5270 = CARTESIAN_POINT('',(-4.298295750217,-2.));
#5271 = CARTESIAN_POINT('',(7.298295750217,-2.));
#5272 = ( GEOMETRIC_REPRESENTATION_CONTEXT(2) 
PARAMETRIC_REPRESENTATION_CONTEXT() REPRESENTATION_CONTEXT('2D SPACE',''
  ) );
#5273 = PCURVE('',#3479,#5274);
#5274 = DEFINITIONAL_REPRESENTATION('',(#5275),#5278);
#5275 = B_SPLINE_CURVE_WITH_KNOTS('',1,(#5276,#5277),.UNSPECIFIED.,.F.,
  .F.,(2,2),(3.,14.596591500434),.PIECEWISE_BEZIER_KNOTS.);
#5276 = CARTESIAN_POINT('',(4.298295750217,35.068162510804));
#5277 = CARTESIAN_POINT('',(-7.298295750217,35.068162510804));
#5278 = ( GEOMETRIC_REPRESENTATION_CONTEXT(2) 
PARAMETRIC_REPRESENTATION_CONTEXT() REPRESENTATION_CONTEXT('2D SPACE',''
  ) );
#5279 = ORIENTED_EDGE('',*,*,#5280,.T.);
#5280 = EDGE_CURVE('',#5261,#5141,#5281,.T.);
#5281 = SURFACE_CURVE('',#5282,(#5285,#5291),.PCURVE_S1.);
#5282 = B_SPLINE_CURVE_WITH_KNOTS('',1,(#5283,#5284),.UNSPECIFIED.,.F.,
  .F.,(2,2),(0.,4.),.PIECEWISE_BEZIER_KNOTS.);
#5283 = CARTESIAN_POINT('',(215.0681625108,182.,14.596591500434));
#5284 = CARTESIAN_POINT('',(215.0681625108,178.,14.596591500434));
#5285 = PCURVE('',#3279,#5286);
#5286 = DEFINITIONAL_REPRESENTATION('',(#5287),#5290);
#5287 = B_SPLINE_CURVE_WITH_KNOTS('',1,(#5288,#5289),.UNSPECIFIED.,.F.,
  .F.,(2,2),(0.,4.),.PIECEWISE_BEZIER_KNOTS.);
#5288 = CARTESIAN_POINT('',(7.298295750217,-2.));
#5289 = CARTESIAN_POINT('',(7.298295750217,2.));
#5290 = ( GEOMETRIC_REPRESENTATION_CONTEXT(2) 
PARAMETRIC_REPRESENTATION_CONTEXT() REPRESENTATION_CONTEXT('2D SPACE',''
  ) );
#5291 = PCURVE('',#5105,#5292);
#5292 = DEFINITIONAL_REPRESENTATION('',(#5293),#5296);
#5293 = B_SPLINE_CURVE_WITH_KNOTS('',1,(#5294,#5295),.UNSPECIFIED.,.F.,
  .F.,(2,2),(0.,4.),.PIECEWISE_BEZIER_KNOTS.);
#5294 = CARTESIAN_POINT('',(35.068162510804,2.));
#5295 = CARTESIAN_POINT('',(35.068162510804,-2.));
#5296 = ( GEOMETRIC_REPRESENTATION_CONTEXT(2) 
PARAMETRIC_REPRESENTATION_CONTEXT() REPRESENTATION_CONTEXT('2D SPACE',''
  ) );
#5297 = ADVANCED_FACE('',(#5298),#3375,.F.);
#5298 = FACE_BOUND('',#5299,.F.);
#5299 = EDGE_LOOP('',(#5300,#5322,#5341,#5342));
#5300 = ORIENTED_EDGE('',*,*,#5301,.T.);
#5301 = EDGE_CURVE('',#5302,#5304,#5306,.T.);
#5302 = VERTEX_POINT('',#5303);
#5303 = CARTESIAN_POINT('',(178.,211.56134625972,14.596591500434));
#5304 = VERTEX_POINT('',#5305);
#5305 = CARTESIAN_POINT('',(178.,183.,14.596591500434));
#5306 = SURFACE_CURVE('',#5307,(#5310,#5316),.PCURVE_S1.);
#5307 = B_SPLINE_CURVE_WITH_KNOTS('',1,(#5308,#5309),.UNSPECIFIED.,.F.,
  .F.,(2,2),(0.,28.561346259724),.PIECEWISE_BEZIER_KNOTS.);
#5308 = CARTESIAN_POINT('',(178.,211.56134625972,14.596591500434));
#5309 = CARTESIAN_POINT('',(178.,183.,14.596591500434));
#5310 = PCURVE('',#3375,#5311);
#5311 = DEFINITIONAL_REPRESENTATION('',(#5312),#5315);
#5312 = B_SPLINE_CURVE_WITH_KNOTS('',1,(#5313,#5314),.UNSPECIFIED.,.F.,
  .F.,(2,2),(0.,28.561346259724),.PIECEWISE_BEZIER_KNOTS.);
#5313 = CARTESIAN_POINT('',(7.298295750217,-15.78067312986));
#5314 = CARTESIAN_POINT('',(7.298295750217,12.780673129862));
#5315 = ( GEOMETRIC_REPRESENTATION_CONTEXT(2) 
PARAMETRIC_REPRESENTATION_CONTEXT() REPRESENTATION_CONTEXT('2D SPACE',''
  ) );
#5316 = PCURVE('',#5105,#5317);
#5317 = DEFINITIONAL_REPRESENTATION('',(#5318),#5321);
#5318 = B_SPLINE_CURVE_WITH_KNOTS('',1,(#5319,#5320),.UNSPECIFIED.,.F.,
  .F.,(2,2),(0.,28.561346259724),.PIECEWISE_BEZIER_KNOTS.);
#5319 = CARTESIAN_POINT('',(-2.,31.561346259724));
#5320 = CARTESIAN_POINT('',(-2.,3.));
#5321 = ( GEOMETRIC_REPRESENTATION_CONTEXT(2) 
PARAMETRIC_REPRESENTATION_CONTEXT() REPRESENTATION_CONTEXT('2D SPACE',''
  ) );
#5322 = ORIENTED_EDGE('',*,*,#5323,.F.);
#5323 = EDGE_CURVE('',#3338,#5304,#5324,.T.);
#5324 = SURFACE_CURVE('',#5325,(#5328,#5334),.PCURVE_S1.);
#5325 = B_SPLINE_CURVE_WITH_KNOTS('',1,(#5326,#5327),.UNSPECIFIED.,.F.,
  .F.,(2,2),(1.,12.596591500434),.PIECEWISE_BEZIER_KNOTS.);
#5326 = CARTESIAN_POINT('',(178.,183.,3.));
#5327 = CARTESIAN_POINT('',(178.,183.,14.596591500434));
#5328 = PCURVE('',#3375,#5329);
#5329 = DEFINITIONAL_REPRESENTATION('',(#5330),#5333);
#5330 = B_SPLINE_CURVE_WITH_KNOTS('',1,(#5331,#5332),.UNSPECIFIED.,.F.,
  .F.,(2,2),(1.,12.596591500434),.PIECEWISE_BEZIER_KNOTS.);
#5331 = CARTESIAN_POINT('',(-4.298295750217,12.780673129862));
#5332 = CARTESIAN_POINT('',(7.298295750217,12.780673129862));
#5333 = ( GEOMETRIC_REPRESENTATION_CONTEXT(2) 
PARAMETRIC_REPRESENTATION_CONTEXT() REPRESENTATION_CONTEXT('2D SPACE',''
  ) );
#5334 = PCURVE('',#5197,#5335);
#5335 = DEFINITIONAL_REPRESENTATION('',(#5336),#5340);
#5336 = B_SPLINE_CURVE_WITH_KNOTS('',2,(#5337,#5338,#5339),
  .UNSPECIFIED.,.F.,.F.,(3,3),(1.,12.596591500434),
  .PIECEWISE_BEZIER_KNOTS.);
#5337 = CARTESIAN_POINT('',(0.,1.));
#5338 = CARTESIAN_POINT('',(0.,6.798295750217));
#5339 = CARTESIAN_POINT('',(0.,12.596591500434));
#5340 = ( GEOMETRIC_REPRESENTATION_CONTEXT(2) 
PARAMETRIC_REPRESENTATION_CONTEXT() REPRESENTATION_CONTEXT('2D SPACE',''
  ) );
#5341 = ORIENTED_EDGE('',*,*,#3360,.T.);
#5342 = ORIENTED_EDGE('',*,*,#5343,.T.);
#5343 = EDGE_CURVE('',#3361,#5302,#5344,.T.);
#5344 = SURFACE_CURVE('',#5345,(#5348,#5354),.PCURVE_S1.);
#5345 = B_SPLINE_CURVE_WITH_KNOTS('',1,(#5346,#5347),.UNSPECIFIED.,.F.,
  .F.,(2,2),(3.,14.596591500434),.PIECEWISE_BEZIER_KNOTS.);
#5346 = CARTESIAN_POINT('',(178.,211.56134625972,3.));
#5347 = CARTESIAN_POINT('',(178.,211.56134625972,14.596591500434));
#5348 = PCURVE('',#3375,#5349);
#5349 = DEFINITIONAL_REPRESENTATION('',(#5350),#5353);
#5350 = B_SPLINE_CURVE_WITH_KNOTS('',1,(#5351,#5352),.UNSPECIFIED.,.F.,
  .F.,(2,2),(3.,14.596591500434),.PIECEWISE_BEZIER_KNOTS.);
#5351 = CARTESIAN_POINT('',(-4.298295750217,-15.78067312986));
#5352 = CARTESIAN_POINT('',(7.298295750217,-15.78067312986));
#5353 = ( GEOMETRIC_REPRESENTATION_CONTEXT(2) 
PARAMETRIC_REPRESENTATION_CONTEXT() REPRESENTATION_CONTEXT('2D SPACE',''
  ) );
#5354 = PCURVE('',#3553,#5355);
#5355 = DEFINITIONAL_REPRESENTATION('',(#5356),#5359);
#5356 = B_SPLINE_CURVE_WITH_KNOTS('',1,(#5357,#5358),.UNSPECIFIED.,.F.,
  .F.,(2,2),(3.,14.596591500434),.PIECEWISE_BEZIER_KNOTS.);
#5357 = CARTESIAN_POINT('',(-4.298295750217,-2.));
#5358 = CARTESIAN_POINT('',(7.298295750217,-2.));
#5359 = ( GEOMETRIC_REPRESENTATION_CONTEXT(2) 
PARAMETRIC_REPRESENTATION_CONTEXT() REPRESENTATION_CONTEXT('2D SPACE',''
  ) );
#5360 = ADVANCED_FACE('',(#5361),#3449,.F.);
#5361 = FACE_BOUND('',#5362,.F.);
#5362 = EDGE_LOOP('',(#5363,#5364,#5392));
#5363 = ORIENTED_EDGE('',*,*,#3433,.F.);
#5364 = ORIENTED_EDGE('',*,*,#5365,.T.);
#5365 = EDGE_CURVE('',#3434,#3571,#5366,.T.);
#5366 = SURFACE_CURVE('',#5367,(#5371,#5378),.PCURVE_S1.);
#5367 = ( BOUNDED_CURVE() B_SPLINE_CURVE(2,(#5368,#5369,#5370),
.UNSPECIFIED.,.F.,.F.) B_SPLINE_CURVE_WITH_KNOTS((3,3),(4.712388980385,
6.28318530718),.PIECEWISE_BEZIER_KNOTS.) CURVE() 
GEOMETRIC_REPRESENTATION_ITEM() RATIONAL_B_SPLINE_CURVE((1.,
0.707106781187,1.)) REPRESENTATION_ITEM('') );
#5368 = CARTESIAN_POINT('',(183.,182.,3.));
#5369 = CARTESIAN_POINT('',(182.,182.,3.));
#5370 = CARTESIAN_POINT('',(182.,183.,3.));
#5371 = PCURVE('',#3449,#5372);
#5372 = DEFINITIONAL_REPRESENTATION('',(#5373),#5377);
#5373 = B_SPLINE_CURVE_WITH_KNOTS('',2,(#5374,#5375,#5376),
  .UNSPECIFIED.,.F.,.F.,(3,3),(4.712388980385,6.28318530718),
  .PIECEWISE_BEZIER_KNOTS.);
#5374 = CARTESIAN_POINT('',(1.570796326795,-1.570796326795));
#5375 = CARTESIAN_POINT('',(1.570796326795,-0.785398163398));
#5376 = CARTESIAN_POINT('',(1.570796326795,-2.801586829661E-14));
#5377 = ( GEOMETRIC_REPRESENTATION_CONTEXT(2) 
PARAMETRIC_REPRESENTATION_CONTEXT() REPRESENTATION_CONTEXT('2D SPACE',''
  ) );
#5378 = PCURVE('',#5379,#5386);
#5379 = ( BOUNDED_SURFACE() B_SPLINE_SURFACE(2,1,(
    (#5380,#5381)
    ,(#5382,#5383)
    ,(#5384,#5385
)),.UNSPECIFIED.,.F.,.F.,.F.) B_SPLINE_SURFACE_WITH_KNOTS((3,3),(2,2),(
    0.,1.570796326795),(1.,12.596591500434),.PIECEWISE_BEZIER_KNOTS.) 
GEOMETRIC_REPRESENTATION_ITEM() RATIONAL_B_SPLINE_SURFACE((
    (1.,1.)
    ,(0.707106781187,0.707106781187)
,(1.,1.))) REPRESENTATION_ITEM('') SURFACE() );
#5380 = CARTESIAN_POINT('',(183.,182.,3.));
#5381 = CARTESIAN_POINT('',(183.,182.,14.596591500434));
#5382 = CARTESIAN_POINT('',(182.,182.,3.));
#5383 = CARTESIAN_POINT('',(182.,182.,14.596591500434));
#5384 = CARTESIAN_POINT('',(182.,183.,3.));
#5385 = CARTESIAN_POINT('',(182.,183.,14.596591500434));
#5386 = DEFINITIONAL_REPRESENTATION('',(#5387),#5391);
#5387 = B_SPLINE_CURVE_WITH_KNOTS('',2,(#5388,#5389,#5390),
  .UNSPECIFIED.,.F.,.F.,(3,3),(4.712388980385,6.28318530718),
  .PIECEWISE_BEZIER_KNOTS.);
#5388 = CARTESIAN_POINT('',(0.,1.));
#5389 = CARTESIAN_POINT('',(0.785398163397,1.));
#5390 = CARTESIAN_POINT('',(1.570796326795,1.));
#5391 = ( GEOMETRIC_REPRESENTATION_CONTEXT(2) 
PARAMETRIC_REPRESENTATION_CONTEXT() REPRESENTATION_CONTEXT('2D SPACE',''
  ) );
#5392 = ORIENTED_EDGE('',*,*,#3570,.F.);
#5393 = ADVANCED_FACE('',(#5394),#3479,.F.);
#5394 = FACE_BOUND('',#5395,.F.);
#5395 = EDGE_LOOP('',(#5396,#5416,#5435,#5436));
#5396 = ORIENTED_EDGE('',*,*,#5397,.T.);
#5397 = EDGE_CURVE('',#5261,#5398,#5400,.T.);
#5398 = VERTEX_POINT('',#5399);
#5399 = CARTESIAN_POINT('',(183.,182.,14.596591500434));
#5400 = SURFACE_CURVE('',#5401,(#5404,#5410),.PCURVE_S1.);
#5401 = B_SPLINE_CURVE_WITH_KNOTS('',1,(#5402,#5403),.UNSPECIFIED.,.F.,
  .F.,(2,2),(0.,32.068162510804),.PIECEWISE_BEZIER_KNOTS.);
#5402 = CARTESIAN_POINT('',(215.0681625108,182.,14.596591500434));
#5403 = CARTESIAN_POINT('',(183.,182.,14.596591500434));
#5404 = PCURVE('',#3479,#5405);
#5405 = DEFINITIONAL_REPRESENTATION('',(#5406),#5409);
#5406 = B_SPLINE_CURVE_WITH_KNOTS('',1,(#5407,#5408),.UNSPECIFIED.,.F.,
  .F.,(2,2),(0.,32.068162510804),.PIECEWISE_BEZIER_KNOTS.);
#5407 = CARTESIAN_POINT('',(-7.298295750217,35.068162510804));
#5408 = CARTESIAN_POINT('',(-7.298295750217,3.));
#5409 = ( GEOMETRIC_REPRESENTATION_CONTEXT(2) 
PARAMETRIC_REPRESENTATION_CONTEXT() REPRESENTATION_CONTEXT('2D SPACE',''
  ) );
#5410 = PCURVE('',#5105,#5411);
#5411 = DEFINITIONAL_REPRESENTATION('',(#5412),#5415);
#5412 = B_SPLINE_CURVE_WITH_KNOTS('',1,(#5413,#5414),.UNSPECIFIED.,.F.,
  .F.,(2,2),(0.,32.068162510804),.PIECEWISE_BEZIER_KNOTS.);
#5413 = CARTESIAN_POINT('',(35.068162510804,2.));
#5414 = CARTESIAN_POINT('',(3.,2.));
#5415 = ( GEOMETRIC_REPRESENTATION_CONTEXT(2) 
PARAMETRIC_REPRESENTATION_CONTEXT() REPRESENTATION_CONTEXT('2D SPACE',''
  ) );
#5416 = ORIENTED_EDGE('',*,*,#5417,.F.);
#5417 = EDGE_CURVE('',#3434,#5398,#5418,.T.);
#5418 = SURFACE_CURVE('',#5419,(#5422,#5428),.PCURVE_S1.);
#5419 = B_SPLINE_CURVE_WITH_KNOTS('',1,(#5420,#5421),.UNSPECIFIED.,.F.,
  .F.,(2,2),(1.,12.596591500434),.PIECEWISE_BEZIER_KNOTS.);
#5420 = CARTESIAN_POINT('',(183.,182.,3.));
#5421 = CARTESIAN_POINT('',(183.,182.,14.596591500434));
#5422 = PCURVE('',#3479,#5423);
#5423 = DEFINITIONAL_REPRESENTATION('',(#5424),#5427);
#5424 = B_SPLINE_CURVE_WITH_KNOTS('',1,(#5425,#5426),.UNSPECIFIED.,.F.,
  .F.,(2,2),(1.,12.596591500434),.PIECEWISE_BEZIER_KNOTS.);
#5425 = CARTESIAN_POINT('',(4.298295750217,3.));
#5426 = CARTESIAN_POINT('',(-7.298295750217,3.));
#5427 = ( GEOMETRIC_REPRESENTATION_CONTEXT(2) 
PARAMETRIC_REPRESENTATION_CONTEXT() REPRESENTATION_CONTEXT('2D SPACE',''
  ) );
#5428 = PCURVE('',#5379,#5429);
#5429 = DEFINITIONAL_REPRESENTATION('',(#5430),#5434);
#5430 = B_SPLINE_CURVE_WITH_KNOTS('',2,(#5431,#5432,#5433),
  .UNSPECIFIED.,.F.,.F.,(3,3),(1.,12.596591500434),
  .PIECEWISE_BEZIER_KNOTS.);
#5431 = CARTESIAN_POINT('',(0.,1.));
#5432 = CARTESIAN_POINT('',(0.,6.798295750217));
#5433 = CARTESIAN_POINT('',(0.,12.596591500434));
#5434 = ( GEOMETRIC_REPRESENTATION_CONTEXT(2) 
PARAMETRIC_REPRESENTATION_CONTEXT() REPRESENTATION_CONTEXT('2D SPACE',''
  ) );
#5435 = ORIENTED_EDGE('',*,*,#3466,.T.);
#5436 = ORIENTED_EDGE('',*,*,#5260,.T.);
#5437 = ADVANCED_FACE('',(#5438),#3553,.T.);
#5438 = FACE_BOUND('',#5439,.T.);
#5439 = EDGE_LOOP('',(#5440,#5460,#5461,#5462));
#5440 = ORIENTED_EDGE('',*,*,#5441,.F.);
#5441 = EDGE_CURVE('',#3496,#5442,#5444,.T.);
#5442 = VERTEX_POINT('',#5443);
#5443 = CARTESIAN_POINT('',(182.,211.56134625972,14.596591500434));
#5444 = SURFACE_CURVE('',#5445,(#5448,#5454),.PCURVE_S1.);
#5445 = B_SPLINE_CURVE_WITH_KNOTS('',1,(#5446,#5447),.UNSPECIFIED.,.F.,
  .F.,(2,2),(3.,14.596591500434),.PIECEWISE_BEZIER_KNOTS.);
#5446 = CARTESIAN_POINT('',(182.,211.56134625972,3.));
#5447 = CARTESIAN_POINT('',(182.,211.56134625972,14.596591500434));
#5448 = PCURVE('',#3553,#5449);
#5449 = DEFINITIONAL_REPRESENTATION('',(#5450),#5453);
#5450 = B_SPLINE_CURVE_WITH_KNOTS('',1,(#5451,#5452),.UNSPECIFIED.,.F.,
  .F.,(2,2),(3.,14.596591500434),.PIECEWISE_BEZIER_KNOTS.);
#5451 = CARTESIAN_POINT('',(-4.298295750217,2.));
#5452 = CARTESIAN_POINT('',(7.298295750217,2.));
#5453 = ( GEOMETRIC_REPRESENTATION_CONTEXT(2) 
PARAMETRIC_REPRESENTATION_CONTEXT() REPRESENTATION_CONTEXT('2D SPACE',''
  ) );
#5454 = PCURVE('',#3606,#5455);
#5455 = DEFINITIONAL_REPRESENTATION('',(#5456),#5459);
#5456 = B_SPLINE_CURVE_WITH_KNOTS('',1,(#5457,#5458),.UNSPECIFIED.,.F.,
  .F.,(2,2),(3.,14.596591500434),.PIECEWISE_BEZIER_KNOTS.);
#5457 = CARTESIAN_POINT('',(-4.298295750217,-15.78067312986));
#5458 = CARTESIAN_POINT('',(7.298295750217,-15.78067312986));
#5459 = ( GEOMETRIC_REPRESENTATION_CONTEXT(2) 
PARAMETRIC_REPRESENTATION_CONTEXT() REPRESENTATION_CONTEXT('2D SPACE',''
  ) );
#5460 = ORIENTED_EDGE('',*,*,#3540,.T.);
#5461 = ORIENTED_EDGE('',*,*,#5343,.T.);
#5462 = ORIENTED_EDGE('',*,*,#5463,.T.);
#5463 = EDGE_CURVE('',#5302,#5442,#5464,.T.);
#5464 = SURFACE_CURVE('',#5465,(#5468,#5474),.PCURVE_S1.);
#5465 = B_SPLINE_CURVE_WITH_KNOTS('',1,(#5466,#5467),.UNSPECIFIED.,.F.,
  .F.,(2,2),(0.,4.),.PIECEWISE_BEZIER_KNOTS.);
#5466 = CARTESIAN_POINT('',(178.,211.56134625972,14.596591500434));
#5467 = CARTESIAN_POINT('',(182.,211.56134625972,14.596591500434));
#5468 = PCURVE('',#3553,#5469);
#5469 = DEFINITIONAL_REPRESENTATION('',(#5470),#5473);
#5470 = B_SPLINE_CURVE_WITH_KNOTS('',1,(#5471,#5472),.UNSPECIFIED.,.F.,
  .F.,(2,2),(0.,4.),.PIECEWISE_BEZIER_KNOTS.);
#5471 = CARTESIAN_POINT('',(7.298295750217,-2.));
#5472 = CARTESIAN_POINT('',(7.298295750217,2.));
#5473 = ( GEOMETRIC_REPRESENTATION_CONTEXT(2) 
PARAMETRIC_REPRESENTATION_CONTEXT() REPRESENTATION_CONTEXT('2D SPACE',''
  ) );
#5474 = PCURVE('',#5105,#5475);
#5475 = DEFINITIONAL_REPRESENTATION('',(#5476),#5479);
#5476 = B_SPLINE_CURVE_WITH_KNOTS('',1,(#5477,#5478),.UNSPECIFIED.,.F.,
  .F.,(2,2),(0.,4.),.PIECEWISE_BEZIER_KNOTS.);
#5477 = CARTESIAN_POINT('',(-2.,31.561346259724));
#5478 = CARTESIAN_POINT('',(2.,31.561346259724));
#5479 = ( GEOMETRIC_REPRESENTATION_CONTEXT(2) 
PARAMETRIC_REPRESENTATION_CONTEXT() REPRESENTATION_CONTEXT('2D SPACE',''
  ) );
#5480 = ADVANCED_FACE('',(#5481),#3606,.T.);
#5481 = FACE_BOUND('',#5482,.T.);
#5482 = EDGE_LOOP('',(#5483,#5503,#5522,#5523));
#5483 = ORIENTED_EDGE('',*,*,#5484,.T.);
#5484 = EDGE_CURVE('',#5442,#5485,#5487,.T.);
#5485 = VERTEX_POINT('',#5486);
#5486 = CARTESIAN_POINT('',(182.,183.,14.596591500434));
#5487 = SURFACE_CURVE('',#5488,(#5491,#5497),.PCURVE_S1.);
#5488 = B_SPLINE_CURVE_WITH_KNOTS('',1,(#5489,#5490),.UNSPECIFIED.,.F.,
  .F.,(2,2),(0.,28.561346259724),.PIECEWISE_BEZIER_KNOTS.);
#5489 = CARTESIAN_POINT('',(182.,211.56134625972,14.596591500434));
#5490 = CARTESIAN_POINT('',(182.,183.,14.596591500434));
#5491 = PCURVE('',#3606,#5492);
#5492 = DEFINITIONAL_REPRESENTATION('',(#5493),#5496);
#5493 = B_SPLINE_CURVE_WITH_KNOTS('',1,(#5494,#5495),.UNSPECIFIED.,.F.,
  .F.,(2,2),(0.,28.561346259724),.PIECEWISE_BEZIER_KNOTS.);
#5494 = CARTESIAN_POINT('',(7.298295750217,-15.78067312986));
#5495 = CARTESIAN_POINT('',(7.298295750217,12.780673129862));
#5496 = ( GEOMETRIC_REPRESENTATION_CONTEXT(2) 
PARAMETRIC_REPRESENTATION_CONTEXT() REPRESENTATION_CONTEXT('2D SPACE',''
  ) );
#5497 = PCURVE('',#5105,#5498);
#5498 = DEFINITIONAL_REPRESENTATION('',(#5499),#5502);
#5499 = B_SPLINE_CURVE_WITH_KNOTS('',1,(#5500,#5501),.UNSPECIFIED.,.F.,
  .F.,(2,2),(0.,28.561346259724),.PIECEWISE_BEZIER_KNOTS.);
#5500 = CARTESIAN_POINT('',(2.,31.561346259724));
#5501 = CARTESIAN_POINT('',(2.,3.));
#5502 = ( GEOMETRIC_REPRESENTATION_CONTEXT(2) 
PARAMETRIC_REPRESENTATION_CONTEXT() REPRESENTATION_CONTEXT('2D SPACE',''
  ) );
#5503 = ORIENTED_EDGE('',*,*,#5504,.F.);
#5504 = EDGE_CURVE('',#3571,#5485,#5505,.T.);
#5505 = SURFACE_CURVE('',#5506,(#5509,#5515),.PCURVE_S1.);
#5506 = B_SPLINE_CURVE_WITH_KNOTS('',1,(#5507,#5508),.UNSPECIFIED.,.F.,
  .F.,(2,2),(1.,12.596591500434),.PIECEWISE_BEZIER_KNOTS.);
#5507 = CARTESIAN_POINT('',(182.,183.,3.));
#5508 = CARTESIAN_POINT('',(182.,183.,14.596591500434));
#5509 = PCURVE('',#3606,#5510);
#5510 = DEFINITIONAL_REPRESENTATION('',(#5511),#5514);
#5511 = B_SPLINE_CURVE_WITH_KNOTS('',1,(#5512,#5513),.UNSPECIFIED.,.F.,
  .F.,(2,2),(1.,12.596591500434),.PIECEWISE_BEZIER_KNOTS.);
#5512 = CARTESIAN_POINT('',(-4.298295750217,12.780673129862));
#5513 = CARTESIAN_POINT('',(7.298295750217,12.780673129862));
#5514 = ( GEOMETRIC_REPRESENTATION_CONTEXT(2) 
PARAMETRIC_REPRESENTATION_CONTEXT() REPRESENTATION_CONTEXT('2D SPACE',''
  ) );
#5515 = PCURVE('',#5379,#5516);
#5516 = DEFINITIONAL_REPRESENTATION('',(#5517),#5521);
#5517 = B_SPLINE_CURVE_WITH_KNOTS('',2,(#5518,#5519,#5520),
  .UNSPECIFIED.,.F.,.F.,(3,3),(1.,12.596591500434),
  .PIECEWISE_BEZIER_KNOTS.);
#5518 = CARTESIAN_POINT('',(1.570796326795,1.));
#5519 = CARTESIAN_POINT('',(1.570796326795,6.798295750217));
#5520 = CARTESIAN_POINT('',(1.570796326795,12.596591500434));
#5521 = ( GEOMETRIC_REPRESENTATION_CONTEXT(2) 
PARAMETRIC_REPRESENTATION_CONTEXT() REPRESENTATION_CONTEXT('2D SPACE',''
  ) );
#5522 = ORIENTED_EDGE('',*,*,#3593,.T.);
#5523 = ORIENTED_EDGE('',*,*,#5441,.T.);
#5524 = ADVANCED_FACE('',(#5525),#3655,.T.);
#5525 = FACE_BOUND('',#5526,.T.);
#5526 = EDGE_LOOP('',(#5527,#5528,#5529,#5530));
#5527 = ORIENTED_EDGE('',*,*,#3753,.T.);
#5528 = ORIENTED_EDGE('',*,*,#3641,.T.);
#5529 = ORIENTED_EDGE('',*,*,#3710,.F.);
#5530 = ORIENTED_EDGE('',*,*,#4005,.F.);
#5531 = ADVANCED_FACE('',(#5532),#3789,.F.);
#5532 = FACE_BOUND('',#5533,.F.);
#5533 = EDGE_LOOP('',(#5534,#5565,#5566,#5612,#5613));
#5534 = ORIENTED_EDGE('',*,*,#5535,.F.);
#5535 = EDGE_CURVE('',#3774,#4625,#5536,.T.);
#5536 = SURFACE_CURVE('',#5537,(#5541,#5553),.PCURVE_S1.);
#5537 = ( BOUNDED_CURVE() B_SPLINE_CURVE(2,(#5538,#5539,#5540),
.UNSPECIFIED.,.F.,.F.) B_SPLINE_CURVE_WITH_KNOTS((3,3),(1.570796326795,
2.356194490191),.PIECEWISE_BEZIER_KNOTS.) CURVE() 
GEOMETRIC_REPRESENTATION_ITEM() RATIONAL_B_SPLINE_CURVE((1.,
0.923879532511,1.)) REPRESENTATION_ITEM('') );
#5538 = CARTESIAN_POINT('',(73.614000315267,62.,9.081393778228));
#5539 = CARTESIAN_POINT('',(74.028213877639,62.,8.667180215855));
#5540 = CARTESIAN_POINT('',(74.321107096453,62.292893218813,
    8.374286997042));
#5541 = PCURVE('',#3789,#5542);
#5542 = DEFINITIONAL_REPRESENTATION('',(#5543),#5552);
#5543 = B_SPLINE_CURVE_WITH_KNOTS('',7,(#5544,#5545,#5546,#5547,#5548,
    #5549,#5550,#5551),.UNSPECIFIED.,.F.,.F.,(8,8),(1.570796326795,
    2.356194490191),.PIECEWISE_BEZIER_KNOTS.);
#5544 = CARTESIAN_POINT('',(1.570796326795,-0.414213562373));
#5545 = CARTESIAN_POINT('',(1.449352205918,-0.304875334697));
#5546 = CARTESIAN_POINT('',(1.331243434427,-0.192763661863));
#5547 = CARTESIAN_POINT('',(1.216305128547,-8.095058184192E-02));
#5548 = CARTESIAN_POINT('',(1.104385988471,2.675972318134E-02));
#5549 = CARTESIAN_POINT('',(0.995346437217,0.12644037056));
#5550 = CARTESIAN_POINT('',(0.889057204552,0.215579676089));
#5551 = CARTESIAN_POINT('',(0.785398163399,0.292893218813));
#5552 = ( GEOMETRIC_REPRESENTATION_CONTEXT(2) 
PARAMETRIC_REPRESENTATION_CONTEXT() REPRESENTATION_CONTEXT('2D SPACE',''
  ) );
#5553 = PCURVE('',#3817,#5554);
#5554 = DEFINITIONAL_REPRESENTATION('',(#5555),#5564);
#5555 = B_SPLINE_CURVE_WITH_KNOTS('',7,(#5556,#5557,#5558,#5559,#5560,
    #5561,#5562,#5563),.UNSPECIFIED.,.F.,.F.,(8,8),(1.570796326795,
    2.356194490191),.PIECEWISE_BEZIER_KNOTS.);
#5556 = CARTESIAN_POINT('',(0.785398163397,5.));
#5557 = CARTESIAN_POINT('',(0.67319842577,4.890661772337));
#5558 = CARTESIAN_POINT('',(0.560998688142,4.778550099458));
#5559 = CARTESIAN_POINT('',(0.448798950514,4.666737019514));
#5560 = CARTESIAN_POINT('',(0.336599212887,4.55902671437));
#5561 = CARTESIAN_POINT('',(0.224399475257,4.459346067076));
#5562 = CARTESIAN_POINT('',(0.11219973763,4.37020676154));
#5563 = CARTESIAN_POINT('',(1.212839802601E-12,4.292893218814));
#5564 = ( GEOMETRIC_REPRESENTATION_CONTEXT(2) 
PARAMETRIC_REPRESENTATION_CONTEXT() REPRESENTATION_CONTEXT('2D SPACE',''
  ) );
#5565 = ORIENTED_EDGE('',*,*,#3773,.T.);
#5566 = ORIENTED_EDGE('',*,*,#5567,.T.);
#5567 = EDGE_CURVE('',#3776,#4818,#5568,.T.);
#5568 = SURFACE_CURVE('',#5569,(#5573,#5591),.PCURVE_S1.);
#5569 = ( BOUNDED_CURVE() B_SPLINE_CURVE(2,(#5570,#5571,#5572),
.UNSPECIFIED.,.F.,.F.) B_SPLINE_CURVE_WITH_KNOTS((3,3),(1.570796326795,
3.14159265359),.PIECEWISE_BEZIER_KNOTS.) CURVE() 
GEOMETRIC_REPRESENTATION_ITEM() RATIONAL_B_SPLINE_CURVE((1.,
0.707106781187,1.)) REPRESENTATION_ITEM('') );
#5570 = CARTESIAN_POINT('',(73.614000315267,62.,3.585786437627));
#5571 = CARTESIAN_POINT('',(74.614000315267,62.,4.585786437627));
#5572 = CARTESIAN_POINT('',(74.614000315267,63.,4.585786437627));
#5573 = PCURVE('',#3789,#5574);
#5574 = DEFINITIONAL_REPRESENTATION('',(#5575),#5590);
#5575 = B_SPLINE_CURVE_WITH_KNOTS('',7,(#5576,#5577,#5578,#5579,#5580,
    #5581,#5582,#5583,#5584,#5585,#5586,#5587,#5588,#5589),
  .UNSPECIFIED.,.F.,.F.,(8,6,8),(1.570796326795,2.356194490192,
    3.14159265359),.UNSPECIFIED.);
#5576 = CARTESIAN_POINT('',(1.570796326795,5.081393778228));
#5577 = CARTESIAN_POINT('',(1.458596589169,4.980378909875));
#5578 = CARTESIAN_POINT('',(1.346396851536,4.87442933965));
#5579 = CARTESIAN_POINT('',(1.234197113916,4.765656505405));
#5580 = CARTESIAN_POINT('',(1.12199737627,4.657137564621));
#5581 = CARTESIAN_POINT('',(1.009797638655,4.553206422595));
#5582 = CARTESIAN_POINT('',(0.897597901027,4.457971122942));
#5583 = CARTESIAN_POINT('',(0.67319842577,4.290602938514));
#5584 = CARTESIAN_POINT('',(0.560998688139,4.21847592588));
#5585 = CARTESIAN_POINT('',(0.448798950513,4.16076204623));
#5586 = CARTESIAN_POINT('',(0.336599212883,4.1191967929));
#5587 = CARTESIAN_POINT('',(0.224399475259,4.09329974752));
#5588 = CARTESIAN_POINT('',(0.112199737629,4.081393593342));
#5589 = CARTESIAN_POINT('',(1.10007699628E-14,4.081393778228));
#5590 = ( GEOMETRIC_REPRESENTATION_CONTEXT(2) 
PARAMETRIC_REPRESENTATION_CONTEXT() REPRESENTATION_CONTEXT('2D SPACE',''
  ) );
#5591 = PCURVE('',#3871,#5592);
#5592 = DEFINITIONAL_REPRESENTATION('',(#5593),#5611);
#5593 = B_SPLINE_CURVE_WITH_KNOTS('',8,(#5594,#5595,#5596,#5597,#5598,
    #5599,#5600,#5601,#5602,#5603,#5604,#5605,#5606,#5607,#5608,#5609,
    #5610),.UNSPECIFIED.,.F.,.F.,(9,8,9),(1.570796326795,2.356194490192,
    3.14159265359),.PIECEWISE_BEZIER_KNOTS.);
#5594 = CARTESIAN_POINT('',(2.356194490192,5.));
#5595 = CARTESIAN_POINT('',(2.243484915834,4.911611663485));
#5596 = CARTESIAN_POINT('',(2.133666832091,4.819524891178));
#5597 = CARTESIAN_POINT('',(2.026610424606,4.72504772762));
#5598 = CARTESIAN_POINT('',(1.922195205239,4.630009659437));
#5599 = CARTESIAN_POINT('',(1.820308962868,4.536764794441));
#5600 = CARTESIAN_POINT('',(1.720846906507,4.448005757946));
#5601 = CARTESIAN_POINT('',(1.623710934743,4.366116501935));
#5602 = CARTESIAN_POINT('',(1.528809013966,4.292893218813));
#5603 = CARTESIAN_POINT('',(1.433907093178,4.219669667595));
#5604 = CARTESIAN_POINT('',(1.341239223224,4.155113900824));
#5605 = CARTESIAN_POINT('',(1.25071337009,4.101010972821));
#5606 = CARTESIAN_POINT('',(1.162243565545,4.058585641322));
#5607 = CARTESIAN_POINT('',(1.075749283824,4.028091622683));
#5608 = CARTESIAN_POINT('',(0.991154917714,4.008929430731));
#5609 = CARTESIAN_POINT('',(0.908389332498,3.999999838235));
#5610 = CARTESIAN_POINT('',(0.827385476227,4.));
#5611 = ( GEOMETRIC_REPRESENTATION_CONTEXT(2) 
PARAMETRIC_REPRESENTATION_CONTEXT() REPRESENTATION_CONTEXT('2D SPACE',''
  ) );
#5612 = ORIENTED_EDGE('',*,*,#4844,.F.);
#5613 = ORIENTED_EDGE('',*,*,#4624,.F.);
#5614 = ADVANCED_FACE('',(#5615),#3817,.F.);
#5615 = FACE_BOUND('',#5616,.F.);
#5616 = EDGE_LOOP('',(#5617,#5648,#5649,#5650));
#5617 = ORIENTED_EDGE('',*,*,#5618,.F.);
#5618 = EDGE_CURVE('',#3804,#4653,#5619,.T.);
#5619 = SURFACE_CURVE('',#5620,(#5624,#5636),.PCURVE_S1.);
#5620 = ( BOUNDED_CURVE() B_SPLINE_CURVE(2,(#5621,#5622,#5623),
.UNSPECIFIED.,.F.,.F.) B_SPLINE_CURVE_WITH_KNOTS((3,3),(4.712388980385,
5.497787143783),.PIECEWISE_BEZIER_KNOTS.) CURVE() 
GEOMETRIC_REPRESENTATION_ITEM() RATIONAL_B_SPLINE_CURVE((1.,
0.923879532511,1.)) REPRESENTATION_ITEM('') );
#5621 = CARTESIAN_POINT('',(79.614000315267,62.,9.081393778228));
#5622 = CARTESIAN_POINT('',(79.199786752893,62.,8.667180215854));
#5623 = CARTESIAN_POINT('',(78.906893534079,62.292893218814,
    8.374286997041));
#5624 = PCURVE('',#3817,#5625);
#5625 = DEFINITIONAL_REPRESENTATION('',(#5626),#5635);
#5626 = B_SPLINE_CURVE_WITH_KNOTS('',7,(#5627,#5628,#5629,#5630,#5631,
    #5632,#5633,#5634),.UNSPECIFIED.,.F.,.F.,(8,8),(4.712388980385,
    5.497787143783),.PIECEWISE_BEZIER_KNOTS.);
#5627 = CARTESIAN_POINT('',(0.785398163397,-1.));
#5628 = CARTESIAN_POINT('',(0.673198425769,-0.890661772325));
#5629 = CARTESIAN_POINT('',(0.560998688143,-0.778550099486));
#5630 = CARTESIAN_POINT('',(0.44879895051,-0.666737019473));
#5631 = CARTESIAN_POINT('',(0.336599212887,-0.559026714436));
#5632 = CARTESIAN_POINT('',(0.224399475255,-0.459346067072));
#5633 = CARTESIAN_POINT('',(0.112199737628,-0.370206761537));
#5634 = CARTESIAN_POINT('',(-9.430073530739E-13,-0.292893218813));
#5635 = ( GEOMETRIC_REPRESENTATION_CONTEXT(2) 
PARAMETRIC_REPRESENTATION_CONTEXT() REPRESENTATION_CONTEXT('2D SPACE',''
  ) );
#5636 = PCURVE('',#3845,#5637);
#5637 = DEFINITIONAL_REPRESENTATION('',(#5638),#5647);
#5638 = B_SPLINE_CURVE_WITH_KNOTS('',7,(#5639,#5640,#5641,#5642,#5643,
    #5644,#5645,#5646),.UNSPECIFIED.,.F.,.F.,(8,8),(4.712388980385,
    5.497787143783),.PIECEWISE_BEZIER_KNOTS.);
#5639 = CARTESIAN_POINT('',(1.570796326795,-0.414213562373));
#5640 = CARTESIAN_POINT('',(1.449352205917,-0.304875334697));
#5641 = CARTESIAN_POINT('',(1.331243434434,-0.192763661862));
#5642 = CARTESIAN_POINT('',(1.216305128524,-8.095058184233E-02));
#5643 = CARTESIAN_POINT('',(1.104385988485,2.675972318351E-02));
#5644 = CARTESIAN_POINT('',(0.995346437209,0.12644037056));
#5645 = CARTESIAN_POINT('',(0.889057204553,0.21557967609));
#5646 = CARTESIAN_POINT('',(0.785398163397,0.292893218814));
#5647 = ( GEOMETRIC_REPRESENTATION_CONTEXT(2) 
PARAMETRIC_REPRESENTATION_CONTEXT() REPRESENTATION_CONTEXT('2D SPACE',''
  ) );
#5648 = ORIENTED_EDGE('',*,*,#3803,.T.);
#5649 = ORIENTED_EDGE('',*,*,#5535,.T.);
#5650 = ORIENTED_EDGE('',*,*,#4652,.F.);
#5651 = ADVANCED_FACE('',(#5652),#3871,.T.);
#5652 = FACE_BOUND('',#5653,.T.);
#5653 = EDGE_LOOP('',(#5654,#5655,#5656,#5657,#5658,#5704));
#5654 = ORIENTED_EDGE('',*,*,#5567,.T.);
#5655 = ORIENTED_EDGE('',*,*,#4817,.T.);
#5656 = ORIENTED_EDGE('',*,*,#4872,.F.);
#5657 = ORIENTED_EDGE('',*,*,#4745,.F.);
#5658 = ORIENTED_EDGE('',*,*,#5659,.F.);
#5659 = EDGE_CURVE('',#3832,#4746,#5660,.T.);
#5660 = SURFACE_CURVE('',#5661,(#5665,#5686),.PCURVE_S1.);
#5661 = ( BOUNDED_CURVE() B_SPLINE_CURVE(2,(#5662,#5663,#5664),
.UNSPECIFIED.,.F.,.F.) B_SPLINE_CURVE_WITH_KNOTS((3,3),(1.570796326795,
3.14159265359),.PIECEWISE_BEZIER_KNOTS.) CURVE() 
GEOMETRIC_REPRESENTATION_ITEM() RATIONAL_B_SPLINE_CURVE((1.,
0.707106781187,1.)) REPRESENTATION_ITEM('') );
#5662 = CARTESIAN_POINT('',(79.614000315267,62.,3.585786437627));
#5663 = CARTESIAN_POINT('',(78.614000315267,62.,4.585786437627));
#5664 = CARTESIAN_POINT('',(78.614000315267,63.,4.585786437627));
#5665 = PCURVE('',#3871,#5666);
#5666 = DEFINITIONAL_REPRESENTATION('',(#5667),#5685);
#5667 = B_SPLINE_CURVE_WITH_KNOTS('',8,(#5668,#5669,#5670,#5671,#5672,
    #5673,#5674,#5675,#5676,#5677,#5678,#5679,#5680,#5681,#5682,#5683,
    #5684),.UNSPECIFIED.,.F.,.F.,(9,8,9),(1.570796326795,2.356194490192,
    3.14159265359),.PIECEWISE_BEZIER_KNOTS.);
#5668 = CARTESIAN_POINT('',(2.356194490192,-1.));
#5669 = CARTESIAN_POINT('',(2.243484915825,-0.911611663422));
#5670 = CARTESIAN_POINT('',(2.133666832084,-0.819524891665));
#5671 = CARTESIAN_POINT('',(2.02661042446,-0.725047726735));
#5672 = CARTESIAN_POINT('',(1.922195205341,-0.630009661607));
#5673 = CARTESIAN_POINT('',(1.820308962854,-0.536764793384));
#5674 = CARTESIAN_POINT('',(1.720846906521,-0.448005758371));
#5675 = CARTESIAN_POINT('',(1.62371093475,-0.366116501877));
#5676 = CARTESIAN_POINT('',(1.528809013966,-0.292893218813));
#5677 = CARTESIAN_POINT('',(1.43390709318,-0.219669667597));
#5678 = CARTESIAN_POINT('',(1.341239223221,-0.155113900799));
#5679 = CARTESIAN_POINT('',(1.250713370102,-0.101010972867));
#5680 = CARTESIAN_POINT('',(1.162243565542,-5.85856413391E-02));
#5681 = CARTESIAN_POINT('',(1.075749283812,-2.809162266216E-02));
#5682 = CARTESIAN_POINT('',(0.991154917723,-8.929430758519E-03));
#5683 = CARTESIAN_POINT('',(0.908389332496,1.617817729782E-07));
#5684 = CARTESIAN_POINT('',(0.827385476227,-4.556607136647E-16));
#5685 = ( GEOMETRIC_REPRESENTATION_CONTEXT(2) 
PARAMETRIC_REPRESENTATION_CONTEXT() REPRESENTATION_CONTEXT('2D SPACE',''
  ) );
#5686 = PCURVE('',#3845,#5687);
#5687 = DEFINITIONAL_REPRESENTATION('',(#5688),#5703);
#5688 = B_SPLINE_CURVE_WITH_KNOTS('',7,(#5689,#5690,#5691,#5692,#5693,
    #5694,#5695,#5696,#5697,#5698,#5699,#5700,#5701,#5702),
  .UNSPECIFIED.,.F.,.F.,(8,6,8),(1.570796326795,2.356194490192,
    3.14159265359),.UNSPECIFIED.);
#5689 = CARTESIAN_POINT('',(1.570796326795,5.081393778228));
#5690 = CARTESIAN_POINT('',(1.45859658917,4.980378909883));
#5691 = CARTESIAN_POINT('',(1.34639685153,4.874429339647));
#5692 = CARTESIAN_POINT('',(1.234197113924,4.765656505469));
#5693 = CARTESIAN_POINT('',(1.121997376265,4.657137564557));
#5694 = CARTESIAN_POINT('',(1.009797638661,4.553206422627));
#5695 = CARTESIAN_POINT('',(0.897597901026,4.457971122937));
#5696 = CARTESIAN_POINT('',(0.673198425768,4.290602938514));
#5697 = CARTESIAN_POINT('',(0.560998688147,4.218475925865));
#5698 = CARTESIAN_POINT('',(0.4487989505,4.16076204623));
#5699 = CARTESIAN_POINT('',(0.336599212895,4.1191967929));
#5700 = CARTESIAN_POINT('',(0.224399475249,4.093299747534));
#5701 = CARTESIAN_POINT('',(0.11219973763,4.081393593342));
#5702 = CARTESIAN_POINT('',(1.10007699628E-14,4.081393778228));
#5703 = ( GEOMETRIC_REPRESENTATION_CONTEXT(2) 
PARAMETRIC_REPRESENTATION_CONTEXT() REPRESENTATION_CONTEXT('2D SPACE',''
  ) );
#5704 = ORIENTED_EDGE('',*,*,#3859,.T.);
#5705 = ADVANCED_FACE('',(#5706),#3845,.T.);
#5706 = FACE_BOUND('',#5707,.T.);
#5707 = EDGE_LOOP('',(#5708,#5709,#5710,#5711,#5712));
#5708 = ORIENTED_EDGE('',*,*,#5618,.F.);
#5709 = ORIENTED_EDGE('',*,*,#3831,.T.);
#5710 = ORIENTED_EDGE('',*,*,#5659,.T.);
#5711 = ORIENTED_EDGE('',*,*,#4772,.F.);
#5712 = ORIENTED_EDGE('',*,*,#4673,.F.);
#5713 = ADVANCED_FACE('',(#5714),#3903,.F.);
#5714 = FACE_BOUND('',#5715,.F.);
#5715 = EDGE_LOOP('',(#5716,#5747,#5748,#5794,#5795));
#5716 = ORIENTED_EDGE('',*,*,#5717,.F.);
#5717 = EDGE_CURVE('',#3888,#4335,#5718,.T.);
#5718 = SURFACE_CURVE('',#5719,(#5723,#5735),.PCURVE_S1.);
#5719 = ( BOUNDED_CURVE() B_SPLINE_CURVE(2,(#5720,#5721,#5722),
.UNSPECIFIED.,.F.,.F.) B_SPLINE_CURVE_WITH_KNOTS((3,3),(1.570796326795,
2.356194490192),.PIECEWISE_BEZIER_KNOTS.) CURVE() 
GEOMETRIC_REPRESENTATION_ITEM() RATIONAL_B_SPLINE_CURVE((1.,
0.923879532511,1.)) REPRESENTATION_ITEM('') );
#5720 = CARTESIAN_POINT('',(40.385999684733,62.,9.081393778228));
#5721 = CARTESIAN_POINT('',(40.800213247107,62.,8.667180215855));
#5722 = CARTESIAN_POINT('',(41.09310646592,62.292893218813,
    8.374286997041));
#5723 = PCURVE('',#3903,#5724);
#5724 = DEFINITIONAL_REPRESENTATION('',(#5725),#5734);
#5725 = B_SPLINE_CURVE_WITH_KNOTS('',7,(#5726,#5727,#5728,#5729,#5730,
    #5731,#5732,#5733),.UNSPECIFIED.,.F.,.F.,(8,8),(1.570796326795,
    2.356194490192),.PIECEWISE_BEZIER_KNOTS.);
#5726 = CARTESIAN_POINT('',(1.570796326795,-0.414213562373));
#5727 = CARTESIAN_POINT('',(1.449352205918,-0.304875334697));
#5728 = CARTESIAN_POINT('',(1.331243434437,-0.192763661863));
#5729 = CARTESIAN_POINT('',(1.216305128541,-8.095058184253E-02));
#5730 = CARTESIAN_POINT('',(1.104385988499,2.675972318264E-02));
#5731 = CARTESIAN_POINT('',(0.99534643721,0.12644037056));
#5732 = CARTESIAN_POINT('',(0.889057204553,0.21557967609));
#5733 = CARTESIAN_POINT('',(0.785398163397,0.292893218813));
#5734 = ( GEOMETRIC_REPRESENTATION_CONTEXT(2) 
PARAMETRIC_REPRESENTATION_CONTEXT() REPRESENTATION_CONTEXT('2D SPACE',''
  ) );
#5735 = PCURVE('',#3931,#5736);
#5736 = DEFINITIONAL_REPRESENTATION('',(#5737),#5746);
#5737 = B_SPLINE_CURVE_WITH_KNOTS('',7,(#5738,#5739,#5740,#5741,#5742,
    #5743,#5744,#5745),.UNSPECIFIED.,.F.,.F.,(8,8),(1.570796326795,
    2.356194490192),.PIECEWISE_BEZIER_KNOTS.);
#5738 = CARTESIAN_POINT('',(0.785398163397,5.));
#5739 = CARTESIAN_POINT('',(0.67319842577,4.890661772332));
#5740 = CARTESIAN_POINT('',(0.56099868814,4.778550099473));
#5741 = CARTESIAN_POINT('',(0.448798950513,4.666737019508));
#5742 = CARTESIAN_POINT('',(0.336599212887,4.559026714379));
#5743 = CARTESIAN_POINT('',(0.224399475256,4.459346067093));
#5744 = CARTESIAN_POINT('',(0.112199737629,4.370206761539));
#5745 = CARTESIAN_POINT('',(-4.940492459582E-15,4.292893218813));
#5746 = ( GEOMETRIC_REPRESENTATION_CONTEXT(2) 
PARAMETRIC_REPRESENTATION_CONTEXT() REPRESENTATION_CONTEXT('2D SPACE',''
  ) );
#5747 = ORIENTED_EDGE('',*,*,#3887,.T.);
#5748 = ORIENTED_EDGE('',*,*,#5749,.T.);
#5749 = EDGE_CURVE('',#3890,#4528,#5750,.T.);
#5750 = SURFACE_CURVE('',#5751,(#5755,#5773),.PCURVE_S1.);
#5751 = ( BOUNDED_CURVE() B_SPLINE_CURVE(2,(#5752,#5753,#5754),
.UNSPECIFIED.,.F.,.F.) B_SPLINE_CURVE_WITH_KNOTS((3,3),(1.570796326795,
3.14159265359),.PIECEWISE_BEZIER_KNOTS.) CURVE() 
GEOMETRIC_REPRESENTATION_ITEM() RATIONAL_B_SPLINE_CURVE((1.,
0.707106781187,1.)) REPRESENTATION_ITEM('') );
#5752 = CARTESIAN_POINT('',(40.385999684733,62.,3.585786437627));
#5753 = CARTESIAN_POINT('',(41.385999684733,62.,4.585786437627));
#5754 = CARTESIAN_POINT('',(41.385999684733,63.,4.585786437627));
#5755 = PCURVE('',#3903,#5756);
#5756 = DEFINITIONAL_REPRESENTATION('',(#5757),#5772);
#5757 = B_SPLINE_CURVE_WITH_KNOTS('',7,(#5758,#5759,#5760,#5761,#5762,
    #5763,#5764,#5765,#5766,#5767,#5768,#5769,#5770,#5771),
  .UNSPECIFIED.,.F.,.F.,(8,6,8),(1.570796326795,2.356194490192,
    3.14159265359),.UNSPECIFIED.);
#5758 = CARTESIAN_POINT('',(1.570796326795,5.081393778228));
#5759 = CARTESIAN_POINT('',(1.458596589168,4.980378909882));
#5760 = CARTESIAN_POINT('',(1.346396851543,4.874429339635));
#5761 = CARTESIAN_POINT('',(1.23419711391,4.765656505376));
#5762 = CARTESIAN_POINT('',(1.121997376282,4.657137564592));
#5763 = CARTESIAN_POINT('',(1.009797638649,4.553206422609));
#5764 = CARTESIAN_POINT('',(0.897597901028,4.457971122935));
#5765 = CARTESIAN_POINT('',(0.673198425769,4.290602938517));
#5766 = CARTESIAN_POINT('',(0.560998688145,4.218475925851));
#5767 = CARTESIAN_POINT('',(0.448798950505,4.160762046288));
#5768 = CARTESIAN_POINT('',(0.336599212887,4.119196792842));
#5769 = CARTESIAN_POINT('',(0.224399475255,4.093299747549));
#5770 = CARTESIAN_POINT('',(0.112199737629,4.081393593335));
#5771 = CARTESIAN_POINT('',(1.10007699628E-14,4.081393778228));
#5772 = ( GEOMETRIC_REPRESENTATION_CONTEXT(2) 
PARAMETRIC_REPRESENTATION_CONTEXT() REPRESENTATION_CONTEXT('2D SPACE',''
  ) );
#5773 = PCURVE('',#3985,#5774);
#5774 = DEFINITIONAL_REPRESENTATION('',(#5775),#5793);
#5775 = B_SPLINE_CURVE_WITH_KNOTS('',8,(#5776,#5777,#5778,#5779,#5780,
    #5781,#5782,#5783,#5784,#5785,#5786,#5787,#5788,#5789,#5790,#5791,
    #5792),.UNSPECIFIED.,.F.,.F.,(9,8,9),(1.570796326795,2.356194490192,
    3.14159265359),.PIECEWISE_BEZIER_KNOTS.);
#5776 = CARTESIAN_POINT('',(2.356194490192,5.));
#5777 = CARTESIAN_POINT('',(2.243484915834,4.911611663402));
#5778 = CARTESIAN_POINT('',(2.133666832091,4.819524891879));
#5779 = CARTESIAN_POINT('',(2.026610424606,4.725047726545));
#5780 = CARTESIAN_POINT('',(1.922195205239,4.630009661256));
#5781 = CARTESIAN_POINT('',(1.820308962868,4.536764793369));
#5782 = CARTESIAN_POINT('',(1.720846906507,4.448005758542));
#5783 = CARTESIAN_POINT('',(1.623710934743,4.36611650188));
#5784 = CARTESIAN_POINT('',(1.528809013966,4.292893218813));
#5785 = CARTESIAN_POINT('',(1.433907093178,4.219669667604));
#5786 = CARTESIAN_POINT('',(1.341239223224,4.155113900787));
#5787 = CARTESIAN_POINT('',(1.25071337009,4.10101097287));
#5788 = CARTESIAN_POINT('',(1.162243565545,4.058585641334));
#5789 = CARTESIAN_POINT('',(1.075749283824,4.028091622654));
#5790 = CARTESIAN_POINT('',(0.991154917714,4.008929430773));
#5791 = CARTESIAN_POINT('',(0.908389332498,3.999999838219));
#5792 = CARTESIAN_POINT('',(0.827385476227,4.));
#5793 = ( GEOMETRIC_REPRESENTATION_CONTEXT(2) 
PARAMETRIC_REPRESENTATION_CONTEXT() REPRESENTATION_CONTEXT('2D SPACE',''
  ) );
#5794 = ORIENTED_EDGE('',*,*,#4554,.F.);
#5795 = ORIENTED_EDGE('',*,*,#4334,.F.);
#5796 = ADVANCED_FACE('',(#5797),#3931,.F.);
#5797 = FACE_BOUND('',#5798,.F.);
#5798 = EDGE_LOOP('',(#5799,#5830,#5831,#5832));
#5799 = ORIENTED_EDGE('',*,*,#5800,.F.);
#5800 = EDGE_CURVE('',#3918,#4363,#5801,.T.);
#5801 = SURFACE_CURVE('',#5802,(#5806,#5818),.PCURVE_S1.);
#5802 = ( BOUNDED_CURVE() B_SPLINE_CURVE(2,(#5803,#5804,#5805),
.UNSPECIFIED.,.F.,.F.) B_SPLINE_CURVE_WITH_KNOTS((3,3),(4.712388980385,
5.497787143783),.PIECEWISE_BEZIER_KNOTS.) CURVE() 
GEOMETRIC_REPRESENTATION_ITEM() RATIONAL_B_SPLINE_CURVE((1.,
0.923879532511,1.)) REPRESENTATION_ITEM('') );
#5803 = CARTESIAN_POINT('',(46.385999684733,62.,9.081393778228));
#5804 = CARTESIAN_POINT('',(45.97178612236,62.,8.667180215854));
#5805 = CARTESIAN_POINT('',(45.678892903547,62.292893218814,
    8.374286997041));
#5806 = PCURVE('',#3931,#5807);
#5807 = DEFINITIONAL_REPRESENTATION('',(#5808),#5817);
#5808 = B_SPLINE_CURVE_WITH_KNOTS('',7,(#5809,#5810,#5811,#5812,#5813,
    #5814,#5815,#5816),.UNSPECIFIED.,.F.,.F.,(8,8),(4.712388980385,
    5.497787143783),.PIECEWISE_BEZIER_KNOTS.);
#5809 = CARTESIAN_POINT('',(0.785398163397,-1.));
#5810 = CARTESIAN_POINT('',(0.67319842577,-0.890661772326));
#5811 = CARTESIAN_POINT('',(0.560998688139,-0.778550099482));
#5812 = CARTESIAN_POINT('',(0.448798950515,-0.66673701948));
#5813 = CARTESIAN_POINT('',(0.33659921288,-0.559026714433));
#5814 = CARTESIAN_POINT('',(0.224399475256,-0.459346067073));
#5815 = CARTESIAN_POINT('',(0.112199737628,-0.370206761537));
#5816 = CARTESIAN_POINT('',(-4.678954516342E-13,-0.292893218813));
#5817 = ( GEOMETRIC_REPRESENTATION_CONTEXT(2) 
PARAMETRIC_REPRESENTATION_CONTEXT() REPRESENTATION_CONTEXT('2D SPACE',''
  ) );
#5818 = PCURVE('',#3959,#5819);
#5819 = DEFINITIONAL_REPRESENTATION('',(#5820),#5829);
#5820 = B_SPLINE_CURVE_WITH_KNOTS('',7,(#5821,#5822,#5823,#5824,#5825,
    #5826,#5827,#5828),.UNSPECIFIED.,.F.,.F.,(8,8),(4.712388980385,
    5.497787143783),.PIECEWISE_BEZIER_KNOTS.);
#5821 = CARTESIAN_POINT('',(1.570796326795,-0.414213562373));
#5822 = CARTESIAN_POINT('',(1.44935220592,-0.304875334697));
#5823 = CARTESIAN_POINT('',(1.331243434425,-0.192763661862));
#5824 = CARTESIAN_POINT('',(1.21630512856,-8.095058184379E-02));
#5825 = CARTESIAN_POINT('',(1.104385988455,2.675972318461E-02));
#5826 = CARTESIAN_POINT('',(0.99534643722,0.12644037056));
#5827 = CARTESIAN_POINT('',(0.88905720455,0.21557967609));
#5828 = CARTESIAN_POINT('',(0.785398163397,0.292893218814));
#5829 = ( GEOMETRIC_REPRESENTATION_CONTEXT(2) 
PARAMETRIC_REPRESENTATION_CONTEXT() REPRESENTATION_CONTEXT('2D SPACE',''
  ) );
#5830 = ORIENTED_EDGE('',*,*,#3917,.T.);
#5831 = ORIENTED_EDGE('',*,*,#5717,.T.);
#5832 = ORIENTED_EDGE('',*,*,#4362,.F.);
#5833 = ADVANCED_FACE('',(#5834),#3985,.T.);
#5834 = FACE_BOUND('',#5835,.T.);
#5835 = EDGE_LOOP('',(#5836,#5837,#5838,#5839,#5840,#5886));
#5836 = ORIENTED_EDGE('',*,*,#5749,.T.);
#5837 = ORIENTED_EDGE('',*,*,#4527,.T.);
#5838 = ORIENTED_EDGE('',*,*,#4582,.F.);
#5839 = ORIENTED_EDGE('',*,*,#4455,.F.);
#5840 = ORIENTED_EDGE('',*,*,#5841,.F.);
#5841 = EDGE_CURVE('',#3946,#4456,#5842,.T.);
#5842 = SURFACE_CURVE('',#5843,(#5847,#5868),.PCURVE_S1.);
#5843 = ( BOUNDED_CURVE() B_SPLINE_CURVE(2,(#5844,#5845,#5846),
.UNSPECIFIED.,.F.,.F.) B_SPLINE_CURVE_WITH_KNOTS((3,3),(1.570796326795,
3.14159265359),.PIECEWISE_BEZIER_KNOTS.) CURVE() 
GEOMETRIC_REPRESENTATION_ITEM() RATIONAL_B_SPLINE_CURVE((1.,
0.707106781187,1.)) REPRESENTATION_ITEM('') );
#5844 = CARTESIAN_POINT('',(46.385999684733,62.,3.585786437627));
#5845 = CARTESIAN_POINT('',(45.385999684733,62.,4.585786437627));
#5846 = CARTESIAN_POINT('',(45.385999684733,63.,4.585786437627));
#5847 = PCURVE('',#3985,#5848);
#5848 = DEFINITIONAL_REPRESENTATION('',(#5849),#5867);
#5849 = B_SPLINE_CURVE_WITH_KNOTS('',8,(#5850,#5851,#5852,#5853,#5854,
    #5855,#5856,#5857,#5858,#5859,#5860,#5861,#5862,#5863,#5864,#5865,
    #5866),.UNSPECIFIED.,.F.,.F.,(9,8,9),(1.570796326795,2.356194490192,
    3.14159265359),.PIECEWISE_BEZIER_KNOTS.);
#5850 = CARTESIAN_POINT('',(2.356194490192,-1.));
#5851 = CARTESIAN_POINT('',(2.24348491587,-0.911611663424));
#5852 = CARTESIAN_POINT('',(2.133666831818,-0.819524891682));
#5853 = CARTESIAN_POINT('',(2.026610425133,-0.725047726816));
#5854 = CARTESIAN_POINT('',(1.922195204482,-0.630009661665));
#5855 = CARTESIAN_POINT('',(1.820308963527,-0.536764793418));
#5856 = CARTESIAN_POINT('',(1.720846906274,-0.448005758357));
#5857 = CARTESIAN_POINT('',(1.623710934788,-0.366116501884));
#5858 = CARTESIAN_POINT('',(1.528809013966,-0.292893218813));
#5859 = CARTESIAN_POINT('',(1.433907093178,-0.219669667597));
#5860 = CARTESIAN_POINT('',(1.341239223228,-0.155113900799));
#5861 = CARTESIAN_POINT('',(1.250713370094,-0.101010972867));
#5862 = CARTESIAN_POINT('',(1.162243565544,-5.85856413397E-02));
#5863 = CARTESIAN_POINT('',(1.075749283822,-2.809162266254E-02));
#5864 = CARTESIAN_POINT('',(0.991154917715,-8.929430758294E-03));
#5865 = CARTESIAN_POINT('',(0.908389332499,1.617817255661E-07));
#5866 = CARTESIAN_POINT('',(0.827385476227,-8.250781723585E-17));
#5867 = ( GEOMETRIC_REPRESENTATION_CONTEXT(2) 
PARAMETRIC_REPRESENTATION_CONTEXT() REPRESENTATION_CONTEXT('2D SPACE',''
  ) );
#5868 = PCURVE('',#3959,#5869);
#5869 = DEFINITIONAL_REPRESENTATION('',(#5870),#5885);
#5870 = B_SPLINE_CURVE_WITH_KNOTS('',7,(#5871,#5872,#5873,#5874,#5875,
    #5876,#5877,#5878,#5879,#5880,#5881,#5882,#5883,#5884),
  .UNSPECIFIED.,.F.,.F.,(8,6,8),(1.570796326795,2.356194490192,
    3.14159265359),.UNSPECIFIED.);
#5871 = CARTESIAN_POINT('',(1.570796326795,5.081393778228));
#5872 = CARTESIAN_POINT('',(1.45859658917,4.980378909889));
#5873 = CARTESIAN_POINT('',(1.346396851535,4.874429339614));
#5874 = CARTESIAN_POINT('',(1.23419711392,4.765656505441));
#5875 = CARTESIAN_POINT('',(1.121997376271,4.65713756456));
#5876 = CARTESIAN_POINT('',(1.009797638659,4.553206422619));
#5877 = CARTESIAN_POINT('',(0.897597901026,4.457971122934));
#5878 = CARTESIAN_POINT('',(0.67319842577,4.290602938512));
#5879 = CARTESIAN_POINT('',(0.560998688139,4.218475925865));
#5880 = CARTESIAN_POINT('',(0.448798950513,4.16076204623));
#5881 = CARTESIAN_POINT('',(0.336599212883,4.119196792871));
#5882 = CARTESIAN_POINT('',(0.224399475257,4.093299747534));
#5883 = CARTESIAN_POINT('',(0.112199737628,4.081393593339));
#5884 = CARTESIAN_POINT('',(3.10862446895E-15,4.081393778228));
#5885 = ( GEOMETRIC_REPRESENTATION_CONTEXT(2) 
PARAMETRIC_REPRESENTATION_CONTEXT() REPRESENTATION_CONTEXT('2D SPACE',''
  ) );
#5886 = ORIENTED_EDGE('',*,*,#3973,.T.);
#5887 = ADVANCED_FACE('',(#5888),#3959,.T.);
#5888 = FACE_BOUND('',#5889,.T.);
#5889 = EDGE_LOOP('',(#5890,#5891,#5892,#5893,#5894));
#5890 = ORIENTED_EDGE('',*,*,#5800,.F.);
#5891 = ORIENTED_EDGE('',*,*,#3945,.T.);
#5892 = ORIENTED_EDGE('',*,*,#5841,.T.);
#5893 = ORIENTED_EDGE('',*,*,#4482,.F.);
#5894 = ORIENTED_EDGE('',*,*,#4383,.F.);
#5895 = ADVANCED_FACE('',(#5896),#4059,.F.);
#5896 = FACE_BOUND('',#5897,.F.);
#5897 = EDGE_LOOP('',(#5898,#6065,#6118,#6119,#6120));
#5898 = ORIENTED_EDGE('',*,*,#5899,.F.);
#5899 = EDGE_CURVE('',#5900,#5902,#5904,.T.);
#5900 = VERTEX_POINT('',#5901);
#5901 = CARTESIAN_POINT('',(319.710474654,180.,-4.));
#5902 = VERTEX_POINT('',#5903);
#5903 = CARTESIAN_POINT('',(280.289525346,180.,-4.));
#5904 = SURFACE_CURVE('',#5905,(#5918,#5994),.PCURVE_S1.);
#5905 = B_SPLINE_CURVE_WITH_KNOTS('',11,(#5906,#5907,#5908,#5909,#5910,
    #5911,#5912,#5913,#5914,#5915,#5916,#5917),.UNSPECIFIED.,.F.,.F.,(12
    ,12),(0.,3.14159265359),.PIECEWISE_BEZIER_KNOTS.);
#5906 = CARTESIAN_POINT('',(319.710474654,180.,-4.));
#5907 = CARTESIAN_POINT('',(319.71047465398,185.62929839742,-4.));
#5908 = CARTESIAN_POINT('',(317.94197836872,191.25859635484,
    -4.000000000001));
#5909 = CARTESIAN_POINT('',(314.40498621368,196.27057649848,
    -3.999999999998));
#5910 = CARTESIAN_POINT('',(309.34191737773,200.04789658296,
    -4.000000000003));
#5911 = CARTESIAN_POINT('',(303.23762522873,202.08209948708,
    -3.999999999996));
#5912 = CARTESIAN_POINT('',(296.76237477124,202.08209948739,
    -4.000000000003));
#5913 = CARTESIAN_POINT('',(290.6580826223,200.04789658271,
    -3.999999999998));
#5914 = CARTESIAN_POINT('',(285.59501378628,196.27057649863,
    -4.000000000001));
#5915 = CARTESIAN_POINT('',(282.05802163129,191.25859635477,
    -3.999999999999));
#5916 = CARTESIAN_POINT('',(280.28952534601,185.62929839744,-4.));
#5917 = CARTESIAN_POINT('',(280.289525346,180.,-4.));
#5918 = PCURVE('',#4059,#5919);
#5919 = DEFINITIONAL_REPRESENTATION('',(#5920),#5993);
#5920 = B_SPLINE_CURVE_WITH_KNOTS('',8,(#5921,#5922,#5923,#5924,#5925,
    #5926,#5927,#5928,#5929,#5930,#5931,#5932,#5933,#5934,#5935,#5936,
    #5937,#5938,#5939,#5940,#5941,#5942,#5943,#5944,#5945,#5946,#5947,
    #5948,#5949,#5950,#5951,#5952,#5953,#5954,#5955,#5956,#5957,#5958,
    #5959,#5960,#5961,#5962,#5963,#5964,#5965,#5966,#5967,#5968,#5969,
    #5970,#5971,#5972,#5973,#5974,#5975,#5976,#5977,#5978,#5979,#5980,
    #5981,#5982,#5983,#5984,#5985,#5986,#5987,#5988,#5989,#5990,#5991,
    #5992),.UNSPECIFIED.,.F.,.F.,(9,7,7,7,7,7,7,7,7,7,9),(0.,
    0.785398163397,1.374446785946,1.816233252857,1.981903177948,
    2.054383770176,2.088359047783,2.092473241555,2.094522302907,
    2.618057478248,3.14159265359),.UNSPECIFIED.);
#5921 = CARTESIAN_POINT('',(1.743617015834E-15,3.14159265359));
#5922 = CARTESIAN_POINT('',(0.118712885916,3.141592653567));
#5923 = CARTESIAN_POINT('',(0.229735770793,3.141592653587));
#5924 = CARTESIAN_POINT('',(0.334811886651,3.141592653459));
#5925 = CARTESIAN_POINT('',(0.435211478984,3.141592653076));
#5926 = CARTESIAN_POINT('',(0.531959283702,3.141592653312));
#5927 = CARTESIAN_POINT('',(0.625912641145,3.141592653577));
#5928 = CARTESIAN_POINT('',(0.717828487778,3.141592653578));
#5929 = CARTESIAN_POINT('',(0.876339722739,3.141592653587));
#5930 = CARTESIAN_POINT('',(0.94352050861,3.141592653613));
#5931 = CARTESIAN_POINT('',(1.010243895202,3.141592653555));
#5932 = CARTESIAN_POINT('',(1.076787227528,3.141592653579));
#5933 = CARTESIAN_POINT('',(1.143420990664,3.141592653612));
#5934 = CARTESIAN_POINT('',(1.210417663684,3.141592653571));
#5935 = CARTESIAN_POINT('',(1.278060841695,3.1415926536));
#5936 = CARTESIAN_POINT('',(1.398104185994,3.14159265359));
#5937 = CARTESIAN_POINT('',(1.450087405346,3.141592653616));
#5938 = CARTESIAN_POINT('',(1.502736019085,3.141592653571));
#5939 = CARTESIAN_POINT('',(1.556186580148,3.141592653579));
#5940 = CARTESIAN_POINT('',(1.610585774393,3.141592653602));
#5941 = CARTESIAN_POINT('',(1.666093674576,3.141592653579));
#5942 = CARTESIAN_POINT('',(1.722888130068,3.141592653598));
#5943 = CARTESIAN_POINT('',(1.803027182714,3.14159265359));
#5944 = CARTESIAN_POINT('',(1.8250926052,3.14159265359));
#5945 = CARTESIAN_POINT('',(1.847378000262,3.14159265359));
#5946 = CARTESIAN_POINT('',(1.869894490983,3.14159265359));
#5947 = CARTESIAN_POINT('',(1.892653725866,3.14159265359));
#5948 = CARTESIAN_POINT('',(1.915667937097,3.14159265359));
#5949 = CARTESIAN_POINT('',(1.938949998807,3.14159265359));
#5950 = CARTESIAN_POINT('',(1.972822510353,3.14159265359));
#5951 = CARTESIAN_POINT('',(1.983185404205,3.14159265359));
#5952 = CARTESIAN_POINT('',(1.99360330154,3.14159265359));
#5953 = CARTESIAN_POINT('',(2.004077365513,3.14159265359));
#5954 = CARTESIAN_POINT('',(2.014608787775,3.14159265359));
#5955 = CARTESIAN_POINT('',(2.025198788481,3.14159265359));
#5956 = CARTESIAN_POINT('',(2.035848616281,3.14159265359));
#5957 = CARTESIAN_POINT('',(2.051580298019,3.14159265359));
#5958 = CARTESIAN_POINT('',(2.056614474389,3.14159265359));
#5959 = CARTESIAN_POINT('',(2.061662209199,3.14159265359));
#5960 = CARTESIAN_POINT('',(2.066723635778,3.14159265359));
#5961 = CARTESIAN_POINT('',(2.071798889024,3.14159265359));
#5962 = CARTESIAN_POINT('',(2.0768881054,3.14159265359));
#5963 = CARTESIAN_POINT('',(2.081991422942,3.14159265359));
#5964 = CARTESIAN_POINT('',(2.087728684711,3.14159265359));
#5965 = CARTESIAN_POINT('',(2.088348597738,3.14159265359));
#5966 = CARTESIAN_POINT('',(2.088968720333,3.14159265359));
#5967 = CARTESIAN_POINT('',(2.089589052498,3.14159265359));
#5968 = CARTESIAN_POINT('',(2.09020959423,3.14159265359));
#5969 = CARTESIAN_POINT('',(2.090830345532,3.14159265359));
#5970 = CARTESIAN_POINT('',(2.091451306402,3.14159265359));
#5971 = CARTESIAN_POINT('',(2.092381846252,3.141592653592));
#5972 = CARTESIAN_POINT('',(2.092691288939,3.141592653607));
#5973 = CARTESIAN_POINT('',(2.093000723846,3.141592653585));
#5974 = CARTESIAN_POINT('',(2.093310292076,3.141592653579));
#5975 = CARTESIAN_POINT('',(2.093619885264,3.141592653589));
#5976 = CARTESIAN_POINT('',(2.093929451636,3.141592653589));
#5977 = CARTESIAN_POINT('',(2.094239210691,3.141592653595));
#5978 = CARTESIAN_POINT('',(2.173675407777,3.141592653595));
#5979 = CARTESIAN_POINT('',(2.249385715807,3.141592653586));
#5980 = CARTESIAN_POINT('',(2.322196018641,3.14159265361));
#5981 = CARTESIAN_POINT('',(2.392529262013,3.141592653579));
#5982 = CARTESIAN_POINT('',(2.460744686341,3.141592653563));
#5983 = CARTESIAN_POINT('',(2.527155369233,3.14159265361));
#5984 = CARTESIAN_POINT('',(2.592039160808,3.141592653592));
#5985 = CARTESIAN_POINT('',(2.719257632645,3.141592653593));
#5986 = CARTESIAN_POINT('',(2.78159229581,3.141592653591));
#5987 = CARTESIAN_POINT('',(2.842904622039,3.141592653586));
#5988 = CARTESIAN_POINT('',(2.903421098359,3.141592653585));
#5989 = CARTESIAN_POINT('',(2.963351288868,3.141592653583));
#5990 = CARTESIAN_POINT('',(3.022894185515,3.141592653581));
#5991 = CARTESIAN_POINT('',(3.082243417758,3.141592653594));
#5992 = CARTESIAN_POINT('',(3.14159265359,3.14159265359));
#5993 = ( GEOMETRIC_REPRESENTATION_CONTEXT(2) 
PARAMETRIC_REPRESENTATION_CONTEXT() REPRESENTATION_CONTEXT('2D SPACE',''
  ) );
#5994 = PCURVE('',#5995,#6010);
#5995 = ( BOUNDED_SURFACE() B_SPLINE_SURFACE(2,1,(
    (#5996,#5997)
    ,(#5998,#5999)
    ,(#6000,#6001)
    ,(#6002,#6003)
    ,(#6004,#6005)
    ,(#6006,#6007)
    ,(#6008,#6009
)),.UNSPECIFIED.,.T.,.F.,.F.) B_SPLINE_SURFACE_WITH_KNOTS((1,2,2,2,2,1),
  (2,2),(-2.094395102393,0.,2.094395102393,4.188790204786,6.28318530718,
    8.377580409573),(0.,5.31509718751),.UNSPECIFIED.) 
GEOMETRIC_REPRESENTATION_ITEM() RATIONAL_B_SPLINE_SURFACE((
    (1.,1.)
    ,(0.5,0.5)
    ,(1.,1.)
    ,(0.5,0.5)
    ,(1.,1.)
    ,(0.5,0.5)
,(1.,1.))) REPRESENTATION_ITEM('') SURFACE() );
#5996 = CARTESIAN_POINT('',(319.710474654,180.,-4.));
#5997 = CARTESIAN_POINT('',(319.710474654,180.,-9.31509718751));
#5998 = CARTESIAN_POINT('',(319.710474654,214.13954354202,-4.));
#5999 = CARTESIAN_POINT('',(319.710474654,214.13954354202,-9.31509718751
    ));
#6000 = CARTESIAN_POINT('',(290.144762673,197.06977177101,-4.));
#6001 = CARTESIAN_POINT('',(290.144762673,197.06977177101,-9.31509718751
    ));
#6002 = CARTESIAN_POINT('',(260.57905069199,180.,-4.));
#6003 = CARTESIAN_POINT('',(260.57905069199,180.,-9.31509718751));
#6004 = CARTESIAN_POINT('',(290.144762673,162.93022822898,-4.));
#6005 = CARTESIAN_POINT('',(290.144762673,162.93022822898,-9.31509718751
    ));
#6006 = CARTESIAN_POINT('',(319.710474654,145.86045645797,-4.));
#6007 = CARTESIAN_POINT('',(319.710474654,145.86045645797,-9.31509718751
    ));
#6008 = CARTESIAN_POINT('',(319.710474654,180.,-4.));
#6009 = CARTESIAN_POINT('',(319.710474654,180.,-9.31509718751));
#6010 = DEFINITIONAL_REPRESENTATION('',(#6011),#6064);
#6011 = B_SPLINE_CURVE_WITH_KNOTS('',8,(#6012,#6013,#6014,#6015,#6016,
    #6017,#6018,#6019,#6020,#6021,#6022,#6023,#6024,#6025,#6026,#6027,
    #6028,#6029,#6030,#6031,#6032,#6033,#6034,#6035,#6036,#6037,#6038,
    #6039,#6040,#6041,#6042,#6043,#6044,#6045,#6046,#6047,#6048,#6049,
    #6050,#6051,#6052,#6053,#6054,#6055,#6056,#6057,#6058,#6059,#6060,
    #6061,#6062,#6063),.UNSPECIFIED.,.F.,.F.,(9,7,7,7,7,7,8,9),(0.,
    0.785398163397,1.963495408494,2.037126486312,2.07164105404,
    2.088359047783,2.096587435328,3.14159265359),.UNSPECIFIED.);
#6012 = CARTESIAN_POINT('',(0.,0.));
#6013 = CARTESIAN_POINT('',(0.118712841095,-7.739982942456E-14));
#6014 = CARTESIAN_POINT('',(0.229736036602,1.263372823662E-14));
#6015 = CARTESIAN_POINT('',(0.334811226265,1.264029808133E-14));
#6016 = CARTESIAN_POINT('',(0.435212358026,1.14569803314E-14));
#6017 = CARTESIAN_POINT('',(0.531958622904,1.284116800496E-14));
#6018 = CARTESIAN_POINT('',(0.625912907285,-1.191995348768E-14));
#6019 = CARTESIAN_POINT('',(0.717828442873,1.27755315653E-15));
#6020 = CARTESIAN_POINT('',(0.94427305834,3.456419519972E-15));
#6021 = CARTESIAN_POINT('',(1.077129898874,-2.316239099394E-14));
#6022 = CARTESIAN_POINT('',(1.209335504383,4.113652711394E-14));
#6023 = CARTESIAN_POINT('',(1.342975392099,-3.082490384708E-14));
#6024 = CARTESIAN_POINT('',(1.480169203485,1.01182798567E-14));
#6025 = CARTESIAN_POINT('',(1.623382118311,1.472944246388E-15));
#6026 = CARTESIAN_POINT('',(1.775633639907,-5.266011464882E-16));
#6027 = CARTESIAN_POINT('',(1.952041389531,-1.469684975956E-16));
#6028 = CARTESIAN_POINT('',(1.962472110051,-3.475849697169E-16));
#6029 = CARTESIAN_POINT('',(1.972957801128,-2.878992851543E-16));
#6030 = CARTESIAN_POINT('',(1.983499691054,-9.259484249628E-17));
#6031 = CARTESIAN_POINT('',(1.994099008119,1.136449596685E-16));
#6032 = CARTESIAN_POINT('',(2.004756980614,2.061367227515E-16));
#6033 = CARTESIAN_POINT('',(2.015474836829,6.019704816409E-17));
#6034 = CARTESIAN_POINT('',(2.031306473784,2.254448982664E-16));
#6035 = CARTESIAN_POINT('',(2.0363725853,5.777110107307E-16));
#6036 = CARTESIAN_POINT('',(2.041452277824,6.964527404316E-16));
#6037 = CARTESIAN_POINT('',(2.046545689575,6.701819530897E-16));
#6038 = CARTESIAN_POINT('',(2.051652958772,5.874105144259E-16));
#6039 = CARTESIAN_POINT('',(2.056774223637,5.366502901609E-16));
#6040 = CARTESIAN_POINT('',(2.061909622388,6.064131460156E-16));
#6041 = CARTESIAN_POINT('',(2.069553666622,5.808248952516E-16));
#6042 = CARTESIAN_POINT('',(2.072051389369,3.090681057543E-16));
#6043 = CARTESIAN_POINT('',(2.07455247789,8.12975380264E-17));
#6044 = CARTESIAN_POINT('',(2.077056948589,-9.112984912426E-17));
#6045 = CARTESIAN_POINT('',(2.079564817871,-1.9685709689E-16));
#6046 = CARTESIAN_POINT('',(2.08207610214,-2.245272464629E-16));
#6047 = CARTESIAN_POINT('',(2.084590817799,-1.627833390354E-16));
#6048 = CARTESIAN_POINT('',(2.088348416371,2.510281126002E-15));
#6049 = CARTESIAN_POINT('',(2.089588517486,-7.035809825809E-15));
#6050 = CARTESIAN_POINT('',(2.090829753144,9.447766475051E-15));
#6051 = CARTESIAN_POINT('',(2.09207240472,7.657241592845E-16));
#6052 = CARTESIAN_POINT('',(2.093312244303,-9.98683833044E-15));
#6053 = CARTESIAN_POINT('',(2.094560493166,8.436195255018E-15));
#6054 = CARTESIAN_POINT('',(2.095802073207,-1.451713724533E-15));
#6055 = CARTESIAN_POINT('',(2.097044394746,8.883720326825E-16));
#6056 = CARTESIAN_POINT('',(2.254797288664,7.287284192162E-16));
#6057 = CARTESIAN_POINT('',(2.398988200159,-7.440361728647E-15));
#6058 = CARTESIAN_POINT('',(2.533705835994,2.577038847172E-14));
#6059 = CARTESIAN_POINT('',(2.661572615729,-2.350897527963E-14));
#6060 = CARTESIAN_POINT('',(2.784660435456,2.255754342629E-14));
#6061 = CARTESIAN_POINT('',(2.90466367003,-5.478350132773E-14));
#6062 = CARTESIAN_POINT('',(3.023128324042,6.70065278945E-14));
#6063 = CARTESIAN_POINT('',(3.14159265359,1.7763568394E-15));
#6064 = ( GEOMETRIC_REPRESENTATION_CONTEXT(2) 
PARAMETRIC_REPRESENTATION_CONTEXT() REPRESENTATION_CONTEXT('2D SPACE',''
  ) );
#6065 = ORIENTED_EDGE('',*,*,#6066,.F.);
#6066 = EDGE_CURVE('',#4036,#5900,#6067,.T.);
#6067 = SEAM_CURVE('',#6068,(#6078,#6098),.PCURVE_S1.);
#6068 = B_SPLINE_CURVE_WITH_KNOTS('',8,(#6069,#6070,#6071,#6072,#6073,
    #6074,#6075,#6076,#6077),.UNSPECIFIED.,.F.,.F.,(9,9),(0.,
    1.570796326795),.PIECEWISE_BEZIER_KNOTS.);
#6069 = CARTESIAN_POINT('',(321.710474654,180.,-2.));
#6070 = CARTESIAN_POINT('',(321.3177755723,180.,-2.));
#6071 = CARTESIAN_POINT('',(320.92507636699,179.99999999999,
    -2.088121577922));
#6072 = CARTESIAN_POINT('',(320.55544818532,180.,-2.264363868257));
#6073 = CARTESIAN_POINT('',(320.23195714244,179.99999999999,
    -2.52148248844));
#6074 = CARTESIAN_POINT('',(319.97483852225,180.,-2.84497353133));
#6075 = CARTESIAN_POINT('',(319.79859623192,179.99999999999,
    -3.214601712992));
#6076 = CARTESIAN_POINT('',(319.710474654,180.,-3.607300918301));
#6077 = CARTESIAN_POINT('',(319.710474654,180.,-4.));
#6078 = PCURVE('',#4059,#6079);
#6079 = DEFINITIONAL_REPRESENTATION('',(#6080),#6097);
#6080 = B_SPLINE_CURVE_WITH_KNOTS('',8,(#6081,#6082,#6083,#6084,#6085,
    #6086,#6087,#6088,#6089,#6090,#6091,#6092,#6093,#6094,#6095,#6096),
  .UNSPECIFIED.,.F.,.F.,(9,7,9),(0.,0.785398163397,1.570796326795),
  .UNSPECIFIED.);
#6081 = CARTESIAN_POINT('',(0.,1.570796326795));
#6082 = CARTESIAN_POINT('',(3.609540865067E-15,1.679841077946));
#6083 = CARTESIAN_POINT('',(-7.037797434018E-15,1.783818049708));
#6084 = CARTESIAN_POINT('',(6.491857854285E-15,1.883939987494));
#6085 = CARTESIAN_POINT('',(-2.859213941239E-15,1.9811583057));
#6086 = CARTESIAN_POINT('',(1.698910847843E-16,2.076284490294));
#6087 = CARTESIAN_POINT('',(3.266815229324E-16,2.170043443722));
#6088 = CARTESIAN_POINT('',(-8.967776161247E-17,2.26311897524));
#6089 = CARTESIAN_POINT('',(-1.19383608463E-15,2.449270005145));
#6090 = CARTESIAN_POINT('',(8.625700487129E-15,2.542345536716));
#6091 = CARTESIAN_POINT('',(-2.671125214689E-14,2.636104489758));
#6092 = CARTESIAN_POINT('',(4.220763844799E-14,2.731230673672));
#6093 = CARTESIAN_POINT('',(-2.735592337799E-14,2.828448992445));
#6094 = CARTESIAN_POINT('',(5.535120901242E-15,2.928570930718));
#6095 = CARTESIAN_POINT('',(3.227150325156E-15,3.032547902444));
#6096 = CARTESIAN_POINT('',(0.,3.14159265359));
#6097 = ( GEOMETRIC_REPRESENTATION_CONTEXT(2) 
PARAMETRIC_REPRESENTATION_CONTEXT() REPRESENTATION_CONTEXT('2D SPACE',''
  ) );
#6098 = PCURVE('',#4059,#6099);
#6099 = DEFINITIONAL_REPRESENTATION('',(#6100),#6117);
#6100 = B_SPLINE_CURVE_WITH_KNOTS('',8,(#6101,#6102,#6103,#6104,#6105,
    #6106,#6107,#6108,#6109,#6110,#6111,#6112,#6113,#6114,#6115,#6116),
  .UNSPECIFIED.,.F.,.F.,(9,7,9),(0.,0.785398163397,1.570796326795),
  .UNSPECIFIED.);
#6101 = CARTESIAN_POINT('',(6.28318530718,1.570796326795));
#6102 = CARTESIAN_POINT('',(6.28318530718,1.679841077946));
#6103 = CARTESIAN_POINT('',(6.28318530718,1.783818049708));
#6104 = CARTESIAN_POINT('',(6.28318530718,1.883939987494));
#6105 = CARTESIAN_POINT('',(6.28318530718,1.9811583057));
#6106 = CARTESIAN_POINT('',(6.28318530718,2.076284490294));
#6107 = CARTESIAN_POINT('',(6.28318530718,2.170043443722));
#6108 = CARTESIAN_POINT('',(6.28318530718,2.26311897524));
#6109 = CARTESIAN_POINT('',(6.28318530718,2.449270005145));
#6110 = CARTESIAN_POINT('',(6.28318530718,2.542345536716));
#6111 = CARTESIAN_POINT('',(6.28318530718,2.636104489758));
#6112 = CARTESIAN_POINT('',(6.28318530718,2.731230673672));
#6113 = CARTESIAN_POINT('',(6.28318530718,2.828448992445));
#6114 = CARTESIAN_POINT('',(6.28318530718,2.928570930718));
#6115 = CARTESIAN_POINT('',(6.28318530718,3.032547902444));
#6116 = CARTESIAN_POINT('',(6.28318530718,3.14159265359));
#6117 = ( GEOMETRIC_REPRESENTATION_CONTEXT(2) 
PARAMETRIC_REPRESENTATION_CONTEXT() REPRESENTATION_CONTEXT('2D SPACE',''
  ) );
#6118 = ORIENTED_EDGE('',*,*,#4035,.T.);
#6119 = ORIENTED_EDGE('',*,*,#6066,.T.);
#6120 = ORIENTED_EDGE('',*,*,#6121,.F.);
#6121 = EDGE_CURVE('',#5902,#5900,#6122,.T.);
#6122 = SURFACE_CURVE('',#6123,(#6136,#6212),.PCURVE_S1.);
#6123 = B_SPLINE_CURVE_WITH_KNOTS('',11,(#6124,#6125,#6126,#6127,#6128,
    #6129,#6130,#6131,#6132,#6133,#6134,#6135),.UNSPECIFIED.,.F.,.F.,(12
    ,12),(3.14159265359,6.28318530718),.PIECEWISE_BEZIER_KNOTS.);
#6124 = CARTESIAN_POINT('',(280.28952534599,180.,-4.));
#6125 = CARTESIAN_POINT('',(280.289525346,174.37070160256,-4.));
#6126 = CARTESIAN_POINT('',(282.05802163136,168.7414036452,-4.));
#6127 = CARTESIAN_POINT('',(285.5950137861,163.72942350139,
    -3.999999999999));
#6128 = CARTESIAN_POINT('',(290.65808262262,159.95210341724,
    -4.000000000002));
#6129 = CARTESIAN_POINT('',(296.76237477078,157.91790051265,
    -3.999999999998));
#6130 = CARTESIAN_POINT('',(303.23762522923,157.91790051287,
    -4.000000000003));
#6131 = CARTESIAN_POINT('',(309.3419173773,159.95210341707,
    -3.999999999998));
#6132 = CARTESIAN_POINT('',(314.40498621395,163.72942350149,
    -4.000000000002));
#6133 = CARTESIAN_POINT('',(317.94197836859,168.74140364517,
    -3.999999999999));
#6134 = CARTESIAN_POINT('',(319.71047465401,174.37070160257,-4.));
#6135 = CARTESIAN_POINT('',(319.710474654,180.,-4.));
#6136 = PCURVE('',#4059,#6137);
#6137 = DEFINITIONAL_REPRESENTATION('',(#6138),#6211);
#6138 = B_SPLINE_CURVE_WITH_KNOTS('',8,(#6139,#6140,#6141,#6142,#6143,
    #6144,#6145,#6146,#6147,#6148,#6149,#6150,#6151,#6152,#6153,#6154,
    #6155,#6156,#6157,#6158,#6159,#6160,#6161,#6162,#6163,#6164,#6165,
    #6166,#6167,#6168,#6169,#6170,#6171,#6172,#6173,#6174,#6175,#6176,
    #6177,#6178,#6179,#6180,#6181,#6182,#6183,#6184,#6185,#6186,#6187,
    #6188,#6189,#6190,#6191,#6192,#6193,#6194,#6195,#6196,#6197,#6198,
    #6199,#6200,#6201,#6202,#6203,#6204,#6205,#6206,#6207,#6208,#6209,
    #6210),.UNSPECIFIED.,.F.,.F.,(9,7,7,7,7,7,7,7,7,7,9),(3.14159265359,
    3.926990816987,4.074252972624,4.143282108079,4.176718095565,
    4.18494648311,4.186995544462,4.189042604777,4.712578280378,
    5.497881793779,6.28318530718),.UNSPECIFIED.);
#6139 = CARTESIAN_POINT('',(3.14159265359,3.14159265359));
#6140 = CARTESIAN_POINT('',(3.230627320069,3.141592653535));
#6141 = CARTESIAN_POINT('',(3.319662000161,3.141592653954));
#6142 = CARTESIAN_POINT('',(3.409350433161,3.14159265248));
#6143 = CARTESIAN_POINT('',(3.500346729196,3.141592654073));
#6144 = CARTESIAN_POINT('',(3.593344328113,3.141592652562));
#6145 = CARTESIAN_POINT('',(3.689119528926,3.141592653832));
#6146 = CARTESIAN_POINT('',(3.788582349148,3.141592653531));
#6147 = CARTESIAN_POINT('',(3.912451187675,3.14159265359));
#6148 = CARTESIAN_POINT('',(3.932179854942,3.14159265359));
#6149 = CARTESIAN_POINT('',(3.952086602764,3.14159265359));
#6150 = CARTESIAN_POINT('',(3.97217938743,3.14159265359));
#6151 = CARTESIAN_POINT('',(3.992466502897,3.14159265359));
#6152 = CARTESIAN_POINT('',(4.012956613677,3.14159265359));
#6153 = CARTESIAN_POINT('',(4.03365878774,3.14159265359));
#6154 = CARTESIAN_POINT('',(4.064390532977,3.14159265359));
#6155 = CARTESIAN_POINT('',(4.074247222558,3.14159265359));
#6156 = CARTESIAN_POINT('',(4.084153575363,3.14159265359));
#6157 = CARTESIAN_POINT('',(4.09411059184,3.14159265359));
#6158 = CARTESIAN_POINT('',(4.104119295667,3.14159265359));
#6159 = CARTESIAN_POINT('',(4.114180733752,3.14159265359));
#6160 = CARTESIAN_POINT('',(4.124295976231,3.14159265359));
#6161 = CARTESIAN_POINT('',(4.139392278385,3.14159265359));
#6162 = CARTESIAN_POINT('',(4.144331320742,3.14159265359));
#6163 = CARTESIAN_POINT('',(4.149283367981,3.14159265359));
#6164 = CARTESIAN_POINT('',(4.154248545988,3.14159265359));
#6165 = CARTESIAN_POINT('',(4.159226982101,3.14159265359));
#6166 = CARTESIAN_POINT('',(4.164218805106,3.14159265359));
#6167 = CARTESIAN_POINT('',(4.169224145242,3.14159265359));
#6168 = CARTESIAN_POINT('',(4.175478276024,3.14159265359));
#6169 = CARTESIAN_POINT('',(4.176714244438,3.14159265359));
#6170 = CARTESIAN_POINT('',(4.177951041418,3.14159265359));
#6171 = CARTESIAN_POINT('',(4.17918866894,3.14159265359));
#6172 = CARTESIAN_POINT('',(4.180427128982,3.14159265359));
#6173 = CARTESIAN_POINT('',(4.181666423522,3.14159265359));
#6174 = CARTESIAN_POINT('',(4.182906554537,3.14159265359));
#6175 = CARTESIAN_POINT('',(4.184456554383,3.14159265359));
#6176 = CARTESIAN_POINT('',(4.184765636848,3.14159265359));
#6177 = CARTESIAN_POINT('',(4.185074771402,3.14159265359));
#6178 = CARTESIAN_POINT('',(4.185383958044,3.14159265359));
#6179 = CARTESIAN_POINT('',(4.185693196774,3.14159265359));
#6180 = CARTESIAN_POINT('',(4.186002487592,3.14159265359));
#6181 = CARTESIAN_POINT('',(4.186311830498,3.14159265359));
#6182 = CARTESIAN_POINT('',(4.186930316314,3.14159265358));
#6183 = CARTESIAN_POINT('',(4.187239477356,3.141592653599));
#6184 = CARTESIAN_POINT('',(4.187548624006,3.141592653195));
#6185 = CARTESIAN_POINT('',(4.187857955172,3.14159265312));
#6186 = CARTESIAN_POINT('',(4.188167194001,3.141592653278));
#6187 = CARTESIAN_POINT('',(4.188476533674,3.141592653592));
#6188 = CARTESIAN_POINT('',(4.188786026215,3.141592653576));
#6189 = CARTESIAN_POINT('',(4.268216242436,3.141592653592));
#6190 = CARTESIAN_POINT('',(4.34392164198,3.141592653593));
#6191 = CARTESIAN_POINT('',(4.416727660164,3.141592653581));
#6192 = CARTESIAN_POINT('',(4.487057160957,3.141592653587));
#6193 = CARTESIAN_POINT('',(4.555269322147,3.14159265359));
#6194 = CARTESIAN_POINT('',(4.621677172079,3.14159265358));
#6195 = CARTESIAN_POINT('',(4.686558521834,3.141592653596));
#6196 = CARTESIAN_POINT('',(4.845576404,3.141592653595));
#6197 = CARTESIAN_POINT('',(4.938120192597,3.141592653594));
#6198 = CARTESIAN_POINT('',(5.028648073296,3.141592653599));
#6199 = CARTESIAN_POINT('',(5.117881276053,3.141592653587));
#6200 = CARTESIAN_POINT('',(5.206476978588,3.141592653577));
#6201 = CARTESIAN_POINT('',(5.29506833206,3.14159265359));
#6202 = CARTESIAN_POINT('',(5.384298231742,3.141592653592));
#6203 = CARTESIAN_POINT('',(5.565434358866,3.141592653548));
#6204 = CARTESIAN_POINT('',(5.657340601326,3.14159265381));
#6205 = CARTESIAN_POINT('',(5.751284320451,3.141592652722));
#6206 = CARTESIAN_POINT('',(5.848022224008,3.141592653783));
#6207 = CARTESIAN_POINT('',(5.948411410165,3.141592652643));
#6208 = CARTESIAN_POINT('',(6.053476295326,3.141592653832));
#6209 = CARTESIAN_POINT('',(6.164486727636,3.14159265354));
#6210 = CARTESIAN_POINT('',(6.28318530718,3.14159265359));
#6211 = ( GEOMETRIC_REPRESENTATION_CONTEXT(2) 
PARAMETRIC_REPRESENTATION_CONTEXT() REPRESENTATION_CONTEXT('2D SPACE',''
  ) );
#6212 = PCURVE('',#5995,#6213);
#6213 = DEFINITIONAL_REPRESENTATION('',(#6214),#6275);
#6214 = B_SPLINE_CURVE_WITH_KNOTS('',8,(#6215,#6216,#6217,#6218,#6219,
    #6220,#6221,#6222,#6223,#6224,#6225,#6226,#6227,#6228,#6229,#6230,
    #6231,#6232,#6233,#6234,#6235,#6236,#6237,#6238,#6239,#6240,#6241,
    #6242,#6243,#6244,#6245,#6246,#6247,#6248,#6249,#6250,#6251,#6252,
    #6253,#6254,#6255,#6256,#6257,#6258,#6259,#6260,#6261,#6262,#6263,
    #6264,#6265,#6266,#6267,#6268,#6269,#6270,#6271,#6272,#6273,#6274),
  .UNSPECIFIED.,.F.,.F.,(9,7,7,7,7,7,8,8,9),(3.14159265359,
    3.926990816987,4.074252972624,4.143282108079,4.176718095565,
    4.18494648311,4.189044605814,5.236114956497,6.28318530718),
  .UNSPECIFIED.);
#6215 = CARTESIAN_POINT('',(3.14159265359,-1.7763568394E-15));
#6216 = CARTESIAN_POINT('',(3.230627336561,-1.290420614162E-14));
#6217 = CARTESIAN_POINT('',(3.319661902492,1.452465273881E-14));
#6218 = CARTESIAN_POINT('',(3.409350676143,8.015604868449E-15));
#6219 = CARTESIAN_POINT('',(3.500346407102,-2.324639437826E-15));
#6220 = CARTESIAN_POINT('',(3.59334457084,-5.178843563628E-16));
#6221 = CARTESIAN_POINT('',(3.689119431372,1.973741159723E-15));
#6222 = CARTESIAN_POINT('',(3.788582365604,-2.175039441869E-15));
#6223 = CARTESIAN_POINT('',(3.912451170822,6.519144674962E-16));
#6224 = CARTESIAN_POINT('',(3.93217986858,1.210908168073E-15));
#6225 = CARTESIAN_POINT('',(3.952086623627,2.150340007486E-15));
#6226 = CARTESIAN_POINT('',(3.972179387435,2.660606186469E-15));
#6227 = CARTESIAN_POINT('',(3.992466482039,2.433612537851E-15));
#6228 = CARTESIAN_POINT('',(4.012956600036,1.662774526557E-15));
#6229 = CARTESIAN_POINT('',(4.033658804584,1.043017249609E-15));
#6230 = CARTESIAN_POINT('',(4.064390574307,1.863048948729E-15));
#6231 = CARTESIAN_POINT('',(4.074247235329,2.136876822856E-15));
#6232 = CARTESIAN_POINT('',(4.084153547766,2.448779959304E-15));
#6233 = CARTESIAN_POINT('',(4.094110546911,2.65527925887E-15));
#6234 = CARTESIAN_POINT('',(4.104119268061,2.612895622353E-15));
#6235 = CARTESIAN_POINT('',(4.114180746508,2.178149950552E-15));
#6236 = CARTESIAN_POINT('',(4.124296017548,1.207563144265E-15));
#6237 = CARTESIAN_POINT('',(4.139392280965,1.575725211112E-15));
#6238 = CARTESIAN_POINT('',(4.144331321539,2.273898133031E-15));
#6239 = CARTESIAN_POINT('',(4.149283366258,2.047586469207E-15));
#6240 = CARTESIAN_POINT('',(4.154248543183,1.292201818801E-15));
#6241 = CARTESIAN_POINT('',(4.159226980377,4.031557809725E-16));
#6242 = CARTESIAN_POINT('',(4.164218805903,-2.2414004512E-16));
#6243 = CARTESIAN_POINT('',(4.169224147822,-1.942740603166E-16));
#6244 = CARTESIAN_POINT('',(4.175478269103,7.97622557632E-16));
#6245 = CARTESIAN_POINT('',(4.176714236528,7.488280182228E-16));
#6246 = CARTESIAN_POINT('',(4.177951036474,7.41781716314E-16));
#6247 = CARTESIAN_POINT('',(4.179188668939,7.764836519058E-16));
#6248 = CARTESIAN_POINT('',(4.180427133926,8.529338249982E-16));
#6249 = CARTESIAN_POINT('',(4.181666431432,9.71132235591E-16));
#6250 = CARTESIAN_POINT('',(4.182906561458,1.131078883684E-15));
#6251 = CARTESIAN_POINT('',(4.184765594858,1.657970473221E-15));
#6252 = CARTESIAN_POINT('',(4.18538386975,1.826794038194E-15));
#6253 = CARTESIAN_POINT('',(4.18600234868,1.839244464197E-15));
#6254 = CARTESIAN_POINT('',(4.186621031649,1.695321751232E-15));
#6255 = CARTESIAN_POINT('',(4.187239918658,1.395025899297E-15));
#6256 = CARTESIAN_POINT('',(4.187859009705,9.38356908392E-16));
#6257 = CARTESIAN_POINT('',(4.188478304791,3.253147785181E-16));
#6258 = CARTESIAN_POINT('',(4.189097803915,-4.441004903252E-16));
#6259 = CARTESIAN_POINT('',(4.347339149349,5.396149799801E-15));
#6260 = CARTESIAN_POINT('',(4.491919083867,-2.600483514718E-14));
#6261 = CARTESIAN_POINT('',(4.626964385704,5.099884770262E-14));
#6262 = CARTESIAN_POINT('',(4.75511685352,-6.03008101716E-14));
#6263 = CARTESIAN_POINT('',(4.878462834799,4.151480161562E-14));
#6264 = CARTESIAN_POINT('',(4.998707032117,-1.414073571255E-14));
#6265 = CARTESIAN_POINT('',(5.117404676065,6.89593612722E-16));
#6266 = CARTESIAN_POINT('',(5.236103114012,-2.220446038624E-15));
#6267 = CARTESIAN_POINT('',(5.354801551849,1.419765797618E-15));
#6268 = CARTESIAN_POINT('',(5.473501455427,-5.659071249984E-15));
#6269 = CARTESIAN_POINT('',(5.593750165517,-2.361675223269E-15));
#6270 = CARTESIAN_POINT('',(5.717103096252,2.03781741509E-14));
#6271 = CARTESIAN_POINT('',(5.845265239332,-1.984464845535E-14));
#6272 = CARTESIAN_POINT('',(5.980323571873,-5.193612011176E-14));
#6273 = CARTESIAN_POINT('',(6.124920721448,7.824331059343E-14));
#6274 = CARTESIAN_POINT('',(6.28318530718,4.440892098501E-16));
#6275 = ( GEOMETRIC_REPRESENTATION_CONTEXT(2) 
PARAMETRIC_REPRESENTATION_CONTEXT() REPRESENTATION_CONTEXT('2D SPACE',''
  ) );
#6276 = ADVANCED_FACE('',(#6277,#6467),#4171,.F.);
#6277 = FACE_BOUND('',#6278,.F.);
#6278 = EDGE_LOOP('',(#6279,#6371));
#6279 = ORIENTED_EDGE('',*,*,#6280,.T.);
#6280 = EDGE_CURVE('',#6281,#6283,#6285,.T.);
#6281 = VERTEX_POINT('',#6282);
#6282 = CARTESIAN_POINT('',(319.710474654,180.,-9.31509718751));
#6283 = VERTEX_POINT('',#6284);
#6284 = CARTESIAN_POINT('',(280.28952534599,180.,-9.31509718751));
#6285 = SURFACE_CURVE('',#6286,(#6299,#6315),.PCURVE_S1.);
#6286 = B_SPLINE_CURVE_WITH_KNOTS('',11,(#6287,#6288,#6289,#6290,#6291,
    #6292,#6293,#6294,#6295,#6296,#6297,#6298),.UNSPECIFIED.,.F.,.F.,(12
    ,12),(0.,3.14159265359),.PIECEWISE_BEZIER_KNOTS.);
#6287 = CARTESIAN_POINT('',(319.710474654,180.,-9.31509718751));
#6288 = CARTESIAN_POINT('',(319.71047465398,185.62929839742,
    -9.31509718751));
#6289 = CARTESIAN_POINT('',(317.94197836872,191.25859635484,
    -9.315097187511));
#6290 = CARTESIAN_POINT('',(314.40498621368,196.27057649848,
    -9.315097187508));
#6291 = CARTESIAN_POINT('',(309.34191737773,200.04789658296,
    -9.315097187513));
#6292 = CARTESIAN_POINT('',(303.23762522873,202.08209948708,
    -9.315097187507));
#6293 = CARTESIAN_POINT('',(296.76237477124,202.08209948739,
    -9.315097187512));
#6294 = CARTESIAN_POINT('',(290.6580826223,200.04789658271,
    -9.315097187509));
#6295 = CARTESIAN_POINT('',(285.59501378628,196.27057649863,
    -9.31509718751));
#6296 = CARTESIAN_POINT('',(282.05802163129,191.25859635477,
    -9.31509718751));
#6297 = CARTESIAN_POINT('',(280.28952534601,185.62929839744,
    -9.31509718751));
#6298 = CARTESIAN_POINT('',(280.289525346,180.,-9.31509718751));
#6299 = PCURVE('',#4171,#6300);
#6300 = DEFINITIONAL_REPRESENTATION('',(#6301),#6314);
#6301 = B_SPLINE_CURVE_WITH_KNOTS('',11,(#6302,#6303,#6304,#6305,#6306,
    #6307,#6308,#6309,#6310,#6311,#6312,#6313),.UNSPECIFIED.,.F.,.F.,(12
    ,12),(0.,3.14159265359),.PIECEWISE_BEZIER_KNOTS.);
#6302 = CARTESIAN_POINT('',(19.710474654,-10.57784893387));
#6303 = CARTESIAN_POINT('',(19.71047465398,-4.94855053645));
#6304 = CARTESIAN_POINT('',(17.941978368721,0.680747420967));
#6305 = CARTESIAN_POINT('',(14.404986213681,5.692727564613));
#6306 = CARTESIAN_POINT('',(9.341917377738,9.470047649087));
#6307 = CARTESIAN_POINT('',(3.237625228734,11.504250553211));
#6308 = CARTESIAN_POINT('',(-3.237625228751,11.50425055352));
#6309 = CARTESIAN_POINT('',(-9.3419173777,9.47004764884));
#6310 = CARTESIAN_POINT('',(-14.40498621371,5.692727564766));
#6311 = CARTESIAN_POINT('',(-17.9419783687,0.6807474209));
#6312 = CARTESIAN_POINT('',(-19.71047465398,-4.948550536433));
#6313 = CARTESIAN_POINT('',(-19.710474654,-10.57784893387));
#6314 = ( GEOMETRIC_REPRESENTATION_CONTEXT(2) 
PARAMETRIC_REPRESENTATION_CONTEXT() REPRESENTATION_CONTEXT('2D SPACE',''
  ) );
#6315 = PCURVE('',#5995,#6316);
#6316 = DEFINITIONAL_REPRESENTATION('',(#6317),#6370);
#6317 = B_SPLINE_CURVE_WITH_KNOTS('',8,(#6318,#6319,#6320,#6321,#6322,
    #6323,#6324,#6325,#6326,#6327,#6328,#6329,#6330,#6331,#6332,#6333,
    #6334,#6335,#6336,#6337,#6338,#6339,#6340,#6341,#6342,#6343,#6344,
    #6345,#6346,#6347,#6348,#6349,#6350,#6351,#6352,#6353,#6354,#6355,
    #6356,#6357,#6358,#6359,#6360,#6361,#6362,#6363,#6364,#6365,#6366,
    #6367,#6368,#6369),.UNSPECIFIED.,.F.,.F.,(9,7,7,7,7,7,8,9),(0.,
    0.785398163397,1.963495408494,2.037126486312,2.07164105404,
    2.088359047783,2.096587435328,3.14159265359),.UNSPECIFIED.);
#6318 = CARTESIAN_POINT('',(1.743617015834E-15,5.31509718751));
#6319 = CARTESIAN_POINT('',(0.118712841096,5.315097187507));
#6320 = CARTESIAN_POINT('',(0.229736036601,5.315097187551));
#6321 = CARTESIAN_POINT('',(0.334811226267,5.315097187491));
#6322 = CARTESIAN_POINT('',(0.435212358024,5.315097187519));
#6323 = CARTESIAN_POINT('',(0.531958622901,5.31509718755));
#6324 = CARTESIAN_POINT('',(0.625912907287,5.315097187492));
#6325 = CARTESIAN_POINT('',(0.717828442872,5.315097187521));
#6326 = CARTESIAN_POINT('',(0.94427305834,5.31509718749));
#6327 = CARTESIAN_POINT('',(1.077129898874,5.315097187802));
#6328 = CARTESIAN_POINT('',(1.209335504383,5.315097186668));
#6329 = CARTESIAN_POINT('',(1.342975392099,5.315097186909));
#6330 = CARTESIAN_POINT('',(1.480169203485,5.315097186343));
#6331 = CARTESIAN_POINT('',(1.623382118311,5.315097187763));
#6332 = CARTESIAN_POINT('',(1.775633639907,5.315097187478));
#6333 = CARTESIAN_POINT('',(1.952041389531,5.31509718751));
#6334 = CARTESIAN_POINT('',(1.962472110051,5.31509718751));
#6335 = CARTESIAN_POINT('',(1.972957801128,5.31509718751));
#6336 = CARTESIAN_POINT('',(1.983499691054,5.31509718751));
#6337 = CARTESIAN_POINT('',(1.994099008119,5.31509718751));
#6338 = CARTESIAN_POINT('',(2.004756980614,5.31509718751));
#6339 = CARTESIAN_POINT('',(2.015474836829,5.31509718751));
#6340 = CARTESIAN_POINT('',(2.031306473784,5.31509718751));
#6341 = CARTESIAN_POINT('',(2.0363725853,5.31509718751));
#6342 = CARTESIAN_POINT('',(2.041452277824,5.31509718751));
#6343 = CARTESIAN_POINT('',(2.046545689575,5.31509718751));
#6344 = CARTESIAN_POINT('',(2.051652958772,5.31509718751));
#6345 = CARTESIAN_POINT('',(2.056774223637,5.31509718751));
#6346 = CARTESIAN_POINT('',(2.061909622388,5.31509718751));
#6347 = CARTESIAN_POINT('',(2.069553666622,5.31509718751));
#6348 = CARTESIAN_POINT('',(2.072051389369,5.31509718751));
#6349 = CARTESIAN_POINT('',(2.07455247789,5.31509718751));
#6350 = CARTESIAN_POINT('',(2.077056948589,5.31509718751));
#6351 = CARTESIAN_POINT('',(2.079564817871,5.31509718751));
#6352 = CARTESIAN_POINT('',(2.08207610214,5.31509718751));
#6353 = CARTESIAN_POINT('',(2.084590817799,5.31509718751));
#6354 = CARTESIAN_POINT('',(2.088348416371,5.315097187468));
#6355 = CARTESIAN_POINT('',(2.089588517486,5.315097187749));
#6356 = CARTESIAN_POINT('',(2.090829753144,5.315097186352));
#6357 = CARTESIAN_POINT('',(2.09207240472,5.315097186648));
#6358 = CARTESIAN_POINT('',(2.093312244303,5.315097186499));
#6359 = CARTESIAN_POINT('',(2.094560493166,5.315097187676));
#6360 = CARTESIAN_POINT('',(2.095802073207,5.315097187483));
#6361 = CARTESIAN_POINT('',(2.097044394746,5.31509718751));
#6362 = CARTESIAN_POINT('',(2.254797288664,5.315097187499));
#6363 = CARTESIAN_POINT('',(2.398988200159,5.315097187678));
#6364 = CARTESIAN_POINT('',(2.533705835994,5.315097187315));
#6365 = CARTESIAN_POINT('',(2.661572615729,5.315097186604));
#6366 = CARTESIAN_POINT('',(2.784660435456,5.315097186999));
#6367 = CARTESIAN_POINT('',(2.90466367003,5.315097187545));
#6368 = CARTESIAN_POINT('',(3.023128324042,5.3150971875));
#6369 = CARTESIAN_POINT('',(3.14159265359,5.31509718751));
#6370 = ( GEOMETRIC_REPRESENTATION_CONTEXT(2) 
PARAMETRIC_REPRESENTATION_CONTEXT() REPRESENTATION_CONTEXT('2D SPACE',''
  ) );
#6371 = ORIENTED_EDGE('',*,*,#6372,.T.);
#6372 = EDGE_CURVE('',#6283,#6281,#6373,.T.);
#6373 = SURFACE_CURVE('',#6374,(#6387,#6403),.PCURVE_S1.);
#6374 = B_SPLINE_CURVE_WITH_KNOTS('',11,(#6375,#6376,#6377,#6378,#6379,
    #6380,#6381,#6382,#6383,#6384,#6385,#6386),.UNSPECIFIED.,.F.,.F.,(12
    ,12),(3.14159265359,6.28318530718),.PIECEWISE_BEZIER_KNOTS.);
#6375 = CARTESIAN_POINT('',(280.28952534599,180.,-9.31509718751));
#6376 = CARTESIAN_POINT('',(280.289525346,174.37070160256,-9.31509718751
    ));
#6377 = CARTESIAN_POINT('',(282.05802163136,168.7414036452,
    -9.315097187508));
#6378 = CARTESIAN_POINT('',(285.5950137861,163.72942350139,
    -9.315097187514));
#6379 = CARTESIAN_POINT('',(290.65808262262,159.95210341724,
    -9.315097187504));
#6380 = CARTESIAN_POINT('',(296.76237477078,157.91790051265,
    -9.315097187517));
#6381 = CARTESIAN_POINT('',(303.23762522923,157.91790051287,
    -9.315097187504));
#6382 = CARTESIAN_POINT('',(309.3419173773,159.95210341707,
    -9.315097187514));
#6383 = CARTESIAN_POINT('',(314.40498621395,163.72942350149,
    -9.315097187508));
#6384 = CARTESIAN_POINT('',(317.94197836859,168.74140364517,
    -9.315097187511));
#6385 = CARTESIAN_POINT('',(319.71047465401,174.37070160257,
    -9.31509718751));
#6386 = CARTESIAN_POINT('',(319.710474654,180.,-9.31509718751));
#6387 = PCURVE('',#4171,#6388);
#6388 = DEFINITIONAL_REPRESENTATION('',(#6389),#6402);
#6389 = B_SPLINE_CURVE_WITH_KNOTS('',11,(#6390,#6391,#6392,#6393,#6394,
    #6395,#6396,#6397,#6398,#6399,#6400,#6401),.UNSPECIFIED.,.F.,.F.,(12
    ,12),(3.14159265359,6.28318530718),.PIECEWISE_BEZIER_KNOTS.);
#6390 = CARTESIAN_POINT('',(-19.710474654,-10.57784893387));
#6391 = CARTESIAN_POINT('',(-19.710474654,-16.2071473313));
#6392 = CARTESIAN_POINT('',(-17.94197836863,-21.83644528866));
#6393 = CARTESIAN_POINT('',(-14.40498621389,-26.84842543247));
#6394 = CARTESIAN_POINT('',(-9.341917377373,-30.62574551663));
#6395 = CARTESIAN_POINT('',(-3.237625229211,-32.65994842122));
#6396 = CARTESIAN_POINT('',(3.237625229238,-32.65994842099));
#6397 = CARTESIAN_POINT('',(9.341917377309,-30.6257455168));
#6398 = CARTESIAN_POINT('',(14.404986213957,-26.84842543238));
#6399 = CARTESIAN_POINT('',(17.941978368596,-21.8364452887));
#6400 = CARTESIAN_POINT('',(19.710474654012,-16.20714733129));
#6401 = CARTESIAN_POINT('',(19.710474654,-10.57784893387));
#6402 = ( GEOMETRIC_REPRESENTATION_CONTEXT(2) 
PARAMETRIC_REPRESENTATION_CONTEXT() REPRESENTATION_CONTEXT('2D SPACE',''
  ) );
#6403 = PCURVE('',#5995,#6404);
#6404 = DEFINITIONAL_REPRESENTATION('',(#6405),#6466);
#6405 = B_SPLINE_CURVE_WITH_KNOTS('',8,(#6406,#6407,#6408,#6409,#6410,
    #6411,#6412,#6413,#6414,#6415,#6416,#6417,#6418,#6419,#6420,#6421,
    #6422,#6423,#6424,#6425,#6426,#6427,#6428,#6429,#6430,#6431,#6432,
    #6433,#6434,#6435,#6436,#6437,#6438,#6439,#6440,#6441,#6442,#6443,
    #6444,#6445,#6446,#6447,#6448,#6449,#6450,#6451,#6452,#6453,#6454,
    #6455,#6456,#6457,#6458,#6459,#6460,#6461,#6462,#6463,#6464,#6465),
  .UNSPECIFIED.,.F.,.F.,(9,7,7,7,7,7,8,8,9),(3.14159265359,
    3.926990816987,4.074252972624,4.143282108079,4.176718095565,
    4.18494648311,4.189044605814,5.236114956497,6.28318530718),
  .UNSPECIFIED.);
#6406 = CARTESIAN_POINT('',(3.14159265359,5.31509718751));
#6407 = CARTESIAN_POINT('',(3.230627336561,5.315097187512));
#6408 = CARTESIAN_POINT('',(3.319661902492,5.315097187533));
#6409 = CARTESIAN_POINT('',(3.409350676143,5.31509718748));
#6410 = CARTESIAN_POINT('',(3.500346407102,5.315097187492));
#6411 = CARTESIAN_POINT('',(3.59334457084,5.315097187512));
#6412 = CARTESIAN_POINT('',(3.689119431372,5.315097187481));
#6413 = CARTESIAN_POINT('',(3.788582365604,5.315097187525));
#6414 = CARTESIAN_POINT('',(3.912451170822,5.31509718751));
#6415 = CARTESIAN_POINT('',(3.93217986858,5.31509718751));
#6416 = CARTESIAN_POINT('',(3.952086623627,5.31509718751));
#6417 = CARTESIAN_POINT('',(3.972179387435,5.31509718751));
#6418 = CARTESIAN_POINT('',(3.992466482039,5.31509718751));
#6419 = CARTESIAN_POINT('',(4.012956600036,5.31509718751));
#6420 = CARTESIAN_POINT('',(4.033658804584,5.31509718751));
#6421 = CARTESIAN_POINT('',(4.064390574307,5.31509718751));
#6422 = CARTESIAN_POINT('',(4.074247235329,5.31509718751));
#6423 = CARTESIAN_POINT('',(4.084153547766,5.31509718751));
#6424 = CARTESIAN_POINT('',(4.094110546911,5.31509718751));
#6425 = CARTESIAN_POINT('',(4.104119268061,5.31509718751));
#6426 = CARTESIAN_POINT('',(4.114180746508,5.31509718751));
#6427 = CARTESIAN_POINT('',(4.124296017548,5.31509718751));
#6428 = CARTESIAN_POINT('',(4.139392280965,5.31509718751));
#6429 = CARTESIAN_POINT('',(4.144331321539,5.31509718751));
#6430 = CARTESIAN_POINT('',(4.149283366258,5.31509718751));
#6431 = CARTESIAN_POINT('',(4.154248543183,5.31509718751));
#6432 = CARTESIAN_POINT('',(4.159226980377,5.31509718751));
#6433 = CARTESIAN_POINT('',(4.164218805903,5.31509718751));
#6434 = CARTESIAN_POINT('',(4.169224147822,5.31509718751));
#6435 = CARTESIAN_POINT('',(4.175478269103,5.31509718751));
#6436 = CARTESIAN_POINT('',(4.176714236528,5.31509718751));
#6437 = CARTESIAN_POINT('',(4.177951036474,5.31509718751));
#6438 = CARTESIAN_POINT('',(4.179188668939,5.31509718751));
#6439 = CARTESIAN_POINT('',(4.180427133926,5.31509718751));
#6440 = CARTESIAN_POINT('',(4.181666431432,5.31509718751));
#6441 = CARTESIAN_POINT('',(4.182906561458,5.31509718751));
#6442 = CARTESIAN_POINT('',(4.184765594858,5.31509718751));
#6443 = CARTESIAN_POINT('',(4.18538386975,5.31509718751));
#6444 = CARTESIAN_POINT('',(4.18600234868,5.31509718751));
#6445 = CARTESIAN_POINT('',(4.186621031649,5.31509718751));
#6446 = CARTESIAN_POINT('',(4.187239918658,5.31509718751));
#6447 = CARTESIAN_POINT('',(4.187859009705,5.31509718751));
#6448 = CARTESIAN_POINT('',(4.188478304791,5.31509718751));
#6449 = CARTESIAN_POINT('',(4.189097803915,5.31509718751));
#6450 = CARTESIAN_POINT('',(4.347339149349,5.315097187419));
#6451 = CARTESIAN_POINT('',(4.491919083867,5.315097187906));
#6452 = CARTESIAN_POINT('',(4.626964385704,5.315097186234));
#6453 = CARTESIAN_POINT('',(4.75511685352,5.315097187797));
#6454 = CARTESIAN_POINT('',(4.878462834799,5.315097186378));
#6455 = CARTESIAN_POINT('',(4.998707032117,5.315097188098));
#6456 = CARTESIAN_POINT('',(5.117404676065,5.315097187408));
#6457 = CARTESIAN_POINT('',(5.236103114012,5.31509718751));
#6458 = CARTESIAN_POINT('',(5.354801551849,5.315097187486));
#6459 = CARTESIAN_POINT('',(5.473501455427,5.315097187612));
#6460 = CARTESIAN_POINT('',(5.593750165517,5.315097186973));
#6461 = CARTESIAN_POINT('',(5.717103096252,5.315097186456));
#6462 = CARTESIAN_POINT('',(5.845265239332,5.315097186798));
#6463 = CARTESIAN_POINT('',(5.980323571873,5.315097187647));
#6464 = CARTESIAN_POINT('',(6.124920721448,5.315097187472));
#6465 = CARTESIAN_POINT('',(6.28318530718,5.31509718751));
#6466 = ( GEOMETRIC_REPRESENTATION_CONTEXT(2) 
PARAMETRIC_REPRESENTATION_CONTEXT() REPRESENTATION_CONTEXT('2D SPACE',''
  ) );
#6467 = FACE_BOUND('',#6468,.F.);
#6468 = EDGE_LOOP('',(#6469,#6470));
#6469 = ORIENTED_EDGE('',*,*,#4095,.F.);
#6470 = ORIENTED_EDGE('',*,*,#4215,.F.);
#6471 = ADVANCED_FACE('',(#6472),#4928,.T.);
#6472 = FACE_BOUND('',#6473,.T.);
#6473 = EDGE_LOOP('',(#6474,#6475,#6476,#6477));
#6474 = ORIENTED_EDGE('',*,*,#5026,.T.);
#6475 = ORIENTED_EDGE('',*,*,#4914,.T.);
#6476 = ORIENTED_EDGE('',*,*,#4983,.F.);
#6477 = ORIENTED_EDGE('',*,*,#5050,.F.);
#6478 = ADVANCED_FACE('',(#6479),#5105,.T.);
#6479 = FACE_BOUND('',#6480,.T.);
#6480 = EDGE_LOOP('',(#6481,#6482,#6503,#6504,#6505,#6506,#6527,#6528,
    #6529,#6530));
#6481 = ORIENTED_EDGE('',*,*,#5397,.T.);
#6482 = ORIENTED_EDGE('',*,*,#6483,.T.);
#6483 = EDGE_CURVE('',#5398,#5485,#6484,.T.);
#6484 = SURFACE_CURVE('',#6485,(#6489,#6496),.PCURVE_S1.);
#6485 = ( BOUNDED_CURVE() B_SPLINE_CURVE(2,(#6486,#6487,#6488),
.UNSPECIFIED.,.F.,.F.) B_SPLINE_CURVE_WITH_KNOTS((3,3),(0.,
1.570796326795),.PIECEWISE_BEZIER_KNOTS.) CURVE() 
GEOMETRIC_REPRESENTATION_ITEM() RATIONAL_B_SPLINE_CURVE((1.,
0.707106781187,1.)) REPRESENTATION_ITEM('') );
#6486 = CARTESIAN_POINT('',(183.,182.,14.596591500434));
#6487 = CARTESIAN_POINT('',(182.,182.,14.596591500434));
#6488 = CARTESIAN_POINT('',(182.,183.,14.596591500434));
#6489 = PCURVE('',#5105,#6490);
#6490 = DEFINITIONAL_REPRESENTATION('',(#6491),#6495);
#6491 = ( BOUNDED_CURVE() B_SPLINE_CURVE(2,(#6492,#6493,#6494),
.UNSPECIFIED.,.F.,.F.) B_SPLINE_CURVE_WITH_KNOTS((3,3),(0.,
1.570796326795),.PIECEWISE_BEZIER_KNOTS.) CURVE() 
GEOMETRIC_REPRESENTATION_ITEM() RATIONAL_B_SPLINE_CURVE((1.,
0.707106781187,1.)) REPRESENTATION_ITEM('') );
#6492 = CARTESIAN_POINT('',(3.,2.));
#6493 = CARTESIAN_POINT('',(2.,2.));
#6494 = CARTESIAN_POINT('',(2.,3.));
#6495 = ( GEOMETRIC_REPRESENTATION_CONTEXT(2) 
PARAMETRIC_REPRESENTATION_CONTEXT() REPRESENTATION_CONTEXT('2D SPACE',''
  ) );
#6496 = PCURVE('',#5379,#6497);
#6497 = DEFINITIONAL_REPRESENTATION('',(#6498),#6502);
#6498 = B_SPLINE_CURVE_WITH_KNOTS('',2,(#6499,#6500,#6501),
  .UNSPECIFIED.,.F.,.F.,(3,3),(0.,1.570796326795),
  .PIECEWISE_BEZIER_KNOTS.);
#6499 = CARTESIAN_POINT('',(0.,12.596591500434));
#6500 = CARTESIAN_POINT('',(0.785398163397,12.596591500434));
#6501 = CARTESIAN_POINT('',(1.570796326795,12.596591500434));
#6502 = ( GEOMETRIC_REPRESENTATION_CONTEXT(2) 
PARAMETRIC_REPRESENTATION_CONTEXT() REPRESENTATION_CONTEXT('2D SPACE',''
  ) );
#6503 = ORIENTED_EDGE('',*,*,#5484,.F.);
#6504 = ORIENTED_EDGE('',*,*,#5463,.F.);
#6505 = ORIENTED_EDGE('',*,*,#5301,.T.);
#6506 = ORIENTED_EDGE('',*,*,#6507,.T.);
#6507 = EDGE_CURVE('',#5304,#5184,#6508,.T.);
#6508 = SURFACE_CURVE('',#6509,(#6513,#6520),.PCURVE_S1.);
#6509 = ( BOUNDED_CURVE() B_SPLINE_CURVE(2,(#6510,#6511,#6512),
.UNSPECIFIED.,.F.,.F.) B_SPLINE_CURVE_WITH_KNOTS((3,3),(4.712388980385,
6.28318530718),.PIECEWISE_BEZIER_KNOTS.) CURVE() 
GEOMETRIC_REPRESENTATION_ITEM() RATIONAL_B_SPLINE_CURVE((1.,
0.707106781187,1.)) REPRESENTATION_ITEM('') );
#6510 = CARTESIAN_POINT('',(178.,183.,14.596591500434));
#6511 = CARTESIAN_POINT('',(178.,182.,14.596591500434));
#6512 = CARTESIAN_POINT('',(177.,182.,14.596591500434));
#6513 = PCURVE('',#5105,#6514);
#6514 = DEFINITIONAL_REPRESENTATION('',(#6515),#6519);
#6515 = ( BOUNDED_CURVE() B_SPLINE_CURVE(2,(#6516,#6517,#6518),
.UNSPECIFIED.,.F.,.F.) B_SPLINE_CURVE_WITH_KNOTS((3,3),(4.712388980385,
6.28318530718),.PIECEWISE_BEZIER_KNOTS.) CURVE() 
GEOMETRIC_REPRESENTATION_ITEM() RATIONAL_B_SPLINE_CURVE((1.,
0.707106781187,1.)) REPRESENTATION_ITEM('') );
#6516 = CARTESIAN_POINT('',(-2.,3.));
#6517 = CARTESIAN_POINT('',(-2.,2.));
#6518 = CARTESIAN_POINT('',(-3.,2.));
#6519 = ( GEOMETRIC_REPRESENTATION_CONTEXT(2) 
PARAMETRIC_REPRESENTATION_CONTEXT() REPRESENTATION_CONTEXT('2D SPACE',''
  ) );
#6520 = PCURVE('',#5197,#6521);
#6521 = DEFINITIONAL_REPRESENTATION('',(#6522),#6526);
#6522 = B_SPLINE_CURVE_WITH_KNOTS('',2,(#6523,#6524,#6525),
  .UNSPECIFIED.,.F.,.F.,(3,3),(4.712388980385,6.28318530718),
  .PIECEWISE_BEZIER_KNOTS.);
#6523 = CARTESIAN_POINT('',(0.,12.596591500434));
#6524 = CARTESIAN_POINT('',(0.785398163398,12.596591500434));
#6525 = CARTESIAN_POINT('',(1.570796326795,12.596591500434));
#6526 = ( GEOMETRIC_REPRESENTATION_CONTEXT(2) 
PARAMETRIC_REPRESENTATION_CONTEXT() REPRESENTATION_CONTEXT('2D SPACE',''
  ) );
#6527 = ORIENTED_EDGE('',*,*,#5211,.T.);
#6528 = ORIENTED_EDGE('',*,*,#5091,.T.);
#6529 = ORIENTED_EDGE('',*,*,#5160,.F.);
#6530 = ORIENTED_EDGE('',*,*,#5280,.F.);
#6531 = ADVANCED_FACE('',(#6532),#5197,.T.);
#6532 = FACE_BOUND('',#6533,.T.);
#6533 = EDGE_LOOP('',(#6534,#6535,#6536,#6537));
#6534 = ORIENTED_EDGE('',*,*,#5233,.T.);
#6535 = ORIENTED_EDGE('',*,*,#5183,.T.);
#6536 = ORIENTED_EDGE('',*,*,#6507,.F.);
#6537 = ORIENTED_EDGE('',*,*,#5323,.F.);
#6538 = ADVANCED_FACE('',(#6539),#5379,.T.);
#6539 = FACE_BOUND('',#6540,.T.);
#6540 = EDGE_LOOP('',(#6541,#6542,#6543,#6544));
#6541 = ORIENTED_EDGE('',*,*,#5365,.T.);
#6542 = ORIENTED_EDGE('',*,*,#5504,.T.);
#6543 = ORIENTED_EDGE('',*,*,#6483,.F.);
#6544 = ORIENTED_EDGE('',*,*,#5417,.F.);
#6545 = ADVANCED_FACE('',(#6546),#5995,.F.);
#6546 = FACE_BOUND('',#6547,.F.);
#6547 = EDGE_LOOP('',(#6548,#6549,#6569,#6570,#6571,#6572));
#6548 = ORIENTED_EDGE('',*,*,#6280,.F.);
#6549 = ORIENTED_EDGE('',*,*,#6550,.F.);
#6550 = EDGE_CURVE('',#5900,#6281,#6551,.T.);
#6551 = SEAM_CURVE('',#6552,(#6555,#6562),.PCURVE_S1.);
#6552 = B_SPLINE_CURVE_WITH_KNOTS('',1,(#6553,#6554),.UNSPECIFIED.,.F.,
  .F.,(2,2),(0.,5.31509718751),.PIECEWISE_BEZIER_KNOTS.);
#6553 = CARTESIAN_POINT('',(319.710474654,180.,-4.));
#6554 = CARTESIAN_POINT('',(319.710474654,180.,-9.31509718751));
#6555 = PCURVE('',#5995,#6556);
#6556 = DEFINITIONAL_REPRESENTATION('',(#6557),#6561);
#6557 = B_SPLINE_CURVE_WITH_KNOTS('',2,(#6558,#6559,#6560),
  .UNSPECIFIED.,.F.,.F.,(3,3),(0.,5.31509718751),
  .PIECEWISE_BEZIER_KNOTS.);
#6558 = CARTESIAN_POINT('',(0.,0.));
#6559 = CARTESIAN_POINT('',(0.,2.657548593755));
#6560 = CARTESIAN_POINT('',(0.,5.31509718751));
#6561 = ( GEOMETRIC_REPRESENTATION_CONTEXT(2) 
PARAMETRIC_REPRESENTATION_CONTEXT() REPRESENTATION_CONTEXT('2D SPACE',''
  ) );
#6562 = PCURVE('',#5995,#6563);
#6563 = DEFINITIONAL_REPRESENTATION('',(#6564),#6568);
#6564 = B_SPLINE_CURVE_WITH_KNOTS('',2,(#6565,#6566,#6567),
  .UNSPECIFIED.,.F.,.F.,(3,3),(0.,5.31509718751),
  .PIECEWISE_BEZIER_KNOTS.);
#6565 = CARTESIAN_POINT('',(6.28318530718,0.));
#6566 = CARTESIAN_POINT('',(6.28318530718,2.657548593755));
#6567 = CARTESIAN_POINT('',(6.28318530718,5.31509718751));
#6568 = ( GEOMETRIC_REPRESENTATION_CONTEXT(2) 
PARAMETRIC_REPRESENTATION_CONTEXT() REPRESENTATION_CONTEXT('2D SPACE',''
  ) );
#6569 = ORIENTED_EDGE('',*,*,#5899,.T.);
#6570 = ORIENTED_EDGE('',*,*,#6121,.T.);
#6571 = ORIENTED_EDGE('',*,*,#6550,.T.);
#6572 = ORIENTED_EDGE('',*,*,#6372,.F.);
#6573 = ( GEOMETRIC_REPRESENTATION_CONTEXT(3) 
GLOBAL_UNCERTAINTY_ASSIGNED_CONTEXT((#6577)) 
GLOBAL_UNIT_ASSIGNED_CONTEXT((#6574,#6575,#6576)) REPRESENTATION_CONTEXT
('Context #1','3D Context with UNIT and UNCERTAINTY') );
#6574 = ( LENGTH_UNIT() NAMED_UNIT(*) SI_UNIT(.MILLI.,.METRE.) );
#6575 = ( NAMED_UNIT(*) PLANE_ANGLE_UNIT() SI_UNIT($,.RADIAN.) );
#6576 = ( NAMED_UNIT(*) SI_UNIT($,.STERADIAN.) SOLID_ANGLE_UNIT() );
#6577 = UNCERTAINTY_MEASURE_WITH_UNIT(LENGTH_MEASURE(2.E-07),#6574,
  'distance_accuracy_value','confusion accuracy');
#6578 = PRODUCT_RELATED_PRODUCT_CATEGORY('part',$,(#7));
ENDSEC;
END-ISO-10303-21;
