ISO-10303-21;
HEADER;
FILE_NAME('Open CASCADE Shape Model','2026-10-02T23:45:30',('Author'),(
    'Open CASCADE'),'Open CASCADE STEP processor 7.9','Open CASCADE 7.9'
  ,'Unknown');
FILE_DESCRIPTION(('Open CASCADE Model'),'2;1');
FILE_SCHEMA((''));
ENDSEC;
DATA;
#1 = APPLICATION_PROTOCOL_DEFINITION('international standard',
  'automotive_design',2000,#2);
#2 = APPLICATION_CONTEXT(
  'core data for automotive mechanical design processes');
#3 = SHAPE_DEFINITION_REPRESENTATION(#4,#10);
#4 = PRODUCT_DEFINITION_SHAPE('','',#5);
#5 = PRODUCT_DEFINITION('design','',#6,#9);
#6 = PRODUCT_DEFINITION_FORMATION('','',#7);
#7 = PRODUCT('Open CASCADE STEP translator 7.9 1',
  'Open CASCADE STEP translator 7.9 1','',(#8));
#8 = PRODUCT_CONTEXT('',#2,'mechanical');
#9 = PRODUCT_DEFINITION_CONTEXT('part definition',#2,'design');
#10 = ADVANCED_BREP_SHAPE_REPRESENTATION('',(#11,#15),#8901);
#11 = AXIS2_PLACEMENT_3D('',#12,#13,#14);
#12 = CARTESIAN_POINT('',(0.,0.,0.));
#13 = DIRECTION('',(0.,0.,1.));
#14 = DIRECTION('',(1.,0.,-0.));
#15 = MANIFOLD_SOLID_BREP('',#16);
#16 = CLOSED_SHELL('',(#17,#1210,#1398,#1488,#1573,#1598,#1728,#1840,
    #1920,#2032,#2112,#2224,#2304,#2366,#2470,#2569,#2687,#2761,#2835,
    #2865,#3053,#3143,#3228,#3253,#3371,#3445,#3519,#3549,#3627,#3679,
    #3731,#3787,#3843,#3895,#3947,#3981,#4086,#4130,#4209,#4299,#4368,
    #4436,#4480,#4548,#4592,#4660,#4704,#4752,#5028,#5095,#5338,#5381,
    #5405,#5496,#5540,#5612,#5695,#5762,#5805,#5848,#5872,#5944,#5988,
    #6032,#6079,#6126,#6170,#6214,#6241,#6340,#6378,#6416,#6423,#6740,
    #6861,#6962,#7035,#7136,#7209,#7310,#7383,#7436,#7443,#7510,#7563,
    #7616,#7625,#7632,#7865,#7908,#7933,#7958,#7983,#8008,#8033,#8058,
    #8065,#8137,#8194,#8246,#8303,#8355,#8412,#8464,#8501,#8575,#8624,
    #8671,#8720,#8767,#8816,#8863,#8890));
#17 = ADVANCED_FACE('',(#18,#137,#408,#515,#622,#736,#850,#964),#31,.F.
  );
#18 = FACE_BOUND('',#19,.F.);
#19 = EDGE_LOOP('',(#20,#55,#83,#111));
#20 = ORIENTED_EDGE('',*,*,#21,.F.);
#21 = EDGE_CURVE('',#22,#24,#26,.T.);
#22 = VERTEX_POINT('',#23);
#23 = CARTESIAN_POINT('',(61.414213562373,218.16924437775,2.));
#24 = VERTEX_POINT('',#25);
#25 = CARTESIAN_POINT('',(61.414213562373,212.16924437775,2.));
#26 = SURFACE_CURVE('',#27,(#30,#41),.PCURVE_S1.);
#27 = B_SPLINE_CURVE_WITH_KNOTS('',1,(#28,#29),.UNSPECIFIED.,.F.,.F.,(2,
    2),(-1.,5.),.PIECEWISE_BEZIER_KNOTS.);
#28 = CARTESIAN_POINT('',(61.414213562373,218.16924437775,2.));
#29 = CARTESIAN_POINT('',(61.414213562373,212.16924437775,2.));
#30 = PCURVE('',#31,#36);
#31 = B_SPLINE_SURFACE_WITH_KNOTS('',1,1,(
    (#32,#33)
    ,(#34,#35
    )),.UNSPECIFIED.,.F.,.F.,.F.,(2,2),(2,2),(6.,254.),(6.,254.),
  .PIECEWISE_BEZIER_KNOTS.);
#32 = CARTESIAN_POINT('',(6.,254.,2.));
#33 = CARTESIAN_POINT('',(6.,6.,2.));
#34 = CARTESIAN_POINT('',(254.,254.,2.));
#35 = CARTESIAN_POINT('',(254.,6.,2.));
#36 = DEFINITIONAL_REPRESENTATION('',(#37),#40);
#37 = B_SPLINE_CURVE_WITH_KNOTS('',1,(#38,#39),.UNSPECIFIED.,.F.,.F.,(2,
    2),(-1.,5.),.PIECEWISE_BEZIER_KNOTS.);
#38 = CARTESIAN_POINT('',(61.414213562373,41.830755622245));
#39 = CARTESIAN_POINT('',(61.414213562373,47.830755622245));
#40 = ( GEOMETRIC_REPRESENTATION_CONTEXT(2) 
PARAMETRIC_REPRESENTATION_CONTEXT() REPRESENTATION_CONTEXT('2D SPACE',''
  ) );
#41 = PCURVE('',#42,#49);
#42 = ( BOUNDED_SURFACE() B_SPLINE_SURFACE(2,1,(
    (#43,#44)
    ,(#45,#46)
,(#47,#48
  )),.UNSPECIFIED.,.F.,.F.,.F.) B_SPLINE_SURFACE_WITH_KNOTS((3,3),(2,2),
  (0.,2.356194490192),(-1.,5.),.PIECEWISE_BEZIER_KNOTS.) 
GEOMETRIC_REPRESENTATION_ITEM() RATIONAL_B_SPLINE_SURFACE((
    (1.,1.)
    ,(0.382683432365,0.382683432365)
,(1.,1.))) REPRESENTATION_ITEM('') SURFACE() );
#43 = CARTESIAN_POINT('',(61.414213562373,218.16924437775,2.));
#44 = CARTESIAN_POINT('',(61.414213562373,212.16924437775,2.));
#45 = CARTESIAN_POINT('',(59.,218.16924437775,2.));
#46 = CARTESIAN_POINT('',(59.,212.16924437775,2.));
#47 = CARTESIAN_POINT('',(60.707106781187,218.16924437775,3.707106781187
    ));
#48 = CARTESIAN_POINT('',(60.707106781187,212.16924437775,3.707106781187
    ));
#49 = DEFINITIONAL_REPRESENTATION('',(#50),#54);
#50 = B_SPLINE_CURVE_WITH_KNOTS('',2,(#51,#52,#53),.UNSPECIFIED.,.F.,.F.
  ,(3,3),(-1.,5.),.PIECEWISE_BEZIER_KNOTS.);
#51 = CARTESIAN_POINT('',(9.060579978936E-15,-1.));
#52 = CARTESIAN_POINT('',(-1.758818466499E-14,2.));
#53 = CARTESIAN_POINT('',(9.060579978936E-15,5.));
#54 = ( GEOMETRIC_REPRESENTATION_CONTEXT(2) 
PARAMETRIC_REPRESENTATION_CONTEXT() REPRESENTATION_CONTEXT('2D SPACE',''
  ) );
#55 = ORIENTED_EDGE('',*,*,#56,.T.);
#56 = EDGE_CURVE('',#22,#57,#59,.T.);
#57 = VERTEX_POINT('',#58);
#58 = CARTESIAN_POINT('',(42.720291477227,218.16924437775,2.));
#59 = SURFACE_CURVE('',#60,(#63,#69),.PCURVE_S1.);
#60 = B_SPLINE_CURVE_WITH_KNOTS('',1,(#61,#62),.UNSPECIFIED.,.F.,.F.,(2,
    2),(-2.414213562373,16.279708522772),.PIECEWISE_BEZIER_KNOTS.);
#61 = CARTESIAN_POINT('',(61.414213562373,218.16924437775,2.));
#62 = CARTESIAN_POINT('',(42.720291477228,218.16924437775,2.));
#63 = PCURVE('',#31,#64);
#64 = DEFINITIONAL_REPRESENTATION('',(#65),#68);
#65 = B_SPLINE_CURVE_WITH_KNOTS('',1,(#66,#67),.UNSPECIFIED.,.F.,.F.,(2,
    2),(-2.414213562373,16.279708522772),.PIECEWISE_BEZIER_KNOTS.);
#66 = CARTESIAN_POINT('',(61.414213562373,41.830755622245));
#67 = CARTESIAN_POINT('',(42.720291477228,41.830755622245));
#68 = ( GEOMETRIC_REPRESENTATION_CONTEXT(2) 
PARAMETRIC_REPRESENTATION_CONTEXT() REPRESENTATION_CONTEXT('2D SPACE',''
  ) );
#69 = PCURVE('',#70,#77);
#70 = ( BOUNDED_SURFACE() B_SPLINE_SURFACE(2,1,(
    (#71,#72)
    ,(#73,#74)
,(#75,#76
  )),.UNSPECIFIED.,.F.,.F.,.F.) B_SPLINE_SURFACE_WITH_KNOTS((3,3),(2,2),
  (0.,1.570796326795),(-2.414213562373,16.279708522772),
.PIECEWISE_BEZIER_KNOTS.) GEOMETRIC_REPRESENTATION_ITEM() 
RATIONAL_B_SPLINE_SURFACE((
    (1.,1.)
    ,(0.707106781187,0.707106781187)
,(1.,1.))) REPRESENTATION_ITEM('') SURFACE() );
#71 = CARTESIAN_POINT('',(61.414213562373,218.16924437775,2.));
#72 = CARTESIAN_POINT('',(42.720291477228,218.16924437775,2.));
#73 = CARTESIAN_POINT('',(61.414213562373,217.16924437775,2.));
#74 = CARTESIAN_POINT('',(42.720291477228,217.16924437775,2.));
#75 = CARTESIAN_POINT('',(61.414213562373,217.16924437775,3.));
#76 = CARTESIAN_POINT('',(42.720291477228,217.16924437775,3.));
#77 = DEFINITIONAL_REPRESENTATION('',(#78),#82);
#78 = B_SPLINE_CURVE_WITH_KNOTS('',2,(#79,#80,#81),.UNSPECIFIED.,.F.,.F.
  ,(3,3),(-2.414213562373,16.279708522772),.PIECEWISE_BEZIER_KNOTS.);
#79 = CARTESIAN_POINT('',(-3.156858197541E-14,-2.414213562373));
#80 = CARTESIAN_POINT('',(-1.747939346553E-14,6.9327474802));
#81 = CARTESIAN_POINT('',(0.,16.279708522772));
#82 = ( GEOMETRIC_REPRESENTATION_CONTEXT(2) 
PARAMETRIC_REPRESENTATION_CONTEXT() REPRESENTATION_CONTEXT('2D SPACE',''
  ) );
#83 = ORIENTED_EDGE('',*,*,#84,.T.);
#84 = EDGE_CURVE('',#57,#85,#87,.T.);
#85 = VERTEX_POINT('',#86);
#86 = CARTESIAN_POINT('',(42.720291477227,212.16924437775,2.));
#87 = SURFACE_CURVE('',#88,(#91,#97),.PCURVE_S1.);
#88 = B_SPLINE_CURVE_WITH_KNOTS('',1,(#89,#90),.UNSPECIFIED.,.F.,.F.,(2,
    2),(-1.,5.),.PIECEWISE_BEZIER_KNOTS.);
#89 = CARTESIAN_POINT('',(42.720291477228,218.16924437775,2.));
#90 = CARTESIAN_POINT('',(42.720291477228,212.16924437775,2.));
#91 = PCURVE('',#31,#92);
#92 = DEFINITIONAL_REPRESENTATION('',(#93),#96);
#93 = B_SPLINE_CURVE_WITH_KNOTS('',1,(#94,#95),.UNSPECIFIED.,.F.,.F.,(2,
    2),(-1.,5.),.PIECEWISE_BEZIER_KNOTS.);
#94 = CARTESIAN_POINT('',(42.720291477228,41.830755622245));
#95 = CARTESIAN_POINT('',(42.720291477228,47.830755622245));
#96 = ( GEOMETRIC_REPRESENTATION_CONTEXT(2) 
PARAMETRIC_REPRESENTATION_CONTEXT() REPRESENTATION_CONTEXT('2D SPACE',''
  ) );
#97 = PCURVE('',#98,#105);
#98 = ( BOUNDED_SURFACE() B_SPLINE_SURFACE(2,1,(
    (#99,#100)
    ,(#101,#102)
,(#103,#104
    )),.UNSPECIFIED.,.F.,.F.,.F.) B_SPLINE_SURFACE_WITH_KNOTS((3,3),(2,2
    ),(0.,0.785398163397),(-1.,5.),.PIECEWISE_BEZIER_KNOTS.) 
GEOMETRIC_REPRESENTATION_ITEM() RATIONAL_B_SPLINE_SURFACE((
    (1.,1.)
    ,(0.923879532511,0.923879532511)
,(1.,1.))) REPRESENTATION_ITEM('') SURFACE() );
#99 = CARTESIAN_POINT('',(42.720291477228,218.16924437775,2.));
#100 = CARTESIAN_POINT('',(42.720291477228,212.16924437775,2.));
#101 = CARTESIAN_POINT('',(43.134505039601,218.16924437775,2.));
#102 = CARTESIAN_POINT('',(43.134505039601,212.16924437775,2.));
#103 = CARTESIAN_POINT('',(43.427398258414,218.16924437775,
    2.292893218813));
#104 = CARTESIAN_POINT('',(43.427398258414,212.16924437775,
    2.292893218813));
#105 = DEFINITIONAL_REPRESENTATION('',(#106),#110);
#106 = B_SPLINE_CURVE_WITH_KNOTS('',2,(#107,#108,#109),.UNSPECIFIED.,.F.
  ,.F.,(3,3),(-1.,5.),.PIECEWISE_BEZIER_KNOTS.);
#107 = CARTESIAN_POINT('',(0.,-1.));
#108 = CARTESIAN_POINT('',(0.,2.));
#109 = CARTESIAN_POINT('',(0.,5.));
#110 = ( GEOMETRIC_REPRESENTATION_CONTEXT(2) 
PARAMETRIC_REPRESENTATION_CONTEXT() REPRESENTATION_CONTEXT('2D SPACE',''
  ) );
#111 = ORIENTED_EDGE('',*,*,#112,.F.);
#112 = EDGE_CURVE('',#24,#85,#113,.T.);
#113 = SURFACE_CURVE('',#114,(#117,#123),.PCURVE_S1.);
#114 = B_SPLINE_CURVE_WITH_KNOTS('',1,(#115,#116),.UNSPECIFIED.,.F.,.F.,
  (2,2),(-2.414213562373,16.279708522772),.PIECEWISE_BEZIER_KNOTS.);
#115 = CARTESIAN_POINT('',(61.414213562373,212.16924437775,2.));
#116 = CARTESIAN_POINT('',(42.720291477228,212.16924437775,2.));
#117 = PCURVE('',#31,#118);
#118 = DEFINITIONAL_REPRESENTATION('',(#119),#122);
#119 = B_SPLINE_CURVE_WITH_KNOTS('',1,(#120,#121),.UNSPECIFIED.,.F.,.F.,
  (2,2),(-2.414213562373,16.279708522772),.PIECEWISE_BEZIER_KNOTS.);
#120 = CARTESIAN_POINT('',(61.414213562373,47.830755622245));
#121 = CARTESIAN_POINT('',(42.720291477228,47.830755622245));
#122 = ( GEOMETRIC_REPRESENTATION_CONTEXT(2) 
PARAMETRIC_REPRESENTATION_CONTEXT() REPRESENTATION_CONTEXT('2D SPACE',''
  ) );
#123 = PCURVE('',#124,#131);
#124 = ( BOUNDED_SURFACE() B_SPLINE_SURFACE(2,1,(
    (#125,#126)
    ,(#127,#128)
,(#129,#130
    )),.UNSPECIFIED.,.F.,.F.,.F.) B_SPLINE_SURFACE_WITH_KNOTS((3,3),(2,2
    ),(0.,1.570796326795),(-2.414213562373,16.279708522772),
.PIECEWISE_BEZIER_KNOTS.) GEOMETRIC_REPRESENTATION_ITEM() 
RATIONAL_B_SPLINE_SURFACE((
    (1.,1.)
    ,(0.707106781187,0.707106781187)
,(1.,1.))) REPRESENTATION_ITEM('') SURFACE() );
#125 = CARTESIAN_POINT('',(61.414213562373,212.16924437775,2.));
#126 = CARTESIAN_POINT('',(42.720291477228,212.16924437775,2.));
#127 = CARTESIAN_POINT('',(61.414213562373,213.16924437775,2.));
#128 = CARTESIAN_POINT('',(42.720291477228,213.16924437775,2.));
#129 = CARTESIAN_POINT('',(61.414213562373,213.16924437775,3.));
#130 = CARTESIAN_POINT('',(42.720291477228,213.16924437775,3.));
#131 = DEFINITIONAL_REPRESENTATION('',(#132),#136);
#132 = B_SPLINE_CURVE_WITH_KNOTS('',2,(#133,#134,#135),.UNSPECIFIED.,.F.
  ,.F.,(3,3),(-2.414213562373,16.279708522772),
  .PIECEWISE_BEZIER_KNOTS.);
#133 = CARTESIAN_POINT('',(0.,-2.414213562373));
#134 = CARTESIAN_POINT('',(0.,6.9327474802));
#135 = CARTESIAN_POINT('',(0.,16.279708522772));
#136 = ( GEOMETRIC_REPRESENTATION_CONTEXT(2) 
PARAMETRIC_REPRESENTATION_CONTEXT() REPRESENTATION_CONTEXT('2D SPACE',''
  ) );
#137 = FACE_BOUND('',#138,.F.);
#138 = EDGE_LOOP('',(#139,#169,#227,#255,#288,#316,#349,#377));
#139 = ORIENTED_EDGE('',*,*,#140,.F.);
#140 = EDGE_CURVE('',#141,#143,#145,.T.);
#141 = VERTEX_POINT('',#142);
#142 = CARTESIAN_POINT('',(6.,245.,2.));
#143 = VERTEX_POINT('',#144);
#144 = CARTESIAN_POINT('',(6.,15.,2.));
#145 = SURFACE_CURVE('',#146,(#149,#155),.PCURVE_S1.);
#146 = B_SPLINE_CURVE_WITH_KNOTS('',1,(#147,#148),.UNSPECIFIED.,.F.,.F.,
  (2,2),(-0.,230.),.PIECEWISE_BEZIER_KNOTS.);
#147 = CARTESIAN_POINT('',(6.,245.,2.));
#148 = CARTESIAN_POINT('',(6.,15.,2.));
#149 = PCURVE('',#31,#150);
#150 = DEFINITIONAL_REPRESENTATION('',(#151),#154);
#151 = B_SPLINE_CURVE_WITH_KNOTS('',1,(#152,#153),.UNSPECIFIED.,.F.,.F.,
  (2,2),(-0.,230.),.PIECEWISE_BEZIER_KNOTS.);
#152 = CARTESIAN_POINT('',(6.,15.));
#153 = CARTESIAN_POINT('',(6.,245.));
#154 = ( GEOMETRIC_REPRESENTATION_CONTEXT(2) 
PARAMETRIC_REPRESENTATION_CONTEXT() REPRESENTATION_CONTEXT('2D SPACE',''
  ) );
#155 = PCURVE('',#156,#163);
#156 = ( BOUNDED_SURFACE() B_SPLINE_SURFACE(2,1,(
    (#157,#158)
    ,(#159,#160)
,(#161,#162
    )),.UNSPECIFIED.,.F.,.F.,.F.) B_SPLINE_SURFACE_WITH_KNOTS((3,3),(2,2
    ),(0.,1.570796326795),(0.,230.),.PIECEWISE_BEZIER_KNOTS.) 
GEOMETRIC_REPRESENTATION_ITEM() RATIONAL_B_SPLINE_SURFACE((
    (1.,1.)
    ,(0.707106781187,0.707106781187)
,(1.,1.))) REPRESENTATION_ITEM('') SURFACE() );
#157 = CARTESIAN_POINT('',(-2.,245.,-6.));
#158 = CARTESIAN_POINT('',(-2.,15.,-6.));
#159 = CARTESIAN_POINT('',(-2.,245.,2.));
#160 = CARTESIAN_POINT('',(-2.,15.,2.));
#161 = CARTESIAN_POINT('',(6.,245.,2.));
#162 = CARTESIAN_POINT('',(6.,15.,2.));
#163 = DEFINITIONAL_REPRESENTATION('',(#164),#168);
#164 = B_SPLINE_CURVE_WITH_KNOTS('',2,(#165,#166,#167),.UNSPECIFIED.,.F.
  ,.F.,(3,3),(-0.,230.),.PIECEWISE_BEZIER_KNOTS.);
#165 = CARTESIAN_POINT('',(1.570796326795,2.84217094304E-14));
#166 = CARTESIAN_POINT('',(1.570796326795,115.));
#167 = CARTESIAN_POINT('',(1.570796326795,230.));
#168 = ( GEOMETRIC_REPRESENTATION_CONTEXT(2) 
PARAMETRIC_REPRESENTATION_CONTEXT() REPRESENTATION_CONTEXT('2D SPACE',''
  ) );
#169 = ORIENTED_EDGE('',*,*,#170,.F.);
#170 = EDGE_CURVE('',#171,#141,#173,.T.);
#171 = VERTEX_POINT('',#172);
#172 = CARTESIAN_POINT('',(15.,254.,2.));
#173 = SURFACE_CURVE('',#174,(#184,#197),.PCURVE_S1.);
#174 = B_SPLINE_CURVE_WITH_KNOTS('',8,(#175,#176,#177,#178,#179,#180,
    #181,#182,#183),.UNSPECIFIED.,.F.,.F.,(9,9),(-2.22044604925E-16,
    1.570796326795),.PIECEWISE_BEZIER_KNOTS.);
#175 = CARTESIAN_POINT('',(15.,254.,2.));
#176 = CARTESIAN_POINT('',(13.232854132356,254.,2.));
#177 = CARTESIAN_POINT('',(11.465707708462,253.60345289934,2.));
#178 = CARTESIAN_POINT('',(9.802380890985,252.81036259284,2.));
#179 = CARTESIAN_POINT('',(8.346671197981,251.65332880201,2.));
#180 = CARTESIAN_POINT('',(7.189637407157,250.19761910901,2.));
#181 = CARTESIAN_POINT('',(6.396547100651,248.53429229153,2.));
#182 = CARTESIAN_POINT('',(6.,246.76714586764,2.));
#183 = CARTESIAN_POINT('',(6.,245.,2.));
#184 = PCURVE('',#31,#185);
#185 = DEFINITIONAL_REPRESENTATION('',(#186),#196);
#186 = B_SPLINE_CURVE_WITH_KNOTS('',8,(#187,#188,#189,#190,#191,#192,
    #193,#194,#195),.UNSPECIFIED.,.F.,.F.,(9,9),(-2.22044604925E-16,
    1.570796326795),.PIECEWISE_BEZIER_KNOTS.);
#187 = CARTESIAN_POINT('',(15.,6.));
#188 = CARTESIAN_POINT('',(13.232854132356,6.));
#189 = CARTESIAN_POINT('',(11.465707708462,6.396547100651));
#190 = CARTESIAN_POINT('',(9.802380890985,7.189637407157));
#191 = CARTESIAN_POINT('',(8.346671197981,8.346671197981));
#192 = CARTESIAN_POINT('',(7.189637407157,9.802380890984));
#193 = CARTESIAN_POINT('',(6.396547100651,11.465707708463));
#194 = CARTESIAN_POINT('',(6.,13.232854132355));
#195 = CARTESIAN_POINT('',(6.,15.));
#196 = ( GEOMETRIC_REPRESENTATION_CONTEXT(2) 
PARAMETRIC_REPRESENTATION_CONTEXT() REPRESENTATION_CONTEXT('2D SPACE',''
  ) );
#197 = PCURVE('',#198,#208);
#198 = ( BOUNDED_SURFACE() B_SPLINE_SURFACE(2,2,(
    (#199,#200,#201)
    ,(#202,#203,#204)
    ,(#205,#206,#207
)),.UNSPECIFIED.,.F.,.F.,.F.) B_SPLINE_SURFACE_WITH_KNOTS((3,3),(3,3),(
    0.,1.570796326795),(0.,1.570796326795),.PIECEWISE_BEZIER_KNOTS.) 
GEOMETRIC_REPRESENTATION_ITEM() RATIONAL_B_SPLINE_SURFACE((
    (1.,0.707106781187,1.)
    ,(0.707106781187,0.5,0.707106781187)
,(1.,0.707106781187,1.))) REPRESENTATION_ITEM('') SURFACE() );
#199 = CARTESIAN_POINT('',(15.,262.,-6.));
#200 = CARTESIAN_POINT('',(15.,262.,2.));
#201 = CARTESIAN_POINT('',(15.,254.,2.));
#202 = CARTESIAN_POINT('',(-2.,262.,-6.));
#203 = CARTESIAN_POINT('',(-2.,262.,2.));
#204 = CARTESIAN_POINT('',(6.,254.,2.));
#205 = CARTESIAN_POINT('',(-2.,245.,-6.));
#206 = CARTESIAN_POINT('',(-2.,245.,2.));
#207 = CARTESIAN_POINT('',(6.,245.,2.));
#208 = DEFINITIONAL_REPRESENTATION('',(#209),#226);
#209 = B_SPLINE_CURVE_WITH_KNOTS('',8,(#210,#211,#212,#213,#214,#215,
    #216,#217,#218,#219,#220,#221,#222,#223,#224,#225),.UNSPECIFIED.,.F.
  ,.F.,(9,7,9),(-2.22044604925E-16,0.785398163397,1.570796326795),
  .UNSPECIFIED.);
#210 = CARTESIAN_POINT('',(2.164079225112E-16,1.570796326795));
#211 = CARTESIAN_POINT('',(0.109044751179,1.570796326878));
#212 = CARTESIAN_POINT('',(0.213021722715,1.570796343371));
#213 = CARTESIAN_POINT('',(0.313143661278,1.57079630559));
#214 = CARTESIAN_POINT('',(0.410361978817,1.570796333222));
#215 = CARTESIAN_POINT('',(0.505488163988,1.570796325678));
#216 = CARTESIAN_POINT('',(0.599247116742,1.570796328072));
#217 = CARTESIAN_POINT('',(0.692322648463,1.570796326806));
#218 = CARTESIAN_POINT('',(0.878473678329,1.570796326772));
#219 = CARTESIAN_POINT('',(0.971549210072,1.570796328262));
#220 = CARTESIAN_POINT('',(1.065308162657,1.570796325081));
#221 = CARTESIAN_POINT('',(1.160434347726,1.570796334073));
#222 = CARTESIAN_POINT('',(1.257652665327,1.570796305111));
#223 = CARTESIAN_POINT('',(1.357774604056,1.570796343498));
#224 = CARTESIAN_POINT('',(1.461751575613,1.570796326846));
#225 = CARTESIAN_POINT('',(1.570796326795,1.570796326795));
#226 = ( GEOMETRIC_REPRESENTATION_CONTEXT(2) 
PARAMETRIC_REPRESENTATION_CONTEXT() REPRESENTATION_CONTEXT('2D SPACE',''
  ) );
#227 = ORIENTED_EDGE('',*,*,#228,.F.);
#228 = EDGE_CURVE('',#229,#171,#231,.T.);
#229 = VERTEX_POINT('',#230);
#230 = CARTESIAN_POINT('',(245.,254.,2.));
#231 = SURFACE_CURVE('',#232,(#235,#241),.PCURVE_S1.);
#232 = B_SPLINE_CURVE_WITH_KNOTS('',1,(#233,#234),.UNSPECIFIED.,.F.,.F.,
  (2,2),(-0.,230.),.PIECEWISE_BEZIER_KNOTS.);
#233 = CARTESIAN_POINT('',(245.,254.,2.));
#234 = CARTESIAN_POINT('',(15.,254.,2.));
#235 = PCURVE('',#31,#236);
#236 = DEFINITIONAL_REPRESENTATION('',(#237),#240);
#237 = B_SPLINE_CURVE_WITH_KNOTS('',1,(#238,#239),.UNSPECIFIED.,.F.,.F.,
  (2,2),(-0.,230.),.PIECEWISE_BEZIER_KNOTS.);
#238 = CARTESIAN_POINT('',(245.,6.));
#239 = CARTESIAN_POINT('',(15.,6.));
#240 = ( GEOMETRIC_REPRESENTATION_CONTEXT(2) 
PARAMETRIC_REPRESENTATION_CONTEXT() REPRESENTATION_CONTEXT('2D SPACE',''
  ) );
#241 = PCURVE('',#242,#249);
#242 = ( BOUNDED_SURFACE() B_SPLINE_SURFACE(2,1,(
    (#243,#244)
    ,(#245,#246)
,(#247,#248
    )),.UNSPECIFIED.,.F.,.F.,.F.) B_SPLINE_SURFACE_WITH_KNOTS((3,3),(2,2
    ),(0.,1.570796326795),(0.,230.),.PIECEWISE_BEZIER_KNOTS.) 
GEOMETRIC_REPRESENTATION_ITEM() RATIONAL_B_SPLINE_SURFACE((
    (1.,1.)
    ,(0.707106781187,0.707106781187)
,(1.,1.))) REPRESENTATION_ITEM('') SURFACE() );
#243 = CARTESIAN_POINT('',(245.,262.,-6.));
#244 = CARTESIAN_POINT('',(15.,262.,-6.));
#245 = CARTESIAN_POINT('',(245.,262.,2.));
#246 = CARTESIAN_POINT('',(15.,262.,2.));
#247 = CARTESIAN_POINT('',(245.,254.,2.));
#248 = CARTESIAN_POINT('',(15.,254.,2.));
#249 = DEFINITIONAL_REPRESENTATION('',(#250),#254);
#250 = B_SPLINE_CURVE_WITH_KNOTS('',2,(#251,#252,#253),.UNSPECIFIED.,.F.
  ,.F.,(3,3),(-0.,230.),.PIECEWISE_BEZIER_KNOTS.);
#251 = CARTESIAN_POINT('',(1.570796326795,2.84217094304E-14));
#252 = CARTESIAN_POINT('',(1.570796326795,115.));
#253 = CARTESIAN_POINT('',(1.570796326795,230.));
#254 = ( GEOMETRIC_REPRESENTATION_CONTEXT(2) 
PARAMETRIC_REPRESENTATION_CONTEXT() REPRESENTATION_CONTEXT('2D SPACE',''
  ) );
#255 = ORIENTED_EDGE('',*,*,#256,.F.);
#256 = EDGE_CURVE('',#257,#229,#259,.T.);
#257 = VERTEX_POINT('',#258);
#258 = CARTESIAN_POINT('',(254.,245.,2.));
#259 = SURFACE_CURVE('',#260,(#264,#271),.PCURVE_S1.);
#260 = ( BOUNDED_CURVE() B_SPLINE_CURVE(2,(#261,#262,#263),
.UNSPECIFIED.,.F.,.F.) B_SPLINE_CURVE_WITH_KNOTS((3,3),(0.,
1.570796326795),.PIECEWISE_BEZIER_KNOTS.) CURVE() 
GEOMETRIC_REPRESENTATION_ITEM() RATIONAL_B_SPLINE_CURVE((1.,
0.707106781187,1.)) REPRESENTATION_ITEM('') );
#261 = CARTESIAN_POINT('',(254.,245.,2.));
#262 = CARTESIAN_POINT('',(254.,254.,2.));
#263 = CARTESIAN_POINT('',(245.,254.,2.));
#264 = PCURVE('',#31,#265);
#265 = DEFINITIONAL_REPRESENTATION('',(#266),#270);
#266 = ( BOUNDED_CURVE() B_SPLINE_CURVE(2,(#267,#268,#269),
.UNSPECIFIED.,.F.,.F.) B_SPLINE_CURVE_WITH_KNOTS((3,3),(0.,
1.570796326795),.PIECEWISE_BEZIER_KNOTS.) CURVE() 
GEOMETRIC_REPRESENTATION_ITEM() RATIONAL_B_SPLINE_CURVE((1.,
0.707106781187,1.)) REPRESENTATION_ITEM('') );
#267 = CARTESIAN_POINT('',(254.,15.));
#268 = CARTESIAN_POINT('',(254.,6.));
#269 = CARTESIAN_POINT('',(245.,6.));
#270 = ( GEOMETRIC_REPRESENTATION_CONTEXT(2) 
PARAMETRIC_REPRESENTATION_CONTEXT() REPRESENTATION_CONTEXT('2D SPACE',''
  ) );
#271 = PCURVE('',#272,#282);
#272 = ( BOUNDED_SURFACE() B_SPLINE_SURFACE(2,2,(
    (#273,#274,#275)
    ,(#276,#277,#278)
    ,(#279,#280,#281
)),.UNSPECIFIED.,.F.,.F.,.F.) B_SPLINE_SURFACE_WITH_KNOTS((3,3),(3,3),(
    0.,1.570796326795),(0.,1.570796326795),.PIECEWISE_BEZIER_KNOTS.) 
GEOMETRIC_REPRESENTATION_ITEM() RATIONAL_B_SPLINE_SURFACE((
    (1.,0.707106781187,1.)
    ,(0.707106781187,0.5,0.707106781187)
,(1.,0.707106781187,1.))) REPRESENTATION_ITEM('') SURFACE() );
#273 = CARTESIAN_POINT('',(262.,245.,-6.));
#274 = CARTESIAN_POINT('',(262.,245.,2.));
#275 = CARTESIAN_POINT('',(254.,245.,2.));
#276 = CARTESIAN_POINT('',(262.,262.,-6.));
#277 = CARTESIAN_POINT('',(262.,262.,2.));
#278 = CARTESIAN_POINT('',(254.,254.,2.));
#279 = CARTESIAN_POINT('',(245.,262.,-6.));
#280 = CARTESIAN_POINT('',(245.,262.,2.));
#281 = CARTESIAN_POINT('',(245.,254.,2.));
#282 = DEFINITIONAL_REPRESENTATION('',(#283),#287);
#283 = B_SPLINE_CURVE_WITH_KNOTS('',2,(#284,#285,#286),.UNSPECIFIED.,.F.
  ,.F.,(3,3),(0.,1.570796326795),.PIECEWISE_BEZIER_KNOTS.);
#284 = CARTESIAN_POINT('',(0.,1.570796326795));
#285 = CARTESIAN_POINT('',(0.785398163397,1.570796326795));
#286 = CARTESIAN_POINT('',(1.570796326795,1.570796326795));
#287 = ( GEOMETRIC_REPRESENTATION_CONTEXT(2) 
PARAMETRIC_REPRESENTATION_CONTEXT() REPRESENTATION_CONTEXT('2D SPACE',''
  ) );
#288 = ORIENTED_EDGE('',*,*,#289,.F.);
#289 = EDGE_CURVE('',#290,#257,#292,.T.);
#290 = VERTEX_POINT('',#291);
#291 = CARTESIAN_POINT('',(254.,15.,2.));
#292 = SURFACE_CURVE('',#293,(#296,#302),.PCURVE_S1.);
#293 = B_SPLINE_CURVE_WITH_KNOTS('',1,(#294,#295),.UNSPECIFIED.,.F.,.F.,
  (2,2),(0.,230.),.PIECEWISE_BEZIER_KNOTS.);
#294 = CARTESIAN_POINT('',(254.,15.,2.));
#295 = CARTESIAN_POINT('',(254.,245.,2.));
#296 = PCURVE('',#31,#297);
#297 = DEFINITIONAL_REPRESENTATION('',(#298),#301);
#298 = B_SPLINE_CURVE_WITH_KNOTS('',1,(#299,#300),.UNSPECIFIED.,.F.,.F.,
  (2,2),(0.,230.),.PIECEWISE_BEZIER_KNOTS.);
#299 = CARTESIAN_POINT('',(254.,245.));
#300 = CARTESIAN_POINT('',(254.,15.));
#301 = ( GEOMETRIC_REPRESENTATION_CONTEXT(2) 
PARAMETRIC_REPRESENTATION_CONTEXT() REPRESENTATION_CONTEXT('2D SPACE',''
  ) );
#302 = PCURVE('',#303,#310);
#303 = ( BOUNDED_SURFACE() B_SPLINE_SURFACE(2,1,(
    (#304,#305)
    ,(#306,#307)
,(#308,#309
    )),.UNSPECIFIED.,.F.,.F.,.F.) B_SPLINE_SURFACE_WITH_KNOTS((3,3),(2,2
    ),(0.,1.570796326795),(0.,230.),.PIECEWISE_BEZIER_KNOTS.) 
GEOMETRIC_REPRESENTATION_ITEM() RATIONAL_B_SPLINE_SURFACE((
    (1.,1.)
    ,(0.707106781187,0.707106781187)
,(1.,1.))) REPRESENTATION_ITEM('') SURFACE() );
#304 = CARTESIAN_POINT('',(262.,15.,-6.));
#305 = CARTESIAN_POINT('',(262.,245.,-6.));
#306 = CARTESIAN_POINT('',(262.,15.,2.));
#307 = CARTESIAN_POINT('',(262.,245.,2.));
#308 = CARTESIAN_POINT('',(254.,15.,2.));
#309 = CARTESIAN_POINT('',(254.,245.,2.));
#310 = DEFINITIONAL_REPRESENTATION('',(#311),#315);
#311 = B_SPLINE_CURVE_WITH_KNOTS('',2,(#312,#313,#314),.UNSPECIFIED.,.F.
  ,.F.,(3,3),(0.,230.),.PIECEWISE_BEZIER_KNOTS.);
#312 = CARTESIAN_POINT('',(1.570796326795,-8.881784197001E-15));
#313 = CARTESIAN_POINT('',(1.570796326795,115.));
#314 = CARTESIAN_POINT('',(1.570796326795,230.));
#315 = ( GEOMETRIC_REPRESENTATION_CONTEXT(2) 
PARAMETRIC_REPRESENTATION_CONTEXT() REPRESENTATION_CONTEXT('2D SPACE',''
  ) );
#316 = ORIENTED_EDGE('',*,*,#317,.F.);
#317 = EDGE_CURVE('',#318,#290,#320,.T.);
#318 = VERTEX_POINT('',#319);
#319 = CARTESIAN_POINT('',(245.,6.,2.));
#320 = SURFACE_CURVE('',#321,(#325,#332),.PCURVE_S1.);
#321 = ( BOUNDED_CURVE() B_SPLINE_CURVE(2,(#322,#323,#324),
.UNSPECIFIED.,.F.,.F.) B_SPLINE_CURVE_WITH_KNOTS((3,3),(0.,
1.570796326795),.PIECEWISE_BEZIER_KNOTS.) CURVE() 
GEOMETRIC_REPRESENTATION_ITEM() RATIONAL_B_SPLINE_CURVE((1.,
0.707106781187,1.)) REPRESENTATION_ITEM('') );
#322 = CARTESIAN_POINT('',(245.,6.,2.));
#323 = CARTESIAN_POINT('',(254.,6.,2.));
#324 = CARTESIAN_POINT('',(254.,15.,2.));
#325 = PCURVE('',#31,#326);
#326 = DEFINITIONAL_REPRESENTATION('',(#327),#331);
#327 = ( BOUNDED_CURVE() B_SPLINE_CURVE(2,(#328,#329,#330),
.UNSPECIFIED.,.F.,.F.) B_SPLINE_CURVE_WITH_KNOTS((3,3),(0.,
1.570796326795),.PIECEWISE_BEZIER_KNOTS.) CURVE() 
GEOMETRIC_REPRESENTATION_ITEM() RATIONAL_B_SPLINE_CURVE((1.,
0.707106781187,1.)) REPRESENTATION_ITEM('') );
#328 = CARTESIAN_POINT('',(245.,254.));
#329 = CARTESIAN_POINT('',(254.,254.));
#330 = CARTESIAN_POINT('',(254.,245.));
#331 = ( GEOMETRIC_REPRESENTATION_CONTEXT(2) 
PARAMETRIC_REPRESENTATION_CONTEXT() REPRESENTATION_CONTEXT('2D SPACE',''
  ) );
#332 = PCURVE('',#333,#343);
#333 = ( BOUNDED_SURFACE() B_SPLINE_SURFACE(2,2,(
    (#334,#335,#336)
    ,(#337,#338,#339)
    ,(#340,#341,#342
)),.UNSPECIFIED.,.F.,.F.,.F.) B_SPLINE_SURFACE_WITH_KNOTS((3,3),(3,3),(
    0.,1.570796326795),(0.,1.570796326795),.PIECEWISE_BEZIER_KNOTS.) 
GEOMETRIC_REPRESENTATION_ITEM() RATIONAL_B_SPLINE_SURFACE((
    (1.,0.707106781187,1.)
    ,(0.707106781187,0.5,0.707106781187)
,(1.,0.707106781187,1.))) REPRESENTATION_ITEM('') SURFACE() );
#334 = CARTESIAN_POINT('',(245.,-2.,-6.));
#335 = CARTESIAN_POINT('',(245.,-2.,2.));
#336 = CARTESIAN_POINT('',(245.,6.,2.));
#337 = CARTESIAN_POINT('',(262.,-2.,-6.));
#338 = CARTESIAN_POINT('',(262.,-2.,2.));
#339 = CARTESIAN_POINT('',(254.,6.,2.));
#340 = CARTESIAN_POINT('',(262.,15.,-6.));
#341 = CARTESIAN_POINT('',(262.,15.,2.));
#342 = CARTESIAN_POINT('',(254.,15.,2.));
#343 = DEFINITIONAL_REPRESENTATION('',(#344),#348);
#344 = B_SPLINE_CURVE_WITH_KNOTS('',2,(#345,#346,#347),.UNSPECIFIED.,.F.
  ,.F.,(3,3),(0.,1.570796326795),.PIECEWISE_BEZIER_KNOTS.);
#345 = CARTESIAN_POINT('',(0.,1.570796326795));
#346 = CARTESIAN_POINT('',(0.785398163397,1.570796326795));
#347 = CARTESIAN_POINT('',(1.570796326795,1.570796326795));
#348 = ( GEOMETRIC_REPRESENTATION_CONTEXT(2) 
PARAMETRIC_REPRESENTATION_CONTEXT() REPRESENTATION_CONTEXT('2D SPACE',''
  ) );
#349 = ORIENTED_EDGE('',*,*,#350,.F.);
#350 = EDGE_CURVE('',#351,#318,#353,.T.);
#351 = VERTEX_POINT('',#352);
#352 = CARTESIAN_POINT('',(15.,6.,2.));
#353 = SURFACE_CURVE('',#354,(#357,#363),.PCURVE_S1.);
#354 = B_SPLINE_CURVE_WITH_KNOTS('',1,(#355,#356),.UNSPECIFIED.,.F.,.F.,
  (2,2),(0.,230.),.PIECEWISE_BEZIER_KNOTS.);
#355 = CARTESIAN_POINT('',(15.,6.,2.));
#356 = CARTESIAN_POINT('',(245.,6.,2.));
#357 = PCURVE('',#31,#358);
#358 = DEFINITIONAL_REPRESENTATION('',(#359),#362);
#359 = B_SPLINE_CURVE_WITH_KNOTS('',1,(#360,#361),.UNSPECIFIED.,.F.,.F.,
  (2,2),(0.,230.),.PIECEWISE_BEZIER_KNOTS.);
#360 = CARTESIAN_POINT('',(15.,254.));
#361 = CARTESIAN_POINT('',(245.,254.));
#362 = ( GEOMETRIC_REPRESENTATION_CONTEXT(2) 
PARAMETRIC_REPRESENTATION_CONTEXT() REPRESENTATION_CONTEXT('2D SPACE',''
  ) );
#363 = PCURVE('',#364,#371);
#364 = ( BOUNDED_SURFACE() B_SPLINE_SURFACE(2,1,(
    (#365,#366)
    ,(#367,#368)
,(#369,#370
    )),.UNSPECIFIED.,.F.,.F.,.F.) B_SPLINE_SURFACE_WITH_KNOTS((3,3),(2,2
    ),(0.,1.570796326795),(0.,230.),.PIECEWISE_BEZIER_KNOTS.) 
GEOMETRIC_REPRESENTATION_ITEM() RATIONAL_B_SPLINE_SURFACE((
    (1.,1.)
    ,(0.707106781187,0.707106781187)
,(1.,1.))) REPRESENTATION_ITEM('') SURFACE() );
#365 = CARTESIAN_POINT('',(15.,-2.,-6.));
#366 = CARTESIAN_POINT('',(245.,-2.,-6.));
#367 = CARTESIAN_POINT('',(15.,-2.,2.));
#368 = CARTESIAN_POINT('',(245.,-2.,2.));
#369 = CARTESIAN_POINT('',(15.,6.,2.));
#370 = CARTESIAN_POINT('',(245.,6.,2.));
#371 = DEFINITIONAL_REPRESENTATION('',(#372),#376);
#372 = B_SPLINE_CURVE_WITH_KNOTS('',2,(#373,#374,#375),.UNSPECIFIED.,.F.
  ,.F.,(3,3),(5.329070518201E-15,230.),.PIECEWISE_BEZIER_KNOTS.);
#373 = CARTESIAN_POINT('',(1.570796326795,-8.881784197001E-15));
#374 = CARTESIAN_POINT('',(1.570796326795,115.));
#375 = CARTESIAN_POINT('',(1.570796326795,230.));
#376 = ( GEOMETRIC_REPRESENTATION_CONTEXT(2) 
PARAMETRIC_REPRESENTATION_CONTEXT() REPRESENTATION_CONTEXT('2D SPACE',''
  ) );
#377 = ORIENTED_EDGE('',*,*,#378,.F.);
#378 = EDGE_CURVE('',#143,#351,#379,.T.);
#379 = SURFACE_CURVE('',#380,(#384,#391),.PCURVE_S1.);
#380 = ( BOUNDED_CURVE() B_SPLINE_CURVE(2,(#381,#382,#383),
.UNSPECIFIED.,.F.,.F.) B_SPLINE_CURVE_WITH_KNOTS((3,3),(0.,
1.570796326795),.PIECEWISE_BEZIER_KNOTS.) CURVE() 
GEOMETRIC_REPRESENTATION_ITEM() RATIONAL_B_SPLINE_CURVE((1.,
0.707106781187,1.)) REPRESENTATION_ITEM('') );
#381 = CARTESIAN_POINT('',(6.,15.,2.));
#382 = CARTESIAN_POINT('',(6.,6.,2.));
#383 = CARTESIAN_POINT('',(15.,6.,2.));
#384 = PCURVE('',#31,#385);
#385 = DEFINITIONAL_REPRESENTATION('',(#386),#390);
#386 = ( BOUNDED_CURVE() B_SPLINE_CURVE(2,(#387,#388,#389),
.UNSPECIFIED.,.F.,.F.) B_SPLINE_CURVE_WITH_KNOTS((3,3),(0.,
1.570796326795),.PIECEWISE_BEZIER_KNOTS.) CURVE() 
GEOMETRIC_REPRESENTATION_ITEM() RATIONAL_B_SPLINE_CURVE((1.,
0.707106781187,1.)) REPRESENTATION_ITEM('') );
#387 = CARTESIAN_POINT('',(6.,245.));
#388 = CARTESIAN_POINT('',(6.,254.));
#389 = CARTESIAN_POINT('',(15.,254.));
#390 = ( GEOMETRIC_REPRESENTATION_CONTEXT(2) 
PARAMETRIC_REPRESENTATION_CONTEXT() REPRESENTATION_CONTEXT('2D SPACE',''
  ) );
#391 = PCURVE('',#392,#402);
#392 = ( BOUNDED_SURFACE() B_SPLINE_SURFACE(2,2,(
    (#393,#394,#395)
    ,(#396,#397,#398)
    ,(#399,#400,#401
)),.UNSPECIFIED.,.F.,.F.,.F.) B_SPLINE_SURFACE_WITH_KNOTS((3,3),(3,3),(
    0.,1.570796326795),(0.,1.570796326795),.PIECEWISE_BEZIER_KNOTS.) 
GEOMETRIC_REPRESENTATION_ITEM() RATIONAL_B_SPLINE_SURFACE((
    (1.,0.707106781187,1.)
    ,(0.707106781187,0.5,0.707106781187)
,(1.,0.707106781187,1.))) REPRESENTATION_ITEM('') SURFACE() );
#393 = CARTESIAN_POINT('',(-2.,15.,-6.));
#394 = CARTESIAN_POINT('',(-2.,15.,2.));
#395 = CARTESIAN_POINT('',(6.,15.,2.));
#396 = CARTESIAN_POINT('',(-2.,-2.,-6.));
#397 = CARTESIAN_POINT('',(-2.,-2.,2.));
#398 = CARTESIAN_POINT('',(6.,6.,2.));
#399 = CARTESIAN_POINT('',(15.,-2.,-6.));
#400 = CARTESIAN_POINT('',(15.,-2.,2.));
#401 = CARTESIAN_POINT('',(15.,6.,2.));
#402 = DEFINITIONAL_REPRESENTATION('',(#403),#407);
#403 = B_SPLINE_CURVE_WITH_KNOTS('',2,(#404,#405,#406),.UNSPECIFIED.,.F.
  ,.F.,(3,3),(0.,1.570796326795),.PIECEWISE_BEZIER_KNOTS.);
#404 = CARTESIAN_POINT('',(0.,1.570796326795));
#405 = CARTESIAN_POINT('',(0.785398163397,1.570796326795));
#406 = CARTESIAN_POINT('',(1.570796326795,1.570796326795));
#407 = ( GEOMETRIC_REPRESENTATION_CONTEXT(2) 
PARAMETRIC_REPRESENTATION_CONTEXT() REPRESENTATION_CONTEXT('2D SPACE',''
  ) );
#408 = FACE_BOUND('',#409,.F.);
#409 = EDGE_LOOP('',(#410));
#410 = ORIENTED_EDGE('',*,*,#411,.T.);
#411 = EDGE_CURVE('',#412,#412,#414,.T.);
#412 = VERTEX_POINT('',#413);
#413 = CARTESIAN_POINT('',(195.52349128465,89.656410635174,2.));
#414 = SURFACE_CURVE('',#415,(#423,#434),.PCURVE_S1.);
#415 = ( BOUNDED_CURVE() B_SPLINE_CURVE(2,(#416,#417,#418,#419,#420,#421
,#422),.UNSPECIFIED.,.T.,.F.) B_SPLINE_CURVE_WITH_KNOTS((3,2,2,3),(0.,
    2.094395102393,4.188790204786,6.28318530718),
.PIECEWISE_BEZIER_KNOTS.) CURVE() GEOMETRIC_REPRESENTATION_ITEM() 
RATIONAL_B_SPLINE_CURVE((1.,0.5,1.,0.5,1.,0.5,1.)) REPRESENTATION_ITEM(
  '') );
#416 = CARTESIAN_POINT('',(195.52349128465,89.656410635174,2.));
#417 = CARTESIAN_POINT('',(195.52349128465,111.65658861751,2.));
#418 = CARTESIAN_POINT('',(176.47077826416,100.65649962634,2.));
#419 = CARTESIAN_POINT('',(157.41806524368,89.656410635173,2.));
#420 = CARTESIAN_POINT('',(176.47077826416,78.656321644005,2.));
#421 = CARTESIAN_POINT('',(195.52349128465,67.656232652836,2.));
#422 = CARTESIAN_POINT('',(195.52349128465,89.656410635174,2.));
#423 = PCURVE('',#31,#424);
#424 = DEFINITIONAL_REPRESENTATION('',(#425),#433);
#425 = ( BOUNDED_CURVE() B_SPLINE_CURVE(2,(#426,#427,#428,#429,#430,#431
,#432),.UNSPECIFIED.,.F.,.F.) B_SPLINE_CURVE_WITH_KNOTS((3,2,2,3),(0.,
    2.094395102393,4.188790204786,6.28318530718),
.PIECEWISE_BEZIER_KNOTS.) CURVE() GEOMETRIC_REPRESENTATION_ITEM() 
RATIONAL_B_SPLINE_CURVE((1.,0.5,1.,0.5,1.,0.5,1.)) REPRESENTATION_ITEM(
  '') );
#426 = CARTESIAN_POINT('',(195.52349128465,170.34358936482));
#427 = CARTESIAN_POINT('',(195.52349128465,148.34341138248));
#428 = CARTESIAN_POINT('',(176.47077826416,159.34350037365));
#429 = CARTESIAN_POINT('',(157.41806524368,170.34358936482));
#430 = CARTESIAN_POINT('',(176.47077826416,181.34367835599));
#431 = CARTESIAN_POINT('',(195.52349128465,192.34376734716));
#432 = CARTESIAN_POINT('',(195.52349128465,170.34358936482));
#433 = ( GEOMETRIC_REPRESENTATION_CONTEXT(2) 
PARAMETRIC_REPRESENTATION_CONTEXT() REPRESENTATION_CONTEXT('2D SPACE',''
  ) );
#434 = PCURVE('',#435,#466);
#435 = B_SPLINE_SURFACE_WITH_KNOTS('',14,1,(
    (#436,#437)
    ,(#438,#439)
    ,(#440,#441)
    ,(#442,#443)
    ,(#444,#445)
    ,(#446,#447)
    ,(#448,#449)
    ,(#450,#451)
    ,(#452,#453)
    ,(#454,#455)
    ,(#456,#457)
    ,(#458,#459)
    ,(#460,#461)
    ,(#462,#463)
    ,(#464,#465
    )),.UNSPECIFIED.,.T.,.F.,.F.,(15,15),(2,2),(0.,6.28318530718),(0.,1.
    ),.PIECEWISE_BEZIER_KNOTS.);
#436 = CARTESIAN_POINT('',(195.52349128465,89.656410635174,-2.));
#437 = CARTESIAN_POINT('',(195.52349128465,89.656410635174,2.));
#438 = CARTESIAN_POINT('',(195.52349128474,95.356969040568,
    -2.000000000001));
#439 = CARTESIAN_POINT('',(195.52349128474,95.356969040568,
    2.000000000001));
#440 = CARTESIAN_POINT('',(192.76828656826,101.05752954985,
    -1.999999999995));
#441 = CARTESIAN_POINT('',(192.76828656826,101.05752954985,
    1.999999999995));
#442 = CARTESIAN_POINT('',(187.25787361558,105.31544611333,
    -2.000000000014));
#443 = CARTESIAN_POINT('',(187.25787361558,105.31544611333,
    2.000000000013));
#444 = CARTESIAN_POINT('',(179.81629984198,106.68823535608,
    -1.999999999972));
#445 = CARTESIAN_POINT('',(179.81629984198,106.68823535608,
    1.999999999974));
#446 = CARTESIAN_POINT('',(172.09150379152,104.25049490369,
    -2.000000000045));
#447 = CARTESIAN_POINT('',(172.09150379152,104.25049490369,
    2.000000000042));
#448 = CARTESIAN_POINT('',(166.19448535096,98.114357621214,
    -1.999999999942));
#449 = CARTESIAN_POINT('',(166.19448535096,98.114357621214,
    1.999999999945));
#450 = CARTESIAN_POINT('',(163.9743755912,89.656410637811,
    -2.000000000061));
#451 = CARTESIAN_POINT('',(163.9743755912,89.656410637811,2.000000000059
    ));
#452 = CARTESIAN_POINT('',(166.19448535146,81.198463644335,
    -1.999999999947));
#453 = CARTESIAN_POINT('',(166.19448535146,81.198463644335,
    1.999999999948));
#454 = CARTESIAN_POINT('',(172.09150379077,75.062326370253,
    -2.000000000038));
#455 = CARTESIAN_POINT('',(172.09150379077,75.062326370253,
    2.000000000038));
#456 = CARTESIAN_POINT('',(179.81629984265,72.624585912071,
    -1.999999999978));
#457 = CARTESIAN_POINT('',(179.81629984265,72.624585912071,
    1.999999999978));
#458 = CARTESIAN_POINT('',(187.25787361517,73.997375158067,
    -2.00000000001));
#459 = CARTESIAN_POINT('',(187.25787361517,73.997375158067,
    2.000000000011));
#460 = CARTESIAN_POINT('',(192.76828656844,78.255291720122,
    -1.999999999996));
#461 = CARTESIAN_POINT('',(192.76828656844,78.255291720122,
    1.999999999996));
#462 = CARTESIAN_POINT('',(195.5234912847,83.95585222986,-2.000000000001
    ));
#463 = CARTESIAN_POINT('',(195.5234912847,83.95585222986,2.000000000001)
  );
#464 = CARTESIAN_POINT('',(195.52349128465,89.656410635174,-2.));
#465 = CARTESIAN_POINT('',(195.52349128465,89.656410635174,2.));
#466 = DEFINITIONAL_REPRESENTATION('',(#467),#514);
#467 = B_SPLINE_CURVE_WITH_KNOTS('',8,(#468,#469,#470,#471,#472,#473,
    #474,#475,#476,#477,#478,#479,#480,#481,#482,#483,#484,#485,#486,
    #487,#488,#489,#490,#491,#492,#493,#494,#495,#496,#497,#498,#499,
    #500,#501,#502,#503,#504,#505,#506,#507,#508,#509,#510,#511,#512,
    #513),.UNSPECIFIED.,.F.,.F.,(9,7,8,7,8,7,9),(0.,1.047197551197,
    2.094395102393,3.14159265359,4.188790204786,5.235987755983,
    6.28318530718),.UNSPECIFIED.);
#468 = CARTESIAN_POINT('',(-1.118805602558E-15,1.));
#469 = CARTESIAN_POINT('',(0.108253243141,1.000000000006));
#470 = CARTESIAN_POINT('',(0.224238149909,1.000000000005));
#471 = CARTESIAN_POINT('',(0.347958813773,0.999999999919));
#472 = CARTESIAN_POINT('',(0.479014798537,0.999999999757));
#473 = CARTESIAN_POINT('',(0.616474342424,0.999999999874));
#474 = CARTESIAN_POINT('',(0.758522866145,1.000000000018));
#475 = CARTESIAN_POINT('',(0.902859925449,1.));
#476 = CARTESIAN_POINT('',(1.191535175458,0.999999999994));
#477 = CARTESIAN_POINT('',(1.335872236297,1.000000000062));
#478 = CARTESIAN_POINT('',(1.477920760651,0.999999999843));
#479 = CARTESIAN_POINT('',(1.615380310755,0.999999999822));
#480 = CARTESIAN_POINT('',(1.746436289518,0.999999999905));
#481 = CARTESIAN_POINT('',(1.87015694181,1.000000000058));
#482 = CARTESIAN_POINT('',(1.98614185986,0.99999999999));
#483 = CARTESIAN_POINT('',(2.094395103134,1.));
#484 = CARTESIAN_POINT('',(2.202648346409,0.999999999999));
#485 = CARTESIAN_POINT('',(2.318633264133,0.999999999988));
#486 = CARTESIAN_POINT('',(2.442353915028,0.999999999981));
#487 = CARTESIAN_POINT('',(2.573409892056,0.999999999771));
#488 = CARTESIAN_POINT('',(2.710869442446,0.999999999983));
#489 = CARTESIAN_POINT('',(2.852917966938,0.999999999978));
#490 = CARTESIAN_POINT('',(2.997255027877,1.));
#491 = CARTESIAN_POINT('',(3.285930279237,1.000000000011));
#492 = CARTESIAN_POINT('',(3.430267340727,0.999999999928));
#493 = CARTESIAN_POINT('',(3.572315863403,1.000000000069));
#494 = CARTESIAN_POINT('',(3.709775415547,0.999999999641));
#495 = CARTESIAN_POINT('',(3.840831390655,1.000000000131));
#496 = CARTESIAN_POINT('',(3.964552043555,0.999999999949));
#497 = CARTESIAN_POINT('',(4.080536960708,1.000000000016));
#498 = CARTESIAN_POINT('',(4.188790204046,1.));
#499 = CARTESIAN_POINT('',(4.297043447326,0.999999999998));
#500 = CARTESIAN_POINT('',(4.413028365111,0.99999999999));
#501 = CARTESIAN_POINT('',(4.536749017457,0.999999999982));
#502 = CARTESIAN_POINT('',(4.667804994827,0.999999999702));
#503 = CARTESIAN_POINT('',(4.805264546044,0.999999999979));
#504 = CARTESIAN_POINT('',(4.947313070697,0.999999999985));
#505 = CARTESIAN_POINT('',(5.091650131734,1.000000000002));
#506 = CARTESIAN_POINT('',(5.380325381716,1.000000000011));
#507 = CARTESIAN_POINT('',(5.524662441168,0.999999999977));
#508 = CARTESIAN_POINT('',(5.666710964072,1.000000000066));
#509 = CARTESIAN_POINT('',(5.804170507204,0.999999999641));
#510 = CARTESIAN_POINT('',(5.935226492902,1.000000000092));
#511 = CARTESIAN_POINT('',(6.058947157267,0.999999999964));
#512 = CARTESIAN_POINT('',(6.174932064034,1.000000000014));
#513 = CARTESIAN_POINT('',(6.28318530718,1.));
#514 = ( GEOMETRIC_REPRESENTATION_CONTEXT(2) 
PARAMETRIC_REPRESENTATION_CONTEXT() REPRESENTATION_CONTEXT('2D SPACE',''
  ) );
#515 = FACE_BOUND('',#516,.F.);
#516 = EDGE_LOOP('',(#517));
#517 = ORIENTED_EDGE('',*,*,#518,.T.);
#518 = EDGE_CURVE('',#519,#519,#521,.T.);
#519 = VERTEX_POINT('',#520);
#520 = CARTESIAN_POINT('',(214.58383308409,40.343589364826,2.));
#521 = SURFACE_CURVE('',#522,(#530,#541),.PCURVE_S1.);
#522 = ( BOUNDED_CURVE() B_SPLINE_CURVE(2,(#523,#524,#525,#526,#527,#528
,#529),.UNSPECIFIED.,.T.,.F.) B_SPLINE_CURVE_WITH_KNOTS((3,2,2,3),(0.,
    2.094395102393,4.188790204786,6.28318530718),
.PIECEWISE_BEZIER_KNOTS.) CURVE() GEOMETRIC_REPRESENTATION_ITEM() 
RATIONAL_B_SPLINE_CURVE((1.,0.5,1.,0.5,1.,0.5,1.)) REPRESENTATION_ITEM(
  '') );
#523 = CARTESIAN_POINT('',(214.58383308409,40.343589364826,2.));
#524 = CARTESIAN_POINT('',(214.58383308409,53.170318793421,2.));
#525 = CARTESIAN_POINT('',(203.47555955146,46.756954079124,2.));
#526 = CARTESIAN_POINT('',(192.36728601882,40.343589364826,2.));
#527 = CARTESIAN_POINT('',(203.47555955146,33.930224650529,2.));
#528 = CARTESIAN_POINT('',(214.58383308409,27.516859936232,2.));
#529 = CARTESIAN_POINT('',(214.58383308409,40.343589364827,2.));
#530 = PCURVE('',#31,#531);
#531 = DEFINITIONAL_REPRESENTATION('',(#532),#540);
#532 = ( BOUNDED_CURVE() B_SPLINE_CURVE(2,(#533,#534,#535,#536,#537,#538
,#539),.UNSPECIFIED.,.F.,.F.) B_SPLINE_CURVE_WITH_KNOTS((3,2,2,3),(0.,
    2.094395102393,4.188790204786,6.28318530718),
.PIECEWISE_BEZIER_KNOTS.) CURVE() GEOMETRIC_REPRESENTATION_ITEM() 
RATIONAL_B_SPLINE_CURVE((1.,0.5,1.,0.5,1.,0.5,1.)) REPRESENTATION_ITEM(
  '') );
#533 = CARTESIAN_POINT('',(214.58383308409,219.65641063517));
#534 = CARTESIAN_POINT('',(214.58383308409,206.82968120657));
#535 = CARTESIAN_POINT('',(203.47555955146,213.24304592087));
#536 = CARTESIAN_POINT('',(192.36728601882,219.65641063517));
#537 = CARTESIAN_POINT('',(203.47555955146,226.06977534947));
#538 = CARTESIAN_POINT('',(214.58383308409,232.48314006376));
#539 = CARTESIAN_POINT('',(214.58383308409,219.65641063517));
#540 = ( GEOMETRIC_REPRESENTATION_CONTEXT(2) 
PARAMETRIC_REPRESENTATION_CONTEXT() REPRESENTATION_CONTEXT('2D SPACE',''
  ) );
#541 = PCURVE('',#542,#573);
#542 = B_SPLINE_SURFACE_WITH_KNOTS('',14,1,(
    (#543,#544)
    ,(#545,#546)
    ,(#547,#548)
    ,(#549,#550)
    ,(#551,#552)
    ,(#553,#554)
    ,(#555,#556)
    ,(#557,#558)
    ,(#559,#560)
    ,(#561,#562)
    ,(#563,#564)
    ,(#565,#566)
    ,(#567,#568)
    ,(#569,#570)
    ,(#571,#572
    )),.UNSPECIFIED.,.T.,.F.,.F.,(15,15),(2,2),(0.,6.28318530718),(0.,1.
    ),.PIECEWISE_BEZIER_KNOTS.);
#543 = CARTESIAN_POINT('',(214.58383308409,40.343589364827,-2.));
#544 = CARTESIAN_POINT('',(214.58383308409,40.343589364827,2.));
#545 = CARTESIAN_POINT('',(214.58383308421,43.667177033821,
    -2.000000000001));
#546 = CARTESIAN_POINT('',(214.58383308421,43.667177033821,
    2.000000000001));
#547 = CARTESIAN_POINT('',(212.97747037861,46.990765929476,
    -1.999999999995));
#548 = CARTESIAN_POINT('',(212.97747037861,46.990765929476,
    1.999999999995));
#549 = CARTESIAN_POINT('',(209.76474291736,49.473252377144,
    -2.000000000014));
#550 = CARTESIAN_POINT('',(209.76474291736,49.473252377144,
    2.000000000014));
#551 = CARTESIAN_POINT('',(205.42609377299,50.273627546718,
    -1.999999999972));
#552 = CARTESIAN_POINT('',(205.42609377299,50.273627546718,
    1.999999999972));
#553 = CARTESIAN_POINT('',(200.92231799444,48.852355535565,
    -2.000000000044));
#554 = CARTESIAN_POINT('',(200.92231799444,48.852355535565,
    2.000000000044));
#555 = CARTESIAN_POINT('',(197.48418853061,45.274812994177,
    -1.999999999943));
#556 = CARTESIAN_POINT('',(197.48418853061,45.274812994177,
    1.999999999943));
#557 = CARTESIAN_POINT('',(196.1898014114,40.34358936612,-2.00000000006)
  );
#558 = CARTESIAN_POINT('',(196.1898014114,40.34358936612,2.00000000006)
  );
#559 = CARTESIAN_POINT('',(197.48418853086,35.412365733129,
    -1.999999999948));
#560 = CARTESIAN_POINT('',(197.48418853086,35.412365733129,
    1.999999999947));
#561 = CARTESIAN_POINT('',(200.92231799406,31.834823195836,
    -2.000000000037));
#562 = CARTESIAN_POINT('',(200.92231799406,31.834823195836,
    2.000000000038));
#563 = CARTESIAN_POINT('',(205.42609377334,30.413551181879,
    -1.999999999978));
#564 = CARTESIAN_POINT('',(205.42609377334,30.413551181879,
    1.999999999978));
#565 = CARTESIAN_POINT('',(209.76474291714,31.213926353013,
    -2.00000000001));
#566 = CARTESIAN_POINT('',(209.76474291714,31.213926353013,2.00000000001
    ));
#567 = CARTESIAN_POINT('',(212.97747037871,33.696412799999,
    -1.999999999997));
#568 = CARTESIAN_POINT('',(212.97747037871,33.696412799999,
    1.999999999997));
#569 = CARTESIAN_POINT('',(214.58383308419,37.02000169587,
    -2.000000000001));
#570 = CARTESIAN_POINT('',(214.58383308419,37.02000169587,2.000000000001
    ));
#571 = CARTESIAN_POINT('',(214.58383308409,40.343589364827,-2.));
#572 = CARTESIAN_POINT('',(214.58383308409,40.343589364827,2.));
#573 = DEFINITIONAL_REPRESENTATION('',(#574),#621);
#574 = B_SPLINE_CURVE_WITH_KNOTS('',8,(#575,#576,#577,#578,#579,#580,
    #581,#582,#583,#584,#585,#586,#587,#588,#589,#590,#591,#592,#593,
    #594,#595,#596,#597,#598,#599,#600,#601,#602,#603,#604,#605,#606,
    #607,#608,#609,#610,#611,#612,#613,#614,#615,#616,#617,#618,#619,
    #620),.UNSPECIFIED.,.F.,.F.,(9,7,8,7,8,7,9),(0.,1.047197551197,
    2.094395102393,3.14159265359,4.188790204786,5.235987755983,
    6.28318530718),.UNSPECIFIED.);
#575 = CARTESIAN_POINT('',(-1.918955453486E-15,1.));
#576 = CARTESIAN_POINT('',(0.108253243137,1.000000000002));
#577 = CARTESIAN_POINT('',(0.224238149918,1.000000000022));
#578 = CARTESIAN_POINT('',(0.347958813721,0.999999999875));
#579 = CARTESIAN_POINT('',(0.47901479863,0.999999999986));
#580 = CARTESIAN_POINT('',(0.616474342331,0.99999999989));
#581 = CARTESIAN_POINT('',(0.758522866171,1.000000000021));
#582 = CARTESIAN_POINT('',(0.902859925446,0.999999999993));
#583 = CARTESIAN_POINT('',(1.191535175463,1.000000000005));
#584 = CARTESIAN_POINT('',(1.33587223626,0.999999999993));
#585 = CARTESIAN_POINT('',(1.477920760555,1.000000000033));
#586 = CARTESIAN_POINT('',(1.615380310559,0.999999999597));
#587 = CARTESIAN_POINT('',(1.746436289487,1.000000000029));
#588 = CARTESIAN_POINT('',(1.870156941781,0.999999999989));
#589 = CARTESIAN_POINT('',(1.986141859859,1.000000000001));
#590 = CARTESIAN_POINT('',(2.094395103134,1.));
#591 = CARTESIAN_POINT('',(2.202648346458,1.000000000003));
#592 = CARTESIAN_POINT('',(2.318633263728,0.99999999996));
#593 = CARTESIAN_POINT('',(2.442353916129,1.000000000003));
#594 = CARTESIAN_POINT('',(2.573409890959,0.999999999768));
#595 = CARTESIAN_POINT('',(2.710869443213,1.000000000064));
#596 = CARTESIAN_POINT('',(2.852917966669,0.999999999952));
#597 = CARTESIAN_POINT('',(2.997255027934,1.000000000008));
#598 = CARTESIAN_POINT('',(3.285930279275,1.00000000002));
#599 = CARTESIAN_POINT('',(3.430267340357,0.999999999886));
#600 = CARTESIAN_POINT('',(3.572315864161,1.000000000238));
#601 = CARTESIAN_POINT('',(3.709775414439,0.999999999339));
#602 = CARTESIAN_POINT('',(3.840831391378,1.000000000236));
#603 = CARTESIAN_POINT('',(3.964552043337,0.999999999869));
#604 = CARTESIAN_POINT('',(4.080536960749,1.000000000025));
#605 = CARTESIAN_POINT('',(4.188790204046,1.));
#606 = CARTESIAN_POINT('',(4.297043447359,1.000000000019));
#607 = CARTESIAN_POINT('',(4.413028365192,0.999999999889));
#608 = CARTESIAN_POINT('',(4.536749017916,1.00000000023));
#609 = CARTESIAN_POINT('',(4.667804995014,0.99999999935));
#610 = CARTESIAN_POINT('',(4.805264546578,1.000000000228));
#611 = CARTESIAN_POINT('',(4.947313070784,0.999999999872));
#612 = CARTESIAN_POINT('',(5.091650131738,1.000000000024));
#613 = CARTESIAN_POINT('',(5.380325381808,1.000000000034));
#614 = CARTESIAN_POINT('',(5.52466244045,0.999999999819));
#615 = CARTESIAN_POINT('',(5.666710965873,1.00000000039));
#616 = CARTESIAN_POINT('',(5.804170505706,0.999999999252));
#617 = CARTESIAN_POINT('',(5.935226494588,1.000000000348));
#618 = CARTESIAN_POINT('',(6.058947156949,0.999999999814));
#619 = CARTESIAN_POINT('',(6.174932064118,1.000000000029));
#620 = CARTESIAN_POINT('',(6.28318530718,1.));
#621 = ( GEOMETRIC_REPRESENTATION_CONTEXT(2) 
PARAMETRIC_REPRESENTATION_CONTEXT() REPRESENTATION_CONTEXT('2D SPACE',''
  ) );
#622 = FACE_BOUND('',#623,.F.);
#623 = EDGE_LOOP('',(#624,#654,#682,#710));
#624 = ORIENTED_EDGE('',*,*,#625,.F.);
#625 = EDGE_CURVE('',#626,#628,#630,.T.);
#626 = VERTEX_POINT('',#627);
#627 = CARTESIAN_POINT('',(62.,236.33848875551,2.));
#628 = VERTEX_POINT('',#629);
#629 = CARTESIAN_POINT('',(68.,236.33848875551,2.));
#630 = SURFACE_CURVE('',#631,(#634,#640),.PCURVE_S1.);
#631 = B_SPLINE_CURVE_WITH_KNOTS('',1,(#632,#633),.UNSPECIFIED.,.F.,.F.,
  (2,2),(-1.,5.),.PIECEWISE_BEZIER_KNOTS.);
#632 = CARTESIAN_POINT('',(62.,236.33848875551,2.));
#633 = CARTESIAN_POINT('',(68.,236.33848875551,2.));
#634 = PCURVE('',#31,#635);
#635 = DEFINITIONAL_REPRESENTATION('',(#636),#639);
#636 = B_SPLINE_CURVE_WITH_KNOTS('',1,(#637,#638),.UNSPECIFIED.,.F.,.F.,
  (2,2),(-1.,5.),.PIECEWISE_BEZIER_KNOTS.);
#637 = CARTESIAN_POINT('',(62.,23.66151124449));
#638 = CARTESIAN_POINT('',(68.,23.66151124449));
#639 = ( GEOMETRIC_REPRESENTATION_CONTEXT(2) 
PARAMETRIC_REPRESENTATION_CONTEXT() REPRESENTATION_CONTEXT('2D SPACE',''
  ) );
#640 = PCURVE('',#641,#648);
#641 = ( BOUNDED_SURFACE() B_SPLINE_SURFACE(2,1,(
    (#642,#643)
    ,(#644,#645)
,(#646,#647
    )),.UNSPECIFIED.,.F.,.F.,.F.) B_SPLINE_SURFACE_WITH_KNOTS((3,3),(2,2
    ),(0.,1.570796326795),(-1.,5.),.PIECEWISE_BEZIER_KNOTS.) 
GEOMETRIC_REPRESENTATION_ITEM() RATIONAL_B_SPLINE_SURFACE((
    (1.,1.)
    ,(0.707106781187,0.707106781187)
,(1.,1.))) REPRESENTATION_ITEM('') SURFACE() );
#642 = CARTESIAN_POINT('',(62.,236.33848875551,2.));
#643 = CARTESIAN_POINT('',(68.,236.33848875551,2.));
#644 = CARTESIAN_POINT('',(62.,235.33848875551,2.));
#645 = CARTESIAN_POINT('',(68.,235.33848875551,2.));
#646 = CARTESIAN_POINT('',(62.,235.33848875551,3.));
#647 = CARTESIAN_POINT('',(68.,235.33848875551,3.));
#648 = DEFINITIONAL_REPRESENTATION('',(#649),#653);
#649 = B_SPLINE_CURVE_WITH_KNOTS('',2,(#650,#651,#652),.UNSPECIFIED.,.F.
  ,.F.,(3,3),(-1.,5.),.PIECEWISE_BEZIER_KNOTS.);
#650 = CARTESIAN_POINT('',(0.,-1.));
#651 = CARTESIAN_POINT('',(0.,2.));
#652 = CARTESIAN_POINT('',(0.,5.));
#653 = ( GEOMETRIC_REPRESENTATION_CONTEXT(2) 
PARAMETRIC_REPRESENTATION_CONTEXT() REPRESENTATION_CONTEXT('2D SPACE',''
  ) );
#654 = ORIENTED_EDGE('',*,*,#655,.T.);
#655 = EDGE_CURVE('',#626,#656,#658,.T.);
#656 = VERTEX_POINT('',#657);
#657 = CARTESIAN_POINT('',(62.,153.66151124449,2.));
#658 = SURFACE_CURVE('',#659,(#662,#668),.PCURVE_S1.);
#659 = B_SPLINE_CURVE_WITH_KNOTS('',1,(#660,#661),.UNSPECIFIED.,.F.,.F.,
  (2,2),(-1.,81.67697751102),.PIECEWISE_BEZIER_KNOTS.);
#660 = CARTESIAN_POINT('',(62.,236.33848875551,2.));
#661 = CARTESIAN_POINT('',(62.,153.66151124449,2.));
#662 = PCURVE('',#31,#663);
#663 = DEFINITIONAL_REPRESENTATION('',(#664),#667);
#664 = B_SPLINE_CURVE_WITH_KNOTS('',1,(#665,#666),.UNSPECIFIED.,.F.,.F.,
  (2,2),(-1.,81.67697751102),.PIECEWISE_BEZIER_KNOTS.);
#665 = CARTESIAN_POINT('',(62.,23.66151124449));
#666 = CARTESIAN_POINT('',(62.,106.33848875551));
#667 = ( GEOMETRIC_REPRESENTATION_CONTEXT(2) 
PARAMETRIC_REPRESENTATION_CONTEXT() REPRESENTATION_CONTEXT('2D SPACE',''
  ) );
#668 = PCURVE('',#669,#676);
#669 = ( BOUNDED_SURFACE() B_SPLINE_SURFACE(2,1,(
    (#670,#671)
    ,(#672,#673)
,(#674,#675
    )),.UNSPECIFIED.,.F.,.F.,.F.) B_SPLINE_SURFACE_WITH_KNOTS((3,3),(2,2
    ),(0.,1.570796326795),(-1.,81.67697751102),
.PIECEWISE_BEZIER_KNOTS.) GEOMETRIC_REPRESENTATION_ITEM() 
RATIONAL_B_SPLINE_SURFACE((
    (1.,1.)
    ,(0.707106781187,0.707106781187)
,(1.,1.))) REPRESENTATION_ITEM('') SURFACE() );
#670 = CARTESIAN_POINT('',(62.,236.33848875551,2.));
#671 = CARTESIAN_POINT('',(62.,153.66151124449,2.));
#672 = CARTESIAN_POINT('',(63.,236.33848875551,2.));
#673 = CARTESIAN_POINT('',(63.,153.66151124449,2.));
#674 = CARTESIAN_POINT('',(63.,236.33848875551,3.));
#675 = CARTESIAN_POINT('',(63.,153.66151124449,3.));
#676 = DEFINITIONAL_REPRESENTATION('',(#677),#681);
#677 = B_SPLINE_CURVE_WITH_KNOTS('',2,(#678,#679,#680),.UNSPECIFIED.,.F.
  ,.F.,(3,3),(-1.,81.67697751102),.PIECEWISE_BEZIER_KNOTS.);
#678 = CARTESIAN_POINT('',(0.,-1.));
#679 = CARTESIAN_POINT('',(1.532004713512E-14,40.33848875551));
#680 = CARTESIAN_POINT('',(-1.57842909877E-14,81.67697751102));
#681 = ( GEOMETRIC_REPRESENTATION_CONTEXT(2) 
PARAMETRIC_REPRESENTATION_CONTEXT() REPRESENTATION_CONTEXT('2D SPACE',''
  ) );
#682 = ORIENTED_EDGE('',*,*,#683,.T.);
#683 = EDGE_CURVE('',#656,#684,#686,.T.);
#684 = VERTEX_POINT('',#685);
#685 = CARTESIAN_POINT('',(68.,153.66151124449,2.));
#686 = SURFACE_CURVE('',#687,(#690,#696),.PCURVE_S1.);
#687 = B_SPLINE_CURVE_WITH_KNOTS('',1,(#688,#689),.UNSPECIFIED.,.F.,.F.,
  (2,2),(-1.,5.),.PIECEWISE_BEZIER_KNOTS.);
#688 = CARTESIAN_POINT('',(62.,153.66151124449,2.));
#689 = CARTESIAN_POINT('',(68.,153.66151124449,2.));
#690 = PCURVE('',#31,#691);
#691 = DEFINITIONAL_REPRESENTATION('',(#692),#695);
#692 = B_SPLINE_CURVE_WITH_KNOTS('',1,(#693,#694),.UNSPECIFIED.,.F.,.F.,
  (2,2),(-1.,5.),.PIECEWISE_BEZIER_KNOTS.);
#693 = CARTESIAN_POINT('',(62.,106.33848875551));
#694 = CARTESIAN_POINT('',(68.,106.33848875551));
#695 = ( GEOMETRIC_REPRESENTATION_CONTEXT(2) 
PARAMETRIC_REPRESENTATION_CONTEXT() REPRESENTATION_CONTEXT('2D SPACE',''
  ) );
#696 = PCURVE('',#697,#704);
#697 = ( BOUNDED_SURFACE() B_SPLINE_SURFACE(2,1,(
    (#698,#699)
    ,(#700,#701)
,(#702,#703
    )),.UNSPECIFIED.,.F.,.F.,.F.) B_SPLINE_SURFACE_WITH_KNOTS((3,3),(2,2
    ),(0.,1.570796326795),(-1.,5.),.PIECEWISE_BEZIER_KNOTS.) 
GEOMETRIC_REPRESENTATION_ITEM() RATIONAL_B_SPLINE_SURFACE((
    (1.,1.)
    ,(0.707106781187,0.707106781187)
,(1.,1.))) REPRESENTATION_ITEM('') SURFACE() );
#698 = CARTESIAN_POINT('',(62.,153.66151124449,2.));
#699 = CARTESIAN_POINT('',(68.,153.66151124449,2.));
#700 = CARTESIAN_POINT('',(62.,154.66151124449,2.));
#701 = CARTESIAN_POINT('',(68.,154.66151124449,2.));
#702 = CARTESIAN_POINT('',(62.,154.66151124449,3.));
#703 = CARTESIAN_POINT('',(68.,154.66151124449,3.));
#704 = DEFINITIONAL_REPRESENTATION('',(#705),#709);
#705 = B_SPLINE_CURVE_WITH_KNOTS('',2,(#706,#707,#708),.UNSPECIFIED.,.F.
  ,.F.,(3,3),(-1.,5.),.PIECEWISE_BEZIER_KNOTS.);
#706 = CARTESIAN_POINT('',(-4.149078447222E-44,-1.));
#707 = CARTESIAN_POINT('',(2.687199901168E-44,2.));
#708 = CARTESIAN_POINT('',(0.,5.));
#709 = ( GEOMETRIC_REPRESENTATION_CONTEXT(2) 
PARAMETRIC_REPRESENTATION_CONTEXT() REPRESENTATION_CONTEXT('2D SPACE',''
  ) );
#710 = ORIENTED_EDGE('',*,*,#711,.F.);
#711 = EDGE_CURVE('',#628,#684,#712,.T.);
#712 = SURFACE_CURVE('',#713,(#716,#722),.PCURVE_S1.);
#713 = B_SPLINE_CURVE_WITH_KNOTS('',1,(#714,#715),.UNSPECIFIED.,.F.,.F.,
  (2,2),(-1.,81.67697751102),.PIECEWISE_BEZIER_KNOTS.);
#714 = CARTESIAN_POINT('',(68.,236.33848875551,2.));
#715 = CARTESIAN_POINT('',(68.,153.66151124449,2.));
#716 = PCURVE('',#31,#717);
#717 = DEFINITIONAL_REPRESENTATION('',(#718),#721);
#718 = B_SPLINE_CURVE_WITH_KNOTS('',1,(#719,#720),.UNSPECIFIED.,.F.,.F.,
  (2,2),(-1.,81.67697751102),.PIECEWISE_BEZIER_KNOTS.);
#719 = CARTESIAN_POINT('',(68.,23.66151124449));
#720 = CARTESIAN_POINT('',(68.,106.33848875551));
#721 = ( GEOMETRIC_REPRESENTATION_CONTEXT(2) 
PARAMETRIC_REPRESENTATION_CONTEXT() REPRESENTATION_CONTEXT('2D SPACE',''
  ) );
#722 = PCURVE('',#723,#730);
#723 = ( BOUNDED_SURFACE() B_SPLINE_SURFACE(2,1,(
    (#724,#725)
    ,(#726,#727)
,(#728,#729
    )),.UNSPECIFIED.,.F.,.F.,.F.) B_SPLINE_SURFACE_WITH_KNOTS((3,3),(2,2
    ),(0.,1.570796326795),(-1.,81.67697751102),
.PIECEWISE_BEZIER_KNOTS.) GEOMETRIC_REPRESENTATION_ITEM() 
RATIONAL_B_SPLINE_SURFACE((
    (1.,1.)
    ,(0.707106781187,0.707106781187)
,(1.,1.))) REPRESENTATION_ITEM('') SURFACE() );
#724 = CARTESIAN_POINT('',(68.,236.33848875551,2.));
#725 = CARTESIAN_POINT('',(68.,153.66151124449,2.));
#726 = CARTESIAN_POINT('',(67.,236.33848875551,2.));
#727 = CARTESIAN_POINT('',(67.,153.66151124449,2.));
#728 = CARTESIAN_POINT('',(67.,236.33848875551,3.));
#729 = CARTESIAN_POINT('',(67.,153.66151124449,3.));
#730 = DEFINITIONAL_REPRESENTATION('',(#731),#735);
#731 = B_SPLINE_CURVE_WITH_KNOTS('',2,(#732,#733,#734),.UNSPECIFIED.,.F.
  ,.F.,(3,3),(-1.,81.67697751102),.PIECEWISE_BEZIER_KNOTS.);
#732 = CARTESIAN_POINT('',(-5.426136096445E-30,-1.));
#733 = CARTESIAN_POINT('',(9.594372953311E-16,40.33848875551));
#734 = CARTESIAN_POINT('',(1.57842909877E-14,81.67697751102));
#735 = ( GEOMETRIC_REPRESENTATION_CONTEXT(2) 
PARAMETRIC_REPRESENTATION_CONTEXT() REPRESENTATION_CONTEXT('2D SPACE',''
  ) );
#736 = FACE_BOUND('',#737,.F.);
#737 = EDGE_LOOP('',(#738,#768,#796,#824));
#738 = ORIENTED_EDGE('',*,*,#739,.F.);
#739 = EDGE_CURVE('',#740,#742,#744,.T.);
#740 = VERTEX_POINT('',#741);
#741 = CARTESIAN_POINT('',(61.414213562373,177.83075562224,2.));
#742 = VERTEX_POINT('',#743);
#743 = CARTESIAN_POINT('',(61.414213562373,171.83075562224,2.));
#744 = SURFACE_CURVE('',#745,(#748,#754),.PCURVE_S1.);
#745 = B_SPLINE_CURVE_WITH_KNOTS('',1,(#746,#747),.UNSPECIFIED.,.F.,.F.,
  (2,2),(-1.,5.),.PIECEWISE_BEZIER_KNOTS.);
#746 = CARTESIAN_POINT('',(61.414213562373,177.83075562224,2.));
#747 = CARTESIAN_POINT('',(61.414213562373,171.83075562224,2.));
#748 = PCURVE('',#31,#749);
#749 = DEFINITIONAL_REPRESENTATION('',(#750),#753);
#750 = B_SPLINE_CURVE_WITH_KNOTS('',1,(#751,#752),.UNSPECIFIED.,.F.,.F.,
  (2,2),(-1.,5.),.PIECEWISE_BEZIER_KNOTS.);
#751 = CARTESIAN_POINT('',(61.414213562373,82.169244377755));
#752 = CARTESIAN_POINT('',(61.414213562373,88.169244377755));
#753 = ( GEOMETRIC_REPRESENTATION_CONTEXT(2) 
PARAMETRIC_REPRESENTATION_CONTEXT() REPRESENTATION_CONTEXT('2D SPACE',''
  ) );
#754 = PCURVE('',#755,#762);
#755 = ( BOUNDED_SURFACE() B_SPLINE_SURFACE(2,1,(
    (#756,#757)
    ,(#758,#759)
,(#760,#761
    )),.UNSPECIFIED.,.F.,.F.,.F.) B_SPLINE_SURFACE_WITH_KNOTS((3,3),(2,2
    ),(-3.226028297831E-07,2.356194490192),(-1.000000322603,5.),
.PIECEWISE_BEZIER_KNOTS.) GEOMETRIC_REPRESENTATION_ITEM() 
RATIONAL_B_SPLINE_SURFACE((
    (1.,1.)
    ,(0.382683283342,0.382683283342)
,(1.,1.))) REPRESENTATION_ITEM('') SURFACE() );
#756 = CARTESIAN_POINT('',(61.414213884976,177.83075594484,2.));
#757 = CARTESIAN_POINT('',(61.414213884976,171.83075562224,2.));
#758 = CARTESIAN_POINT('',(58.999999221168,177.83075594484,
    1.999999221168));
#759 = CARTESIAN_POINT('',(58.999999221168,171.83075562224,
    1.999999221168));
#760 = CARTESIAN_POINT('',(60.707106781187,177.83075594484,
    3.707106781187));
#761 = CARTESIAN_POINT('',(60.707106781187,171.83075562224,
    3.707106781187));
#762 = DEFINITIONAL_REPRESENTATION('',(#763),#767);
#763 = B_SPLINE_CURVE_WITH_KNOTS('',2,(#764,#765,#766),.UNSPECIFIED.,.F.
  ,.F.,(3,3),(-1.,5.),.PIECEWISE_BEZIER_KNOTS.);
#764 = CARTESIAN_POINT('',(8.876844542471E-08,-1.));
#765 = CARTESIAN_POINT('',(8.876844249881E-08,2.));
#766 = CARTESIAN_POINT('',(8.876844542471E-08,5.));
#767 = ( GEOMETRIC_REPRESENTATION_CONTEXT(2) 
PARAMETRIC_REPRESENTATION_CONTEXT() REPRESENTATION_CONTEXT('2D SPACE',''
  ) );
#768 = ORIENTED_EDGE('',*,*,#769,.T.);
#769 = EDGE_CURVE('',#740,#770,#772,.T.);
#770 = VERTEX_POINT('',#771);
#771 = CARTESIAN_POINT('',(42.720291477227,177.83075562224,2.));
#772 = SURFACE_CURVE('',#773,(#776,#782),.PCURVE_S1.);
#773 = B_SPLINE_CURVE_WITH_KNOTS('',1,(#774,#775),.UNSPECIFIED.,.F.,.F.,
  (2,2),(-2.414213562373,16.279708522772),.PIECEWISE_BEZIER_KNOTS.);
#774 = CARTESIAN_POINT('',(61.414213562373,177.83075562224,2.));
#775 = CARTESIAN_POINT('',(42.720291477228,177.83075562224,2.));
#776 = PCURVE('',#31,#777);
#777 = DEFINITIONAL_REPRESENTATION('',(#778),#781);
#778 = B_SPLINE_CURVE_WITH_KNOTS('',1,(#779,#780),.UNSPECIFIED.,.F.,.F.,
  (2,2),(-2.414213562373,16.279708522772),.PIECEWISE_BEZIER_KNOTS.);
#779 = CARTESIAN_POINT('',(61.414213562373,82.169244377755));
#780 = CARTESIAN_POINT('',(42.720291477228,82.169244377755));
#781 = ( GEOMETRIC_REPRESENTATION_CONTEXT(2) 
PARAMETRIC_REPRESENTATION_CONTEXT() REPRESENTATION_CONTEXT('2D SPACE',''
  ) );
#782 = PCURVE('',#783,#790);
#783 = ( BOUNDED_SURFACE() B_SPLINE_SURFACE(2,1,(
    (#784,#785)
    ,(#786,#787)
,(#788,#789
    )),.UNSPECIFIED.,.F.,.F.,.F.) B_SPLINE_SURFACE_WITH_KNOTS((3,3),(2,2
    ),(-3.226028297831E-07,1.570796326795),(-2.414213884976,
    16.279708522772),.PIECEWISE_BEZIER_KNOTS.) 
GEOMETRIC_REPRESENTATION_ITEM() RATIONAL_B_SPLINE_SURFACE((
    (1.,1.)
    ,(0.707106667129,0.707106667129)
,(1.,1.))) REPRESENTATION_ITEM('') SURFACE() );
#784 = CARTESIAN_POINT('',(61.414213884976,177.83075594484,2.));
#785 = CARTESIAN_POINT('',(42.720291477228,177.83075594484,2.));
#786 = CARTESIAN_POINT('',(61.414213884976,176.83075562224,
    1.999999677397));
#787 = CARTESIAN_POINT('',(42.720291477228,176.83075562224,
    1.999999677397));
#788 = CARTESIAN_POINT('',(61.414213884976,176.83075562224,3.));
#789 = CARTESIAN_POINT('',(42.720291477228,176.83075562224,3.));
#790 = DEFINITIONAL_REPRESENTATION('',(#791),#795);
#791 = B_SPLINE_CURVE_WITH_KNOTS('',2,(#792,#793,#794),.UNSPECIFIED.,.F.
  ,.F.,(3,3),(-2.414213562373,16.279708522772),
  .PIECEWISE_BEZIER_KNOTS.);
#792 = CARTESIAN_POINT('',(3.571883806342E-08,-2.414213562373));
#793 = CARTESIAN_POINT('',(3.571883806342E-08,6.9327474802));
#794 = CARTESIAN_POINT('',(3.571883806342E-08,16.279708522772));
#795 = ( GEOMETRIC_REPRESENTATION_CONTEXT(2) 
PARAMETRIC_REPRESENTATION_CONTEXT() REPRESENTATION_CONTEXT('2D SPACE',''
  ) );
#796 = ORIENTED_EDGE('',*,*,#797,.T.);
#797 = EDGE_CURVE('',#770,#798,#800,.T.);
#798 = VERTEX_POINT('',#799);
#799 = CARTESIAN_POINT('',(42.720291477227,171.83075562224,2.));
#800 = SURFACE_CURVE('',#801,(#804,#810),.PCURVE_S1.);
#801 = B_SPLINE_CURVE_WITH_KNOTS('',1,(#802,#803),.UNSPECIFIED.,.F.,.F.,
  (2,2),(-1.,5.),.PIECEWISE_BEZIER_KNOTS.);
#802 = CARTESIAN_POINT('',(42.720291477228,177.83075562224,2.));
#803 = CARTESIAN_POINT('',(42.720291477228,171.83075562224,2.));
#804 = PCURVE('',#31,#805);
#805 = DEFINITIONAL_REPRESENTATION('',(#806),#809);
#806 = B_SPLINE_CURVE_WITH_KNOTS('',1,(#807,#808),.UNSPECIFIED.,.F.,.F.,
  (2,2),(-1.,5.),.PIECEWISE_BEZIER_KNOTS.);
#807 = CARTESIAN_POINT('',(42.720291477228,82.169244377755));
#808 = CARTESIAN_POINT('',(42.720291477228,88.169244377755));
#809 = ( GEOMETRIC_REPRESENTATION_CONTEXT(2) 
PARAMETRIC_REPRESENTATION_CONTEXT() REPRESENTATION_CONTEXT('2D SPACE',''
  ) );
#810 = PCURVE('',#811,#818);
#811 = ( BOUNDED_SURFACE() B_SPLINE_SURFACE(2,1,(
    (#812,#813)
    ,(#814,#815)
,(#816,#817
    )),.UNSPECIFIED.,.F.,.F.,.F.) B_SPLINE_SURFACE_WITH_KNOTS((3,3),(2,2
    ),(0.,0.785398163397),(-1.,5.),.PIECEWISE_BEZIER_KNOTS.) 
GEOMETRIC_REPRESENTATION_ITEM() RATIONAL_B_SPLINE_SURFACE((
    (1.,1.)
    ,(0.923879532511,0.923879532511)
,(1.,1.))) REPRESENTATION_ITEM('') SURFACE() );
#812 = CARTESIAN_POINT('',(42.720291477228,177.83075562224,2.));
#813 = CARTESIAN_POINT('',(42.720291477228,171.83075562224,2.));
#814 = CARTESIAN_POINT('',(43.134505039601,177.83075562224,2.));
#815 = CARTESIAN_POINT('',(43.134505039601,171.83075562224,2.));
#816 = CARTESIAN_POINT('',(43.427398258414,177.83075562224,
    2.292893218813));
#817 = CARTESIAN_POINT('',(43.427398258414,171.83075562224,
    2.292893218813));
#818 = DEFINITIONAL_REPRESENTATION('',(#819),#823);
#819 = B_SPLINE_CURVE_WITH_KNOTS('',2,(#820,#821,#822),.UNSPECIFIED.,.F.
  ,.F.,(3,3),(-1.,5.),.PIECEWISE_BEZIER_KNOTS.);
#820 = CARTESIAN_POINT('',(-7.289989120545E-32,-1.));
#821 = CARTESIAN_POINT('',(-1.960752650933E-31,2.));
#822 = CARTESIAN_POINT('',(-6.799603154811E-42,5.));
#823 = ( GEOMETRIC_REPRESENTATION_CONTEXT(2) 
PARAMETRIC_REPRESENTATION_CONTEXT() REPRESENTATION_CONTEXT('2D SPACE',''
  ) );
#824 = ORIENTED_EDGE('',*,*,#825,.F.);
#825 = EDGE_CURVE('',#742,#798,#826,.T.);
#826 = SURFACE_CURVE('',#827,(#830,#836),.PCURVE_S1.);
#827 = B_SPLINE_CURVE_WITH_KNOTS('',1,(#828,#829),.UNSPECIFIED.,.F.,.F.,
  (2,2),(-2.414213562373,16.279708522772),.PIECEWISE_BEZIER_KNOTS.);
#828 = CARTESIAN_POINT('',(61.414213562373,171.83075562224,2.));
#829 = CARTESIAN_POINT('',(42.720291477228,171.83075562224,2.));
#830 = PCURVE('',#31,#831);
#831 = DEFINITIONAL_REPRESENTATION('',(#832),#835);
#832 = B_SPLINE_CURVE_WITH_KNOTS('',1,(#833,#834),.UNSPECIFIED.,.F.,.F.,
  (2,2),(-2.414213562373,16.279708522772),.PIECEWISE_BEZIER_KNOTS.);
#833 = CARTESIAN_POINT('',(61.414213562373,88.169244377755));
#834 = CARTESIAN_POINT('',(42.720291477228,88.169244377755));
#835 = ( GEOMETRIC_REPRESENTATION_CONTEXT(2) 
PARAMETRIC_REPRESENTATION_CONTEXT() REPRESENTATION_CONTEXT('2D SPACE',''
  ) );
#836 = PCURVE('',#837,#844);
#837 = ( BOUNDED_SURFACE() B_SPLINE_SURFACE(2,1,(
    (#838,#839)
    ,(#840,#841)
,(#842,#843
    )),.UNSPECIFIED.,.F.,.F.,.F.) B_SPLINE_SURFACE_WITH_KNOTS((3,3),(2,2
    ),(0.,1.570796326795),(-2.414213562373,16.279708522772),
.PIECEWISE_BEZIER_KNOTS.) GEOMETRIC_REPRESENTATION_ITEM() 
RATIONAL_B_SPLINE_SURFACE((
    (1.,1.)
    ,(0.707106781187,0.707106781187)
,(1.,1.))) REPRESENTATION_ITEM('') SURFACE() );
#838 = CARTESIAN_POINT('',(61.414213562373,171.83075562224,2.));
#839 = CARTESIAN_POINT('',(42.720291477228,171.83075562224,2.));
#840 = CARTESIAN_POINT('',(61.414213562373,172.83075562224,2.));
#841 = CARTESIAN_POINT('',(42.720291477228,172.83075562224,2.));
#842 = CARTESIAN_POINT('',(61.414213562373,172.83075562224,3.));
#843 = CARTESIAN_POINT('',(42.720291477228,172.83075562224,3.));
#844 = DEFINITIONAL_REPRESENTATION('',(#845),#849);
#845 = B_SPLINE_CURVE_WITH_KNOTS('',2,(#846,#847,#848),.UNSPECIFIED.,.F.
  ,.F.,(3,3),(-2.414213562373,16.279708522772),
  .PIECEWISE_BEZIER_KNOTS.);
#846 = CARTESIAN_POINT('',(7.376674187298E-45,-2.414213562373));
#847 = CARTESIAN_POINT('',(6.142463150422E-45,6.9327474802));
#848 = CARTESIAN_POINT('',(0.,16.279708522772));
#849 = ( GEOMETRIC_REPRESENTATION_CONTEXT(2) 
PARAMETRIC_REPRESENTATION_CONTEXT() REPRESENTATION_CONTEXT('2D SPACE',''
  ) );
#850 = FACE_BOUND('',#851,.F.);
#851 = EDGE_LOOP('',(#852,#882,#910,#938));
#852 = ORIENTED_EDGE('',*,*,#853,.F.);
#853 = EDGE_CURVE('',#854,#856,#858,.T.);
#854 = VERTEX_POINT('',#855);
#855 = CARTESIAN_POINT('',(192.,245.71103230849,2.));
#856 = VERTEX_POINT('',#857);
#857 = CARTESIAN_POINT('',(198.,245.71103230849,2.));
#858 = SURFACE_CURVE('',#859,(#862,#868),.PCURVE_S1.);
#859 = B_SPLINE_CURVE_WITH_KNOTS('',1,(#860,#861),.UNSPECIFIED.,.F.,.F.,
  (2,2),(-1.,5.),.PIECEWISE_BEZIER_KNOTS.);
#860 = CARTESIAN_POINT('',(192.,245.71103230849,2.));
#861 = CARTESIAN_POINT('',(198.,245.71103230849,2.));
#862 = PCURVE('',#31,#863);
#863 = DEFINITIONAL_REPRESENTATION('',(#864),#867);
#864 = B_SPLINE_CURVE_WITH_KNOTS('',1,(#865,#866),.UNSPECIFIED.,.F.,.F.,
  (2,2),(-1.,5.),.PIECEWISE_BEZIER_KNOTS.);
#865 = CARTESIAN_POINT('',(192.,14.288967691508));
#866 = CARTESIAN_POINT('',(198.,14.288967691508));
#867 = ( GEOMETRIC_REPRESENTATION_CONTEXT(2) 
PARAMETRIC_REPRESENTATION_CONTEXT() REPRESENTATION_CONTEXT('2D SPACE',''
  ) );
#868 = PCURVE('',#869,#876);
#869 = ( BOUNDED_SURFACE() B_SPLINE_SURFACE(2,1,(
    (#870,#871)
    ,(#872,#873)
,(#874,#875
    )),.UNSPECIFIED.,.F.,.F.,.F.) B_SPLINE_SURFACE_WITH_KNOTS((3,3),(2,2
    ),(0.,1.570796326795),(-1.,5.),.PIECEWISE_BEZIER_KNOTS.) 
GEOMETRIC_REPRESENTATION_ITEM() RATIONAL_B_SPLINE_SURFACE((
    (1.,1.)
    ,(0.707106781187,0.707106781187)
,(1.,1.))) REPRESENTATION_ITEM('') SURFACE() );
#870 = CARTESIAN_POINT('',(192.,245.71103230849,2.));
#871 = CARTESIAN_POINT('',(198.,245.71103230849,2.));
#872 = CARTESIAN_POINT('',(192.,244.71103230849,2.));
#873 = CARTESIAN_POINT('',(198.,244.71103230849,2.));
#874 = CARTESIAN_POINT('',(192.,244.71103230849,3.));
#875 = CARTESIAN_POINT('',(198.,244.71103230849,3.));
#876 = DEFINITIONAL_REPRESENTATION('',(#877),#881);
#877 = B_SPLINE_CURVE_WITH_KNOTS('',2,(#878,#879,#880),.UNSPECIFIED.,.F.
  ,.F.,(3,3),(-1.,5.),.PIECEWISE_BEZIER_KNOTS.);
#878 = CARTESIAN_POINT('',(0.,-1.));
#879 = CARTESIAN_POINT('',(0.,2.));
#880 = CARTESIAN_POINT('',(0.,5.));
#881 = ( GEOMETRIC_REPRESENTATION_CONTEXT(2) 
PARAMETRIC_REPRESENTATION_CONTEXT() REPRESENTATION_CONTEXT('2D SPACE',''
  ) );
#882 = ORIENTED_EDGE('',*,*,#883,.T.);
#883 = EDGE_CURVE('',#854,#884,#886,.T.);
#884 = VERTEX_POINT('',#885);
#885 = CARTESIAN_POINT('',(192.,144.2889676915,2.));
#886 = SURFACE_CURVE('',#887,(#890,#896),.PCURVE_S1.);
#887 = B_SPLINE_CURVE_WITH_KNOTS('',1,(#888,#889),.UNSPECIFIED.,.F.,.F.,
  (2,2),(-1.,100.42206461698),.PIECEWISE_BEZIER_KNOTS.);
#888 = CARTESIAN_POINT('',(192.,245.71103230849,2.));
#889 = CARTESIAN_POINT('',(192.,144.2889676915,2.));
#890 = PCURVE('',#31,#891);
#891 = DEFINITIONAL_REPRESENTATION('',(#892),#895);
#892 = B_SPLINE_CURVE_WITH_KNOTS('',1,(#893,#894),.UNSPECIFIED.,.F.,.F.,
  (2,2),(-1.,100.42206461698),.PIECEWISE_BEZIER_KNOTS.);
#893 = CARTESIAN_POINT('',(192.,14.288967691508));
#894 = CARTESIAN_POINT('',(192.,115.71103230849));
#895 = ( GEOMETRIC_REPRESENTATION_CONTEXT(2) 
PARAMETRIC_REPRESENTATION_CONTEXT() REPRESENTATION_CONTEXT('2D SPACE',''
  ) );
#896 = PCURVE('',#897,#904);
#897 = ( BOUNDED_SURFACE() B_SPLINE_SURFACE(2,1,(
    (#898,#899)
    ,(#900,#901)
,(#902,#903
    )),.UNSPECIFIED.,.F.,.F.,.F.) B_SPLINE_SURFACE_WITH_KNOTS((3,3),(2,2
    ),(0.,1.570796326795),(-1.,100.42206461698),
.PIECEWISE_BEZIER_KNOTS.) GEOMETRIC_REPRESENTATION_ITEM() 
RATIONAL_B_SPLINE_SURFACE((
    (1.,1.)
    ,(0.707106781187,0.707106781187)
,(1.,1.))) REPRESENTATION_ITEM('') SURFACE() );
#898 = CARTESIAN_POINT('',(192.,245.71103230849,2.));
#899 = CARTESIAN_POINT('',(192.,144.2889676915,2.));
#900 = CARTESIAN_POINT('',(193.,245.71103230849,2.));
#901 = CARTESIAN_POINT('',(193.,144.2889676915,2.));
#902 = CARTESIAN_POINT('',(193.,245.71103230849,3.));
#903 = CARTESIAN_POINT('',(193.,144.2889676915,3.));
#904 = DEFINITIONAL_REPRESENTATION('',(#905),#909);
#905 = B_SPLINE_CURVE_WITH_KNOTS('',2,(#906,#907,#908),.UNSPECIFIED.,.F.
  ,.F.,(3,3),(-1.,100.42206461698),.PIECEWISE_BEZIER_KNOTS.);
#906 = CARTESIAN_POINT('',(1.30596933375E-31,-1.));
#907 = CARTESIAN_POINT('',(7.83444149822E-33,49.711032308492));
#908 = CARTESIAN_POINT('',(0.,100.42206461698));
#909 = ( GEOMETRIC_REPRESENTATION_CONTEXT(2) 
PARAMETRIC_REPRESENTATION_CONTEXT() REPRESENTATION_CONTEXT('2D SPACE',''
  ) );
#910 = ORIENTED_EDGE('',*,*,#911,.T.);
#911 = EDGE_CURVE('',#884,#912,#914,.T.);
#912 = VERTEX_POINT('',#913);
#913 = CARTESIAN_POINT('',(198.,144.2889676915,2.));
#914 = SURFACE_CURVE('',#915,(#918,#924),.PCURVE_S1.);
#915 = B_SPLINE_CURVE_WITH_KNOTS('',1,(#916,#917),.UNSPECIFIED.,.F.,.F.,
  (2,2),(-1.,5.),.PIECEWISE_BEZIER_KNOTS.);
#916 = CARTESIAN_POINT('',(192.,144.2889676915,2.));
#917 = CARTESIAN_POINT('',(198.,144.2889676915,2.));
#918 = PCURVE('',#31,#919);
#919 = DEFINITIONAL_REPRESENTATION('',(#920),#923);
#920 = B_SPLINE_CURVE_WITH_KNOTS('',1,(#921,#922),.UNSPECIFIED.,.F.,.F.,
  (2,2),(-1.,5.),.PIECEWISE_BEZIER_KNOTS.);
#921 = CARTESIAN_POINT('',(192.,115.71103230849));
#922 = CARTESIAN_POINT('',(198.,115.71103230849));
#923 = ( GEOMETRIC_REPRESENTATION_CONTEXT(2) 
PARAMETRIC_REPRESENTATION_CONTEXT() REPRESENTATION_CONTEXT('2D SPACE',''
  ) );
#924 = PCURVE('',#925,#932);
#925 = ( BOUNDED_SURFACE() B_SPLINE_SURFACE(2,1,(
    (#926,#927)
    ,(#928,#929)
,(#930,#931
    )),.UNSPECIFIED.,.F.,.F.,.F.) B_SPLINE_SURFACE_WITH_KNOTS((3,3),(2,2
    ),(0.,1.570796326795),(-1.,5.),.PIECEWISE_BEZIER_KNOTS.) 
GEOMETRIC_REPRESENTATION_ITEM() RATIONAL_B_SPLINE_SURFACE((
    (1.,1.)
    ,(0.707106781187,0.707106781187)
,(1.,1.))) REPRESENTATION_ITEM('') SURFACE() );
#926 = CARTESIAN_POINT('',(192.,144.2889676915,2.));
#927 = CARTESIAN_POINT('',(198.,144.2889676915,2.));
#928 = CARTESIAN_POINT('',(192.,145.2889676915,2.));
#929 = CARTESIAN_POINT('',(198.,145.2889676915,2.));
#930 = CARTESIAN_POINT('',(192.,145.2889676915,3.));
#931 = CARTESIAN_POINT('',(198.,145.2889676915,3.));
#932 = DEFINITIONAL_REPRESENTATION('',(#933),#937);
#933 = B_SPLINE_CURVE_WITH_KNOTS('',2,(#934,#935,#936),.UNSPECIFIED.,.F.
  ,.F.,(3,3),(-1.,5.),.PIECEWISE_BEZIER_KNOTS.);
#934 = CARTESIAN_POINT('',(0.,-1.));
#935 = CARTESIAN_POINT('',(0.,2.));
#936 = CARTESIAN_POINT('',(0.,5.));
#937 = ( GEOMETRIC_REPRESENTATION_CONTEXT(2) 
PARAMETRIC_REPRESENTATION_CONTEXT() REPRESENTATION_CONTEXT('2D SPACE',''
  ) );
#938 = ORIENTED_EDGE('',*,*,#939,.F.);
#939 = EDGE_CURVE('',#856,#912,#940,.T.);
#940 = SURFACE_CURVE('',#941,(#944,#950),.PCURVE_S1.);
#941 = B_SPLINE_CURVE_WITH_KNOTS('',1,(#942,#943),.UNSPECIFIED.,.F.,.F.,
  (2,2),(-1.,100.42206461698),.PIECEWISE_BEZIER_KNOTS.);
#942 = CARTESIAN_POINT('',(198.,245.71103230849,2.));
#943 = CARTESIAN_POINT('',(198.,144.2889676915,2.));
#944 = PCURVE('',#31,#945);
#945 = DEFINITIONAL_REPRESENTATION('',(#946),#949);
#946 = B_SPLINE_CURVE_WITH_KNOTS('',1,(#947,#948),.UNSPECIFIED.,.F.,.F.,
  (2,2),(-1.,100.42206461698),.PIECEWISE_BEZIER_KNOTS.);
#947 = CARTESIAN_POINT('',(198.,14.288967691508));
#948 = CARTESIAN_POINT('',(198.,115.71103230849));
#949 = ( GEOMETRIC_REPRESENTATION_CONTEXT(2) 
PARAMETRIC_REPRESENTATION_CONTEXT() REPRESENTATION_CONTEXT('2D SPACE',''
  ) );
#950 = PCURVE('',#951,#958);
#951 = ( BOUNDED_SURFACE() B_SPLINE_SURFACE(2,1,(
    (#952,#953)
    ,(#954,#955)
,(#956,#957
    )),.UNSPECIFIED.,.F.,.F.,.F.) B_SPLINE_SURFACE_WITH_KNOTS((3,3),(2,2
    ),(0.,1.570796326795),(-1.,100.42206461698),
.PIECEWISE_BEZIER_KNOTS.) GEOMETRIC_REPRESENTATION_ITEM() 
RATIONAL_B_SPLINE_SURFACE((
    (1.,1.)
    ,(0.707106781187,0.707106781187)
,(1.,1.))) REPRESENTATION_ITEM('') SURFACE() );
#952 = CARTESIAN_POINT('',(198.,245.71103230849,2.));
#953 = CARTESIAN_POINT('',(198.,144.2889676915,2.));
#954 = CARTESIAN_POINT('',(197.,245.71103230849,2.));
#955 = CARTESIAN_POINT('',(197.,144.2889676915,2.));
#956 = CARTESIAN_POINT('',(197.,245.71103230849,3.));
#957 = CARTESIAN_POINT('',(197.,144.2889676915,3.));
#958 = DEFINITIONAL_REPRESENTATION('',(#959),#963);
#959 = B_SPLINE_CURVE_WITH_KNOTS('',2,(#960,#961,#962),.UNSPECIFIED.,.F.
  ,.F.,(3,3),(-1.,100.42206461698),.PIECEWISE_BEZIER_KNOTS.);
#960 = CARTESIAN_POINT('',(1.30596933375E-31,-1.));
#961 = CARTESIAN_POINT('',(7.83444149822E-33,49.711032308492));
#962 = CARTESIAN_POINT('',(0.,100.42206461698));
#963 = ( GEOMETRIC_REPRESENTATION_CONTEXT(2) 
PARAMETRIC_REPRESENTATION_CONTEXT() REPRESENTATION_CONTEXT('2D SPACE',''
  ) );
#964 = FACE_BOUND('',#965,.F.);
#965 = EDGE_LOOP('',(#966,#1001,#1029,#1062,#1090,#1123,#1151,#1184));
#966 = ORIENTED_EDGE('',*,*,#967,.F.);
#967 = EDGE_CURVE('',#968,#970,#972,.T.);
#968 = VERTEX_POINT('',#969);
#969 = CARTESIAN_POINT('',(84.322305191092,50.243754735703,2.));
#970 = VERTEX_POINT('',#971);
#971 = CARTESIAN_POINT('',(76.285046811221,42.206496355832,2.));
#972 = SURFACE_CURVE('',#973,(#977,#984),.PCURVE_S1.);
#973 = ( BOUNDED_CURVE() B_SPLINE_CURVE(2,(#974,#975,#976),
.UNSPECIFIED.,.F.,.F.) B_SPLINE_CURVE_WITH_KNOTS((3,3),(0.,
1.570796326795),.PIECEWISE_BEZIER_KNOTS.) CURVE() 
GEOMETRIC_REPRESENTATION_ITEM() RATIONAL_B_SPLINE_CURVE((1.,
0.707106781187,1.)) REPRESENTATION_ITEM('') );
#974 = CARTESIAN_POINT('',(84.322305191092,50.243754735703,2.));
#975 = CARTESIAN_POINT('',(84.322305191092,42.206496355832,2.));
#976 = CARTESIAN_POINT('',(76.285046811221,42.206496355832,2.));
#977 = PCURVE('',#31,#978);
#978 = DEFINITIONAL_REPRESENTATION('',(#979),#983);
#979 = ( BOUNDED_CURVE() B_SPLINE_CURVE(2,(#980,#981,#982),
.UNSPECIFIED.,.F.,.F.) B_SPLINE_CURVE_WITH_KNOTS((3,3),(0.,
1.570796326795),.PIECEWISE_BEZIER_KNOTS.) CURVE() 
GEOMETRIC_REPRESENTATION_ITEM() RATIONAL_B_SPLINE_CURVE((1.,
0.707106781187,1.)) REPRESENTATION_ITEM('') );
#980 = CARTESIAN_POINT('',(84.322305191092,209.75624526429));
#981 = CARTESIAN_POINT('',(84.322305191092,217.79350364416));
#982 = CARTESIAN_POINT('',(76.285046811221,217.79350364416));
#983 = ( GEOMETRIC_REPRESENTATION_CONTEXT(2) 
PARAMETRIC_REPRESENTATION_CONTEXT() REPRESENTATION_CONTEXT('2D SPACE',''
  ) );
#984 = PCURVE('',#985,#995);
#985 = ( BOUNDED_SURFACE() B_SPLINE_SURFACE(2,2,(
    (#986,#987,#988)
    ,(#989,#990,#991)
    ,(#992,#993,#994
)),.UNSPECIFIED.,.F.,.F.,.F.) B_SPLINE_SURFACE_WITH_KNOTS((3,3),(3,3),(
    0.,1.570796326795),(1.570796326795,3.14159265359),
.PIECEWISE_BEZIER_KNOTS.) GEOMETRIC_REPRESENTATION_ITEM() 
RATIONAL_B_SPLINE_SURFACE((
    (1.,0.707106781187,1.)
    ,(0.707106781187,0.5,0.707106781187)
,(1.,0.707106781187,1.))) REPRESENTATION_ITEM('') SURFACE() );
#986 = CARTESIAN_POINT('',(84.322305191092,50.243754735703,2.));
#987 = CARTESIAN_POINT('',(83.322305191092,50.243754735703,2.));
#988 = CARTESIAN_POINT('',(83.322305191092,50.243754735703,3.));
#989 = CARTESIAN_POINT('',(84.322305191092,42.206496355832,2.));
#990 = CARTESIAN_POINT('',(83.322305191092,43.206496355832,2.));
#991 = CARTESIAN_POINT('',(83.322305191092,43.206496355832,3.));
#992 = CARTESIAN_POINT('',(76.285046811221,42.206496355832,2.));
#993 = CARTESIAN_POINT('',(76.285046811221,43.206496355832,2.));
#994 = CARTESIAN_POINT('',(76.285046811221,43.206496355832,3.));
#995 = DEFINITIONAL_REPRESENTATION('',(#996),#1000);
#996 = B_SPLINE_CURVE_WITH_KNOTS('',2,(#997,#998,#999),.UNSPECIFIED.,.F.
  ,.F.,(3,3),(2.945834930585E-15,1.570796326795),
  .PIECEWISE_BEZIER_KNOTS.);
#997 = CARTESIAN_POINT('',(1.963889953723E-15,1.570796326795));
#998 = CARTESIAN_POINT('',(0.785398163397,1.570796326795));
#999 = CARTESIAN_POINT('',(1.570796326795,1.570796326795));
#1000 = ( GEOMETRIC_REPRESENTATION_CONTEXT(2) 
PARAMETRIC_REPRESENTATION_CONTEXT() REPRESENTATION_CONTEXT('2D SPACE',''
  ) );
#1001 = ORIENTED_EDGE('',*,*,#1002,.F.);
#1002 = EDGE_CURVE('',#1003,#968,#1005,.T.);
#1003 = VERTEX_POINT('',#1004);
#1004 = CARTESIAN_POINT('',(84.322305191092,79.756245264298,2.));
#1005 = SURFACE_CURVE('',#1006,(#1009,#1015),.PCURVE_S1.);
#1006 = B_SPLINE_CURVE_WITH_KNOTS('',1,(#1007,#1008),.UNSPECIFIED.,.F.,
  .F.,(2,2),(4.973799150321E-14,29.512490528595),
  .PIECEWISE_BEZIER_KNOTS.);
#1007 = CARTESIAN_POINT('',(84.322305191092,79.756245264297,2.));
#1008 = CARTESIAN_POINT('',(84.322305191092,50.243754735703,2.));
#1009 = PCURVE('',#31,#1010);
#1010 = DEFINITIONAL_REPRESENTATION('',(#1011),#1014);
#1011 = B_SPLINE_CURVE_WITH_KNOTS('',1,(#1012,#1013),.UNSPECIFIED.,.F.,
  .F.,(2,2),(4.973799150321E-14,29.512490528595),
  .PIECEWISE_BEZIER_KNOTS.);
#1012 = CARTESIAN_POINT('',(84.322305191092,180.2437547357));
#1013 = CARTESIAN_POINT('',(84.322305191092,209.75624526429));
#1014 = ( GEOMETRIC_REPRESENTATION_CONTEXT(2) 
PARAMETRIC_REPRESENTATION_CONTEXT() REPRESENTATION_CONTEXT('2D SPACE',''
  ) );
#1015 = PCURVE('',#1016,#1023);
#1016 = ( BOUNDED_SURFACE() B_SPLINE_SURFACE(2,1,(
    (#1017,#1018)
    ,(#1019,#1020)
    ,(#1021,#1022
)),.UNSPECIFIED.,.F.,.F.,.F.) B_SPLINE_SURFACE_WITH_KNOTS((3,3),(2,2),(
    0.,1.570796326795),(4.973799150321E-14,29.512490528595),
.PIECEWISE_BEZIER_KNOTS.) GEOMETRIC_REPRESENTATION_ITEM() 
RATIONAL_B_SPLINE_SURFACE((
    (1.,1.)
    ,(0.707106781187,0.707106781187)
,(1.,1.))) REPRESENTATION_ITEM('') SURFACE() );
#1017 = CARTESIAN_POINT('',(84.322305191092,79.756245264297,2.));
#1018 = CARTESIAN_POINT('',(84.322305191092,50.243754735703,2.));
#1019 = CARTESIAN_POINT('',(83.322305191092,79.756245264297,2.));
#1020 = CARTESIAN_POINT('',(83.322305191092,50.243754735703,2.));
#1021 = CARTESIAN_POINT('',(83.322305191092,79.756245264297,3.));
#1022 = CARTESIAN_POINT('',(83.322305191092,50.243754735703,3.));
#1023 = DEFINITIONAL_REPRESENTATION('',(#1024),#1028);
#1024 = B_SPLINE_CURVE_WITH_KNOTS('',2,(#1025,#1026,#1027),
  .UNSPECIFIED.,.F.,.F.,(3,3),(4.973799150321E-14,29.512490528595),
  .PIECEWISE_BEZIER_KNOTS.);
#1025 = CARTESIAN_POINT('',(0.,4.973799150321E-14));
#1026 = CARTESIAN_POINT('',(0.,14.756245264298));
#1027 = CARTESIAN_POINT('',(0.,29.512490528595));
#1028 = ( GEOMETRIC_REPRESENTATION_CONTEXT(2) 
PARAMETRIC_REPRESENTATION_CONTEXT() REPRESENTATION_CONTEXT('2D SPACE',''
  ) );
#1029 = ORIENTED_EDGE('',*,*,#1030,.F.);
#1030 = EDGE_CURVE('',#1031,#1003,#1033,.T.);
#1031 = VERTEX_POINT('',#1032);
#1032 = CARTESIAN_POINT('',(76.285046811221,87.793503644168,2.));
#1033 = SURFACE_CURVE('',#1034,(#1038,#1045),.PCURVE_S1.);
#1034 = ( BOUNDED_CURVE() B_SPLINE_CURVE(2,(#1035,#1036,#1037),
.UNSPECIFIED.,.F.,.F.) B_SPLINE_CURVE_WITH_KNOTS((3,3),(
-4.440892098501E-15,1.570796326795),.PIECEWISE_BEZIER_KNOTS.) CURVE() 
GEOMETRIC_REPRESENTATION_ITEM() RATIONAL_B_SPLINE_CURVE((1.,
0.707106781187,1.)) REPRESENTATION_ITEM('') );
#1035 = CARTESIAN_POINT('',(76.285046811221,87.793503644168,2.));
#1036 = CARTESIAN_POINT('',(84.322305191092,87.793503644168,2.));
#1037 = CARTESIAN_POINT('',(84.322305191092,79.756245264298,2.));
#1038 = PCURVE('',#31,#1039);
#1039 = DEFINITIONAL_REPRESENTATION('',(#1040),#1044);
#1040 = ( BOUNDED_CURVE() B_SPLINE_CURVE(2,(#1041,#1042,#1043),
.UNSPECIFIED.,.F.,.F.) B_SPLINE_CURVE_WITH_KNOTS((3,3),(
-4.440892098501E-15,1.570796326795),.PIECEWISE_BEZIER_KNOTS.) CURVE() 
GEOMETRIC_REPRESENTATION_ITEM() RATIONAL_B_SPLINE_CURVE((1.,
0.707106781187,1.)) REPRESENTATION_ITEM('') );
#1041 = CARTESIAN_POINT('',(76.285046811221,172.20649635583));
#1042 = CARTESIAN_POINT('',(84.322305191092,172.20649635583));
#1043 = CARTESIAN_POINT('',(84.322305191092,180.2437547357));
#1044 = ( GEOMETRIC_REPRESENTATION_CONTEXT(2) 
PARAMETRIC_REPRESENTATION_CONTEXT() REPRESENTATION_CONTEXT('2D SPACE',''
  ) );
#1045 = PCURVE('',#1046,#1056);
#1046 = ( BOUNDED_SURFACE() B_SPLINE_SURFACE(2,2,(
    (#1047,#1048,#1049)
    ,(#1050,#1051,#1052)
    ,(#1053,#1054,#1055
)),.UNSPECIFIED.,.F.,.F.,.F.) B_SPLINE_SURFACE_WITH_KNOTS((3,3),(3,3),(
    0.,1.570796326795),(1.570796326795,3.14159265359),
.PIECEWISE_BEZIER_KNOTS.) GEOMETRIC_REPRESENTATION_ITEM() 
RATIONAL_B_SPLINE_SURFACE((
    (1.,0.707106781187,1.)
    ,(0.707106781187,0.5,0.707106781187)
,(1.,0.707106781187,1.))) REPRESENTATION_ITEM('') SURFACE() );
#1047 = CARTESIAN_POINT('',(76.285046811221,87.793503644168,2.));
#1048 = CARTESIAN_POINT('',(76.285046811221,86.793503644168,2.));
#1049 = CARTESIAN_POINT('',(76.285046811221,86.793503644168,3.));
#1050 = CARTESIAN_POINT('',(84.322305191092,87.793503644168,2.));
#1051 = CARTESIAN_POINT('',(83.322305191092,86.793503644168,2.));
#1052 = CARTESIAN_POINT('',(83.322305191092,86.793503644168,3.));
#1053 = CARTESIAN_POINT('',(84.322305191092,79.756245264297,2.));
#1054 = CARTESIAN_POINT('',(83.322305191092,79.756245264297,2.));
#1055 = CARTESIAN_POINT('',(83.322305191092,79.756245264297,3.));
#1056 = DEFINITIONAL_REPRESENTATION('',(#1057),#1061);
#1057 = B_SPLINE_CURVE_WITH_KNOTS('',2,(#1058,#1059,#1060),
  .UNSPECIFIED.,.F.,.F.,(3,3),(-4.440892098501E-15,1.570796326795),
  .PIECEWISE_BEZIER_KNOTS.);
#1058 = CARTESIAN_POINT('',(-4.440892098501E-15,1.570796326795));
#1059 = CARTESIAN_POINT('',(0.785398163397,1.570796326795));
#1060 = CARTESIAN_POINT('',(1.570796326795,1.570796326795));
#1061 = ( GEOMETRIC_REPRESENTATION_CONTEXT(2) 
PARAMETRIC_REPRESENTATION_CONTEXT() REPRESENTATION_CONTEXT('2D SPACE',''
  ) );
#1062 = ORIENTED_EDGE('',*,*,#1063,.F.);
#1063 = EDGE_CURVE('',#1064,#1031,#1066,.T.);
#1064 = VERTEX_POINT('',#1065);
#1065 = CARTESIAN_POINT('',(53.714953188779,87.793503644168,2.));
#1066 = SURFACE_CURVE('',#1067,(#1070,#1076),.PCURVE_S1.);
#1067 = B_SPLINE_CURVE_WITH_KNOTS('',1,(#1068,#1069),.UNSPECIFIED.,.F.,
  .F.,(2,2),(2.13162820728E-14,22.570093622442),
  .PIECEWISE_BEZIER_KNOTS.);
#1068 = CARTESIAN_POINT('',(53.714953188779,87.793503644168,2.));
#1069 = CARTESIAN_POINT('',(76.285046811221,87.793503644168,2.));
#1070 = PCURVE('',#31,#1071);
#1071 = DEFINITIONAL_REPRESENTATION('',(#1072),#1075);
#1072 = B_SPLINE_CURVE_WITH_KNOTS('',1,(#1073,#1074),.UNSPECIFIED.,.F.,
  .F.,(2,2),(2.13162820728E-14,22.570093622442),
  .PIECEWISE_BEZIER_KNOTS.);
#1073 = CARTESIAN_POINT('',(53.714953188779,172.20649635583));
#1074 = CARTESIAN_POINT('',(76.285046811221,172.20649635583));
#1075 = ( GEOMETRIC_REPRESENTATION_CONTEXT(2) 
PARAMETRIC_REPRESENTATION_CONTEXT() REPRESENTATION_CONTEXT('2D SPACE',''
  ) );
#1076 = PCURVE('',#1077,#1084);
#1077 = ( BOUNDED_SURFACE() B_SPLINE_SURFACE(2,1,(
    (#1078,#1079)
    ,(#1080,#1081)
    ,(#1082,#1083
)),.UNSPECIFIED.,.F.,.F.,.F.) B_SPLINE_SURFACE_WITH_KNOTS((3,3),(2,2),(
    0.,1.570796326795),(2.13162820728E-14,22.570093622442),
.PIECEWISE_BEZIER_KNOTS.) GEOMETRIC_REPRESENTATION_ITEM() 
RATIONAL_B_SPLINE_SURFACE((
    (1.,1.)
    ,(0.707106781187,0.707106781187)
,(1.,1.))) REPRESENTATION_ITEM('') SURFACE() );
#1078 = CARTESIAN_POINT('',(53.714953188779,87.793503644168,2.));
#1079 = CARTESIAN_POINT('',(76.285046811221,87.793503644168,2.));
#1080 = CARTESIAN_POINT('',(53.714953188779,86.793503644168,2.));
#1081 = CARTESIAN_POINT('',(76.285046811221,86.793503644168,2.));
#1082 = CARTESIAN_POINT('',(53.714953188779,86.793503644168,3.));
#1083 = CARTESIAN_POINT('',(76.285046811221,86.793503644168,3.));
#1084 = DEFINITIONAL_REPRESENTATION('',(#1085),#1089);
#1085 = B_SPLINE_CURVE_WITH_KNOTS('',2,(#1086,#1087,#1088),
  .UNSPECIFIED.,.F.,.F.,(3,3),(6.394884621841E-14,22.570093622442),
  .PIECEWISE_BEZIER_KNOTS.);
#1086 = CARTESIAN_POINT('',(0.,6.394884621841E-14));
#1087 = CARTESIAN_POINT('',(-2.76626203175E-44,11.285046811221));
#1088 = CARTESIAN_POINT('',(0.,22.570093622442));
#1089 = ( GEOMETRIC_REPRESENTATION_CONTEXT(2) 
PARAMETRIC_REPRESENTATION_CONTEXT() REPRESENTATION_CONTEXT('2D SPACE',''
  ) );
#1090 = ORIENTED_EDGE('',*,*,#1091,.F.);
#1091 = EDGE_CURVE('',#1092,#1064,#1094,.T.);
#1092 = VERTEX_POINT('',#1093);
#1093 = CARTESIAN_POINT('',(45.677694808908,79.756245264298,2.));
#1094 = SURFACE_CURVE('',#1095,(#1099,#1106),.PCURVE_S1.);
#1095 = ( BOUNDED_CURVE() B_SPLINE_CURVE(2,(#1096,#1097,#1098),
.UNSPECIFIED.,.F.,.F.) B_SPLINE_CURVE_WITH_KNOTS((3,3),(
3.996802888651E-15,1.570796326795),.PIECEWISE_BEZIER_KNOTS.) CURVE() 
GEOMETRIC_REPRESENTATION_ITEM() RATIONAL_B_SPLINE_CURVE((1.,
0.707106781187,1.)) REPRESENTATION_ITEM('') );
#1096 = CARTESIAN_POINT('',(45.677694808908,79.756245264297,2.));
#1097 = CARTESIAN_POINT('',(45.677694808908,87.793503644168,2.));
#1098 = CARTESIAN_POINT('',(53.714953188779,87.793503644168,2.));
#1099 = PCURVE('',#31,#1100);
#1100 = DEFINITIONAL_REPRESENTATION('',(#1101),#1105);
#1101 = ( BOUNDED_CURVE() B_SPLINE_CURVE(2,(#1102,#1103,#1104),
.UNSPECIFIED.,.F.,.F.) B_SPLINE_CURVE_WITH_KNOTS((3,3),(
3.996802888651E-15,1.570796326795),.PIECEWISE_BEZIER_KNOTS.) CURVE() 
GEOMETRIC_REPRESENTATION_ITEM() RATIONAL_B_SPLINE_CURVE((1.,
0.707106781187,1.)) REPRESENTATION_ITEM('') );
#1102 = CARTESIAN_POINT('',(45.677694808908,180.2437547357));
#1103 = CARTESIAN_POINT('',(45.677694808908,172.20649635583));
#1104 = CARTESIAN_POINT('',(53.714953188779,172.20649635583));
#1105 = ( GEOMETRIC_REPRESENTATION_CONTEXT(2) 
PARAMETRIC_REPRESENTATION_CONTEXT() REPRESENTATION_CONTEXT('2D SPACE',''
  ) );
#1106 = PCURVE('',#1107,#1117);
#1107 = ( BOUNDED_SURFACE() B_SPLINE_SURFACE(2,2,(
    (#1108,#1109,#1110)
    ,(#1111,#1112,#1113)
    ,(#1114,#1115,#1116
)),.UNSPECIFIED.,.F.,.F.,.F.) B_SPLINE_SURFACE_WITH_KNOTS((3,3),(3,3),(
    0.,1.570796326795),(1.570796326795,3.14159265359),
.PIECEWISE_BEZIER_KNOTS.) GEOMETRIC_REPRESENTATION_ITEM() 
RATIONAL_B_SPLINE_SURFACE((
    (1.,0.707106781187,1.)
    ,(0.707106781187,0.5,0.707106781187)
,(1.,0.707106781187,1.))) REPRESENTATION_ITEM('') SURFACE() );
#1108 = CARTESIAN_POINT('',(45.677694808908,79.756245264297,2.));
#1109 = CARTESIAN_POINT('',(46.677694808908,79.756245264297,2.));
#1110 = CARTESIAN_POINT('',(46.677694808908,79.756245264297,3.));
#1111 = CARTESIAN_POINT('',(45.677694808908,87.793503644168,2.));
#1112 = CARTESIAN_POINT('',(46.677694808908,86.793503644168,2.));
#1113 = CARTESIAN_POINT('',(46.677694808908,86.793503644168,3.));
#1114 = CARTESIAN_POINT('',(53.714953188779,87.793503644168,2.));
#1115 = CARTESIAN_POINT('',(53.714953188779,86.793503644168,2.));
#1116 = CARTESIAN_POINT('',(53.714953188779,86.793503644168,3.));
#1117 = DEFINITIONAL_REPRESENTATION('',(#1118),#1122);
#1118 = B_SPLINE_CURVE_WITH_KNOTS('',2,(#1119,#1120,#1121),
  .UNSPECIFIED.,.F.,.F.,(3,3),(7.924582796097E-15,1.570796326795),
  .PIECEWISE_BEZIER_KNOTS.);
#1119 = CARTESIAN_POINT('',(9.88847274982E-15,1.570796326795));
#1120 = CARTESIAN_POINT('',(0.785398163397,1.570796326795));
#1121 = CARTESIAN_POINT('',(1.570796326795,1.570796326795));
#1122 = ( GEOMETRIC_REPRESENTATION_CONTEXT(2) 
PARAMETRIC_REPRESENTATION_CONTEXT() REPRESENTATION_CONTEXT('2D SPACE',''
  ) );
#1123 = ORIENTED_EDGE('',*,*,#1124,.F.);
#1124 = EDGE_CURVE('',#1125,#1092,#1127,.T.);
#1125 = VERTEX_POINT('',#1126);
#1126 = CARTESIAN_POINT('',(45.677694808908,50.243754735703,2.));
#1127 = SURFACE_CURVE('',#1128,(#1131,#1137),.PCURVE_S1.);
#1128 = B_SPLINE_CURVE_WITH_KNOTS('',1,(#1129,#1130),.UNSPECIFIED.,.F.,
  .F.,(2,2),(3.552713678801E-14,29.512490528595),
  .PIECEWISE_BEZIER_KNOTS.);
#1129 = CARTESIAN_POINT('',(45.677694808908,50.243754735703,2.));
#1130 = CARTESIAN_POINT('',(45.677694808908,79.756245264297,2.));
#1131 = PCURVE('',#31,#1132);
#1132 = DEFINITIONAL_REPRESENTATION('',(#1133),#1136);
#1133 = B_SPLINE_CURVE_WITH_KNOTS('',1,(#1134,#1135),.UNSPECIFIED.,.F.,
  .F.,(2,2),(3.552713678801E-14,29.512490528595),
  .PIECEWISE_BEZIER_KNOTS.);
#1134 = CARTESIAN_POINT('',(45.677694808908,209.75624526429));
#1135 = CARTESIAN_POINT('',(45.677694808908,180.2437547357));
#1136 = ( GEOMETRIC_REPRESENTATION_CONTEXT(2) 
PARAMETRIC_REPRESENTATION_CONTEXT() REPRESENTATION_CONTEXT('2D SPACE',''
  ) );
#1137 = PCURVE('',#1138,#1145);
#1138 = ( BOUNDED_SURFACE() B_SPLINE_SURFACE(2,1,(
    (#1139,#1140)
    ,(#1141,#1142)
    ,(#1143,#1144
)),.UNSPECIFIED.,.F.,.F.,.F.) B_SPLINE_SURFACE_WITH_KNOTS((3,3),(2,2),(
    0.,1.570796326795),(3.552713678801E-14,29.512490528595),
.PIECEWISE_BEZIER_KNOTS.) GEOMETRIC_REPRESENTATION_ITEM() 
RATIONAL_B_SPLINE_SURFACE((
    (1.,1.)
    ,(0.707106781187,0.707106781187)
,(1.,1.))) REPRESENTATION_ITEM('') SURFACE() );
#1139 = CARTESIAN_POINT('',(45.677694808908,50.243754735703,2.));
#1140 = CARTESIAN_POINT('',(45.677694808908,79.756245264297,2.));
#1141 = CARTESIAN_POINT('',(46.677694808908,50.243754735703,2.));
#1142 = CARTESIAN_POINT('',(46.677694808908,79.756245264297,2.));
#1143 = CARTESIAN_POINT('',(46.677694808908,50.243754735703,3.));
#1144 = CARTESIAN_POINT('',(46.677694808908,79.756245264297,3.));
#1145 = DEFINITIONAL_REPRESENTATION('',(#1146),#1150);
#1146 = B_SPLINE_CURVE_WITH_KNOTS('',2,(#1147,#1148,#1149),
  .UNSPECIFIED.,.F.,.F.,(3,3),(3.552713678801E-14,29.512490528595),
  .PIECEWISE_BEZIER_KNOTS.);
#1147 = CARTESIAN_POINT('',(-1.728782686343E-45,2.84217094304E-14));
#1148 = CARTESIAN_POINT('',(1.677936136744E-45,14.756245264298));
#1149 = CARTESIAN_POINT('',(0.,29.512490528595));
#1150 = ( GEOMETRIC_REPRESENTATION_CONTEXT(2) 
PARAMETRIC_REPRESENTATION_CONTEXT() REPRESENTATION_CONTEXT('2D SPACE',''
  ) );
#1151 = ORIENTED_EDGE('',*,*,#1152,.F.);
#1152 = EDGE_CURVE('',#1153,#1125,#1155,.T.);
#1153 = VERTEX_POINT('',#1154);
#1154 = CARTESIAN_POINT('',(53.714953188779,42.206496355832,2.));
#1155 = SURFACE_CURVE('',#1156,(#1160,#1167),.PCURVE_S1.);
#1156 = ( BOUNDED_CURVE() B_SPLINE_CURVE(2,(#1157,#1158,#1159),
.UNSPECIFIED.,.F.,.F.) B_SPLINE_CURVE_WITH_KNOTS((3,3),(0.,
1.570796326795),.PIECEWISE_BEZIER_KNOTS.) CURVE() 
GEOMETRIC_REPRESENTATION_ITEM() RATIONAL_B_SPLINE_CURVE((1.,
0.707106781187,1.)) REPRESENTATION_ITEM('') );
#1157 = CARTESIAN_POINT('',(53.714953188779,42.206496355832,2.));
#1158 = CARTESIAN_POINT('',(45.677694808908,42.206496355832,2.));
#1159 = CARTESIAN_POINT('',(45.677694808908,50.243754735703,2.));
#1160 = PCURVE('',#31,#1161);
#1161 = DEFINITIONAL_REPRESENTATION('',(#1162),#1166);
#1162 = ( BOUNDED_CURVE() B_SPLINE_CURVE(2,(#1163,#1164,#1165),
.UNSPECIFIED.,.F.,.F.) B_SPLINE_CURVE_WITH_KNOTS((3,3),(0.,
1.570796326795),.PIECEWISE_BEZIER_KNOTS.) CURVE() 
GEOMETRIC_REPRESENTATION_ITEM() RATIONAL_B_SPLINE_CURVE((1.,
0.707106781187,1.)) REPRESENTATION_ITEM('') );
#1163 = CARTESIAN_POINT('',(53.714953188779,217.79350364416));
#1164 = CARTESIAN_POINT('',(45.677694808908,217.79350364416));
#1165 = CARTESIAN_POINT('',(45.677694808908,209.75624526429));
#1166 = ( GEOMETRIC_REPRESENTATION_CONTEXT(2) 
PARAMETRIC_REPRESENTATION_CONTEXT() REPRESENTATION_CONTEXT('2D SPACE',''
  ) );
#1167 = PCURVE('',#1168,#1178);
#1168 = ( BOUNDED_SURFACE() B_SPLINE_SURFACE(2,2,(
    (#1169,#1170,#1171)
    ,(#1172,#1173,#1174)
    ,(#1175,#1176,#1177
)),.UNSPECIFIED.,.F.,.F.,.F.) B_SPLINE_SURFACE_WITH_KNOTS((3,3),(3,3),(
    0.,1.570796326795),(1.570796326795,3.14159265359),
.PIECEWISE_BEZIER_KNOTS.) GEOMETRIC_REPRESENTATION_ITEM() 
RATIONAL_B_SPLINE_SURFACE((
    (1.,0.707106781187,1.)
    ,(0.707106781187,0.5,0.707106781187)
,(1.,0.707106781187,1.))) REPRESENTATION_ITEM('') SURFACE() );
#1169 = CARTESIAN_POINT('',(53.714953188779,42.206496355832,2.));
#1170 = CARTESIAN_POINT('',(53.714953188779,43.206496355832,2.));
#1171 = CARTESIAN_POINT('',(53.714953188779,43.206496355832,3.));
#1172 = CARTESIAN_POINT('',(45.677694808908,42.206496355832,2.));
#1173 = CARTESIAN_POINT('',(46.677694808908,43.206496355832,2.));
#1174 = CARTESIAN_POINT('',(46.677694808908,43.206496355832,3.));
#1175 = CARTESIAN_POINT('',(45.677694808908,50.243754735703,2.));
#1176 = CARTESIAN_POINT('',(46.677694808908,50.243754735703,2.));
#1177 = CARTESIAN_POINT('',(46.677694808908,50.243754735703,3.));
#1178 = DEFINITIONAL_REPRESENTATION('',(#1179),#1183);
#1179 = B_SPLINE_CURVE_WITH_KNOTS('',2,(#1180,#1181,#1182),
  .UNSPECIFIED.,.F.,.F.,(3,3),(0.,1.570796326795),
  .PIECEWISE_BEZIER_KNOTS.);
#1180 = CARTESIAN_POINT('',(0.,1.570796326795));
#1181 = CARTESIAN_POINT('',(0.785398163397,1.570796326795));
#1182 = CARTESIAN_POINT('',(1.570796326795,1.570796326795));
#1183 = ( GEOMETRIC_REPRESENTATION_CONTEXT(2) 
PARAMETRIC_REPRESENTATION_CONTEXT() REPRESENTATION_CONTEXT('2D SPACE',''
  ) );
#1184 = ORIENTED_EDGE('',*,*,#1185,.F.);
#1185 = EDGE_CURVE('',#970,#1153,#1186,.T.);
#1186 = SURFACE_CURVE('',#1187,(#1190,#1196),.PCURVE_S1.);
#1187 = B_SPLINE_CURVE_WITH_KNOTS('',1,(#1188,#1189),.UNSPECIFIED.,.F.,
  .F.,(2,2),(3.552713678801E-14,22.570093622442),
  .PIECEWISE_BEZIER_KNOTS.);
#1188 = CARTESIAN_POINT('',(76.285046811221,42.206496355832,2.));
#1189 = CARTESIAN_POINT('',(53.714953188779,42.206496355832,2.));
#1190 = PCURVE('',#31,#1191);
#1191 = DEFINITIONAL_REPRESENTATION('',(#1192),#1195);
#1192 = B_SPLINE_CURVE_WITH_KNOTS('',1,(#1193,#1194),.UNSPECIFIED.,.F.,
  .F.,(2,2),(3.552713678801E-14,22.570093622442),
  .PIECEWISE_BEZIER_KNOTS.);
#1193 = CARTESIAN_POINT('',(76.285046811221,217.79350364416));
#1194 = CARTESIAN_POINT('',(53.714953188779,217.79350364416));
#1195 = ( GEOMETRIC_REPRESENTATION_CONTEXT(2) 
PARAMETRIC_REPRESENTATION_CONTEXT() REPRESENTATION_CONTEXT('2D SPACE',''
  ) );
#1196 = PCURVE('',#1197,#1204);
#1197 = ( BOUNDED_SURFACE() B_SPLINE_SURFACE(2,1,(
    (#1198,#1199)
    ,(#1200,#1201)
    ,(#1202,#1203
)),.UNSPECIFIED.,.F.,.F.,.F.) B_SPLINE_SURFACE_WITH_KNOTS((3,3),(2,2),(
    0.,1.570796326795),(3.552713678801E-14,22.570093622443),
.PIECEWISE_BEZIER_KNOTS.) GEOMETRIC_REPRESENTATION_ITEM() 
RATIONAL_B_SPLINE_SURFACE((
    (1.,1.)
    ,(0.707106781187,0.707106781187)
,(1.,1.))) REPRESENTATION_ITEM('') SURFACE() );
#1198 = CARTESIAN_POINT('',(76.285046811221,42.206496355832,2.));
#1199 = CARTESIAN_POINT('',(53.714953188779,42.206496355832,2.));
#1200 = CARTESIAN_POINT('',(76.285046811221,43.206496355832,2.));
#1201 = CARTESIAN_POINT('',(53.714953188779,43.206496355832,2.));
#1202 = CARTESIAN_POINT('',(76.285046811221,43.206496355832,3.));
#1203 = CARTESIAN_POINT('',(53.714953188779,43.206496355832,3.));
#1204 = DEFINITIONAL_REPRESENTATION('',(#1205),#1209);
#1205 = B_SPLINE_CURVE_WITH_KNOTS('',2,(#1206,#1207,#1208),
  .UNSPECIFIED.,.F.,.F.,(3,3),(6.394884621841E-14,22.570093622442),
  .PIECEWISE_BEZIER_KNOTS.);
#1206 = CARTESIAN_POINT('',(0.,6.394884621841E-14));
#1207 = CARTESIAN_POINT('',(0.,11.285046811221));
#1208 = CARTESIAN_POINT('',(0.,22.570093622442));
#1209 = ( GEOMETRIC_REPRESENTATION_CONTEXT(2) 
PARAMETRIC_REPRESENTATION_CONTEXT() REPRESENTATION_CONTEXT('2D SPACE',''
  ) );
#1210 = ADVANCED_FACE('',(#1211),#42,.T.);
#1211 = FACE_BOUND('',#1212,.T.);
#1212 = EDGE_LOOP('',(#1213,#1261,#1293,#1319,#1351,#1397));
#1213 = ORIENTED_EDGE('',*,*,#1214,.T.);
#1214 = EDGE_CURVE('',#22,#1215,#1217,.T.);
#1215 = VERTEX_POINT('',#1216);
#1216 = CARTESIAN_POINT('',(60.414213562373,217.16924437775,3.));
#1217 = SURFACE_CURVE('',#1218,(#1222,#1243),.PCURVE_S1.);
#1218 = ( BOUNDED_CURVE() B_SPLINE_CURVE(2,(#1219,#1220,#1221),
.UNSPECIFIED.,.F.,.F.) B_SPLINE_CURVE_WITH_KNOTS((3,3),(4.712388980385,
6.28318530718),.PIECEWISE_BEZIER_KNOTS.) CURVE() 
GEOMETRIC_REPRESENTATION_ITEM() RATIONAL_B_SPLINE_CURVE((1.,
0.707106781187,1.)) REPRESENTATION_ITEM('') );
#1219 = CARTESIAN_POINT('',(61.414213562373,218.16924437775,2.));
#1220 = CARTESIAN_POINT('',(60.414213562373,217.16924437775,2.));
#1221 = CARTESIAN_POINT('',(60.414213562373,217.16924437775,3.));
#1222 = PCURVE('',#42,#1223);
#1223 = DEFINITIONAL_REPRESENTATION('',(#1224),#1242);
#1224 = B_SPLINE_CURVE_WITH_KNOTS('',8,(#1225,#1226,#1227,#1228,#1229,
    #1230,#1231,#1232,#1233,#1234,#1235,#1236,#1237,#1238,#1239,#1240,
    #1241),.UNSPECIFIED.,.F.,.F.,(9,8,9),(4.712388980385,5.497787143782,
    6.28318530718),.PIECEWISE_BEZIER_KNOTS.);
#1225 = CARTESIAN_POINT('',(9.060579978936E-15,-1.));
#1226 = CARTESIAN_POINT('',(0.112709574352,-0.91161166343));
#1227 = CARTESIAN_POINT('',(0.22252765821,-0.819524891615));
#1228 = CARTESIAN_POINT('',(0.329584065289,-0.725047726929));
#1229 = CARTESIAN_POINT('',(0.433999284655,-0.630009661513));
#1230 = CARTESIAN_POINT('',(0.535885527007,-0.536764793526));
#1231 = CARTESIAN_POINT('',(0.635347583753,-0.448005758314));
#1232 = CARTESIAN_POINT('',(0.732483555432,-0.366116501885));
#1233 = CARTESIAN_POINT('',(0.827385476227,-0.292893218813));
#1234 = CARTESIAN_POINT('',(0.922287397016,-0.219669667597));
#1235 = CARTESIAN_POINT('',(1.014955266971,-0.155113900798));
#1236 = CARTESIAN_POINT('',(1.105481120094,-0.101010972867));
#1237 = CARTESIAN_POINT('',(1.193950924645,-5.858564133934E-02));
#1238 = CARTESIAN_POINT('',(1.28044520637,-2.809162266189E-02));
#1239 = CARTESIAN_POINT('',(1.365039572472,-8.929430758634E-03));
#1240 = CARTESIAN_POINT('',(1.447805157698,1.61781844242E-07));
#1241 = CARTESIAN_POINT('',(1.528809013966,6.447535212664E-16));
#1242 = ( GEOMETRIC_REPRESENTATION_CONTEXT(2) 
PARAMETRIC_REPRESENTATION_CONTEXT() REPRESENTATION_CONTEXT('2D SPACE',''
  ) );
#1243 = PCURVE('',#70,#1244);
#1244 = DEFINITIONAL_REPRESENTATION('',(#1245),#1260);
#1245 = B_SPLINE_CURVE_WITH_KNOTS('',7,(#1246,#1247,#1248,#1249,#1250,
    #1251,#1252,#1253,#1254,#1255,#1256,#1257,#1258,#1259),
  .UNSPECIFIED.,.F.,.F.,(8,6,8),(4.712388980385,5.497787143782,
    6.28318530718),.UNSPECIFIED.);
#1246 = CARTESIAN_POINT('',(-3.156858197541E-14,-2.414213562373));
#1247 = CARTESIAN_POINT('',(0.112199737628,-2.313198694022));
#1248 = CARTESIAN_POINT('',(0.224399475259,-2.207249123806));
#1249 = CARTESIAN_POINT('',(0.336599212878,-2.098476289538));
#1250 = CARTESIAN_POINT('',(0.448798950514,-1.989957348766));
#1251 = CARTESIAN_POINT('',(0.560998688138,-1.886026206737));
#1252 = CARTESIAN_POINT('',(0.67319842577,-1.790790907081));
#1253 = CARTESIAN_POINT('',(0.897597901029,-1.623422722657));
#1254 = CARTESIAN_POINT('',(1.009797638648,-1.551295710011));
#1255 = CARTESIAN_POINT('',(1.121997376292,-1.493581830392));
#1256 = CARTESIAN_POINT('',(1.234197113892,-1.452016577031));
#1257 = CARTESIAN_POINT('',(1.346396851541,-1.426119531685));
#1258 = CARTESIAN_POINT('',(1.458596589167,-1.414213377482));
#1259 = CARTESIAN_POINT('',(1.570796326795,-1.414213562373));
#1260 = ( GEOMETRIC_REPRESENTATION_CONTEXT(2) 
PARAMETRIC_REPRESENTATION_CONTEXT() REPRESENTATION_CONTEXT('2D SPACE',''
  ) );
#1261 = ORIENTED_EDGE('',*,*,#1262,.T.);
#1262 = EDGE_CURVE('',#1215,#1263,#1265,.T.);
#1263 = VERTEX_POINT('',#1264);
#1264 = CARTESIAN_POINT('',(60.707106781187,217.16924437775,
    3.707106781187));
#1265 = SURFACE_CURVE('',#1266,(#1270,#1281),.PCURVE_S1.);
#1266 = ( BOUNDED_CURVE() B_SPLINE_CURVE(2,(#1267,#1268,#1269),
.UNSPECIFIED.,.F.,.F.) B_SPLINE_CURVE_WITH_KNOTS((3,3),(1.570796326795,
2.356194490192),.PIECEWISE_BEZIER_KNOTS.) CURVE() 
GEOMETRIC_REPRESENTATION_ITEM() RATIONAL_B_SPLINE_CURVE((1.,
0.923879532511,1.)) REPRESENTATION_ITEM('') );
#1267 = CARTESIAN_POINT('',(60.414213562373,217.16924437775,3.));
#1268 = CARTESIAN_POINT('',(60.414213562373,217.16924437775,
    3.414213562373));
#1269 = CARTESIAN_POINT('',(60.707106781187,217.16924437775,
    3.707106781187));
#1270 = PCURVE('',#42,#1271);
#1271 = DEFINITIONAL_REPRESENTATION('',(#1272),#1280);
#1272 = B_SPLINE_CURVE_WITH_KNOTS('',6,(#1273,#1274,#1275,#1276,#1277,
    #1278,#1279),.UNSPECIFIED.,.F.,.F.,(7,7),(1.570796326795,
    2.356194490192),.PIECEWISE_BEZIER_KNOTS.);
#1273 = CARTESIAN_POINT('',(1.528809013966,-5.684666295561E-14));
#1274 = CARTESIAN_POINT('',(1.645712916365,3.402497933539E-13));
#1275 = CARTESIAN_POINT('',(1.76973601164,-3.71415273979E-13));
#1276 = CARTESIAN_POINT('',(1.901690339141,-1.386987253264E-14));
#1277 = CARTESIAN_POINT('',(2.042556085682,3.899041023033E-13));
#1278 = CARTESIAN_POINT('',(2.193533227344,-2.603659569077E-13));
#1279 = CARTESIAN_POINT('',(2.356194490192,2.84217094304E-14));
#1280 = ( GEOMETRIC_REPRESENTATION_CONTEXT(2) 
PARAMETRIC_REPRESENTATION_CONTEXT() REPRESENTATION_CONTEXT('2D SPACE',''
  ) );
#1281 = PCURVE('',#1282,#1287);
#1282 = B_SPLINE_SURFACE_WITH_KNOTS('',1,1,(
    (#1283,#1284)
    ,(#1285,#1286
    )),.UNSPECIFIED.,.F.,.F.,.F.,(2,2),(2,2),(-11.74027478039,
    6.125220180007),(-11.74027478039,6.125220180007),
  .PIECEWISE_BEZIER_KNOTS.);
#1283 = CARTESIAN_POINT('',(44.134505039601,217.16924437775,
    20.865494960399));
#1284 = CARTESIAN_POINT('',(62.,217.16924437775,20.865494960399));
#1285 = CARTESIAN_POINT('',(44.134505039601,217.16924437775,3.));
#1286 = CARTESIAN_POINT('',(62.,217.16924437775,3.));
#1287 = DEFINITIONAL_REPRESENTATION('',(#1288),#1292);
#1288 = ( BOUNDED_CURVE() B_SPLINE_CURVE(2,(#1289,#1290,#1291),
.UNSPECIFIED.,.F.,.F.) B_SPLINE_CURVE_WITH_KNOTS((3,3),(1.570796326795,
2.356194490192),.PIECEWISE_BEZIER_KNOTS.) CURVE() 
GEOMETRIC_REPRESENTATION_ITEM() RATIONAL_B_SPLINE_CURVE((1.,
0.923879532511,1.)) REPRESENTATION_ITEM('') );
#1289 = CARTESIAN_POINT('',(6.125220180007,4.53943374238));
#1290 = CARTESIAN_POINT('',(5.711006617634,4.53943374238));
#1291 = CARTESIAN_POINT('',(5.418113398821,4.832326961194));
#1292 = ( GEOMETRIC_REPRESENTATION_CONTEXT(2) 
PARAMETRIC_REPRESENTATION_CONTEXT() REPRESENTATION_CONTEXT('2D SPACE',''
  ) );
#1293 = ORIENTED_EDGE('',*,*,#1294,.T.);
#1294 = EDGE_CURVE('',#1263,#1295,#1297,.T.);
#1295 = VERTEX_POINT('',#1296);
#1296 = CARTESIAN_POINT('',(60.707106781187,213.16924437775,
    3.707106781187));
#1297 = SURFACE_CURVE('',#1298,(#1301,#1308),.PCURVE_S1.);
#1298 = B_SPLINE_CURVE_WITH_KNOTS('',1,(#1299,#1300),.UNSPECIFIED.,.F.,
  .F.,(2,2),(4.115715303217E-16,4.),.PIECEWISE_BEZIER_KNOTS.);
#1299 = CARTESIAN_POINT('',(60.707106781187,217.16924437775,
    3.707106781187));
#1300 = CARTESIAN_POINT('',(60.707106781187,213.16924437775,
    3.707106781187));
#1301 = PCURVE('',#42,#1302);
#1302 = DEFINITIONAL_REPRESENTATION('',(#1303),#1307);
#1303 = B_SPLINE_CURVE_WITH_KNOTS('',2,(#1304,#1305,#1306),
  .UNSPECIFIED.,.F.,.F.,(3,3),(4.115715303217E-16,4.),
  .PIECEWISE_BEZIER_KNOTS.);
#1304 = CARTESIAN_POINT('',(2.356194490192,4.115715303217E-16));
#1305 = CARTESIAN_POINT('',(2.356194490192,2.));
#1306 = CARTESIAN_POINT('',(2.356194490192,4.));
#1307 = ( GEOMETRIC_REPRESENTATION_CONTEXT(2) 
PARAMETRIC_REPRESENTATION_CONTEXT() REPRESENTATION_CONTEXT('2D SPACE',''
  ) );
#1308 = PCURVE('',#1309,#1314);
#1309 = B_SPLINE_SURFACE_WITH_KNOTS('',1,1,(
    (#1310,#1311)
    ,(#1312,#1313
    )),.UNSPECIFIED.,.F.,.F.,.F.,(2,2),(2,2),(-0.414213562373,
    0.414213562373),(-2.,2.),.PIECEWISE_BEZIER_KNOTS.);
#1310 = CARTESIAN_POINT('',(60.707106781187,217.16924437775,
    3.707106781187));
#1311 = CARTESIAN_POINT('',(60.707106781187,213.16924437775,
    3.707106781187));
#1312 = CARTESIAN_POINT('',(61.292893218813,217.16924437775,
    4.292893218813));
#1313 = CARTESIAN_POINT('',(61.292893218813,213.16924437775,
    4.292893218813));
#1314 = DEFINITIONAL_REPRESENTATION('',(#1315),#1318);
#1315 = B_SPLINE_CURVE_WITH_KNOTS('',1,(#1316,#1317),.UNSPECIFIED.,.F.,
  .F.,(2,2),(4.115715303217E-16,4.),.PIECEWISE_BEZIER_KNOTS.);
#1316 = CARTESIAN_POINT('',(-0.414213562373,-2.));
#1317 = CARTESIAN_POINT('',(-0.414213562373,2.));
#1318 = ( GEOMETRIC_REPRESENTATION_CONTEXT(2) 
PARAMETRIC_REPRESENTATION_CONTEXT() REPRESENTATION_CONTEXT('2D SPACE',''
  ) );
#1319 = ORIENTED_EDGE('',*,*,#1320,.F.);
#1320 = EDGE_CURVE('',#1321,#1295,#1323,.T.);
#1321 = VERTEX_POINT('',#1322);
#1322 = CARTESIAN_POINT('',(60.414213562373,213.16924437775,3.));
#1323 = SURFACE_CURVE('',#1324,(#1328,#1339),.PCURVE_S1.);
#1324 = ( BOUNDED_CURVE() B_SPLINE_CURVE(2,(#1325,#1326,#1327),
.UNSPECIFIED.,.F.,.F.) B_SPLINE_CURVE_WITH_KNOTS((3,3),(1.570796326795,
2.356194490192),.PIECEWISE_BEZIER_KNOTS.) CURVE() 
GEOMETRIC_REPRESENTATION_ITEM() RATIONAL_B_SPLINE_CURVE((1.,
0.923879532511,1.)) REPRESENTATION_ITEM('') );
#1325 = CARTESIAN_POINT('',(60.414213562373,213.16924437775,3.));
#1326 = CARTESIAN_POINT('',(60.414213562373,213.16924437775,
    3.414213562373));
#1327 = CARTESIAN_POINT('',(60.707106781187,213.16924437775,
    3.707106781187));
#1328 = PCURVE('',#42,#1329);
#1329 = DEFINITIONAL_REPRESENTATION('',(#1330),#1338);
#1330 = B_SPLINE_CURVE_WITH_KNOTS('',6,(#1331,#1332,#1333,#1334,#1335,
    #1336,#1337),.UNSPECIFIED.,.F.,.F.,(7,7),(1.570796326795,
    2.356194490192),.PIECEWISE_BEZIER_KNOTS.);
#1331 = CARTESIAN_POINT('',(1.528809013966,4.));
#1332 = CARTESIAN_POINT('',(1.645712916365,3.999999999999));
#1333 = CARTESIAN_POINT('',(1.769736011642,4.000000000004));
#1334 = CARTESIAN_POINT('',(1.901690339139,3.999999999992));
#1335 = CARTESIAN_POINT('',(2.042556085683,4.000000000006));
#1336 = CARTESIAN_POINT('',(2.193533227344,3.999999999999));
#1337 = CARTESIAN_POINT('',(2.356194490192,4.));
#1338 = ( GEOMETRIC_REPRESENTATION_CONTEXT(2) 
PARAMETRIC_REPRESENTATION_CONTEXT() REPRESENTATION_CONTEXT('2D SPACE',''
  ) );
#1339 = PCURVE('',#1340,#1345);
#1340 = B_SPLINE_SURFACE_WITH_KNOTS('',1,1,(
    (#1341,#1342)
    ,(#1343,#1344
    )),.UNSPECIFIED.,.F.,.F.,.F.,(2,2),(2,2),(-11.74027478039,
    6.125220180007),(-11.74027478039,6.125220180007),
  .PIECEWISE_BEZIER_KNOTS.);
#1341 = CARTESIAN_POINT('',(44.134505039601,213.16924437775,
    20.865494960399));
#1342 = CARTESIAN_POINT('',(62.,213.16924437775,20.865494960399));
#1343 = CARTESIAN_POINT('',(44.134505039601,213.16924437775,3.));
#1344 = CARTESIAN_POINT('',(62.,213.16924437775,3.));
#1345 = DEFINITIONAL_REPRESENTATION('',(#1346),#1350);
#1346 = ( BOUNDED_CURVE() B_SPLINE_CURVE(2,(#1347,#1348,#1349),
.UNSPECIFIED.,.F.,.F.) B_SPLINE_CURVE_WITH_KNOTS((3,3),(1.570796326795,
2.356194490192),.PIECEWISE_BEZIER_KNOTS.) CURVE() 
GEOMETRIC_REPRESENTATION_ITEM() RATIONAL_B_SPLINE_CURVE((1.,
0.923879532511,1.)) REPRESENTATION_ITEM('') );
#1347 = CARTESIAN_POINT('',(6.125220180007,4.53943374238));
#1348 = CARTESIAN_POINT('',(5.711006617634,4.53943374238));
#1349 = CARTESIAN_POINT('',(5.418113398821,4.832326961194));
#1350 = ( GEOMETRIC_REPRESENTATION_CONTEXT(2) 
PARAMETRIC_REPRESENTATION_CONTEXT() REPRESENTATION_CONTEXT('2D SPACE',''
  ) );
#1351 = ORIENTED_EDGE('',*,*,#1352,.F.);
#1352 = EDGE_CURVE('',#24,#1321,#1353,.T.);
#1353 = SURFACE_CURVE('',#1354,(#1358,#1379),.PCURVE_S1.);
#1354 = ( BOUNDED_CURVE() B_SPLINE_CURVE(2,(#1355,#1356,#1357),
.UNSPECIFIED.,.F.,.F.) B_SPLINE_CURVE_WITH_KNOTS((3,3),(4.712388980385,
6.28318530718),.PIECEWISE_BEZIER_KNOTS.) CURVE() 
GEOMETRIC_REPRESENTATION_ITEM() RATIONAL_B_SPLINE_CURVE((1.,
0.707106781187,1.)) REPRESENTATION_ITEM('') );
#1355 = CARTESIAN_POINT('',(61.414213562373,212.16924437775,2.));
#1356 = CARTESIAN_POINT('',(60.414213562373,213.16924437775,2.));
#1357 = CARTESIAN_POINT('',(60.414213562373,213.16924437775,3.));
#1358 = PCURVE('',#42,#1359);
#1359 = DEFINITIONAL_REPRESENTATION('',(#1360),#1378);
#1360 = B_SPLINE_CURVE_WITH_KNOTS('',8,(#1361,#1362,#1363,#1364,#1365,
    #1366,#1367,#1368,#1369,#1370,#1371,#1372,#1373,#1374,#1375,#1376,
    #1377),.UNSPECIFIED.,.F.,.F.,(9,8,9),(4.712388980385,5.497787143782,
    6.28318530718),.PIECEWISE_BEZIER_KNOTS.);
#1361 = CARTESIAN_POINT('',(9.060579978936E-15,5.));
#1362 = CARTESIAN_POINT('',(0.112709574348,4.911611663424));
#1363 = CARTESIAN_POINT('',(0.222527658238,4.819524891514));
#1364 = CARTESIAN_POINT('',(0.329584065191,4.725047727344));
#1365 = CARTESIAN_POINT('',(0.433999284776,4.630009659872));
#1366 = CARTESIAN_POINT('',(0.535885526935,4.536764793711));
#1367 = CARTESIAN_POINT('',(0.635347583775,4.448005758164));
#1368 = CARTESIAN_POINT('',(0.732483555429,4.366116501905));
#1369 = CARTESIAN_POINT('',(0.827385476227,4.292893218813));
#1370 = CARTESIAN_POINT('',(0.922287397015,4.219669667597));
#1371 = CARTESIAN_POINT('',(1.014955266974,4.155113900822));
#1372 = CARTESIAN_POINT('',(1.10548112008,4.10101097283));
#1373 = CARTESIAN_POINT('',(1.193950924644,4.058585641319));
#1374 = CARTESIAN_POINT('',(1.280445206384,4.028091622669));
#1375 = CARTESIAN_POINT('',(1.365039572469,4.008929430728));
#1376 = CARTESIAN_POINT('',(1.447805157699,3.999999838231));
#1377 = CARTESIAN_POINT('',(1.528809013966,4.));
#1378 = ( GEOMETRIC_REPRESENTATION_CONTEXT(2) 
PARAMETRIC_REPRESENTATION_CONTEXT() REPRESENTATION_CONTEXT('2D SPACE',''
  ) );
#1379 = PCURVE('',#124,#1380);
#1380 = DEFINITIONAL_REPRESENTATION('',(#1381),#1396);
#1381 = B_SPLINE_CURVE_WITH_KNOTS('',7,(#1382,#1383,#1384,#1385,#1386,
    #1387,#1388,#1389,#1390,#1391,#1392,#1393,#1394,#1395),
  .UNSPECIFIED.,.F.,.F.,(8,6,8),(4.712388980385,5.497787143782,
    6.28318530718),.UNSPECIFIED.);
#1382 = CARTESIAN_POINT('',(3.457565372685E-45,-2.414213562373));
#1383 = CARTESIAN_POINT('',(0.112199737628,-2.313198694029));
#1384 = CARTESIAN_POINT('',(0.224399475256,-2.207249123764));
#1385 = CARTESIAN_POINT('',(0.336599212884,-2.098476289625));
#1386 = CARTESIAN_POINT('',(0.448798950511,-1.989957348679));
#1387 = CARTESIAN_POINT('',(0.560998688139,-1.886026206782));
#1388 = CARTESIAN_POINT('',(0.67319842577,-1.790790907072));
#1389 = CARTESIAN_POINT('',(0.897597901026,-1.62342272265));
#1390 = CARTESIAN_POINT('',(1.009797638656,-1.551295710037));
#1391 = CARTESIAN_POINT('',(1.121997376264,-1.493581830323));
#1392 = CARTESIAN_POINT('',(1.23419711392,-1.452016577087));
#1393 = CARTESIAN_POINT('',(1.346396851539,-1.426119531658));
#1394 = CARTESIAN_POINT('',(1.458596589169,-1.414213377486));
#1395 = CARTESIAN_POINT('',(1.570796326795,-1.414213562373));
#1396 = ( GEOMETRIC_REPRESENTATION_CONTEXT(2) 
PARAMETRIC_REPRESENTATION_CONTEXT() REPRESENTATION_CONTEXT('2D SPACE',''
  ) );
#1397 = ORIENTED_EDGE('',*,*,#21,.F.);
#1398 = ADVANCED_FACE('',(#1399),#70,.F.);
#1399 = FACE_BOUND('',#1400,.F.);
#1400 = EDGE_LOOP('',(#1401,#1434,#1435,#1436,#1457));
#1401 = ORIENTED_EDGE('',*,*,#1402,.F.);
#1402 = EDGE_CURVE('',#57,#1403,#1405,.T.);
#1403 = VERTEX_POINT('',#1404);
#1404 = CARTESIAN_POINT('',(43.427398258414,217.46213759656,
    2.292893218813));
#1405 = SURFACE_CURVE('',#1406,(#1410,#1422),.PCURVE_S1.);
#1406 = ( BOUNDED_CURVE() B_SPLINE_CURVE(2,(#1407,#1408,#1409),
.UNSPECIFIED.,.F.,.F.) B_SPLINE_CURVE_WITH_KNOTS((3,3),(4.712388980385,
5.497787143782),.PIECEWISE_BEZIER_KNOTS.) CURVE() 
GEOMETRIC_REPRESENTATION_ITEM() RATIONAL_B_SPLINE_CURVE((1.,
0.923879532511,1.)) REPRESENTATION_ITEM('') );
#1407 = CARTESIAN_POINT('',(42.720291477228,218.16924437775,2.));
#1408 = CARTESIAN_POINT('',(43.134505039601,217.75503081538,2.));
#1409 = CARTESIAN_POINT('',(43.427398258414,217.46213759656,
    2.292893218813));
#1410 = PCURVE('',#70,#1411);
#1411 = DEFINITIONAL_REPRESENTATION('',(#1412),#1421);
#1412 = B_SPLINE_CURVE_WITH_KNOTS('',7,(#1413,#1414,#1415,#1416,#1417,
    #1418,#1419,#1420),.UNSPECIFIED.,.F.,.F.,(8,8),(4.712388980385,
    5.497787143782),.PIECEWISE_BEZIER_KNOTS.);
#1413 = CARTESIAN_POINT('',(-3.156858197541E-14,16.279708522772));
#1414 = CARTESIAN_POINT('',(0.121444120878,16.170370295125));
#1415 = CARTESIAN_POINT('',(0.239552892365,16.058258622276));
#1416 = CARTESIAN_POINT('',(0.354491198246,15.946445542224));
#1417 = CARTESIAN_POINT('',(0.466410338316,15.838735237224));
#1418 = CARTESIAN_POINT('',(0.575449889578,15.739054589793));
#1419 = CARTESIAN_POINT('',(0.681739122245,15.649915284333));
#1420 = CARTESIAN_POINT('',(0.785398163397,15.572601741586));
#1421 = ( GEOMETRIC_REPRESENTATION_CONTEXT(2) 
PARAMETRIC_REPRESENTATION_CONTEXT() REPRESENTATION_CONTEXT('2D SPACE',''
  ) );
#1422 = PCURVE('',#98,#1423);
#1423 = DEFINITIONAL_REPRESENTATION('',(#1424),#1433);
#1424 = B_SPLINE_CURVE_WITH_KNOTS('',7,(#1425,#1426,#1427,#1428,#1429,
    #1430,#1431,#1432),.UNSPECIFIED.,.F.,.F.,(8,8),(4.712388980385,
    5.497787143782),.PIECEWISE_BEZIER_KNOTS.);
#1425 = CARTESIAN_POINT('',(-5.551115123126E-17,-1.));
#1426 = CARTESIAN_POINT('',(0.112199737628,-0.890661772325));
#1427 = CARTESIAN_POINT('',(0.224399475257,-0.778550099488));
#1428 = CARTESIAN_POINT('',(0.336599212883,-0.666737019469));
#1429 = CARTESIAN_POINT('',(0.448798950515,-0.559026714447));
#1430 = CARTESIAN_POINT('',(0.560998688141,-0.459346067066));
#1431 = CARTESIAN_POINT('',(0.67319842577,-0.370206761538));
#1432 = CARTESIAN_POINT('',(0.785398163397,-0.292893218813));
#1433 = ( GEOMETRIC_REPRESENTATION_CONTEXT(2) 
PARAMETRIC_REPRESENTATION_CONTEXT() REPRESENTATION_CONTEXT('2D SPACE',''
  ) );
#1434 = ORIENTED_EDGE('',*,*,#56,.F.);
#1435 = ORIENTED_EDGE('',*,*,#1214,.T.);
#1436 = ORIENTED_EDGE('',*,*,#1437,.T.);
#1437 = EDGE_CURVE('',#1215,#1438,#1440,.T.);
#1438 = VERTEX_POINT('',#1439);
#1439 = CARTESIAN_POINT('',(44.134505039601,217.16924437775,3.));
#1440 = SURFACE_CURVE('',#1441,(#1444,#1451),.PCURVE_S1.);
#1441 = B_SPLINE_CURVE_WITH_KNOTS('',1,(#1442,#1443),.UNSPECIFIED.,.F.,
  .F.,(2,2),(-1.414213562373,14.865494960399),.PIECEWISE_BEZIER_KNOTS.);
#1442 = CARTESIAN_POINT('',(60.414213562373,217.16924437775,3.));
#1443 = CARTESIAN_POINT('',(44.134505039601,217.16924437775,3.));
#1444 = PCURVE('',#70,#1445);
#1445 = DEFINITIONAL_REPRESENTATION('',(#1446),#1450);
#1446 = B_SPLINE_CURVE_WITH_KNOTS('',2,(#1447,#1448,#1449),
  .UNSPECIFIED.,.F.,.F.,(3,3),(-1.414213562373,14.865494960399),
  .PIECEWISE_BEZIER_KNOTS.);
#1447 = CARTESIAN_POINT('',(1.570796326795,-1.414213562373));
#1448 = CARTESIAN_POINT('',(1.570796326795,6.725640699013));
#1449 = CARTESIAN_POINT('',(1.570796326795,14.865494960399));
#1450 = ( GEOMETRIC_REPRESENTATION_CONTEXT(2) 
PARAMETRIC_REPRESENTATION_CONTEXT() REPRESENTATION_CONTEXT('2D SPACE',''
  ) );
#1451 = PCURVE('',#1282,#1452);
#1452 = DEFINITIONAL_REPRESENTATION('',(#1453),#1456);
#1453 = B_SPLINE_CURVE_WITH_KNOTS('',1,(#1454,#1455),.UNSPECIFIED.,.F.,
  .F.,(2,2),(-1.414213562373,14.865494960399),.PIECEWISE_BEZIER_KNOTS.);
#1454 = CARTESIAN_POINT('',(6.125220180007,4.539433742381));
#1455 = CARTESIAN_POINT('',(6.125220180007,-11.74027478039));
#1456 = ( GEOMETRIC_REPRESENTATION_CONTEXT(2) 
PARAMETRIC_REPRESENTATION_CONTEXT() REPRESENTATION_CONTEXT('2D SPACE',''
  ) );
#1457 = ORIENTED_EDGE('',*,*,#1458,.F.);
#1458 = EDGE_CURVE('',#1403,#1438,#1459,.T.);
#1459 = SURFACE_CURVE('',#1460,(#1464,#1476),.PCURVE_S1.);
#1460 = ( BOUNDED_CURVE() B_SPLINE_CURVE(2,(#1461,#1462,#1463),
.UNSPECIFIED.,.F.,.F.) B_SPLINE_CURVE_WITH_KNOTS((3,3),(0.785398163397,
1.570796326795),.PIECEWISE_BEZIER_KNOTS.) CURVE() 
GEOMETRIC_REPRESENTATION_ITEM() RATIONAL_B_SPLINE_CURVE((1.,
0.923879532511,1.)) REPRESENTATION_ITEM('') );
#1461 = CARTESIAN_POINT('',(43.427398258414,217.46213759656,
    2.292893218813));
#1462 = CARTESIAN_POINT('',(43.720291477228,217.16924437775,
    2.585786437627));
#1463 = CARTESIAN_POINT('',(44.134505039601,217.16924437775,3.));
#1464 = PCURVE('',#70,#1465);
#1465 = DEFINITIONAL_REPRESENTATION('',(#1466),#1475);
#1466 = B_SPLINE_CURVE_WITH_KNOTS('',7,(#1467,#1468,#1469,#1470,#1471,
    #1472,#1473,#1474),.UNSPECIFIED.,.F.,.F.,(8,8),(0.785398163398,
    1.570796326795),.PIECEWISE_BEZIER_KNOTS.);
#1467 = CARTESIAN_POINT('',(0.785398163398,15.572601741586));
#1468 = CARTESIAN_POINT('',(0.889057204551,15.495288198892));
#1469 = CARTESIAN_POINT('',(0.99534643722,15.406148893325));
#1470 = CARTESIAN_POINT('',(1.10438598848,15.306468245969));
#1471 = CARTESIAN_POINT('',(1.216305128542,15.198757940983));
#1472 = CARTESIAN_POINT('',(1.331243434431,15.086944860918));
#1473 = CARTESIAN_POINT('',(1.449352205919,14.974833188112));
#1474 = CARTESIAN_POINT('',(1.570796326795,14.865494960399));
#1475 = ( GEOMETRIC_REPRESENTATION_CONTEXT(2) 
PARAMETRIC_REPRESENTATION_CONTEXT() REPRESENTATION_CONTEXT('2D SPACE',''
  ) );
#1476 = PCURVE('',#1477,#1482);
#1477 = B_SPLINE_SURFACE_WITH_KNOTS('',1,1,(
    (#1478,#1479)
    ,(#1480,#1481
    )),.UNSPECIFIED.,.F.,.F.,.F.,(2,2),(2,2),(-13.63281263575,
    13.632812635752),(-2.292893218813,2.292893218813),
  .PIECEWISE_BEZIER_KNOTS.);
#1478 = CARTESIAN_POINT('',(43.427398258414,217.46213759656,
    2.292893218813));
#1479 = CARTESIAN_POINT('',(43.427398258414,212.87635115894,
    2.292893218813));
#1480 = CARTESIAN_POINT('',(62.707106781187,217.46213759656,
    21.572601741586));
#1481 = CARTESIAN_POINT('',(62.707106781187,212.87635115894,
    21.572601741586));
#1482 = DEFINITIONAL_REPRESENTATION('',(#1483),#1487);
#1483 = ( BOUNDED_CURVE() B_SPLINE_CURVE(2,(#1484,#1485,#1486),
.UNSPECIFIED.,.F.,.F.) B_SPLINE_CURVE_WITH_KNOTS((3,3),(0.785398163397,
1.570796326795),.PIECEWISE_BEZIER_KNOTS.) CURVE() 
GEOMETRIC_REPRESENTATION_ITEM() RATIONAL_B_SPLINE_CURVE((1.,
0.923879532511,1.)) REPRESENTATION_ITEM('') );
#1484 = CARTESIAN_POINT('',(-13.63281263575,-2.292893218813));
#1485 = CARTESIAN_POINT('',(-13.21859907337,-2.));
#1486 = CARTESIAN_POINT('',(-12.63281263575,-2.));
#1487 = ( GEOMETRIC_REPRESENTATION_CONTEXT(2) 
PARAMETRIC_REPRESENTATION_CONTEXT() REPRESENTATION_CONTEXT('2D SPACE',''
  ) );
#1488 = ADVANCED_FACE('',(#1489),#124,.T.);
#1489 = FACE_BOUND('',#1490,.T.);
#1490 = EDGE_LOOP('',(#1491,#1524,#1525,#1526,#1547));
#1491 = ORIENTED_EDGE('',*,*,#1492,.F.);
#1492 = EDGE_CURVE('',#85,#1493,#1495,.T.);
#1493 = VERTEX_POINT('',#1494);
#1494 = CARTESIAN_POINT('',(43.427398258414,212.87635115894,
    2.292893218813));
#1495 = SURFACE_CURVE('',#1496,(#1500,#1512),.PCURVE_S1.);
#1496 = ( BOUNDED_CURVE() B_SPLINE_CURVE(2,(#1497,#1498,#1499),
.UNSPECIFIED.,.F.,.F.) B_SPLINE_CURVE_WITH_KNOTS((3,3),(1.570796326795,
2.356194490192),.PIECEWISE_BEZIER_KNOTS.) CURVE() 
GEOMETRIC_REPRESENTATION_ITEM() RATIONAL_B_SPLINE_CURVE((1.,
0.923879532511,1.)) REPRESENTATION_ITEM('') );
#1497 = CARTESIAN_POINT('',(42.720291477228,212.16924437775,2.));
#1498 = CARTESIAN_POINT('',(43.134505039601,212.58345794012,2.));
#1499 = CARTESIAN_POINT('',(43.427398258414,212.87635115894,
    2.292893218813));
#1500 = PCURVE('',#124,#1501);
#1501 = DEFINITIONAL_REPRESENTATION('',(#1502),#1511);
#1502 = B_SPLINE_CURVE_WITH_KNOTS('',7,(#1503,#1504,#1505,#1506,#1507,
    #1508,#1509,#1510),.UNSPECIFIED.,.F.,.F.,(8,8),(1.570796326795,
    2.356194490192),.PIECEWISE_BEZIER_KNOTS.);
#1503 = CARTESIAN_POINT('',(3.575065210459E-15,16.279708522772));
#1504 = CARTESIAN_POINT('',(0.121444120878,16.170370295128));
#1505 = CARTESIAN_POINT('',(0.239552892367,16.058258622263));
#1506 = CARTESIAN_POINT('',(0.354491198236,15.946445542253));
#1507 = CARTESIAN_POINT('',(0.466410338321,15.838735237219));
#1508 = CARTESIAN_POINT('',(0.575449889576,15.739054589842));
#1509 = CARTESIAN_POINT('',(0.681739122246,15.649915284325));
#1510 = CARTESIAN_POINT('',(0.785398163397,15.572601741586));
#1511 = ( GEOMETRIC_REPRESENTATION_CONTEXT(2) 
PARAMETRIC_REPRESENTATION_CONTEXT() REPRESENTATION_CONTEXT('2D SPACE',''
  ) );
#1512 = PCURVE('',#98,#1513);
#1513 = DEFINITIONAL_REPRESENTATION('',(#1514),#1523);
#1514 = B_SPLINE_CURVE_WITH_KNOTS('',7,(#1515,#1516,#1517,#1518,#1519,
    #1520,#1521,#1522),.UNSPECIFIED.,.F.,.F.,(8,8),(1.570796326795,
    2.356194490192),.PIECEWISE_BEZIER_KNOTS.);
#1515 = CARTESIAN_POINT('',(-3.549793025219E-15,5.));
#1516 = CARTESIAN_POINT('',(0.112199737628,4.890661772326));
#1517 = CARTESIAN_POINT('',(0.22439947526,4.77855009952));
#1518 = CARTESIAN_POINT('',(0.336599212877,4.666737019406));
#1519 = CARTESIAN_POINT('',(0.448798950515,4.559026714487));
#1520 = CARTESIAN_POINT('',(0.560998688137,4.459346067047));
#1521 = CARTESIAN_POINT('',(0.673198425771,4.370206761549));
#1522 = CARTESIAN_POINT('',(0.785398163397,4.292893218813));
#1523 = ( GEOMETRIC_REPRESENTATION_CONTEXT(2) 
PARAMETRIC_REPRESENTATION_CONTEXT() REPRESENTATION_CONTEXT('2D SPACE',''
  ) );
#1524 = ORIENTED_EDGE('',*,*,#112,.F.);
#1525 = ORIENTED_EDGE('',*,*,#1352,.T.);
#1526 = ORIENTED_EDGE('',*,*,#1527,.T.);
#1527 = EDGE_CURVE('',#1321,#1528,#1530,.T.);
#1528 = VERTEX_POINT('',#1529);
#1529 = CARTESIAN_POINT('',(44.134505039601,213.16924437775,3.));
#1530 = SURFACE_CURVE('',#1531,(#1534,#1541),.PCURVE_S1.);
#1531 = B_SPLINE_CURVE_WITH_KNOTS('',1,(#1532,#1533),.UNSPECIFIED.,.F.,
  .F.,(2,2),(-1.414213562373,14.865494960399),.PIECEWISE_BEZIER_KNOTS.);
#1532 = CARTESIAN_POINT('',(60.414213562373,213.16924437775,3.));
#1533 = CARTESIAN_POINT('',(44.134505039601,213.16924437775,3.));
#1534 = PCURVE('',#124,#1535);
#1535 = DEFINITIONAL_REPRESENTATION('',(#1536),#1540);
#1536 = B_SPLINE_CURVE_WITH_KNOTS('',2,(#1537,#1538,#1539),
  .UNSPECIFIED.,.F.,.F.,(3,3),(-1.414213562373,14.865494960399),
  .PIECEWISE_BEZIER_KNOTS.);
#1537 = CARTESIAN_POINT('',(1.570796326795,-1.414213562373));
#1538 = CARTESIAN_POINT('',(1.570796326795,6.725640699013));
#1539 = CARTESIAN_POINT('',(1.570796326795,14.865494960399));
#1540 = ( GEOMETRIC_REPRESENTATION_CONTEXT(2) 
PARAMETRIC_REPRESENTATION_CONTEXT() REPRESENTATION_CONTEXT('2D SPACE',''
  ) );
#1541 = PCURVE('',#1340,#1542);
#1542 = DEFINITIONAL_REPRESENTATION('',(#1543),#1546);
#1543 = B_SPLINE_CURVE_WITH_KNOTS('',1,(#1544,#1545),.UNSPECIFIED.,.F.,
  .F.,(2,2),(-1.414213562373,14.865494960399),.PIECEWISE_BEZIER_KNOTS.);
#1544 = CARTESIAN_POINT('',(6.125220180007,4.539433742381));
#1545 = CARTESIAN_POINT('',(6.125220180007,-11.74027478039));
#1546 = ( GEOMETRIC_REPRESENTATION_CONTEXT(2) 
PARAMETRIC_REPRESENTATION_CONTEXT() REPRESENTATION_CONTEXT('2D SPACE',''
  ) );
#1547 = ORIENTED_EDGE('',*,*,#1548,.F.);
#1548 = EDGE_CURVE('',#1493,#1528,#1549,.T.);
#1549 = SURFACE_CURVE('',#1550,(#1554,#1566),.PCURVE_S1.);
#1550 = ( BOUNDED_CURVE() B_SPLINE_CURVE(2,(#1551,#1552,#1553),
.UNSPECIFIED.,.F.,.F.) B_SPLINE_CURVE_WITH_KNOTS((3,3),(0.785398163397,
1.570796326795),.PIECEWISE_BEZIER_KNOTS.) CURVE() 
GEOMETRIC_REPRESENTATION_ITEM() RATIONAL_B_SPLINE_CURVE((1.,
0.923879532511,1.)) REPRESENTATION_ITEM('') );
#1551 = CARTESIAN_POINT('',(43.427398258414,212.87635115894,
    2.292893218813));
#1552 = CARTESIAN_POINT('',(43.720291477228,213.16924437775,
    2.585786437627));
#1553 = CARTESIAN_POINT('',(44.134505039601,213.16924437775,3.));
#1554 = PCURVE('',#124,#1555);
#1555 = DEFINITIONAL_REPRESENTATION('',(#1556),#1565);
#1556 = B_SPLINE_CURVE_WITH_KNOTS('',7,(#1557,#1558,#1559,#1560,#1561,
    #1562,#1563,#1564),.UNSPECIFIED.,.F.,.F.,(8,8),(0.785398163398,
    1.570796326795),.PIECEWISE_BEZIER_KNOTS.);
#1557 = CARTESIAN_POINT('',(0.785398163398,15.572601741586));
#1558 = CARTESIAN_POINT('',(0.889057204552,15.495288198902));
#1559 = CARTESIAN_POINT('',(0.995346437217,15.406148893287));
#1560 = CARTESIAN_POINT('',(1.104385988485,15.306468246057));
#1561 = CARTESIAN_POINT('',(1.216305128539,15.198757940754));
#1562 = CARTESIAN_POINT('',(1.331243434425,15.086944860971));
#1563 = CARTESIAN_POINT('',(1.449352205918,14.974833188079));
#1564 = CARTESIAN_POINT('',(1.570796326795,14.865494960399));
#1565 = ( GEOMETRIC_REPRESENTATION_CONTEXT(2) 
PARAMETRIC_REPRESENTATION_CONTEXT() REPRESENTATION_CONTEXT('2D SPACE',''
  ) );
#1566 = PCURVE('',#1477,#1567);
#1567 = DEFINITIONAL_REPRESENTATION('',(#1568),#1572);
#1568 = ( BOUNDED_CURVE() B_SPLINE_CURVE(2,(#1569,#1570,#1571),
.UNSPECIFIED.,.F.,.F.) B_SPLINE_CURVE_WITH_KNOTS((3,3),(0.785398163397,
1.570796326795),.PIECEWISE_BEZIER_KNOTS.) CURVE() 
GEOMETRIC_REPRESENTATION_ITEM() RATIONAL_B_SPLINE_CURVE((1.,
0.923879532511,1.)) REPRESENTATION_ITEM('') );
#1569 = CARTESIAN_POINT('',(-13.63281263575,2.292893218813));
#1570 = CARTESIAN_POINT('',(-13.21859907337,2.));
#1571 = CARTESIAN_POINT('',(-12.63281263575,2.));
#1572 = ( GEOMETRIC_REPRESENTATION_CONTEXT(2) 
PARAMETRIC_REPRESENTATION_CONTEXT() REPRESENTATION_CONTEXT('2D SPACE',''
  ) );
#1573 = ADVANCED_FACE('',(#1574),#98,.F.);
#1574 = FACE_BOUND('',#1575,.F.);
#1575 = EDGE_LOOP('',(#1576,#1577,#1596,#1597));
#1576 = ORIENTED_EDGE('',*,*,#1402,.T.);
#1577 = ORIENTED_EDGE('',*,*,#1578,.T.);
#1578 = EDGE_CURVE('',#1403,#1493,#1579,.T.);
#1579 = SURFACE_CURVE('',#1580,(#1583,#1590),.PCURVE_S1.);
#1580 = B_SPLINE_CURVE_WITH_KNOTS('',1,(#1581,#1582),.UNSPECIFIED.,.F.,
  .F.,(2,2),(-0.292893218813,4.292893218813),.PIECEWISE_BEZIER_KNOTS.);
#1581 = CARTESIAN_POINT('',(43.427398258414,217.46213759656,
    2.292893218813));
#1582 = CARTESIAN_POINT('',(43.427398258414,212.87635115894,
    2.292893218813));
#1583 = PCURVE('',#98,#1584);
#1584 = DEFINITIONAL_REPRESENTATION('',(#1585),#1589);
#1585 = B_SPLINE_CURVE_WITH_KNOTS('',2,(#1586,#1587,#1588),
  .UNSPECIFIED.,.F.,.F.,(3,3),(-0.292893218813,4.292893218813),
  .PIECEWISE_BEZIER_KNOTS.);
#1586 = CARTESIAN_POINT('',(0.785398163397,-0.292893218813));
#1587 = CARTESIAN_POINT('',(0.785398163397,2.));
#1588 = CARTESIAN_POINT('',(0.785398163397,4.292893218813));
#1589 = ( GEOMETRIC_REPRESENTATION_CONTEXT(2) 
PARAMETRIC_REPRESENTATION_CONTEXT() REPRESENTATION_CONTEXT('2D SPACE',''
  ) );
#1590 = PCURVE('',#1477,#1591);
#1591 = DEFINITIONAL_REPRESENTATION('',(#1592),#1595);
#1592 = B_SPLINE_CURVE_WITH_KNOTS('',1,(#1593,#1594),.UNSPECIFIED.,.F.,
  .F.,(2,2),(-0.292893218813,4.292893218813),.PIECEWISE_BEZIER_KNOTS.);
#1593 = CARTESIAN_POINT('',(-13.63281263575,-2.292893218813));
#1594 = CARTESIAN_POINT('',(-13.63281263575,2.292893218813));
#1595 = ( GEOMETRIC_REPRESENTATION_CONTEXT(2) 
PARAMETRIC_REPRESENTATION_CONTEXT() REPRESENTATION_CONTEXT('2D SPACE',''
  ) );
#1596 = ORIENTED_EDGE('',*,*,#1492,.F.);
#1597 = ORIENTED_EDGE('',*,*,#84,.F.);
#1598 = ADVANCED_FACE('',(#1599),#156,.F.);
#1599 = FACE_BOUND('',#1600,.F.);
#1600 = EDGE_LOOP('',(#1601,#1652,#1653,#1704));
#1601 = ORIENTED_EDGE('',*,*,#1602,.T.);
#1602 = EDGE_CURVE('',#1603,#141,#1605,.T.);
#1603 = VERTEX_POINT('',#1604);
#1604 = CARTESIAN_POINT('',(-2.,245.,-6.));
#1605 = SURFACE_CURVE('',#1606,(#1616,#1632),.PCURVE_S1.);
#1606 = B_SPLINE_CURVE_WITH_KNOTS('',8,(#1607,#1608,#1609,#1610,#1611,
    #1612,#1613,#1614,#1615),.UNSPECIFIED.,.F.,.F.,(9,9),(0.,
    1.570796326795),.PIECEWISE_BEZIER_KNOTS.);
#1607 = CARTESIAN_POINT('',(-2.,245.,-6.));
#1608 = CARTESIAN_POINT('',(-2.,245.,-4.429203673205));
#1609 = CARTESIAN_POINT('',(-1.64751368831,244.99999999999,
    -2.858406851966));
#1610 = CARTESIAN_POINT('',(-0.942544526971,245.,-1.379894125319));
#1611 = CARTESIAN_POINT('',(8.592995376089E-02,244.99999999999,
    -8.592995376088E-02));
#1612 = CARTESIAN_POINT('',(1.37989412532,245.,0.942544526971));
#1613 = CARTESIAN_POINT('',(2.858406851966,244.99999999999,1.64751368831
    ));
#1614 = CARTESIAN_POINT('',(4.429203673205,245.,2.));
#1615 = CARTESIAN_POINT('',(6.,245.,2.));
#1616 = PCURVE('',#156,#1617);
#1617 = DEFINITIONAL_REPRESENTATION('',(#1618),#1631);
#1618 = B_SPLINE_CURVE_WITH_KNOTS('',6,(#1619,#1620,#1621,#1622,#1623,
    #1624,#1625,#1626,#1627,#1628,#1629,#1630),.UNSPECIFIED.,.F.,.F.,(7,
    5,7),(0.,0.785398163397,1.570796326795),.UNSPECIFIED.);
#1619 = CARTESIAN_POINT('',(0.,0.));
#1620 = CARTESIAN_POINT('',(0.145392652579,-1.291144683875E-13));
#1621 = CARTESIAN_POINT('',(0.281328410979,2.111108181837E-13));
#1622 = CARTESIAN_POINT('',(0.411187802303,-6.167656933605E-15));
#1623 = CARTESIAN_POINT('',(0.537194906024,-1.089837030394E-13));
#1624 = CARTESIAN_POINT('',(0.661297781031,4.474560784252E-14));
#1625 = CARTESIAN_POINT('',(0.909498545764,1.71018563635E-13));
#1626 = CARTESIAN_POINT('',(1.033601420771,-2.93573001219E-13));
#1627 = CARTESIAN_POINT('',(1.159608524492,1.020524965029E-13));
#1628 = CARTESIAN_POINT('',(1.289467915816,2.351853635443E-13));
#1629 = CARTESIAN_POINT('',(1.425403674216,-2.70026522716E-13));
#1630 = CARTESIAN_POINT('',(1.570796326795,-2.559851917268E-30));
#1631 = ( GEOMETRIC_REPRESENTATION_CONTEXT(2) 
PARAMETRIC_REPRESENTATION_CONTEXT() REPRESENTATION_CONTEXT('2D SPACE',''
  ) );
#1632 = PCURVE('',#198,#1633);
#1633 = DEFINITIONAL_REPRESENTATION('',(#1634),#1651);
#1634 = B_SPLINE_CURVE_WITH_KNOTS('',8,(#1635,#1636,#1637,#1638,#1639,
    #1640,#1641,#1642,#1643,#1644,#1645,#1646,#1647,#1648,#1649,#1650),
  .UNSPECIFIED.,.F.,.F.,(9,7,9),(0.,0.785398163397,1.570796326795),
  .UNSPECIFIED.);
#1635 = CARTESIAN_POINT('',(1.570796326795,3.487161326534E-31));
#1636 = CARTESIAN_POINT('',(1.570796326799,0.109044751177));
#1637 = CARTESIAN_POINT('',(1.57079632675,0.213021722729));
#1638 = CARTESIAN_POINT('',(1.570796326759,0.313143661226));
#1639 = CARTESIAN_POINT('',(1.570796326261,0.410361978832));
#1640 = CARTESIAN_POINT('',(1.570796326843,0.505488163936));
#1641 = CARTESIAN_POINT('',(1.570796326771,0.599247116754));
#1642 = CARTESIAN_POINT('',(1.570796326799,0.69232264846));
#1643 = CARTESIAN_POINT('',(1.570796326768,0.878473678326));
#1644 = CARTESIAN_POINT('',(1.570796326986,0.971549210047));
#1645 = CARTESIAN_POINT('',(1.570796326329,1.065308162588));
#1646 = CARTESIAN_POINT('',(1.570796326951,1.160434347756));
#1647 = CARTESIAN_POINT('',(1.570796326286,1.25765266539));
#1648 = CARTESIAN_POINT('',(1.570796326974,1.357774604096));
#1649 = CARTESIAN_POINT('',(1.570796326767,1.461751575616));
#1650 = CARTESIAN_POINT('',(1.570796326795,1.570796326795));
#1651 = ( GEOMETRIC_REPRESENTATION_CONTEXT(2) 
PARAMETRIC_REPRESENTATION_CONTEXT() REPRESENTATION_CONTEXT('2D SPACE',''
  ) );
#1652 = ORIENTED_EDGE('',*,*,#140,.T.);
#1653 = ORIENTED_EDGE('',*,*,#1654,.F.);
#1654 = EDGE_CURVE('',#1655,#143,#1657,.T.);
#1655 = VERTEX_POINT('',#1656);
#1656 = CARTESIAN_POINT('',(-2.,15.,-6.));
#1657 = SURFACE_CURVE('',#1658,(#1668,#1684),.PCURVE_S1.);
#1658 = B_SPLINE_CURVE_WITH_KNOTS('',8,(#1659,#1660,#1661,#1662,#1663,
    #1664,#1665,#1666,#1667),.UNSPECIFIED.,.F.,.F.,(9,9),(0.,
    1.570796326795),.PIECEWISE_BEZIER_KNOTS.);
#1659 = CARTESIAN_POINT('',(-2.,15.,-6.));
#1660 = CARTESIAN_POINT('',(-2.,15.,-4.429203673205));
#1661 = CARTESIAN_POINT('',(-1.64751368831,15.,-2.858406851966));
#1662 = CARTESIAN_POINT('',(-0.942544526971,15.,-1.379894125319));
#1663 = CARTESIAN_POINT('',(8.592995376089E-02,15.,-8.592995376081E-02)
  );
#1664 = CARTESIAN_POINT('',(1.37989412532,15.,0.942544526971));
#1665 = CARTESIAN_POINT('',(2.858406851966,15.,1.64751368831));
#1666 = CARTESIAN_POINT('',(4.429203673205,15.,2.));
#1667 = CARTESIAN_POINT('',(6.,15.,2.));
#1668 = PCURVE('',#156,#1669);
#1669 = DEFINITIONAL_REPRESENTATION('',(#1670),#1683);
#1670 = B_SPLINE_CURVE_WITH_KNOTS('',6,(#1671,#1672,#1673,#1674,#1675,
    #1676,#1677,#1678,#1679,#1680,#1681,#1682),.UNSPECIFIED.,.F.,.F.,(7,
    5,7),(0.,0.785398163397,1.570796326795),.UNSPECIFIED.);
#1671 = CARTESIAN_POINT('',(0.,230.));
#1672 = CARTESIAN_POINT('',(0.145392652579,230.00000000003));
#1673 = CARTESIAN_POINT('',(0.281328410979,229.9999999998));
#1674 = CARTESIAN_POINT('',(0.411187802303,230.00000000019));
#1675 = CARTESIAN_POINT('',(0.537194906024,229.99999999981));
#1676 = CARTESIAN_POINT('',(0.661297781031,230.00000000003));
#1677 = CARTESIAN_POINT('',(0.909498545764,230.00000000006));
#1678 = CARTESIAN_POINT('',(1.033601420771,229.99999999968));
#1679 = CARTESIAN_POINT('',(1.159608524492,230.00000000042));
#1680 = CARTESIAN_POINT('',(1.289467915816,229.9999999997));
#1681 = CARTESIAN_POINT('',(1.425403674216,230.00000000009));
#1682 = CARTESIAN_POINT('',(1.570796326795,230.));
#1683 = ( GEOMETRIC_REPRESENTATION_CONTEXT(2) 
PARAMETRIC_REPRESENTATION_CONTEXT() REPRESENTATION_CONTEXT('2D SPACE',''
  ) );
#1684 = PCURVE('',#392,#1685);
#1685 = DEFINITIONAL_REPRESENTATION('',(#1686),#1703);
#1686 = B_SPLINE_CURVE_WITH_KNOTS('',8,(#1687,#1688,#1689,#1690,#1691,
    #1692,#1693,#1694,#1695,#1696,#1697,#1698,#1699,#1700,#1701,#1702),
  .UNSPECIFIED.,.F.,.F.,(9,7,9),(0.,0.785398163397,1.570796326795),
  .UNSPECIFIED.);
#1687 = CARTESIAN_POINT('',(1.160609631449E-16,2.466295466829E-16));
#1688 = CARTESIAN_POINT('',(6.539452424767E-16,0.109044751181));
#1689 = CARTESIAN_POINT('',(-3.396375925768E-15,0.213021722718));
#1690 = CARTESIAN_POINT('',(7.56548879664E-15,0.313143661288));
#1691 = CARTESIAN_POINT('',(-6.792593299335E-15,0.410361978783));
#1692 = CARTESIAN_POINT('',(5.550542545296E-15,0.505488164008));
#1693 = CARTESIAN_POINT('',(-2.965932990545E-15,0.599247116743));
#1694 = CARTESIAN_POINT('',(1.040381905564E-15,0.692322648463));
#1695 = CARTESIAN_POINT('',(1.986370680238E-16,0.878473678323));
#1696 = CARTESIAN_POINT('',(-1.422911804734E-15,0.971549210094));
#1697 = CARTESIAN_POINT('',(5.91978012709E-15,1.065308162545));
#1698 = CARTESIAN_POINT('',(-9.495940617695E-15,1.16043434793));
#1699 = CARTESIAN_POINT('',(8.030572016174E-15,1.257652665346));
#1700 = CARTESIAN_POINT('',(-1.892492289724E-15,1.357774604114));
#1701 = CARTESIAN_POINT('',(-8.546464508135E-16,1.461751575605));
#1702 = CARTESIAN_POINT('',(4.384525274362E-16,1.570796326795));
#1703 = ( GEOMETRIC_REPRESENTATION_CONTEXT(2) 
PARAMETRIC_REPRESENTATION_CONTEXT() REPRESENTATION_CONTEXT('2D SPACE',''
  ) );
#1704 = ORIENTED_EDGE('',*,*,#1705,.F.);
#1705 = EDGE_CURVE('',#1603,#1655,#1706,.T.);
#1706 = SURFACE_CURVE('',#1707,(#1710,#1717),.PCURVE_S1.);
#1707 = B_SPLINE_CURVE_WITH_KNOTS('',1,(#1708,#1709),.UNSPECIFIED.,.F.,
  .F.,(2,2),(-0.,230.),.PIECEWISE_BEZIER_KNOTS.);
#1708 = CARTESIAN_POINT('',(-2.,245.,-6.));
#1709 = CARTESIAN_POINT('',(-2.,15.,-6.));
#1710 = PCURVE('',#156,#1711);
#1711 = DEFINITIONAL_REPRESENTATION('',(#1712),#1716);
#1712 = B_SPLINE_CURVE_WITH_KNOTS('',2,(#1713,#1714,#1715),
  .UNSPECIFIED.,.F.,.F.,(3,3),(-0.,230.),.PIECEWISE_BEZIER_KNOTS.);
#1713 = CARTESIAN_POINT('',(0.,0.));
#1714 = CARTESIAN_POINT('',(0.,115.));
#1715 = CARTESIAN_POINT('',(0.,230.));
#1716 = ( GEOMETRIC_REPRESENTATION_CONTEXT(2) 
PARAMETRIC_REPRESENTATION_CONTEXT() REPRESENTATION_CONTEXT('2D SPACE',''
  ) );
#1717 = PCURVE('',#1718,#1723);
#1718 = B_SPLINE_SURFACE_WITH_KNOTS('',1,1,(
    (#1719,#1720)
    ,(#1721,#1722
    )),.UNSPECIFIED.,.F.,.F.,.F.,(2,2),(2,2),(6.,15.),(-245.,-15.),
  .PIECEWISE_BEZIER_KNOTS.);
#1719 = CARTESIAN_POINT('',(-2.,15.,-6.));
#1720 = CARTESIAN_POINT('',(-2.,245.,-6.));
#1721 = CARTESIAN_POINT('',(-2.,15.,-15.));
#1722 = CARTESIAN_POINT('',(-2.,245.,-15.));
#1723 = DEFINITIONAL_REPRESENTATION('',(#1724),#1727);
#1724 = B_SPLINE_CURVE_WITH_KNOTS('',1,(#1725,#1726),.UNSPECIFIED.,.F.,
  .F.,(2,2),(-0.,230.),.PIECEWISE_BEZIER_KNOTS.);
#1725 = CARTESIAN_POINT('',(6.,-15.));
#1726 = CARTESIAN_POINT('',(6.,-245.));
#1727 = ( GEOMETRIC_REPRESENTATION_CONTEXT(2) 
PARAMETRIC_REPRESENTATION_CONTEXT() REPRESENTATION_CONTEXT('2D SPACE',''
  ) );
#1728 = ADVANCED_FACE('',(#1729),#198,.T.);
#1729 = FACE_BOUND('',#1730,.T.);
#1730 = EDGE_LOOP('',(#1731,#1782,#1838,#1839));
#1731 = ORIENTED_EDGE('',*,*,#1732,.F.);
#1732 = EDGE_CURVE('',#1733,#171,#1735,.T.);
#1733 = VERTEX_POINT('',#1734);
#1734 = CARTESIAN_POINT('',(15.,262.,-6.));
#1735 = SURFACE_CURVE('',#1736,(#1746,#1766),.PCURVE_S1.);
#1736 = B_SPLINE_CURVE_WITH_KNOTS('',8,(#1737,#1738,#1739,#1740,#1741,
    #1742,#1743,#1744,#1745),.UNSPECIFIED.,.F.,.F.,(9,9),(0.,
    1.570796326795),.PIECEWISE_BEZIER_KNOTS.);
#1737 = CARTESIAN_POINT('',(15.,262.,-6.));
#1738 = CARTESIAN_POINT('',(15.,262.,-4.429203673205));
#1739 = CARTESIAN_POINT('',(15.,261.64751368831,-2.858406851966));
#1740 = CARTESIAN_POINT('',(15.,260.94254452697,-1.379894125319));
#1741 = CARTESIAN_POINT('',(15.,259.91407004623,-8.592995376091E-02));
#1742 = CARTESIAN_POINT('',(15.,258.62010587468,0.942544526971));
#1743 = CARTESIAN_POINT('',(15.,257.14159314803,1.64751368831));
#1744 = CARTESIAN_POINT('',(15.,255.57079632679,2.));
#1745 = CARTESIAN_POINT('',(15.,254.,2.));
#1746 = PCURVE('',#198,#1747);
#1747 = DEFINITIONAL_REPRESENTATION('',(#1748),#1765);
#1748 = B_SPLINE_CURVE_WITH_KNOTS('',8,(#1749,#1750,#1751,#1752,#1753,
    #1754,#1755,#1756,#1757,#1758,#1759,#1760,#1761,#1762,#1763,#1764),
  .UNSPECIFIED.,.F.,.F.,(9,7,9),(0.,0.785398163397,1.570796326795),
  .UNSPECIFIED.);
#1749 = CARTESIAN_POINT('',(-2.22044604925E-16,0.));
#1750 = CARTESIAN_POINT('',(4.677927021392E-16,0.109044751179));
#1751 = CARTESIAN_POINT('',(-4.081157505581E-15,0.213021722734));
#1752 = CARTESIAN_POINT('',(7.839561605137E-15,0.313143661242));
#1753 = CARTESIAN_POINT('',(-1.103740156597E-14,0.410361978832));
#1754 = CARTESIAN_POINT('',(1.057260503449E-14,0.505488163967));
#1755 = CARTESIAN_POINT('',(-6.992961513717E-15,0.599247116758));
#1756 = CARTESIAN_POINT('',(1.832916954109E-15,0.692322648461));
#1757 = CARTESIAN_POINT('',(1.324285857437E-15,0.878473678355));
#1758 = CARTESIAN_POINT('',(-5.245971989253E-15,0.971549209944));
#1759 = CARTESIAN_POINT('',(9.155029221738E-15,1.06530816302));
#1760 = CARTESIAN_POINT('',(-9.364015985565E-15,1.160434347281));
#1761 = CARTESIAN_POINT('',(4.972559406387E-15,1.257652665745));
#1762 = CARTESIAN_POINT('',(-6.303733237811E-16,1.357774603955));
#1763 = CARTESIAN_POINT('',(-3.735267102102E-16,1.46175157564));
#1764 = CARTESIAN_POINT('',(-2.818341206912E-18,1.570796326795));
#1765 = ( GEOMETRIC_REPRESENTATION_CONTEXT(2) 
PARAMETRIC_REPRESENTATION_CONTEXT() REPRESENTATION_CONTEXT('2D SPACE',''
  ) );
#1766 = PCURVE('',#242,#1767);
#1767 = DEFINITIONAL_REPRESENTATION('',(#1768),#1781);
#1768 = B_SPLINE_CURVE_WITH_KNOTS('',6,(#1769,#1770,#1771,#1772,#1773,
    #1774,#1775,#1776,#1777,#1778,#1779,#1780),.UNSPECIFIED.,.F.,.F.,(7,
    5,7),(0.,0.785398163397,1.570796326795),.UNSPECIFIED.);
#1769 = CARTESIAN_POINT('',(-1.233147733414E-16,230.));
#1770 = CARTESIAN_POINT('',(0.145392652579,230.00000000003));
#1771 = CARTESIAN_POINT('',(0.281328410979,229.9999999998));
#1772 = CARTESIAN_POINT('',(0.411187802303,230.00000000031));
#1773 = CARTESIAN_POINT('',(0.537194906024,229.99999999979));
#1774 = CARTESIAN_POINT('',(0.661297781031,230.00000000007));
#1775 = CARTESIAN_POINT('',(0.909498545763,230.00000000006));
#1776 = CARTESIAN_POINT('',(1.033601420773,229.99999999968));
#1777 = CARTESIAN_POINT('',(1.159608524488,230.00000000042));
#1778 = CARTESIAN_POINT('',(1.289467915818,229.9999999997));
#1779 = CARTESIAN_POINT('',(1.425403674215,230.00000000009));
#1780 = CARTESIAN_POINT('',(1.570796326795,230.));
#1781 = ( GEOMETRIC_REPRESENTATION_CONTEXT(2) 
PARAMETRIC_REPRESENTATION_CONTEXT() REPRESENTATION_CONTEXT('2D SPACE',''
  ) );
#1782 = ORIENTED_EDGE('',*,*,#1783,.T.);
#1783 = EDGE_CURVE('',#1733,#1603,#1784,.T.);
#1784 = SURFACE_CURVE('',#1785,(#1795,#1815),.PCURVE_S1.);
#1785 = B_SPLINE_CURVE_WITH_KNOTS('',8,(#1786,#1787,#1788,#1789,#1790,
    #1791,#1792,#1793,#1794),.UNSPECIFIED.,.F.,.F.,(9,9),(
    -2.22044604925E-16,1.570796326795),.PIECEWISE_BEZIER_KNOTS.);
#1786 = CARTESIAN_POINT('',(15.,262.,-6.));
#1787 = CARTESIAN_POINT('',(11.662057805561,262.,-6.));
#1788 = CARTESIAN_POINT('',(8.324114560428,261.25096658765,-6.));
#1789 = CARTESIAN_POINT('',(5.182275016304,259.75290711981,-6.));
#1790 = CARTESIAN_POINT('',(2.432601151742,257.56739884825,-6.));
#1791 = CARTESIAN_POINT('',(0.247092880186,254.8177249837,-6.));
#1792 = CARTESIAN_POINT('',(-1.25096658766,251.67588543957,-6.));
#1793 = CARTESIAN_POINT('',(-2.,248.33794219444,-6.));
#1794 = CARTESIAN_POINT('',(-2.,245.,-6.));
#1795 = PCURVE('',#198,#1796);
#1796 = DEFINITIONAL_REPRESENTATION('',(#1797),#1814);
#1797 = B_SPLINE_CURVE_WITH_KNOTS('',8,(#1798,#1799,#1800,#1801,#1802,
    #1803,#1804,#1805,#1806,#1807,#1808,#1809,#1810,#1811,#1812,#1813),
  .UNSPECIFIED.,.F.,.F.,(9,7,9),(-2.22044604925E-16,0.785398163397,
    1.570796326795),.UNSPECIFIED.);
#1798 = CARTESIAN_POINT('',(-3.381055680699E-16,1.233147733414E-16));
#1799 = CARTESIAN_POINT('',(0.109044751171,-1.559954549019E-15));
#1800 = CARTESIAN_POINT('',(0.213021722764,1.660035216099E-15));
#1801 = CARTESIAN_POINT('',(0.313143661118,2.068901128083E-15));
#1802 = CARTESIAN_POINT('',(0.410361979,-5.911881940215E-15));
#1803 = CARTESIAN_POINT('',(0.505488163839,6.239974637006E-15));
#1804 = CARTESIAN_POINT('',(0.599247116785,-3.615686155221E-15));
#1805 = CARTESIAN_POINT('',(0.692322648455,7.332706641261E-16));
#1806 = CARTESIAN_POINT('',(0.87847367834,2.059484340502E-16));
#1807 = CARTESIAN_POINT('',(0.971549209972,-2.525955054659E-15));
#1808 = CARTESIAN_POINT('',(1.065308162834,5.017610302147E-15));
#1809 = CARTESIAN_POINT('',(1.160434347493,-6.660381463303E-15));
#1810 = CARTESIAN_POINT('',(1.25765266563,5.225746435014E-15));
#1811 = CARTESIAN_POINT('',(1.357774604009,-1.704569763575E-15));
#1812 = CARTESIAN_POINT('',(1.461751575634,-4.887200301097E-16));
#1813 = CARTESIAN_POINT('',(1.570796326795,6.703238839419E-31));
#1814 = ( GEOMETRIC_REPRESENTATION_CONTEXT(2) 
PARAMETRIC_REPRESENTATION_CONTEXT() REPRESENTATION_CONTEXT('2D SPACE',''
  ) );
#1815 = PCURVE('',#1816,#1823);
#1816 = ( BOUNDED_SURFACE() B_SPLINE_SURFACE(2,1,(
    (#1817,#1818)
    ,(#1819,#1820)
    ,(#1821,#1822
)),.UNSPECIFIED.,.F.,.F.,.F.) B_SPLINE_SURFACE_WITH_KNOTS((3,3),(2,2),(
    0.,1.570796326795),(6.,15.),.PIECEWISE_BEZIER_KNOTS.) 
GEOMETRIC_REPRESENTATION_ITEM() RATIONAL_B_SPLINE_SURFACE((
    (1.,1.)
    ,(0.707106781187,0.707106781187)
,(1.,1.))) REPRESENTATION_ITEM('') SURFACE() );
#1817 = CARTESIAN_POINT('',(-2.,245.,-6.));
#1818 = CARTESIAN_POINT('',(-2.,245.,-15.));
#1819 = CARTESIAN_POINT('',(-2.,262.,-6.));
#1820 = CARTESIAN_POINT('',(-2.,262.,-15.));
#1821 = CARTESIAN_POINT('',(15.,262.,-6.));
#1822 = CARTESIAN_POINT('',(15.,262.,-15.));
#1823 = DEFINITIONAL_REPRESENTATION('',(#1824),#1837);
#1824 = B_SPLINE_CURVE_WITH_KNOTS('',6,(#1825,#1826,#1827,#1828,#1829,
    #1830,#1831,#1832,#1833,#1834,#1835,#1836),.UNSPECIFIED.,.F.,.F.,(7,
    5,7),(-2.22044604925E-16,0.785398163397,1.570796326795),
  .UNSPECIFIED.);
#1825 = CARTESIAN_POINT('',(1.570796326795,6.));
#1826 = CARTESIAN_POINT('',(1.425403674215,5.999999999998));
#1827 = CARTESIAN_POINT('',(1.289467915816,6.00000000001));
#1828 = CARTESIAN_POINT('',(1.159608524491,5.999999999979));
#1829 = CARTESIAN_POINT('',(1.033601420772,6.000000000012));
#1830 = CARTESIAN_POINT('',(0.909498545763,5.999999999998));
#1831 = CARTESIAN_POINT('',(0.661297781031,6.000000000003));
#1832 = CARTESIAN_POINT('',(0.537194906024,5.99999999999));
#1833 = CARTESIAN_POINT('',(0.411187802303,6.000000000012));
#1834 = CARTESIAN_POINT('',(0.281328410979,5.999999999991));
#1835 = CARTESIAN_POINT('',(0.145392652579,6.000000000003));
#1836 = CARTESIAN_POINT('',(-5.631733694044E-15,6.));
#1837 = ( GEOMETRIC_REPRESENTATION_CONTEXT(2) 
PARAMETRIC_REPRESENTATION_CONTEXT() REPRESENTATION_CONTEXT('2D SPACE',''
  ) );
#1838 = ORIENTED_EDGE('',*,*,#1602,.T.);
#1839 = ORIENTED_EDGE('',*,*,#170,.F.);
#1840 = ADVANCED_FACE('',(#1841),#242,.F.);
#1841 = FACE_BOUND('',#1842,.F.);
#1842 = EDGE_LOOP('',(#1843,#1894,#1895,#1896));
#1843 = ORIENTED_EDGE('',*,*,#1844,.T.);
#1844 = EDGE_CURVE('',#1845,#229,#1847,.T.);
#1845 = VERTEX_POINT('',#1846);
#1846 = CARTESIAN_POINT('',(245.,262.,-6.));
#1847 = SURFACE_CURVE('',#1848,(#1858,#1874),.PCURVE_S1.);
#1848 = B_SPLINE_CURVE_WITH_KNOTS('',8,(#1849,#1850,#1851,#1852,#1853,
    #1854,#1855,#1856,#1857),.UNSPECIFIED.,.F.,.F.,(9,9),(0.,
    1.570796326795),.PIECEWISE_BEZIER_KNOTS.);
#1849 = CARTESIAN_POINT('',(245.,262.,-6.));
#1850 = CARTESIAN_POINT('',(245.,262.,-4.429203673205));
#1851 = CARTESIAN_POINT('',(244.99999999999,261.64751368831,
    -2.858406851966));
#1852 = CARTESIAN_POINT('',(245.,260.94254452697,-1.379894125319));
#1853 = CARTESIAN_POINT('',(244.99999999999,259.91407004623,
    -8.592995376086E-02));
#1854 = CARTESIAN_POINT('',(245.,258.62010587468,0.942544526971));
#1855 = CARTESIAN_POINT('',(244.99999999999,257.14159314803,
    1.64751368831));
#1856 = CARTESIAN_POINT('',(245.,255.57079632679,2.));
#1857 = CARTESIAN_POINT('',(245.,254.,2.));
#1858 = PCURVE('',#242,#1859);
#1859 = DEFINITIONAL_REPRESENTATION('',(#1860),#1873);
#1860 = B_SPLINE_CURVE_WITH_KNOTS('',6,(#1861,#1862,#1863,#1864,#1865,
    #1866,#1867,#1868,#1869,#1870,#1871,#1872),.UNSPECIFIED.,.F.,.F.,(7,
    5,7),(0.,0.785398163397,1.570796326795),.UNSPECIFIED.);
#1861 = CARTESIAN_POINT('',(0.,0.));
#1862 = CARTESIAN_POINT('',(0.145392652579,-2.394511926803E-13));
#1863 = CARTESIAN_POINT('',(0.281328410978,5.226510237155E-13));
#1864 = CARTESIAN_POINT('',(0.411187802304,-4.737731074715E-13));
#1865 = CARTESIAN_POINT('',(0.537194906024,2.247949074934E-13));
#1866 = CARTESIAN_POINT('',(0.661297781032,-2.776075462886E-14));
#1867 = CARTESIAN_POINT('',(0.909498545764,1.733035627083E-13));
#1868 = CARTESIAN_POINT('',(1.03360142077,-3.462744815643E-13));
#1869 = CARTESIAN_POINT('',(1.159608524492,7.027123570049E-15));
#1870 = CARTESIAN_POINT('',(1.289467915816,4.238741793363E-13));
#1871 = CARTESIAN_POINT('',(1.425403674216,-3.658420111645E-13));
#1872 = CARTESIAN_POINT('',(1.570796326795,0.));
#1873 = ( GEOMETRIC_REPRESENTATION_CONTEXT(2) 
PARAMETRIC_REPRESENTATION_CONTEXT() REPRESENTATION_CONTEXT('2D SPACE',''
  ) );
#1874 = PCURVE('',#272,#1875);
#1875 = DEFINITIONAL_REPRESENTATION('',(#1876),#1893);
#1876 = B_SPLINE_CURVE_WITH_KNOTS('',8,(#1877,#1878,#1879,#1880,#1881,
    #1882,#1883,#1884,#1885,#1886,#1887,#1888,#1889,#1890,#1891,#1892),
  .UNSPECIFIED.,.F.,.F.,(9,7,9),(0.,0.785398163397,1.570796326795),
  .UNSPECIFIED.);
#1877 = CARTESIAN_POINT('',(1.570796326795,0.));
#1878 = CARTESIAN_POINT('',(1.570796326791,0.109044751175));
#1879 = CARTESIAN_POINT('',(1.570796326802,0.213021722745));
#1880 = CARTESIAN_POINT('',(1.570796326749,0.313143661217));
#1881 = CARTESIAN_POINT('',(1.570796326436,0.410361978878));
#1882 = CARTESIAN_POINT('',(1.570796326723,0.505488163951));
#1883 = CARTESIAN_POINT('',(1.570796326767,0.59924711676));
#1884 = CARTESIAN_POINT('',(1.570796326797,0.69232264846));
#1885 = CARTESIAN_POINT('',(1.57079632675,0.87847367833));
#1886 = CARTESIAN_POINT('',(1.570796327062,0.971549210067));
#1887 = CARTESIAN_POINT('',(1.570796326049,1.065308162649));
#1888 = CARTESIAN_POINT('',(1.57079632725,1.160434347761));
#1889 = CARTESIAN_POINT('',(1.570796326003,1.257652665396));
#1890 = CARTESIAN_POINT('',(1.570796327051,1.357774604075));
#1891 = CARTESIAN_POINT('',(1.570796326749,1.461751575611));
#1892 = CARTESIAN_POINT('',(1.570796326795,1.570796326795));
#1893 = ( GEOMETRIC_REPRESENTATION_CONTEXT(2) 
PARAMETRIC_REPRESENTATION_CONTEXT() REPRESENTATION_CONTEXT('2D SPACE',''
  ) );
#1894 = ORIENTED_EDGE('',*,*,#228,.T.);
#1895 = ORIENTED_EDGE('',*,*,#1732,.F.);
#1896 = ORIENTED_EDGE('',*,*,#1897,.F.);
#1897 = EDGE_CURVE('',#1845,#1733,#1898,.T.);
#1898 = SURFACE_CURVE('',#1899,(#1902,#1909),.PCURVE_S1.);
#1899 = B_SPLINE_CURVE_WITH_KNOTS('',1,(#1900,#1901),.UNSPECIFIED.,.F.,
  .F.,(2,2),(-0.,230.),.PIECEWISE_BEZIER_KNOTS.);
#1900 = CARTESIAN_POINT('',(245.,262.,-6.));
#1901 = CARTESIAN_POINT('',(15.,262.,-6.));
#1902 = PCURVE('',#242,#1903);
#1903 = DEFINITIONAL_REPRESENTATION('',(#1904),#1908);
#1904 = B_SPLINE_CURVE_WITH_KNOTS('',2,(#1905,#1906,#1907),
  .UNSPECIFIED.,.F.,.F.,(3,3),(-0.,230.),.PIECEWISE_BEZIER_KNOTS.);
#1905 = CARTESIAN_POINT('',(0.,0.));
#1906 = CARTESIAN_POINT('',(0.,115.));
#1907 = CARTESIAN_POINT('',(0.,230.));
#1908 = ( GEOMETRIC_REPRESENTATION_CONTEXT(2) 
PARAMETRIC_REPRESENTATION_CONTEXT() REPRESENTATION_CONTEXT('2D SPACE',''
  ) );
#1909 = PCURVE('',#1910,#1915);
#1910 = B_SPLINE_SURFACE_WITH_KNOTS('',1,1,(
    (#1911,#1912)
    ,(#1913,#1914
    )),.UNSPECIFIED.,.F.,.F.,.F.,(2,2),(2,2),(6.,15.),(15.,245.),
  .PIECEWISE_BEZIER_KNOTS.);
#1911 = CARTESIAN_POINT('',(15.,262.,-6.));
#1912 = CARTESIAN_POINT('',(245.,262.,-6.));
#1913 = CARTESIAN_POINT('',(15.,262.,-15.));
#1914 = CARTESIAN_POINT('',(245.,262.,-15.));
#1915 = DEFINITIONAL_REPRESENTATION('',(#1916),#1919);
#1916 = B_SPLINE_CURVE_WITH_KNOTS('',1,(#1917,#1918),.UNSPECIFIED.,.F.,
  .F.,(2,2),(-0.,230.),.PIECEWISE_BEZIER_KNOTS.);
#1917 = CARTESIAN_POINT('',(6.,245.));
#1918 = CARTESIAN_POINT('',(6.,15.));
#1919 = ( GEOMETRIC_REPRESENTATION_CONTEXT(2) 
PARAMETRIC_REPRESENTATION_CONTEXT() REPRESENTATION_CONTEXT('2D SPACE',''
  ) );
#1920 = ADVANCED_FACE('',(#1921),#272,.T.);
#1921 = FACE_BOUND('',#1922,.T.);
#1922 = EDGE_LOOP('',(#1923,#1974,#2030,#2031));
#1923 = ORIENTED_EDGE('',*,*,#1924,.F.);
#1924 = EDGE_CURVE('',#1925,#257,#1927,.T.);
#1925 = VERTEX_POINT('',#1926);
#1926 = CARTESIAN_POINT('',(262.,245.,-6.));
#1927 = SURFACE_CURVE('',#1928,(#1938,#1958),.PCURVE_S1.);
#1928 = B_SPLINE_CURVE_WITH_KNOTS('',8,(#1929,#1930,#1931,#1932,#1933,
    #1934,#1935,#1936,#1937),.UNSPECIFIED.,.F.,.F.,(9,9),(0.,
    1.570796326795),.PIECEWISE_BEZIER_KNOTS.);
#1929 = CARTESIAN_POINT('',(262.,245.,-6.));
#1930 = CARTESIAN_POINT('',(262.,245.,-4.429203673205));
#1931 = CARTESIAN_POINT('',(261.64751368831,244.99999999999,
    -2.858406851966));
#1932 = CARTESIAN_POINT('',(260.94254452697,245.,-1.379894125319));
#1933 = CARTESIAN_POINT('',(259.91407004623,244.99999999999,
    -8.592995376091E-02));
#1934 = CARTESIAN_POINT('',(258.62010587468,245.,0.942544526972));
#1935 = CARTESIAN_POINT('',(257.14159314803,244.99999999999,
    1.64751368831));
#1936 = CARTESIAN_POINT('',(255.57079632679,245.,2.));
#1937 = CARTESIAN_POINT('',(254.,245.,2.));
#1938 = PCURVE('',#272,#1939);
#1939 = DEFINITIONAL_REPRESENTATION('',(#1940),#1957);
#1940 = B_SPLINE_CURVE_WITH_KNOTS('',8,(#1941,#1942,#1943,#1944,#1945,
    #1946,#1947,#1948,#1949,#1950,#1951,#1952,#1953,#1954,#1955,#1956),
  .UNSPECIFIED.,.F.,.F.,(9,7,9),(0.,0.785398163397,1.570796326795),
  .UNSPECIFIED.);
#1941 = CARTESIAN_POINT('',(0.,0.));
#1942 = CARTESIAN_POINT('',(3.727773180373E-15,0.109044751179));
#1943 = CARTESIAN_POINT('',(4.904787631008E-14,0.213021722714));
#1944 = CARTESIAN_POINT('',(-1.438974816403E-13,0.313143661264));
#1945 = CARTESIAN_POINT('',(1.637929867398E-13,0.410361978823));
#1946 = CARTESIAN_POINT('',(-1.05791218176E-13,0.505488163994));
#1947 = CARTESIAN_POINT('',(4.779764316862E-14,0.599247116736));
#1948 = CARTESIAN_POINT('',(-1.135980740501E-14,0.692322648463));
#1949 = CARTESIAN_POINT('',(-9.598709227564E-15,0.878473678341));
#1950 = CARTESIAN_POINT('',(3.34456738821E-14,0.971549209969));
#1951 = CARTESIAN_POINT('',(-6.584049242894E-14,1.065308162892));
#1952 = CARTESIAN_POINT('',(8.753803467208E-14,1.160434347469));
#1953 = CARTESIAN_POINT('',(-6.33156218543E-14,1.257652665639));
#1954 = CARTESIAN_POINT('',(5.053028758648E-15,1.357774604006));
#1955 = CARTESIAN_POINT('',(2.188659116088E-14,1.461751575627));
#1956 = CARTESIAN_POINT('',(0.,1.570796326795));
#1957 = ( GEOMETRIC_REPRESENTATION_CONTEXT(2) 
PARAMETRIC_REPRESENTATION_CONTEXT() REPRESENTATION_CONTEXT('2D SPACE',''
  ) );
#1958 = PCURVE('',#303,#1959);
#1959 = DEFINITIONAL_REPRESENTATION('',(#1960),#1973);
#1960 = B_SPLINE_CURVE_WITH_KNOTS('',6,(#1961,#1962,#1963,#1964,#1965,
    #1966,#1967,#1968,#1969,#1970,#1971,#1972),.UNSPECIFIED.,.F.,.F.,(7,
    5,7),(0.,0.785398163397,1.570796326795),.UNSPECIFIED.);
#1961 = CARTESIAN_POINT('',(0.,230.));
#1962 = CARTESIAN_POINT('',(0.145392652579,230.00000000006));
#1963 = CARTESIAN_POINT('',(0.281328410979,229.99999999969));
#1964 = CARTESIAN_POINT('',(0.411187802303,230.00000000031));
#1965 = CARTESIAN_POINT('',(0.537194906024,229.99999999968));
#1966 = CARTESIAN_POINT('',(0.661297781031,230.00000000007));
#1967 = CARTESIAN_POINT('',(0.909498545763,230.00000000004));
#1968 = CARTESIAN_POINT('',(1.033601420773,229.99999999979));
#1969 = CARTESIAN_POINT('',(1.159608524489,230.00000000024));
#1970 = CARTESIAN_POINT('',(1.289467915818,229.99999999977));
#1971 = CARTESIAN_POINT('',(1.425403674215,230.00000000003));
#1972 = CARTESIAN_POINT('',(1.570796326795,230.));
#1973 = ( GEOMETRIC_REPRESENTATION_CONTEXT(2) 
PARAMETRIC_REPRESENTATION_CONTEXT() REPRESENTATION_CONTEXT('2D SPACE',''
  ) );
#1974 = ORIENTED_EDGE('',*,*,#1975,.T.);
#1975 = EDGE_CURVE('',#1925,#1845,#1976,.T.);
#1976 = SURFACE_CURVE('',#1977,(#1987,#2007),.PCURVE_S1.);
#1977 = B_SPLINE_CURVE_WITH_KNOTS('',8,(#1978,#1979,#1980,#1981,#1982,
    #1983,#1984,#1985,#1986),.UNSPECIFIED.,.F.,.F.,(9,9),(0.,
    1.570796326795),.PIECEWISE_BEZIER_KNOTS.);
#1978 = CARTESIAN_POINT('',(262.,245.,-6.));
#1979 = CARTESIAN_POINT('',(262.,248.33794219443,-6.));
#1980 = CARTESIAN_POINT('',(261.25096658765,251.67588543957,-6.));
#1981 = CARTESIAN_POINT('',(259.75290711981,254.81772498369,-6.));
#1982 = CARTESIAN_POINT('',(257.56739884825,257.56739884825,-6.));
#1983 = CARTESIAN_POINT('',(254.81772498369,259.75290711981,-6.));
#1984 = CARTESIAN_POINT('',(251.67588543957,261.25096658765,-6.));
#1985 = CARTESIAN_POINT('',(248.33794219443,262.,-6.));
#1986 = CARTESIAN_POINT('',(245.,262.,-6.));
#1987 = PCURVE('',#272,#1988);
#1988 = DEFINITIONAL_REPRESENTATION('',(#1989),#2006);
#1989 = B_SPLINE_CURVE_WITH_KNOTS('',8,(#1990,#1991,#1992,#1993,#1994,
    #1995,#1996,#1997,#1998,#1999,#2000,#2001,#2002,#2003,#2004,#2005),
  .UNSPECIFIED.,.F.,.F.,(9,7,9),(0.,0.785398163397,1.570796326795),
  .UNSPECIFIED.);
#1990 = CARTESIAN_POINT('',(0.,0.));
#1991 = CARTESIAN_POINT('',(0.109044751186,2.956017985132E-15));
#1992 = CARTESIAN_POINT('',(0.213021722694,-1.055243458355E-14));
#1993 = CARTESIAN_POINT('',(0.313143661336,2.285307741595E-14));
#1994 = CARTESIAN_POINT('',(0.410361978691,-2.815576093166E-14));
#1995 = CARTESIAN_POINT('',(0.505488164078,2.252298971634E-14));
#1996 = CARTESIAN_POINT('',(0.599247116716,-1.128006531492E-14));
#1997 = CARTESIAN_POINT('',(0.692322648469,3.979839940364E-15));
#1998 = CARTESIAN_POINT('',(0.878473678332,3.86322650919E-15));
#1999 = CARTESIAN_POINT('',(0.971549210075,-1.396483789105E-14));
#2000 = CARTESIAN_POINT('',(1.065308162649,2.802060425656E-14));
#2001 = CARTESIAN_POINT('',(1.160434347847,-3.259253789809E-14));
#2002 = CARTESIAN_POINT('',(1.25765266544,2.312337616434E-14));
#2003 = CARTESIAN_POINT('',(1.357774604074,-9.354874729074E-15));
#2004 = CARTESIAN_POINT('',(1.461751575616,2.227791225343E-15));
#2005 = CARTESIAN_POINT('',(1.570796326795,2.466295466829E-16));
#2006 = ( GEOMETRIC_REPRESENTATION_CONTEXT(2) 
PARAMETRIC_REPRESENTATION_CONTEXT() REPRESENTATION_CONTEXT('2D SPACE',''
  ) );
#2007 = PCURVE('',#2008,#2015);
#2008 = ( BOUNDED_SURFACE() B_SPLINE_SURFACE(2,1,(
    (#2009,#2010)
    ,(#2011,#2012)
    ,(#2013,#2014
)),.UNSPECIFIED.,.F.,.F.,.F.) B_SPLINE_SURFACE_WITH_KNOTS((3,3),(2,2),(
    0.,1.570796326795),(6.,15.),.PIECEWISE_BEZIER_KNOTS.) 
GEOMETRIC_REPRESENTATION_ITEM() RATIONAL_B_SPLINE_SURFACE((
    (1.,1.)
    ,(0.707106781187,0.707106781187)
,(1.,1.))) REPRESENTATION_ITEM('') SURFACE() );
#2009 = CARTESIAN_POINT('',(262.,245.,-6.));
#2010 = CARTESIAN_POINT('',(262.,245.,-15.));
#2011 = CARTESIAN_POINT('',(262.,262.,-6.));
#2012 = CARTESIAN_POINT('',(262.,262.,-15.));
#2013 = CARTESIAN_POINT('',(245.,262.,-6.));
#2014 = CARTESIAN_POINT('',(245.,262.,-15.));
#2015 = DEFINITIONAL_REPRESENTATION('',(#2016),#2029);
#2016 = B_SPLINE_CURVE_WITH_KNOTS('',6,(#2017,#2018,#2019,#2020,#2021,
    #2022,#2023,#2024,#2025,#2026,#2027,#2028),.UNSPECIFIED.,.F.,.F.,(7,
    5,7),(0.,0.785398163397,1.570796326795),.UNSPECIFIED.);
#2017 = CARTESIAN_POINT('',(0.,6.));
#2018 = CARTESIAN_POINT('',(0.145392652579,5.999999999998));
#2019 = CARTESIAN_POINT('',(0.281328410979,6.00000000001));
#2020 = CARTESIAN_POINT('',(0.411187802303,5.999999999979));
#2021 = CARTESIAN_POINT('',(0.537194906025,6.000000000012));
#2022 = CARTESIAN_POINT('',(0.661297781031,5.999999999998));
#2023 = CARTESIAN_POINT('',(0.909498545764,5.999999999999));
#2024 = CARTESIAN_POINT('',(1.033601420771,6.000000000007));
#2025 = CARTESIAN_POINT('',(1.159608524491,5.999999999994));
#2026 = CARTESIAN_POINT('',(1.289467915816,6.000000000006));
#2027 = CARTESIAN_POINT('',(1.425403674216,5.999999999999));
#2028 = CARTESIAN_POINT('',(1.570796326795,6.));
#2029 = ( GEOMETRIC_REPRESENTATION_CONTEXT(2) 
PARAMETRIC_REPRESENTATION_CONTEXT() REPRESENTATION_CONTEXT('2D SPACE',''
  ) );
#2030 = ORIENTED_EDGE('',*,*,#1844,.T.);
#2031 = ORIENTED_EDGE('',*,*,#256,.F.);
#2032 = ADVANCED_FACE('',(#2033),#303,.F.);
#2033 = FACE_BOUND('',#2034,.F.);
#2034 = EDGE_LOOP('',(#2035,#2086,#2087,#2088));
#2035 = ORIENTED_EDGE('',*,*,#2036,.T.);
#2036 = EDGE_CURVE('',#2037,#290,#2039,.T.);
#2037 = VERTEX_POINT('',#2038);
#2038 = CARTESIAN_POINT('',(262.,15.,-6.));
#2039 = SURFACE_CURVE('',#2040,(#2050,#2066),.PCURVE_S1.);
#2040 = B_SPLINE_CURVE_WITH_KNOTS('',8,(#2041,#2042,#2043,#2044,#2045,
    #2046,#2047,#2048,#2049),.UNSPECIFIED.,.F.,.F.,(9,9),(0.,
    1.570796326795),.PIECEWISE_BEZIER_KNOTS.);
#2041 = CARTESIAN_POINT('',(262.,15.,-6.));
#2042 = CARTESIAN_POINT('',(262.,15.,-4.429203673205));
#2043 = CARTESIAN_POINT('',(261.64751368831,15.,-2.858406851966));
#2044 = CARTESIAN_POINT('',(260.94254452697,15.,-1.379894125319));
#2045 = CARTESIAN_POINT('',(259.91407004623,15.,-8.592995376085E-02));
#2046 = CARTESIAN_POINT('',(258.62010587468,15.,0.942544526972));
#2047 = CARTESIAN_POINT('',(257.14159314803,15.,1.64751368831));
#2048 = CARTESIAN_POINT('',(255.57079632679,15.,2.));
#2049 = CARTESIAN_POINT('',(254.,15.,2.));
#2050 = PCURVE('',#303,#2051);
#2051 = DEFINITIONAL_REPRESENTATION('',(#2052),#2065);
#2052 = B_SPLINE_CURVE_WITH_KNOTS('',6,(#2053,#2054,#2055,#2056,#2057,
    #2058,#2059,#2060,#2061,#2062,#2063,#2064),.UNSPECIFIED.,.F.,.F.,(7,
    5,7),(0.,0.785398163397,1.570796326795),.UNSPECIFIED.);
#2053 = CARTESIAN_POINT('',(0.,0.));
#2054 = CARTESIAN_POINT('',(0.145392652579,9.914183432488E-15));
#2055 = CARTESIAN_POINT('',(0.281328410979,-5.411189759525E-15));
#2056 = CARTESIAN_POINT('',(0.411187802303,-7.651425823952E-15));
#2057 = CARTESIAN_POINT('',(0.537194906024,8.336847819658E-14));
#2058 = CARTESIAN_POINT('',(0.661297781031,-2.820325984185E-14));
#2059 = CARTESIAN_POINT('',(0.909498545763,6.048959196023E-15));
#2060 = CARTESIAN_POINT('',(1.033601420771,-1.932743405421E-14));
#2061 = CARTESIAN_POINT('',(1.159608524492,3.165197784645E-14));
#2062 = CARTESIAN_POINT('',(1.289467915816,-3.450798067526E-14));
#2063 = CARTESIAN_POINT('',(1.425403674216,1.962693991483E-14));
#2064 = CARTESIAN_POINT('',(1.570796326795,0.));
#2065 = ( GEOMETRIC_REPRESENTATION_CONTEXT(2) 
PARAMETRIC_REPRESENTATION_CONTEXT() REPRESENTATION_CONTEXT('2D SPACE',''
  ) );
#2066 = PCURVE('',#333,#2067);
#2067 = DEFINITIONAL_REPRESENTATION('',(#2068),#2085);
#2068 = B_SPLINE_CURVE_WITH_KNOTS('',8,(#2069,#2070,#2071,#2072,#2073,
    #2074,#2075,#2076,#2077,#2078,#2079,#2080,#2081,#2082,#2083,#2084),
  .UNSPECIFIED.,.F.,.F.,(9,7,9),(0.,0.785398163397,1.570796326795),
  .UNSPECIFIED.);
#2069 = CARTESIAN_POINT('',(1.570796326795,3.699443200244E-16));
#2070 = CARTESIAN_POINT('',(1.570796326782,0.109044751173));
#2071 = CARTESIAN_POINT('',(1.57079632689,0.213021722748));
#2072 = CARTESIAN_POINT('',(1.570796326473,0.313143661182));
#2073 = CARTESIAN_POINT('',(1.570796326687,0.410361978932));
#2074 = CARTESIAN_POINT('',(1.570796326456,0.505488163905));
#2075 = CARTESIAN_POINT('',(1.570796326916,0.599247116776));
#2076 = CARTESIAN_POINT('',(1.570796326776,0.692322648457));
#2077 = CARTESIAN_POINT('',(1.570796326794,0.878473678316));
#2078 = CARTESIAN_POINT('',(1.570796326796,0.971549210137));
#2079 = CARTESIAN_POINT('',(1.570796326605,1.065308162508));
#2080 = CARTESIAN_POINT('',(1.570796326607,1.160434347928));
#2081 = CARTESIAN_POINT('',(1.570796326648,1.257652665286));
#2082 = CARTESIAN_POINT('',(1.570796326821,1.35777460418));
#2083 = CARTESIAN_POINT('',(1.570796326792,1.461751575603));
#2084 = CARTESIAN_POINT('',(1.570796326795,1.570796326795));
#2085 = ( GEOMETRIC_REPRESENTATION_CONTEXT(2) 
PARAMETRIC_REPRESENTATION_CONTEXT() REPRESENTATION_CONTEXT('2D SPACE',''
  ) );
#2086 = ORIENTED_EDGE('',*,*,#289,.T.);
#2087 = ORIENTED_EDGE('',*,*,#1924,.F.);
#2088 = ORIENTED_EDGE('',*,*,#2089,.F.);
#2089 = EDGE_CURVE('',#2037,#1925,#2090,.T.);
#2090 = SURFACE_CURVE('',#2091,(#2094,#2101),.PCURVE_S1.);
#2091 = B_SPLINE_CURVE_WITH_KNOTS('',1,(#2092,#2093),.UNSPECIFIED.,.F.,
  .F.,(2,2),(0.,230.),.PIECEWISE_BEZIER_KNOTS.);
#2092 = CARTESIAN_POINT('',(262.,15.,-6.));
#2093 = CARTESIAN_POINT('',(262.,245.,-6.));
#2094 = PCURVE('',#303,#2095);
#2095 = DEFINITIONAL_REPRESENTATION('',(#2096),#2100);
#2096 = B_SPLINE_CURVE_WITH_KNOTS('',2,(#2097,#2098,#2099),
  .UNSPECIFIED.,.F.,.F.,(3,3),(0.,230.),.PIECEWISE_BEZIER_KNOTS.);
#2097 = CARTESIAN_POINT('',(0.,0.));
#2098 = CARTESIAN_POINT('',(0.,115.));
#2099 = CARTESIAN_POINT('',(0.,230.));
#2100 = ( GEOMETRIC_REPRESENTATION_CONTEXT(2) 
PARAMETRIC_REPRESENTATION_CONTEXT() REPRESENTATION_CONTEXT('2D SPACE',''
  ) );
#2101 = PCURVE('',#2102,#2107);
#2102 = B_SPLINE_SURFACE_WITH_KNOTS('',1,1,(
    (#2103,#2104)
    ,(#2105,#2106
    )),.UNSPECIFIED.,.F.,.F.,.F.,(2,2),(2,2),(6.,15.),(-245.,-15.),
  .PIECEWISE_BEZIER_KNOTS.);
#2103 = CARTESIAN_POINT('',(262.,15.,-6.));
#2104 = CARTESIAN_POINT('',(262.,245.,-6.));
#2105 = CARTESIAN_POINT('',(262.,15.,-15.));
#2106 = CARTESIAN_POINT('',(262.,245.,-15.));
#2107 = DEFINITIONAL_REPRESENTATION('',(#2108),#2111);
#2108 = B_SPLINE_CURVE_WITH_KNOTS('',1,(#2109,#2110),.UNSPECIFIED.,.F.,
  .F.,(2,2),(0.,230.),.PIECEWISE_BEZIER_KNOTS.);
#2109 = CARTESIAN_POINT('',(6.,-245.));
#2110 = CARTESIAN_POINT('',(6.,-15.));
#2111 = ( GEOMETRIC_REPRESENTATION_CONTEXT(2) 
PARAMETRIC_REPRESENTATION_CONTEXT() REPRESENTATION_CONTEXT('2D SPACE',''
  ) );
#2112 = ADVANCED_FACE('',(#2113),#333,.T.);
#2113 = FACE_BOUND('',#2114,.T.);
#2114 = EDGE_LOOP('',(#2115,#2166,#2222,#2223));
#2115 = ORIENTED_EDGE('',*,*,#2116,.F.);
#2116 = EDGE_CURVE('',#2117,#318,#2119,.T.);
#2117 = VERTEX_POINT('',#2118);
#2118 = CARTESIAN_POINT('',(245.,-2.,-6.));
#2119 = SURFACE_CURVE('',#2120,(#2130,#2150),.PCURVE_S1.);
#2120 = B_SPLINE_CURVE_WITH_KNOTS('',8,(#2121,#2122,#2123,#2124,#2125,
    #2126,#2127,#2128,#2129),.UNSPECIFIED.,.F.,.F.,(9,9),(0.,
    1.570796326795),.PIECEWISE_BEZIER_KNOTS.);
#2121 = CARTESIAN_POINT('',(245.,-2.,-6.));
#2122 = CARTESIAN_POINT('',(245.,-2.,-4.429203673205));
#2123 = CARTESIAN_POINT('',(244.99999999999,-1.64751368831,
    -2.858406851966));
#2124 = CARTESIAN_POINT('',(245.,-0.942544526971,-1.379894125319));
#2125 = CARTESIAN_POINT('',(244.99999999999,8.592995376089E-02,
    -8.592995376082E-02));
#2126 = CARTESIAN_POINT('',(245.,1.379894125319,0.942544526971));
#2127 = CARTESIAN_POINT('',(244.99999999999,2.858406851966,1.64751368831
    ));
#2128 = CARTESIAN_POINT('',(245.,4.429203673205,2.));
#2129 = CARTESIAN_POINT('',(245.,6.,2.));
#2130 = PCURVE('',#333,#2131);
#2131 = DEFINITIONAL_REPRESENTATION('',(#2132),#2149);
#2132 = B_SPLINE_CURVE_WITH_KNOTS('',8,(#2133,#2134,#2135,#2136,#2137,
    #2138,#2139,#2140,#2141,#2142,#2143,#2144,#2145,#2146,#2147,#2148),
  .UNSPECIFIED.,.F.,.F.,(9,7,9),(0.,0.785398163397,1.570796326795),
  .UNSPECIFIED.);
#2133 = CARTESIAN_POINT('',(-4.62177597112E-31,2.466295466829E-16));
#2134 = CARTESIAN_POINT('',(8.169332516685E-15,0.109044751171));
#2135 = CARTESIAN_POINT('',(4.640648011809E-14,0.213021722761));
#2136 = CARTESIAN_POINT('',(-1.527438487467E-13,0.31314366116));
#2137 = CARTESIAN_POINT('',(2.093649773139E-13,0.41036197896));
#2138 = CARTESIAN_POINT('',(-1.731104463766E-13,0.50548816387));
#2139 = CARTESIAN_POINT('',(1.02315901906E-13,0.599247116787));
#2140 = CARTESIAN_POINT('',(-3.145355033461E-14,0.692322648454));
#2141 = CARTESIAN_POINT('',(-1.562592011843E-14,0.878473678323));
#2142 = CARTESIAN_POINT('',(1.069217724446E-13,0.971549210091));
#2143 = CARTESIAN_POINT('',(-2.771393375965E-13,1.065308162658));
#2144 = CARTESIAN_POINT('',(4.29383393097E-13,1.160434347734));
#2145 = CARTESIAN_POINT('',(-3.914478441648E-13,1.257652665295));
#2146 = CARTESIAN_POINT('',(1.820515209878E-13,1.3577746041));
#2147 = CARTESIAN_POINT('',(-2.107455731133E-14,1.461751575612));
#2148 = CARTESIAN_POINT('',(0.,1.570796326795));
#2149 = ( GEOMETRIC_REPRESENTATION_CONTEXT(2) 
PARAMETRIC_REPRESENTATION_CONTEXT() REPRESENTATION_CONTEXT('2D SPACE',''
  ) );
#2150 = PCURVE('',#364,#2151);
#2151 = DEFINITIONAL_REPRESENTATION('',(#2152),#2165);
#2152 = B_SPLINE_CURVE_WITH_KNOTS('',6,(#2153,#2154,#2155,#2156,#2157,
    #2158,#2159,#2160,#2161,#2162,#2163,#2164),.UNSPECIFIED.,.F.,.F.,(7,
    5,7),(0.,0.785398163397,1.570796326795),.UNSPECIFIED.);
#2153 = CARTESIAN_POINT('',(0.,230.));
#2154 = CARTESIAN_POINT('',(0.145392652579,230.00000000005));
#2155 = CARTESIAN_POINT('',(0.281328410979,229.99999999983));
#2156 = CARTESIAN_POINT('',(0.411187802303,230.00000000013));
#2157 = CARTESIAN_POINT('',(0.537194906024,229.99999999985));
#2158 = CARTESIAN_POINT('',(0.661297781031,230.00000000005));
#2159 = CARTESIAN_POINT('',(0.909498545764,230.00000000003));
#2160 = CARTESIAN_POINT('',(1.033601420771,229.99999999983));
#2161 = CARTESIAN_POINT('',(1.159608524492,230.00000000019));
#2162 = CARTESIAN_POINT('',(1.289467915817,229.99999999981));
#2163 = CARTESIAN_POINT('',(1.425403674216,230.00000000005));
#2164 = CARTESIAN_POINT('',(1.570796326795,230.));
#2165 = ( GEOMETRIC_REPRESENTATION_CONTEXT(2) 
PARAMETRIC_REPRESENTATION_CONTEXT() REPRESENTATION_CONTEXT('2D SPACE',''
  ) );
#2166 = ORIENTED_EDGE('',*,*,#2167,.T.);
#2167 = EDGE_CURVE('',#2117,#2037,#2168,.T.);
#2168 = SURFACE_CURVE('',#2169,(#2179,#2199),.PCURVE_S1.);
#2169 = B_SPLINE_CURVE_WITH_KNOTS('',8,(#2170,#2171,#2172,#2173,#2174,
    #2175,#2176,#2177,#2178),.UNSPECIFIED.,.F.,.F.,(9,9),(-0.,
    1.570796326795),.PIECEWISE_BEZIER_KNOTS.);
#2170 = CARTESIAN_POINT('',(245.,-2.,-6.));
#2171 = CARTESIAN_POINT('',(248.33794219443,-2.,-6.));
#2172 = CARTESIAN_POINT('',(251.67588543957,-1.25096658766,-6.));
#2173 = CARTESIAN_POINT('',(254.81772498369,0.247092880186,-6.));
#2174 = CARTESIAN_POINT('',(257.56739884825,2.432601151742,-6.));
#2175 = CARTESIAN_POINT('',(259.75290711981,5.182275016304,-6.));
#2176 = CARTESIAN_POINT('',(261.25096658766,8.324114560428,-6.));
#2177 = CARTESIAN_POINT('',(262.,11.662057805561,-6.));
#2178 = CARTESIAN_POINT('',(262.,15.,-6.));
#2179 = PCURVE('',#333,#2180);
#2180 = DEFINITIONAL_REPRESENTATION('',(#2181),#2198);
#2181 = B_SPLINE_CURVE_WITH_KNOTS('',8,(#2182,#2183,#2184,#2185,#2186,
    #2187,#2188,#2189,#2190,#2191,#2192,#2193,#2194,#2195,#2196,#2197),
  .UNSPECIFIED.,.F.,.F.,(9,7,9),(-0.,0.785398163397,1.570796326795),
  .UNSPECIFIED.);
#2182 = CARTESIAN_POINT('',(0.,0.));
#2183 = CARTESIAN_POINT('',(0.109044751175,-7.61145943397E-16));
#2184 = CARTESIAN_POINT('',(0.213021722747,1.117204766553E-16));
#2185 = CARTESIAN_POINT('',(0.313143661166,5.882928564338E-16));
#2186 = CARTESIAN_POINT('',(0.410361978947,5.174908334926E-16));
#2187 = CARTESIAN_POINT('',(0.505488163878,-4.343926368049E-16));
#2188 = CARTESIAN_POINT('',(0.599247116772,5.680316638737E-16));
#2189 = CARTESIAN_POINT('',(0.69232264846,4.744521134922E-16));
#2190 = CARTESIAN_POINT('',(0.878473678325,9.162805009196E-16));
#2191 = CARTESIAN_POINT('',(0.9715492101,-1.36230930198E-15));
#2192 = CARTESIAN_POINT('',(1.065308162645,3.018039544093E-15));
#2193 = CARTESIAN_POINT('',(1.160434347719,-4.793942331198E-15));
#2194 = CARTESIAN_POINT('',(1.257652665329,7.002720027677E-15));
#2195 = CARTESIAN_POINT('',(1.357774604107,-3.516496774981E-15));
#2196 = CARTESIAN_POINT('',(1.461751575608,-5.104449072637E-16));
#2197 = CARTESIAN_POINT('',(1.570796326795,2.579371968491E-32));
#2198 = ( GEOMETRIC_REPRESENTATION_CONTEXT(2) 
PARAMETRIC_REPRESENTATION_CONTEXT() REPRESENTATION_CONTEXT('2D SPACE',''
  ) );
#2199 = PCURVE('',#2200,#2207);
#2200 = ( BOUNDED_SURFACE() B_SPLINE_SURFACE(2,1,(
    (#2201,#2202)
    ,(#2203,#2204)
    ,(#2205,#2206
)),.UNSPECIFIED.,.F.,.F.,.F.) B_SPLINE_SURFACE_WITH_KNOTS((3,3),(2,2),(
    0.,1.570796326795),(6.,15.),.PIECEWISE_BEZIER_KNOTS.) 
GEOMETRIC_REPRESENTATION_ITEM() RATIONAL_B_SPLINE_SURFACE((
    (1.,1.)
    ,(0.707106781187,0.707106781187)
,(1.,1.))) REPRESENTATION_ITEM('') SURFACE() );
#2201 = CARTESIAN_POINT('',(262.,15.,-6.));
#2202 = CARTESIAN_POINT('',(262.,15.,-15.));
#2203 = CARTESIAN_POINT('',(262.,-2.,-6.));
#2204 = CARTESIAN_POINT('',(262.,-2.,-15.));
#2205 = CARTESIAN_POINT('',(245.,-2.,-6.));
#2206 = CARTESIAN_POINT('',(245.,-2.,-15.));
#2207 = DEFINITIONAL_REPRESENTATION('',(#2208),#2221);
#2208 = B_SPLINE_CURVE_WITH_KNOTS('',6,(#2209,#2210,#2211,#2212,#2213,
    #2214,#2215,#2216,#2217,#2218,#2219,#2220),.UNSPECIFIED.,.F.,.F.,(7,
    5,7),(-0.,0.785398163397,1.570796326795),.UNSPECIFIED.);
#2209 = CARTESIAN_POINT('',(1.570796326795,6.));
#2210 = CARTESIAN_POINT('',(1.425403674216,5.999999999998));
#2211 = CARTESIAN_POINT('',(1.289467915817,6.00000000001));
#2212 = CARTESIAN_POINT('',(1.159608524491,5.999999999979));
#2213 = CARTESIAN_POINT('',(1.033601420772,6.000000000012));
#2214 = CARTESIAN_POINT('',(0.909498545763,5.999999999998));
#2215 = CARTESIAN_POINT('',(0.661297781031,6.));
#2216 = CARTESIAN_POINT('',(0.537194906025,6.000000000001));
#2217 = CARTESIAN_POINT('',(0.411187802302,5.999999999997));
#2218 = CARTESIAN_POINT('',(0.281328410979,6.000000000003));
#2219 = CARTESIAN_POINT('',(0.145392652579,6.));
#2220 = CARTESIAN_POINT('',(-4.133018494525E-15,6.));
#2221 = ( GEOMETRIC_REPRESENTATION_CONTEXT(2) 
PARAMETRIC_REPRESENTATION_CONTEXT() REPRESENTATION_CONTEXT('2D SPACE',''
  ) );
#2222 = ORIENTED_EDGE('',*,*,#2036,.T.);
#2223 = ORIENTED_EDGE('',*,*,#317,.F.);
#2224 = ADVANCED_FACE('',(#2225),#364,.F.);
#2225 = FACE_BOUND('',#2226,.F.);
#2226 = EDGE_LOOP('',(#2227,#2278,#2279,#2280));
#2227 = ORIENTED_EDGE('',*,*,#2228,.T.);
#2228 = EDGE_CURVE('',#2229,#351,#2231,.T.);
#2229 = VERTEX_POINT('',#2230);
#2230 = CARTESIAN_POINT('',(15.,-2.,-6.));
#2231 = SURFACE_CURVE('',#2232,(#2242,#2258),.PCURVE_S1.);
#2232 = B_SPLINE_CURVE_WITH_KNOTS('',8,(#2233,#2234,#2235,#2236,#2237,
    #2238,#2239,#2240,#2241),.UNSPECIFIED.,.F.,.F.,(9,9),(0.,
    1.570796326795),.PIECEWISE_BEZIER_KNOTS.);
#2233 = CARTESIAN_POINT('',(15.,-2.,-6.));
#2234 = CARTESIAN_POINT('',(15.,-2.,-4.429203673205));
#2235 = CARTESIAN_POINT('',(15.,-1.64751368831,-2.858406851966));
#2236 = CARTESIAN_POINT('',(15.,-0.942544526971,-1.379894125319));
#2237 = CARTESIAN_POINT('',(15.,8.592995376089E-02,-8.592995376082E-02)
  );
#2238 = CARTESIAN_POINT('',(15.,1.379894125319,0.942544526971));
#2239 = CARTESIAN_POINT('',(15.,2.858406851966,1.64751368831));
#2240 = CARTESIAN_POINT('',(15.,4.429203673205,2.));
#2241 = CARTESIAN_POINT('',(15.,6.,2.));
#2242 = PCURVE('',#364,#2243);
#2243 = DEFINITIONAL_REPRESENTATION('',(#2244),#2257);
#2244 = B_SPLINE_CURVE_WITH_KNOTS('',6,(#2245,#2246,#2247,#2248,#2249,
    #2250,#2251,#2252,#2253,#2254,#2255,#2256),.UNSPECIFIED.,.F.,.F.,(7,
    5,7),(0.,0.785398163397,1.570796326795),.UNSPECIFIED.);
#2245 = CARTESIAN_POINT('',(-1.233147733414E-16,-3.552713678801E-15));
#2246 = CARTESIAN_POINT('',(0.145392652579,9.149588140919E-14));
#2247 = CARTESIAN_POINT('',(0.281328410978,-1.629542290028E-13));
#2248 = CARTESIAN_POINT('',(0.411187802303,1.124342249532E-13));
#2249 = CARTESIAN_POINT('',(0.537194906024,2.097558999206E-14));
#2250 = CARTESIAN_POINT('',(0.661297781031,-2.15797502603E-14));
#2251 = CARTESIAN_POINT('',(0.909498545764,-1.464318269697E-14));
#2252 = CARTESIAN_POINT('',(1.033601420771,1.296672422577E-13));
#2253 = CARTESIAN_POINT('',(1.159608524492,-2.464513089331E-13));
#2254 = CARTESIAN_POINT('',(1.289467915817,1.671292454459E-13));
#2255 = CARTESIAN_POINT('',(1.425403674216,-2.62361503867E-14));
#2256 = CARTESIAN_POINT('',(1.570796326795,0.));
#2257 = ( GEOMETRIC_REPRESENTATION_CONTEXT(2) 
PARAMETRIC_REPRESENTATION_CONTEXT() REPRESENTATION_CONTEXT('2D SPACE',''
  ) );
#2258 = PCURVE('',#392,#2259);
#2259 = DEFINITIONAL_REPRESENTATION('',(#2260),#2277);
#2260 = B_SPLINE_CURVE_WITH_KNOTS('',8,(#2261,#2262,#2263,#2264,#2265,
    #2266,#2267,#2268,#2269,#2270,#2271,#2272,#2273,#2274,#2275,#2276),
  .UNSPECIFIED.,.F.,.F.,(9,7,9),(0.,0.785398163397,1.570796326795),
  .UNSPECIFIED.);
#2261 = CARTESIAN_POINT('',(1.570796326795,2.466295466829E-16));
#2262 = CARTESIAN_POINT('',(1.570796326753,0.109044751172));
#2263 = CARTESIAN_POINT('',(1.570796327064,0.213021722752));
#2264 = CARTESIAN_POINT('',(1.570796326007,0.313143661138));
#2265 = CARTESIAN_POINT('',(1.570796327269,0.410361978992));
#2266 = CARTESIAN_POINT('',(1.570796326107,0.505488163875));
#2267 = CARTESIAN_POINT('',(1.570796327032,0.599247116782));
#2268 = CARTESIAN_POINT('',(1.570796326747,0.692322648455));
#2269 = CARTESIAN_POINT('',(1.570796326788,0.878473678322));
#2270 = CARTESIAN_POINT('',(1.570796326833,0.971549210103));
#2271 = CARTESIAN_POINT('',(1.570796326511,1.06530816263));
#2272 = CARTESIAN_POINT('',(1.570796326738,1.16043434777));
#2273 = CARTESIAN_POINT('',(1.57079632656,1.257652665268));
#2274 = CARTESIAN_POINT('',(1.570796326861,1.357774604114));
#2275 = CARTESIAN_POINT('',(1.570796326785,1.46175157561));
#2276 = CARTESIAN_POINT('',(1.570796326795,1.570796326795));
#2277 = ( GEOMETRIC_REPRESENTATION_CONTEXT(2) 
PARAMETRIC_REPRESENTATION_CONTEXT() REPRESENTATION_CONTEXT('2D SPACE',''
  ) );
#2278 = ORIENTED_EDGE('',*,*,#350,.T.);
#2279 = ORIENTED_EDGE('',*,*,#2116,.F.);
#2280 = ORIENTED_EDGE('',*,*,#2281,.F.);
#2281 = EDGE_CURVE('',#2229,#2117,#2282,.T.);
#2282 = SURFACE_CURVE('',#2283,(#2286,#2293),.PCURVE_S1.);
#2283 = B_SPLINE_CURVE_WITH_KNOTS('',1,(#2284,#2285),.UNSPECIFIED.,.F.,
  .F.,(2,2),(0.,230.),.PIECEWISE_BEZIER_KNOTS.);
#2284 = CARTESIAN_POINT('',(15.,-2.,-6.));
#2285 = CARTESIAN_POINT('',(245.,-2.,-6.));
#2286 = PCURVE('',#364,#2287);
#2287 = DEFINITIONAL_REPRESENTATION('',(#2288),#2292);
#2288 = B_SPLINE_CURVE_WITH_KNOTS('',2,(#2289,#2290,#2291),
  .UNSPECIFIED.,.F.,.F.,(3,3),(5.329070518201E-15,230.),
  .PIECEWISE_BEZIER_KNOTS.);
#2289 = CARTESIAN_POINT('',(0.,5.329070518201E-15));
#2290 = CARTESIAN_POINT('',(-7.568512889676E-33,115.));
#2291 = CARTESIAN_POINT('',(0.,230.));
#2292 = ( GEOMETRIC_REPRESENTATION_CONTEXT(2) 
PARAMETRIC_REPRESENTATION_CONTEXT() REPRESENTATION_CONTEXT('2D SPACE',''
  ) );
#2293 = PCURVE('',#2294,#2299);
#2294 = B_SPLINE_SURFACE_WITH_KNOTS('',1,1,(
    (#2295,#2296)
    ,(#2297,#2298
    )),.UNSPECIFIED.,.F.,.F.,.F.,(2,2),(2,2),(6.,15.),(15.,245.),
  .PIECEWISE_BEZIER_KNOTS.);
#2295 = CARTESIAN_POINT('',(15.,-2.,-6.));
#2296 = CARTESIAN_POINT('',(245.,-2.,-6.));
#2297 = CARTESIAN_POINT('',(15.,-2.,-15.));
#2298 = CARTESIAN_POINT('',(245.,-2.,-15.));
#2299 = DEFINITIONAL_REPRESENTATION('',(#2300),#2303);
#2300 = B_SPLINE_CURVE_WITH_KNOTS('',1,(#2301,#2302),.UNSPECIFIED.,.F.,
  .F.,(2,2),(0.,230.),.PIECEWISE_BEZIER_KNOTS.);
#2301 = CARTESIAN_POINT('',(6.,15.));
#2302 = CARTESIAN_POINT('',(6.,245.));
#2303 = ( GEOMETRIC_REPRESENTATION_CONTEXT(2) 
PARAMETRIC_REPRESENTATION_CONTEXT() REPRESENTATION_CONTEXT('2D SPACE',''
  ) );
#2304 = ADVANCED_FACE('',(#2305),#392,.T.);
#2305 = FACE_BOUND('',#2306,.T.);
#2306 = EDGE_LOOP('',(#2307,#2308,#2364,#2365));
#2307 = ORIENTED_EDGE('',*,*,#1654,.F.);
#2308 = ORIENTED_EDGE('',*,*,#2309,.T.);
#2309 = EDGE_CURVE('',#1655,#2229,#2310,.T.);
#2310 = SURFACE_CURVE('',#2311,(#2321,#2341),.PCURVE_S1.);
#2311 = B_SPLINE_CURVE_WITH_KNOTS('',8,(#2312,#2313,#2314,#2315,#2316,
    #2317,#2318,#2319,#2320),.UNSPECIFIED.,.F.,.F.,(9,9),(0.,
    1.570796326795),.PIECEWISE_BEZIER_KNOTS.);
#2312 = CARTESIAN_POINT('',(-2.,15.,-6.));
#2313 = CARTESIAN_POINT('',(-2.,11.662057805561,-6.));
#2314 = CARTESIAN_POINT('',(-1.25096658766,8.324114560428,-6.));
#2315 = CARTESIAN_POINT('',(0.247092880186,5.182275016304,-6.));
#2316 = CARTESIAN_POINT('',(2.432601151742,2.432601151742,-6.));
#2317 = CARTESIAN_POINT('',(5.182275016304,0.247092880186,-6.));
#2318 = CARTESIAN_POINT('',(8.324114560428,-1.25096658766,-6.));
#2319 = CARTESIAN_POINT('',(11.662057805561,-2.,-6.));
#2320 = CARTESIAN_POINT('',(15.,-2.,-6.));
#2321 = PCURVE('',#392,#2322);
#2322 = DEFINITIONAL_REPRESENTATION('',(#2323),#2340);
#2323 = B_SPLINE_CURVE_WITH_KNOTS('',8,(#2324,#2325,#2326,#2327,#2328,
    #2329,#2330,#2331,#2332,#2333,#2334,#2335,#2336,#2337,#2338,#2339),
  .UNSPECIFIED.,.F.,.F.,(9,7,9),(0.,0.785398163397,1.570796326795),
  .UNSPECIFIED.);
#2324 = CARTESIAN_POINT('',(0.,0.));
#2325 = CARTESIAN_POINT('',(0.109044751175,-9.467336166613E-16));
#2326 = CARTESIAN_POINT('',(0.213021722735,-7.314175846333E-16));
#2327 = CARTESIAN_POINT('',(0.313143661218,5.035973077701E-15));
#2328 = CARTESIAN_POINT('',(0.410361978872,-6.935711063938E-15));
#2329 = CARTESIAN_POINT('',(0.505488163959,6.909458064656E-15));
#2330 = CARTESIAN_POINT('',(0.599247116763,-3.325410477852E-15));
#2331 = CARTESIAN_POINT('',(0.692322648458,1.029759532606E-15));
#2332 = CARTESIAN_POINT('',(0.878473678322,1.637938801263E-15));
#2333 = CARTESIAN_POINT('',(0.971549210103,-4.787244304963E-15));
#2334 = CARTESIAN_POINT('',(1.06530816263,9.216445179508E-15));
#2335 = CARTESIAN_POINT('',(1.16043434777,-9.246385133467E-15));
#2336 = CARTESIAN_POINT('',(1.257652665268,5.425353239843E-15));
#2337 = CARTESIAN_POINT('',(1.357774604114,-2.43772681136E-16));
#2338 = CARTESIAN_POINT('',(1.46175157561,-6.247492679625E-16));
#2339 = CARTESIAN_POINT('',(1.570796326795,0.));
#2340 = ( GEOMETRIC_REPRESENTATION_CONTEXT(2) 
PARAMETRIC_REPRESENTATION_CONTEXT() REPRESENTATION_CONTEXT('2D SPACE',''
  ) );
#2341 = PCURVE('',#2342,#2349);
#2342 = ( BOUNDED_SURFACE() B_SPLINE_SURFACE(2,1,(
    (#2343,#2344)
    ,(#2345,#2346)
    ,(#2347,#2348
)),.UNSPECIFIED.,.F.,.F.,.F.) B_SPLINE_SURFACE_WITH_KNOTS((3,3),(2,2),(
    0.,1.570796326795),(6.,15.),.PIECEWISE_BEZIER_KNOTS.) 
GEOMETRIC_REPRESENTATION_ITEM() RATIONAL_B_SPLINE_SURFACE((
    (1.,1.)
    ,(0.707106781187,0.707106781187)
,(1.,1.))) REPRESENTATION_ITEM('') SURFACE() );
#2343 = CARTESIAN_POINT('',(-2.,15.,-6.));
#2344 = CARTESIAN_POINT('',(-2.,15.,-15.));
#2345 = CARTESIAN_POINT('',(-2.,-2.,-6.));
#2346 = CARTESIAN_POINT('',(-2.,-2.,-15.));
#2347 = CARTESIAN_POINT('',(15.,-2.,-6.));
#2348 = CARTESIAN_POINT('',(15.,-2.,-15.));
#2349 = DEFINITIONAL_REPRESENTATION('',(#2350),#2363);
#2350 = B_SPLINE_CURVE_WITH_KNOTS('',6,(#2351,#2352,#2353,#2354,#2355,
    #2356,#2357,#2358,#2359,#2360,#2361,#2362),.UNSPECIFIED.,.F.,.F.,(7,
    5,7),(0.,0.785398163397,1.570796326795),.UNSPECIFIED.);
#2351 = CARTESIAN_POINT('',(2.321219262898E-16,6.));
#2352 = CARTESIAN_POINT('',(0.145392652579,5.999999999999));
#2353 = CARTESIAN_POINT('',(0.281328410979,6.000000000006));
#2354 = CARTESIAN_POINT('',(0.411187802303,5.999999999988));
#2355 = CARTESIAN_POINT('',(0.537194906024,6.000000000008));
#2356 = CARTESIAN_POINT('',(0.661297781031,5.999999999999));
#2357 = CARTESIAN_POINT('',(0.909498545764,5.999999999999));
#2358 = CARTESIAN_POINT('',(1.033601420771,6.000000000007));
#2359 = CARTESIAN_POINT('',(1.159608524492,5.999999999986));
#2360 = CARTESIAN_POINT('',(1.289467915817,6.000000000008));
#2361 = CARTESIAN_POINT('',(1.425403674216,5.999999999999));
#2362 = CARTESIAN_POINT('',(1.570796326795,6.));
#2363 = ( GEOMETRIC_REPRESENTATION_CONTEXT(2) 
PARAMETRIC_REPRESENTATION_CONTEXT() REPRESENTATION_CONTEXT('2D SPACE',''
  ) );
#2364 = ORIENTED_EDGE('',*,*,#2228,.T.);
#2365 = ORIENTED_EDGE('',*,*,#378,.F.);
#2366 = ADVANCED_FACE('',(#2367),#435,.F.);
#2367 = FACE_BOUND('',#2368,.F.);
#2368 = EDGE_LOOP('',(#2369,#2448,#2468,#2469));
#2369 = ORIENTED_EDGE('',*,*,#2370,.T.);
#2370 = EDGE_CURVE('',#2371,#2371,#2373,.T.);
#2371 = VERTEX_POINT('',#2372);
#2372 = CARTESIAN_POINT('',(195.52349128465,89.656410635174,-2.));
#2373 = SURFACE_CURVE('',#2374,(#2382,#2432),.PCURVE_S1.);
#2374 = ( BOUNDED_CURVE() B_SPLINE_CURVE(2,(#2375,#2376,#2377,#2378,
#2379,#2380,#2381),.UNSPECIFIED.,.T.,.F.) B_SPLINE_CURVE_WITH_KNOTS((3,2
    ,2,3),(0.,2.094395102393,4.188790204786,6.28318530718),
.PIECEWISE_BEZIER_KNOTS.) CURVE() GEOMETRIC_REPRESENTATION_ITEM() 
RATIONAL_B_SPLINE_CURVE((1.,0.5,1.,0.5,1.,0.5,1.)) REPRESENTATION_ITEM(
  '') );
#2375 = CARTESIAN_POINT('',(195.52349128465,89.656410635174,-2.));
#2376 = CARTESIAN_POINT('',(195.52349128465,111.65658861751,-2.));
#2377 = CARTESIAN_POINT('',(176.47077826416,100.65649962634,-2.));
#2378 = CARTESIAN_POINT('',(157.41806524368,89.656410635173,-2.));
#2379 = CARTESIAN_POINT('',(176.47077826416,78.656321644005,-2.));
#2380 = CARTESIAN_POINT('',(195.52349128465,67.656232652836,-2.));
#2381 = CARTESIAN_POINT('',(195.52349128465,89.656410635174,-2.));
#2382 = PCURVE('',#435,#2383);
#2383 = DEFINITIONAL_REPRESENTATION('',(#2384),#2431);
#2384 = B_SPLINE_CURVE_WITH_KNOTS('',8,(#2385,#2386,#2387,#2388,#2389,
    #2390,#2391,#2392,#2393,#2394,#2395,#2396,#2397,#2398,#2399,#2400,
    #2401,#2402,#2403,#2404,#2405,#2406,#2407,#2408,#2409,#2410,#2411,
    #2412,#2413,#2414,#2415,#2416,#2417,#2418,#2419,#2420,#2421,#2422,
    #2423,#2424,#2425,#2426,#2427,#2428,#2429,#2430),.UNSPECIFIED.,.F.,
  .F.,(9,7,8,7,8,7,9),(0.,1.047197551197,2.094395102393,3.14159265359,
    4.188790204786,5.235987755983,6.28318530718),.UNSPECIFIED.);
#2385 = CARTESIAN_POINT('',(-1.118805602558E-15,1.110223024618E-16));
#2386 = CARTESIAN_POINT('',(0.108253243141,6.73599854605E-14));
#2387 = CARTESIAN_POINT('',(0.224238149909,2.578558949644E-14));
#2388 = CARTESIAN_POINT('',(0.347958813773,-1.023742476523E-14));
#2389 = CARTESIAN_POINT('',(0.479014798537,-1.315020773977E-14));
#2390 = CARTESIAN_POINT('',(0.616474342424,-3.573919244164E-15));
#2391 = CARTESIAN_POINT('',(0.758522866145,-2.455728112604E-15));
#2392 = CARTESIAN_POINT('',(0.902859925449,7.812334435357E-16));
#2393 = CARTESIAN_POINT('',(1.191535175458,1.58532904011E-15));
#2394 = CARTESIAN_POINT('',(1.335872236297,-9.118038807923E-16));
#2395 = CARTESIAN_POINT('',(1.477920760651,2.314014100386E-15));
#2396 = CARTESIAN_POINT('',(1.615380310755,-4.577496401238E-15));
#2397 = CARTESIAN_POINT('',(1.746436289518,2.585762858311E-15));
#2398 = CARTESIAN_POINT('',(1.87015694181,-1.1675919522E-15));
#2399 = CARTESIAN_POINT('',(1.98614185986,9.784931410949E-16));
#2400 = CARTESIAN_POINT('',(2.094395103134,3.885780590354E-16));
#2401 = CARTESIAN_POINT('',(2.202648346409,2.932302854707E-16));
#2402 = CARTESIAN_POINT('',(2.318633264133,2.795003935385E-15));
#2403 = CARTESIAN_POINT('',(2.442353915028,-5.275733393594E-15));
#2404 = CARTESIAN_POINT('',(2.573409892056,7.476543969133E-15));
#2405 = CARTESIAN_POINT('',(2.710869442446,-4.406011004043E-15));
#2406 = CARTESIAN_POINT('',(2.852917966938,1.794032928261E-15));
#2407 = CARTESIAN_POINT('',(2.997255027877,6.699206263578E-16));
#2408 = CARTESIAN_POINT('',(3.285930279237,1.532314144063E-15));
#2409 = CARTESIAN_POINT('',(3.430267340727,-2.832979237831E-15));
#2410 = CARTESIAN_POINT('',(3.572315863403,5.576706690316E-15));
#2411 = CARTESIAN_POINT('',(3.709775415547,-5.257554306462E-15));
#2412 = CARTESIAN_POINT('',(3.840831390655,2.465166062877E-15));
#2413 = CARTESIAN_POINT('',(3.964552043555,-5.152032182926E-16));
#2414 = CARTESIAN_POINT('',(4.080536960708,1.535514388595E-16));
#2415 = CARTESIAN_POINT('',(4.188790204046,2.775557559319E-16));
#2416 = CARTESIAN_POINT('',(4.297043447326,1.014870020302E-16));
#2417 = CARTESIAN_POINT('',(4.413028365111,1.092359952791E-15));
#2418 = CARTESIAN_POINT('',(4.536749017457,-1.504806305926E-15));
#2419 = CARTESIAN_POINT('',(4.667804994827,1.315387567289E-15));
#2420 = CARTESIAN_POINT('',(4.805264546044,-8.812588902028E-16));
#2421 = CARTESIAN_POINT('',(4.947313070697,-1.448724017513E-16));
#2422 = CARTESIAN_POINT('',(5.091650131734,4.947566941121E-16));
#2423 = CARTESIAN_POINT('',(5.380325381716,1.857751331151E-16));
#2424 = CARTESIAN_POINT('',(5.524662441168,4.172355564042E-16));
#2425 = CARTESIAN_POINT('',(5.666710964072,-3.960080467698E-15));
#2426 = CARTESIAN_POINT('',(5.804170507204,-4.449598530888E-15));
#2427 = CARTESIAN_POINT('',(5.935226492902,-9.313598782731E-15));
#2428 = CARTESIAN_POINT('',(6.058947157267,1.570555898378E-14));
#2429 = CARTESIAN_POINT('',(6.174932064034,4.578428574031E-14));
#2430 = CARTESIAN_POINT('',(6.28318530718,5.551115123032E-17));
#2431 = ( GEOMETRIC_REPRESENTATION_CONTEXT(2) 
PARAMETRIC_REPRESENTATION_CONTEXT() REPRESENTATION_CONTEXT('2D SPACE',''
  ) );
#2432 = PCURVE('',#2433,#2438);
#2433 = B_SPLINE_SURFACE_WITH_KNOTS('',1,1,(
    (#2434,#2435)
    ,(#2436,#2437
    )),.UNSPECIFIED.,.F.,.F.,.F.,(2,2),(2,2),(6.,254.),(6.,254.),
  .PIECEWISE_BEZIER_KNOTS.);
#2434 = CARTESIAN_POINT('',(6.,254.,-2.));
#2435 = CARTESIAN_POINT('',(6.,6.,-2.));
#2436 = CARTESIAN_POINT('',(254.,254.,-2.));
#2437 = CARTESIAN_POINT('',(254.,6.,-2.));
#2438 = DEFINITIONAL_REPRESENTATION('',(#2439),#2447);
#2439 = ( BOUNDED_CURVE() B_SPLINE_CURVE(2,(#2440,#2441,#2442,#2443,
#2444,#2445,#2446),.UNSPECIFIED.,.F.,.F.) B_SPLINE_CURVE_WITH_KNOTS((3,2
    ,2,3),(0.,2.094395102393,4.188790204786,6.28318530718),
.PIECEWISE_BEZIER_KNOTS.) CURVE() GEOMETRIC_REPRESENTATION_ITEM() 
RATIONAL_B_SPLINE_CURVE((1.,0.5,1.,0.5,1.,0.5,1.)) REPRESENTATION_ITEM(
  '') );
#2440 = CARTESIAN_POINT('',(195.52349128465,170.34358936482));
#2441 = CARTESIAN_POINT('',(195.52349128465,148.34341138248));
#2442 = CARTESIAN_POINT('',(176.47077826416,159.34350037365));
#2443 = CARTESIAN_POINT('',(157.41806524368,170.34358936482));
#2444 = CARTESIAN_POINT('',(176.47077826416,181.34367835599));
#2445 = CARTESIAN_POINT('',(195.52349128465,192.34376734716));
#2446 = CARTESIAN_POINT('',(195.52349128465,170.34358936482));
#2447 = ( GEOMETRIC_REPRESENTATION_CONTEXT(2) 
PARAMETRIC_REPRESENTATION_CONTEXT() REPRESENTATION_CONTEXT('2D SPACE',''
  ) );
#2448 = ORIENTED_EDGE('',*,*,#2449,.T.);
#2449 = EDGE_CURVE('',#2371,#412,#2450,.T.);
#2450 = SEAM_CURVE('',#2451,(#2454,#2461),.PCURVE_S1.);
#2451 = B_SPLINE_CURVE_WITH_KNOTS('',1,(#2452,#2453),.UNSPECIFIED.,.F.,
  .F.,(2,2),(0.,1.),.PIECEWISE_BEZIER_KNOTS.);
#2452 = CARTESIAN_POINT('',(195.52349128465,89.656410635174,-2.));
#2453 = CARTESIAN_POINT('',(195.52349128465,89.656410635174,2.));
#2454 = PCURVE('',#435,#2455);
#2455 = DEFINITIONAL_REPRESENTATION('',(#2456),#2460);
#2456 = B_SPLINE_CURVE_WITH_KNOTS('',2,(#2457,#2458,#2459),
  .UNSPECIFIED.,.F.,.F.,(3,3),(0.,1.),.PIECEWISE_BEZIER_KNOTS.);
#2457 = CARTESIAN_POINT('',(6.28318530718,5.55111512322E-17));
#2458 = CARTESIAN_POINT('',(6.28318530718,0.5));
#2459 = CARTESIAN_POINT('',(6.28318530718,1.));
#2460 = ( GEOMETRIC_REPRESENTATION_CONTEXT(2) 
PARAMETRIC_REPRESENTATION_CONTEXT() REPRESENTATION_CONTEXT('2D SPACE',''
  ) );
#2461 = PCURVE('',#435,#2462);
#2462 = DEFINITIONAL_REPRESENTATION('',(#2463),#2467);
#2463 = B_SPLINE_CURVE_WITH_KNOTS('',2,(#2464,#2465,#2466),
  .UNSPECIFIED.,.F.,.F.,(3,3),(0.,1.),.PIECEWISE_BEZIER_KNOTS.);
#2464 = CARTESIAN_POINT('',(-2.6645352591E-15,5.55111512322E-17));
#2465 = CARTESIAN_POINT('',(-3.552713678801E-15,0.5));
#2466 = CARTESIAN_POINT('',(-2.6645352591E-15,1.));
#2467 = ( GEOMETRIC_REPRESENTATION_CONTEXT(2) 
PARAMETRIC_REPRESENTATION_CONTEXT() REPRESENTATION_CONTEXT('2D SPACE',''
  ) );
#2468 = ORIENTED_EDGE('',*,*,#411,.F.);
#2469 = ORIENTED_EDGE('',*,*,#2449,.F.);
#2470 = ADVANCED_FACE('',(#2471),#542,.F.);
#2471 = FACE_BOUND('',#2472,.F.);
#2472 = EDGE_LOOP('',(#2473,#2547,#2567,#2568));
#2473 = ORIENTED_EDGE('',*,*,#2474,.T.);
#2474 = EDGE_CURVE('',#2475,#2475,#2477,.T.);
#2475 = VERTEX_POINT('',#2476);
#2476 = CARTESIAN_POINT('',(214.58383308409,40.343589364826,-2.));
#2477 = SURFACE_CURVE('',#2478,(#2486,#2536),.PCURVE_S1.);
#2478 = ( BOUNDED_CURVE() B_SPLINE_CURVE(2,(#2479,#2480,#2481,#2482,
#2483,#2484,#2485),.UNSPECIFIED.,.T.,.F.) B_SPLINE_CURVE_WITH_KNOTS((3,2
    ,2,3),(0.,2.094395102393,4.188790204786,6.28318530718),
.PIECEWISE_BEZIER_KNOTS.) CURVE() GEOMETRIC_REPRESENTATION_ITEM() 
RATIONAL_B_SPLINE_CURVE((1.,0.5,1.,0.5,1.,0.5,1.)) REPRESENTATION_ITEM(
  '') );
#2479 = CARTESIAN_POINT('',(214.58383308409,40.343589364826,-2.));
#2480 = CARTESIAN_POINT('',(214.58383308409,53.170318793421,-2.));
#2481 = CARTESIAN_POINT('',(203.47555955146,46.756954079124,-2.));
#2482 = CARTESIAN_POINT('',(192.36728601882,40.343589364826,-2.));
#2483 = CARTESIAN_POINT('',(203.47555955146,33.930224650529,-2.));
#2484 = CARTESIAN_POINT('',(214.58383308409,27.516859936232,-2.));
#2485 = CARTESIAN_POINT('',(214.58383308409,40.343589364827,-2.));
#2486 = PCURVE('',#542,#2487);
#2487 = DEFINITIONAL_REPRESENTATION('',(#2488),#2535);
#2488 = B_SPLINE_CURVE_WITH_KNOTS('',8,(#2489,#2490,#2491,#2492,#2493,
    #2494,#2495,#2496,#2497,#2498,#2499,#2500,#2501,#2502,#2503,#2504,
    #2505,#2506,#2507,#2508,#2509,#2510,#2511,#2512,#2513,#2514,#2515,
    #2516,#2517,#2518,#2519,#2520,#2521,#2522,#2523,#2524,#2525,#2526,
    #2527,#2528,#2529,#2530,#2531,#2532,#2533,#2534),.UNSPECIFIED.,.F.,
  .F.,(9,7,8,7,8,7,9),(0.,1.047197551197,2.094395102393,3.14159265359,
    4.188790204786,5.235987755983,6.28318530718),.UNSPECIFIED.);
#2489 = CARTESIAN_POINT('',(-1.918955453486E-15,-1.66533453695E-16));
#2490 = CARTESIAN_POINT('',(0.108253243137,6.651276823751E-14));
#2491 = CARTESIAN_POINT('',(0.224238149918,2.598230936376E-14));
#2492 = CARTESIAN_POINT('',(0.347958813721,-1.126130070046E-14));
#2493 = CARTESIAN_POINT('',(0.47901479863,-1.331387798532E-14));
#2494 = CARTESIAN_POINT('',(0.616474342331,-2.785305411869E-15));
#2495 = CARTESIAN_POINT('',(0.758522866171,-3.600092414079E-15));
#2496 = CARTESIAN_POINT('',(0.902859925446,8.537154301142E-16));
#2497 = CARTESIAN_POINT('',(1.191535175439,1.710670084083E-15));
#2498 = CARTESIAN_POINT('',(1.335872236375,-1.699716624209E-15));
#2499 = CARTESIAN_POINT('',(1.477920760291,4.529250794866E-15));
#2500 = CARTESIAN_POINT('',(1.615380311031,-8.705886620373E-15));
#2501 = CARTESIAN_POINT('',(1.746436289223,6.057952507418E-15));
#2502 = CARTESIAN_POINT('',(1.870156941919,-2.572644960633E-15));
#2503 = CARTESIAN_POINT('',(1.98614185984,7.296801296166E-16));
#2504 = CARTESIAN_POINT('',(2.094395103134,2.775557565498E-16));
#2505 = CARTESIAN_POINT('',(2.202648346458,-1.229412650608E-16));
#2506 = CARTESIAN_POINT('',(2.318633263728,2.303948244393E-15));
#2507 = CARTESIAN_POINT('',(2.442353916129,-3.624653032197E-15));
#2508 = CARTESIAN_POINT('',(2.573409890959,4.769537524639E-15));
#2509 = CARTESIAN_POINT('',(2.710869443213,-3.95060198378E-15));
#2510 = CARTESIAN_POINT('',(2.852917966669,2.600758323165E-15));
#2511 = CARTESIAN_POINT('',(2.997255027934,-2.221266764657E-16));
#2512 = CARTESIAN_POINT('',(3.285930279275,7.799799699396E-16));
#2513 = CARTESIAN_POINT('',(3.430267340357,-2.117765857011E-15));
#2514 = CARTESIAN_POINT('',(3.572315864161,6.184525736303E-15));
#2515 = CARTESIAN_POINT('',(3.709775414439,-9.062317687978E-15));
#2516 = CARTESIAN_POINT('',(3.840831391378,6.75441675566E-15));
#2517 = CARTESIAN_POINT('',(3.964552043337,-3.727102636824E-15));
#2518 = CARTESIAN_POINT('',(4.080536960749,1.041085496879E-15));
#2519 = CARTESIAN_POINT('',(4.188790204046,-1.110223027523E-16));
#2520 = CARTESIAN_POINT('',(4.297043447359,1.368634634422E-16));
#2521 = CARTESIAN_POINT('',(4.413028365192,-6.163667241233E-16));
#2522 = CARTESIAN_POINT('',(4.536749017916,4.332688154525E-16));
#2523 = CARTESIAN_POINT('',(4.667804995014,-9.589063715037E-17));
#2524 = CARTESIAN_POINT('',(4.805264546578,-1.980973414403E-15));
#2525 = CARTESIAN_POINT('',(4.947313070784,4.183714231597E-16));
#2526 = CARTESIAN_POINT('',(5.091650131738,2.893380363563E-18));
#2527 = CARTESIAN_POINT('',(5.380325381808,-5.346811372418E-17));
#2528 = CARTESIAN_POINT('',(5.52466244045,-2.526192722396E-16));
#2529 = CARTESIAN_POINT('',(5.666710965873,-3.185506727725E-15));
#2530 = CARTESIAN_POINT('',(5.804170505706,-4.857040061668E-15));
#2531 = CARTESIAN_POINT('',(5.935226494588,-9.491312387831E-15));
#2532 = CARTESIAN_POINT('',(6.058947156949,1.544736785616E-14));
#2533 = CARTESIAN_POINT('',(6.174932064118,4.354126217087E-14));
#2534 = CARTESIAN_POINT('',(6.28318530718,-2.220446049239E-16));
#2535 = ( GEOMETRIC_REPRESENTATION_CONTEXT(2) 
PARAMETRIC_REPRESENTATION_CONTEXT() REPRESENTATION_CONTEXT('2D SPACE',''
  ) );
#2536 = PCURVE('',#2433,#2537);
#2537 = DEFINITIONAL_REPRESENTATION('',(#2538),#2546);
#2538 = ( BOUNDED_CURVE() B_SPLINE_CURVE(2,(#2539,#2540,#2541,#2542,
#2543,#2544,#2545),.UNSPECIFIED.,.F.,.F.) B_SPLINE_CURVE_WITH_KNOTS((3,2
    ,2,3),(0.,2.094395102393,4.188790204786,6.28318530718),
.PIECEWISE_BEZIER_KNOTS.) CURVE() GEOMETRIC_REPRESENTATION_ITEM() 
RATIONAL_B_SPLINE_CURVE((1.,0.5,1.,0.5,1.,0.5,1.)) REPRESENTATION_ITEM(
  '') );
#2539 = CARTESIAN_POINT('',(214.58383308409,219.65641063517));
#2540 = CARTESIAN_POINT('',(214.58383308409,206.82968120657));
#2541 = CARTESIAN_POINT('',(203.47555955146,213.24304592087));
#2542 = CARTESIAN_POINT('',(192.36728601882,219.65641063517));
#2543 = CARTESIAN_POINT('',(203.47555955146,226.06977534947));
#2544 = CARTESIAN_POINT('',(214.58383308409,232.48314006376));
#2545 = CARTESIAN_POINT('',(214.58383308409,219.65641063517));
#2546 = ( GEOMETRIC_REPRESENTATION_CONTEXT(2) 
PARAMETRIC_REPRESENTATION_CONTEXT() REPRESENTATION_CONTEXT('2D SPACE',''
  ) );
#2547 = ORIENTED_EDGE('',*,*,#2548,.T.);
#2548 = EDGE_CURVE('',#2475,#519,#2549,.T.);
#2549 = SEAM_CURVE('',#2550,(#2553,#2560),.PCURVE_S1.);
#2550 = B_SPLINE_CURVE_WITH_KNOTS('',1,(#2551,#2552),.UNSPECIFIED.,.F.,
  .F.,(2,2),(0.,1.),.PIECEWISE_BEZIER_KNOTS.);
#2551 = CARTESIAN_POINT('',(214.58383308409,40.343589364827,-2.));
#2552 = CARTESIAN_POINT('',(214.58383308409,40.343589364827,2.));
#2553 = PCURVE('',#542,#2554);
#2554 = DEFINITIONAL_REPRESENTATION('',(#2555),#2559);
#2555 = B_SPLINE_CURVE_WITH_KNOTS('',2,(#2556,#2557,#2558),
  .UNSPECIFIED.,.F.,.F.,(3,3),(0.,1.),.PIECEWISE_BEZIER_KNOTS.);
#2556 = CARTESIAN_POINT('',(6.28318530718,-4.440892098485E-16));
#2557 = CARTESIAN_POINT('',(6.28318530718,0.5));
#2558 = CARTESIAN_POINT('',(6.28318530718,1.));
#2559 = ( GEOMETRIC_REPRESENTATION_CONTEXT(2) 
PARAMETRIC_REPRESENTATION_CONTEXT() REPRESENTATION_CONTEXT('2D SPACE',''
  ) );
#2560 = PCURVE('',#542,#2561);
#2561 = DEFINITIONAL_REPRESENTATION('',(#2562),#2566);
#2562 = B_SPLINE_CURVE_WITH_KNOTS('',2,(#2563,#2564,#2565),
  .UNSPECIFIED.,.F.,.F.,(3,3),(0.,1.),.PIECEWISE_BEZIER_KNOTS.);
#2563 = CARTESIAN_POINT('',(-3.552713678801E-15,-4.440892098485E-16));
#2564 = CARTESIAN_POINT('',(-3.552713678801E-15,0.5));
#2565 = CARTESIAN_POINT('',(-3.552713678801E-15,1.));
#2566 = ( GEOMETRIC_REPRESENTATION_CONTEXT(2) 
PARAMETRIC_REPRESENTATION_CONTEXT() REPRESENTATION_CONTEXT('2D SPACE',''
  ) );
#2567 = ORIENTED_EDGE('',*,*,#518,.F.);
#2568 = ORIENTED_EDGE('',*,*,#2548,.F.);
#2569 = ADVANCED_FACE('',(#2570),#641,.T.);
#2570 = FACE_BOUND('',#2571,.T.);
#2571 = EDGE_LOOP('',(#2572,#2617,#2643,#2686));
#2572 = ORIENTED_EDGE('',*,*,#2573,.T.);
#2573 = EDGE_CURVE('',#626,#2574,#2576,.T.);
#2574 = VERTEX_POINT('',#2575);
#2575 = CARTESIAN_POINT('',(63.,235.33848875551,3.));
#2576 = SURFACE_CURVE('',#2577,(#2581,#2599),.PCURVE_S1.);
#2577 = ( BOUNDED_CURVE() B_SPLINE_CURVE(2,(#2578,#2579,#2580),
.UNSPECIFIED.,.F.,.F.) B_SPLINE_CURVE_WITH_KNOTS((3,3),(4.712388980385,
6.28318530718),.PIECEWISE_BEZIER_KNOTS.) CURVE() 
GEOMETRIC_REPRESENTATION_ITEM() RATIONAL_B_SPLINE_CURVE((1.,
0.707106781187,1.)) REPRESENTATION_ITEM('') );
#2578 = CARTESIAN_POINT('',(62.,236.33848875551,2.));
#2579 = CARTESIAN_POINT('',(63.,235.33848875551,2.));
#2580 = CARTESIAN_POINT('',(63.,235.33848875551,3.));
#2581 = PCURVE('',#641,#2582);
#2582 = DEFINITIONAL_REPRESENTATION('',(#2583),#2598);
#2583 = B_SPLINE_CURVE_WITH_KNOTS('',7,(#2584,#2585,#2586,#2587,#2588,
    #2589,#2590,#2591,#2592,#2593,#2594,#2595,#2596,#2597),
  .UNSPECIFIED.,.F.,.F.,(8,6,8),(4.712388980385,5.497787143782,
    6.28318530718),.UNSPECIFIED.);
#2584 = CARTESIAN_POINT('',(0.,-1.));
#2585 = CARTESIAN_POINT('',(0.112199737628,-0.898985131649));
#2586 = CARTESIAN_POINT('',(0.224399475259,-0.793035561425));
#2587 = CARTESIAN_POINT('',(0.336599212878,-0.684262727182));
#2588 = CARTESIAN_POINT('',(0.448798950519,-0.57574378638));
#2589 = CARTESIAN_POINT('',(0.560998688137,-0.471812644373));
#2590 = CARTESIAN_POINT('',(0.673198425771,-0.376577344704));
#2591 = CARTESIAN_POINT('',(0.897597901029,-0.209209160281));
#2592 = CARTESIAN_POINT('',(1.009797638639,-0.137082147638));
#2593 = CARTESIAN_POINT('',(1.121997376295,-7.936826800453E-02));
#2594 = CARTESIAN_POINT('',(1.23419711389,-3.780301467464E-02));
#2595 = CARTESIAN_POINT('',(1.346396851546,-1.190596930894E-02));
#2596 = CARTESIAN_POINT('',(1.458596589166,1.848934560087E-07));
#2597 = CARTESIAN_POINT('',(1.570796326795,1.110223024625E-16));
#2598 = ( GEOMETRIC_REPRESENTATION_CONTEXT(2) 
PARAMETRIC_REPRESENTATION_CONTEXT() REPRESENTATION_CONTEXT('2D SPACE',''
  ) );
#2599 = PCURVE('',#669,#2600);
#2600 = DEFINITIONAL_REPRESENTATION('',(#2601),#2616);
#2601 = B_SPLINE_CURVE_WITH_KNOTS('',7,(#2602,#2603,#2604,#2605,#2606,
    #2607,#2608,#2609,#2610,#2611,#2612,#2613,#2614,#2615),
  .UNSPECIFIED.,.F.,.F.,(8,6,8),(4.712388980385,5.497787143782,
    6.28318530718),.UNSPECIFIED.);
#2602 = CARTESIAN_POINT('',(0.,-1.));
#2603 = CARTESIAN_POINT('',(0.112199737629,-0.89898513165));
#2604 = CARTESIAN_POINT('',(0.224399475256,-0.793035561416));
#2605 = CARTESIAN_POINT('',(0.336599212882,-0.684262727196));
#2606 = CARTESIAN_POINT('',(0.448798950515,-0.57574378637));
#2607 = CARTESIAN_POINT('',(0.560998688139,-0.471812644382));
#2608 = CARTESIAN_POINT('',(0.67319842577,-0.376577344702));
#2609 = CARTESIAN_POINT('',(0.897597901027,-0.20920916028));
#2610 = CARTESIAN_POINT('',(1.009797638653,-0.137082147639));
#2611 = CARTESIAN_POINT('',(1.121997376279,-7.9368268003E-02));
#2612 = CARTESIAN_POINT('',(1.234197113919,-3.780301467469E-02));
#2613 = CARTESIAN_POINT('',(1.346396851535,-1.190596930856E-02));
#2614 = CARTESIAN_POINT('',(1.458596589169,1.84893709455E-07));
#2615 = CARTESIAN_POINT('',(1.570796326795,8.537615059367E-14));
#2616 = ( GEOMETRIC_REPRESENTATION_CONTEXT(2) 
PARAMETRIC_REPRESENTATION_CONTEXT() REPRESENTATION_CONTEXT('2D SPACE',''
  ) );
#2617 = ORIENTED_EDGE('',*,*,#2618,.T.);
#2618 = EDGE_CURVE('',#2574,#2619,#2621,.T.);
#2619 = VERTEX_POINT('',#2620);
#2620 = CARTESIAN_POINT('',(67.,235.33848875551,3.));
#2621 = SURFACE_CURVE('',#2622,(#2625,#2632),.PCURVE_S1.);
#2622 = B_SPLINE_CURVE_WITH_KNOTS('',1,(#2623,#2624),.UNSPECIFIED.,.F.,
  .F.,(2,2),(7.105427357601E-15,4.),.PIECEWISE_BEZIER_KNOTS.);
#2623 = CARTESIAN_POINT('',(63.,235.33848875551,3.));
#2624 = CARTESIAN_POINT('',(67.,235.33848875551,3.));
#2625 = PCURVE('',#641,#2626);
#2626 = DEFINITIONAL_REPRESENTATION('',(#2627),#2631);
#2627 = B_SPLINE_CURVE_WITH_KNOTS('',2,(#2628,#2629,#2630),
  .UNSPECIFIED.,.F.,.F.,(3,3),(7.105427357601E-15,4.),
  .PIECEWISE_BEZIER_KNOTS.);
#2628 = CARTESIAN_POINT('',(1.570796326795,7.105427357601E-15));
#2629 = CARTESIAN_POINT('',(1.570796326795,2.));
#2630 = CARTESIAN_POINT('',(1.570796326795,4.));
#2631 = ( GEOMETRIC_REPRESENTATION_CONTEXT(2) 
PARAMETRIC_REPRESENTATION_CONTEXT() REPRESENTATION_CONTEXT('2D SPACE',''
  ) );
#2632 = PCURVE('',#2633,#2638);
#2633 = B_SPLINE_SURFACE_WITH_KNOTS('',1,1,(
    (#2634,#2635)
    ,(#2636,#2637
    )),.UNSPECIFIED.,.F.,.F.,.F.,(2,2),(2,2),(-11.91593435025,
    14.91593435025),(-2.,2.),.PIECEWISE_BEZIER_KNOTS.);
#2634 = CARTESIAN_POINT('',(63.,235.33848875551,3.));
#2635 = CARTESIAN_POINT('',(67.,235.33848875551,3.));
#2636 = CARTESIAN_POINT('',(63.,235.33848875551,29.831868700499));
#2637 = CARTESIAN_POINT('',(67.,235.33848875551,29.831868700499));
#2638 = DEFINITIONAL_REPRESENTATION('',(#2639),#2642);
#2639 = B_SPLINE_CURVE_WITH_KNOTS('',1,(#2640,#2641),.UNSPECIFIED.,.F.,
  .F.,(2,2),(7.105427357601E-15,4.),.PIECEWISE_BEZIER_KNOTS.);
#2640 = CARTESIAN_POINT('',(-11.91593435025,-2.));
#2641 = CARTESIAN_POINT('',(-11.91593435025,2.));
#2642 = ( GEOMETRIC_REPRESENTATION_CONTEXT(2) 
PARAMETRIC_REPRESENTATION_CONTEXT() REPRESENTATION_CONTEXT('2D SPACE',''
  ) );
#2643 = ORIENTED_EDGE('',*,*,#2644,.F.);
#2644 = EDGE_CURVE('',#628,#2619,#2645,.T.);
#2645 = SURFACE_CURVE('',#2646,(#2650,#2668),.PCURVE_S1.);
#2646 = ( BOUNDED_CURVE() B_SPLINE_CURVE(2,(#2647,#2648,#2649),
.UNSPECIFIED.,.F.,.F.) B_SPLINE_CURVE_WITH_KNOTS((3,3),(1.570796326795,
3.14159265359),.PIECEWISE_BEZIER_KNOTS.) CURVE() 
GEOMETRIC_REPRESENTATION_ITEM() RATIONAL_B_SPLINE_CURVE((1.,
0.707106781187,1.)) REPRESENTATION_ITEM('') );
#2647 = CARTESIAN_POINT('',(68.,236.33848875551,2.));
#2648 = CARTESIAN_POINT('',(67.,235.33848875551,2.));
#2649 = CARTESIAN_POINT('',(67.,235.33848875551,3.));
#2650 = PCURVE('',#641,#2651);
#2651 = DEFINITIONAL_REPRESENTATION('',(#2652),#2667);
#2652 = B_SPLINE_CURVE_WITH_KNOTS('',7,(#2653,#2654,#2655,#2656,#2657,
    #2658,#2659,#2660,#2661,#2662,#2663,#2664,#2665,#2666),
  .UNSPECIFIED.,.F.,.F.,(8,6,8),(1.570796326795,2.356194490192,
    3.14159265359),.UNSPECIFIED.);
#2653 = CARTESIAN_POINT('',(3.487868498009E-15,5.));
#2654 = CARTESIAN_POINT('',(0.112199737628,4.898985131662));
#2655 = CARTESIAN_POINT('',(0.224399475261,4.793035561383));
#2656 = CARTESIAN_POINT('',(0.336599212873,4.684262727212));
#2657 = CARTESIAN_POINT('',(0.448798950524,4.575743786314));
#2658 = CARTESIAN_POINT('',(0.560998688135,4.471812644394));
#2659 = CARTESIAN_POINT('',(0.673198425771,4.376577344702));
#2660 = CARTESIAN_POINT('',(0.897597901025,4.209209160286));
#2661 = CARTESIAN_POINT('',(1.009797638667,4.13708214764));
#2662 = CARTESIAN_POINT('',(1.121997376264,4.079368267991));
#2663 = CARTESIAN_POINT('',(1.23419711393,4.037803014704));
#2664 = CARTESIAN_POINT('',(1.346396851532,4.011905969293));
#2665 = CARTESIAN_POINT('',(1.45859658917,3.999999815112));
#2666 = CARTESIAN_POINT('',(1.570796326795,4.));
#2667 = ( GEOMETRIC_REPRESENTATION_CONTEXT(2) 
PARAMETRIC_REPRESENTATION_CONTEXT() REPRESENTATION_CONTEXT('2D SPACE',''
  ) );
#2668 = PCURVE('',#723,#2669);
#2669 = DEFINITIONAL_REPRESENTATION('',(#2670),#2685);
#2670 = B_SPLINE_CURVE_WITH_KNOTS('',7,(#2671,#2672,#2673,#2674,#2675,
    #2676,#2677,#2678,#2679,#2680,#2681,#2682,#2683,#2684),
  .UNSPECIFIED.,.F.,.F.,(8,6,8),(1.570796326795,2.356194490192,
    3.14159265359),.UNSPECIFIED.);
#2671 = CARTESIAN_POINT('',(3.487868498009E-15,-1.));
#2672 = CARTESIAN_POINT('',(0.112199737628,-0.898985131648));
#2673 = CARTESIAN_POINT('',(0.224399475259,-0.793035561424));
#2674 = CARTESIAN_POINT('',(0.336599212878,-0.684262727173));
#2675 = CARTESIAN_POINT('',(0.448798950516,-0.575743786392));
#2676 = CARTESIAN_POINT('',(0.560998688137,-0.471812644369));
#2677 = CARTESIAN_POINT('',(0.67319842577,-0.376577344704));
#2678 = CARTESIAN_POINT('',(0.897597901027,-0.209209160281));
#2679 = CARTESIAN_POINT('',(1.009797638646,-0.137082147639));
#2680 = CARTESIAN_POINT('',(1.121997376295,-7.936826800382E-02));
#2681 = CARTESIAN_POINT('',(1.234197113904,-3.7803014675E-02));
#2682 = CARTESIAN_POINT('',(1.34639685154,-1.19059693081E-02));
#2683 = CARTESIAN_POINT('',(1.458596589167,1.848932114325E-07));
#2684 = CARTESIAN_POINT('',(1.570796326795,8.548717289614E-14));
#2685 = ( GEOMETRIC_REPRESENTATION_CONTEXT(2) 
PARAMETRIC_REPRESENTATION_CONTEXT() REPRESENTATION_CONTEXT('2D SPACE',''
  ) );
#2686 = ORIENTED_EDGE('',*,*,#625,.F.);
#2687 = ADVANCED_FACE('',(#2688),#669,.F.);
#2688 = FACE_BOUND('',#2689,.F.);
#2689 = EDGE_LOOP('',(#2690,#2691,#2717,#2760));
#2690 = ORIENTED_EDGE('',*,*,#2573,.T.);
#2691 = ORIENTED_EDGE('',*,*,#2692,.T.);
#2692 = EDGE_CURVE('',#2574,#2693,#2695,.T.);
#2693 = VERTEX_POINT('',#2694);
#2694 = CARTESIAN_POINT('',(63.,154.66151124449,3.));
#2695 = SURFACE_CURVE('',#2696,(#2699,#2706),.PCURVE_S1.);
#2696 = B_SPLINE_CURVE_WITH_KNOTS('',1,(#2697,#2698),.UNSPECIFIED.,.F.,
  .F.,(2,2),(5.684341886081E-14,80.67697751102),
  .PIECEWISE_BEZIER_KNOTS.);
#2697 = CARTESIAN_POINT('',(63.,235.33848875551,3.));
#2698 = CARTESIAN_POINT('',(63.,154.66151124449,3.));
#2699 = PCURVE('',#669,#2700);
#2700 = DEFINITIONAL_REPRESENTATION('',(#2701),#2705);
#2701 = B_SPLINE_CURVE_WITH_KNOTS('',2,(#2702,#2703,#2704),
  .UNSPECIFIED.,.F.,.F.,(3,3),(5.684341886081E-14,80.67697751102),
  .PIECEWISE_BEZIER_KNOTS.);
#2702 = CARTESIAN_POINT('',(1.570796326795,5.684341886081E-14));
#2703 = CARTESIAN_POINT('',(1.570796326795,40.33848875551));
#2704 = CARTESIAN_POINT('',(1.570796326795,80.67697751102));
#2705 = ( GEOMETRIC_REPRESENTATION_CONTEXT(2) 
PARAMETRIC_REPRESENTATION_CONTEXT() REPRESENTATION_CONTEXT('2D SPACE',''
  ) );
#2706 = PCURVE('',#2707,#2712);
#2707 = B_SPLINE_SURFACE_WITH_KNOTS('',1,1,(
    (#2708,#2709)
    ,(#2710,#2711
    )),.UNSPECIFIED.,.F.,.F.,.F.,(2,2),(2,2),(-14.91593435025,
    11.91593435025),(-40.33848875551,40.33848875551),
  .PIECEWISE_BEZIER_KNOTS.);
#2708 = CARTESIAN_POINT('',(63.,154.66151124449,29.831868700499));
#2709 = CARTESIAN_POINT('',(63.,235.33848875551,29.831868700499));
#2710 = CARTESIAN_POINT('',(63.,154.66151124449,3.));
#2711 = CARTESIAN_POINT('',(63.,235.33848875551,3.));
#2712 = DEFINITIONAL_REPRESENTATION('',(#2713),#2716);
#2713 = B_SPLINE_CURVE_WITH_KNOTS('',1,(#2714,#2715),.UNSPECIFIED.,.F.,
  .F.,(2,2),(5.684341886081E-14,80.67697751102),
  .PIECEWISE_BEZIER_KNOTS.);
#2714 = CARTESIAN_POINT('',(11.91593435025,40.33848875551));
#2715 = CARTESIAN_POINT('',(11.91593435025,-40.33848875551));
#2716 = ( GEOMETRIC_REPRESENTATION_CONTEXT(2) 
PARAMETRIC_REPRESENTATION_CONTEXT() REPRESENTATION_CONTEXT('2D SPACE',''
  ) );
#2717 = ORIENTED_EDGE('',*,*,#2718,.F.);
#2718 = EDGE_CURVE('',#656,#2693,#2719,.T.);
#2719 = SURFACE_CURVE('',#2720,(#2724,#2742),.PCURVE_S1.);
#2720 = ( BOUNDED_CURVE() B_SPLINE_CURVE(2,(#2721,#2722,#2723),
.UNSPECIFIED.,.F.,.F.) B_SPLINE_CURVE_WITH_KNOTS((3,3),(4.712388980385,
6.28318530718),.PIECEWISE_BEZIER_KNOTS.) CURVE() 
GEOMETRIC_REPRESENTATION_ITEM() RATIONAL_B_SPLINE_CURVE((1.,
0.707106781187,1.)) REPRESENTATION_ITEM('') );
#2721 = CARTESIAN_POINT('',(62.,153.66151124449,2.));
#2722 = CARTESIAN_POINT('',(63.,154.66151124449,2.));
#2723 = CARTESIAN_POINT('',(63.,154.66151124449,3.));
#2724 = PCURVE('',#669,#2725);
#2725 = DEFINITIONAL_REPRESENTATION('',(#2726),#2741);
#2726 = B_SPLINE_CURVE_WITH_KNOTS('',7,(#2727,#2728,#2729,#2730,#2731,
    #2732,#2733,#2734,#2735,#2736,#2737,#2738,#2739,#2740),
  .UNSPECIFIED.,.F.,.F.,(8,6,8),(4.712388980385,5.497787143782,
    6.28318530718),.UNSPECIFIED.);
#2727 = CARTESIAN_POINT('',(-1.573436272502E-15,81.67697751102));
#2728 = CARTESIAN_POINT('',(0.112199737628,81.57596264269));
#2729 = CARTESIAN_POINT('',(0.224399475261,81.470013072988));
#2730 = CARTESIAN_POINT('',(0.336599212876,81.36124023706));
#2731 = CARTESIAN_POINT('',(0.448798950518,81.25272129785));
#2732 = CARTESIAN_POINT('',(0.560998688136,81.148790154786));
#2733 = CARTESIAN_POINT('',(0.673198425771,81.053554855946));
#2734 = CARTESIAN_POINT('',(0.897597901027,80.886186671509));
#2735 = CARTESIAN_POINT('',(1.009797638654,80.814059657971));
#2736 = CARTESIAN_POINT('',(1.121997376279,80.756345780112));
#2737 = CARTESIAN_POINT('',(1.234197113925,80.714780524531));
#2738 = CARTESIAN_POINT('',(1.346396851533,80.688883480829));
#2739 = CARTESIAN_POINT('',(1.45859658917,80.676977326081));
#2740 = CARTESIAN_POINT('',(1.570796326795,80.67697751102));
#2741 = ( GEOMETRIC_REPRESENTATION_CONTEXT(2) 
PARAMETRIC_REPRESENTATION_CONTEXT() REPRESENTATION_CONTEXT('2D SPACE',''
  ) );
#2742 = PCURVE('',#697,#2743);
#2743 = DEFINITIONAL_REPRESENTATION('',(#2744),#2759);
#2744 = B_SPLINE_CURVE_WITH_KNOTS('',7,(#2745,#2746,#2747,#2748,#2749,
    #2750,#2751,#2752,#2753,#2754,#2755,#2756,#2757,#2758),
  .UNSPECIFIED.,.F.,.F.,(8,6,8),(4.712388980385,5.497787143782,
    6.28318530718),.UNSPECIFIED.);
#2745 = CARTESIAN_POINT('',(-4.149078447222E-44,-1.));
#2746 = CARTESIAN_POINT('',(0.112199737629,-0.89898513165));
#2747 = CARTESIAN_POINT('',(0.224399475256,-0.793035561419));
#2748 = CARTESIAN_POINT('',(0.336599212885,-0.684262727192));
#2749 = CARTESIAN_POINT('',(0.44879895051,-0.575743786372));
#2750 = CARTESIAN_POINT('',(0.56099868814,-0.47181264438));
#2751 = CARTESIAN_POINT('',(0.67319842577,-0.376577344703));
#2752 = CARTESIAN_POINT('',(0.897597901025,-0.209209160281));
#2753 = CARTESIAN_POINT('',(1.009797638667,-0.137082147637));
#2754 = CARTESIAN_POINT('',(1.121997376241,-7.936826800577E-02));
#2755 = CARTESIAN_POINT('',(1.234197113927,-3.780301467244E-02));
#2756 = CARTESIAN_POINT('',(1.346396851527,-1.190596930983E-02));
#2757 = CARTESIAN_POINT('',(1.458596589172,1.848936932477E-07));
#2758 = CARTESIAN_POINT('',(1.570796326795,-1.409983241274E-14));
#2759 = ( GEOMETRIC_REPRESENTATION_CONTEXT(2) 
PARAMETRIC_REPRESENTATION_CONTEXT() REPRESENTATION_CONTEXT('2D SPACE',''
  ) );
#2760 = ORIENTED_EDGE('',*,*,#655,.F.);
#2761 = ADVANCED_FACE('',(#2762),#723,.T.);
#2762 = FACE_BOUND('',#2763,.T.);
#2763 = EDGE_LOOP('',(#2764,#2765,#2791,#2834));
#2764 = ORIENTED_EDGE('',*,*,#2644,.T.);
#2765 = ORIENTED_EDGE('',*,*,#2766,.T.);
#2766 = EDGE_CURVE('',#2619,#2767,#2769,.T.);
#2767 = VERTEX_POINT('',#2768);
#2768 = CARTESIAN_POINT('',(67.,154.66151124449,3.));
#2769 = SURFACE_CURVE('',#2770,(#2773,#2780),.PCURVE_S1.);
#2770 = B_SPLINE_CURVE_WITH_KNOTS('',1,(#2771,#2772),.UNSPECIFIED.,.F.,
  .F.,(2,2),(5.684341886081E-14,80.67697751102),
  .PIECEWISE_BEZIER_KNOTS.);
#2771 = CARTESIAN_POINT('',(67.,235.33848875551,3.));
#2772 = CARTESIAN_POINT('',(67.,154.66151124449,3.));
#2773 = PCURVE('',#723,#2774);
#2774 = DEFINITIONAL_REPRESENTATION('',(#2775),#2779);
#2775 = B_SPLINE_CURVE_WITH_KNOTS('',2,(#2776,#2777,#2778),
  .UNSPECIFIED.,.F.,.F.,(3,3),(5.684341886081E-14,80.67697751102),
  .PIECEWISE_BEZIER_KNOTS.);
#2776 = CARTESIAN_POINT('',(1.570796326795,5.684341886081E-14));
#2777 = CARTESIAN_POINT('',(1.570796326795,40.33848875551));
#2778 = CARTESIAN_POINT('',(1.570796326795,80.67697751102));
#2779 = ( GEOMETRIC_REPRESENTATION_CONTEXT(2) 
PARAMETRIC_REPRESENTATION_CONTEXT() REPRESENTATION_CONTEXT('2D SPACE',''
  ) );
#2780 = PCURVE('',#2781,#2786);
#2781 = B_SPLINE_SURFACE_WITH_KNOTS('',1,1,(
    (#2782,#2783)
    ,(#2784,#2785
    )),.UNSPECIFIED.,.F.,.F.,.F.,(2,2),(2,2),(-14.91593435025,
    11.91593435025),(-40.33848875551,40.33848875551),
  .PIECEWISE_BEZIER_KNOTS.);
#2782 = CARTESIAN_POINT('',(67.,154.66151124449,29.831868700499));
#2783 = CARTESIAN_POINT('',(67.,235.33848875551,29.831868700499));
#2784 = CARTESIAN_POINT('',(67.,154.66151124449,3.));
#2785 = CARTESIAN_POINT('',(67.,235.33848875551,3.));
#2786 = DEFINITIONAL_REPRESENTATION('',(#2787),#2790);
#2787 = B_SPLINE_CURVE_WITH_KNOTS('',1,(#2788,#2789),.UNSPECIFIED.,.F.,
  .F.,(2,2),(5.684341886081E-14,80.67697751102),
  .PIECEWISE_BEZIER_KNOTS.);
#2788 = CARTESIAN_POINT('',(11.91593435025,40.33848875551));
#2789 = CARTESIAN_POINT('',(11.91593435025,-40.33848875551));
#2790 = ( GEOMETRIC_REPRESENTATION_CONTEXT(2) 
PARAMETRIC_REPRESENTATION_CONTEXT() REPRESENTATION_CONTEXT('2D SPACE',''
  ) );
#2791 = ORIENTED_EDGE('',*,*,#2792,.F.);
#2792 = EDGE_CURVE('',#684,#2767,#2793,.T.);
#2793 = SURFACE_CURVE('',#2794,(#2798,#2816),.PCURVE_S1.);
#2794 = ( BOUNDED_CURVE() B_SPLINE_CURVE(2,(#2795,#2796,#2797),
.UNSPECIFIED.,.F.,.F.) B_SPLINE_CURVE_WITH_KNOTS((3,3),(1.570796326795,
3.14159265359),.PIECEWISE_BEZIER_KNOTS.) CURVE() 
GEOMETRIC_REPRESENTATION_ITEM() RATIONAL_B_SPLINE_CURVE((1.,
0.707106781187,1.)) REPRESENTATION_ITEM('') );
#2795 = CARTESIAN_POINT('',(68.,153.66151124449,2.));
#2796 = CARTESIAN_POINT('',(67.,154.66151124449,2.));
#2797 = CARTESIAN_POINT('',(67.,154.66151124449,3.));
#2798 = PCURVE('',#723,#2799);
#2799 = DEFINITIONAL_REPRESENTATION('',(#2800),#2815);
#2800 = B_SPLINE_CURVE_WITH_KNOTS('',7,(#2801,#2802,#2803,#2804,#2805,
    #2806,#2807,#2808,#2809,#2810,#2811,#2812,#2813,#2814),
  .UNSPECIFIED.,.F.,.F.,(8,6,8),(1.570796326795,2.356194490192,
    3.14159265359),.UNSPECIFIED.);
#2801 = CARTESIAN_POINT('',(-1.072298621719E-14,81.67697751102));
#2802 = CARTESIAN_POINT('',(0.112199737628,81.575962642616));
#2803 = CARTESIAN_POINT('',(0.224399475261,81.470013073278));
#2804 = CARTESIAN_POINT('',(0.33659921288,81.361240236504));
#2805 = CARTESIAN_POINT('',(0.44879895052,81.252721298489));
#2806 = CARTESIAN_POINT('',(0.560998688138,81.148790154899));
#2807 = CARTESIAN_POINT('',(0.673198425771,81.053554856));
#2808 = CARTESIAN_POINT('',(0.897597901028,80.886186671377));
#2809 = CARTESIAN_POINT('',(1.009797638652,80.814059658668));
#2810 = CARTESIAN_POINT('',(1.12199737628,80.756345778624));
#2811 = CARTESIAN_POINT('',(1.234197113902,80.714780526101));
#2812 = CARTESIAN_POINT('',(1.346396851536,80.68888348001));
#2813 = CARTESIAN_POINT('',(1.458596589168,80.676977326237));
#2814 = CARTESIAN_POINT('',(1.570796326795,80.67697751102));
#2815 = ( GEOMETRIC_REPRESENTATION_CONTEXT(2) 
PARAMETRIC_REPRESENTATION_CONTEXT() REPRESENTATION_CONTEXT('2D SPACE',''
  ) );
#2816 = PCURVE('',#697,#2817);
#2817 = DEFINITIONAL_REPRESENTATION('',(#2818),#2833);
#2818 = B_SPLINE_CURVE_WITH_KNOTS('',7,(#2819,#2820,#2821,#2822,#2823,
    #2824,#2825,#2826,#2827,#2828,#2829,#2830,#2831,#2832),
  .UNSPECIFIED.,.F.,.F.,(8,6,8),(1.570796326795,2.356194490192,
    3.14159265359),.UNSPECIFIED.);
#2819 = CARTESIAN_POINT('',(3.487868498009E-15,5.));
#2820 = CARTESIAN_POINT('',(0.112199737629,4.898985131652));
#2821 = CARTESIAN_POINT('',(0.224399475253,4.793035561422));
#2822 = CARTESIAN_POINT('',(0.33659921289,4.684262727192));
#2823 = CARTESIAN_POINT('',(0.44879895051,4.575743786327));
#2824 = CARTESIAN_POINT('',(0.560998688144,4.471812644377));
#2825 = CARTESIAN_POINT('',(0.673198425769,4.376577344709));
#2826 = CARTESIAN_POINT('',(0.897597901027,4.209209160278));
#2827 = CARTESIAN_POINT('',(1.009797638653,4.137082147688));
#2828 = CARTESIAN_POINT('',(1.121997376267,4.079368267891));
#2829 = CARTESIAN_POINT('',(1.234197113918,4.037803014772));
#2830 = CARTESIAN_POINT('',(1.346396851536,4.011905969269));
#2831 = CARTESIAN_POINT('',(1.458596589169,3.999999815122));
#2832 = CARTESIAN_POINT('',(1.570796326795,4.));
#2833 = ( GEOMETRIC_REPRESENTATION_CONTEXT(2) 
PARAMETRIC_REPRESENTATION_CONTEXT() REPRESENTATION_CONTEXT('2D SPACE',''
  ) );
#2834 = ORIENTED_EDGE('',*,*,#711,.F.);
#2835 = ADVANCED_FACE('',(#2836),#697,.F.);
#2836 = FACE_BOUND('',#2837,.F.);
#2837 = EDGE_LOOP('',(#2838,#2839,#2863,#2864));
#2838 = ORIENTED_EDGE('',*,*,#2718,.T.);
#2839 = ORIENTED_EDGE('',*,*,#2840,.T.);
#2840 = EDGE_CURVE('',#2693,#2767,#2841,.T.);
#2841 = SURFACE_CURVE('',#2842,(#2845,#2852),.PCURVE_S1.);
#2842 = B_SPLINE_CURVE_WITH_KNOTS('',1,(#2843,#2844),.UNSPECIFIED.,.F.,
  .F.,(2,2),(0.,4.),.PIECEWISE_BEZIER_KNOTS.);
#2843 = CARTESIAN_POINT('',(63.,154.66151124449,3.));
#2844 = CARTESIAN_POINT('',(67.,154.66151124449,3.));
#2845 = PCURVE('',#697,#2846);
#2846 = DEFINITIONAL_REPRESENTATION('',(#2847),#2851);
#2847 = B_SPLINE_CURVE_WITH_KNOTS('',2,(#2848,#2849,#2850),
  .UNSPECIFIED.,.F.,.F.,(3,3),(7.105427357601E-15,4.),
  .PIECEWISE_BEZIER_KNOTS.);
#2848 = CARTESIAN_POINT('',(1.570796326795,9.466330862652E-30));
#2849 = CARTESIAN_POINT('',(1.570796326795,2.));
#2850 = CARTESIAN_POINT('',(1.570796326795,4.));
#2851 = ( GEOMETRIC_REPRESENTATION_CONTEXT(2) 
PARAMETRIC_REPRESENTATION_CONTEXT() REPRESENTATION_CONTEXT('2D SPACE',''
  ) );
#2852 = PCURVE('',#2853,#2858);
#2853 = B_SPLINE_SURFACE_WITH_KNOTS('',1,1,(
    (#2854,#2855)
    ,(#2856,#2857
    )),.UNSPECIFIED.,.F.,.F.,.F.,(2,2),(2,2),(-11.91593435025,
    14.91593435025),(-2.,2.),.PIECEWISE_BEZIER_KNOTS.);
#2854 = CARTESIAN_POINT('',(63.,154.66151124449,3.));
#2855 = CARTESIAN_POINT('',(67.,154.66151124449,3.));
#2856 = CARTESIAN_POINT('',(63.,154.66151124449,29.831868700499));
#2857 = CARTESIAN_POINT('',(67.,154.66151124449,29.831868700499));
#2858 = DEFINITIONAL_REPRESENTATION('',(#2859),#2862);
#2859 = B_SPLINE_CURVE_WITH_KNOTS('',1,(#2860,#2861),.UNSPECIFIED.,.F.,
  .F.,(2,2),(0.,4.),.PIECEWISE_BEZIER_KNOTS.);
#2860 = CARTESIAN_POINT('',(-11.91593435025,-2.));
#2861 = CARTESIAN_POINT('',(-11.91593435025,2.));
#2862 = ( GEOMETRIC_REPRESENTATION_CONTEXT(2) 
PARAMETRIC_REPRESENTATION_CONTEXT() REPRESENTATION_CONTEXT('2D SPACE',''
  ) );
#2863 = ORIENTED_EDGE('',*,*,#2792,.F.);
#2864 = ORIENTED_EDGE('',*,*,#683,.F.);
#2865 = ADVANCED_FACE('',(#2866),#755,.T.);
#2866 = FACE_BOUND('',#2867,.T.);
#2867 = EDGE_LOOP('',(#2868,#2916,#2948,#2974,#3006,#3052));
#2868 = ORIENTED_EDGE('',*,*,#2869,.T.);
#2869 = EDGE_CURVE('',#740,#2870,#2872,.T.);
#2870 = VERTEX_POINT('',#2871);
#2871 = CARTESIAN_POINT('',(60.414213562373,176.83075562224,3.));
#2872 = SURFACE_CURVE('',#2873,(#2877,#2898),.PCURVE_S1.);
#2873 = ( BOUNDED_CURVE() B_SPLINE_CURVE(2,(#2874,#2875,#2876),
.UNSPECIFIED.,.F.,.F.) B_SPLINE_CURVE_WITH_KNOTS((3,3),(4.712388657782,
6.28318530718),.PIECEWISE_BEZIER_KNOTS.) CURVE() 
GEOMETRIC_REPRESENTATION_ITEM() RATIONAL_B_SPLINE_CURVE((1.,
0.707106667129,1.)) REPRESENTATION_ITEM('') );
#2874 = CARTESIAN_POINT('',(61.414213884976,177.83075594484,2.));
#2875 = CARTESIAN_POINT('',(60.414213562373,176.83075562224,
    1.999999677397));
#2876 = CARTESIAN_POINT('',(60.414213562373,176.83075562224,3.));
#2877 = PCURVE('',#755,#2878);
#2878 = DEFINITIONAL_REPRESENTATION('',(#2879),#2897);
#2879 = B_SPLINE_CURVE_WITH_KNOTS('',8,(#2880,#2881,#2882,#2883,#2884,
    #2885,#2886,#2887,#2888,#2889,#2890,#2891,#2892,#2893,#2894,#2895,
    #2896),.UNSPECIFIED.,.F.,.F.,(9,8,9),(4.712389016103,5.497787161642,
    6.28318530718),.PIECEWISE_BEZIER_KNOTS.);
#2880 = CARTESIAN_POINT('',(8.876840911708E-08,-1.));
#2881 = CARTESIAN_POINT('',(0.112709654259,-0.911611657524));
#2882 = CARTESIAN_POINT('',(0.222527729544,-0.819524880172));
#2883 = CARTESIAN_POINT('',(0.329584128327,-0.725047710609));
#2884 = CARTESIAN_POINT('',(0.433999339635,-0.630009641535));
#2885 = CARTESIAN_POINT('',(0.535885574183,-0.536764771461));
#2886 = CARTESIAN_POINT('',(0.63534762337,-0.44800573576));
#2887 = CARTESIAN_POINT('',(0.732483587677,-0.36611648029));
#2888 = CARTESIAN_POINT('',(0.827385501326,-0.292893199244));
#2889 = CARTESIAN_POINT('',(0.922287414977,-0.219669650054));
#2890 = CARTESIAN_POINT('',(1.014955277979,-0.155113886342));
#2891 = CARTESIAN_POINT('',(1.105481124393,-0.101010962166));
#2892 = CARTESIAN_POINT('',(1.193950922392,-5.858563448384E-02));
#2893 = CARTESIAN_POINT('',(1.280445197748,-2.809161912418E-02));
#2894 = CARTESIAN_POINT('',(1.365039557686,-8.929429562831E-03));
#2895 = CARTESIAN_POINT('',(1.44780513687,1.617811661105E-07));
#2896 = CARTESIAN_POINT('',(1.528808987277,-8.492869536798E-16));
#2897 = ( GEOMETRIC_REPRESENTATION_CONTEXT(2) 
PARAMETRIC_REPRESENTATION_CONTEXT() REPRESENTATION_CONTEXT('2D SPACE',''
  ) );
#2898 = PCURVE('',#783,#2899);
#2899 = DEFINITIONAL_REPRESENTATION('',(#2900),#2915);
#2900 = B_SPLINE_CURVE_WITH_KNOTS('',7,(#2901,#2902,#2903,#2904,#2905,
    #2906,#2907,#2908,#2909,#2910,#2911,#2912,#2913,#2914),
  .UNSPECIFIED.,.F.,.F.,(8,6,8),(4.712389016103,5.497787161642,
    6.28318530718),.UNSPECIFIED.);
#2901 = CARTESIAN_POINT('',(3.571879059194E-08,-2.414213562373));
#2902 = CARTESIAN_POINT('',(0.112199770795,-2.313198687281));
#2903 = CARTESIAN_POINT('',(0.224399505877,-2.207249110738));
#2904 = CARTESIAN_POINT('',(0.336599240944,-2.098476271379));
#2905 = CARTESIAN_POINT('',(0.448798976037,-1.989957327033));
#2906 = CARTESIAN_POINT('',(0.560998711097,-1.886026183991));
#2907 = CARTESIAN_POINT('',(0.673198446182,-1.790790885188));
#2908 = CARTESIAN_POINT('',(0.897597916333,-1.623422705406));
#2909 = CARTESIAN_POINT('',(1.00979765142,-1.551295696465));
#2910 = CARTESIAN_POINT('',(1.121997386467,-1.493581821415));
#2911 = CARTESIAN_POINT('',(1.234197121588,-1.4520165723));
#2912 = CARTESIAN_POINT('',(1.346396856632,-1.426119530109));
#2913 = CARTESIAN_POINT('',(1.458596591721,-1.414213377478));
#2914 = CARTESIAN_POINT('',(1.570796326795,-1.414213562373));
#2915 = ( GEOMETRIC_REPRESENTATION_CONTEXT(2) 
PARAMETRIC_REPRESENTATION_CONTEXT() REPRESENTATION_CONTEXT('2D SPACE',''
  ) );
#2916 = ORIENTED_EDGE('',*,*,#2917,.T.);
#2917 = EDGE_CURVE('',#2870,#2918,#2920,.T.);
#2918 = VERTEX_POINT('',#2919);
#2919 = CARTESIAN_POINT('',(60.707106781187,176.83075562224,
    3.707106781187));
#2920 = SURFACE_CURVE('',#2921,(#2925,#2936),.PCURVE_S1.);
#2921 = ( BOUNDED_CURVE() B_SPLINE_CURVE(2,(#2922,#2923,#2924),
.UNSPECIFIED.,.F.,.F.) B_SPLINE_CURVE_WITH_KNOTS((3,3),(1.570796326795,
2.356194490192),.PIECEWISE_BEZIER_KNOTS.) CURVE() 
GEOMETRIC_REPRESENTATION_ITEM() RATIONAL_B_SPLINE_CURVE((1.,
0.923879532511,1.)) REPRESENTATION_ITEM('') );
#2922 = CARTESIAN_POINT('',(60.414213562373,176.83075562224,3.));
#2923 = CARTESIAN_POINT('',(60.414213562373,176.83075562224,
    3.414213562373));
#2924 = CARTESIAN_POINT('',(60.707106781187,176.83075562224,
    3.707106781187));
#2925 = PCURVE('',#755,#2926);
#2926 = DEFINITIONAL_REPRESENTATION('',(#2927),#2935);
#2927 = B_SPLINE_CURVE_WITH_KNOTS('',6,(#2928,#2929,#2930,#2931,#2932,
    #2933,#2934),.UNSPECIFIED.,.F.,.F.,(7,7),(1.570796326795,
    2.356194490192),.PIECEWISE_BEZIER_KNOTS.);
#2928 = CARTESIAN_POINT('',(1.528808987277,-7.752201019478E-16));
#2929 = CARTESIAN_POINT('',(1.645712889023,-1.99689002651E-13));
#2930 = CARTESIAN_POINT('',(1.769735985102,2.752836926576E-13));
#2931 = CARTESIAN_POINT('',(1.901690315217,-2.628397755186E-13));
#2932 = CARTESIAN_POINT('',(2.042556066597,2.293022124824E-13));
#2933 = CARTESIAN_POINT('',(2.193533215942,-1.272080625029E-13));
#2934 = CARTESIAN_POINT('',(2.356194490192,2.84217094304E-14));
#2935 = ( GEOMETRIC_REPRESENTATION_CONTEXT(2) 
PARAMETRIC_REPRESENTATION_CONTEXT() REPRESENTATION_CONTEXT('2D SPACE',''
  ) );
#2936 = PCURVE('',#2937,#2942);
#2937 = B_SPLINE_SURFACE_WITH_KNOTS('',1,1,(
    (#2938,#2939)
    ,(#2940,#2941
    )),.UNSPECIFIED.,.F.,.F.,.F.,(2,2),(2,2),(-11.74027478039,
    6.125220180007),(-11.74027478039,6.125220180007),
  .PIECEWISE_BEZIER_KNOTS.);
#2938 = CARTESIAN_POINT('',(44.134505039601,176.83075562224,
    20.865494960399));
#2939 = CARTESIAN_POINT('',(62.,176.83075562224,20.865494960399));
#2940 = CARTESIAN_POINT('',(44.134505039601,176.83075562224,3.));
#2941 = CARTESIAN_POINT('',(62.,176.83075562224,3.));
#2942 = DEFINITIONAL_REPRESENTATION('',(#2943),#2947);
#2943 = ( BOUNDED_CURVE() B_SPLINE_CURVE(2,(#2944,#2945,#2946),
.UNSPECIFIED.,.F.,.F.) B_SPLINE_CURVE_WITH_KNOTS((3,3),(1.570796326795,
2.356194490192),.PIECEWISE_BEZIER_KNOTS.) CURVE() 
GEOMETRIC_REPRESENTATION_ITEM() RATIONAL_B_SPLINE_CURVE((1.,
0.923879532511,1.)) REPRESENTATION_ITEM('') );
#2944 = CARTESIAN_POINT('',(6.125220180007,4.53943374238));
#2945 = CARTESIAN_POINT('',(5.711006617634,4.53943374238));
#2946 = CARTESIAN_POINT('',(5.418113398821,4.832326961194));
#2947 = ( GEOMETRIC_REPRESENTATION_CONTEXT(2) 
PARAMETRIC_REPRESENTATION_CONTEXT() REPRESENTATION_CONTEXT('2D SPACE',''
  ) );
#2948 = ORIENTED_EDGE('',*,*,#2949,.T.);
#2949 = EDGE_CURVE('',#2918,#2950,#2952,.T.);
#2950 = VERTEX_POINT('',#2951);
#2951 = CARTESIAN_POINT('',(60.707106781187,172.83075562224,
    3.707106781187));
#2952 = SURFACE_CURVE('',#2953,(#2956,#2963),.PCURVE_S1.);
#2953 = B_SPLINE_CURVE_WITH_KNOTS('',1,(#2954,#2955),.UNSPECIFIED.,.F.,
  .F.,(2,2),(4.115715303217E-16,4.),.PIECEWISE_BEZIER_KNOTS.);
#2954 = CARTESIAN_POINT('',(60.707106781187,176.83075562224,
    3.707106781187));
#2955 = CARTESIAN_POINT('',(60.707106781187,172.83075562224,
    3.707106781187));
#2956 = PCURVE('',#755,#2957);
#2957 = DEFINITIONAL_REPRESENTATION('',(#2958),#2962);
#2958 = B_SPLINE_CURVE_WITH_KNOTS('',2,(#2959,#2960,#2961),
  .UNSPECIFIED.,.F.,.F.,(3,3),(4.115715303217E-16,4.),
  .PIECEWISE_BEZIER_KNOTS.);
#2959 = CARTESIAN_POINT('',(2.356194490192,4.115715303219E-16));
#2960 = CARTESIAN_POINT('',(2.356194490192,2.));
#2961 = CARTESIAN_POINT('',(2.356194490192,4.));
#2962 = ( GEOMETRIC_REPRESENTATION_CONTEXT(2) 
PARAMETRIC_REPRESENTATION_CONTEXT() REPRESENTATION_CONTEXT('2D SPACE',''
  ) );
#2963 = PCURVE('',#2964,#2969);
#2964 = B_SPLINE_SURFACE_WITH_KNOTS('',1,1,(
    (#2965,#2966)
    ,(#2967,#2968
    )),.UNSPECIFIED.,.F.,.F.,.F.,(2,2),(2,2),(-0.414213562373,
    0.414213562373),(-2.,2.),.PIECEWISE_BEZIER_KNOTS.);
#2965 = CARTESIAN_POINT('',(60.707106781187,176.83075562224,
    3.707106781187));
#2966 = CARTESIAN_POINT('',(60.707106781187,172.83075562224,
    3.707106781187));
#2967 = CARTESIAN_POINT('',(61.292893218813,176.83075562224,
    4.292893218813));
#2968 = CARTESIAN_POINT('',(61.292893218813,172.83075562224,
    4.292893218813));
#2969 = DEFINITIONAL_REPRESENTATION('',(#2970),#2973);
#2970 = B_SPLINE_CURVE_WITH_KNOTS('',1,(#2971,#2972),.UNSPECIFIED.,.F.,
  .F.,(2,2),(4.115715303217E-16,4.),.PIECEWISE_BEZIER_KNOTS.);
#2971 = CARTESIAN_POINT('',(-0.414213562373,-2.));
#2972 = CARTESIAN_POINT('',(-0.414213562373,2.));
#2973 = ( GEOMETRIC_REPRESENTATION_CONTEXT(2) 
PARAMETRIC_REPRESENTATION_CONTEXT() REPRESENTATION_CONTEXT('2D SPACE',''
  ) );
#2974 = ORIENTED_EDGE('',*,*,#2975,.F.);
#2975 = EDGE_CURVE('',#2976,#2950,#2978,.T.);
#2976 = VERTEX_POINT('',#2977);
#2977 = CARTESIAN_POINT('',(60.414213562373,172.83075562224,3.));
#2978 = SURFACE_CURVE('',#2979,(#2983,#2994),.PCURVE_S1.);
#2979 = ( BOUNDED_CURVE() B_SPLINE_CURVE(2,(#2980,#2981,#2982),
.UNSPECIFIED.,.F.,.F.) B_SPLINE_CURVE_WITH_KNOTS((3,3),(1.570796326795,
2.356194490192),.PIECEWISE_BEZIER_KNOTS.) CURVE() 
GEOMETRIC_REPRESENTATION_ITEM() RATIONAL_B_SPLINE_CURVE((1.,
0.923879532511,1.)) REPRESENTATION_ITEM('') );
#2980 = CARTESIAN_POINT('',(60.414213562373,172.83075562224,3.));
#2981 = CARTESIAN_POINT('',(60.414213562373,172.83075562224,
    3.414213562373));
#2982 = CARTESIAN_POINT('',(60.707106781187,172.83075562224,
    3.707106781187));
#2983 = PCURVE('',#755,#2984);
#2984 = DEFINITIONAL_REPRESENTATION('',(#2985),#2993);
#2985 = B_SPLINE_CURVE_WITH_KNOTS('',6,(#2986,#2987,#2988,#2989,#2990,
    #2991,#2992),.UNSPECIFIED.,.F.,.F.,(7,7),(1.570796326795,
    2.356194490192),.PIECEWISE_BEZIER_KNOTS.);
#2986 = CARTESIAN_POINT('',(1.528808987277,4.));
#2987 = CARTESIAN_POINT('',(1.645712889022,3.999999999999));
#2988 = CARTESIAN_POINT('',(1.769735985106,4.000000000006));
#2989 = CARTESIAN_POINT('',(1.90169031521,3.999999999987));
#2990 = CARTESIAN_POINT('',(2.042556066599,4.000000000008));
#2991 = CARTESIAN_POINT('',(2.193533215941,3.999999999999));
#2992 = CARTESIAN_POINT('',(2.356194490192,4.));
#2993 = ( GEOMETRIC_REPRESENTATION_CONTEXT(2) 
PARAMETRIC_REPRESENTATION_CONTEXT() REPRESENTATION_CONTEXT('2D SPACE',''
  ) );
#2994 = PCURVE('',#2995,#3000);
#2995 = B_SPLINE_SURFACE_WITH_KNOTS('',1,1,(
    (#2996,#2997)
    ,(#2998,#2999
    )),.UNSPECIFIED.,.F.,.F.,.F.,(2,2),(2,2),(-11.74027478039,
    6.125220180007),(-11.74027478039,6.125220180007),
  .PIECEWISE_BEZIER_KNOTS.);
#2996 = CARTESIAN_POINT('',(44.134505039601,172.83075562224,
    20.865494960399));
#2997 = CARTESIAN_POINT('',(62.,172.83075562224,20.865494960399));
#2998 = CARTESIAN_POINT('',(44.134505039601,172.83075562224,3.));
#2999 = CARTESIAN_POINT('',(62.,172.83075562224,3.));
#3000 = DEFINITIONAL_REPRESENTATION('',(#3001),#3005);
#3001 = ( BOUNDED_CURVE() B_SPLINE_CURVE(2,(#3002,#3003,#3004),
.UNSPECIFIED.,.F.,.F.) B_SPLINE_CURVE_WITH_KNOTS((3,3),(1.570796326795,
2.356194490192),.PIECEWISE_BEZIER_KNOTS.) CURVE() 
GEOMETRIC_REPRESENTATION_ITEM() RATIONAL_B_SPLINE_CURVE((1.,
0.923879532511,1.)) REPRESENTATION_ITEM('') );
#3002 = CARTESIAN_POINT('',(6.125220180007,4.53943374238));
#3003 = CARTESIAN_POINT('',(5.711006617634,4.53943374238));
#3004 = CARTESIAN_POINT('',(5.418113398821,4.832326961194));
#3005 = ( GEOMETRIC_REPRESENTATION_CONTEXT(2) 
PARAMETRIC_REPRESENTATION_CONTEXT() REPRESENTATION_CONTEXT('2D SPACE',''
  ) );
#3006 = ORIENTED_EDGE('',*,*,#3007,.F.);
#3007 = EDGE_CURVE('',#742,#2976,#3008,.T.);
#3008 = SURFACE_CURVE('',#3009,(#3013,#3034),.PCURVE_S1.);
#3009 = ( BOUNDED_CURVE() B_SPLINE_CURVE(2,(#3010,#3011,#3012),
.UNSPECIFIED.,.F.,.F.) B_SPLINE_CURVE_WITH_KNOTS((3,3),(4.712388980385,
6.28318530718),.PIECEWISE_BEZIER_KNOTS.) CURVE() 
GEOMETRIC_REPRESENTATION_ITEM() RATIONAL_B_SPLINE_CURVE((1.,
0.707106781187,1.)) REPRESENTATION_ITEM('') );
#3010 = CARTESIAN_POINT('',(61.414213562373,171.83075562224,2.));
#3011 = CARTESIAN_POINT('',(60.414213562373,172.83075562224,2.));
#3012 = CARTESIAN_POINT('',(60.414213562373,172.83075562224,3.));
#3013 = PCURVE('',#755,#3014);
#3014 = DEFINITIONAL_REPRESENTATION('',(#3015),#3033);
#3015 = B_SPLINE_CURVE_WITH_KNOTS('',8,(#3016,#3017,#3018,#3019,#3020,
    #3021,#3022,#3023,#3024,#3025,#3026,#3027,#3028,#3029,#3030,#3031,
    #3032),.UNSPECIFIED.,.F.,.F.,(9,8,9),(4.712388980385,5.497787143782,
    6.28318530718),.PIECEWISE_BEZIER_KNOTS.);
#3016 = CARTESIAN_POINT('',(8.876844542471E-08,5.));
#3017 = CARTESIAN_POINT('',(0.112709646729,4.911611663392));
#3018 = CARTESIAN_POINT('',(0.222527715919,4.819524891898));
#3019 = CARTESIAN_POINT('',(0.329584110038,4.725047726171));
#3020 = CARTESIAN_POINT('',(0.433999317728,4.630009661151));
#3021 = CARTESIAN_POINT('',(0.535885550036,4.536764792756));
#3022 = CARTESIAN_POINT('',(0.635347597825,4.448005758601));
#3023 = CARTESIAN_POINT('',(0.732483561794,4.366116501848));
#3024 = CARTESIAN_POINT('',(0.827385475963,4.292893218813));
#3025 = CARTESIAN_POINT('',(0.922287390132,4.219669667604));
#3026 = CARTESIAN_POINT('',(1.014955254568,4.155113900796));
#3027 = CARTESIAN_POINT('',(1.105481103177,4.101010972866));
#3028 = CARTESIAN_POINT('',(1.193950904165,4.058585641314));
#3029 = CARTESIAN_POINT('',(1.280445183191,4.028091622635));
#3030 = CARTESIAN_POINT('',(1.365039547384,4.008929430771));
#3031 = CARTESIAN_POINT('',(1.447805131462,3.999999838221));
#3032 = CARTESIAN_POINT('',(1.528808987277,4.));
#3033 = ( GEOMETRIC_REPRESENTATION_CONTEXT(2) 
PARAMETRIC_REPRESENTATION_CONTEXT() REPRESENTATION_CONTEXT('2D SPACE',''
  ) );
#3034 = PCURVE('',#837,#3035);
#3035 = DEFINITIONAL_REPRESENTATION('',(#3036),#3051);
#3036 = B_SPLINE_CURVE_WITH_KNOTS('',7,(#3037,#3038,#3039,#3040,#3041,
    #3042,#3043,#3044,#3045,#3046,#3047,#3048,#3049,#3050),
  .UNSPECIFIED.,.F.,.F.,(8,6,8),(4.712388980385,5.497787143782,
    6.28318530718),.UNSPECIFIED.);
#3037 = CARTESIAN_POINT('',(7.376674187298E-45,-2.414213562373));
#3038 = CARTESIAN_POINT('',(0.112199737629,-2.313198694023));
#3039 = CARTESIAN_POINT('',(0.224399475256,-2.20724912381));
#3040 = CARTESIAN_POINT('',(0.336599212883,-2.098476289537));
#3041 = CARTESIAN_POINT('',(0.448798950513,-1.98995734878));
#3042 = CARTESIAN_POINT('',(0.56099868814,-1.886026206741));
#3043 = CARTESIAN_POINT('',(0.67319842577,-1.790790907081));
#3044 = CARTESIAN_POINT('',(0.897597901025,-1.623422722657));
#3045 = CARTESIAN_POINT('',(1.009797638667,-1.551295710012));
#3046 = CARTESIAN_POINT('',(1.121997376252,-1.493581830376));
#3047 = CARTESIAN_POINT('',(1.234197113926,-1.452016577053));
#3048 = CARTESIAN_POINT('',(1.34639685153,-1.426119531683));
#3049 = CARTESIAN_POINT('',(1.45859658917,-1.414213377481));
#3050 = CARTESIAN_POINT('',(1.570796326795,-1.414213562373));
#3051 = ( GEOMETRIC_REPRESENTATION_CONTEXT(2) 
PARAMETRIC_REPRESENTATION_CONTEXT() REPRESENTATION_CONTEXT('2D SPACE',''
  ) );
#3052 = ORIENTED_EDGE('',*,*,#739,.F.);
#3053 = ADVANCED_FACE('',(#3054),#783,.F.);
#3054 = FACE_BOUND('',#3055,.F.);
#3055 = EDGE_LOOP('',(#3056,#3089,#3090,#3091,#3112));
#3056 = ORIENTED_EDGE('',*,*,#3057,.F.);
#3057 = EDGE_CURVE('',#770,#3058,#3060,.T.);
#3058 = VERTEX_POINT('',#3059);
#3059 = CARTESIAN_POINT('',(43.427398258414,177.12364884105,
    2.292893218813));
#3060 = SURFACE_CURVE('',#3061,(#3065,#3077),.PCURVE_S1.);
#3061 = ( BOUNDED_CURVE() B_SPLINE_CURVE(2,(#3062,#3063,#3064),
.UNSPECIFIED.,.F.,.F.) B_SPLINE_CURVE_WITH_KNOTS((3,3),(4.712388980385,
5.497787143782),.PIECEWISE_BEZIER_KNOTS.) CURVE() 
GEOMETRIC_REPRESENTATION_ITEM() RATIONAL_B_SPLINE_CURVE((1.,
0.923879532511,1.)) REPRESENTATION_ITEM('') );
#3062 = CARTESIAN_POINT('',(42.720291477228,177.83075562224,2.));
#3063 = CARTESIAN_POINT('',(43.134505039601,177.41654205987,2.));
#3064 = CARTESIAN_POINT('',(43.427398258414,177.12364884105,
    2.292893218813));
#3065 = PCURVE('',#783,#3066);
#3066 = DEFINITIONAL_REPRESENTATION('',(#3067),#3076);
#3067 = B_SPLINE_CURVE_WITH_KNOTS('',7,(#3068,#3069,#3070,#3071,#3072,
    #3073,#3074,#3075),.UNSPECIFIED.,.F.,.F.,(8,8),(4.712388980385,
    5.497787143782),.PIECEWISE_BEZIER_KNOTS.);
#3068 = CARTESIAN_POINT('',(3.571883806342E-08,16.279708522772));
#3069 = CARTESIAN_POINT('',(0.121444145721,16.170370295142));
#3070 = CARTESIAN_POINT('',(0.239552908094,16.058258622135));
#3071 = CARTESIAN_POINT('',(0.354491206465,15.946445542391));
#3072 = CARTESIAN_POINT('',(0.466410340488,15.838735237084));
#3073 = CARTESIAN_POINT('',(0.575449887038,15.739054589922));
#3074 = CARTESIAN_POINT('',(0.681739116225,15.649915284308));
#3075 = CARTESIAN_POINT('',(0.785398155019,15.572601741586));
#3076 = ( GEOMETRIC_REPRESENTATION_CONTEXT(2) 
PARAMETRIC_REPRESENTATION_CONTEXT() REPRESENTATION_CONTEXT('2D SPACE',''
  ) );
#3077 = PCURVE('',#811,#3078);
#3078 = DEFINITIONAL_REPRESENTATION('',(#3079),#3088);
#3079 = B_SPLINE_CURVE_WITH_KNOTS('',7,(#3080,#3081,#3082,#3083,#3084,
    #3085,#3086,#3087),.UNSPECIFIED.,.F.,.F.,(8,8),(4.712388980385,
    5.497787143782),.PIECEWISE_BEZIER_KNOTS.);
#3080 = CARTESIAN_POINT('',(5.551115123126E-17,-1.));
#3081 = CARTESIAN_POINT('',(0.112199737628,-0.890661772325));
#3082 = CARTESIAN_POINT('',(0.224399475257,-0.778550099487));
#3083 = CARTESIAN_POINT('',(0.336599212882,-0.666737019467));
#3084 = CARTESIAN_POINT('',(0.448798950515,-0.559026714441));
#3085 = CARTESIAN_POINT('',(0.560998688141,-0.459346067068));
#3086 = CARTESIAN_POINT('',(0.67319842577,-0.370206761538));
#3087 = CARTESIAN_POINT('',(0.785398163397,-0.292893218813));
#3088 = ( GEOMETRIC_REPRESENTATION_CONTEXT(2) 
PARAMETRIC_REPRESENTATION_CONTEXT() REPRESENTATION_CONTEXT('2D SPACE',''
  ) );
#3089 = ORIENTED_EDGE('',*,*,#769,.F.);
#3090 = ORIENTED_EDGE('',*,*,#2869,.T.);
#3091 = ORIENTED_EDGE('',*,*,#3092,.T.);
#3092 = EDGE_CURVE('',#2870,#3093,#3095,.T.);
#3093 = VERTEX_POINT('',#3094);
#3094 = CARTESIAN_POINT('',(44.134505039601,176.83075562224,3.));
#3095 = SURFACE_CURVE('',#3096,(#3099,#3106),.PCURVE_S1.);
#3096 = B_SPLINE_CURVE_WITH_KNOTS('',1,(#3097,#3098),.UNSPECIFIED.,.F.,
  .F.,(2,2),(-1.414213562373,14.865494960399),.PIECEWISE_BEZIER_KNOTS.);
#3097 = CARTESIAN_POINT('',(60.414213562373,176.83075562224,3.));
#3098 = CARTESIAN_POINT('',(44.134505039601,176.83075562224,3.));
#3099 = PCURVE('',#783,#3100);
#3100 = DEFINITIONAL_REPRESENTATION('',(#3101),#3105);
#3101 = B_SPLINE_CURVE_WITH_KNOTS('',2,(#3102,#3103,#3104),
  .UNSPECIFIED.,.F.,.F.,(3,3),(-1.414213562373,14.865494960399),
  .PIECEWISE_BEZIER_KNOTS.);
#3102 = CARTESIAN_POINT('',(1.570796326795,-1.414213562373));
#3103 = CARTESIAN_POINT('',(1.570796326795,6.725640699013));
#3104 = CARTESIAN_POINT('',(1.570796326795,14.865494960399));
#3105 = ( GEOMETRIC_REPRESENTATION_CONTEXT(2) 
PARAMETRIC_REPRESENTATION_CONTEXT() REPRESENTATION_CONTEXT('2D SPACE',''
  ) );
#3106 = PCURVE('',#2937,#3107);
#3107 = DEFINITIONAL_REPRESENTATION('',(#3108),#3111);
#3108 = B_SPLINE_CURVE_WITH_KNOTS('',1,(#3109,#3110),.UNSPECIFIED.,.F.,
  .F.,(2,2),(-1.414213562373,14.865494960399),.PIECEWISE_BEZIER_KNOTS.);
#3109 = CARTESIAN_POINT('',(6.125220180007,4.539433742381));
#3110 = CARTESIAN_POINT('',(6.125220180007,-11.74027478039));
#3111 = ( GEOMETRIC_REPRESENTATION_CONTEXT(2) 
PARAMETRIC_REPRESENTATION_CONTEXT() REPRESENTATION_CONTEXT('2D SPACE',''
  ) );
#3112 = ORIENTED_EDGE('',*,*,#3113,.F.);
#3113 = EDGE_CURVE('',#3058,#3093,#3114,.T.);
#3114 = SURFACE_CURVE('',#3115,(#3119,#3131),.PCURVE_S1.);
#3115 = ( BOUNDED_CURVE() B_SPLINE_CURVE(2,(#3116,#3117,#3118),
.UNSPECIFIED.,.F.,.F.) B_SPLINE_CURVE_WITH_KNOTS((3,3),(0.785398163397,
1.570796326795),.PIECEWISE_BEZIER_KNOTS.) CURVE() 
GEOMETRIC_REPRESENTATION_ITEM() RATIONAL_B_SPLINE_CURVE((1.,
0.923879532511,1.)) REPRESENTATION_ITEM('') );
#3116 = CARTESIAN_POINT('',(43.427398258414,177.12364884105,
    2.292893218813));
#3117 = CARTESIAN_POINT('',(43.720291477228,176.83075562224,
    2.585786437627));
#3118 = CARTESIAN_POINT('',(44.134505039601,176.83075562224,3.));
#3119 = PCURVE('',#783,#3120);
#3120 = DEFINITIONAL_REPRESENTATION('',(#3121),#3130);
#3121 = B_SPLINE_CURVE_WITH_KNOTS('',7,(#3122,#3123,#3124,#3125,#3126,
    #3127,#3128,#3129),.UNSPECIFIED.,.F.,.F.,(8,8),(0.785398163398,
    1.570796326795),.PIECEWISE_BEZIER_KNOTS.);
#3122 = CARTESIAN_POINT('',(0.78539815502,15.572601741586));
#3123 = CARTESIAN_POINT('',(0.889057193816,15.495288198887));
#3124 = CARTESIAN_POINT('',(0.995346425134,15.406148893294));
#3125 = CARTESIAN_POINT('',(1.104385976143,15.306468245947));
#3126 = CARTESIAN_POINT('',(1.216305117178,15.19875794103));
#3127 = CARTESIAN_POINT('',(1.331243425329,15.086944860955));
#3128 = CARTESIAN_POINT('',(1.449352200566,14.974833188104));
#3129 = CARTESIAN_POINT('',(1.570796326795,14.865494960399));
#3130 = ( GEOMETRIC_REPRESENTATION_CONTEXT(2) 
PARAMETRIC_REPRESENTATION_CONTEXT() REPRESENTATION_CONTEXT('2D SPACE',''
  ) );
#3131 = PCURVE('',#3132,#3137);
#3132 = B_SPLINE_SURFACE_WITH_KNOTS('',1,1,(
    (#3133,#3134)
    ,(#3135,#3136
    )),.UNSPECIFIED.,.F.,.F.,.F.,(2,2),(2,2),(-13.63281263575,
    13.632812635752),(-2.292893218813,2.292893218813),
  .PIECEWISE_BEZIER_KNOTS.);
#3133 = CARTESIAN_POINT('',(43.427398258414,177.12364884105,
    2.292893218813));
#3134 = CARTESIAN_POINT('',(43.427398258414,172.53786240343,
    2.292893218813));
#3135 = CARTESIAN_POINT('',(62.707106781187,177.12364884105,
    21.572601741586));
#3136 = CARTESIAN_POINT('',(62.707106781187,172.53786240343,
    21.572601741586));
#3137 = DEFINITIONAL_REPRESENTATION('',(#3138),#3142);
#3138 = ( BOUNDED_CURVE() B_SPLINE_CURVE(2,(#3139,#3140,#3141),
.UNSPECIFIED.,.F.,.F.) B_SPLINE_CURVE_WITH_KNOTS((3,3),(0.785398163397,
1.570796326795),.PIECEWISE_BEZIER_KNOTS.) CURVE() 
GEOMETRIC_REPRESENTATION_ITEM() RATIONAL_B_SPLINE_CURVE((1.,
0.923879532511,1.)) REPRESENTATION_ITEM('') );
#3139 = CARTESIAN_POINT('',(-13.63281263575,-2.292893218813));
#3140 = CARTESIAN_POINT('',(-13.21859907337,-2.));
#3141 = CARTESIAN_POINT('',(-12.63281263575,-2.));
#3142 = ( GEOMETRIC_REPRESENTATION_CONTEXT(2) 
PARAMETRIC_REPRESENTATION_CONTEXT() REPRESENTATION_CONTEXT('2D SPACE',''
  ) );
#3143 = ADVANCED_FACE('',(#3144),#837,.T.);
#3144 = FACE_BOUND('',#3145,.T.);
#3145 = EDGE_LOOP('',(#3146,#3179,#3180,#3181,#3202));
#3146 = ORIENTED_EDGE('',*,*,#3147,.F.);
#3147 = EDGE_CURVE('',#798,#3148,#3150,.T.);
#3148 = VERTEX_POINT('',#3149);
#3149 = CARTESIAN_POINT('',(43.427398258414,172.53786240343,
    2.292893218813));
#3150 = SURFACE_CURVE('',#3151,(#3155,#3167),.PCURVE_S1.);
#3151 = ( BOUNDED_CURVE() B_SPLINE_CURVE(2,(#3152,#3153,#3154),
.UNSPECIFIED.,.F.,.F.) B_SPLINE_CURVE_WITH_KNOTS((3,3),(1.570796326795,
2.356194490192),.PIECEWISE_BEZIER_KNOTS.) CURVE() 
GEOMETRIC_REPRESENTATION_ITEM() RATIONAL_B_SPLINE_CURVE((1.,
0.923879532511,1.)) REPRESENTATION_ITEM('') );
#3152 = CARTESIAN_POINT('',(42.720291477228,171.83075562224,2.));
#3153 = CARTESIAN_POINT('',(43.134505039601,172.24496918461,2.));
#3154 = CARTESIAN_POINT('',(43.427398258414,172.53786240343,
    2.292893218813));
#3155 = PCURVE('',#837,#3156);
#3156 = DEFINITIONAL_REPRESENTATION('',(#3157),#3166);
#3157 = B_SPLINE_CURVE_WITH_KNOTS('',7,(#3158,#3159,#3160,#3161,#3162,
    #3163,#3164,#3165),.UNSPECIFIED.,.F.,.F.,(8,8),(1.570796326795,
    2.356194490192),.PIECEWISE_BEZIER_KNOTS.);
#3158 = CARTESIAN_POINT('',(3.575065210459E-15,16.279708522772));
#3159 = CARTESIAN_POINT('',(0.121444120878,16.170370295099));
#3160 = CARTESIAN_POINT('',(0.239552892364,16.058258622321));
#3161 = CARTESIAN_POINT('',(0.354491198242,15.94644554202));
#3162 = CARTESIAN_POINT('',(0.466410338319,15.838735237452));
#3163 = CARTESIAN_POINT('',(0.575449889578,15.739054589726));
#3164 = CARTESIAN_POINT('',(0.681739122246,15.64991528434));
#3165 = CARTESIAN_POINT('',(0.785398163397,15.572601741586));
#3166 = ( GEOMETRIC_REPRESENTATION_CONTEXT(2) 
PARAMETRIC_REPRESENTATION_CONTEXT() REPRESENTATION_CONTEXT('2D SPACE',''
  ) );
#3167 = PCURVE('',#811,#3168);
#3168 = DEFINITIONAL_REPRESENTATION('',(#3169),#3178);
#3169 = B_SPLINE_CURVE_WITH_KNOTS('',7,(#3170,#3171,#3172,#3173,#3174,
    #3175,#3176,#3177),.UNSPECIFIED.,.F.,.F.,(8,8),(1.570796326795,
    2.356194490192),.PIECEWISE_BEZIER_KNOTS.);
#3170 = CARTESIAN_POINT('',(3.686087512921E-15,5.));
#3171 = CARTESIAN_POINT('',(0.11219973763,4.890661772329));
#3172 = CARTESIAN_POINT('',(0.224399475254,4.778550099491));
#3173 = CARTESIAN_POINT('',(0.336599212891,4.666737019459));
#3174 = CARTESIAN_POINT('',(0.448798950505,4.55902671444));
#3175 = CARTESIAN_POINT('',(0.560998688144,4.459346067069));
#3176 = CARTESIAN_POINT('',(0.673198425769,4.370206761545));
#3177 = CARTESIAN_POINT('',(0.785398163397,4.292893218813));
#3178 = ( GEOMETRIC_REPRESENTATION_CONTEXT(2) 
PARAMETRIC_REPRESENTATION_CONTEXT() REPRESENTATION_CONTEXT('2D SPACE',''
  ) );
#3179 = ORIENTED_EDGE('',*,*,#825,.F.);
#3180 = ORIENTED_EDGE('',*,*,#3007,.T.);
#3181 = ORIENTED_EDGE('',*,*,#3182,.T.);
#3182 = EDGE_CURVE('',#2976,#3183,#3185,.T.);
#3183 = VERTEX_POINT('',#3184);
#3184 = CARTESIAN_POINT('',(44.134505039601,172.83075562224,3.));
#3185 = SURFACE_CURVE('',#3186,(#3189,#3196),.PCURVE_S1.);
#3186 = B_SPLINE_CURVE_WITH_KNOTS('',1,(#3187,#3188),.UNSPECIFIED.,.F.,
  .F.,(2,2),(-1.414213562373,14.865494960399),.PIECEWISE_BEZIER_KNOTS.);
#3187 = CARTESIAN_POINT('',(60.414213562373,172.83075562224,3.));
#3188 = CARTESIAN_POINT('',(44.134505039601,172.83075562224,3.));
#3189 = PCURVE('',#837,#3190);
#3190 = DEFINITIONAL_REPRESENTATION('',(#3191),#3195);
#3191 = B_SPLINE_CURVE_WITH_KNOTS('',2,(#3192,#3193,#3194),
  .UNSPECIFIED.,.F.,.F.,(3,3),(-1.414213562373,14.865494960399),
  .PIECEWISE_BEZIER_KNOTS.);
#3192 = CARTESIAN_POINT('',(1.570796326795,-1.414213562373));
#3193 = CARTESIAN_POINT('',(1.570796326795,6.725640699013));
#3194 = CARTESIAN_POINT('',(1.570796326795,14.865494960399));
#3195 = ( GEOMETRIC_REPRESENTATION_CONTEXT(2) 
PARAMETRIC_REPRESENTATION_CONTEXT() REPRESENTATION_CONTEXT('2D SPACE',''
  ) );
#3196 = PCURVE('',#2995,#3197);
#3197 = DEFINITIONAL_REPRESENTATION('',(#3198),#3201);
#3198 = B_SPLINE_CURVE_WITH_KNOTS('',1,(#3199,#3200),.UNSPECIFIED.,.F.,
  .F.,(2,2),(-1.414213562373,14.865494960399),.PIECEWISE_BEZIER_KNOTS.);
#3199 = CARTESIAN_POINT('',(6.125220180007,4.539433742381));
#3200 = CARTESIAN_POINT('',(6.125220180007,-11.74027478039));
#3201 = ( GEOMETRIC_REPRESENTATION_CONTEXT(2) 
PARAMETRIC_REPRESENTATION_CONTEXT() REPRESENTATION_CONTEXT('2D SPACE',''
  ) );
#3202 = ORIENTED_EDGE('',*,*,#3203,.F.);
#3203 = EDGE_CURVE('',#3148,#3183,#3204,.T.);
#3204 = SURFACE_CURVE('',#3205,(#3209,#3221),.PCURVE_S1.);
#3205 = ( BOUNDED_CURVE() B_SPLINE_CURVE(2,(#3206,#3207,#3208),
.UNSPECIFIED.,.F.,.F.) B_SPLINE_CURVE_WITH_KNOTS((3,3),(0.785398163397,
1.570796326795),.PIECEWISE_BEZIER_KNOTS.) CURVE() 
GEOMETRIC_REPRESENTATION_ITEM() RATIONAL_B_SPLINE_CURVE((1.,
0.923879532511,1.)) REPRESENTATION_ITEM('') );
#3206 = CARTESIAN_POINT('',(43.427398258414,172.53786240343,
    2.292893218813));
#3207 = CARTESIAN_POINT('',(43.720291477228,172.83075562224,
    2.585786437627));
#3208 = CARTESIAN_POINT('',(44.134505039601,172.83075562224,3.));
#3209 = PCURVE('',#837,#3210);
#3210 = DEFINITIONAL_REPRESENTATION('',(#3211),#3220);
#3211 = B_SPLINE_CURVE_WITH_KNOTS('',7,(#3212,#3213,#3214,#3215,#3216,
    #3217,#3218,#3219),.UNSPECIFIED.,.F.,.F.,(8,8),(0.785398163398,
    1.570796326795),.PIECEWISE_BEZIER_KNOTS.);
#3212 = CARTESIAN_POINT('',(0.785398163398,15.572601741586));
#3213 = CARTESIAN_POINT('',(0.88905720455,15.495288198864));
#3214 = CARTESIAN_POINT('',(0.995346437217,15.406148893368));
#3215 = CARTESIAN_POINT('',(1.104385988459,15.306468245896));
#3216 = CARTESIAN_POINT('',(1.216305128563,15.198757940941));
#3217 = CARTESIAN_POINT('',(1.331243434424,15.086944860879));
#3218 = CARTESIAN_POINT('',(1.44935220592,14.974833188099));
#3219 = CARTESIAN_POINT('',(1.570796326795,14.865494960399));
#3220 = ( GEOMETRIC_REPRESENTATION_CONTEXT(2) 
PARAMETRIC_REPRESENTATION_CONTEXT() REPRESENTATION_CONTEXT('2D SPACE',''
  ) );
#3221 = PCURVE('',#3132,#3222);
#3222 = DEFINITIONAL_REPRESENTATION('',(#3223),#3227);
#3223 = ( BOUNDED_CURVE() B_SPLINE_CURVE(2,(#3224,#3225,#3226),
.UNSPECIFIED.,.F.,.F.) B_SPLINE_CURVE_WITH_KNOTS((3,3),(0.785398163397,
1.570796326795),.PIECEWISE_BEZIER_KNOTS.) CURVE() 
GEOMETRIC_REPRESENTATION_ITEM() RATIONAL_B_SPLINE_CURVE((1.,
0.923879532511,1.)) REPRESENTATION_ITEM('') );
#3224 = CARTESIAN_POINT('',(-13.63281263575,2.292893218813));
#3225 = CARTESIAN_POINT('',(-13.21859907337,2.));
#3226 = CARTESIAN_POINT('',(-12.63281263575,2.));
#3227 = ( GEOMETRIC_REPRESENTATION_CONTEXT(2) 
PARAMETRIC_REPRESENTATION_CONTEXT() REPRESENTATION_CONTEXT('2D SPACE',''
  ) );
#3228 = ADVANCED_FACE('',(#3229),#811,.F.);
#3229 = FACE_BOUND('',#3230,.F.);
#3230 = EDGE_LOOP('',(#3231,#3232,#3251,#3252));
#3231 = ORIENTED_EDGE('',*,*,#3057,.T.);
#3232 = ORIENTED_EDGE('',*,*,#3233,.T.);
#3233 = EDGE_CURVE('',#3058,#3148,#3234,.T.);
#3234 = SURFACE_CURVE('',#3235,(#3238,#3245),.PCURVE_S1.);
#3235 = B_SPLINE_CURVE_WITH_KNOTS('',1,(#3236,#3237),.UNSPECIFIED.,.F.,
  .F.,(2,2),(-0.292893218813,4.292893218813),.PIECEWISE_BEZIER_KNOTS.);
#3236 = CARTESIAN_POINT('',(43.427398258414,177.12364884105,
    2.292893218813));
#3237 = CARTESIAN_POINT('',(43.427398258414,172.53786240343,
    2.292893218813));
#3238 = PCURVE('',#811,#3239);
#3239 = DEFINITIONAL_REPRESENTATION('',(#3240),#3244);
#3240 = B_SPLINE_CURVE_WITH_KNOTS('',2,(#3241,#3242,#3243),
  .UNSPECIFIED.,.F.,.F.,(3,3),(-0.292893218813,4.292893218813),
  .PIECEWISE_BEZIER_KNOTS.);
#3241 = CARTESIAN_POINT('',(0.785398163397,-0.292893218813));
#3242 = CARTESIAN_POINT('',(0.785398163397,2.));
#3243 = CARTESIAN_POINT('',(0.785398163397,4.292893218813));
#3244 = ( GEOMETRIC_REPRESENTATION_CONTEXT(2) 
PARAMETRIC_REPRESENTATION_CONTEXT() REPRESENTATION_CONTEXT('2D SPACE',''
  ) );
#3245 = PCURVE('',#3132,#3246);
#3246 = DEFINITIONAL_REPRESENTATION('',(#3247),#3250);
#3247 = B_SPLINE_CURVE_WITH_KNOTS('',1,(#3248,#3249),.UNSPECIFIED.,.F.,
  .F.,(2,2),(-0.292893218813,4.292893218813),.PIECEWISE_BEZIER_KNOTS.);
#3248 = CARTESIAN_POINT('',(-13.63281263575,-2.292893218813));
#3249 = CARTESIAN_POINT('',(-13.63281263575,2.292893218813));
#3250 = ( GEOMETRIC_REPRESENTATION_CONTEXT(2) 
PARAMETRIC_REPRESENTATION_CONTEXT() REPRESENTATION_CONTEXT('2D SPACE',''
  ) );
#3251 = ORIENTED_EDGE('',*,*,#3147,.F.);
#3252 = ORIENTED_EDGE('',*,*,#797,.F.);
#3253 = ADVANCED_FACE('',(#3254),#869,.T.);
#3254 = FACE_BOUND('',#3255,.T.);
#3255 = EDGE_LOOP('',(#3256,#3301,#3327,#3370));
#3256 = ORIENTED_EDGE('',*,*,#3257,.T.);
#3257 = EDGE_CURVE('',#854,#3258,#3260,.T.);
#3258 = VERTEX_POINT('',#3259);
#3259 = CARTESIAN_POINT('',(193.,244.71103230849,3.));
#3260 = SURFACE_CURVE('',#3261,(#3265,#3283),.PCURVE_S1.);
#3261 = ( BOUNDED_CURVE() B_SPLINE_CURVE(2,(#3262,#3263,#3264),
.UNSPECIFIED.,.F.,.F.) B_SPLINE_CURVE_WITH_KNOTS((3,3),(4.712388980385,
6.28318530718),.PIECEWISE_BEZIER_KNOTS.) CURVE() 
GEOMETRIC_REPRESENTATION_ITEM() RATIONAL_B_SPLINE_CURVE((1.,
0.707106781187,1.)) REPRESENTATION_ITEM('') );
#3262 = CARTESIAN_POINT('',(192.,245.71103230849,2.));
#3263 = CARTESIAN_POINT('',(193.,244.71103230849,2.));
#3264 = CARTESIAN_POINT('',(193.,244.71103230849,3.));
#3265 = PCURVE('',#869,#3266);
#3266 = DEFINITIONAL_REPRESENTATION('',(#3267),#3282);
#3267 = B_SPLINE_CURVE_WITH_KNOTS('',7,(#3268,#3269,#3270,#3271,#3272,
    #3273,#3274,#3275,#3276,#3277,#3278,#3279,#3280,#3281),
  .UNSPECIFIED.,.F.,.F.,(8,6,8),(4.712388980385,5.497787143782,
    6.28318530718),.UNSPECIFIED.);
#3268 = CARTESIAN_POINT('',(0.,-1.));
#3269 = CARTESIAN_POINT('',(0.112199737628,-0.898985131651));
#3270 = CARTESIAN_POINT('',(0.224399475259,-0.793035561415));
#3271 = CARTESIAN_POINT('',(0.336599212879,-0.684262727203));
#3272 = CARTESIAN_POINT('',(0.44879895052,-0.575743786365));
#3273 = CARTESIAN_POINT('',(0.560998688138,-0.471812644384));
#3274 = CARTESIAN_POINT('',(0.67319842577,-0.376577344702));
#3275 = CARTESIAN_POINT('',(0.897597901028,-0.209209160281));
#3276 = CARTESIAN_POINT('',(1.009797638654,-0.137082147638));
#3277 = CARTESIAN_POINT('',(1.121997376266,-7.936826800509E-02));
#3278 = CARTESIAN_POINT('',(1.234197113902,-3.780301467431E-02));
#3279 = CARTESIAN_POINT('',(1.34639685154,-1.190596930903E-02));
#3280 = CARTESIAN_POINT('',(1.458596589169,1.848933889842E-07));
#3281 = CARTESIAN_POINT('',(1.570796326795,1.110223024625E-16));
#3282 = ( GEOMETRIC_REPRESENTATION_CONTEXT(2) 
PARAMETRIC_REPRESENTATION_CONTEXT() REPRESENTATION_CONTEXT('2D SPACE',''
  ) );
#3283 = PCURVE('',#897,#3284);
#3284 = DEFINITIONAL_REPRESENTATION('',(#3285),#3300);
#3285 = B_SPLINE_CURVE_WITH_KNOTS('',7,(#3286,#3287,#3288,#3289,#3290,
    #3291,#3292,#3293,#3294,#3295,#3296,#3297,#3298,#3299),
  .UNSPECIFIED.,.F.,.F.,(8,6,8),(4.712388980385,5.497787143782,
    6.28318530718),.UNSPECIFIED.);
#3286 = CARTESIAN_POINT('',(-3.4256634054E-43,-1.));
#3287 = CARTESIAN_POINT('',(0.112199737629,-0.898985131647));
#3288 = CARTESIAN_POINT('',(0.224399475258,-0.793035561433));
#3289 = CARTESIAN_POINT('',(0.336599212883,-0.684262727161));
#3290 = CARTESIAN_POINT('',(0.448798950513,-0.575743786401));
#3291 = CARTESIAN_POINT('',(0.560998688139,-0.471812644362));
#3292 = CARTESIAN_POINT('',(0.67319842577,-0.376577344706));
#3293 = CARTESIAN_POINT('',(0.897597901028,-0.209209160281));
#3294 = CARTESIAN_POINT('',(1.00979763865,-0.137082147637));
#3295 = CARTESIAN_POINT('',(1.121997376285,-7.93682680071E-02));
#3296 = CARTESIAN_POINT('',(1.234197113899,-3.780301467127E-02));
#3297 = CARTESIAN_POINT('',(1.346396851545,-1.190596931029E-02));
#3298 = CARTESIAN_POINT('',(1.458596589168,1.848937395319E-07));
#3299 = CARTESIAN_POINT('',(1.570796326795,5.695444116327E-14));
#3300 = ( GEOMETRIC_REPRESENTATION_CONTEXT(2) 
PARAMETRIC_REPRESENTATION_CONTEXT() REPRESENTATION_CONTEXT('2D SPACE',''
  ) );
#3301 = ORIENTED_EDGE('',*,*,#3302,.T.);
#3302 = EDGE_CURVE('',#3258,#3303,#3305,.T.);
#3303 = VERTEX_POINT('',#3304);
#3304 = CARTESIAN_POINT('',(197.,244.71103230849,3.));
#3305 = SURFACE_CURVE('',#3306,(#3309,#3316),.PCURVE_S1.);
#3306 = B_SPLINE_CURVE_WITH_KNOTS('',1,(#3307,#3308),.UNSPECIFIED.,.F.,
  .F.,(2,2),(0.,4.),.PIECEWISE_BEZIER_KNOTS.);
#3307 = CARTESIAN_POINT('',(193.,244.71103230849,3.));
#3308 = CARTESIAN_POINT('',(197.,244.71103230849,3.));
#3309 = PCURVE('',#869,#3310);
#3310 = DEFINITIONAL_REPRESENTATION('',(#3311),#3315);
#3311 = B_SPLINE_CURVE_WITH_KNOTS('',2,(#3312,#3313,#3314),
  .UNSPECIFIED.,.F.,.F.,(3,3),(0.,4.),.PIECEWISE_BEZIER_KNOTS.);
#3312 = CARTESIAN_POINT('',(1.570796326795,0.));
#3313 = CARTESIAN_POINT('',(1.570796326795,2.));
#3314 = CARTESIAN_POINT('',(1.570796326795,4.));
#3315 = ( GEOMETRIC_REPRESENTATION_CONTEXT(2) 
PARAMETRIC_REPRESENTATION_CONTEXT() REPRESENTATION_CONTEXT('2D SPACE',''
  ) );
#3316 = PCURVE('',#3317,#3322);
#3317 = B_SPLINE_SURFACE_WITH_KNOTS('',1,1,(
    (#3318,#3319)
    ,(#3320,#3321
    )),.UNSPECIFIED.,.F.,.F.,.F.,(2,2),(2,2),(-7.166535990873,
    10.166535990873),(-2.,2.),.PIECEWISE_BEZIER_KNOTS.);
#3318 = CARTESIAN_POINT('',(193.,244.71103230849,3.));
#3319 = CARTESIAN_POINT('',(197.,244.71103230849,3.));
#3320 = CARTESIAN_POINT('',(193.,244.71103230849,20.333071981747));
#3321 = CARTESIAN_POINT('',(197.,244.71103230849,20.333071981747));
#3322 = DEFINITIONAL_REPRESENTATION('',(#3323),#3326);
#3323 = B_SPLINE_CURVE_WITH_KNOTS('',1,(#3324,#3325),.UNSPECIFIED.,.F.,
  .F.,(2,2),(0.,4.),.PIECEWISE_BEZIER_KNOTS.);
#3324 = CARTESIAN_POINT('',(-7.166535990873,-2.));
#3325 = CARTESIAN_POINT('',(-7.166535990873,2.));
#3326 = ( GEOMETRIC_REPRESENTATION_CONTEXT(2) 
PARAMETRIC_REPRESENTATION_CONTEXT() REPRESENTATION_CONTEXT('2D SPACE',''
  ) );
#3327 = ORIENTED_EDGE('',*,*,#3328,.F.);
#3328 = EDGE_CURVE('',#856,#3303,#3329,.T.);
#3329 = SURFACE_CURVE('',#3330,(#3334,#3352),.PCURVE_S1.);
#3330 = ( BOUNDED_CURVE() B_SPLINE_CURVE(2,(#3331,#3332,#3333),
.UNSPECIFIED.,.F.,.F.) B_SPLINE_CURVE_WITH_KNOTS((3,3),(1.570796326795,
3.14159265359),.PIECEWISE_BEZIER_KNOTS.) CURVE() 
GEOMETRIC_REPRESENTATION_ITEM() RATIONAL_B_SPLINE_CURVE((1.,
0.707106781187,1.)) REPRESENTATION_ITEM('') );
#3331 = CARTESIAN_POINT('',(198.,245.71103230849,2.));
#3332 = CARTESIAN_POINT('',(197.,244.71103230849,2.));
#3333 = CARTESIAN_POINT('',(197.,244.71103230849,3.));
#3334 = PCURVE('',#869,#3335);
#3335 = DEFINITIONAL_REPRESENTATION('',(#3336),#3351);
#3336 = B_SPLINE_CURVE_WITH_KNOTS('',7,(#3337,#3338,#3339,#3340,#3341,
    #3342,#3343,#3344,#3345,#3346,#3347,#3348,#3349,#3350),
  .UNSPECIFIED.,.F.,.F.,(8,6,8),(1.570796326795,2.356194490192,
    3.14159265359),.UNSPECIFIED.);
#3337 = CARTESIAN_POINT('',(3.505645047342E-14,5.));
#3338 = CARTESIAN_POINT('',(0.112199737629,4.898985131653));
#3339 = CARTESIAN_POINT('',(0.224399475256,4.793035561443));
#3340 = CARTESIAN_POINT('',(0.336599212884,4.684262727139));
#3341 = CARTESIAN_POINT('',(0.448798950509,4.575743786385));
#3342 = CARTESIAN_POINT('',(0.56099868814,4.471812644364));
#3343 = CARTESIAN_POINT('',(0.67319842577,4.376577344711));
#3344 = CARTESIAN_POINT('',(0.897597901028,4.209209160285));
#3345 = CARTESIAN_POINT('',(1.009797638649,4.137082147641));
#3346 = CARTESIAN_POINT('',(1.121997376279,4.079368267978));
#3347 = CARTESIAN_POINT('',(1.234197113907,4.037803014669));
#3348 = CARTESIAN_POINT('',(1.346396851539,4.0119059693));
#3349 = CARTESIAN_POINT('',(1.458596589168,3.999999815111));
#3350 = CARTESIAN_POINT('',(1.570796326795,4.));
#3351 = ( GEOMETRIC_REPRESENTATION_CONTEXT(2) 
PARAMETRIC_REPRESENTATION_CONTEXT() REPRESENTATION_CONTEXT('2D SPACE',''
  ) );
#3352 = PCURVE('',#951,#3353);
#3353 = DEFINITIONAL_REPRESENTATION('',(#3354),#3369);
#3354 = B_SPLINE_CURVE_WITH_KNOTS('',7,(#3355,#3356,#3357,#3358,#3359,
    #3360,#3361,#3362,#3363,#3364,#3365,#3366,#3367,#3368),
  .UNSPECIFIED.,.F.,.F.,(8,6,8),(1.570796326795,2.356194490192,
    3.14159265359),.UNSPECIFIED.);
#3355 = CARTESIAN_POINT('',(3.487868498009E-15,-1.));
#3356 = CARTESIAN_POINT('',(0.112199737628,-0.898985131649));
#3357 = CARTESIAN_POINT('',(0.224399475258,-0.793035561418));
#3358 = CARTESIAN_POINT('',(0.33659921288,-0.684262727184));
#3359 = CARTESIAN_POINT('',(0.448798950515,-0.575743786375));
#3360 = CARTESIAN_POINT('',(0.560998688138,-0.471812644375));
#3361 = CARTESIAN_POINT('',(0.67319842577,-0.376577344703));
#3362 = CARTESIAN_POINT('',(0.897597901031,-0.209209160281));
#3363 = CARTESIAN_POINT('',(1.009797638641,-0.137082147638));
#3364 = CARTESIAN_POINT('',(1.121997376302,-7.936826800424E-02));
#3365 = CARTESIAN_POINT('',(1.234197113881,-3.780301467329E-02));
#3366 = CARTESIAN_POINT('',(1.346396851554,-1.190596930894E-02));
#3367 = CARTESIAN_POINT('',(1.458596589165,1.848934665059E-07));
#3368 = CARTESIAN_POINT('',(1.570796326795,5.684341886081E-14));
#3369 = ( GEOMETRIC_REPRESENTATION_CONTEXT(2) 
PARAMETRIC_REPRESENTATION_CONTEXT() REPRESENTATION_CONTEXT('2D SPACE',''
  ) );
#3370 = ORIENTED_EDGE('',*,*,#853,.F.);
#3371 = ADVANCED_FACE('',(#3372),#897,.F.);
#3372 = FACE_BOUND('',#3373,.F.);
#3373 = EDGE_LOOP('',(#3374,#3375,#3401,#3444));
#3374 = ORIENTED_EDGE('',*,*,#3257,.T.);
#3375 = ORIENTED_EDGE('',*,*,#3376,.T.);
#3376 = EDGE_CURVE('',#3258,#3377,#3379,.T.);
#3377 = VERTEX_POINT('',#3378);
#3378 = CARTESIAN_POINT('',(193.,145.2889676915,3.));
#3379 = SURFACE_CURVE('',#3380,(#3383,#3390),.PCURVE_S1.);
#3380 = B_SPLINE_CURVE_WITH_KNOTS('',1,(#3381,#3382),.UNSPECIFIED.,.F.,
  .F.,(2,2),(-0.,99.422064616984),.PIECEWISE_BEZIER_KNOTS.);
#3381 = CARTESIAN_POINT('',(193.,244.71103230849,3.));
#3382 = CARTESIAN_POINT('',(193.,145.2889676915,3.));
#3383 = PCURVE('',#897,#3384);
#3384 = DEFINITIONAL_REPRESENTATION('',(#3385),#3389);
#3385 = B_SPLINE_CURVE_WITH_KNOTS('',2,(#3386,#3387,#3388),
  .UNSPECIFIED.,.F.,.F.,(3,3),(-0.,99.422064616984),
  .PIECEWISE_BEZIER_KNOTS.);
#3386 = CARTESIAN_POINT('',(1.570796326795,-2.84217094304E-14));
#3387 = CARTESIAN_POINT('',(1.570796326795,49.711032308492));
#3388 = CARTESIAN_POINT('',(1.570796326795,99.422064616984));
#3389 = ( GEOMETRIC_REPRESENTATION_CONTEXT(2) 
PARAMETRIC_REPRESENTATION_CONTEXT() REPRESENTATION_CONTEXT('2D SPACE',''
  ) );
#3390 = PCURVE('',#3391,#3396);
#3391 = B_SPLINE_SURFACE_WITH_KNOTS('',1,1,(
    (#3392,#3393)
    ,(#3394,#3395
    )),.UNSPECIFIED.,.F.,.F.,.F.,(2,2),(2,2),(-10.16653599087,
    7.166535990873),(-49.71103230849,49.711032308492),
  .PIECEWISE_BEZIER_KNOTS.);
#3392 = CARTESIAN_POINT('',(193.,145.2889676915,20.333071981747));
#3393 = CARTESIAN_POINT('',(193.,244.71103230849,20.333071981747));
#3394 = CARTESIAN_POINT('',(193.,145.2889676915,3.));
#3395 = CARTESIAN_POINT('',(193.,244.71103230849,3.));
#3396 = DEFINITIONAL_REPRESENTATION('',(#3397),#3400);
#3397 = B_SPLINE_CURVE_WITH_KNOTS('',1,(#3398,#3399),.UNSPECIFIED.,.F.,
  .F.,(2,2),(-0.,99.422064616984),.PIECEWISE_BEZIER_KNOTS.);
#3398 = CARTESIAN_POINT('',(7.166535990873,49.711032308492));
#3399 = CARTESIAN_POINT('',(7.166535990873,-49.71103230849));
#3400 = ( GEOMETRIC_REPRESENTATION_CONTEXT(2) 
PARAMETRIC_REPRESENTATION_CONTEXT() REPRESENTATION_CONTEXT('2D SPACE',''
  ) );
#3401 = ORIENTED_EDGE('',*,*,#3402,.F.);
#3402 = EDGE_CURVE('',#884,#3377,#3403,.T.);
#3403 = SURFACE_CURVE('',#3404,(#3408,#3426),.PCURVE_S1.);
#3404 = ( BOUNDED_CURVE() B_SPLINE_CURVE(2,(#3405,#3406,#3407),
.UNSPECIFIED.,.F.,.F.) B_SPLINE_CURVE_WITH_KNOTS((3,3),(4.712388980385,
6.28318530718),.PIECEWISE_BEZIER_KNOTS.) CURVE() 
GEOMETRIC_REPRESENTATION_ITEM() RATIONAL_B_SPLINE_CURVE((1.,
0.707106781187,1.)) REPRESENTATION_ITEM('') );
#3405 = CARTESIAN_POINT('',(192.,144.2889676915,2.));
#3406 = CARTESIAN_POINT('',(193.,145.2889676915,2.));
#3407 = CARTESIAN_POINT('',(193.,145.2889676915,3.));
#3408 = PCURVE('',#897,#3409);
#3409 = DEFINITIONAL_REPRESENTATION('',(#3410),#3425);
#3410 = B_SPLINE_CURVE_WITH_KNOTS('',7,(#3411,#3412,#3413,#3414,#3415,
    #3416,#3417,#3418,#3419,#3420,#3421,#3422,#3423,#3424),
  .UNSPECIFIED.,.F.,.F.,(8,6,8),(4.712388980385,5.497787143782,
    6.28318530718),.UNSPECIFIED.);
#3411 = CARTESIAN_POINT('',(1.59872115546E-14,100.42206461698));
#3412 = CARTESIAN_POINT('',(0.112199737629,100.32104974877));
#3413 = CARTESIAN_POINT('',(0.224399475257,100.21510017808));
#3414 = CARTESIAN_POINT('',(0.336599212884,100.10632734465));
#3415 = CARTESIAN_POINT('',(0.448798950516,99.997808402294));
#3416 = CARTESIAN_POINT('',(0.560998688141,99.893877261938));
#3417 = CARTESIAN_POINT('',(0.67319842577,99.79864196175));
#3418 = CARTESIAN_POINT('',(0.897597901027,99.631273777286));
#3419 = CARTESIAN_POINT('',(1.009797638659,99.559146764839));
#3420 = CARTESIAN_POINT('',(1.121997376271,99.501432884156));
#3421 = CARTESIAN_POINT('',(1.234197113917,99.459867632534));
#3422 = CARTESIAN_POINT('',(1.346396851537,99.433970586252));
#3423 = CARTESIAN_POINT('',(1.45859658917,99.422064432285));
#3424 = CARTESIAN_POINT('',(1.570796326795,99.422064616984));
#3425 = ( GEOMETRIC_REPRESENTATION_CONTEXT(2) 
PARAMETRIC_REPRESENTATION_CONTEXT() REPRESENTATION_CONTEXT('2D SPACE',''
  ) );
#3426 = PCURVE('',#925,#3427);
#3427 = DEFINITIONAL_REPRESENTATION('',(#3428),#3443);
#3428 = B_SPLINE_CURVE_WITH_KNOTS('',7,(#3429,#3430,#3431,#3432,#3433,
    #3434,#3435,#3436,#3437,#3438,#3439,#3440,#3441,#3442),
  .UNSPECIFIED.,.F.,.F.,(8,6,8),(4.712388980385,5.497787143782,
    6.28318530718),.UNSPECIFIED.);
#3429 = CARTESIAN_POINT('',(1.59872115546E-14,-1.));
#3430 = CARTESIAN_POINT('',(0.112199737629,-0.89898513165));
#3431 = CARTESIAN_POINT('',(0.224399475253,-0.793035561416));
#3432 = CARTESIAN_POINT('',(0.336599212891,-0.68426272719));
#3433 = CARTESIAN_POINT('',(0.448798950504,-0.575743786369));
#3434 = CARTESIAN_POINT('',(0.560998688146,-0.471812644376));
#3435 = CARTESIAN_POINT('',(0.673198425769,-0.376577344703));
#3436 = CARTESIAN_POINT('',(0.897597901027,-0.209209160281));
#3437 = CARTESIAN_POINT('',(1.009797638657,-0.137082147638));
#3438 = CARTESIAN_POINT('',(1.121997376273,-7.936826800603E-02));
#3439 = CARTESIAN_POINT('',(1.234197113914,-3.78030146734E-02));
#3440 = CARTESIAN_POINT('',(1.346396851538,-1.190596930946E-02));
#3441 = CARTESIAN_POINT('',(1.458596589169,1.848937237989E-07));
#3442 = CARTESIAN_POINT('',(1.570796326795,-5.684341886081E-14));
#3443 = ( GEOMETRIC_REPRESENTATION_CONTEXT(2) 
PARAMETRIC_REPRESENTATION_CONTEXT() REPRESENTATION_CONTEXT('2D SPACE',''
  ) );
#3444 = ORIENTED_EDGE('',*,*,#883,.F.);
#3445 = ADVANCED_FACE('',(#3446),#951,.T.);
#3446 = FACE_BOUND('',#3447,.T.);
#3447 = EDGE_LOOP('',(#3448,#3449,#3475,#3518));
#3448 = ORIENTED_EDGE('',*,*,#3328,.T.);
#3449 = ORIENTED_EDGE('',*,*,#3450,.T.);
#3450 = EDGE_CURVE('',#3303,#3451,#3453,.T.);
#3451 = VERTEX_POINT('',#3452);
#3452 = CARTESIAN_POINT('',(197.,145.2889676915,3.));
#3453 = SURFACE_CURVE('',#3454,(#3457,#3464),.PCURVE_S1.);
#3454 = B_SPLINE_CURVE_WITH_KNOTS('',1,(#3455,#3456),.UNSPECIFIED.,.F.,
  .F.,(2,2),(-0.,99.422064616984),.PIECEWISE_BEZIER_KNOTS.);
#3455 = CARTESIAN_POINT('',(197.,244.71103230849,3.));
#3456 = CARTESIAN_POINT('',(197.,145.2889676915,3.));
#3457 = PCURVE('',#951,#3458);
#3458 = DEFINITIONAL_REPRESENTATION('',(#3459),#3463);
#3459 = B_SPLINE_CURVE_WITH_KNOTS('',2,(#3460,#3461,#3462),
  .UNSPECIFIED.,.F.,.F.,(3,3),(-0.,99.422064616984),
  .PIECEWISE_BEZIER_KNOTS.);
#3460 = CARTESIAN_POINT('',(1.570796326795,-2.84217094304E-14));
#3461 = CARTESIAN_POINT('',(1.570796326795,49.711032308492));
#3462 = CARTESIAN_POINT('',(1.570796326795,99.422064616984));
#3463 = ( GEOMETRIC_REPRESENTATION_CONTEXT(2) 
PARAMETRIC_REPRESENTATION_CONTEXT() REPRESENTATION_CONTEXT('2D SPACE',''
  ) );
#3464 = PCURVE('',#3465,#3470);
#3465 = B_SPLINE_SURFACE_WITH_KNOTS('',1,1,(
    (#3466,#3467)
    ,(#3468,#3469
    )),.UNSPECIFIED.,.F.,.F.,.F.,(2,2),(2,2),(-10.16653599087,
    7.166535990873),(-49.71103230849,49.711032308492),
  .PIECEWISE_BEZIER_KNOTS.);
#3466 = CARTESIAN_POINT('',(197.,145.2889676915,20.333071981747));
#3467 = CARTESIAN_POINT('',(197.,244.71103230849,20.333071981747));
#3468 = CARTESIAN_POINT('',(197.,145.2889676915,3.));
#3469 = CARTESIAN_POINT('',(197.,244.71103230849,3.));
#3470 = DEFINITIONAL_REPRESENTATION('',(#3471),#3474);
#3471 = B_SPLINE_CURVE_WITH_KNOTS('',1,(#3472,#3473),.UNSPECIFIED.,.F.,
  .F.,(2,2),(-0.,99.422064616984),.PIECEWISE_BEZIER_KNOTS.);
#3472 = CARTESIAN_POINT('',(7.166535990873,49.711032308492));
#3473 = CARTESIAN_POINT('',(7.166535990873,-49.71103230849));
#3474 = ( GEOMETRIC_REPRESENTATION_CONTEXT(2) 
PARAMETRIC_REPRESENTATION_CONTEXT() REPRESENTATION_CONTEXT('2D SPACE',''
  ) );
#3475 = ORIENTED_EDGE('',*,*,#3476,.F.);
#3476 = EDGE_CURVE('',#912,#3451,#3477,.T.);
#3477 = SURFACE_CURVE('',#3478,(#3482,#3500),.PCURVE_S1.);
#3478 = ( BOUNDED_CURVE() B_SPLINE_CURVE(2,(#3479,#3480,#3481),
.UNSPECIFIED.,.F.,.F.) B_SPLINE_CURVE_WITH_KNOTS((3,3),(1.570796326795,
3.14159265359),.PIECEWISE_BEZIER_KNOTS.) CURVE() 
GEOMETRIC_REPRESENTATION_ITEM() RATIONAL_B_SPLINE_CURVE((1.,
0.707106781187,1.)) REPRESENTATION_ITEM('') );
#3479 = CARTESIAN_POINT('',(198.,144.2889676915,2.));
#3480 = CARTESIAN_POINT('',(197.,145.2889676915,2.));
#3481 = CARTESIAN_POINT('',(197.,145.2889676915,3.));
#3482 = PCURVE('',#951,#3483);
#3483 = DEFINITIONAL_REPRESENTATION('',(#3484),#3499);
#3484 = B_SPLINE_CURVE_WITH_KNOTS('',7,(#3485,#3486,#3487,#3488,#3489,
    #3490,#3491,#3492,#3493,#3494,#3495,#3496,#3497,#3498),
  .UNSPECIFIED.,.F.,.F.,(8,6,8),(1.570796326795,2.356194490192,
    3.14159265359),.UNSPECIFIED.);
#3485 = CARTESIAN_POINT('',(3.508304757815E-14,100.42206461698));
#3486 = CARTESIAN_POINT('',(0.112199737629,100.321049749));
#3487 = CARTESIAN_POINT('',(0.224399475257,100.21510017724));
#3488 = CARTESIAN_POINT('',(0.336599212887,100.10632734669));
#3489 = CARTESIAN_POINT('',(0.448798950511,99.997808400248));
#3490 = CARTESIAN_POINT('',(0.560998688141,99.893877262502));
#3491 = CARTESIAN_POINT('',(0.67319842577,99.798641961656));
#3492 = CARTESIAN_POINT('',(0.897597901024,99.631273777144));
#3493 = CARTESIAN_POINT('',(1.009797638665,99.559146765952));
#3494 = CARTESIAN_POINT('',(1.121997376244,99.501432881826));
#3495 = CARTESIAN_POINT('',(1.234197113939,99.459867634845));
#3496 = CARTESIAN_POINT('',(1.346396851523,99.433970584586));
#3497 = CARTESIAN_POINT('',(1.458596589171,99.422064432547));
#3498 = CARTESIAN_POINT('',(1.570796326795,99.422064616984));
#3499 = ( GEOMETRIC_REPRESENTATION_CONTEXT(2) 
PARAMETRIC_REPRESENTATION_CONTEXT() REPRESENTATION_CONTEXT('2D SPACE',''
  ) );
#3500 = PCURVE('',#925,#3501);
#3501 = DEFINITIONAL_REPRESENTATION('',(#3502),#3517);
#3502 = B_SPLINE_CURVE_WITH_KNOTS('',7,(#3503,#3504,#3505,#3506,#3507,
    #3508,#3509,#3510,#3511,#3512,#3513,#3514,#3515,#3516),
  .UNSPECIFIED.,.F.,.F.,(8,6,8),(1.570796326795,2.356194490192,
    3.14159265359),.UNSPECIFIED.);
#3503 = CARTESIAN_POINT('',(3.508304757815E-14,5.));
#3504 = CARTESIAN_POINT('',(0.112199737628,4.898985131654));
#3505 = CARTESIAN_POINT('',(0.22439947526,4.793035561427));
#3506 = CARTESIAN_POINT('',(0.336599212877,4.684262727158));
#3507 = CARTESIAN_POINT('',(0.448798950516,4.57574378635));
#3508 = CARTESIAN_POINT('',(0.560998688138,4.471812644371));
#3509 = CARTESIAN_POINT('',(0.67319842577,4.376577344711));
#3510 = CARTESIAN_POINT('',(0.897597901029,4.209209160284));
#3511 = CARTESIAN_POINT('',(1.009797638648,4.137082147658));
#3512 = CARTESIAN_POINT('',(1.121997376297,4.079368267965));
#3513 = CARTESIAN_POINT('',(1.234197113894,4.037803014696));
#3514 = CARTESIAN_POINT('',(1.346396851544,4.011905969294));
#3515 = CARTESIAN_POINT('',(1.458596589166,3.999999815117));
#3516 = CARTESIAN_POINT('',(1.570796326795,4.));
#3517 = ( GEOMETRIC_REPRESENTATION_CONTEXT(2) 
PARAMETRIC_REPRESENTATION_CONTEXT() REPRESENTATION_CONTEXT('2D SPACE',''
  ) );
#3518 = ORIENTED_EDGE('',*,*,#939,.F.);
#3519 = ADVANCED_FACE('',(#3520),#925,.F.);
#3520 = FACE_BOUND('',#3521,.F.);
#3521 = EDGE_LOOP('',(#3522,#3523,#3547,#3548));
#3522 = ORIENTED_EDGE('',*,*,#3402,.T.);
#3523 = ORIENTED_EDGE('',*,*,#3524,.T.);
#3524 = EDGE_CURVE('',#3377,#3451,#3525,.T.);
#3525 = SURFACE_CURVE('',#3526,(#3529,#3536),.PCURVE_S1.);
#3526 = B_SPLINE_CURVE_WITH_KNOTS('',1,(#3527,#3528),.UNSPECIFIED.,.F.,
  .F.,(2,2),(0.,4.),.PIECEWISE_BEZIER_KNOTS.);
#3527 = CARTESIAN_POINT('',(193.,145.2889676915,3.));
#3528 = CARTESIAN_POINT('',(197.,145.2889676915,3.));
#3529 = PCURVE('',#925,#3530);
#3530 = DEFINITIONAL_REPRESENTATION('',(#3531),#3535);
#3531 = B_SPLINE_CURVE_WITH_KNOTS('',2,(#3532,#3533,#3534),
  .UNSPECIFIED.,.F.,.F.,(3,3),(0.,4.),.PIECEWISE_BEZIER_KNOTS.);
#3532 = CARTESIAN_POINT('',(1.570796326795,0.));
#3533 = CARTESIAN_POINT('',(1.570796326795,2.));
#3534 = CARTESIAN_POINT('',(1.570796326795,4.));
#3535 = ( GEOMETRIC_REPRESENTATION_CONTEXT(2) 
PARAMETRIC_REPRESENTATION_CONTEXT() REPRESENTATION_CONTEXT('2D SPACE',''
  ) );
#3536 = PCURVE('',#3537,#3542);
#3537 = B_SPLINE_SURFACE_WITH_KNOTS('',1,1,(
    (#3538,#3539)
    ,(#3540,#3541
    )),.UNSPECIFIED.,.F.,.F.,.F.,(2,2),(2,2),(-7.166535990873,
    10.166535990873),(-2.,2.),.PIECEWISE_BEZIER_KNOTS.);
#3538 = CARTESIAN_POINT('',(193.,145.2889676915,3.));
#3539 = CARTESIAN_POINT('',(197.,145.2889676915,3.));
#3540 = CARTESIAN_POINT('',(193.,145.2889676915,20.333071981747));
#3541 = CARTESIAN_POINT('',(197.,145.2889676915,20.333071981747));
#3542 = DEFINITIONAL_REPRESENTATION('',(#3543),#3546);
#3543 = B_SPLINE_CURVE_WITH_KNOTS('',1,(#3544,#3545),.UNSPECIFIED.,.F.,
  .F.,(2,2),(0.,4.),.PIECEWISE_BEZIER_KNOTS.);
#3544 = CARTESIAN_POINT('',(-7.166535990873,-2.));
#3545 = CARTESIAN_POINT('',(-7.166535990873,2.));
#3546 = ( GEOMETRIC_REPRESENTATION_CONTEXT(2) 
PARAMETRIC_REPRESENTATION_CONTEXT() REPRESENTATION_CONTEXT('2D SPACE',''
  ) );
#3547 = ORIENTED_EDGE('',*,*,#3476,.F.);
#3548 = ORIENTED_EDGE('',*,*,#911,.F.);
#3549 = ADVANCED_FACE('',(#3550),#985,.F.);
#3550 = FACE_BOUND('',#3551,.F.);
#3551 = EDGE_LOOP('',(#3552,#3575,#3576,#3599));
#3552 = ORIENTED_EDGE('',*,*,#3553,.F.);
#3553 = EDGE_CURVE('',#968,#3554,#3556,.T.);
#3554 = VERTEX_POINT('',#3555);
#3555 = CARTESIAN_POINT('',(83.322305191092,50.243754735703,3.));
#3556 = SURFACE_CURVE('',#3557,(#3561,#3568),.PCURVE_S1.);
#3557 = ( BOUNDED_CURVE() B_SPLINE_CURVE(2,(#3558,#3559,#3560),
.UNSPECIFIED.,.F.,.F.) B_SPLINE_CURVE_WITH_KNOTS((3,3),(1.570796326795,
3.14159265359),.PIECEWISE_BEZIER_KNOTS.) CURVE() 
GEOMETRIC_REPRESENTATION_ITEM() RATIONAL_B_SPLINE_CURVE((1.,
0.707106781187,1.)) REPRESENTATION_ITEM('') );
#3558 = CARTESIAN_POINT('',(84.322305191092,50.243754735703,2.));
#3559 = CARTESIAN_POINT('',(83.322305191092,50.243754735703,2.));
#3560 = CARTESIAN_POINT('',(83.322305191092,50.243754735703,3.));
#3561 = PCURVE('',#985,#3562);
#3562 = DEFINITIONAL_REPRESENTATION('',(#3563),#3567);
#3563 = B_SPLINE_CURVE_WITH_KNOTS('',2,(#3564,#3565,#3566),
  .UNSPECIFIED.,.F.,.F.,(3,3),(1.570796326795,3.14159265359),
  .PIECEWISE_BEZIER_KNOTS.);
#3564 = CARTESIAN_POINT('',(2.945834930585E-15,1.570796326795));
#3565 = CARTESIAN_POINT('',(-3.159833608676E-15,2.356194490192));
#3566 = CARTESIAN_POINT('',(1.121480137269E-15,3.14159265359));
#3567 = ( GEOMETRIC_REPRESENTATION_CONTEXT(2) 
PARAMETRIC_REPRESENTATION_CONTEXT() REPRESENTATION_CONTEXT('2D SPACE',''
  ) );
#3568 = PCURVE('',#1016,#3569);
#3569 = DEFINITIONAL_REPRESENTATION('',(#3570),#3574);
#3570 = B_SPLINE_CURVE_WITH_KNOTS('',2,(#3571,#3572,#3573),
  .UNSPECIFIED.,.F.,.F.,(3,3),(1.570796326795,3.14159265359),
  .PIECEWISE_BEZIER_KNOTS.);
#3571 = CARTESIAN_POINT('',(6.663250551554E-14,29.512490528595));
#3572 = CARTESIAN_POINT('',(0.785398163397,29.512490528595));
#3573 = CARTESIAN_POINT('',(1.570796326795,29.512490528595));
#3574 = ( GEOMETRIC_REPRESENTATION_CONTEXT(2) 
PARAMETRIC_REPRESENTATION_CONTEXT() REPRESENTATION_CONTEXT('2D SPACE',''
  ) );
#3575 = ORIENTED_EDGE('',*,*,#967,.T.);
#3576 = ORIENTED_EDGE('',*,*,#3577,.T.);
#3577 = EDGE_CURVE('',#970,#3578,#3580,.T.);
#3578 = VERTEX_POINT('',#3579);
#3579 = CARTESIAN_POINT('',(76.285046811221,43.206496355832,3.));
#3580 = SURFACE_CURVE('',#3581,(#3585,#3592),.PCURVE_S1.);
#3581 = ( BOUNDED_CURVE() B_SPLINE_CURVE(2,(#3582,#3583,#3584),
.UNSPECIFIED.,.F.,.F.) B_SPLINE_CURVE_WITH_KNOTS((3,3),(1.570796326795,
3.14159265359),.PIECEWISE_BEZIER_KNOTS.) CURVE() 
GEOMETRIC_REPRESENTATION_ITEM() RATIONAL_B_SPLINE_CURVE((1.,
0.707106781187,1.)) REPRESENTATION_ITEM('') );
#3582 = CARTESIAN_POINT('',(76.285046811221,42.206496355832,2.));
#3583 = CARTESIAN_POINT('',(76.285046811221,43.206496355832,2.));
#3584 = CARTESIAN_POINT('',(76.285046811221,43.206496355832,3.));
#3585 = PCURVE('',#985,#3586);
#3586 = DEFINITIONAL_REPRESENTATION('',(#3587),#3591);
#3587 = B_SPLINE_CURVE_WITH_KNOTS('',2,(#3588,#3589,#3590),
  .UNSPECIFIED.,.F.,.F.,(3,3),(1.570796326795,3.14159265359),
  .PIECEWISE_BEZIER_KNOTS.);
#3588 = CARTESIAN_POINT('',(1.570796326795,1.570796326795));
#3589 = CARTESIAN_POINT('',(1.570796326795,2.356194490192));
#3590 = CARTESIAN_POINT('',(1.570796326795,3.14159265359));
#3591 = ( GEOMETRIC_REPRESENTATION_CONTEXT(2) 
PARAMETRIC_REPRESENTATION_CONTEXT() REPRESENTATION_CONTEXT('2D SPACE',''
  ) );
#3592 = PCURVE('',#1197,#3593);
#3593 = DEFINITIONAL_REPRESENTATION('',(#3594),#3598);
#3594 = B_SPLINE_CURVE_WITH_KNOTS('',2,(#3595,#3596,#3597),
  .UNSPECIFIED.,.F.,.F.,(3,3),(1.570796326795,3.14159265359),
  .PIECEWISE_BEZIER_KNOTS.);
#3595 = CARTESIAN_POINT('',(-2.012372280276E-14,3.552713678801E-14));
#3596 = CARTESIAN_POINT('',(0.785398163397,5.107758834423E-15));
#3597 = CARTESIAN_POINT('',(1.570796326795,2.13162820728E-14));
#3598 = ( GEOMETRIC_REPRESENTATION_CONTEXT(2) 
PARAMETRIC_REPRESENTATION_CONTEXT() REPRESENTATION_CONTEXT('2D SPACE',''
  ) );
#3599 = ORIENTED_EDGE('',*,*,#3600,.F.);
#3600 = EDGE_CURVE('',#3554,#3578,#3601,.T.);
#3601 = SURFACE_CURVE('',#3602,(#3606,#3613),.PCURVE_S1.);
#3602 = ( BOUNDED_CURVE() B_SPLINE_CURVE(2,(#3603,#3604,#3605),
.UNSPECIFIED.,.F.,.F.) B_SPLINE_CURVE_WITH_KNOTS((3,3),(0.,
1.570796326795),.PIECEWISE_BEZIER_KNOTS.) CURVE() 
GEOMETRIC_REPRESENTATION_ITEM() RATIONAL_B_SPLINE_CURVE((1.,
0.707106781187,1.)) REPRESENTATION_ITEM('') );
#3603 = CARTESIAN_POINT('',(83.322305191092,50.243754735703,3.));
#3604 = CARTESIAN_POINT('',(83.322305191092,43.206496355832,3.));
#3605 = CARTESIAN_POINT('',(76.285046811221,43.206496355832,3.));
#3606 = PCURVE('',#985,#3607);
#3607 = DEFINITIONAL_REPRESENTATION('',(#3608),#3612);
#3608 = B_SPLINE_CURVE_WITH_KNOTS('',2,(#3609,#3610,#3611),
  .UNSPECIFIED.,.F.,.F.,(3,3),(3.364440411806E-15,1.570796326795),
  .PIECEWISE_BEZIER_KNOTS.);
#3609 = CARTESIAN_POINT('',(4.485920549075E-15,3.14159265359));
#3610 = CARTESIAN_POINT('',(0.785398163397,3.14159265359));
#3611 = CARTESIAN_POINT('',(1.570796326795,3.14159265359));
#3612 = ( GEOMETRIC_REPRESENTATION_CONTEXT(2) 
PARAMETRIC_REPRESENTATION_CONTEXT() REPRESENTATION_CONTEXT('2D SPACE',''
  ) );
#3613 = PCURVE('',#3614,#3621);
#3614 = ( BOUNDED_SURFACE() B_SPLINE_SURFACE(2,1,(
    (#3615,#3616)
    ,(#3617,#3618)
    ,(#3619,#3620
)),.UNSPECIFIED.,.F.,.F.,.F.) B_SPLINE_SURFACE_WITH_KNOTS((3,3),(2,2),(
    3.14159265359,4.712388980385),(-21.51544760638,-3.),
.PIECEWISE_BEZIER_KNOTS.) GEOMETRIC_REPRESENTATION_ITEM() 
RATIONAL_B_SPLINE_SURFACE((
    (1.,1.)
    ,(0.707106781187,0.707106781187)
,(1.,1.))) REPRESENTATION_ITEM('') SURFACE() );
#3615 = CARTESIAN_POINT('',(76.285046811221,43.206496355832,
    21.515447606385));
#3616 = CARTESIAN_POINT('',(76.285046811221,43.206496355832,3.));
#3617 = CARTESIAN_POINT('',(83.322305191092,43.206496355832,
    21.515447606385));
#3618 = CARTESIAN_POINT('',(83.322305191092,43.206496355832,3.));
#3619 = CARTESIAN_POINT('',(83.322305191092,50.243754735703,
    21.515447606385));
#3620 = CARTESIAN_POINT('',(83.322305191092,50.243754735703,3.));
#3621 = DEFINITIONAL_REPRESENTATION('',(#3622),#3626);
#3622 = B_SPLINE_CURVE_WITH_KNOTS('',2,(#3623,#3624,#3625),
  .UNSPECIFIED.,.F.,.F.,(3,3),(3.364440411806E-15,1.570796326795),
  .PIECEWISE_BEZIER_KNOTS.);
#3623 = CARTESIAN_POINT('',(4.712388980385,-3.));
#3624 = CARTESIAN_POINT('',(3.926990816987,-3.));
#3625 = CARTESIAN_POINT('',(3.14159265359,-3.));
#3626 = ( GEOMETRIC_REPRESENTATION_CONTEXT(2) 
PARAMETRIC_REPRESENTATION_CONTEXT() REPRESENTATION_CONTEXT('2D SPACE',''
  ) );
#3627 = ADVANCED_FACE('',(#3628),#1016,.T.);
#3628 = FACE_BOUND('',#3629,.T.);
#3629 = EDGE_LOOP('',(#3630,#3653,#3677,#3678));
#3630 = ORIENTED_EDGE('',*,*,#3631,.T.);
#3631 = EDGE_CURVE('',#1003,#3632,#3634,.T.);
#3632 = VERTEX_POINT('',#3633);
#3633 = CARTESIAN_POINT('',(83.322305191092,79.756245264298,3.));
#3634 = SURFACE_CURVE('',#3635,(#3639,#3646),.PCURVE_S1.);
#3635 = ( BOUNDED_CURVE() B_SPLINE_CURVE(2,(#3636,#3637,#3638),
.UNSPECIFIED.,.F.,.F.) B_SPLINE_CURVE_WITH_KNOTS((3,3),(1.570796326795,
3.14159265359),.PIECEWISE_BEZIER_KNOTS.) CURVE() 
GEOMETRIC_REPRESENTATION_ITEM() RATIONAL_B_SPLINE_CURVE((1.,
0.707106781187,1.)) REPRESENTATION_ITEM('') );
#3636 = CARTESIAN_POINT('',(84.322305191092,79.756245264297,2.));
#3637 = CARTESIAN_POINT('',(83.322305191092,79.756245264297,2.));
#3638 = CARTESIAN_POINT('',(83.322305191092,79.756245264297,3.));
#3639 = PCURVE('',#1016,#3640);
#3640 = DEFINITIONAL_REPRESENTATION('',(#3641),#3645);
#3641 = B_SPLINE_CURVE_WITH_KNOTS('',2,(#3642,#3643,#3644),
  .UNSPECIFIED.,.F.,.F.,(3,3),(1.570796326795,3.14159265359),
  .PIECEWISE_BEZIER_KNOTS.);
#3642 = CARTESIAN_POINT('',(6.663250551554E-14,4.973799150321E-14));
#3643 = CARTESIAN_POINT('',(0.785398163397,1.583556092335E-14));
#3644 = CARTESIAN_POINT('',(1.570796326795,4.973799150321E-14));
#3645 = ( GEOMETRIC_REPRESENTATION_CONTEXT(2) 
PARAMETRIC_REPRESENTATION_CONTEXT() REPRESENTATION_CONTEXT('2D SPACE',''
  ) );
#3646 = PCURVE('',#1046,#3647);
#3647 = DEFINITIONAL_REPRESENTATION('',(#3648),#3652);
#3648 = B_SPLINE_CURVE_WITH_KNOTS('',2,(#3649,#3650,#3651),
  .UNSPECIFIED.,.F.,.F.,(3,3),(1.570796326795,3.14159265359),
  .PIECEWISE_BEZIER_KNOTS.);
#3649 = CARTESIAN_POINT('',(1.570796326795,1.570796326795));
#3650 = CARTESIAN_POINT('',(1.570796326795,2.356194490192));
#3651 = CARTESIAN_POINT('',(1.570796326795,3.14159265359));
#3652 = ( GEOMETRIC_REPRESENTATION_CONTEXT(2) 
PARAMETRIC_REPRESENTATION_CONTEXT() REPRESENTATION_CONTEXT('2D SPACE',''
  ) );
#3653 = ORIENTED_EDGE('',*,*,#3654,.T.);
#3654 = EDGE_CURVE('',#3632,#3554,#3655,.T.);
#3655 = SURFACE_CURVE('',#3656,(#3659,#3666),.PCURVE_S1.);
#3656 = B_SPLINE_CURVE_WITH_KNOTS('',1,(#3657,#3658),.UNSPECIFIED.,.F.,
  .F.,(2,2),(4.973799150321E-14,29.512490528595),
  .PIECEWISE_BEZIER_KNOTS.);
#3657 = CARTESIAN_POINT('',(83.322305191092,79.756245264297,3.));
#3658 = CARTESIAN_POINT('',(83.322305191092,50.243754735703,3.));
#3659 = PCURVE('',#1016,#3660);
#3660 = DEFINITIONAL_REPRESENTATION('',(#3661),#3665);
#3661 = B_SPLINE_CURVE_WITH_KNOTS('',2,(#3662,#3663,#3664),
  .UNSPECIFIED.,.F.,.F.,(3,3),(4.973799150321E-14,29.512490528595),
  .PIECEWISE_BEZIER_KNOTS.);
#3662 = CARTESIAN_POINT('',(1.570796326795,4.973799150321E-14));
#3663 = CARTESIAN_POINT('',(1.570796326795,14.756245264298));
#3664 = CARTESIAN_POINT('',(1.570796326795,29.512490528595));
#3665 = ( GEOMETRIC_REPRESENTATION_CONTEXT(2) 
PARAMETRIC_REPRESENTATION_CONTEXT() REPRESENTATION_CONTEXT('2D SPACE',''
  ) );
#3666 = PCURVE('',#3667,#3672);
#3667 = B_SPLINE_SURFACE_WITH_KNOTS('',1,1,(
    (#3668,#3669)
    ,(#3670,#3671
    )),.UNSPECIFIED.,.F.,.F.,.F.,(2,2),(2,2),(0.,29.512490528595),(
    -21.51544760638,-3.),.PIECEWISE_BEZIER_KNOTS.);
#3668 = CARTESIAN_POINT('',(83.322305191092,50.243754735703,
    21.515447606385));
#3669 = CARTESIAN_POINT('',(83.322305191092,50.243754735703,3.));
#3670 = CARTESIAN_POINT('',(83.322305191092,79.756245264298,
    21.515447606385));
#3671 = CARTESIAN_POINT('',(83.322305191092,79.756245264298,3.));
#3672 = DEFINITIONAL_REPRESENTATION('',(#3673),#3676);
#3673 = B_SPLINE_CURVE_WITH_KNOTS('',1,(#3674,#3675),.UNSPECIFIED.,.F.,
  .F.,(2,2),(4.973799150321E-14,29.512490528595),
  .PIECEWISE_BEZIER_KNOTS.);
#3674 = CARTESIAN_POINT('',(29.512490528595,-3.));
#3675 = CARTESIAN_POINT('',(0.,-3.));
#3676 = ( GEOMETRIC_REPRESENTATION_CONTEXT(2) 
PARAMETRIC_REPRESENTATION_CONTEXT() REPRESENTATION_CONTEXT('2D SPACE',''
  ) );
#3677 = ORIENTED_EDGE('',*,*,#3553,.F.);
#3678 = ORIENTED_EDGE('',*,*,#1002,.F.);
#3679 = ADVANCED_FACE('',(#3680),#1197,.T.);
#3680 = FACE_BOUND('',#3681,.T.);
#3681 = EDGE_LOOP('',(#3682,#3683,#3709,#3730));
#3682 = ORIENTED_EDGE('',*,*,#3577,.T.);
#3683 = ORIENTED_EDGE('',*,*,#3684,.T.);
#3684 = EDGE_CURVE('',#3578,#3685,#3687,.T.);
#3685 = VERTEX_POINT('',#3686);
#3686 = CARTESIAN_POINT('',(53.714953188779,43.206496355832,3.));
#3687 = SURFACE_CURVE('',#3688,(#3691,#3698),.PCURVE_S1.);
#3688 = B_SPLINE_CURVE_WITH_KNOTS('',1,(#3689,#3690),.UNSPECIFIED.,.F.,
  .F.,(2,2),(3.552713678801E-14,22.570093622442),
  .PIECEWISE_BEZIER_KNOTS.);
#3689 = CARTESIAN_POINT('',(76.285046811221,43.206496355832,3.));
#3690 = CARTESIAN_POINT('',(53.714953188779,43.206496355832,3.));
#3691 = PCURVE('',#1197,#3692);
#3692 = DEFINITIONAL_REPRESENTATION('',(#3693),#3697);
#3693 = B_SPLINE_CURVE_WITH_KNOTS('',2,(#3694,#3695,#3696),
  .UNSPECIFIED.,.F.,.F.,(3,3),(6.394884621841E-14,22.570093622442),
  .PIECEWISE_BEZIER_KNOTS.);
#3694 = CARTESIAN_POINT('',(1.570796326795,7.815970093361E-14));
#3695 = CARTESIAN_POINT('',(1.570796326795,11.285046811221));
#3696 = CARTESIAN_POINT('',(1.570796326795,22.570093622442));
#3697 = ( GEOMETRIC_REPRESENTATION_CONTEXT(2) 
PARAMETRIC_REPRESENTATION_CONTEXT() REPRESENTATION_CONTEXT('2D SPACE',''
  ) );
#3698 = PCURVE('',#3699,#3704);
#3699 = B_SPLINE_SURFACE_WITH_KNOTS('',1,1,(
    (#3700,#3701)
    ,(#3702,#3703
    )),.UNSPECIFIED.,.F.,.F.,.F.,(2,2),(2,2),(0.,22.570093622442),(
    -21.51544760638,-3.),.PIECEWISE_BEZIER_KNOTS.);
#3700 = CARTESIAN_POINT('',(53.714953188779,43.206496355832,
    21.515447606385));
#3701 = CARTESIAN_POINT('',(53.714953188779,43.206496355832,3.));
#3702 = CARTESIAN_POINT('',(76.285046811221,43.206496355832,
    21.515447606385));
#3703 = CARTESIAN_POINT('',(76.285046811221,43.206496355832,3.));
#3704 = DEFINITIONAL_REPRESENTATION('',(#3705),#3708);
#3705 = B_SPLINE_CURVE_WITH_KNOTS('',1,(#3706,#3707),.UNSPECIFIED.,.F.,
  .F.,(2,2),(3.552713678801E-14,22.570093622442),
  .PIECEWISE_BEZIER_KNOTS.);
#3706 = CARTESIAN_POINT('',(22.570093622442,-3.));
#3707 = CARTESIAN_POINT('',(7.105427357601E-15,-3.));
#3708 = ( GEOMETRIC_REPRESENTATION_CONTEXT(2) 
PARAMETRIC_REPRESENTATION_CONTEXT() REPRESENTATION_CONTEXT('2D SPACE',''
  ) );
#3709 = ORIENTED_EDGE('',*,*,#3710,.F.);
#3710 = EDGE_CURVE('',#1153,#3685,#3711,.T.);
#3711 = SURFACE_CURVE('',#3712,(#3716,#3723),.PCURVE_S1.);
#3712 = ( BOUNDED_CURVE() B_SPLINE_CURVE(2,(#3713,#3714,#3715),
.UNSPECIFIED.,.F.,.F.) B_SPLINE_CURVE_WITH_KNOTS((3,3),(0.,
1.570796326795),.PIECEWISE_BEZIER_KNOTS.) CURVE() 
GEOMETRIC_REPRESENTATION_ITEM() RATIONAL_B_SPLINE_CURVE((1.,
0.707106781187,1.)) REPRESENTATION_ITEM('') );
#3713 = CARTESIAN_POINT('',(53.714953188779,42.206496355832,2.));
#3714 = CARTESIAN_POINT('',(53.714953188779,43.206496355832,2.));
#3715 = CARTESIAN_POINT('',(53.714953188779,43.206496355832,3.));
#3716 = PCURVE('',#1197,#3717);
#3717 = DEFINITIONAL_REPRESENTATION('',(#3718),#3722);
#3718 = B_SPLINE_CURVE_WITH_KNOTS('',2,(#3719,#3720,#3721),
  .UNSPECIFIED.,.F.,.F.,(3,3),(0.,1.570796326795),
  .PIECEWISE_BEZIER_KNOTS.);
#3719 = CARTESIAN_POINT('',(0.,22.570093622443));
#3720 = CARTESIAN_POINT('',(0.785398163397,22.570093622443));
#3721 = CARTESIAN_POINT('',(1.570796326795,22.570093622443));
#3722 = ( GEOMETRIC_REPRESENTATION_CONTEXT(2) 
PARAMETRIC_REPRESENTATION_CONTEXT() REPRESENTATION_CONTEXT('2D SPACE',''
  ) );
#3723 = PCURVE('',#1168,#3724);
#3724 = DEFINITIONAL_REPRESENTATION('',(#3725),#3729);
#3725 = B_SPLINE_CURVE_WITH_KNOTS('',2,(#3726,#3727,#3728),
  .UNSPECIFIED.,.F.,.F.,(3,3),(0.,1.570796326795),
  .PIECEWISE_BEZIER_KNOTS.);
#3726 = CARTESIAN_POINT('',(0.,1.570796326795));
#3727 = CARTESIAN_POINT('',(1.365774634227E-15,2.356194490192));
#3728 = CARTESIAN_POINT('',(1.121480137269E-15,3.14159265359));
#3729 = ( GEOMETRIC_REPRESENTATION_CONTEXT(2) 
PARAMETRIC_REPRESENTATION_CONTEXT() REPRESENTATION_CONTEXT('2D SPACE',''
  ) );
#3730 = ORIENTED_EDGE('',*,*,#1185,.F.);
#3731 = ADVANCED_FACE('',(#3732),#1046,.F.);
#3732 = FACE_BOUND('',#3733,.F.);
#3733 = EDGE_LOOP('',(#3734,#3757,#3758,#3759));
#3734 = ORIENTED_EDGE('',*,*,#3735,.F.);
#3735 = EDGE_CURVE('',#1031,#3736,#3738,.T.);
#3736 = VERTEX_POINT('',#3737);
#3737 = CARTESIAN_POINT('',(76.285046811221,86.793503644168,3.));
#3738 = SURFACE_CURVE('',#3739,(#3743,#3750),.PCURVE_S1.);
#3739 = ( BOUNDED_CURVE() B_SPLINE_CURVE(2,(#3740,#3741,#3742),
.UNSPECIFIED.,.F.,.F.) B_SPLINE_CURVE_WITH_KNOTS((3,3),(0.,
1.570796326795),.PIECEWISE_BEZIER_KNOTS.) CURVE() 
GEOMETRIC_REPRESENTATION_ITEM() RATIONAL_B_SPLINE_CURVE((1.,
0.707106781187,1.)) REPRESENTATION_ITEM('') );
#3740 = CARTESIAN_POINT('',(76.285046811221,87.793503644168,2.));
#3741 = CARTESIAN_POINT('',(76.285046811221,86.793503644168,2.));
#3742 = CARTESIAN_POINT('',(76.285046811221,86.793503644168,3.));
#3743 = PCURVE('',#1046,#3744);
#3744 = DEFINITIONAL_REPRESENTATION('',(#3745),#3749);
#3745 = B_SPLINE_CURVE_WITH_KNOTS('',2,(#3746,#3747,#3748),
  .UNSPECIFIED.,.F.,.F.,(3,3),(0.,1.570796326795),
  .PIECEWISE_BEZIER_KNOTS.);
#3746 = CARTESIAN_POINT('',(-4.440892098501E-15,1.570796326795));
#3747 = CARTESIAN_POINT('',(-8.509222513192E-15,2.356194490192));
#3748 = CARTESIAN_POINT('',(-4.440892098501E-15,3.14159265359));
#3749 = ( GEOMETRIC_REPRESENTATION_CONTEXT(2) 
PARAMETRIC_REPRESENTATION_CONTEXT() REPRESENTATION_CONTEXT('2D SPACE',''
  ) );
#3750 = PCURVE('',#1077,#3751);
#3751 = DEFINITIONAL_REPRESENTATION('',(#3752),#3756);
#3752 = B_SPLINE_CURVE_WITH_KNOTS('',2,(#3753,#3754,#3755),
  .UNSPECIFIED.,.F.,.F.,(3,3),(0.,1.570796326795),
  .PIECEWISE_BEZIER_KNOTS.);
#3753 = CARTESIAN_POINT('',(0.,22.570093622442));
#3754 = CARTESIAN_POINT('',(0.785398163397,22.570093622443));
#3755 = CARTESIAN_POINT('',(1.570796326795,22.570093622442));
#3756 = ( GEOMETRIC_REPRESENTATION_CONTEXT(2) 
PARAMETRIC_REPRESENTATION_CONTEXT() REPRESENTATION_CONTEXT('2D SPACE',''
  ) );
#3757 = ORIENTED_EDGE('',*,*,#1030,.T.);
#3758 = ORIENTED_EDGE('',*,*,#3631,.T.);
#3759 = ORIENTED_EDGE('',*,*,#3760,.F.);
#3760 = EDGE_CURVE('',#3736,#3632,#3761,.T.);
#3761 = SURFACE_CURVE('',#3762,(#3766,#3773),.PCURVE_S1.);
#3762 = ( BOUNDED_CURVE() B_SPLINE_CURVE(2,(#3763,#3764,#3765),
.UNSPECIFIED.,.F.,.F.) B_SPLINE_CURVE_WITH_KNOTS((3,3),(
-4.440892098501E-15,1.570796326795),.PIECEWISE_BEZIER_KNOTS.) CURVE() 
GEOMETRIC_REPRESENTATION_ITEM() RATIONAL_B_SPLINE_CURVE((1.,
0.707106781187,1.)) REPRESENTATION_ITEM('') );
#3763 = CARTESIAN_POINT('',(76.285046811221,86.793503644168,3.));
#3764 = CARTESIAN_POINT('',(83.322305191092,86.793503644168,3.));
#3765 = CARTESIAN_POINT('',(83.322305191092,79.756245264298,3.));
#3766 = PCURVE('',#1046,#3767);
#3767 = DEFINITIONAL_REPRESENTATION('',(#3768),#3772);
#3768 = B_SPLINE_CURVE_WITH_KNOTS('',2,(#3769,#3770,#3771),
  .UNSPECIFIED.,.F.,.F.,(3,3),(-4.440892098501E-15,1.570796326795),
  .PIECEWISE_BEZIER_KNOTS.);
#3769 = CARTESIAN_POINT('',(-6.683852373038E-15,3.14159265359));
#3770 = CARTESIAN_POINT('',(0.785398163397,3.14159265359));
#3771 = CARTESIAN_POINT('',(1.570796326795,3.14159265359));
#3772 = ( GEOMETRIC_REPRESENTATION_CONTEXT(2) 
PARAMETRIC_REPRESENTATION_CONTEXT() REPRESENTATION_CONTEXT('2D SPACE',''
  ) );
#3773 = PCURVE('',#3774,#3781);
#3774 = ( BOUNDED_SURFACE() B_SPLINE_SURFACE(2,1,(
    (#3775,#3776)
    ,(#3777,#3778)
    ,(#3779,#3780
)),.UNSPECIFIED.,.F.,.F.,.F.) B_SPLINE_SURFACE_WITH_KNOTS((3,3),(2,2),(
    4.712388980385,6.28318530718),(-21.51544760638,-3.),
.PIECEWISE_BEZIER_KNOTS.) GEOMETRIC_REPRESENTATION_ITEM() 
RATIONAL_B_SPLINE_SURFACE((
    (1.,1.)
    ,(0.707106781187,0.707106781187)
,(1.,1.))) REPRESENTATION_ITEM('') SURFACE() );
#3775 = CARTESIAN_POINT('',(83.322305191092,79.756245264297,
    21.515447606385));
#3776 = CARTESIAN_POINT('',(83.322305191092,79.756245264297,3.));
#3777 = CARTESIAN_POINT('',(83.322305191092,86.793503644168,
    21.515447606385));
#3778 = CARTESIAN_POINT('',(83.322305191092,86.793503644168,3.));
#3779 = CARTESIAN_POINT('',(76.285046811221,86.793503644168,
    21.515447606385));
#3780 = CARTESIAN_POINT('',(76.285046811221,86.793503644168,3.));
#3781 = DEFINITIONAL_REPRESENTATION('',(#3782),#3786);
#3782 = B_SPLINE_CURVE_WITH_KNOTS('',2,(#3783,#3784,#3785),
  .UNSPECIFIED.,.F.,.F.,(3,3),(-4.440892098501E-15,1.570796326795),
  .PIECEWISE_BEZIER_KNOTS.);
#3783 = CARTESIAN_POINT('',(6.28318530718,-3.));
#3784 = CARTESIAN_POINT('',(5.497787143782,-3.));
#3785 = CARTESIAN_POINT('',(4.712388980385,-3.));
#3786 = ( GEOMETRIC_REPRESENTATION_CONTEXT(2) 
PARAMETRIC_REPRESENTATION_CONTEXT() REPRESENTATION_CONTEXT('2D SPACE',''
  ) );
#3787 = ADVANCED_FACE('',(#3788),#1168,.F.);
#3788 = FACE_BOUND('',#3789,.F.);
#3789 = EDGE_LOOP('',(#3790,#3791,#3792,#3815));
#3790 = ORIENTED_EDGE('',*,*,#3710,.F.);
#3791 = ORIENTED_EDGE('',*,*,#1152,.T.);
#3792 = ORIENTED_EDGE('',*,*,#3793,.T.);
#3793 = EDGE_CURVE('',#1125,#3794,#3796,.T.);
#3794 = VERTEX_POINT('',#3795);
#3795 = CARTESIAN_POINT('',(46.677694808908,50.243754735703,3.));
#3796 = SURFACE_CURVE('',#3797,(#3801,#3808),.PCURVE_S1.);
#3797 = ( BOUNDED_CURVE() B_SPLINE_CURVE(2,(#3798,#3799,#3800),
.UNSPECIFIED.,.F.,.F.) B_SPLINE_CURVE_WITH_KNOTS((3,3),(1.570796326795,
3.14159265359),.PIECEWISE_BEZIER_KNOTS.) CURVE() 
GEOMETRIC_REPRESENTATION_ITEM() RATIONAL_B_SPLINE_CURVE((1.,
0.707106781187,1.)) REPRESENTATION_ITEM('') );
#3798 = CARTESIAN_POINT('',(45.677694808908,50.243754735703,2.));
#3799 = CARTESIAN_POINT('',(46.677694808908,50.243754735703,2.));
#3800 = CARTESIAN_POINT('',(46.677694808908,50.243754735703,3.));
#3801 = PCURVE('',#1168,#3802);
#3802 = DEFINITIONAL_REPRESENTATION('',(#3803),#3807);
#3803 = B_SPLINE_CURVE_WITH_KNOTS('',2,(#3804,#3805,#3806),
  .UNSPECIFIED.,.F.,.F.,(3,3),(1.570796326795,3.14159265359),
  .PIECEWISE_BEZIER_KNOTS.);
#3804 = CARTESIAN_POINT('',(1.570796326795,1.570796326795));
#3805 = CARTESIAN_POINT('',(1.570796326795,2.356194490192));
#3806 = CARTESIAN_POINT('',(1.570796326795,3.14159265359));
#3807 = ( GEOMETRIC_REPRESENTATION_CONTEXT(2) 
PARAMETRIC_REPRESENTATION_CONTEXT() REPRESENTATION_CONTEXT('2D SPACE',''
  ) );
#3808 = PCURVE('',#1138,#3809);
#3809 = DEFINITIONAL_REPRESENTATION('',(#3810),#3814);
#3810 = B_SPLINE_CURVE_WITH_KNOTS('',2,(#3811,#3812,#3813),
  .UNSPECIFIED.,.F.,.F.,(3,3),(1.570796326795,3.14159265359),
  .PIECEWISE_BEZIER_KNOTS.);
#3811 = CARTESIAN_POINT('',(5.084821452783E-14,7.105427357601E-15));
#3812 = CARTESIAN_POINT('',(0.785398163397,6.519846026909E-14));
#3813 = CARTESIAN_POINT('',(1.570796326795,1.42108547152E-14));
#3814 = ( GEOMETRIC_REPRESENTATION_CONTEXT(2) 
PARAMETRIC_REPRESENTATION_CONTEXT() REPRESENTATION_CONTEXT('2D SPACE',''
  ) );
#3815 = ORIENTED_EDGE('',*,*,#3816,.F.);
#3816 = EDGE_CURVE('',#3685,#3794,#3817,.T.);
#3817 = SURFACE_CURVE('',#3818,(#3822,#3829),.PCURVE_S1.);
#3818 = ( BOUNDED_CURVE() B_SPLINE_CURVE(2,(#3819,#3820,#3821),
.UNSPECIFIED.,.F.,.F.) B_SPLINE_CURVE_WITH_KNOTS((3,3),(0.,
1.570796326795),.PIECEWISE_BEZIER_KNOTS.) CURVE() 
GEOMETRIC_REPRESENTATION_ITEM() RATIONAL_B_SPLINE_CURVE((1.,
0.707106781187,1.)) REPRESENTATION_ITEM('') );
#3819 = CARTESIAN_POINT('',(53.714953188779,43.206496355832,3.));
#3820 = CARTESIAN_POINT('',(46.677694808908,43.206496355832,3.));
#3821 = CARTESIAN_POINT('',(46.677694808908,50.243754735703,3.));
#3822 = PCURVE('',#1168,#3823);
#3823 = DEFINITIONAL_REPRESENTATION('',(#3824),#3828);
#3824 = B_SPLINE_CURVE_WITH_KNOTS('',2,(#3825,#3826,#3827),
  .UNSPECIFIED.,.F.,.F.,(3,3),(0.,1.570796326795),
  .PIECEWISE_BEZIER_KNOTS.);
#3825 = CARTESIAN_POINT('',(0.,3.14159265359));
#3826 = CARTESIAN_POINT('',(0.785398163397,3.14159265359));
#3827 = CARTESIAN_POINT('',(1.570796326795,3.14159265359));
#3828 = ( GEOMETRIC_REPRESENTATION_CONTEXT(2) 
PARAMETRIC_REPRESENTATION_CONTEXT() REPRESENTATION_CONTEXT('2D SPACE',''
  ) );
#3829 = PCURVE('',#3830,#3837);
#3830 = ( BOUNDED_SURFACE() B_SPLINE_SURFACE(2,1,(
    (#3831,#3832)
    ,(#3833,#3834)
    ,(#3835,#3836
)),.UNSPECIFIED.,.F.,.F.,.F.) B_SPLINE_SURFACE_WITH_KNOTS((3,3),(2,2),(
    1.570796326795,3.14159265359),(-21.51544760638,-3.),
.PIECEWISE_BEZIER_KNOTS.) GEOMETRIC_REPRESENTATION_ITEM() 
RATIONAL_B_SPLINE_SURFACE((
    (1.,1.)
    ,(0.707106781187,0.707106781187)
,(1.,1.))) REPRESENTATION_ITEM('') SURFACE() );
#3831 = CARTESIAN_POINT('',(46.677694808908,50.243754735703,
    21.515447606385));
#3832 = CARTESIAN_POINT('',(46.677694808908,50.243754735703,3.));
#3833 = CARTESIAN_POINT('',(46.677694808908,43.206496355832,
    21.515447606385));
#3834 = CARTESIAN_POINT('',(46.677694808908,43.206496355832,3.));
#3835 = CARTESIAN_POINT('',(53.714953188779,43.206496355832,
    21.515447606385));
#3836 = CARTESIAN_POINT('',(53.714953188779,43.206496355832,3.));
#3837 = DEFINITIONAL_REPRESENTATION('',(#3838),#3842);
#3838 = B_SPLINE_CURVE_WITH_KNOTS('',2,(#3839,#3840,#3841),
  .UNSPECIFIED.,.F.,.F.,(3,3),(0.,1.570796326795),
  .PIECEWISE_BEZIER_KNOTS.);
#3839 = CARTESIAN_POINT('',(3.14159265359,-3.));
#3840 = CARTESIAN_POINT('',(2.356194490192,-3.));
#3841 = CARTESIAN_POINT('',(1.570796326795,-3.));
#3842 = ( GEOMETRIC_REPRESENTATION_CONTEXT(2) 
PARAMETRIC_REPRESENTATION_CONTEXT() REPRESENTATION_CONTEXT('2D SPACE',''
  ) );
#3843 = ADVANCED_FACE('',(#3844),#1077,.T.);
#3844 = FACE_BOUND('',#3845,.T.);
#3845 = EDGE_LOOP('',(#3846,#3869,#3893,#3894));
#3846 = ORIENTED_EDGE('',*,*,#3847,.T.);
#3847 = EDGE_CURVE('',#1064,#3848,#3850,.T.);
#3848 = VERTEX_POINT('',#3849);
#3849 = CARTESIAN_POINT('',(53.714953188779,86.793503644168,3.));
#3850 = SURFACE_CURVE('',#3851,(#3855,#3862),.PCURVE_S1.);
#3851 = ( BOUNDED_CURVE() B_SPLINE_CURVE(2,(#3852,#3853,#3854),
.UNSPECIFIED.,.F.,.F.) B_SPLINE_CURVE_WITH_KNOTS((3,3),(1.570796326795,
3.14159265359),.PIECEWISE_BEZIER_KNOTS.) CURVE() 
GEOMETRIC_REPRESENTATION_ITEM() RATIONAL_B_SPLINE_CURVE((1.,
0.707106781187,1.)) REPRESENTATION_ITEM('') );
#3852 = CARTESIAN_POINT('',(53.714953188779,87.793503644168,2.));
#3853 = CARTESIAN_POINT('',(53.714953188779,86.793503644168,2.));
#3854 = CARTESIAN_POINT('',(53.714953188779,86.793503644168,3.));
#3855 = PCURVE('',#1077,#3856);
#3856 = DEFINITIONAL_REPRESENTATION('',(#3857),#3861);
#3857 = B_SPLINE_CURVE_WITH_KNOTS('',2,(#3858,#3859,#3860),
  .UNSPECIFIED.,.F.,.F.,(3,3),(1.570796326795,3.14159265359),
  .PIECEWISE_BEZIER_KNOTS.);
#3858 = CARTESIAN_POINT('',(1.933700466651E-14,-7.105427357601E-15));
#3859 = CARTESIAN_POINT('',(0.785398163397,4.727519761241E-14));
#3860 = CARTESIAN_POINT('',(1.570796326795,7.105427357601E-15));
#3861 = ( GEOMETRIC_REPRESENTATION_CONTEXT(2) 
PARAMETRIC_REPRESENTATION_CONTEXT() REPRESENTATION_CONTEXT('2D SPACE',''
  ) );
#3862 = PCURVE('',#1107,#3863);
#3863 = DEFINITIONAL_REPRESENTATION('',(#3864),#3868);
#3864 = B_SPLINE_CURVE_WITH_KNOTS('',2,(#3865,#3866,#3867),
  .UNSPECIFIED.,.F.,.F.,(3,3),(1.570796326795,3.14159265359),
  .PIECEWISE_BEZIER_KNOTS.);
#3865 = CARTESIAN_POINT('',(1.570796326795,1.570796326795));
#3866 = CARTESIAN_POINT('',(1.570796326795,2.356194490192));
#3867 = CARTESIAN_POINT('',(1.570796326795,3.14159265359));
#3868 = ( GEOMETRIC_REPRESENTATION_CONTEXT(2) 
PARAMETRIC_REPRESENTATION_CONTEXT() REPRESENTATION_CONTEXT('2D SPACE',''
  ) );
#3869 = ORIENTED_EDGE('',*,*,#3870,.T.);
#3870 = EDGE_CURVE('',#3848,#3736,#3871,.T.);
#3871 = SURFACE_CURVE('',#3872,(#3875,#3882),.PCURVE_S1.);
#3872 = B_SPLINE_CURVE_WITH_KNOTS('',1,(#3873,#3874),.UNSPECIFIED.,.F.,
  .F.,(2,2),(2.13162820728E-14,22.570093622442),
  .PIECEWISE_BEZIER_KNOTS.);
#3873 = CARTESIAN_POINT('',(53.714953188779,86.793503644168,3.));
#3874 = CARTESIAN_POINT('',(76.285046811221,86.793503644168,3.));
#3875 = PCURVE('',#1077,#3876);
#3876 = DEFINITIONAL_REPRESENTATION('',(#3877),#3881);
#3877 = B_SPLINE_CURVE_WITH_KNOTS('',2,(#3878,#3879,#3880),
  .UNSPECIFIED.,.F.,.F.,(3,3),(6.394884621841E-14,22.570093622442),
  .PIECEWISE_BEZIER_KNOTS.);
#3878 = CARTESIAN_POINT('',(1.570796326795,4.973799150321E-14));
#3879 = CARTESIAN_POINT('',(1.570796326795,11.285046811221));
#3880 = CARTESIAN_POINT('',(1.570796326795,22.570093622442));
#3881 = ( GEOMETRIC_REPRESENTATION_CONTEXT(2) 
PARAMETRIC_REPRESENTATION_CONTEXT() REPRESENTATION_CONTEXT('2D SPACE',''
  ) );
#3882 = PCURVE('',#3883,#3888);
#3883 = B_SPLINE_SURFACE_WITH_KNOTS('',1,1,(
    (#3884,#3885)
    ,(#3886,#3887
    )),.UNSPECIFIED.,.F.,.F.,.F.,(2,2),(2,2),(-7.105427357601E-15,
    22.570093622442),(-21.51544760638,-3.),.PIECEWISE_BEZIER_KNOTS.);
#3884 = CARTESIAN_POINT('',(76.285046811221,86.793503644168,
    21.515447606385));
#3885 = CARTESIAN_POINT('',(76.285046811221,86.793503644168,3.));
#3886 = CARTESIAN_POINT('',(53.714953188779,86.793503644168,
    21.515447606385));
#3887 = CARTESIAN_POINT('',(53.714953188779,86.793503644168,3.));
#3888 = DEFINITIONAL_REPRESENTATION('',(#3889),#3892);
#3889 = B_SPLINE_CURVE_WITH_KNOTS('',1,(#3890,#3891),.UNSPECIFIED.,.F.,
  .F.,(2,2),(2.13162820728E-14,22.570093622442),
  .PIECEWISE_BEZIER_KNOTS.);
#3890 = CARTESIAN_POINT('',(22.570093622442,-3.));
#3891 = CARTESIAN_POINT('',(0.,-3.));
#3892 = ( GEOMETRIC_REPRESENTATION_CONTEXT(2) 
PARAMETRIC_REPRESENTATION_CONTEXT() REPRESENTATION_CONTEXT('2D SPACE',''
  ) );
#3893 = ORIENTED_EDGE('',*,*,#3735,.F.);
#3894 = ORIENTED_EDGE('',*,*,#1063,.F.);
#3895 = ADVANCED_FACE('',(#3896),#1138,.T.);
#3896 = FACE_BOUND('',#3897,.T.);
#3897 = EDGE_LOOP('',(#3898,#3899,#3925,#3946));
#3898 = ORIENTED_EDGE('',*,*,#3793,.T.);
#3899 = ORIENTED_EDGE('',*,*,#3900,.T.);
#3900 = EDGE_CURVE('',#3794,#3901,#3903,.T.);
#3901 = VERTEX_POINT('',#3902);
#3902 = CARTESIAN_POINT('',(46.677694808908,79.756245264298,3.));
#3903 = SURFACE_CURVE('',#3904,(#3907,#3914),.PCURVE_S1.);
#3904 = B_SPLINE_CURVE_WITH_KNOTS('',1,(#3905,#3906),.UNSPECIFIED.,.F.,
  .F.,(2,2),(3.552713678801E-14,29.512490528595),
  .PIECEWISE_BEZIER_KNOTS.);
#3905 = CARTESIAN_POINT('',(46.677694808908,50.243754735703,3.));
#3906 = CARTESIAN_POINT('',(46.677694808908,79.756245264297,3.));
#3907 = PCURVE('',#1138,#3908);
#3908 = DEFINITIONAL_REPRESENTATION('',(#3909),#3913);
#3909 = B_SPLINE_CURVE_WITH_KNOTS('',2,(#3910,#3911,#3912),
  .UNSPECIFIED.,.F.,.F.,(3,3),(3.552713678801E-14,29.512490528595),
  .PIECEWISE_BEZIER_KNOTS.);
#3910 = CARTESIAN_POINT('',(1.570796326795,2.13162820728E-14));
#3911 = CARTESIAN_POINT('',(1.570796326795,14.756245264298));
#3912 = CARTESIAN_POINT('',(1.570796326795,29.512490528595));
#3913 = ( GEOMETRIC_REPRESENTATION_CONTEXT(2) 
PARAMETRIC_REPRESENTATION_CONTEXT() REPRESENTATION_CONTEXT('2D SPACE',''
  ) );
#3914 = PCURVE('',#3915,#3920);
#3915 = B_SPLINE_SURFACE_WITH_KNOTS('',1,1,(
    (#3916,#3917)
    ,(#3918,#3919
    )),.UNSPECIFIED.,.F.,.F.,.F.,(2,2),(2,2),(-1.06581410364E-14,
    29.512490528595),(-21.51544760638,-3.),.PIECEWISE_BEZIER_KNOTS.);
#3916 = CARTESIAN_POINT('',(46.677694808908,79.756245264297,
    21.515447606385));
#3917 = CARTESIAN_POINT('',(46.677694808908,79.756245264297,3.));
#3918 = CARTESIAN_POINT('',(46.677694808908,50.243754735702,
    21.515447606385));
#3919 = CARTESIAN_POINT('',(46.677694808908,50.243754735702,3.));
#3920 = DEFINITIONAL_REPRESENTATION('',(#3921),#3924);
#3921 = B_SPLINE_CURVE_WITH_KNOTS('',1,(#3922,#3923),.UNSPECIFIED.,.F.,
  .F.,(2,2),(3.552713678801E-14,29.512490528595),
  .PIECEWISE_BEZIER_KNOTS.);
#3922 = CARTESIAN_POINT('',(29.512490528595,-3.));
#3923 = CARTESIAN_POINT('',(0.,-3.));
#3924 = ( GEOMETRIC_REPRESENTATION_CONTEXT(2) 
PARAMETRIC_REPRESENTATION_CONTEXT() REPRESENTATION_CONTEXT('2D SPACE',''
  ) );
#3925 = ORIENTED_EDGE('',*,*,#3926,.F.);
#3926 = EDGE_CURVE('',#1092,#3901,#3927,.T.);
#3927 = SURFACE_CURVE('',#3928,(#3932,#3939),.PCURVE_S1.);
#3928 = ( BOUNDED_CURVE() B_SPLINE_CURVE(2,(#3929,#3930,#3931),
.UNSPECIFIED.,.F.,.F.) B_SPLINE_CURVE_WITH_KNOTS((3,3),(0.,
1.570796326795),.PIECEWISE_BEZIER_KNOTS.) CURVE() 
GEOMETRIC_REPRESENTATION_ITEM() RATIONAL_B_SPLINE_CURVE((1.,
0.707106781187,1.)) REPRESENTATION_ITEM('') );
#3929 = CARTESIAN_POINT('',(45.677694808908,79.756245264297,2.));
#3930 = CARTESIAN_POINT('',(46.677694808908,79.756245264297,2.));
#3931 = CARTESIAN_POINT('',(46.677694808908,79.756245264297,3.));
#3932 = PCURVE('',#1138,#3933);
#3933 = DEFINITIONAL_REPRESENTATION('',(#3934),#3938);
#3934 = B_SPLINE_CURVE_WITH_KNOTS('',2,(#3935,#3936,#3937),
  .UNSPECIFIED.,.F.,.F.,(3,3),(4.735287296311E-14,1.570796326795),
  .PIECEWISE_BEZIER_KNOTS.);
#3935 = CARTESIAN_POINT('',(5.524501845697E-14,29.512490528595));
#3936 = CARTESIAN_POINT('',(0.785398163397,29.512490528595));
#3937 = CARTESIAN_POINT('',(1.570796326795,29.512490528595));
#3938 = ( GEOMETRIC_REPRESENTATION_CONTEXT(2) 
PARAMETRIC_REPRESENTATION_CONTEXT() REPRESENTATION_CONTEXT('2D SPACE',''
  ) );
#3939 = PCURVE('',#1107,#3940);
#3940 = DEFINITIONAL_REPRESENTATION('',(#3941),#3945);
#3941 = B_SPLINE_CURVE_WITH_KNOTS('',2,(#3942,#3943,#3944),
  .UNSPECIFIED.,.F.,.F.,(3,3),(4.735287296311E-14,1.570796326795),
  .PIECEWISE_BEZIER_KNOTS.);
#3942 = CARTESIAN_POINT('',(6.902298120447E-17,1.570796326795));
#3943 = CARTESIAN_POINT('',(6.445443161501E-15,2.356194490192));
#3944 = CARTESIAN_POINT('',(3.996802888651E-15,3.14159265359));
#3945 = ( GEOMETRIC_REPRESENTATION_CONTEXT(2) 
PARAMETRIC_REPRESENTATION_CONTEXT() REPRESENTATION_CONTEXT('2D SPACE',''
  ) );
#3946 = ORIENTED_EDGE('',*,*,#1124,.F.);
#3947 = ADVANCED_FACE('',(#3948),#1107,.F.);
#3948 = FACE_BOUND('',#3949,.F.);
#3949 = EDGE_LOOP('',(#3950,#3951,#3952,#3953));
#3950 = ORIENTED_EDGE('',*,*,#3926,.F.);
#3951 = ORIENTED_EDGE('',*,*,#1091,.T.);
#3952 = ORIENTED_EDGE('',*,*,#3847,.T.);
#3953 = ORIENTED_EDGE('',*,*,#3954,.F.);
#3954 = EDGE_CURVE('',#3901,#3848,#3955,.T.);
#3955 = SURFACE_CURVE('',#3956,(#3960,#3967),.PCURVE_S1.);
#3956 = ( BOUNDED_CURVE() B_SPLINE_CURVE(2,(#3957,#3958,#3959),
.UNSPECIFIED.,.F.,.F.) B_SPLINE_CURVE_WITH_KNOTS((3,3),(
3.996802888651E-15,1.570796326795),.PIECEWISE_BEZIER_KNOTS.) CURVE() 
GEOMETRIC_REPRESENTATION_ITEM() RATIONAL_B_SPLINE_CURVE((1.,
0.707106781187,1.)) REPRESENTATION_ITEM('') );
#3957 = CARTESIAN_POINT('',(46.677694808908,79.756245264297,3.));
#3958 = CARTESIAN_POINT('',(46.677694808908,86.793503644168,3.));
#3959 = CARTESIAN_POINT('',(53.714953188779,86.793503644168,3.));
#3960 = PCURVE('',#1107,#3961);
#3961 = DEFINITIONAL_REPRESENTATION('',(#3962),#3966);
#3962 = B_SPLINE_CURVE_WITH_KNOTS('',2,(#3963,#3964,#3965),
  .UNSPECIFIED.,.F.,.F.,(3,3),(8.482723437725E-15,1.570796326795),
  .PIECEWISE_BEZIER_KNOTS.);
#3963 = CARTESIAN_POINT('',(8.482723437725E-15,3.14159265359));
#3964 = CARTESIAN_POINT('',(0.785398163397,3.14159265359));
#3965 = CARTESIAN_POINT('',(1.570796326795,3.14159265359));
#3966 = ( GEOMETRIC_REPRESENTATION_CONTEXT(2) 
PARAMETRIC_REPRESENTATION_CONTEXT() REPRESENTATION_CONTEXT('2D SPACE',''
  ) );
#3967 = PCURVE('',#3968,#3975);
#3968 = ( BOUNDED_SURFACE() B_SPLINE_SURFACE(2,1,(
    (#3969,#3970)
    ,(#3971,#3972)
    ,(#3973,#3974
)),.UNSPECIFIED.,.F.,.F.,.F.) B_SPLINE_SURFACE_WITH_KNOTS((3,3),(2,2),(
    0.,1.570796326795),(-21.51544760638,-3.),.PIECEWISE_BEZIER_KNOTS.) 
GEOMETRIC_REPRESENTATION_ITEM() RATIONAL_B_SPLINE_SURFACE((
    (1.,1.)
    ,(0.707106781187,0.707106781187)
,(1.,1.))) REPRESENTATION_ITEM('') SURFACE() );
#3969 = CARTESIAN_POINT('',(53.714953188779,86.793503644168,
    21.515447606385));
#3970 = CARTESIAN_POINT('',(53.714953188779,86.793503644168,3.));
#3971 = CARTESIAN_POINT('',(46.677694808908,86.793503644168,
    21.515447606385));
#3972 = CARTESIAN_POINT('',(46.677694808908,86.793503644168,3.));
#3973 = CARTESIAN_POINT('',(46.677694808908,79.756245264297,
    21.515447606385));
#3974 = CARTESIAN_POINT('',(46.677694808908,79.756245264297,3.));
#3975 = DEFINITIONAL_REPRESENTATION('',(#3976),#3980);
#3976 = B_SPLINE_CURVE_WITH_KNOTS('',2,(#3977,#3978,#3979),
  .UNSPECIFIED.,.F.,.F.,(3,3),(8.482723437725E-15,1.570796326795),
  .PIECEWISE_BEZIER_KNOTS.);
#3977 = CARTESIAN_POINT('',(1.570796326795,-3.));
#3978 = CARTESIAN_POINT('',(0.785398163397,-3.));
#3979 = CARTESIAN_POINT('',(4.930009758925E-15,-3.));
#3980 = ( GEOMETRIC_REPRESENTATION_CONTEXT(2) 
PARAMETRIC_REPRESENTATION_CONTEXT() REPRESENTATION_CONTEXT('2D SPACE',''
  ) );
#3981 = ADVANCED_FACE('',(#3982),#1282,.F.);
#3982 = FACE_BOUND('',#3983,.F.);
#3983 = EDGE_LOOP('',(#3984,#4004,#4038,#4066,#4084,#4085));
#3984 = ORIENTED_EDGE('',*,*,#3985,.T.);
#3985 = EDGE_CURVE('',#1263,#3986,#3988,.T.);
#3986 = VERTEX_POINT('',#3987);
#3987 = CARTESIAN_POINT('',(61.292893218813,217.16924437775,
    4.292893218813));
#3988 = SURFACE_CURVE('',#3989,(#3992,#3998),.PCURVE_S1.);
#3989 = B_SPLINE_CURVE_WITH_KNOTS('',1,(#3990,#3991),.UNSPECIFIED.,.F.,
  .F.,(2,2),(5.242640687119,6.071067811865),.PIECEWISE_BEZIER_KNOTS.);
#3990 = CARTESIAN_POINT('',(60.707106781187,217.16924437775,
    3.707106781187));
#3991 = CARTESIAN_POINT('',(61.292893218813,217.16924437775,
    4.292893218813));
#3992 = PCURVE('',#1282,#3993);
#3993 = DEFINITIONAL_REPRESENTATION('',(#3994),#3997);
#3994 = B_SPLINE_CURVE_WITH_KNOTS('',1,(#3995,#3996),.UNSPECIFIED.,.F.,
  .F.,(2,2),(5.242640687119,6.071067811865),.PIECEWISE_BEZIER_KNOTS.);
#3995 = CARTESIAN_POINT('',(5.418113398821,4.832326961194));
#3996 = CARTESIAN_POINT('',(4.832326961194,5.418113398821));
#3997 = ( GEOMETRIC_REPRESENTATION_CONTEXT(2) 
PARAMETRIC_REPRESENTATION_CONTEXT() REPRESENTATION_CONTEXT('2D SPACE',''
  ) );
#3998 = PCURVE('',#1309,#3999);
#3999 = DEFINITIONAL_REPRESENTATION('',(#4000),#4003);
#4000 = B_SPLINE_CURVE_WITH_KNOTS('',1,(#4001,#4002),.UNSPECIFIED.,.F.,
  .F.,(2,2),(5.242640687119,6.071067811865),.PIECEWISE_BEZIER_KNOTS.);
#4001 = CARTESIAN_POINT('',(-0.414213562373,-2.));
#4002 = CARTESIAN_POINT('',(0.414213562373,-2.));
#4003 = ( GEOMETRIC_REPRESENTATION_CONTEXT(2) 
PARAMETRIC_REPRESENTATION_CONTEXT() REPRESENTATION_CONTEXT('2D SPACE',''
  ) );
#4004 = ORIENTED_EDGE('',*,*,#4005,.F.);
#4005 = EDGE_CURVE('',#4006,#3986,#4008,.T.);
#4006 = VERTEX_POINT('',#4007);
#4007 = CARTESIAN_POINT('',(62.,217.16924437775,4.585786437627));
#4008 = SURFACE_CURVE('',#4009,(#4013,#4020),.PCURVE_S1.);
#4009 = ( BOUNDED_CURVE() B_SPLINE_CURVE(2,(#4010,#4011,#4012),
.UNSPECIFIED.,.F.,.F.) B_SPLINE_CURVE_WITH_KNOTS((3,3),(0.,
0.785398163397),.PIECEWISE_BEZIER_KNOTS.) CURVE() 
GEOMETRIC_REPRESENTATION_ITEM() RATIONAL_B_SPLINE_CURVE((1.,
0.923879532511,1.)) REPRESENTATION_ITEM('') );
#4010 = CARTESIAN_POINT('',(62.,217.16924437775,4.585786437627));
#4011 = CARTESIAN_POINT('',(61.585786437627,217.16924437775,
    4.585786437627));
#4012 = CARTESIAN_POINT('',(61.292893218813,217.16924437775,
    4.292893218813));
#4013 = PCURVE('',#1282,#4014);
#4014 = DEFINITIONAL_REPRESENTATION('',(#4015),#4019);
#4015 = ( BOUNDED_CURVE() B_SPLINE_CURVE(2,(#4016,#4017,#4018),
.UNSPECIFIED.,.F.,.F.) B_SPLINE_CURVE_WITH_KNOTS((3,3),(0.,
0.785398163397),.PIECEWISE_BEZIER_KNOTS.) CURVE() 
GEOMETRIC_REPRESENTATION_ITEM() RATIONAL_B_SPLINE_CURVE((1.,
0.923879532511,1.)) REPRESENTATION_ITEM('') );
#4016 = CARTESIAN_POINT('',(4.53943374238,6.125220180007));
#4017 = CARTESIAN_POINT('',(4.53943374238,5.711006617634));
#4018 = CARTESIAN_POINT('',(4.832326961194,5.418113398821));
#4019 = ( GEOMETRIC_REPRESENTATION_CONTEXT(2) 
PARAMETRIC_REPRESENTATION_CONTEXT() REPRESENTATION_CONTEXT('2D SPACE',''
  ) );
#4020 = PCURVE('',#4021,#4028);
#4021 = ( BOUNDED_SURFACE() B_SPLINE_SURFACE(2,1,(
    (#4022,#4023)
    ,(#4024,#4025)
    ,(#4026,#4027
)),.UNSPECIFIED.,.F.,.F.,.F.) B_SPLINE_SURFACE_WITH_KNOTS((3,3),(2,2),(
    0.,2.356194490192),(-1.,5.),.PIECEWISE_BEZIER_KNOTS.) 
GEOMETRIC_REPRESENTATION_ITEM() RATIONAL_B_SPLINE_SURFACE((
    (1.,1.)
    ,(0.382683432365,0.382683432365)
,(1.,1.))) REPRESENTATION_ITEM('') SURFACE() );
#4022 = CARTESIAN_POINT('',(61.292893218813,212.16924437775,
    4.292893218813));
#4023 = CARTESIAN_POINT('',(61.292893218813,218.16924437775,
    4.292893218813));
#4024 = CARTESIAN_POINT('',(63.,212.16924437775,6.));
#4025 = CARTESIAN_POINT('',(63.,218.16924437775,6.));
#4026 = CARTESIAN_POINT('',(63.,212.16924437775,3.585786437627));
#4027 = CARTESIAN_POINT('',(63.,218.16924437775,3.585786437627));
#4028 = DEFINITIONAL_REPRESENTATION('',(#4029),#4037);
#4029 = B_SPLINE_CURVE_WITH_KNOTS('',6,(#4030,#4031,#4032,#4033,#4034,
    #4035,#4036),.UNSPECIFIED.,.F.,.F.,(7,7),(0.,0.785398163397),
  .PIECEWISE_BEZIER_KNOTS.);
#4030 = CARTESIAN_POINT('',(0.827385476227,4.));
#4031 = CARTESIAN_POINT('',(0.710481573828,4.000000000001));
#4032 = CARTESIAN_POINT('',(0.586458478551,3.999999999999));
#4033 = CARTESIAN_POINT('',(0.454504151052,4.000000000001));
#4034 = CARTESIAN_POINT('',(0.31363840451,4.));
#4035 = CARTESIAN_POINT('',(0.162661262849,4.000000000001));
#4036 = CARTESIAN_POINT('',(2.563126071541E-14,4.));
#4037 = ( GEOMETRIC_REPRESENTATION_CONTEXT(2) 
PARAMETRIC_REPRESENTATION_CONTEXT() REPRESENTATION_CONTEXT('2D SPACE',''
  ) );
#4038 = ORIENTED_EDGE('',*,*,#4039,.F.);
#4039 = EDGE_CURVE('',#4040,#4006,#4042,.T.);
#4040 = VERTEX_POINT('',#4041);
#4041 = CARTESIAN_POINT('',(62.,217.16924437775,20.865494960399));
#4042 = SURFACE_CURVE('',#4043,(#4046,#4052),.PCURVE_S1.);
#4043 = B_SPLINE_CURVE_WITH_KNOTS('',1,(#4044,#4045),.UNSPECIFIED.,.F.,
  .F.,(2,2),(1.,17.279708522773),.PIECEWISE_BEZIER_KNOTS.);
#4044 = CARTESIAN_POINT('',(62.,217.16924437775,20.865494960399));
#4045 = CARTESIAN_POINT('',(62.,217.16924437775,4.585786437626));
#4046 = PCURVE('',#1282,#4047);
#4047 = DEFINITIONAL_REPRESENTATION('',(#4048),#4051);
#4048 = B_SPLINE_CURVE_WITH_KNOTS('',1,(#4049,#4050),.UNSPECIFIED.,.F.,
  .F.,(2,2),(1.,17.279708522773),.PIECEWISE_BEZIER_KNOTS.);
#4049 = CARTESIAN_POINT('',(-11.74027478039,6.125220180007));
#4050 = CARTESIAN_POINT('',(4.539433742381,6.125220180007));
#4051 = ( GEOMETRIC_REPRESENTATION_CONTEXT(2) 
PARAMETRIC_REPRESENTATION_CONTEXT() REPRESENTATION_CONTEXT('2D SPACE',''
  ) );
#4052 = PCURVE('',#4053,#4060);
#4053 = ( BOUNDED_SURFACE() B_SPLINE_SURFACE(2,1,(
    (#4054,#4055)
    ,(#4056,#4057)
    ,(#4058,#4059
)),.UNSPECIFIED.,.F.,.F.,.F.) B_SPLINE_SURFACE_WITH_KNOTS((3,3),(2,2),(
    0.,1.570796673625),(-0.414213909203,18.279708522772),
.PIECEWISE_BEZIER_KNOTS.) GEOMETRIC_REPRESENTATION_ITEM() 
RATIONAL_B_SPLINE_SURFACE((
    (1.,1.)
    ,(0.707106658564,0.707106658564)
,(1.,1.))) REPRESENTATION_ITEM('') SURFACE() );
#4054 = CARTESIAN_POINT('',(62.,217.16924437775,22.279708869603));
#4055 = CARTESIAN_POINT('',(62.,217.16924437775,3.585786437627));
#4056 = CARTESIAN_POINT('',(63.00000034683,217.16924437775,
    22.279708869603));
#4057 = CARTESIAN_POINT('',(63.00000034683,217.16924437775,
    3.585786437627));
#4058 = CARTESIAN_POINT('',(63.,218.16924472458,22.279708869603));
#4059 = CARTESIAN_POINT('',(63.,218.16924472458,3.585786437627));
#4060 = DEFINITIONAL_REPRESENTATION('',(#4061),#4065);
#4061 = B_SPLINE_CURVE_WITH_KNOTS('',2,(#4062,#4063,#4064),
  .UNSPECIFIED.,.F.,.F.,(3,3),(1.,17.279708522773),
  .PIECEWISE_BEZIER_KNOTS.);
#4062 = CARTESIAN_POINT('',(0.,1.));
#4063 = CARTESIAN_POINT('',(0.,9.139854261386));
#4064 = CARTESIAN_POINT('',(0.,17.279708522773));
#4065 = ( GEOMETRIC_REPRESENTATION_CONTEXT(2) 
PARAMETRIC_REPRESENTATION_CONTEXT() REPRESENTATION_CONTEXT('2D SPACE',''
  ) );
#4066 = ORIENTED_EDGE('',*,*,#4067,.T.);
#4067 = EDGE_CURVE('',#4040,#1438,#4068,.T.);
#4068 = SURFACE_CURVE('',#4069,(#4072,#4078),.PCURVE_S1.);
#4069 = B_SPLINE_CURVE_WITH_KNOTS('',1,(#4070,#4071),.UNSPECIFIED.,.F.,
  .F.,(2,2),(4.242640687119,29.508265958624),.PIECEWISE_BEZIER_KNOTS.);
#4070 = CARTESIAN_POINT('',(62.,217.16924437775,20.865494960399));
#4071 = CARTESIAN_POINT('',(44.134505039601,217.16924437775,3.));
#4072 = PCURVE('',#1282,#4073);
#4073 = DEFINITIONAL_REPRESENTATION('',(#4074),#4077);
#4074 = B_SPLINE_CURVE_WITH_KNOTS('',1,(#4075,#4076),.UNSPECIFIED.,.F.,
  .F.,(2,2),(4.242640687119,29.508265958624),.PIECEWISE_BEZIER_KNOTS.);
#4075 = CARTESIAN_POINT('',(-11.74027478039,6.125220180007));
#4076 = CARTESIAN_POINT('',(6.125220180007,-11.74027478039));
#4077 = ( GEOMETRIC_REPRESENTATION_CONTEXT(2) 
PARAMETRIC_REPRESENTATION_CONTEXT() REPRESENTATION_CONTEXT('2D SPACE',''
  ) );
#4078 = PCURVE('',#1477,#4079);
#4079 = DEFINITIONAL_REPRESENTATION('',(#4080),#4083);
#4080 = B_SPLINE_CURVE_WITH_KNOTS('',1,(#4081,#4082),.UNSPECIFIED.,.F.,
  .F.,(2,2),(4.242640687119,29.508265958624),.PIECEWISE_BEZIER_KNOTS.);
#4081 = CARTESIAN_POINT('',(12.632812635752,-2.));
#4082 = CARTESIAN_POINT('',(-12.63281263575,-2.));
#4083 = ( GEOMETRIC_REPRESENTATION_CONTEXT(2) 
PARAMETRIC_REPRESENTATION_CONTEXT() REPRESENTATION_CONTEXT('2D SPACE',''
  ) );
#4084 = ORIENTED_EDGE('',*,*,#1437,.F.);
#4085 = ORIENTED_EDGE('',*,*,#1262,.T.);
#4086 = ADVANCED_FACE('',(#4087),#1309,.T.);
#4087 = FACE_BOUND('',#4088,.T.);
#4088 = EDGE_LOOP('',(#4089,#4109,#4110,#4111));
#4089 = ORIENTED_EDGE('',*,*,#4090,.F.);
#4090 = EDGE_CURVE('',#1295,#4091,#4093,.T.);
#4091 = VERTEX_POINT('',#4092);
#4092 = CARTESIAN_POINT('',(61.292893218813,213.16924437775,
    4.292893218813));
#4093 = SURFACE_CURVE('',#4094,(#4097,#4103),.PCURVE_S1.);
#4094 = B_SPLINE_CURVE_WITH_KNOTS('',1,(#4095,#4096),.UNSPECIFIED.,.F.,
  .F.,(2,2),(5.242640687119,6.071067811865),.PIECEWISE_BEZIER_KNOTS.);
#4095 = CARTESIAN_POINT('',(60.707106781187,213.16924437775,
    3.707106781187));
#4096 = CARTESIAN_POINT('',(61.292893218813,213.16924437775,
    4.292893218813));
#4097 = PCURVE('',#1309,#4098);
#4098 = DEFINITIONAL_REPRESENTATION('',(#4099),#4102);
#4099 = B_SPLINE_CURVE_WITH_KNOTS('',1,(#4100,#4101),.UNSPECIFIED.,.F.,
  .F.,(2,2),(5.242640687119,6.071067811865),.PIECEWISE_BEZIER_KNOTS.);
#4100 = CARTESIAN_POINT('',(-0.414213562373,2.));
#4101 = CARTESIAN_POINT('',(0.414213562373,2.));
#4102 = ( GEOMETRIC_REPRESENTATION_CONTEXT(2) 
PARAMETRIC_REPRESENTATION_CONTEXT() REPRESENTATION_CONTEXT('2D SPACE',''
  ) );
#4103 = PCURVE('',#1340,#4104);
#4104 = DEFINITIONAL_REPRESENTATION('',(#4105),#4108);
#4105 = B_SPLINE_CURVE_WITH_KNOTS('',1,(#4106,#4107),.UNSPECIFIED.,.F.,
  .F.,(2,2),(5.242640687119,6.071067811865),.PIECEWISE_BEZIER_KNOTS.);
#4106 = CARTESIAN_POINT('',(5.418113398821,4.832326961194));
#4107 = CARTESIAN_POINT('',(4.832326961194,5.418113398821));
#4108 = ( GEOMETRIC_REPRESENTATION_CONTEXT(2) 
PARAMETRIC_REPRESENTATION_CONTEXT() REPRESENTATION_CONTEXT('2D SPACE',''
  ) );
#4109 = ORIENTED_EDGE('',*,*,#1294,.F.);
#4110 = ORIENTED_EDGE('',*,*,#3985,.T.);
#4111 = ORIENTED_EDGE('',*,*,#4112,.F.);
#4112 = EDGE_CURVE('',#4091,#3986,#4113,.T.);
#4113 = SURFACE_CURVE('',#4114,(#4117,#4123),.PCURVE_S1.);
#4114 = B_SPLINE_CURVE_WITH_KNOTS('',1,(#4115,#4116),.UNSPECIFIED.,.F.,
  .F.,(2,2),(-4.766068893784E-16,4.),.PIECEWISE_BEZIER_KNOTS.);
#4115 = CARTESIAN_POINT('',(61.292893218813,213.16924437775,
    4.292893218813));
#4116 = CARTESIAN_POINT('',(61.292893218813,217.16924437775,
    4.292893218813));
#4117 = PCURVE('',#1309,#4118);
#4118 = DEFINITIONAL_REPRESENTATION('',(#4119),#4122);
#4119 = B_SPLINE_CURVE_WITH_KNOTS('',1,(#4120,#4121),.UNSPECIFIED.,.F.,
  .F.,(2,2),(-4.766068893784E-16,4.),.PIECEWISE_BEZIER_KNOTS.);
#4120 = CARTESIAN_POINT('',(0.414213562373,2.));
#4121 = CARTESIAN_POINT('',(0.414213562373,-2.));
#4122 = ( GEOMETRIC_REPRESENTATION_CONTEXT(2) 
PARAMETRIC_REPRESENTATION_CONTEXT() REPRESENTATION_CONTEXT('2D SPACE',''
  ) );
#4123 = PCURVE('',#4021,#4124);
#4124 = DEFINITIONAL_REPRESENTATION('',(#4125),#4129);
#4125 = B_SPLINE_CURVE_WITH_KNOTS('',2,(#4126,#4127,#4128),
  .UNSPECIFIED.,.F.,.F.,(3,3),(-4.766068893784E-16,4.),
  .PIECEWISE_BEZIER_KNOTS.);
#4126 = CARTESIAN_POINT('',(0.,-4.766068893784E-16));
#4127 = CARTESIAN_POINT('',(-5.26519415858E-15,2.));
#4128 = CARTESIAN_POINT('',(-5.605947851515E-15,4.));
#4129 = ( GEOMETRIC_REPRESENTATION_CONTEXT(2) 
PARAMETRIC_REPRESENTATION_CONTEXT() REPRESENTATION_CONTEXT('2D SPACE',''
  ) );
#4130 = ADVANCED_FACE('',(#4131),#1340,.T.);
#4131 = FACE_BOUND('',#4132,.T.);
#4132 = EDGE_LOOP('',(#4133,#4134,#4161,#4189,#4207,#4208));
#4133 = ORIENTED_EDGE('',*,*,#4090,.T.);
#4134 = ORIENTED_EDGE('',*,*,#4135,.F.);
#4135 = EDGE_CURVE('',#4136,#4091,#4138,.T.);
#4136 = VERTEX_POINT('',#4137);
#4137 = CARTESIAN_POINT('',(62.,213.16924437775,4.585786437627));
#4138 = SURFACE_CURVE('',#4139,(#4143,#4150),.PCURVE_S1.);
#4139 = ( BOUNDED_CURVE() B_SPLINE_CURVE(2,(#4140,#4141,#4142),
.UNSPECIFIED.,.F.,.F.) B_SPLINE_CURVE_WITH_KNOTS((3,3),(0.,
0.785398163397),.PIECEWISE_BEZIER_KNOTS.) CURVE() 
GEOMETRIC_REPRESENTATION_ITEM() RATIONAL_B_SPLINE_CURVE((1.,
0.923879532511,1.)) REPRESENTATION_ITEM('') );
#4140 = CARTESIAN_POINT('',(62.,213.16924437775,4.585786437627));
#4141 = CARTESIAN_POINT('',(61.585786437627,213.16924437775,
    4.585786437627));
#4142 = CARTESIAN_POINT('',(61.292893218813,213.16924437775,
    4.292893218813));
#4143 = PCURVE('',#1340,#4144);
#4144 = DEFINITIONAL_REPRESENTATION('',(#4145),#4149);
#4145 = ( BOUNDED_CURVE() B_SPLINE_CURVE(2,(#4146,#4147,#4148),
.UNSPECIFIED.,.F.,.F.) B_SPLINE_CURVE_WITH_KNOTS((3,3),(0.,
0.785398163397),.PIECEWISE_BEZIER_KNOTS.) CURVE() 
GEOMETRIC_REPRESENTATION_ITEM() RATIONAL_B_SPLINE_CURVE((1.,
0.923879532511,1.)) REPRESENTATION_ITEM('') );
#4146 = CARTESIAN_POINT('',(4.53943374238,6.125220180007));
#4147 = CARTESIAN_POINT('',(4.53943374238,5.711006617634));
#4148 = CARTESIAN_POINT('',(4.832326961194,5.418113398821));
#4149 = ( GEOMETRIC_REPRESENTATION_CONTEXT(2) 
PARAMETRIC_REPRESENTATION_CONTEXT() REPRESENTATION_CONTEXT('2D SPACE',''
  ) );
#4150 = PCURVE('',#4021,#4151);
#4151 = DEFINITIONAL_REPRESENTATION('',(#4152),#4160);
#4152 = B_SPLINE_CURVE_WITH_KNOTS('',6,(#4153,#4154,#4155,#4156,#4157,
    #4158,#4159),.UNSPECIFIED.,.F.,.F.,(7,7),(0.,0.785398163397),
  .PIECEWISE_BEZIER_KNOTS.);
#4153 = CARTESIAN_POINT('',(0.827385476227,-2.882109516938E-14));
#4154 = CARTESIAN_POINT('',(0.710481573828,-7.615555688819E-14));
#4155 = CARTESIAN_POINT('',(0.586458478552,1.935842923148E-13));
#4156 = CARTESIAN_POINT('',(0.454504151051,-4.222661061433E-13));
#4157 = CARTESIAN_POINT('',(0.313638404511,1.111798958309E-13));
#4158 = CARTESIAN_POINT('',(0.162661262848,-2.389763793556E-14));
#4159 = CARTESIAN_POINT('',(3.126090214276E-14,-2.84217094304E-14));
#4160 = ( GEOMETRIC_REPRESENTATION_CONTEXT(2) 
PARAMETRIC_REPRESENTATION_CONTEXT() REPRESENTATION_CONTEXT('2D SPACE',''
  ) );
#4161 = ORIENTED_EDGE('',*,*,#4162,.F.);
#4162 = EDGE_CURVE('',#4163,#4136,#4165,.T.);
#4163 = VERTEX_POINT('',#4164);
#4164 = CARTESIAN_POINT('',(62.,213.16924437775,20.865494960399));
#4165 = SURFACE_CURVE('',#4166,(#4169,#4175),.PCURVE_S1.);
#4166 = B_SPLINE_CURVE_WITH_KNOTS('',1,(#4167,#4168),.UNSPECIFIED.,.F.,
  .F.,(2,2),(1.,17.279708522773),.PIECEWISE_BEZIER_KNOTS.);
#4167 = CARTESIAN_POINT('',(62.,213.16924437775,20.865494960399));
#4168 = CARTESIAN_POINT('',(62.,213.16924437775,4.585786437626));
#4169 = PCURVE('',#1340,#4170);
#4170 = DEFINITIONAL_REPRESENTATION('',(#4171),#4174);
#4171 = B_SPLINE_CURVE_WITH_KNOTS('',1,(#4172,#4173),.UNSPECIFIED.,.F.,
  .F.,(2,2),(1.,17.279708522773),.PIECEWISE_BEZIER_KNOTS.);
#4172 = CARTESIAN_POINT('',(-11.74027478039,6.125220180007));
#4173 = CARTESIAN_POINT('',(4.539433742381,6.125220180007));
#4174 = ( GEOMETRIC_REPRESENTATION_CONTEXT(2) 
PARAMETRIC_REPRESENTATION_CONTEXT() REPRESENTATION_CONTEXT('2D SPACE',''
  ) );
#4175 = PCURVE('',#4176,#4183);
#4176 = ( BOUNDED_SURFACE() B_SPLINE_SURFACE(2,1,(
    (#4177,#4178)
    ,(#4179,#4180)
    ,(#4181,#4182
)),.UNSPECIFIED.,.F.,.F.,.F.) B_SPLINE_SURFACE_WITH_KNOTS((3,3),(2,2),(
    0.,1.570796326795),(-0.414213562373,18.279708522772),
.PIECEWISE_BEZIER_KNOTS.) GEOMETRIC_REPRESENTATION_ITEM() 
RATIONAL_B_SPLINE_SURFACE((
    (1.,1.)
    ,(0.707106781187,0.707106781187)
,(1.,1.))) REPRESENTATION_ITEM('') SURFACE() );
#4177 = CARTESIAN_POINT('',(62.,213.16924437775,22.279708522772));
#4178 = CARTESIAN_POINT('',(62.,213.16924437775,3.585786437627));
#4179 = CARTESIAN_POINT('',(63.,213.16924437775,22.279708522772));
#4180 = CARTESIAN_POINT('',(63.,213.16924437775,3.585786437627));
#4181 = CARTESIAN_POINT('',(63.,212.16924437775,22.279708522772));
#4182 = CARTESIAN_POINT('',(63.,212.16924437775,3.585786437627));
#4183 = DEFINITIONAL_REPRESENTATION('',(#4184),#4188);
#4184 = B_SPLINE_CURVE_WITH_KNOTS('',2,(#4185,#4186,#4187),
  .UNSPECIFIED.,.F.,.F.,(3,3),(1.,17.279708522773),
  .PIECEWISE_BEZIER_KNOTS.);
#4185 = CARTESIAN_POINT('',(0.,1.));
#4186 = CARTESIAN_POINT('',(0.,9.139854261386));
#4187 = CARTESIAN_POINT('',(0.,17.279708522773));
#4188 = ( GEOMETRIC_REPRESENTATION_CONTEXT(2) 
PARAMETRIC_REPRESENTATION_CONTEXT() REPRESENTATION_CONTEXT('2D SPACE',''
  ) );
#4189 = ORIENTED_EDGE('',*,*,#4190,.T.);
#4190 = EDGE_CURVE('',#4163,#1528,#4191,.T.);
#4191 = SURFACE_CURVE('',#4192,(#4195,#4201),.PCURVE_S1.);
#4192 = B_SPLINE_CURVE_WITH_KNOTS('',1,(#4193,#4194),.UNSPECIFIED.,.F.,
  .F.,(2,2),(4.242640687119,29.508265958624),.PIECEWISE_BEZIER_KNOTS.);
#4193 = CARTESIAN_POINT('',(62.,213.16924437775,20.865494960399));
#4194 = CARTESIAN_POINT('',(44.134505039601,213.16924437775,3.));
#4195 = PCURVE('',#1340,#4196);
#4196 = DEFINITIONAL_REPRESENTATION('',(#4197),#4200);
#4197 = B_SPLINE_CURVE_WITH_KNOTS('',1,(#4198,#4199),.UNSPECIFIED.,.F.,
  .F.,(2,2),(4.242640687119,29.508265958624),.PIECEWISE_BEZIER_KNOTS.);
#4198 = CARTESIAN_POINT('',(-11.74027478039,6.125220180007));
#4199 = CARTESIAN_POINT('',(6.125220180007,-11.74027478039));
#4200 = ( GEOMETRIC_REPRESENTATION_CONTEXT(2) 
PARAMETRIC_REPRESENTATION_CONTEXT() REPRESENTATION_CONTEXT('2D SPACE',''
  ) );
#4201 = PCURVE('',#1477,#4202);
#4202 = DEFINITIONAL_REPRESENTATION('',(#4203),#4206);
#4203 = B_SPLINE_CURVE_WITH_KNOTS('',1,(#4204,#4205),.UNSPECIFIED.,.F.,
  .F.,(2,2),(4.242640687119,29.508265958624),.PIECEWISE_BEZIER_KNOTS.);
#4204 = CARTESIAN_POINT('',(12.632812635752,2.));
#4205 = CARTESIAN_POINT('',(-12.63281263575,2.));
#4206 = ( GEOMETRIC_REPRESENTATION_CONTEXT(2) 
PARAMETRIC_REPRESENTATION_CONTEXT() REPRESENTATION_CONTEXT('2D SPACE',''
  ) );
#4207 = ORIENTED_EDGE('',*,*,#1527,.F.);
#4208 = ORIENTED_EDGE('',*,*,#1320,.T.);
#4209 = ADVANCED_FACE('',(#4210),#1477,.F.);
#4210 = FACE_BOUND('',#4211,.F.);
#4211 = EDGE_LOOP('',(#4212,#4213,#4241,#4269,#4295,#4296,#4297,#4298));
#4212 = ORIENTED_EDGE('',*,*,#4067,.F.);
#4213 = ORIENTED_EDGE('',*,*,#4214,.F.);
#4214 = EDGE_CURVE('',#4215,#4040,#4217,.T.);
#4215 = VERTEX_POINT('',#4216);
#4216 = CARTESIAN_POINT('',(62.707106781187,217.46213759656,
    21.572601741586));
#4217 = SURFACE_CURVE('',#4218,(#4222,#4229),.PCURVE_S1.);
#4218 = ( BOUNDED_CURVE() B_SPLINE_CURVE(2,(#4219,#4220,#4221),
.UNSPECIFIED.,.F.,.F.) B_SPLINE_CURVE_WITH_KNOTS((3,3),(3.926990816987,
4.712388980385),.PIECEWISE_BEZIER_KNOTS.) CURVE() 
GEOMETRIC_REPRESENTATION_ITEM() RATIONAL_B_SPLINE_CURVE((1.,
0.923879532511,1.)) REPRESENTATION_ITEM('') );
#4219 = CARTESIAN_POINT('',(62.707106781187,217.46213759656,
    21.572601741586));
#4220 = CARTESIAN_POINT('',(62.414213562373,217.16924437775,
    21.279708522772));
#4221 = CARTESIAN_POINT('',(62.,217.16924437775,20.865494960399));
#4222 = PCURVE('',#1477,#4223);
#4223 = DEFINITIONAL_REPRESENTATION('',(#4224),#4228);
#4224 = ( BOUNDED_CURVE() B_SPLINE_CURVE(2,(#4225,#4226,#4227),
.UNSPECIFIED.,.F.,.F.) B_SPLINE_CURVE_WITH_KNOTS((3,3),(3.926990816987,
4.712388980385),.PIECEWISE_BEZIER_KNOTS.) CURVE() 
GEOMETRIC_REPRESENTATION_ITEM() RATIONAL_B_SPLINE_CURVE((1.,
0.923879532511,1.)) REPRESENTATION_ITEM('') );
#4225 = CARTESIAN_POINT('',(13.632812635752,-2.292893218813));
#4226 = CARTESIAN_POINT('',(13.218599073379,-2.));
#4227 = CARTESIAN_POINT('',(12.632812635752,-2.));
#4228 = ( GEOMETRIC_REPRESENTATION_CONTEXT(2) 
PARAMETRIC_REPRESENTATION_CONTEXT() REPRESENTATION_CONTEXT('2D SPACE',''
  ) );
#4229 = PCURVE('',#4053,#4230);
#4230 = DEFINITIONAL_REPRESENTATION('',(#4231),#4240);
#4231 = B_SPLINE_CURVE_WITH_KNOTS('',7,(#4232,#4233,#4234,#4235,#4236,
    #4237,#4238,#4239),.UNSPECIFIED.,.F.,.F.,(8,8),(3.926990816988,
    4.712388980385),.PIECEWISE_BEZIER_KNOTS.);
#4232 = CARTESIAN_POINT('',(0.785398172404,0.292893218814));
#4233 = CARTESIAN_POINT('',(0.681739133787,0.370206761538));
#4234 = CARTESIAN_POINT('',(0.575449902569,0.459346067071));
#4235 = CARTESIAN_POINT('',(0.466410351584,0.559026714438));
#4236 = CARTESIAN_POINT('',(0.354491210472,0.666737019478));
#4237 = CARTESIAN_POINT('',(0.239552902144,0.778550099486));
#4238 = CARTESIAN_POINT('',(0.121444126632,0.890661772325));
#4239 = CARTESIAN_POINT('',(1.68972328402E-14,1.));
#4240 = ( GEOMETRIC_REPRESENTATION_CONTEXT(2) 
PARAMETRIC_REPRESENTATION_CONTEXT() REPRESENTATION_CONTEXT('2D SPACE',''
  ) );
#4241 = ORIENTED_EDGE('',*,*,#4242,.F.);
#4242 = EDGE_CURVE('',#4243,#4215,#4245,.T.);
#4243 = VERTEX_POINT('',#4244);
#4244 = CARTESIAN_POINT('',(62.707106781187,212.87635115894,
    21.572601741586));
#4245 = SURFACE_CURVE('',#4246,(#4249,#4255),.PCURVE_S1.);
#4246 = B_SPLINE_CURVE_WITH_KNOTS('',1,(#4247,#4248),.UNSPECIFIED.,.F.,
  .F.,(2,2),(-0.292893218813,4.292893218813),.PIECEWISE_BEZIER_KNOTS.);
#4247 = CARTESIAN_POINT('',(62.707106781187,212.87635115894,
    21.572601741586));
#4248 = CARTESIAN_POINT('',(62.707106781187,217.46213759656,
    21.572601741586));
#4249 = PCURVE('',#1477,#4250);
#4250 = DEFINITIONAL_REPRESENTATION('',(#4251),#4254);
#4251 = B_SPLINE_CURVE_WITH_KNOTS('',1,(#4252,#4253),.UNSPECIFIED.,.F.,
  .F.,(2,2),(-0.292893218813,4.292893218813),.PIECEWISE_BEZIER_KNOTS.);
#4252 = CARTESIAN_POINT('',(13.632812635752,2.292893218813));
#4253 = CARTESIAN_POINT('',(13.632812635752,-2.292893218813));
#4254 = ( GEOMETRIC_REPRESENTATION_CONTEXT(2) 
PARAMETRIC_REPRESENTATION_CONTEXT() REPRESENTATION_CONTEXT('2D SPACE',''
  ) );
#4255 = PCURVE('',#4256,#4263);
#4256 = ( BOUNDED_SURFACE() B_SPLINE_SURFACE(2,1,(
    (#4257,#4258)
    ,(#4259,#4260)
    ,(#4261,#4262
)),.UNSPECIFIED.,.F.,.F.,.F.) B_SPLINE_SURFACE_WITH_KNOTS((3,3),(2,2),(
    0.,0.785398510228),(-1.,5.00000034683),.PIECEWISE_BEZIER_KNOTS.) 
GEOMETRIC_REPRESENTATION_ITEM() RATIONAL_B_SPLINE_SURFACE((
    (1.,1.)
    ,(0.923879466148,0.923879466148)
,(1.,1.))) REPRESENTATION_ITEM('') SURFACE() );
#4257 = CARTESIAN_POINT('',(62.707106781187,212.16924437775,
    21.572601741586));
#4258 = CARTESIAN_POINT('',(62.707106781187,218.16924472458,
    21.572601741586));
#4259 = CARTESIAN_POINT('',(63.000000143662,212.16924437775,
    21.865495104061));
#4260 = CARTESIAN_POINT('',(63.000000143662,218.16924472458,
    21.865495104061));
#4261 = CARTESIAN_POINT('',(63.,212.16924437775,22.279708869603));
#4262 = CARTESIAN_POINT('',(63.,218.16924472458,22.279708869603));
#4263 = DEFINITIONAL_REPRESENTATION('',(#4264),#4268);
#4264 = B_SPLINE_CURVE_WITH_KNOTS('',2,(#4265,#4266,#4267),
  .UNSPECIFIED.,.F.,.F.,(3,3),(-0.292893218813,4.292893218813),
  .PIECEWISE_BEZIER_KNOTS.);
#4265 = CARTESIAN_POINT('',(0.,-0.292893218813));
#4266 = CARTESIAN_POINT('',(0.,2.));
#4267 = CARTESIAN_POINT('',(0.,4.292893218813));
#4268 = ( GEOMETRIC_REPRESENTATION_CONTEXT(2) 
PARAMETRIC_REPRESENTATION_CONTEXT() REPRESENTATION_CONTEXT('2D SPACE',''
  ) );
#4269 = ORIENTED_EDGE('',*,*,#4270,.T.);
#4270 = EDGE_CURVE('',#4243,#4163,#4271,.T.);
#4271 = SURFACE_CURVE('',#4272,(#4276,#4283),.PCURVE_S1.);
#4272 = ( BOUNDED_CURVE() B_SPLINE_CURVE(2,(#4273,#4274,#4275),
.UNSPECIFIED.,.F.,.F.) B_SPLINE_CURVE_WITH_KNOTS((3,3),(3.926990816987,
4.712388980385),.PIECEWISE_BEZIER_KNOTS.) CURVE() 
GEOMETRIC_REPRESENTATION_ITEM() RATIONAL_B_SPLINE_CURVE((1.,
0.923879532511,1.)) REPRESENTATION_ITEM('') );
#4273 = CARTESIAN_POINT('',(62.707106781187,212.87635115894,
    21.572601741586));
#4274 = CARTESIAN_POINT('',(62.414213562373,213.16924437775,
    21.279708522772));
#4275 = CARTESIAN_POINT('',(62.,213.16924437775,20.865494960399));
#4276 = PCURVE('',#1477,#4277);
#4277 = DEFINITIONAL_REPRESENTATION('',(#4278),#4282);
#4278 = ( BOUNDED_CURVE() B_SPLINE_CURVE(2,(#4279,#4280,#4281),
.UNSPECIFIED.,.F.,.F.) B_SPLINE_CURVE_WITH_KNOTS((3,3),(3.926990816987,
4.712388980385),.PIECEWISE_BEZIER_KNOTS.) CURVE() 
GEOMETRIC_REPRESENTATION_ITEM() RATIONAL_B_SPLINE_CURVE((1.,
0.923879532511,1.)) REPRESENTATION_ITEM('') );
#4279 = CARTESIAN_POINT('',(13.632812635752,2.292893218813));
#4280 = CARTESIAN_POINT('',(13.218599073379,2.));
#4281 = CARTESIAN_POINT('',(12.632812635752,2.));
#4282 = ( GEOMETRIC_REPRESENTATION_CONTEXT(2) 
PARAMETRIC_REPRESENTATION_CONTEXT() REPRESENTATION_CONTEXT('2D SPACE',''
  ) );
#4283 = PCURVE('',#4176,#4284);
#4284 = DEFINITIONAL_REPRESENTATION('',(#4285),#4294);
#4285 = B_SPLINE_CURVE_WITH_KNOTS('',7,(#4286,#4287,#4288,#4289,#4290,
    #4291,#4292,#4293),.UNSPECIFIED.,.F.,.F.,(8,8),(3.926990816987,
    4.712388980385),.PIECEWISE_BEZIER_KNOTS.);
#4286 = CARTESIAN_POINT('',(0.785398163397,0.292893218814));
#4287 = CARTESIAN_POINT('',(0.681739122245,0.370206761537));
#4288 = CARTESIAN_POINT('',(0.575449889582,0.459346067071));
#4289 = CARTESIAN_POINT('',(0.466410338308,0.559026714428));
#4290 = CARTESIAN_POINT('',(0.35449119825,0.666737019479));
#4291 = CARTESIAN_POINT('',(0.239552892359,0.778550099484));
#4292 = CARTESIAN_POINT('',(0.121444120879,0.890661772326));
#4293 = CARTESIAN_POINT('',(1.678621016377E-14,1.));
#4294 = ( GEOMETRIC_REPRESENTATION_CONTEXT(2) 
PARAMETRIC_REPRESENTATION_CONTEXT() REPRESENTATION_CONTEXT('2D SPACE',''
  ) );
#4295 = ORIENTED_EDGE('',*,*,#4190,.T.);
#4296 = ORIENTED_EDGE('',*,*,#1548,.F.);
#4297 = ORIENTED_EDGE('',*,*,#1578,.F.);
#4298 = ORIENTED_EDGE('',*,*,#1458,.T.);
#4299 = ADVANCED_FACE('',(#4300),#1718,.F.);
#4300 = FACE_BOUND('',#4301,.F.);
#4301 = EDGE_LOOP('',(#4302,#4323,#4324,#4345));
#4302 = ORIENTED_EDGE('',*,*,#4303,.F.);
#4303 = EDGE_CURVE('',#1603,#4304,#4306,.T.);
#4304 = VERTEX_POINT('',#4305);
#4305 = CARTESIAN_POINT('',(-2.,245.,-15.));
#4306 = SURFACE_CURVE('',#4307,(#4310,#4316),.PCURVE_S1.);
#4307 = B_SPLINE_CURVE_WITH_KNOTS('',1,(#4308,#4309),.UNSPECIFIED.,.F.,
  .F.,(2,2),(6.,15.),.PIECEWISE_BEZIER_KNOTS.);
#4308 = CARTESIAN_POINT('',(-2.,245.,-6.));
#4309 = CARTESIAN_POINT('',(-2.,245.,-15.));
#4310 = PCURVE('',#1718,#4311);
#4311 = DEFINITIONAL_REPRESENTATION('',(#4312),#4315);
#4312 = B_SPLINE_CURVE_WITH_KNOTS('',1,(#4313,#4314),.UNSPECIFIED.,.F.,
  .F.,(2,2),(6.,15.),.PIECEWISE_BEZIER_KNOTS.);
#4313 = CARTESIAN_POINT('',(6.,-15.));
#4314 = CARTESIAN_POINT('',(15.,-15.));
#4315 = ( GEOMETRIC_REPRESENTATION_CONTEXT(2) 
PARAMETRIC_REPRESENTATION_CONTEXT() REPRESENTATION_CONTEXT('2D SPACE',''
  ) );
#4316 = PCURVE('',#1816,#4317);
#4317 = DEFINITIONAL_REPRESENTATION('',(#4318),#4322);
#4318 = B_SPLINE_CURVE_WITH_KNOTS('',2,(#4319,#4320,#4321),
  .UNSPECIFIED.,.F.,.F.,(3,3),(6.,15.),.PIECEWISE_BEZIER_KNOTS.);
#4319 = CARTESIAN_POINT('',(1.798215821346E-32,6.));
#4320 = CARTESIAN_POINT('',(-1.745327120718E-32,10.5));
#4321 = CARTESIAN_POINT('',(0.,15.));
#4322 = ( GEOMETRIC_REPRESENTATION_CONTEXT(2) 
PARAMETRIC_REPRESENTATION_CONTEXT() REPRESENTATION_CONTEXT('2D SPACE',''
  ) );
#4323 = ORIENTED_EDGE('',*,*,#1705,.T.);
#4324 = ORIENTED_EDGE('',*,*,#4325,.T.);
#4325 = EDGE_CURVE('',#1655,#4326,#4328,.T.);
#4326 = VERTEX_POINT('',#4327);
#4327 = CARTESIAN_POINT('',(-2.,15.,-15.));
#4328 = SURFACE_CURVE('',#4329,(#4332,#4338),.PCURVE_S1.);
#4329 = B_SPLINE_CURVE_WITH_KNOTS('',1,(#4330,#4331),.UNSPECIFIED.,.F.,
  .F.,(2,2),(6.,15.),.PIECEWISE_BEZIER_KNOTS.);
#4330 = CARTESIAN_POINT('',(-2.,15.,-6.));
#4331 = CARTESIAN_POINT('',(-2.,15.,-15.));
#4332 = PCURVE('',#1718,#4333);
#4333 = DEFINITIONAL_REPRESENTATION('',(#4334),#4337);
#4334 = B_SPLINE_CURVE_WITH_KNOTS('',1,(#4335,#4336),.UNSPECIFIED.,.F.,
  .F.,(2,2),(6.,15.),.PIECEWISE_BEZIER_KNOTS.);
#4335 = CARTESIAN_POINT('',(6.,-245.));
#4336 = CARTESIAN_POINT('',(15.,-245.));
#4337 = ( GEOMETRIC_REPRESENTATION_CONTEXT(2) 
PARAMETRIC_REPRESENTATION_CONTEXT() REPRESENTATION_CONTEXT('2D SPACE',''
  ) );
#4338 = PCURVE('',#2342,#4339);
#4339 = DEFINITIONAL_REPRESENTATION('',(#4340),#4344);
#4340 = B_SPLINE_CURVE_WITH_KNOTS('',2,(#4341,#4342,#4343),
  .UNSPECIFIED.,.F.,.F.,(3,3),(6.,15.),.PIECEWISE_BEZIER_KNOTS.);
#4341 = CARTESIAN_POINT('',(4.642438525795E-16,6.));
#4342 = CARTESIAN_POINT('',(2.821874398033E-17,10.5));
#4343 = CARTESIAN_POINT('',(0.,15.));
#4344 = ( GEOMETRIC_REPRESENTATION_CONTEXT(2) 
PARAMETRIC_REPRESENTATION_CONTEXT() REPRESENTATION_CONTEXT('2D SPACE',''
  ) );
#4345 = ORIENTED_EDGE('',*,*,#4346,.F.);
#4346 = EDGE_CURVE('',#4304,#4326,#4347,.T.);
#4347 = SURFACE_CURVE('',#4348,(#4351,#4357),.PCURVE_S1.);
#4348 = B_SPLINE_CURVE_WITH_KNOTS('',1,(#4349,#4350),.UNSPECIFIED.,.F.,
  .F.,(2,2),(15.,245.),.PIECEWISE_BEZIER_KNOTS.);
#4349 = CARTESIAN_POINT('',(-2.,245.,-15.));
#4350 = CARTESIAN_POINT('',(-2.,15.,-15.));
#4351 = PCURVE('',#1718,#4352);
#4352 = DEFINITIONAL_REPRESENTATION('',(#4353),#4356);
#4353 = B_SPLINE_CURVE_WITH_KNOTS('',1,(#4354,#4355),.UNSPECIFIED.,.F.,
  .F.,(2,2),(15.,245.),.PIECEWISE_BEZIER_KNOTS.);
#4354 = CARTESIAN_POINT('',(15.,-15.));
#4355 = CARTESIAN_POINT('',(15.,-245.));
#4356 = ( GEOMETRIC_REPRESENTATION_CONTEXT(2) 
PARAMETRIC_REPRESENTATION_CONTEXT() REPRESENTATION_CONTEXT('2D SPACE',''
  ) );
#4357 = PCURVE('',#4358,#4363);
#4358 = B_SPLINE_SURFACE_WITH_KNOTS('',1,1,(
    (#4359,#4360)
    ,(#4361,#4362
    )),.UNSPECIFIED.,.F.,.F.,.F.,(2,2),(2,2),(-2.,262.),(-132.,132.),
  .PIECEWISE_BEZIER_KNOTS.);
#4359 = CARTESIAN_POINT('',(-2.,-2.,-15.));
#4360 = CARTESIAN_POINT('',(-2.,262.,-15.));
#4361 = CARTESIAN_POINT('',(262.,-2.,-15.));
#4362 = CARTESIAN_POINT('',(262.,262.,-15.));
#4363 = DEFINITIONAL_REPRESENTATION('',(#4364),#4367);
#4364 = B_SPLINE_CURVE_WITH_KNOTS('',1,(#4365,#4366),.UNSPECIFIED.,.F.,
  .F.,(2,2),(15.,245.),.PIECEWISE_BEZIER_KNOTS.);
#4365 = CARTESIAN_POINT('',(-2.,115.));
#4366 = CARTESIAN_POINT('',(-2.,-115.));
#4367 = ( GEOMETRIC_REPRESENTATION_CONTEXT(2) 
PARAMETRIC_REPRESENTATION_CONTEXT() REPRESENTATION_CONTEXT('2D SPACE',''
  ) );
#4368 = ADVANCED_FACE('',(#4369),#1816,.T.);
#4369 = FACE_BOUND('',#4370,.T.);
#4370 = EDGE_LOOP('',(#4371,#4392,#4434,#4435));
#4371 = ORIENTED_EDGE('',*,*,#4372,.T.);
#4372 = EDGE_CURVE('',#1733,#4373,#4375,.T.);
#4373 = VERTEX_POINT('',#4374);
#4374 = CARTESIAN_POINT('',(15.,262.,-15.));
#4375 = SURFACE_CURVE('',#4376,(#4379,#4386),.PCURVE_S1.);
#4376 = B_SPLINE_CURVE_WITH_KNOTS('',1,(#4377,#4378),.UNSPECIFIED.,.F.,
  .F.,(2,2),(6.,15.),.PIECEWISE_BEZIER_KNOTS.);
#4377 = CARTESIAN_POINT('',(15.,262.,-6.));
#4378 = CARTESIAN_POINT('',(15.,262.,-15.));
#4379 = PCURVE('',#1816,#4380);
#4380 = DEFINITIONAL_REPRESENTATION('',(#4381),#4385);
#4381 = B_SPLINE_CURVE_WITH_KNOTS('',2,(#4382,#4383,#4384),
  .UNSPECIFIED.,.F.,.F.,(3,3),(6.,15.),.PIECEWISE_BEZIER_KNOTS.);
#4382 = CARTESIAN_POINT('',(1.570796326795,6.));
#4383 = CARTESIAN_POINT('',(1.570796326795,10.5));
#4384 = CARTESIAN_POINT('',(1.570796326795,15.));
#4385 = ( GEOMETRIC_REPRESENTATION_CONTEXT(2) 
PARAMETRIC_REPRESENTATION_CONTEXT() REPRESENTATION_CONTEXT('2D SPACE',''
  ) );
#4386 = PCURVE('',#1910,#4387);
#4387 = DEFINITIONAL_REPRESENTATION('',(#4388),#4391);
#4388 = B_SPLINE_CURVE_WITH_KNOTS('',1,(#4389,#4390),.UNSPECIFIED.,.F.,
  .F.,(2,2),(6.,15.),.PIECEWISE_BEZIER_KNOTS.);
#4389 = CARTESIAN_POINT('',(6.,15.));
#4390 = CARTESIAN_POINT('',(15.,15.));
#4391 = ( GEOMETRIC_REPRESENTATION_CONTEXT(2) 
PARAMETRIC_REPRESENTATION_CONTEXT() REPRESENTATION_CONTEXT('2D SPACE',''
  ) );
#4392 = ORIENTED_EDGE('',*,*,#4393,.F.);
#4393 = EDGE_CURVE('',#4304,#4373,#4394,.T.);
#4394 = SURFACE_CURVE('',#4395,(#4405,#4421),.PCURVE_S1.);
#4395 = B_SPLINE_CURVE_WITH_KNOTS('',8,(#4396,#4397,#4398,#4399,#4400,
    #4401,#4402,#4403,#4404),.UNSPECIFIED.,.F.,.F.,(9,9),(4.712388980385
    ,6.28318530718),.PIECEWISE_BEZIER_KNOTS.);
#4396 = CARTESIAN_POINT('',(-2.,245.,-15.));
#4397 = CARTESIAN_POINT('',(-2.,248.33794219444,-15.));
#4398 = CARTESIAN_POINT('',(-1.250966587659,251.67588543956,-15.));
#4399 = CARTESIAN_POINT('',(0.247092880185,254.8177249837,-15.));
#4400 = CARTESIAN_POINT('',(2.432601151742,257.56739884824,-15.));
#4401 = CARTESIAN_POINT('',(5.182275016304,259.75290711982,-15.));
#4402 = CARTESIAN_POINT('',(8.324114560429,261.25096658765,-15.));
#4403 = CARTESIAN_POINT('',(11.662057805561,262.,-15.));
#4404 = CARTESIAN_POINT('',(15.,262.,-15.));
#4405 = PCURVE('',#1816,#4406);
#4406 = DEFINITIONAL_REPRESENTATION('',(#4407),#4420);
#4407 = B_SPLINE_CURVE_WITH_KNOTS('',6,(#4408,#4409,#4410,#4411,#4412,
    #4413,#4414,#4415,#4416,#4417,#4418,#4419),.UNSPECIFIED.,.F.,.F.,(7,
    5,7),(4.712388980385,5.497787143782,6.28318530718),.UNSPECIFIED.);
#4408 = CARTESIAN_POINT('',(-1.114185246191E-14,15.));
#4409 = CARTESIAN_POINT('',(0.145392652579,15.000000000004));
#4410 = CARTESIAN_POINT('',(0.281328410979,14.999999999991));
#4411 = CARTESIAN_POINT('',(0.411187802301,15.00000000002));
#4412 = CARTESIAN_POINT('',(0.537194906025,14.999999999991));
#4413 = CARTESIAN_POINT('',(0.661297781031,15.000000000004));
#4414 = CARTESIAN_POINT('',(0.909498545763,15.000000000002));
#4415 = CARTESIAN_POINT('',(1.033601420772,14.999999999996));
#4416 = CARTESIAN_POINT('',(1.15960852449,14.999999999999));
#4417 = CARTESIAN_POINT('',(1.289467915818,14.999999999999));
#4418 = CARTESIAN_POINT('',(1.425403674215,15.000000000001));
#4419 = CARTESIAN_POINT('',(1.570796326795,15.));
#4420 = ( GEOMETRIC_REPRESENTATION_CONTEXT(2) 
PARAMETRIC_REPRESENTATION_CONTEXT() REPRESENTATION_CONTEXT('2D SPACE',''
  ) );
#4421 = PCURVE('',#4358,#4422);
#4422 = DEFINITIONAL_REPRESENTATION('',(#4423),#4433);
#4423 = B_SPLINE_CURVE_WITH_KNOTS('',8,(#4424,#4425,#4426,#4427,#4428,
    #4429,#4430,#4431,#4432),.UNSPECIFIED.,.F.,.F.,(9,9),(4.712388980385
    ,6.28318530718),.PIECEWISE_BEZIER_KNOTS.);
#4424 = CARTESIAN_POINT('',(-2.,115.));
#4425 = CARTESIAN_POINT('',(-2.,118.33794219444));
#4426 = CARTESIAN_POINT('',(-1.250966587659,121.67588543956));
#4427 = CARTESIAN_POINT('',(0.247092880185,124.8177249837));
#4428 = CARTESIAN_POINT('',(2.432601151742,127.56739884824));
#4429 = CARTESIAN_POINT('',(5.182275016304,129.75290711982));
#4430 = CARTESIAN_POINT('',(8.324114560429,131.25096658765));
#4431 = CARTESIAN_POINT('',(11.662057805561,132.));
#4432 = CARTESIAN_POINT('',(15.,132.));
#4433 = ( GEOMETRIC_REPRESENTATION_CONTEXT(2) 
PARAMETRIC_REPRESENTATION_CONTEXT() REPRESENTATION_CONTEXT('2D SPACE',''
  ) );
#4434 = ORIENTED_EDGE('',*,*,#4303,.F.);
#4435 = ORIENTED_EDGE('',*,*,#1783,.F.);
#4436 = ADVANCED_FACE('',(#4437),#1910,.F.);
#4437 = FACE_BOUND('',#4438,.F.);
#4438 = EDGE_LOOP('',(#4439,#4440,#4460,#4479));
#4439 = ORIENTED_EDGE('',*,*,#4372,.T.);
#4440 = ORIENTED_EDGE('',*,*,#4441,.T.);
#4441 = EDGE_CURVE('',#4373,#4442,#4444,.T.);
#4442 = VERTEX_POINT('',#4443);
#4443 = CARTESIAN_POINT('',(245.,262.,-15.));
#4444 = SURFACE_CURVE('',#4445,(#4448,#4454),.PCURVE_S1.);
#4445 = B_SPLINE_CURVE_WITH_KNOTS('',1,(#4446,#4447),.UNSPECIFIED.,.F.,
  .F.,(2,2),(15.,245.),.PIECEWISE_BEZIER_KNOTS.);
#4446 = CARTESIAN_POINT('',(15.,262.,-15.));
#4447 = CARTESIAN_POINT('',(245.,262.,-15.));
#4448 = PCURVE('',#1910,#4449);
#4449 = DEFINITIONAL_REPRESENTATION('',(#4450),#4453);
#4450 = B_SPLINE_CURVE_WITH_KNOTS('',1,(#4451,#4452),.UNSPECIFIED.,.F.,
  .F.,(2,2),(15.,245.),.PIECEWISE_BEZIER_KNOTS.);
#4451 = CARTESIAN_POINT('',(15.,15.));
#4452 = CARTESIAN_POINT('',(15.,245.));
#4453 = ( GEOMETRIC_REPRESENTATION_CONTEXT(2) 
PARAMETRIC_REPRESENTATION_CONTEXT() REPRESENTATION_CONTEXT('2D SPACE',''
  ) );
#4454 = PCURVE('',#4358,#4455);
#4455 = DEFINITIONAL_REPRESENTATION('',(#4456),#4459);
#4456 = B_SPLINE_CURVE_WITH_KNOTS('',1,(#4457,#4458),.UNSPECIFIED.,.F.,
  .F.,(2,2),(15.,245.),.PIECEWISE_BEZIER_KNOTS.);
#4457 = CARTESIAN_POINT('',(15.,132.));
#4458 = CARTESIAN_POINT('',(245.,132.));
#4459 = ( GEOMETRIC_REPRESENTATION_CONTEXT(2) 
PARAMETRIC_REPRESENTATION_CONTEXT() REPRESENTATION_CONTEXT('2D SPACE',''
  ) );
#4460 = ORIENTED_EDGE('',*,*,#4461,.F.);
#4461 = EDGE_CURVE('',#1845,#4442,#4462,.T.);
#4462 = SURFACE_CURVE('',#4463,(#4466,#4472),.PCURVE_S1.);
#4463 = B_SPLINE_CURVE_WITH_KNOTS('',1,(#4464,#4465),.UNSPECIFIED.,.F.,
  .F.,(2,2),(6.,15.),.PIECEWISE_BEZIER_KNOTS.);
#4464 = CARTESIAN_POINT('',(245.,262.,-6.));
#4465 = CARTESIAN_POINT('',(245.,262.,-15.));
#4466 = PCURVE('',#1910,#4467);
#4467 = DEFINITIONAL_REPRESENTATION('',(#4468),#4471);
#4468 = B_SPLINE_CURVE_WITH_KNOTS('',1,(#4469,#4470),.UNSPECIFIED.,.F.,
  .F.,(2,2),(6.,15.),.PIECEWISE_BEZIER_KNOTS.);
#4469 = CARTESIAN_POINT('',(6.,245.));
#4470 = CARTESIAN_POINT('',(15.,245.));
#4471 = ( GEOMETRIC_REPRESENTATION_CONTEXT(2) 
PARAMETRIC_REPRESENTATION_CONTEXT() REPRESENTATION_CONTEXT('2D SPACE',''
  ) );
#4472 = PCURVE('',#2008,#4473);
#4473 = DEFINITIONAL_REPRESENTATION('',(#4474),#4478);
#4474 = B_SPLINE_CURVE_WITH_KNOTS('',2,(#4475,#4476,#4477),
  .UNSPECIFIED.,.F.,.F.,(3,3),(6.,15.),.PIECEWISE_BEZIER_KNOTS.);
#4475 = CARTESIAN_POINT('',(1.570796326795,6.));
#4476 = CARTESIAN_POINT('',(1.570796326795,10.5));
#4477 = CARTESIAN_POINT('',(1.570796326795,15.));
#4478 = ( GEOMETRIC_REPRESENTATION_CONTEXT(2) 
PARAMETRIC_REPRESENTATION_CONTEXT() REPRESENTATION_CONTEXT('2D SPACE',''
  ) );
#4479 = ORIENTED_EDGE('',*,*,#1897,.T.);
#4480 = ADVANCED_FACE('',(#4481),#2008,.F.);
#4481 = FACE_BOUND('',#4482,.F.);
#4482 = EDGE_LOOP('',(#4483,#4484,#4528,#4547));
#4483 = ORIENTED_EDGE('',*,*,#4461,.T.);
#4484 = ORIENTED_EDGE('',*,*,#4485,.F.);
#4485 = EDGE_CURVE('',#4486,#4442,#4488,.T.);
#4486 = VERTEX_POINT('',#4487);
#4487 = CARTESIAN_POINT('',(262.,245.,-15.));
#4488 = SURFACE_CURVE('',#4489,(#4499,#4515),.PCURVE_S1.);
#4489 = B_SPLINE_CURVE_WITH_KNOTS('',8,(#4490,#4491,#4492,#4493,#4494,
    #4495,#4496,#4497,#4498),.UNSPECIFIED.,.F.,.F.,(9,9),(4.712388980385
    ,6.28318530718),.PIECEWISE_BEZIER_KNOTS.);
#4490 = CARTESIAN_POINT('',(262.,245.,-15.));
#4491 = CARTESIAN_POINT('',(262.,248.33794219444,-15.));
#4492 = CARTESIAN_POINT('',(261.25096658765,251.67588543956,-15.));
#4493 = CARTESIAN_POINT('',(259.75290711981,254.8177249837,-15.));
#4494 = CARTESIAN_POINT('',(257.56739884825,257.56739884824,-15.));
#4495 = CARTESIAN_POINT('',(254.81772498369,259.75290711982,-15.));
#4496 = CARTESIAN_POINT('',(251.67588543957,261.25096658765,-15.));
#4497 = CARTESIAN_POINT('',(248.33794219443,262.,-15.));
#4498 = CARTESIAN_POINT('',(245.,262.,-15.));
#4499 = PCURVE('',#2008,#4500);
#4500 = DEFINITIONAL_REPRESENTATION('',(#4501),#4514);
#4501 = B_SPLINE_CURVE_WITH_KNOTS('',6,(#4502,#4503,#4504,#4505,#4506,
    #4507,#4508,#4509,#4510,#4511,#4512,#4513),.UNSPECIFIED.,.F.,.F.,(7,
    5,7),(4.712388980385,5.497787143782,6.28318530718),.UNSPECIFIED.);
#4502 = CARTESIAN_POINT('',(-1.114185246191E-14,15.));
#4503 = CARTESIAN_POINT('',(0.145392652579,15.000000000003));
#4504 = CARTESIAN_POINT('',(0.281328410979,14.999999999997));
#4505 = CARTESIAN_POINT('',(0.411187802302,15.000000000013));
#4506 = CARTESIAN_POINT('',(0.537194906025,14.999999999995));
#4507 = CARTESIAN_POINT('',(0.661297781031,15.000000000003));
#4508 = CARTESIAN_POINT('',(0.909498545764,15.000000000004));
#4509 = CARTESIAN_POINT('',(1.03360142077,14.999999999985));
#4510 = CARTESIAN_POINT('',(1.159608524493,15.000000000024));
#4511 = CARTESIAN_POINT('',(1.289467915815,14.999999999988));
#4512 = CARTESIAN_POINT('',(1.425403674216,15.000000000004));
#4513 = CARTESIAN_POINT('',(1.570796326795,15.));
#4514 = ( GEOMETRIC_REPRESENTATION_CONTEXT(2) 
PARAMETRIC_REPRESENTATION_CONTEXT() REPRESENTATION_CONTEXT('2D SPACE',''
  ) );
#4515 = PCURVE('',#4358,#4516);
#4516 = DEFINITIONAL_REPRESENTATION('',(#4517),#4527);
#4517 = B_SPLINE_CURVE_WITH_KNOTS('',8,(#4518,#4519,#4520,#4521,#4522,
    #4523,#4524,#4525,#4526),.UNSPECIFIED.,.F.,.F.,(9,9),(4.712388980385
    ,6.28318530718),.PIECEWISE_BEZIER_KNOTS.);
#4518 = CARTESIAN_POINT('',(262.,115.));
#4519 = CARTESIAN_POINT('',(262.,118.33794219444));
#4520 = CARTESIAN_POINT('',(261.25096658765,121.67588543956));
#4521 = CARTESIAN_POINT('',(259.75290711981,124.8177249837));
#4522 = CARTESIAN_POINT('',(257.56739884825,127.56739884824));
#4523 = CARTESIAN_POINT('',(254.81772498369,129.75290711982));
#4524 = CARTESIAN_POINT('',(251.67588543957,131.25096658765));
#4525 = CARTESIAN_POINT('',(248.33794219443,132.));
#4526 = CARTESIAN_POINT('',(245.,132.));
#4527 = ( GEOMETRIC_REPRESENTATION_CONTEXT(2) 
PARAMETRIC_REPRESENTATION_CONTEXT() REPRESENTATION_CONTEXT('2D SPACE',''
  ) );
#4528 = ORIENTED_EDGE('',*,*,#4529,.F.);
#4529 = EDGE_CURVE('',#1925,#4486,#4530,.T.);
#4530 = SURFACE_CURVE('',#4531,(#4534,#4541),.PCURVE_S1.);
#4531 = B_SPLINE_CURVE_WITH_KNOTS('',1,(#4532,#4533),.UNSPECIFIED.,.F.,
  .F.,(2,2),(6.,15.),.PIECEWISE_BEZIER_KNOTS.);
#4532 = CARTESIAN_POINT('',(262.,245.,-6.));
#4533 = CARTESIAN_POINT('',(262.,245.,-15.));
#4534 = PCURVE('',#2008,#4535);
#4535 = DEFINITIONAL_REPRESENTATION('',(#4536),#4540);
#4536 = B_SPLINE_CURVE_WITH_KNOTS('',2,(#4537,#4538,#4539),
  .UNSPECIFIED.,.F.,.F.,(3,3),(6.,15.),.PIECEWISE_BEZIER_KNOTS.);
#4537 = CARTESIAN_POINT('',(0.,6.));
#4538 = CARTESIAN_POINT('',(0.,10.5));
#4539 = CARTESIAN_POINT('',(0.,15.));
#4540 = ( GEOMETRIC_REPRESENTATION_CONTEXT(2) 
PARAMETRIC_REPRESENTATION_CONTEXT() REPRESENTATION_CONTEXT('2D SPACE',''
  ) );
#4541 = PCURVE('',#2102,#4542);
#4542 = DEFINITIONAL_REPRESENTATION('',(#4543),#4546);
#4543 = B_SPLINE_CURVE_WITH_KNOTS('',1,(#4544,#4545),.UNSPECIFIED.,.F.,
  .F.,(2,2),(6.,15.),.PIECEWISE_BEZIER_KNOTS.);
#4544 = CARTESIAN_POINT('',(6.,-15.));
#4545 = CARTESIAN_POINT('',(15.,-15.));
#4546 = ( GEOMETRIC_REPRESENTATION_CONTEXT(2) 
PARAMETRIC_REPRESENTATION_CONTEXT() REPRESENTATION_CONTEXT('2D SPACE',''
  ) );
#4547 = ORIENTED_EDGE('',*,*,#1975,.T.);
#4548 = ADVANCED_FACE('',(#4549),#2102,.T.);
#4549 = FACE_BOUND('',#4550,.T.);
#4550 = EDGE_LOOP('',(#4551,#4552,#4553,#4574));
#4551 = ORIENTED_EDGE('',*,*,#4529,.F.);
#4552 = ORIENTED_EDGE('',*,*,#2089,.F.);
#4553 = ORIENTED_EDGE('',*,*,#4554,.T.);
#4554 = EDGE_CURVE('',#2037,#4555,#4557,.T.);
#4555 = VERTEX_POINT('',#4556);
#4556 = CARTESIAN_POINT('',(262.,15.,-15.));
#4557 = SURFACE_CURVE('',#4558,(#4561,#4567),.PCURVE_S1.);
#4558 = B_SPLINE_CURVE_WITH_KNOTS('',1,(#4559,#4560),.UNSPECIFIED.,.F.,
  .F.,(2,2),(6.,15.),.PIECEWISE_BEZIER_KNOTS.);
#4559 = CARTESIAN_POINT('',(262.,15.,-6.));
#4560 = CARTESIAN_POINT('',(262.,15.,-15.));
#4561 = PCURVE('',#2102,#4562);
#4562 = DEFINITIONAL_REPRESENTATION('',(#4563),#4566);
#4563 = B_SPLINE_CURVE_WITH_KNOTS('',1,(#4564,#4565),.UNSPECIFIED.,.F.,
  .F.,(2,2),(6.,15.),.PIECEWISE_BEZIER_KNOTS.);
#4564 = CARTESIAN_POINT('',(6.,-245.));
#4565 = CARTESIAN_POINT('',(15.,-245.));
#4566 = ( GEOMETRIC_REPRESENTATION_CONTEXT(2) 
PARAMETRIC_REPRESENTATION_CONTEXT() REPRESENTATION_CONTEXT('2D SPACE',''
  ) );
#4567 = PCURVE('',#2200,#4568);
#4568 = DEFINITIONAL_REPRESENTATION('',(#4569),#4573);
#4569 = B_SPLINE_CURVE_WITH_KNOTS('',2,(#4570,#4571,#4572),
  .UNSPECIFIED.,.F.,.F.,(3,3),(6.,15.),.PIECEWISE_BEZIER_KNOTS.);
#4570 = CARTESIAN_POINT('',(0.,6.));
#4571 = CARTESIAN_POINT('',(0.,10.5));
#4572 = CARTESIAN_POINT('',(0.,15.));
#4573 = ( GEOMETRIC_REPRESENTATION_CONTEXT(2) 
PARAMETRIC_REPRESENTATION_CONTEXT() REPRESENTATION_CONTEXT('2D SPACE',''
  ) );
#4574 = ORIENTED_EDGE('',*,*,#4575,.F.);
#4575 = EDGE_CURVE('',#4486,#4555,#4576,.T.);
#4576 = SURFACE_CURVE('',#4577,(#4580,#4586),.PCURVE_S1.);
#4577 = B_SPLINE_CURVE_WITH_KNOTS('',1,(#4578,#4579),.UNSPECIFIED.,.F.,
  .F.,(2,2),(15.,245.),.PIECEWISE_BEZIER_KNOTS.);
#4578 = CARTESIAN_POINT('',(262.,245.,-15.));
#4579 = CARTESIAN_POINT('',(262.,15.,-15.));
#4580 = PCURVE('',#2102,#4581);
#4581 = DEFINITIONAL_REPRESENTATION('',(#4582),#4585);
#4582 = B_SPLINE_CURVE_WITH_KNOTS('',1,(#4583,#4584),.UNSPECIFIED.,.F.,
  .F.,(2,2),(15.,245.),.PIECEWISE_BEZIER_KNOTS.);
#4583 = CARTESIAN_POINT('',(15.,-15.));
#4584 = CARTESIAN_POINT('',(15.,-245.));
#4585 = ( GEOMETRIC_REPRESENTATION_CONTEXT(2) 
PARAMETRIC_REPRESENTATION_CONTEXT() REPRESENTATION_CONTEXT('2D SPACE',''
  ) );
#4586 = PCURVE('',#4358,#4587);
#4587 = DEFINITIONAL_REPRESENTATION('',(#4588),#4591);
#4588 = B_SPLINE_CURVE_WITH_KNOTS('',1,(#4589,#4590),.UNSPECIFIED.,.F.,
  .F.,(2,2),(15.,245.),.PIECEWISE_BEZIER_KNOTS.);
#4589 = CARTESIAN_POINT('',(262.,115.));
#4590 = CARTESIAN_POINT('',(262.,-115.));
#4591 = ( GEOMETRIC_REPRESENTATION_CONTEXT(2) 
PARAMETRIC_REPRESENTATION_CONTEXT() REPRESENTATION_CONTEXT('2D SPACE',''
  ) );
#4592 = ADVANCED_FACE('',(#4593),#2200,.T.);
#4593 = FACE_BOUND('',#4594,.T.);
#4594 = EDGE_LOOP('',(#4595,#4616,#4658,#4659));
#4595 = ORIENTED_EDGE('',*,*,#4596,.T.);
#4596 = EDGE_CURVE('',#2117,#4597,#4599,.T.);
#4597 = VERTEX_POINT('',#4598);
#4598 = CARTESIAN_POINT('',(245.,-2.,-15.));
#4599 = SURFACE_CURVE('',#4600,(#4603,#4610),.PCURVE_S1.);
#4600 = B_SPLINE_CURVE_WITH_KNOTS('',1,(#4601,#4602),.UNSPECIFIED.,.F.,
  .F.,(2,2),(6.,15.),.PIECEWISE_BEZIER_KNOTS.);
#4601 = CARTESIAN_POINT('',(245.,-2.,-6.));
#4602 = CARTESIAN_POINT('',(245.,-2.,-15.));
#4603 = PCURVE('',#2200,#4604);
#4604 = DEFINITIONAL_REPRESENTATION('',(#4605),#4609);
#4605 = B_SPLINE_CURVE_WITH_KNOTS('',2,(#4606,#4607,#4608),
  .UNSPECIFIED.,.F.,.F.,(3,3),(6.,15.),.PIECEWISE_BEZIER_KNOTS.);
#4606 = CARTESIAN_POINT('',(1.570796326795,6.));
#4607 = CARTESIAN_POINT('',(1.570796326795,10.5));
#4608 = CARTESIAN_POINT('',(1.570796326795,15.));
#4609 = ( GEOMETRIC_REPRESENTATION_CONTEXT(2) 
PARAMETRIC_REPRESENTATION_CONTEXT() REPRESENTATION_CONTEXT('2D SPACE',''
  ) );
#4610 = PCURVE('',#2294,#4611);
#4611 = DEFINITIONAL_REPRESENTATION('',(#4612),#4615);
#4612 = B_SPLINE_CURVE_WITH_KNOTS('',1,(#4613,#4614),.UNSPECIFIED.,.F.,
  .F.,(2,2),(6.,15.),.PIECEWISE_BEZIER_KNOTS.);
#4613 = CARTESIAN_POINT('',(6.,245.));
#4614 = CARTESIAN_POINT('',(15.,245.));
#4615 = ( GEOMETRIC_REPRESENTATION_CONTEXT(2) 
PARAMETRIC_REPRESENTATION_CONTEXT() REPRESENTATION_CONTEXT('2D SPACE',''
  ) );
#4616 = ORIENTED_EDGE('',*,*,#4617,.F.);
#4617 = EDGE_CURVE('',#4555,#4597,#4618,.T.);
#4618 = SURFACE_CURVE('',#4619,(#4629,#4645),.PCURVE_S1.);
#4619 = B_SPLINE_CURVE_WITH_KNOTS('',8,(#4620,#4621,#4622,#4623,#4624,
    #4625,#4626,#4627,#4628),.UNSPECIFIED.,.F.,.F.,(9,9),(1.570796326795
    ,3.14159265359),.PIECEWISE_BEZIER_KNOTS.);
#4620 = CARTESIAN_POINT('',(262.,15.,-15.));
#4621 = CARTESIAN_POINT('',(262.,11.662057805561,-15.));
#4622 = CARTESIAN_POINT('',(261.25096658765,8.324114560428,-15.));
#4623 = CARTESIAN_POINT('',(259.75290711982,5.182275016304,-15.));
#4624 = CARTESIAN_POINT('',(257.56739884824,2.432601151742,
    -14.99999999999));
#4625 = CARTESIAN_POINT('',(254.81772498371,0.247092880186,-15.));
#4626 = CARTESIAN_POINT('',(251.67588543956,-1.250966587659,-15.));
#4627 = CARTESIAN_POINT('',(248.33794219444,-2.,-15.));
#4628 = CARTESIAN_POINT('',(245.,-2.,-15.));
#4629 = PCURVE('',#2200,#4630);
#4630 = DEFINITIONAL_REPRESENTATION('',(#4631),#4644);
#4631 = B_SPLINE_CURVE_WITH_KNOTS('',6,(#4632,#4633,#4634,#4635,#4636,
    #4637,#4638,#4639,#4640,#4641,#4642,#4643),.UNSPECIFIED.,.F.,.F.,(7,
    5,7),(1.570796326795,2.356194490192,3.14159265359),.UNSPECIFIED.);
#4632 = CARTESIAN_POINT('',(4.133018494525E-15,15.));
#4633 = CARTESIAN_POINT('',(0.145392652579,15.000000000005));
#4634 = CARTESIAN_POINT('',(0.281328410979,14.999999999988));
#4635 = CARTESIAN_POINT('',(0.411187802303,15.000000000014));
#4636 = CARTESIAN_POINT('',(0.537194906024,14.999999999988));
#4637 = CARTESIAN_POINT('',(0.661297781031,15.000000000004));
#4638 = CARTESIAN_POINT('',(0.909498545763,15.000000000002));
#4639 = CARTESIAN_POINT('',(1.033601420772,14.999999999994));
#4640 = CARTESIAN_POINT('',(1.15960852449,15.000000000002));
#4641 = CARTESIAN_POINT('',(1.289467915817,14.999999999993));
#4642 = CARTESIAN_POINT('',(1.425403674216,15.000000000003));
#4643 = CARTESIAN_POINT('',(1.570796326795,15.));
#4644 = ( GEOMETRIC_REPRESENTATION_CONTEXT(2) 
PARAMETRIC_REPRESENTATION_CONTEXT() REPRESENTATION_CONTEXT('2D SPACE',''
  ) );
#4645 = PCURVE('',#4358,#4646);
#4646 = DEFINITIONAL_REPRESENTATION('',(#4647),#4657);
#4647 = B_SPLINE_CURVE_WITH_KNOTS('',8,(#4648,#4649,#4650,#4651,#4652,
    #4653,#4654,#4655,#4656),.UNSPECIFIED.,.F.,.F.,(9,9),(1.570796326795
    ,3.14159265359),.PIECEWISE_BEZIER_KNOTS.);
#4648 = CARTESIAN_POINT('',(262.,-115.));
#4649 = CARTESIAN_POINT('',(262.,-118.3379421944));
#4650 = CARTESIAN_POINT('',(261.25096658765,-121.6758854395));
#4651 = CARTESIAN_POINT('',(259.75290711982,-124.8177249836));
#4652 = CARTESIAN_POINT('',(257.56739884824,-127.5673988482));
#4653 = CARTESIAN_POINT('',(254.81772498371,-129.7529071198));
#4654 = CARTESIAN_POINT('',(251.67588543956,-131.2509665876));
#4655 = CARTESIAN_POINT('',(248.33794219444,-132.));
#4656 = CARTESIAN_POINT('',(245.,-132.));
#4657 = ( GEOMETRIC_REPRESENTATION_CONTEXT(2) 
PARAMETRIC_REPRESENTATION_CONTEXT() REPRESENTATION_CONTEXT('2D SPACE',''
  ) );
#4658 = ORIENTED_EDGE('',*,*,#4554,.F.);
#4659 = ORIENTED_EDGE('',*,*,#2167,.F.);
#4660 = ADVANCED_FACE('',(#4661),#2294,.T.);
#4661 = FACE_BOUND('',#4662,.T.);
#4662 = EDGE_LOOP('',(#4663,#4684,#4702,#4703));
#4663 = ORIENTED_EDGE('',*,*,#4664,.T.);
#4664 = EDGE_CURVE('',#2229,#4665,#4667,.T.);
#4665 = VERTEX_POINT('',#4666);
#4666 = CARTESIAN_POINT('',(15.,-2.,-15.));
#4667 = SURFACE_CURVE('',#4668,(#4671,#4677),.PCURVE_S1.);
#4668 = B_SPLINE_CURVE_WITH_KNOTS('',1,(#4669,#4670),.UNSPECIFIED.,.F.,
  .F.,(2,2),(6.,15.),.PIECEWISE_BEZIER_KNOTS.);
#4669 = CARTESIAN_POINT('',(15.,-2.,-6.));
#4670 = CARTESIAN_POINT('',(15.,-2.,-15.));
#4671 = PCURVE('',#2294,#4672);
#4672 = DEFINITIONAL_REPRESENTATION('',(#4673),#4676);
#4673 = B_SPLINE_CURVE_WITH_KNOTS('',1,(#4674,#4675),.UNSPECIFIED.,.F.,
  .F.,(2,2),(6.,15.),.PIECEWISE_BEZIER_KNOTS.);
#4674 = CARTESIAN_POINT('',(6.,15.));
#4675 = CARTESIAN_POINT('',(15.,15.));
#4676 = ( GEOMETRIC_REPRESENTATION_CONTEXT(2) 
PARAMETRIC_REPRESENTATION_CONTEXT() REPRESENTATION_CONTEXT('2D SPACE',''
  ) );
#4677 = PCURVE('',#2342,#4678);
#4678 = DEFINITIONAL_REPRESENTATION('',(#4679),#4683);
#4679 = B_SPLINE_CURVE_WITH_KNOTS('',2,(#4680,#4681,#4682),
  .UNSPECIFIED.,.F.,.F.,(3,3),(6.,15.),.PIECEWISE_BEZIER_KNOTS.);
#4680 = CARTESIAN_POINT('',(1.570796326795,6.));
#4681 = CARTESIAN_POINT('',(1.570796326795,10.5));
#4682 = CARTESIAN_POINT('',(1.570796326795,15.));
#4683 = ( GEOMETRIC_REPRESENTATION_CONTEXT(2) 
PARAMETRIC_REPRESENTATION_CONTEXT() REPRESENTATION_CONTEXT('2D SPACE',''
  ) );
#4684 = ORIENTED_EDGE('',*,*,#4685,.T.);
#4685 = EDGE_CURVE('',#4665,#4597,#4686,.T.);
#4686 = SURFACE_CURVE('',#4687,(#4690,#4696),.PCURVE_S1.);
#4687 = B_SPLINE_CURVE_WITH_KNOTS('',1,(#4688,#4689),.UNSPECIFIED.,.F.,
  .F.,(2,2),(15.,245.),.PIECEWISE_BEZIER_KNOTS.);
#4688 = CARTESIAN_POINT('',(15.,-2.,-15.));
#4689 = CARTESIAN_POINT('',(245.,-2.,-15.));
#4690 = PCURVE('',#2294,#4691);
#4691 = DEFINITIONAL_REPRESENTATION('',(#4692),#4695);
#4692 = B_SPLINE_CURVE_WITH_KNOTS('',1,(#4693,#4694),.UNSPECIFIED.,.F.,
  .F.,(2,2),(15.,245.),.PIECEWISE_BEZIER_KNOTS.);
#4693 = CARTESIAN_POINT('',(15.,15.));
#4694 = CARTESIAN_POINT('',(15.,245.));
#4695 = ( GEOMETRIC_REPRESENTATION_CONTEXT(2) 
PARAMETRIC_REPRESENTATION_CONTEXT() REPRESENTATION_CONTEXT('2D SPACE',''
  ) );
#4696 = PCURVE('',#4358,#4697);
#4697 = DEFINITIONAL_REPRESENTATION('',(#4698),#4701);
#4698 = B_SPLINE_CURVE_WITH_KNOTS('',1,(#4699,#4700),.UNSPECIFIED.,.F.,
  .F.,(2,2),(15.,245.),.PIECEWISE_BEZIER_KNOTS.);
#4699 = CARTESIAN_POINT('',(15.,-132.));
#4700 = CARTESIAN_POINT('',(245.,-132.));
#4701 = ( GEOMETRIC_REPRESENTATION_CONTEXT(2) 
PARAMETRIC_REPRESENTATION_CONTEXT() REPRESENTATION_CONTEXT('2D SPACE',''
  ) );
#4702 = ORIENTED_EDGE('',*,*,#4596,.F.);
#4703 = ORIENTED_EDGE('',*,*,#2281,.F.);
#4704 = ADVANCED_FACE('',(#4705),#2342,.F.);
#4705 = FACE_BOUND('',#4706,.F.);
#4706 = EDGE_LOOP('',(#4707,#4708,#4750,#4751));
#4707 = ORIENTED_EDGE('',*,*,#4664,.T.);
#4708 = ORIENTED_EDGE('',*,*,#4709,.F.);
#4709 = EDGE_CURVE('',#4326,#4665,#4710,.T.);
#4710 = SURFACE_CURVE('',#4711,(#4721,#4737),.PCURVE_S1.);
#4711 = B_SPLINE_CURVE_WITH_KNOTS('',8,(#4712,#4713,#4714,#4715,#4716,
    #4717,#4718,#4719,#4720),.UNSPECIFIED.,.F.,.F.,(9,9),(1.570796326795
    ,3.14159265359),.PIECEWISE_BEZIER_KNOTS.);
#4712 = CARTESIAN_POINT('',(-2.,15.,-15.));
#4713 = CARTESIAN_POINT('',(-2.,11.662057805561,-15.));
#4714 = CARTESIAN_POINT('',(-1.25096658766,8.324114560428,-15.));
#4715 = CARTESIAN_POINT('',(0.247092880186,5.182275016304,-15.));
#4716 = CARTESIAN_POINT('',(2.432601151742,2.432601151742,
    -14.99999999999));
#4717 = CARTESIAN_POINT('',(5.182275016304,0.247092880186,-15.));
#4718 = CARTESIAN_POINT('',(8.324114560428,-1.25096658766,-15.));
#4719 = CARTESIAN_POINT('',(11.662057805561,-2.,-15.));
#4720 = CARTESIAN_POINT('',(15.,-2.,-15.));
#4721 = PCURVE('',#2342,#4722);
#4722 = DEFINITIONAL_REPRESENTATION('',(#4723),#4736);
#4723 = B_SPLINE_CURVE_WITH_KNOTS('',6,(#4724,#4725,#4726,#4727,#4728,
    #4729,#4730,#4731,#4732,#4733,#4734,#4735),.UNSPECIFIED.,.F.,.F.,(7,
    5,7),(1.570796326795,2.356194490192,3.14159265359),.UNSPECIFIED.);
#4724 = CARTESIAN_POINT('',(4.48120138396E-15,15.));
#4725 = CARTESIAN_POINT('',(0.145392652579,15.000000000003));
#4726 = CARTESIAN_POINT('',(0.281328410979,14.999999999988));
#4727 = CARTESIAN_POINT('',(0.411187802303,15.000000000014));
#4728 = CARTESIAN_POINT('',(0.537194906024,14.999999999985));
#4729 = CARTESIAN_POINT('',(0.661297781031,15.000000000005));
#4730 = CARTESIAN_POINT('',(0.909498545764,15.));
#4731 = CARTESIAN_POINT('',(1.03360142077,14.999999999999));
#4732 = CARTESIAN_POINT('',(1.159608524491,14.999999999995));
#4733 = CARTESIAN_POINT('',(1.289467915816,14.999999999998));
#4734 = CARTESIAN_POINT('',(1.425403674216,15.000000000002));
#4735 = CARTESIAN_POINT('',(1.570796326795,15.));
#4736 = ( GEOMETRIC_REPRESENTATION_CONTEXT(2) 
PARAMETRIC_REPRESENTATION_CONTEXT() REPRESENTATION_CONTEXT('2D SPACE',''
  ) );
#4737 = PCURVE('',#4358,#4738);
#4738 = DEFINITIONAL_REPRESENTATION('',(#4739),#4749);
#4739 = B_SPLINE_CURVE_WITH_KNOTS('',8,(#4740,#4741,#4742,#4743,#4744,
    #4745,#4746,#4747,#4748),.UNSPECIFIED.,.F.,.F.,(9,9),(1.570796326795
    ,3.14159265359),.PIECEWISE_BEZIER_KNOTS.);
#4740 = CARTESIAN_POINT('',(-2.,-115.));
#4741 = CARTESIAN_POINT('',(-2.,-118.3379421944));
#4742 = CARTESIAN_POINT('',(-1.25096658766,-121.6758854395));
#4743 = CARTESIAN_POINT('',(0.247092880186,-124.8177249836));
#4744 = CARTESIAN_POINT('',(2.432601151742,-127.5673988482));
#4745 = CARTESIAN_POINT('',(5.182275016304,-129.7529071198));
#4746 = CARTESIAN_POINT('',(8.324114560428,-131.2509665876));
#4747 = CARTESIAN_POINT('',(11.662057805561,-132.));
#4748 = CARTESIAN_POINT('',(15.,-132.));
#4749 = ( GEOMETRIC_REPRESENTATION_CONTEXT(2) 
PARAMETRIC_REPRESENTATION_CONTEXT() REPRESENTATION_CONTEXT('2D SPACE',''
  ) );
#4750 = ORIENTED_EDGE('',*,*,#4325,.F.);
#4751 = ORIENTED_EDGE('',*,*,#2309,.T.);
#4752 = ADVANCED_FACE('',(#4753,#5022,#5025),#2433,.T.);
#4753 = FACE_BOUND('',#4754,.T.);
#4754 = EDGE_LOOP('',(#4755,#4785,#4841,#4869,#4902,#4930,#4963,#4991));
#4755 = ORIENTED_EDGE('',*,*,#4756,.F.);
#4756 = EDGE_CURVE('',#4757,#4759,#4761,.T.);
#4757 = VERTEX_POINT('',#4758);
#4758 = CARTESIAN_POINT('',(6.,245.,-2.));
#4759 = VERTEX_POINT('',#4760);
#4760 = CARTESIAN_POINT('',(6.,15.,-2.));
#4761 = SURFACE_CURVE('',#4762,(#4765,#4771),.PCURVE_S1.);
#4762 = B_SPLINE_CURVE_WITH_KNOTS('',1,(#4763,#4764),.UNSPECIFIED.,.F.,
  .F.,(2,2),(-0.,230.),.PIECEWISE_BEZIER_KNOTS.);
#4763 = CARTESIAN_POINT('',(6.,245.,-2.));
#4764 = CARTESIAN_POINT('',(6.,15.,-2.));
#4765 = PCURVE('',#2433,#4766);
#4766 = DEFINITIONAL_REPRESENTATION('',(#4767),#4770);
#4767 = B_SPLINE_CURVE_WITH_KNOTS('',1,(#4768,#4769),.UNSPECIFIED.,.F.,
  .F.,(2,2),(-0.,230.),.PIECEWISE_BEZIER_KNOTS.);
#4768 = CARTESIAN_POINT('',(6.,15.));
#4769 = CARTESIAN_POINT('',(6.,245.));
#4770 = ( GEOMETRIC_REPRESENTATION_CONTEXT(2) 
PARAMETRIC_REPRESENTATION_CONTEXT() REPRESENTATION_CONTEXT('2D SPACE',''
  ) );
#4771 = PCURVE('',#4772,#4779);
#4772 = ( BOUNDED_SURFACE() B_SPLINE_SURFACE(2,1,(
    (#4773,#4774)
    ,(#4775,#4776)
    ,(#4777,#4778
)),.UNSPECIFIED.,.F.,.F.,.F.) B_SPLINE_SURFACE_WITH_KNOTS((3,3),(2,2),(
    0.,1.570796326795),(0.,230.),.PIECEWISE_BEZIER_KNOTS.) 
GEOMETRIC_REPRESENTATION_ITEM() RATIONAL_B_SPLINE_SURFACE((
    (1.,1.)
    ,(0.707106781187,0.707106781187)
,(1.,1.))) REPRESENTATION_ITEM('') SURFACE() );
#4773 = CARTESIAN_POINT('',(2.,245.,-6.));
#4774 = CARTESIAN_POINT('',(2.,15.,-6.));
#4775 = CARTESIAN_POINT('',(2.,245.,-2.));
#4776 = CARTESIAN_POINT('',(2.,15.,-2.));
#4777 = CARTESIAN_POINT('',(6.,245.,-2.));
#4778 = CARTESIAN_POINT('',(6.,15.,-2.));
#4779 = DEFINITIONAL_REPRESENTATION('',(#4780),#4784);
#4780 = B_SPLINE_CURVE_WITH_KNOTS('',2,(#4781,#4782,#4783),
  .UNSPECIFIED.,.F.,.F.,(3,3),(-0.,230.),.PIECEWISE_BEZIER_KNOTS.);
#4781 = CARTESIAN_POINT('',(1.570796326795,5.684341886081E-14));
#4782 = CARTESIAN_POINT('',(1.570796326795,115.));
#4783 = CARTESIAN_POINT('',(1.570796326795,230.));
#4784 = ( GEOMETRIC_REPRESENTATION_CONTEXT(2) 
PARAMETRIC_REPRESENTATION_CONTEXT() REPRESENTATION_CONTEXT('2D SPACE',''
  ) );
#4785 = ORIENTED_EDGE('',*,*,#4786,.F.);
#4786 = EDGE_CURVE('',#4787,#4757,#4789,.T.);
#4787 = VERTEX_POINT('',#4788);
#4788 = CARTESIAN_POINT('',(15.,254.,-2.));
#4789 = SURFACE_CURVE('',#4790,(#4800,#4813),.PCURVE_S1.);
#4790 = B_SPLINE_CURVE_WITH_KNOTS('',8,(#4791,#4792,#4793,#4794,#4795,
    #4796,#4797,#4798,#4799),.UNSPECIFIED.,.F.,.F.,(9,9),(
    -2.22044604925E-16,1.570796326795),.PIECEWISE_BEZIER_KNOTS.);
#4791 = CARTESIAN_POINT('',(15.,254.,-2.));
#4792 = CARTESIAN_POINT('',(13.232854132356,254.,-2.));
#4793 = CARTESIAN_POINT('',(11.465707708462,253.60345289934,-2.));
#4794 = CARTESIAN_POINT('',(9.802380890985,252.81036259284,-2.));
#4795 = CARTESIAN_POINT('',(8.346671197981,251.65332880201,-2.));
#4796 = CARTESIAN_POINT('',(7.189637407157,250.19761910901,-2.));
#4797 = CARTESIAN_POINT('',(6.396547100651,248.53429229153,-2.));
#4798 = CARTESIAN_POINT('',(6.,246.76714586764,-2.));
#4799 = CARTESIAN_POINT('',(6.,245.,-2.));
#4800 = PCURVE('',#2433,#4801);
#4801 = DEFINITIONAL_REPRESENTATION('',(#4802),#4812);
#4802 = B_SPLINE_CURVE_WITH_KNOTS('',8,(#4803,#4804,#4805,#4806,#4807,
    #4808,#4809,#4810,#4811),.UNSPECIFIED.,.F.,.F.,(9,9),(
    -2.22044604925E-16,1.570796326795),.PIECEWISE_BEZIER_KNOTS.);
#4803 = CARTESIAN_POINT('',(15.,6.));
#4804 = CARTESIAN_POINT('',(13.232854132356,6.));
#4805 = CARTESIAN_POINT('',(11.465707708462,6.396547100651));
#4806 = CARTESIAN_POINT('',(9.802380890985,7.189637407157));
#4807 = CARTESIAN_POINT('',(8.346671197981,8.346671197981));
#4808 = CARTESIAN_POINT('',(7.189637407157,9.802380890984));
#4809 = CARTESIAN_POINT('',(6.396547100651,11.465707708463));
#4810 = CARTESIAN_POINT('',(6.,13.232854132355));
#4811 = CARTESIAN_POINT('',(6.,15.));
#4812 = ( GEOMETRIC_REPRESENTATION_CONTEXT(2) 
PARAMETRIC_REPRESENTATION_CONTEXT() REPRESENTATION_CONTEXT('2D SPACE',''
  ) );
#4813 = PCURVE('',#4814,#4824);
#4814 = ( BOUNDED_SURFACE() B_SPLINE_SURFACE(2,2,(
    (#4815,#4816,#4817)
    ,(#4818,#4819,#4820)
    ,(#4821,#4822,#4823
)),.UNSPECIFIED.,.F.,.F.,.F.) B_SPLINE_SURFACE_WITH_KNOTS((3,3),(3,3),(
    0.,1.570796326795),(0.,1.570796326795),.PIECEWISE_BEZIER_KNOTS.) 
GEOMETRIC_REPRESENTATION_ITEM() RATIONAL_B_SPLINE_SURFACE((
    (1.,0.707106781187,1.)
    ,(0.707106781187,0.5,0.707106781187)
,(1.,0.707106781187,1.))) REPRESENTATION_ITEM('') SURFACE() );
#4815 = CARTESIAN_POINT('',(15.,258.,-6.));
#4816 = CARTESIAN_POINT('',(15.,258.,-2.));
#4817 = CARTESIAN_POINT('',(15.,254.,-2.));
#4818 = CARTESIAN_POINT('',(2.,258.,-6.));
#4819 = CARTESIAN_POINT('',(2.,258.,-2.));
#4820 = CARTESIAN_POINT('',(6.,254.,-2.));
#4821 = CARTESIAN_POINT('',(2.,245.,-6.));
#4822 = CARTESIAN_POINT('',(2.,245.,-2.));
#4823 = CARTESIAN_POINT('',(6.,245.,-2.));
#4824 = DEFINITIONAL_REPRESENTATION('',(#4825),#4840);
#4825 = B_SPLINE_CURVE_WITH_KNOTS('',7,(#4826,#4827,#4828,#4829,#4830,
    #4831,#4832,#4833,#4834,#4835,#4836,#4837,#4838,#4839),
  .UNSPECIFIED.,.F.,.F.,(8,6,8),(-2.22044604925E-16,0.785398163397,
    1.570796326795),.UNSPECIFIED.);
#4826 = CARTESIAN_POINT('',(-2.81834120691E-18,1.570796326795));
#4827 = CARTESIAN_POINT('',(0.124622553383,1.570796328486));
#4828 = CARTESIAN_POINT('',(0.242488246697,1.570796359918));
#4829 = CARTESIAN_POINT('',(0.355536509958,1.570796270315));
#4830 = CARTESIAN_POINT('',(0.465188113435,1.570796359016));
#4831 = CARTESIAN_POINT('',(0.572654247729,1.570796319184));
#4832 = CARTESIAN_POINT('',(0.679026126896,1.570796328308));
#4833 = CARTESIAN_POINT('',(0.891770199901,1.570796328309));
#4834 = CARTESIAN_POINT('',(0.99814207906,1.57079631917));
#4835 = CARTESIAN_POINT('',(1.105608213372,1.570796359022));
#4836 = CARTESIAN_POINT('',(1.215259816822,1.570796270305));
#4837 = CARTESIAN_POINT('',(1.328308080102,1.570796359925));
#4838 = CARTESIAN_POINT('',(1.446173773413,1.570796328484));
#4839 = CARTESIAN_POINT('',(1.570796326795,1.570796326795));
#4840 = ( GEOMETRIC_REPRESENTATION_CONTEXT(2) 
PARAMETRIC_REPRESENTATION_CONTEXT() REPRESENTATION_CONTEXT('2D SPACE',''
  ) );
#4841 = ORIENTED_EDGE('',*,*,#4842,.F.);
#4842 = EDGE_CURVE('',#4843,#4787,#4845,.T.);
#4843 = VERTEX_POINT('',#4844);
#4844 = CARTESIAN_POINT('',(245.,254.,-2.));
#4845 = SURFACE_CURVE('',#4846,(#4849,#4855),.PCURVE_S1.);
#4846 = B_SPLINE_CURVE_WITH_KNOTS('',1,(#4847,#4848),.UNSPECIFIED.,.F.,
  .F.,(2,2),(-0.,230.),.PIECEWISE_BEZIER_KNOTS.);
#4847 = CARTESIAN_POINT('',(245.,254.,-2.));
#4848 = CARTESIAN_POINT('',(15.,254.,-2.));
#4849 = PCURVE('',#2433,#4850);
#4850 = DEFINITIONAL_REPRESENTATION('',(#4851),#4854);
#4851 = B_SPLINE_CURVE_WITH_KNOTS('',1,(#4852,#4853),.UNSPECIFIED.,.F.,
  .F.,(2,2),(-0.,230.),.PIECEWISE_BEZIER_KNOTS.);
#4852 = CARTESIAN_POINT('',(245.,6.));
#4853 = CARTESIAN_POINT('',(15.,6.));
#4854 = ( GEOMETRIC_REPRESENTATION_CONTEXT(2) 
PARAMETRIC_REPRESENTATION_CONTEXT() REPRESENTATION_CONTEXT('2D SPACE',''
  ) );
#4855 = PCURVE('',#4856,#4863);
#4856 = ( BOUNDED_SURFACE() B_SPLINE_SURFACE(2,1,(
    (#4857,#4858)
    ,(#4859,#4860)
    ,(#4861,#4862
)),.UNSPECIFIED.,.F.,.F.,.F.) B_SPLINE_SURFACE_WITH_KNOTS((3,3),(2,2),(
    0.,1.570796326795),(0.,230.),.PIECEWISE_BEZIER_KNOTS.) 
GEOMETRIC_REPRESENTATION_ITEM() RATIONAL_B_SPLINE_SURFACE((
    (1.,1.)
    ,(0.707106781187,0.707106781187)
,(1.,1.))) REPRESENTATION_ITEM('') SURFACE() );
#4857 = CARTESIAN_POINT('',(245.,258.,-6.));
#4858 = CARTESIAN_POINT('',(15.,258.,-6.));
#4859 = CARTESIAN_POINT('',(245.,258.,-2.));
#4860 = CARTESIAN_POINT('',(15.,258.,-2.));
#4861 = CARTESIAN_POINT('',(245.,254.,-2.));
#4862 = CARTESIAN_POINT('',(15.,254.,-2.));
#4863 = DEFINITIONAL_REPRESENTATION('',(#4864),#4868);
#4864 = B_SPLINE_CURVE_WITH_KNOTS('',2,(#4865,#4866,#4867),
  .UNSPECIFIED.,.F.,.F.,(3,3),(-0.,230.),.PIECEWISE_BEZIER_KNOTS.);
#4865 = CARTESIAN_POINT('',(1.570796326795,2.84217094304E-14));
#4866 = CARTESIAN_POINT('',(1.570796326795,115.));
#4867 = CARTESIAN_POINT('',(1.570796326795,230.));
#4868 = ( GEOMETRIC_REPRESENTATION_CONTEXT(2) 
PARAMETRIC_REPRESENTATION_CONTEXT() REPRESENTATION_CONTEXT('2D SPACE',''
  ) );
#4869 = ORIENTED_EDGE('',*,*,#4870,.F.);
#4870 = EDGE_CURVE('',#4871,#4843,#4873,.T.);
#4871 = VERTEX_POINT('',#4872);
#4872 = CARTESIAN_POINT('',(254.,245.,-2.));
#4873 = SURFACE_CURVE('',#4874,(#4878,#4885),.PCURVE_S1.);
#4874 = ( BOUNDED_CURVE() B_SPLINE_CURVE(2,(#4875,#4876,#4877),
.UNSPECIFIED.,.F.,.F.) B_SPLINE_CURVE_WITH_KNOTS((3,3),(0.,
1.570796326795),.PIECEWISE_BEZIER_KNOTS.) CURVE() 
GEOMETRIC_REPRESENTATION_ITEM() RATIONAL_B_SPLINE_CURVE((1.,
0.707106781187,1.)) REPRESENTATION_ITEM('') );
#4875 = CARTESIAN_POINT('',(254.,245.,-2.));
#4876 = CARTESIAN_POINT('',(254.,254.,-2.));
#4877 = CARTESIAN_POINT('',(245.,254.,-2.));
#4878 = PCURVE('',#2433,#4879);
#4879 = DEFINITIONAL_REPRESENTATION('',(#4880),#4884);
#4880 = ( BOUNDED_CURVE() B_SPLINE_CURVE(2,(#4881,#4882,#4883),
.UNSPECIFIED.,.F.,.F.) B_SPLINE_CURVE_WITH_KNOTS((3,3),(0.,
1.570796326795),.PIECEWISE_BEZIER_KNOTS.) CURVE() 
GEOMETRIC_REPRESENTATION_ITEM() RATIONAL_B_SPLINE_CURVE((1.,
0.707106781187,1.)) REPRESENTATION_ITEM('') );
#4881 = CARTESIAN_POINT('',(254.,15.));
#4882 = CARTESIAN_POINT('',(254.,6.));
#4883 = CARTESIAN_POINT('',(245.,6.));
#4884 = ( GEOMETRIC_REPRESENTATION_CONTEXT(2) 
PARAMETRIC_REPRESENTATION_CONTEXT() REPRESENTATION_CONTEXT('2D SPACE',''
  ) );
#4885 = PCURVE('',#4886,#4896);
#4886 = ( BOUNDED_SURFACE() B_SPLINE_SURFACE(2,2,(
    (#4887,#4888,#4889)
    ,(#4890,#4891,#4892)
    ,(#4893,#4894,#4895
)),.UNSPECIFIED.,.F.,.F.,.F.) B_SPLINE_SURFACE_WITH_KNOTS((3,3),(3,3),(
    0.,1.570796326795),(0.,1.570796326795),.PIECEWISE_BEZIER_KNOTS.) 
GEOMETRIC_REPRESENTATION_ITEM() RATIONAL_B_SPLINE_SURFACE((
    (1.,0.707106781187,1.)
    ,(0.707106781187,0.5,0.707106781187)
,(1.,0.707106781187,1.))) REPRESENTATION_ITEM('') SURFACE() );
#4887 = CARTESIAN_POINT('',(258.,245.,-6.));
#4888 = CARTESIAN_POINT('',(258.,245.,-2.));
#4889 = CARTESIAN_POINT('',(254.,245.,-2.));
#4890 = CARTESIAN_POINT('',(258.,258.,-6.));
#4891 = CARTESIAN_POINT('',(258.,258.,-2.));
#4892 = CARTESIAN_POINT('',(254.,254.,-2.));
#4893 = CARTESIAN_POINT('',(245.,258.,-6.));
#4894 = CARTESIAN_POINT('',(245.,258.,-2.));
#4895 = CARTESIAN_POINT('',(245.,254.,-2.));
#4896 = DEFINITIONAL_REPRESENTATION('',(#4897),#4901);
#4897 = B_SPLINE_CURVE_WITH_KNOTS('',2,(#4898,#4899,#4900),
  .UNSPECIFIED.,.F.,.F.,(3,3),(0.,1.570796326795),
  .PIECEWISE_BEZIER_KNOTS.);
#4898 = CARTESIAN_POINT('',(0.,1.570796326795));
#4899 = CARTESIAN_POINT('',(0.785398163397,1.570796326795));
#4900 = CARTESIAN_POINT('',(1.570796326795,1.570796326795));
#4901 = ( GEOMETRIC_REPRESENTATION_CONTEXT(2) 
PARAMETRIC_REPRESENTATION_CONTEXT() REPRESENTATION_CONTEXT('2D SPACE',''
  ) );
#4902 = ORIENTED_EDGE('',*,*,#4903,.F.);
#4903 = EDGE_CURVE('',#4904,#4871,#4906,.T.);
#4904 = VERTEX_POINT('',#4905);
#4905 = CARTESIAN_POINT('',(254.,15.,-2.));
#4906 = SURFACE_CURVE('',#4907,(#4910,#4916),.PCURVE_S1.);
#4907 = B_SPLINE_CURVE_WITH_KNOTS('',1,(#4908,#4909),.UNSPECIFIED.,.F.,
  .F.,(2,2),(0.,230.),.PIECEWISE_BEZIER_KNOTS.);
#4908 = CARTESIAN_POINT('',(254.,15.,-2.));
#4909 = CARTESIAN_POINT('',(254.,245.,-2.));
#4910 = PCURVE('',#2433,#4911);
#4911 = DEFINITIONAL_REPRESENTATION('',(#4912),#4915);
#4912 = B_SPLINE_CURVE_WITH_KNOTS('',1,(#4913,#4914),.UNSPECIFIED.,.F.,
  .F.,(2,2),(0.,230.),.PIECEWISE_BEZIER_KNOTS.);
#4913 = CARTESIAN_POINT('',(254.,245.));
#4914 = CARTESIAN_POINT('',(254.,15.));
#4915 = ( GEOMETRIC_REPRESENTATION_CONTEXT(2) 
PARAMETRIC_REPRESENTATION_CONTEXT() REPRESENTATION_CONTEXT('2D SPACE',''
  ) );
#4916 = PCURVE('',#4917,#4924);
#4917 = ( BOUNDED_SURFACE() B_SPLINE_SURFACE(2,1,(
    (#4918,#4919)
    ,(#4920,#4921)
    ,(#4922,#4923
)),.UNSPECIFIED.,.F.,.F.,.F.) B_SPLINE_SURFACE_WITH_KNOTS((3,3),(2,2),(
    0.,1.570796326795),(0.,230.),.PIECEWISE_BEZIER_KNOTS.) 
GEOMETRIC_REPRESENTATION_ITEM() RATIONAL_B_SPLINE_SURFACE((
    (1.,1.)
    ,(0.707106781187,0.707106781187)
,(1.,1.))) REPRESENTATION_ITEM('') SURFACE() );
#4918 = CARTESIAN_POINT('',(258.,15.,-6.));
#4919 = CARTESIAN_POINT('',(258.,245.,-6.));
#4920 = CARTESIAN_POINT('',(258.,15.,-2.));
#4921 = CARTESIAN_POINT('',(258.,245.,-2.));
#4922 = CARTESIAN_POINT('',(254.,15.,-2.));
#4923 = CARTESIAN_POINT('',(254.,245.,-2.));
#4924 = DEFINITIONAL_REPRESENTATION('',(#4925),#4929);
#4925 = B_SPLINE_CURVE_WITH_KNOTS('',2,(#4926,#4927,#4928),
  .UNSPECIFIED.,.F.,.F.,(3,3),(0.,230.),.PIECEWISE_BEZIER_KNOTS.);
#4926 = CARTESIAN_POINT('',(1.570796326795,-8.881784197001E-15));
#4927 = CARTESIAN_POINT('',(1.570796326795,115.));
#4928 = CARTESIAN_POINT('',(1.570796326795,230.));
#4929 = ( GEOMETRIC_REPRESENTATION_CONTEXT(2) 
PARAMETRIC_REPRESENTATION_CONTEXT() REPRESENTATION_CONTEXT('2D SPACE',''
  ) );
#4930 = ORIENTED_EDGE('',*,*,#4931,.F.);
#4931 = EDGE_CURVE('',#4932,#4904,#4934,.T.);
#4932 = VERTEX_POINT('',#4933);
#4933 = CARTESIAN_POINT('',(245.,6.,-2.));
#4934 = SURFACE_CURVE('',#4935,(#4939,#4946),.PCURVE_S1.);
#4935 = ( BOUNDED_CURVE() B_SPLINE_CURVE(2,(#4936,#4937,#4938),
.UNSPECIFIED.,.F.,.F.) B_SPLINE_CURVE_WITH_KNOTS((3,3),(0.,
1.570796326795),.PIECEWISE_BEZIER_KNOTS.) CURVE() 
GEOMETRIC_REPRESENTATION_ITEM() RATIONAL_B_SPLINE_CURVE((1.,
0.707106781187,1.)) REPRESENTATION_ITEM('') );
#4936 = CARTESIAN_POINT('',(245.,6.,-2.));
#4937 = CARTESIAN_POINT('',(254.,6.,-2.));
#4938 = CARTESIAN_POINT('',(254.,15.,-2.));
#4939 = PCURVE('',#2433,#4940);
#4940 = DEFINITIONAL_REPRESENTATION('',(#4941),#4945);
#4941 = ( BOUNDED_CURVE() B_SPLINE_CURVE(2,(#4942,#4943,#4944),
.UNSPECIFIED.,.F.,.F.) B_SPLINE_CURVE_WITH_KNOTS((3,3),(0.,
1.570796326795),.PIECEWISE_BEZIER_KNOTS.) CURVE() 
GEOMETRIC_REPRESENTATION_ITEM() RATIONAL_B_SPLINE_CURVE((1.,
0.707106781187,1.)) REPRESENTATION_ITEM('') );
#4942 = CARTESIAN_POINT('',(245.,254.));
#4943 = CARTESIAN_POINT('',(254.,254.));
#4944 = CARTESIAN_POINT('',(254.,245.));
#4945 = ( GEOMETRIC_REPRESENTATION_CONTEXT(2) 
PARAMETRIC_REPRESENTATION_CONTEXT() REPRESENTATION_CONTEXT('2D SPACE',''
  ) );
#4946 = PCURVE('',#4947,#4957);
#4947 = ( BOUNDED_SURFACE() B_SPLINE_SURFACE(2,2,(
    (#4948,#4949,#4950)
    ,(#4951,#4952,#4953)
    ,(#4954,#4955,#4956
)),.UNSPECIFIED.,.F.,.F.,.F.) B_SPLINE_SURFACE_WITH_KNOTS((3,3),(3,3),(
    0.,1.570796326795),(0.,1.570796326795),.PIECEWISE_BEZIER_KNOTS.) 
GEOMETRIC_REPRESENTATION_ITEM() RATIONAL_B_SPLINE_SURFACE((
    (1.,0.707106781187,1.)
    ,(0.707106781187,0.5,0.707106781187)
,(1.,0.707106781187,1.))) REPRESENTATION_ITEM('') SURFACE() );
#4948 = CARTESIAN_POINT('',(245.,2.,-6.));
#4949 = CARTESIAN_POINT('',(245.,2.,-2.));
#4950 = CARTESIAN_POINT('',(245.,6.,-2.));
#4951 = CARTESIAN_POINT('',(258.,2.,-6.));
#4952 = CARTESIAN_POINT('',(258.,2.,-2.));
#4953 = CARTESIAN_POINT('',(254.,6.,-2.));
#4954 = CARTESIAN_POINT('',(258.,15.,-6.));
#4955 = CARTESIAN_POINT('',(258.,15.,-2.));
#4956 = CARTESIAN_POINT('',(254.,15.,-2.));
#4957 = DEFINITIONAL_REPRESENTATION('',(#4958),#4962);
#4958 = B_SPLINE_CURVE_WITH_KNOTS('',2,(#4959,#4960,#4961),
  .UNSPECIFIED.,.F.,.F.,(3,3),(0.,1.570796326795),
  .PIECEWISE_BEZIER_KNOTS.);
#4959 = CARTESIAN_POINT('',(0.,1.570796326795));
#4960 = CARTESIAN_POINT('',(0.785398163397,1.570796326795));
#4961 = CARTESIAN_POINT('',(1.570796326795,1.570796326795));
#4962 = ( GEOMETRIC_REPRESENTATION_CONTEXT(2) 
PARAMETRIC_REPRESENTATION_CONTEXT() REPRESENTATION_CONTEXT('2D SPACE',''
  ) );
#4963 = ORIENTED_EDGE('',*,*,#4964,.F.);
#4964 = EDGE_CURVE('',#4965,#4932,#4967,.T.);
#4965 = VERTEX_POINT('',#4966);
#4966 = CARTESIAN_POINT('',(15.,6.,-2.));
#4967 = SURFACE_CURVE('',#4968,(#4971,#4977),.PCURVE_S1.);
#4968 = B_SPLINE_CURVE_WITH_KNOTS('',1,(#4969,#4970),.UNSPECIFIED.,.F.,
  .F.,(2,2),(0.,230.),.PIECEWISE_BEZIER_KNOTS.);
#4969 = CARTESIAN_POINT('',(15.,6.,-2.));
#4970 = CARTESIAN_POINT('',(245.,6.,-2.));
#4971 = PCURVE('',#2433,#4972);
#4972 = DEFINITIONAL_REPRESENTATION('',(#4973),#4976);
#4973 = B_SPLINE_CURVE_WITH_KNOTS('',1,(#4974,#4975),.UNSPECIFIED.,.F.,
  .F.,(2,2),(0.,230.),.PIECEWISE_BEZIER_KNOTS.);
#4974 = CARTESIAN_POINT('',(15.,254.));
#4975 = CARTESIAN_POINT('',(245.,254.));
#4976 = ( GEOMETRIC_REPRESENTATION_CONTEXT(2) 
PARAMETRIC_REPRESENTATION_CONTEXT() REPRESENTATION_CONTEXT('2D SPACE',''
  ) );
#4977 = PCURVE('',#4978,#4985);
#4978 = ( BOUNDED_SURFACE() B_SPLINE_SURFACE(2,1,(
    (#4979,#4980)
    ,(#4981,#4982)
    ,(#4983,#4984
)),.UNSPECIFIED.,.F.,.F.,.F.) B_SPLINE_SURFACE_WITH_KNOTS((3,3),(2,2),(
    0.,1.570796326795),(0.,230.),.PIECEWISE_BEZIER_KNOTS.) 
GEOMETRIC_REPRESENTATION_ITEM() RATIONAL_B_SPLINE_SURFACE((
    (1.,1.)
    ,(0.707106781187,0.707106781187)
,(1.,1.))) REPRESENTATION_ITEM('') SURFACE() );
#4979 = CARTESIAN_POINT('',(15.,2.,-6.));
#4980 = CARTESIAN_POINT('',(245.,2.,-6.));
#4981 = CARTESIAN_POINT('',(15.,2.,-2.));
#4982 = CARTESIAN_POINT('',(245.,2.,-2.));
#4983 = CARTESIAN_POINT('',(15.,6.,-2.));
#4984 = CARTESIAN_POINT('',(245.,6.,-2.));
#4985 = DEFINITIONAL_REPRESENTATION('',(#4986),#4990);
#4986 = B_SPLINE_CURVE_WITH_KNOTS('',2,(#4987,#4988,#4989),
  .UNSPECIFIED.,.F.,.F.,(3,3),(5.329070518201E-15,230.),
  .PIECEWISE_BEZIER_KNOTS.);
#4987 = CARTESIAN_POINT('',(1.570796326795,-8.881784197001E-15));
#4988 = CARTESIAN_POINT('',(1.570796326795,115.));
#4989 = CARTESIAN_POINT('',(1.570796326795,230.));
#4990 = ( GEOMETRIC_REPRESENTATION_CONTEXT(2) 
PARAMETRIC_REPRESENTATION_CONTEXT() REPRESENTATION_CONTEXT('2D SPACE',''
  ) );
#4991 = ORIENTED_EDGE('',*,*,#4992,.F.);
#4992 = EDGE_CURVE('',#4759,#4965,#4993,.T.);
#4993 = SURFACE_CURVE('',#4994,(#4998,#5005),.PCURVE_S1.);
#4994 = ( BOUNDED_CURVE() B_SPLINE_CURVE(2,(#4995,#4996,#4997),
.UNSPECIFIED.,.F.,.F.) B_SPLINE_CURVE_WITH_KNOTS((3,3),(0.,
1.570796326795),.PIECEWISE_BEZIER_KNOTS.) CURVE() 
GEOMETRIC_REPRESENTATION_ITEM() RATIONAL_B_SPLINE_CURVE((1.,
0.707106781187,1.)) REPRESENTATION_ITEM('') );
#4995 = CARTESIAN_POINT('',(6.,15.,-2.));
#4996 = CARTESIAN_POINT('',(6.,6.,-2.));
#4997 = CARTESIAN_POINT('',(15.,6.,-2.));
#4998 = PCURVE('',#2433,#4999);
#4999 = DEFINITIONAL_REPRESENTATION('',(#5000),#5004);
#5000 = ( BOUNDED_CURVE() B_SPLINE_CURVE(2,(#5001,#5002,#5003),
.UNSPECIFIED.,.F.,.F.) B_SPLINE_CURVE_WITH_KNOTS((3,3),(0.,
1.570796326795),.PIECEWISE_BEZIER_KNOTS.) CURVE() 
GEOMETRIC_REPRESENTATION_ITEM() RATIONAL_B_SPLINE_CURVE((1.,
0.707106781187,1.)) REPRESENTATION_ITEM('') );
#5001 = CARTESIAN_POINT('',(6.,245.));
#5002 = CARTESIAN_POINT('',(6.,254.));
#5003 = CARTESIAN_POINT('',(15.,254.));
#5004 = ( GEOMETRIC_REPRESENTATION_CONTEXT(2) 
PARAMETRIC_REPRESENTATION_CONTEXT() REPRESENTATION_CONTEXT('2D SPACE',''
  ) );
#5005 = PCURVE('',#5006,#5016);
#5006 = ( BOUNDED_SURFACE() B_SPLINE_SURFACE(2,2,(
    (#5007,#5008,#5009)
    ,(#5010,#5011,#5012)
    ,(#5013,#5014,#5015
)),.UNSPECIFIED.,.F.,.F.,.F.) B_SPLINE_SURFACE_WITH_KNOTS((3,3),(3,3),(
    0.,1.570796326795),(0.,1.570796326795),.PIECEWISE_BEZIER_KNOTS.) 
GEOMETRIC_REPRESENTATION_ITEM() RATIONAL_B_SPLINE_SURFACE((
    (1.,0.707106781187,1.)
    ,(0.707106781187,0.5,0.707106781187)
,(1.,0.707106781187,1.))) REPRESENTATION_ITEM('') SURFACE() );
#5007 = CARTESIAN_POINT('',(2.,15.,-6.));
#5008 = CARTESIAN_POINT('',(2.,15.,-2.));
#5009 = CARTESIAN_POINT('',(6.,15.,-2.));
#5010 = CARTESIAN_POINT('',(2.,2.,-6.));
#5011 = CARTESIAN_POINT('',(2.,2.,-2.));
#5012 = CARTESIAN_POINT('',(6.,6.,-2.));
#5013 = CARTESIAN_POINT('',(15.,2.,-6.));
#5014 = CARTESIAN_POINT('',(15.,2.,-2.));
#5015 = CARTESIAN_POINT('',(15.,6.,-2.));
#5016 = DEFINITIONAL_REPRESENTATION('',(#5017),#5021);
#5017 = B_SPLINE_CURVE_WITH_KNOTS('',2,(#5018,#5019,#5020),
  .UNSPECIFIED.,.F.,.F.,(3,3),(0.,1.570796326795),
  .PIECEWISE_BEZIER_KNOTS.);
#5018 = CARTESIAN_POINT('',(2.192262637181E-16,1.570796326795));
#5019 = CARTESIAN_POINT('',(0.785398163397,1.570796326795));
#5020 = CARTESIAN_POINT('',(1.570796326795,1.570796326795));
#5021 = ( GEOMETRIC_REPRESENTATION_CONTEXT(2) 
PARAMETRIC_REPRESENTATION_CONTEXT() REPRESENTATION_CONTEXT('2D SPACE',''
  ) );
#5022 = FACE_BOUND('',#5023,.T.);
#5023 = EDGE_LOOP('',(#5024));
#5024 = ORIENTED_EDGE('',*,*,#2370,.T.);
#5025 = FACE_BOUND('',#5026,.T.);
#5026 = EDGE_LOOP('',(#5027));
#5027 = ORIENTED_EDGE('',*,*,#2474,.T.);
#5028 = ADVANCED_FACE('',(#5029),#2633,.T.);
#5029 = FACE_BOUND('',#5030,.T.);
#5030 = EDGE_LOOP('',(#5031,#5051,#5052,#5072));
#5031 = ORIENTED_EDGE('',*,*,#5032,.F.);
#5032 = EDGE_CURVE('',#2619,#5033,#5035,.T.);
#5033 = VERTEX_POINT('',#5034);
#5034 = CARTESIAN_POINT('',(67.,235.33848875551,29.831868700499));
#5035 = SURFACE_CURVE('',#5036,(#5039,#5045),.PCURVE_S1.);
#5036 = B_SPLINE_CURVE_WITH_KNOTS('',1,(#5037,#5038),.UNSPECIFIED.,.F.,
  .F.,(2,2),(3.,29.831868700499),.PIECEWISE_BEZIER_KNOTS.);
#5037 = CARTESIAN_POINT('',(67.,235.33848875551,3.));
#5038 = CARTESIAN_POINT('',(67.,235.33848875551,29.831868700499));
#5039 = PCURVE('',#2633,#5040);
#5040 = DEFINITIONAL_REPRESENTATION('',(#5041),#5044);
#5041 = B_SPLINE_CURVE_WITH_KNOTS('',1,(#5042,#5043),.UNSPECIFIED.,.F.,
  .F.,(2,2),(3.,29.831868700499),.PIECEWISE_BEZIER_KNOTS.);
#5042 = CARTESIAN_POINT('',(-11.91593435025,2.));
#5043 = CARTESIAN_POINT('',(14.91593435025,2.));
#5044 = ( GEOMETRIC_REPRESENTATION_CONTEXT(2) 
PARAMETRIC_REPRESENTATION_CONTEXT() REPRESENTATION_CONTEXT('2D SPACE',''
  ) );
#5045 = PCURVE('',#2781,#5046);
#5046 = DEFINITIONAL_REPRESENTATION('',(#5047),#5050);
#5047 = B_SPLINE_CURVE_WITH_KNOTS('',1,(#5048,#5049),.UNSPECIFIED.,.F.,
  .F.,(2,2),(3.,29.831868700499),.PIECEWISE_BEZIER_KNOTS.);
#5048 = CARTESIAN_POINT('',(11.91593435025,40.33848875551));
#5049 = CARTESIAN_POINT('',(-14.91593435025,40.33848875551));
#5050 = ( GEOMETRIC_REPRESENTATION_CONTEXT(2) 
PARAMETRIC_REPRESENTATION_CONTEXT() REPRESENTATION_CONTEXT('2D SPACE',''
  ) );
#5051 = ORIENTED_EDGE('',*,*,#2618,.F.);
#5052 = ORIENTED_EDGE('',*,*,#5053,.T.);
#5053 = EDGE_CURVE('',#2574,#5054,#5056,.T.);
#5054 = VERTEX_POINT('',#5055);
#5055 = CARTESIAN_POINT('',(63.,235.33848875551,29.831868700499));
#5056 = SURFACE_CURVE('',#5057,(#5060,#5066),.PCURVE_S1.);
#5057 = B_SPLINE_CURVE_WITH_KNOTS('',1,(#5058,#5059),.UNSPECIFIED.,.F.,
  .F.,(2,2),(3.,29.831868700499),.PIECEWISE_BEZIER_KNOTS.);
#5058 = CARTESIAN_POINT('',(63.,235.33848875551,3.));
#5059 = CARTESIAN_POINT('',(63.,235.33848875551,29.831868700499));
#5060 = PCURVE('',#2633,#5061);
#5061 = DEFINITIONAL_REPRESENTATION('',(#5062),#5065);
#5062 = B_SPLINE_CURVE_WITH_KNOTS('',1,(#5063,#5064),.UNSPECIFIED.,.F.,
  .F.,(2,2),(3.,29.831868700499),.PIECEWISE_BEZIER_KNOTS.);
#5063 = CARTESIAN_POINT('',(-11.91593435025,-2.));
#5064 = CARTESIAN_POINT('',(14.91593435025,-2.));
#5065 = ( GEOMETRIC_REPRESENTATION_CONTEXT(2) 
PARAMETRIC_REPRESENTATION_CONTEXT() REPRESENTATION_CONTEXT('2D SPACE',''
  ) );
#5066 = PCURVE('',#2707,#5067);
#5067 = DEFINITIONAL_REPRESENTATION('',(#5068),#5071);
#5068 = B_SPLINE_CURVE_WITH_KNOTS('',1,(#5069,#5070),.UNSPECIFIED.,.F.,
  .F.,(2,2),(3.,29.831868700499),.PIECEWISE_BEZIER_KNOTS.);
#5069 = CARTESIAN_POINT('',(11.91593435025,40.33848875551));
#5070 = CARTESIAN_POINT('',(-14.91593435025,40.33848875551));
#5071 = ( GEOMETRIC_REPRESENTATION_CONTEXT(2) 
PARAMETRIC_REPRESENTATION_CONTEXT() REPRESENTATION_CONTEXT('2D SPACE',''
  ) );
#5072 = ORIENTED_EDGE('',*,*,#5073,.T.);
#5073 = EDGE_CURVE('',#5054,#5033,#5074,.T.);
#5074 = SURFACE_CURVE('',#5075,(#5078,#5084),.PCURVE_S1.);
#5075 = B_SPLINE_CURVE_WITH_KNOTS('',1,(#5076,#5077),.UNSPECIFIED.,.F.,
  .F.,(2,2),(0.,4.),.PIECEWISE_BEZIER_KNOTS.);
#5076 = CARTESIAN_POINT('',(63.,235.33848875551,29.831868700499));
#5077 = CARTESIAN_POINT('',(67.,235.33848875551,29.831868700499));
#5078 = PCURVE('',#2633,#5079);
#5079 = DEFINITIONAL_REPRESENTATION('',(#5080),#5083);
#5080 = B_SPLINE_CURVE_WITH_KNOTS('',1,(#5081,#5082),.UNSPECIFIED.,.F.,
  .F.,(2,2),(0.,4.),.PIECEWISE_BEZIER_KNOTS.);
#5081 = CARTESIAN_POINT('',(14.91593435025,-2.));
#5082 = CARTESIAN_POINT('',(14.91593435025,2.));
#5083 = ( GEOMETRIC_REPRESENTATION_CONTEXT(2) 
PARAMETRIC_REPRESENTATION_CONTEXT() REPRESENTATION_CONTEXT('2D SPACE',''
  ) );
#5084 = PCURVE('',#5085,#5090);
#5085 = B_SPLINE_SURFACE_WITH_KNOTS('',1,1,(
    (#5086,#5087)
    ,(#5088,#5089
    )),.UNSPECIFIED.,.F.,.F.,.F.,(2,2),(2,2),(-2.,2.),(-40.33848875551,
    40.33848875551),.PIECEWISE_BEZIER_KNOTS.);
#5086 = CARTESIAN_POINT('',(63.,154.66151124449,29.831868700499));
#5087 = CARTESIAN_POINT('',(63.,235.33848875551,29.831868700499));
#5088 = CARTESIAN_POINT('',(67.,154.66151124449,29.831868700499));
#5089 = CARTESIAN_POINT('',(67.,235.33848875551,29.831868700499));
#5090 = DEFINITIONAL_REPRESENTATION('',(#5091),#5094);
#5091 = B_SPLINE_CURVE_WITH_KNOTS('',1,(#5092,#5093),.UNSPECIFIED.,.F.,
  .F.,(2,2),(0.,4.),.PIECEWISE_BEZIER_KNOTS.);
#5092 = CARTESIAN_POINT('',(-2.,40.33848875551));
#5093 = CARTESIAN_POINT('',(2.,40.33848875551));
#5094 = ( GEOMETRIC_REPRESENTATION_CONTEXT(2) 
PARAMETRIC_REPRESENTATION_CONTEXT() REPRESENTATION_CONTEXT('2D SPACE',''
  ) );
#5095 = ADVANCED_FACE('',(#5096,#5138,#5224),#2707,.F.);
#5096 = FACE_BOUND('',#5097,.F.);
#5097 = EDGE_LOOP('',(#5098,#5118,#5119,#5120));
#5098 = ORIENTED_EDGE('',*,*,#5099,.T.);
#5099 = EDGE_CURVE('',#5100,#2693,#5102,.T.);
#5100 = VERTEX_POINT('',#5101);
#5101 = CARTESIAN_POINT('',(63.,154.66151124449,29.831868700499));
#5102 = SURFACE_CURVE('',#5103,(#5106,#5112),.PCURVE_S1.);
#5103 = B_SPLINE_CURVE_WITH_KNOTS('',1,(#5104,#5105),.UNSPECIFIED.,.F.,
  .F.,(2,2),(0.,26.831868700499),.PIECEWISE_BEZIER_KNOTS.);
#5104 = CARTESIAN_POINT('',(63.,154.66151124449,29.831868700499));
#5105 = CARTESIAN_POINT('',(63.,154.66151124449,3.));
#5106 = PCURVE('',#2707,#5107);
#5107 = DEFINITIONAL_REPRESENTATION('',(#5108),#5111);
#5108 = B_SPLINE_CURVE_WITH_KNOTS('',1,(#5109,#5110),.UNSPECIFIED.,.F.,
  .F.,(2,2),(0.,26.831868700499),.PIECEWISE_BEZIER_KNOTS.);
#5109 = CARTESIAN_POINT('',(-14.91593435025,-40.33848875551));
#5110 = CARTESIAN_POINT('',(11.91593435025,-40.33848875551));
#5111 = ( GEOMETRIC_REPRESENTATION_CONTEXT(2) 
PARAMETRIC_REPRESENTATION_CONTEXT() REPRESENTATION_CONTEXT('2D SPACE',''
  ) );
#5112 = PCURVE('',#2853,#5113);
#5113 = DEFINITIONAL_REPRESENTATION('',(#5114),#5117);
#5114 = B_SPLINE_CURVE_WITH_KNOTS('',1,(#5115,#5116),.UNSPECIFIED.,.F.,
  .F.,(2,2),(0.,26.831868700499),.PIECEWISE_BEZIER_KNOTS.);
#5115 = CARTESIAN_POINT('',(14.91593435025,-2.));
#5116 = CARTESIAN_POINT('',(-11.91593435025,-2.));
#5117 = ( GEOMETRIC_REPRESENTATION_CONTEXT(2) 
PARAMETRIC_REPRESENTATION_CONTEXT() REPRESENTATION_CONTEXT('2D SPACE',''
  ) );
#5118 = ORIENTED_EDGE('',*,*,#2692,.F.);
#5119 = ORIENTED_EDGE('',*,*,#5053,.T.);
#5120 = ORIENTED_EDGE('',*,*,#5121,.T.);
#5121 = EDGE_CURVE('',#5054,#5100,#5122,.T.);
#5122 = SURFACE_CURVE('',#5123,(#5126,#5132),.PCURVE_S1.);
#5123 = B_SPLINE_CURVE_WITH_KNOTS('',1,(#5124,#5125),.UNSPECIFIED.,.F.,
  .F.,(2,2),(0.,80.67697751102),.PIECEWISE_BEZIER_KNOTS.);
#5124 = CARTESIAN_POINT('',(63.,235.33848875551,29.831868700499));
#5125 = CARTESIAN_POINT('',(63.,154.66151124449,29.831868700499));
#5126 = PCURVE('',#2707,#5127);
#5127 = DEFINITIONAL_REPRESENTATION('',(#5128),#5131);
#5128 = B_SPLINE_CURVE_WITH_KNOTS('',1,(#5129,#5130),.UNSPECIFIED.,.F.,
  .F.,(2,2),(0.,80.67697751102),.PIECEWISE_BEZIER_KNOTS.);
#5129 = CARTESIAN_POINT('',(-14.91593435025,40.33848875551));
#5130 = CARTESIAN_POINT('',(-14.91593435025,-40.33848875551));
#5131 = ( GEOMETRIC_REPRESENTATION_CONTEXT(2) 
PARAMETRIC_REPRESENTATION_CONTEXT() REPRESENTATION_CONTEXT('2D SPACE',''
  ) );
#5132 = PCURVE('',#5085,#5133);
#5133 = DEFINITIONAL_REPRESENTATION('',(#5134),#5137);
#5134 = B_SPLINE_CURVE_WITH_KNOTS('',1,(#5135,#5136),.UNSPECIFIED.,.F.,
  .F.,(2,2),(0.,80.67697751102),.PIECEWISE_BEZIER_KNOTS.);
#5135 = CARTESIAN_POINT('',(-2.,40.33848875551));
#5136 = CARTESIAN_POINT('',(-2.,-40.33848875551));
#5137 = ( GEOMETRIC_REPRESENTATION_CONTEXT(2) 
PARAMETRIC_REPRESENTATION_CONTEXT() REPRESENTATION_CONTEXT('2D SPACE',''
  ) );
#5138 = FACE_BOUND('',#5139,.F.);
#5139 = EDGE_LOOP('',(#5140,#5163,#5184,#5205));
#5140 = ORIENTED_EDGE('',*,*,#5141,.F.);
#5141 = EDGE_CURVE('',#5142,#5144,#5146,.T.);
#5142 = VERTEX_POINT('',#5143);
#5143 = CARTESIAN_POINT('',(63.,212.16924437775,3.585786437627));
#5144 = VERTEX_POINT('',#5145);
#5145 = CARTESIAN_POINT('',(63.,218.16924437775,3.585786437627));
#5146 = SURFACE_CURVE('',#5147,(#5150,#5156),.PCURVE_S1.);
#5147 = B_SPLINE_CURVE_WITH_KNOTS('',1,(#5148,#5149),.UNSPECIFIED.,.F.,
  .F.,(2,2),(-1.,5.),.PIECEWISE_BEZIER_KNOTS.);
#5148 = CARTESIAN_POINT('',(63.,212.16924437775,3.585786437627));
#5149 = CARTESIAN_POINT('',(63.,218.16924437775,3.585786437627));
#5150 = PCURVE('',#2707,#5151);
#5151 = DEFINITIONAL_REPRESENTATION('',(#5152),#5155);
#5152 = B_SPLINE_CURVE_WITH_KNOTS('',1,(#5153,#5154),.UNSPECIFIED.,.F.,
  .F.,(2,2),(-1.,5.),.PIECEWISE_BEZIER_KNOTS.);
#5153 = CARTESIAN_POINT('',(11.330147912623,17.169244377755));
#5154 = CARTESIAN_POINT('',(11.330147912623,23.169244377755));
#5155 = ( GEOMETRIC_REPRESENTATION_CONTEXT(2) 
PARAMETRIC_REPRESENTATION_CONTEXT() REPRESENTATION_CONTEXT('2D SPACE',''
  ) );
#5156 = PCURVE('',#4021,#5157);
#5157 = DEFINITIONAL_REPRESENTATION('',(#5158),#5162);
#5158 = B_SPLINE_CURVE_WITH_KNOTS('',2,(#5159,#5160,#5161),
  .UNSPECIFIED.,.F.,.F.,(3,3),(-1.,5.),.PIECEWISE_BEZIER_KNOTS.);
#5159 = CARTESIAN_POINT('',(2.356194490192,-1.));
#5160 = CARTESIAN_POINT('',(2.356194490192,2.));
#5161 = CARTESIAN_POINT('',(2.356194490192,5.));
#5162 = ( GEOMETRIC_REPRESENTATION_CONTEXT(2) 
PARAMETRIC_REPRESENTATION_CONTEXT() REPRESENTATION_CONTEXT('2D SPACE',''
  ) );
#5163 = ORIENTED_EDGE('',*,*,#5164,.F.);
#5164 = EDGE_CURVE('',#5165,#5142,#5167,.T.);
#5165 = VERTEX_POINT('',#5166);
#5166 = CARTESIAN_POINT('',(63.,212.16924437775,22.279708522772));
#5167 = SURFACE_CURVE('',#5168,(#5171,#5177),.PCURVE_S1.);
#5168 = B_SPLINE_CURVE_WITH_KNOTS('',1,(#5169,#5170),.UNSPECIFIED.,.F.,
  .F.,(2,2),(-0.414213562373,18.279708522772),.PIECEWISE_BEZIER_KNOTS.);
#5169 = CARTESIAN_POINT('',(63.,212.16924437775,22.279708522772));
#5170 = CARTESIAN_POINT('',(63.,212.16924437775,3.585786437627));
#5171 = PCURVE('',#2707,#5172);
#5172 = DEFINITIONAL_REPRESENTATION('',(#5173),#5176);
#5173 = B_SPLINE_CURVE_WITH_KNOTS('',1,(#5174,#5175),.UNSPECIFIED.,.F.,
  .F.,(2,2),(-0.414213562373,18.279708522772),.PIECEWISE_BEZIER_KNOTS.);
#5174 = CARTESIAN_POINT('',(-7.363774172523,17.169244377755));
#5175 = CARTESIAN_POINT('',(11.330147912623,17.169244377755));
#5176 = ( GEOMETRIC_REPRESENTATION_CONTEXT(2) 
PARAMETRIC_REPRESENTATION_CONTEXT() REPRESENTATION_CONTEXT('2D SPACE',''
  ) );
#5177 = PCURVE('',#4176,#5178);
#5178 = DEFINITIONAL_REPRESENTATION('',(#5179),#5183);
#5179 = B_SPLINE_CURVE_WITH_KNOTS('',2,(#5180,#5181,#5182),
  .UNSPECIFIED.,.F.,.F.,(3,3),(-0.414213562373,18.279708522772),
  .PIECEWISE_BEZIER_KNOTS.);
#5180 = CARTESIAN_POINT('',(1.570796326795,-0.414213562373));
#5181 = CARTESIAN_POINT('',(1.570796326795,8.9327474802));
#5182 = CARTESIAN_POINT('',(1.570796326795,18.279708522772));
#5183 = ( GEOMETRIC_REPRESENTATION_CONTEXT(2) 
PARAMETRIC_REPRESENTATION_CONTEXT() REPRESENTATION_CONTEXT('2D SPACE',''
  ) );
#5184 = ORIENTED_EDGE('',*,*,#5185,.T.);
#5185 = EDGE_CURVE('',#5165,#5186,#5188,.T.);
#5186 = VERTEX_POINT('',#5187);
#5187 = CARTESIAN_POINT('',(63.,218.16924437775,22.279708522772));
#5188 = SURFACE_CURVE('',#5189,(#5192,#5198),.PCURVE_S1.);
#5189 = B_SPLINE_CURVE_WITH_KNOTS('',1,(#5190,#5191),.UNSPECIFIED.,.F.,
  .F.,(2,2),(-1.,5.),.PIECEWISE_BEZIER_KNOTS.);
#5190 = CARTESIAN_POINT('',(63.,212.16924437775,22.279708522772));
#5191 = CARTESIAN_POINT('',(63.,218.16924437775,22.279708522772));
#5192 = PCURVE('',#2707,#5193);
#5193 = DEFINITIONAL_REPRESENTATION('',(#5194),#5197);
#5194 = B_SPLINE_CURVE_WITH_KNOTS('',1,(#5195,#5196),.UNSPECIFIED.,.F.,
  .F.,(2,2),(-1.,5.),.PIECEWISE_BEZIER_KNOTS.);
#5195 = CARTESIAN_POINT('',(-7.363774172523,17.169244377755));
#5196 = CARTESIAN_POINT('',(-7.363774172523,23.169244377755));
#5197 = ( GEOMETRIC_REPRESENTATION_CONTEXT(2) 
PARAMETRIC_REPRESENTATION_CONTEXT() REPRESENTATION_CONTEXT('2D SPACE',''
  ) );
#5198 = PCURVE('',#4256,#5199);
#5199 = DEFINITIONAL_REPRESENTATION('',(#5200),#5204);
#5200 = B_SPLINE_CURVE_WITH_KNOTS('',2,(#5201,#5202,#5203),
  .UNSPECIFIED.,.F.,.F.,(3,3),(-1.,5.),.PIECEWISE_BEZIER_KNOTS.);
#5201 = CARTESIAN_POINT('',(0.78539815432,-1.));
#5202 = CARTESIAN_POINT('',(0.78539815432,2.));
#5203 = CARTESIAN_POINT('',(0.78539815432,5.));
#5204 = ( GEOMETRIC_REPRESENTATION_CONTEXT(2) 
PARAMETRIC_REPRESENTATION_CONTEXT() REPRESENTATION_CONTEXT('2D SPACE',''
  ) );
#5205 = ORIENTED_EDGE('',*,*,#5206,.T.);
#5206 = EDGE_CURVE('',#5186,#5144,#5207,.T.);
#5207 = SURFACE_CURVE('',#5208,(#5211,#5217),.PCURVE_S1.);
#5208 = B_SPLINE_CURVE_WITH_KNOTS('',1,(#5209,#5210),.UNSPECIFIED.,.F.,
  .F.,(2,2),(-0.414213562373,18.279708522772),.PIECEWISE_BEZIER_KNOTS.);
#5209 = CARTESIAN_POINT('',(63.,218.16924437775,22.279708522772));
#5210 = CARTESIAN_POINT('',(63.,218.16924437775,3.585786437627));
#5211 = PCURVE('',#2707,#5212);
#5212 = DEFINITIONAL_REPRESENTATION('',(#5213),#5216);
#5213 = B_SPLINE_CURVE_WITH_KNOTS('',1,(#5214,#5215),.UNSPECIFIED.,.F.,
  .F.,(2,2),(-0.414213562373,18.279708522772),.PIECEWISE_BEZIER_KNOTS.);
#5214 = CARTESIAN_POINT('',(-7.363774172523,23.169244377755));
#5215 = CARTESIAN_POINT('',(11.330147912623,23.169244377755));
#5216 = ( GEOMETRIC_REPRESENTATION_CONTEXT(2) 
PARAMETRIC_REPRESENTATION_CONTEXT() REPRESENTATION_CONTEXT('2D SPACE',''
  ) );
#5217 = PCURVE('',#4053,#5218);
#5218 = DEFINITIONAL_REPRESENTATION('',(#5219),#5223);
#5219 = B_SPLINE_CURVE_WITH_KNOTS('',2,(#5220,#5221,#5222),
  .UNSPECIFIED.,.F.,.F.,(3,3),(-0.414213562373,18.279708522772),
  .PIECEWISE_BEZIER_KNOTS.);
#5220 = CARTESIAN_POINT('',(1.570796288394,-0.414213562373));
#5221 = CARTESIAN_POINT('',(1.570796288394,8.9327474802));
#5222 = CARTESIAN_POINT('',(1.570796288394,18.279708522772));
#5223 = ( GEOMETRIC_REPRESENTATION_CONTEXT(2) 
PARAMETRIC_REPRESENTATION_CONTEXT() REPRESENTATION_CONTEXT('2D SPACE',''
  ) );
#5224 = FACE_BOUND('',#5225,.F.);
#5225 = EDGE_LOOP('',(#5226,#5256,#5284,#5312));
#5226 = ORIENTED_EDGE('',*,*,#5227,.T.);
#5227 = EDGE_CURVE('',#5228,#5230,#5232,.T.);
#5228 = VERTEX_POINT('',#5229);
#5229 = CARTESIAN_POINT('',(63.,171.83075562224,22.279708522772));
#5230 = VERTEX_POINT('',#5231);
#5231 = CARTESIAN_POINT('',(63.,177.83075562224,22.279708522772));
#5232 = SURFACE_CURVE('',#5233,(#5236,#5242),.PCURVE_S1.);
#5233 = B_SPLINE_CURVE_WITH_KNOTS('',1,(#5234,#5235),.UNSPECIFIED.,.F.,
  .F.,(2,2),(-1.,5.),.PIECEWISE_BEZIER_KNOTS.);
#5234 = CARTESIAN_POINT('',(63.,171.83075562224,22.279708522772));
#5235 = CARTESIAN_POINT('',(63.,177.83075562224,22.279708522772));
#5236 = PCURVE('',#2707,#5237);
#5237 = DEFINITIONAL_REPRESENTATION('',(#5238),#5241);
#5238 = B_SPLINE_CURVE_WITH_KNOTS('',1,(#5239,#5240),.UNSPECIFIED.,.F.,
  .F.,(2,2),(-1.,5.),.PIECEWISE_BEZIER_KNOTS.);
#5239 = CARTESIAN_POINT('',(-7.363774172523,-23.16924437775));
#5240 = CARTESIAN_POINT('',(-7.363774172523,-17.16924437775));
#5241 = ( GEOMETRIC_REPRESENTATION_CONTEXT(2) 
PARAMETRIC_REPRESENTATION_CONTEXT() REPRESENTATION_CONTEXT('2D SPACE',''
  ) );
#5242 = PCURVE('',#5243,#5250);
#5243 = ( BOUNDED_SURFACE() B_SPLINE_SURFACE(2,1,(
    (#5244,#5245)
    ,(#5246,#5247)
    ,(#5248,#5249
)),.UNSPECIFIED.,.F.,.F.,.F.) B_SPLINE_SURFACE_WITH_KNOTS((3,3),(2,2),(
    -3.478891699715E-07,0.785398163397),(-1.,5.000000347889),
.PIECEWISE_BEZIER_KNOTS.) GEOMETRIC_REPRESENTATION_ITEM() 
RATIONAL_B_SPLINE_SURFACE((
    (1.,1.)
    ,(0.923879465946,0.923879465946)
,(1.,1.))) REPRESENTATION_ITEM('') SURFACE() );
#5244 = CARTESIAN_POINT('',(63.,171.83075562224,22.279708870662));
#5245 = CARTESIAN_POINT('',(63.,177.83075597013,22.279708870662));
#5246 = CARTESIAN_POINT('',(63.0000001441,171.83075562224,21.8654951045)
  );
#5247 = CARTESIAN_POINT('',(63.0000001441,177.83075597013,21.8654951045)
  );
#5248 = CARTESIAN_POINT('',(62.707106781187,171.83075562224,
    21.572601741586));
#5249 = CARTESIAN_POINT('',(62.707106781187,177.83075597013,
    21.572601741586));
#5250 = DEFINITIONAL_REPRESENTATION('',(#5251),#5255);
#5251 = B_SPLINE_CURVE_WITH_KNOTS('',2,(#5252,#5253,#5254),
  .UNSPECIFIED.,.F.,.F.,(3,3),(-1.,5.),.PIECEWISE_BEZIER_KNOTS.);
#5252 = CARTESIAN_POINT('',(9.105004675695E-09,-1.));
#5253 = CARTESIAN_POINT('',(9.105004675695E-09,2.));
#5254 = CARTESIAN_POINT('',(9.105004675695E-09,5.));
#5255 = ( GEOMETRIC_REPRESENTATION_CONTEXT(2) 
PARAMETRIC_REPRESENTATION_CONTEXT() REPRESENTATION_CONTEXT('2D SPACE',''
  ) );
#5256 = ORIENTED_EDGE('',*,*,#5257,.T.);
#5257 = EDGE_CURVE('',#5230,#5258,#5260,.T.);
#5258 = VERTEX_POINT('',#5259);
#5259 = CARTESIAN_POINT('',(63.,177.83075562224,3.585786437627));
#5260 = SURFACE_CURVE('',#5261,(#5264,#5270),.PCURVE_S1.);
#5261 = B_SPLINE_CURVE_WITH_KNOTS('',1,(#5262,#5263),.UNSPECIFIED.,.F.,
  .F.,(2,2),(-0.414213562373,18.279708522772),.PIECEWISE_BEZIER_KNOTS.);
#5262 = CARTESIAN_POINT('',(63.,177.83075562224,22.279708522772));
#5263 = CARTESIAN_POINT('',(63.,177.83075562224,3.585786437627));
#5264 = PCURVE('',#2707,#5265);
#5265 = DEFINITIONAL_REPRESENTATION('',(#5266),#5269);
#5266 = B_SPLINE_CURVE_WITH_KNOTS('',1,(#5267,#5268),.UNSPECIFIED.,.F.,
  .F.,(2,2),(-0.414213562373,18.279708522772),.PIECEWISE_BEZIER_KNOTS.);
#5267 = CARTESIAN_POINT('',(-7.363774172523,-17.16924437775));
#5268 = CARTESIAN_POINT('',(11.330147912623,-17.16924437775));
#5269 = ( GEOMETRIC_REPRESENTATION_CONTEXT(2) 
PARAMETRIC_REPRESENTATION_CONTEXT() REPRESENTATION_CONTEXT('2D SPACE',''
  ) );
#5270 = PCURVE('',#5271,#5278);
#5271 = ( BOUNDED_SURFACE() B_SPLINE_SURFACE(2,1,(
    (#5272,#5273)
    ,(#5274,#5275)
    ,(#5276,#5277
)),.UNSPECIFIED.,.F.,.F.,.F.) B_SPLINE_SURFACE_WITH_KNOTS((3,3),(2,2),(
    -3.47889169805E-07,1.570796326795),(-0.414213910262,18.279708522772)
,.PIECEWISE_BEZIER_KNOTS.) GEOMETRIC_REPRESENTATION_ITEM() 
RATIONAL_B_SPLINE_SURFACE((
    (1.,1.)
    ,(0.707106658189,0.707106658189)
,(1.,1.))) REPRESENTATION_ITEM('') SURFACE() );
#5272 = CARTESIAN_POINT('',(63.,177.83075597013,22.279708870662));
#5273 = CARTESIAN_POINT('',(63.,177.83075597013,3.585786437627));
#5274 = CARTESIAN_POINT('',(63.000000347889,176.83075562224,
    22.279708870662));
#5275 = CARTESIAN_POINT('',(63.000000347889,176.83075562224,
    3.585786437627));
#5276 = CARTESIAN_POINT('',(62.,176.83075562224,22.279708870662));
#5277 = CARTESIAN_POINT('',(62.,176.83075562224,3.585786437627));
#5278 = DEFINITIONAL_REPRESENTATION('',(#5279),#5283);
#5279 = B_SPLINE_CURVE_WITH_KNOTS('',2,(#5280,#5281,#5282),
  .UNSPECIFIED.,.F.,.F.,(3,3),(-0.414213562373,18.279708522772),
  .PIECEWISE_BEZIER_KNOTS.);
#5280 = CARTESIAN_POINT('',(3.851849738983E-08,-0.414213562373));
#5281 = CARTESIAN_POINT('',(3.851849738983E-08,8.9327474802));
#5282 = CARTESIAN_POINT('',(3.851849738983E-08,18.279708522772));
#5283 = ( GEOMETRIC_REPRESENTATION_CONTEXT(2) 
PARAMETRIC_REPRESENTATION_CONTEXT() REPRESENTATION_CONTEXT('2D SPACE',''
  ) );
#5284 = ORIENTED_EDGE('',*,*,#5285,.F.);
#5285 = EDGE_CURVE('',#5286,#5258,#5288,.T.);
#5286 = VERTEX_POINT('',#5287);
#5287 = CARTESIAN_POINT('',(63.,171.83075562224,3.585786437627));
#5288 = SURFACE_CURVE('',#5289,(#5292,#5298),.PCURVE_S1.);
#5289 = B_SPLINE_CURVE_WITH_KNOTS('',1,(#5290,#5291),.UNSPECIFIED.,.F.,
  .F.,(2,2),(-1.,5.),.PIECEWISE_BEZIER_KNOTS.);
#5290 = CARTESIAN_POINT('',(63.,171.83075562224,3.585786437627));
#5291 = CARTESIAN_POINT('',(63.,177.83075562224,3.585786437627));
#5292 = PCURVE('',#2707,#5293);
#5293 = DEFINITIONAL_REPRESENTATION('',(#5294),#5297);
#5294 = B_SPLINE_CURVE_WITH_KNOTS('',1,(#5295,#5296),.UNSPECIFIED.,.F.,
  .F.,(2,2),(-1.,5.),.PIECEWISE_BEZIER_KNOTS.);
#5295 = CARTESIAN_POINT('',(11.330147912623,-23.16924437775));
#5296 = CARTESIAN_POINT('',(11.330147912623,-17.16924437775));
#5297 = ( GEOMETRIC_REPRESENTATION_CONTEXT(2) 
PARAMETRIC_REPRESENTATION_CONTEXT() REPRESENTATION_CONTEXT('2D SPACE',''
  ) );
#5298 = PCURVE('',#5299,#5306);
#5299 = ( BOUNDED_SURFACE() B_SPLINE_SURFACE(2,1,(
    (#5300,#5301)
    ,(#5302,#5303)
    ,(#5304,#5305
)),.UNSPECIFIED.,.F.,.F.,.F.) B_SPLINE_SURFACE_WITH_KNOTS((3,3),(2,2),(
    0.,2.356194490192),(-1.,5.),.PIECEWISE_BEZIER_KNOTS.) 
GEOMETRIC_REPRESENTATION_ITEM() RATIONAL_B_SPLINE_SURFACE((
    (1.,1.)
    ,(0.382683432365,0.382683432365)
,(1.,1.))) REPRESENTATION_ITEM('') SURFACE() );
#5300 = CARTESIAN_POINT('',(63.,171.83075562224,3.585786437627));
#5301 = CARTESIAN_POINT('',(63.,177.83075562224,3.585786437627));
#5302 = CARTESIAN_POINT('',(63.,171.83075562224,6.));
#5303 = CARTESIAN_POINT('',(63.,177.83075562224,6.));
#5304 = CARTESIAN_POINT('',(61.292893218813,171.83075562224,
    4.292893218813));
#5305 = CARTESIAN_POINT('',(61.292893218813,177.83075562224,
    4.292893218813));
#5306 = DEFINITIONAL_REPRESENTATION('',(#5307),#5311);
#5307 = B_SPLINE_CURVE_WITH_KNOTS('',2,(#5308,#5309,#5310),
  .UNSPECIFIED.,.F.,.F.,(3,3),(-1.,5.),.PIECEWISE_BEZIER_KNOTS.);
#5308 = CARTESIAN_POINT('',(0.,-1.));
#5309 = CARTESIAN_POINT('',(0.,2.));
#5310 = CARTESIAN_POINT('',(0.,5.));
#5311 = ( GEOMETRIC_REPRESENTATION_CONTEXT(2) 
PARAMETRIC_REPRESENTATION_CONTEXT() REPRESENTATION_CONTEXT('2D SPACE',''
  ) );
#5312 = ORIENTED_EDGE('',*,*,#5313,.F.);
#5313 = EDGE_CURVE('',#5228,#5286,#5314,.T.);
#5314 = SURFACE_CURVE('',#5315,(#5318,#5324),.PCURVE_S1.);
#5315 = B_SPLINE_CURVE_WITH_KNOTS('',1,(#5316,#5317),.UNSPECIFIED.,.F.,
  .F.,(2,2),(-0.414213562373,18.279708522772),.PIECEWISE_BEZIER_KNOTS.);
#5316 = CARTESIAN_POINT('',(63.,171.83075562224,22.279708522772));
#5317 = CARTESIAN_POINT('',(63.,171.83075562224,3.585786437627));
#5318 = PCURVE('',#2707,#5319);
#5319 = DEFINITIONAL_REPRESENTATION('',(#5320),#5323);
#5320 = B_SPLINE_CURVE_WITH_KNOTS('',1,(#5321,#5322),.UNSPECIFIED.,.F.,
  .F.,(2,2),(-0.414213562373,18.279708522772),.PIECEWISE_BEZIER_KNOTS.);
#5321 = CARTESIAN_POINT('',(-7.363774172523,-23.16924437775));
#5322 = CARTESIAN_POINT('',(11.330147912623,-23.16924437775));
#5323 = ( GEOMETRIC_REPRESENTATION_CONTEXT(2) 
PARAMETRIC_REPRESENTATION_CONTEXT() REPRESENTATION_CONTEXT('2D SPACE',''
  ) );
#5324 = PCURVE('',#5325,#5332);
#5325 = ( BOUNDED_SURFACE() B_SPLINE_SURFACE(2,1,(
    (#5326,#5327)
    ,(#5328,#5329)
    ,(#5330,#5331
)),.UNSPECIFIED.,.F.,.F.,.F.) B_SPLINE_SURFACE_WITH_KNOTS((3,3),(2,2),(
    0.,1.570796326795),(-0.414213562373,18.279708522772),
.PIECEWISE_BEZIER_KNOTS.) GEOMETRIC_REPRESENTATION_ITEM() 
RATIONAL_B_SPLINE_SURFACE((
    (1.,1.)
    ,(0.707106781187,0.707106781187)
,(1.,1.))) REPRESENTATION_ITEM('') SURFACE() );
#5326 = CARTESIAN_POINT('',(63.,171.83075562224,22.279708522772));
#5327 = CARTESIAN_POINT('',(63.,171.83075562224,3.585786437627));
#5328 = CARTESIAN_POINT('',(63.,172.83075562224,22.279708522772));
#5329 = CARTESIAN_POINT('',(63.,172.83075562224,3.585786437627));
#5330 = CARTESIAN_POINT('',(62.,172.83075562224,22.279708522772));
#5331 = CARTESIAN_POINT('',(62.,172.83075562224,3.585786437627));
#5332 = DEFINITIONAL_REPRESENTATION('',(#5333),#5337);
#5333 = B_SPLINE_CURVE_WITH_KNOTS('',2,(#5334,#5335,#5336),
  .UNSPECIFIED.,.F.,.F.,(3,3),(-0.414213562373,18.279708522772),
  .PIECEWISE_BEZIER_KNOTS.);
#5334 = CARTESIAN_POINT('',(0.,-0.414213562373));
#5335 = CARTESIAN_POINT('',(0.,8.9327474802));
#5336 = CARTESIAN_POINT('',(0.,18.279708522772));
#5337 = ( GEOMETRIC_REPRESENTATION_CONTEXT(2) 
PARAMETRIC_REPRESENTATION_CONTEXT() REPRESENTATION_CONTEXT('2D SPACE',''
  ) );
#5338 = ADVANCED_FACE('',(#5339),#2781,.T.);
#5339 = FACE_BOUND('',#5340,.T.);
#5340 = EDGE_LOOP('',(#5341,#5361,#5362,#5363));
#5341 = ORIENTED_EDGE('',*,*,#5342,.T.);
#5342 = EDGE_CURVE('',#5343,#2767,#5345,.T.);
#5343 = VERTEX_POINT('',#5344);
#5344 = CARTESIAN_POINT('',(67.,154.66151124449,29.831868700499));
#5345 = SURFACE_CURVE('',#5346,(#5349,#5355),.PCURVE_S1.);
#5346 = B_SPLINE_CURVE_WITH_KNOTS('',1,(#5347,#5348),.UNSPECIFIED.,.F.,
  .F.,(2,2),(0.,26.831868700499),.PIECEWISE_BEZIER_KNOTS.);
#5347 = CARTESIAN_POINT('',(67.,154.66151124449,29.831868700499));
#5348 = CARTESIAN_POINT('',(67.,154.66151124449,3.));
#5349 = PCURVE('',#2781,#5350);
#5350 = DEFINITIONAL_REPRESENTATION('',(#5351),#5354);
#5351 = B_SPLINE_CURVE_WITH_KNOTS('',1,(#5352,#5353),.UNSPECIFIED.,.F.,
  .F.,(2,2),(0.,26.831868700499),.PIECEWISE_BEZIER_KNOTS.);
#5352 = CARTESIAN_POINT('',(-14.91593435025,-40.33848875551));
#5353 = CARTESIAN_POINT('',(11.91593435025,-40.33848875551));
#5354 = ( GEOMETRIC_REPRESENTATION_CONTEXT(2) 
PARAMETRIC_REPRESENTATION_CONTEXT() REPRESENTATION_CONTEXT('2D SPACE',''
  ) );
#5355 = PCURVE('',#2853,#5356);
#5356 = DEFINITIONAL_REPRESENTATION('',(#5357),#5360);
#5357 = B_SPLINE_CURVE_WITH_KNOTS('',1,(#5358,#5359),.UNSPECIFIED.,.F.,
  .F.,(2,2),(0.,26.831868700499),.PIECEWISE_BEZIER_KNOTS.);
#5358 = CARTESIAN_POINT('',(14.91593435025,2.));
#5359 = CARTESIAN_POINT('',(-11.91593435025,2.));
#5360 = ( GEOMETRIC_REPRESENTATION_CONTEXT(2) 
PARAMETRIC_REPRESENTATION_CONTEXT() REPRESENTATION_CONTEXT('2D SPACE',''
  ) );
#5361 = ORIENTED_EDGE('',*,*,#2766,.F.);
#5362 = ORIENTED_EDGE('',*,*,#5032,.T.);
#5363 = ORIENTED_EDGE('',*,*,#5364,.T.);
#5364 = EDGE_CURVE('',#5033,#5343,#5365,.T.);
#5365 = SURFACE_CURVE('',#5366,(#5369,#5375),.PCURVE_S1.);
#5366 = B_SPLINE_CURVE_WITH_KNOTS('',1,(#5367,#5368),.UNSPECIFIED.,.F.,
  .F.,(2,2),(0.,80.67697751102),.PIECEWISE_BEZIER_KNOTS.);
#5367 = CARTESIAN_POINT('',(67.,235.33848875551,29.831868700499));
#5368 = CARTESIAN_POINT('',(67.,154.66151124449,29.831868700499));
#5369 = PCURVE('',#2781,#5370);
#5370 = DEFINITIONAL_REPRESENTATION('',(#5371),#5374);
#5371 = B_SPLINE_CURVE_WITH_KNOTS('',1,(#5372,#5373),.UNSPECIFIED.,.F.,
  .F.,(2,2),(0.,80.67697751102),.PIECEWISE_BEZIER_KNOTS.);
#5372 = CARTESIAN_POINT('',(-14.91593435025,40.33848875551));
#5373 = CARTESIAN_POINT('',(-14.91593435025,-40.33848875551));
#5374 = ( GEOMETRIC_REPRESENTATION_CONTEXT(2) 
PARAMETRIC_REPRESENTATION_CONTEXT() REPRESENTATION_CONTEXT('2D SPACE',''
  ) );
#5375 = PCURVE('',#5085,#5376);
#5376 = DEFINITIONAL_REPRESENTATION('',(#5377),#5380);
#5377 = B_SPLINE_CURVE_WITH_KNOTS('',1,(#5378,#5379),.UNSPECIFIED.,.F.,
  .F.,(2,2),(0.,80.67697751102),.PIECEWISE_BEZIER_KNOTS.);
#5378 = CARTESIAN_POINT('',(2.,40.33848875551));
#5379 = CARTESIAN_POINT('',(2.,-40.33848875551));
#5380 = ( GEOMETRIC_REPRESENTATION_CONTEXT(2) 
PARAMETRIC_REPRESENTATION_CONTEXT() REPRESENTATION_CONTEXT('2D SPACE',''
  ) );
#5381 = ADVANCED_FACE('',(#5382),#2853,.F.);
#5382 = FACE_BOUND('',#5383,.F.);
#5383 = EDGE_LOOP('',(#5384,#5385,#5403,#5404));
#5384 = ORIENTED_EDGE('',*,*,#5099,.F.);
#5385 = ORIENTED_EDGE('',*,*,#5386,.T.);
#5386 = EDGE_CURVE('',#5100,#5343,#5387,.T.);
#5387 = SURFACE_CURVE('',#5388,(#5391,#5397),.PCURVE_S1.);
#5388 = B_SPLINE_CURVE_WITH_KNOTS('',1,(#5389,#5390),.UNSPECIFIED.,.F.,
  .F.,(2,2),(0.,4.),.PIECEWISE_BEZIER_KNOTS.);
#5389 = CARTESIAN_POINT('',(63.,154.66151124449,29.831868700499));
#5390 = CARTESIAN_POINT('',(67.,154.66151124449,29.831868700499));
#5391 = PCURVE('',#2853,#5392);
#5392 = DEFINITIONAL_REPRESENTATION('',(#5393),#5396);
#5393 = B_SPLINE_CURVE_WITH_KNOTS('',1,(#5394,#5395),.UNSPECIFIED.,.F.,
  .F.,(2,2),(0.,4.),.PIECEWISE_BEZIER_KNOTS.);
#5394 = CARTESIAN_POINT('',(14.91593435025,-2.));
#5395 = CARTESIAN_POINT('',(14.91593435025,2.));
#5396 = ( GEOMETRIC_REPRESENTATION_CONTEXT(2) 
PARAMETRIC_REPRESENTATION_CONTEXT() REPRESENTATION_CONTEXT('2D SPACE',''
  ) );
#5397 = PCURVE('',#5085,#5398);
#5398 = DEFINITIONAL_REPRESENTATION('',(#5399),#5402);
#5399 = B_SPLINE_CURVE_WITH_KNOTS('',1,(#5400,#5401),.UNSPECIFIED.,.F.,
  .F.,(2,2),(0.,4.),.PIECEWISE_BEZIER_KNOTS.);
#5400 = CARTESIAN_POINT('',(-2.,-40.33848875551));
#5401 = CARTESIAN_POINT('',(2.,-40.33848875551));
#5402 = ( GEOMETRIC_REPRESENTATION_CONTEXT(2) 
PARAMETRIC_REPRESENTATION_CONTEXT() REPRESENTATION_CONTEXT('2D SPACE',''
  ) );
#5403 = ORIENTED_EDGE('',*,*,#5342,.T.);
#5404 = ORIENTED_EDGE('',*,*,#2840,.F.);
#5405 = ADVANCED_FACE('',(#5406),#2937,.F.);
#5406 = FACE_BOUND('',#5407,.F.);
#5407 = EDGE_LOOP('',(#5408,#5428,#5455,#5476,#5494,#5495));
#5408 = ORIENTED_EDGE('',*,*,#5409,.T.);
#5409 = EDGE_CURVE('',#2918,#5410,#5412,.T.);
#5410 = VERTEX_POINT('',#5411);
#5411 = CARTESIAN_POINT('',(61.292893218813,176.83075562224,
    4.292893218813));
#5412 = SURFACE_CURVE('',#5413,(#5416,#5422),.PCURVE_S1.);
#5413 = B_SPLINE_CURVE_WITH_KNOTS('',1,(#5414,#5415),.UNSPECIFIED.,.F.,
  .F.,(2,2),(5.242640687119,6.071067811865),.PIECEWISE_BEZIER_KNOTS.);
#5414 = CARTESIAN_POINT('',(60.707106781187,176.83075562224,
    3.707106781187));
#5415 = CARTESIAN_POINT('',(61.292893218813,176.83075562224,
    4.292893218813));
#5416 = PCURVE('',#2937,#5417);
#5417 = DEFINITIONAL_REPRESENTATION('',(#5418),#5421);
#5418 = B_SPLINE_CURVE_WITH_KNOTS('',1,(#5419,#5420),.UNSPECIFIED.,.F.,
  .F.,(2,2),(5.242640687119,6.071067811865),.PIECEWISE_BEZIER_KNOTS.);
#5419 = CARTESIAN_POINT('',(5.418113398821,4.832326961194));
#5420 = CARTESIAN_POINT('',(4.832326961194,5.418113398821));
#5421 = ( GEOMETRIC_REPRESENTATION_CONTEXT(2) 
PARAMETRIC_REPRESENTATION_CONTEXT() REPRESENTATION_CONTEXT('2D SPACE',''
  ) );
#5422 = PCURVE('',#2964,#5423);
#5423 = DEFINITIONAL_REPRESENTATION('',(#5424),#5427);
#5424 = B_SPLINE_CURVE_WITH_KNOTS('',1,(#5425,#5426),.UNSPECIFIED.,.F.,
  .F.,(2,2),(5.242640687119,6.071067811865),.PIECEWISE_BEZIER_KNOTS.);
#5425 = CARTESIAN_POINT('',(-0.414213562373,-2.));
#5426 = CARTESIAN_POINT('',(0.414213562373,-2.));
#5427 = ( GEOMETRIC_REPRESENTATION_CONTEXT(2) 
PARAMETRIC_REPRESENTATION_CONTEXT() REPRESENTATION_CONTEXT('2D SPACE',''
  ) );
#5428 = ORIENTED_EDGE('',*,*,#5429,.F.);
#5429 = EDGE_CURVE('',#5430,#5410,#5432,.T.);
#5430 = VERTEX_POINT('',#5431);
#5431 = CARTESIAN_POINT('',(62.,176.83075562224,4.585786437627));
#5432 = SURFACE_CURVE('',#5433,(#5437,#5444),.PCURVE_S1.);
#5433 = ( BOUNDED_CURVE() B_SPLINE_CURVE(2,(#5434,#5435,#5436),
.UNSPECIFIED.,.F.,.F.) B_SPLINE_CURVE_WITH_KNOTS((3,3),(0.,
0.785398163397),.PIECEWISE_BEZIER_KNOTS.) CURVE() 
GEOMETRIC_REPRESENTATION_ITEM() RATIONAL_B_SPLINE_CURVE((1.,
0.923879532511,1.)) REPRESENTATION_ITEM('') );
#5434 = CARTESIAN_POINT('',(62.,176.83075562224,4.585786437627));
#5435 = CARTESIAN_POINT('',(61.585786437627,176.83075562224,
    4.585786437627));
#5436 = CARTESIAN_POINT('',(61.292893218813,176.83075562224,
    4.292893218813));
#5437 = PCURVE('',#2937,#5438);
#5438 = DEFINITIONAL_REPRESENTATION('',(#5439),#5443);
#5439 = ( BOUNDED_CURVE() B_SPLINE_CURVE(2,(#5440,#5441,#5442),
.UNSPECIFIED.,.F.,.F.) B_SPLINE_CURVE_WITH_KNOTS((3,3),(0.,
0.785398163397),.PIECEWISE_BEZIER_KNOTS.) CURVE() 
GEOMETRIC_REPRESENTATION_ITEM() RATIONAL_B_SPLINE_CURVE((1.,
0.923879532511,1.)) REPRESENTATION_ITEM('') );
#5440 = CARTESIAN_POINT('',(4.53943374238,6.125220180007));
#5441 = CARTESIAN_POINT('',(4.53943374238,5.711006617634));
#5442 = CARTESIAN_POINT('',(4.832326961194,5.418113398821));
#5443 = ( GEOMETRIC_REPRESENTATION_CONTEXT(2) 
PARAMETRIC_REPRESENTATION_CONTEXT() REPRESENTATION_CONTEXT('2D SPACE',''
  ) );
#5444 = PCURVE('',#5299,#5445);
#5445 = DEFINITIONAL_REPRESENTATION('',(#5446),#5454);
#5446 = B_SPLINE_CURVE_WITH_KNOTS('',6,(#5447,#5448,#5449,#5450,#5451,
    #5452,#5453),.UNSPECIFIED.,.F.,.F.,(7,7),(0.,0.785398163397),
  .PIECEWISE_BEZIER_KNOTS.);
#5447 = CARTESIAN_POINT('',(1.528809013966,4.));
#5448 = CARTESIAN_POINT('',(1.645712916364,4.));
#5449 = CARTESIAN_POINT('',(1.769736011643,4.));
#5450 = CARTESIAN_POINT('',(1.901690339138,3.999999999999));
#5451 = CARTESIAN_POINT('',(2.042556085685,4.000000000002));
#5452 = CARTESIAN_POINT('',(2.193533227344,4.));
#5453 = CARTESIAN_POINT('',(2.356194490192,4.));
#5454 = ( GEOMETRIC_REPRESENTATION_CONTEXT(2) 
PARAMETRIC_REPRESENTATION_CONTEXT() REPRESENTATION_CONTEXT('2D SPACE',''
  ) );
#5455 = ORIENTED_EDGE('',*,*,#5456,.F.);
#5456 = EDGE_CURVE('',#5457,#5430,#5459,.T.);
#5457 = VERTEX_POINT('',#5458);
#5458 = CARTESIAN_POINT('',(62.,176.83075562224,20.865494960399));
#5459 = SURFACE_CURVE('',#5460,(#5463,#5469),.PCURVE_S1.);
#5460 = B_SPLINE_CURVE_WITH_KNOTS('',1,(#5461,#5462),.UNSPECIFIED.,.F.,
  .F.,(2,2),(1.,17.279708522772),.PIECEWISE_BEZIER_KNOTS.);
#5461 = CARTESIAN_POINT('',(62.,176.83075562224,20.865494960399));
#5462 = CARTESIAN_POINT('',(62.,176.83075562224,4.585786437627));
#5463 = PCURVE('',#2937,#5464);
#5464 = DEFINITIONAL_REPRESENTATION('',(#5465),#5468);
#5465 = B_SPLINE_CURVE_WITH_KNOTS('',1,(#5466,#5467),.UNSPECIFIED.,.F.,
  .F.,(2,2),(1.,17.279708522772),.PIECEWISE_BEZIER_KNOTS.);
#5466 = CARTESIAN_POINT('',(-11.74027478039,6.125220180007));
#5467 = CARTESIAN_POINT('',(4.53943374238,6.125220180007));
#5468 = ( GEOMETRIC_REPRESENTATION_CONTEXT(2) 
PARAMETRIC_REPRESENTATION_CONTEXT() REPRESENTATION_CONTEXT('2D SPACE',''
  ) );
#5469 = PCURVE('',#5271,#5470);
#5470 = DEFINITIONAL_REPRESENTATION('',(#5471),#5475);
#5471 = B_SPLINE_CURVE_WITH_KNOTS('',2,(#5472,#5473,#5474),
  .UNSPECIFIED.,.F.,.F.,(3,3),(1.,17.279708522772),
  .PIECEWISE_BEZIER_KNOTS.);
#5472 = CARTESIAN_POINT('',(1.570796326795,1.));
#5473 = CARTESIAN_POINT('',(1.570796326795,9.139854261386));
#5474 = CARTESIAN_POINT('',(1.570796326795,17.279708522772));
#5475 = ( GEOMETRIC_REPRESENTATION_CONTEXT(2) 
PARAMETRIC_REPRESENTATION_CONTEXT() REPRESENTATION_CONTEXT('2D SPACE',''
  ) );
#5476 = ORIENTED_EDGE('',*,*,#5477,.T.);
#5477 = EDGE_CURVE('',#5457,#3093,#5478,.T.);
#5478 = SURFACE_CURVE('',#5479,(#5482,#5488),.PCURVE_S1.);
#5479 = B_SPLINE_CURVE_WITH_KNOTS('',1,(#5480,#5481),.UNSPECIFIED.,.F.,
  .F.,(2,2),(4.242640687119,29.508265958624),.PIECEWISE_BEZIER_KNOTS.);
#5480 = CARTESIAN_POINT('',(62.,176.83075562224,20.865494960399));
#5481 = CARTESIAN_POINT('',(44.134505039601,176.83075562224,3.));
#5482 = PCURVE('',#2937,#5483);
#5483 = DEFINITIONAL_REPRESENTATION('',(#5484),#5487);
#5484 = B_SPLINE_CURVE_WITH_KNOTS('',1,(#5485,#5486),.UNSPECIFIED.,.F.,
  .F.,(2,2),(4.242640687119,29.508265958624),.PIECEWISE_BEZIER_KNOTS.);
#5485 = CARTESIAN_POINT('',(-11.74027478039,6.125220180007));
#5486 = CARTESIAN_POINT('',(6.125220180007,-11.74027478039));
#5487 = ( GEOMETRIC_REPRESENTATION_CONTEXT(2) 
PARAMETRIC_REPRESENTATION_CONTEXT() REPRESENTATION_CONTEXT('2D SPACE',''
  ) );
#5488 = PCURVE('',#3132,#5489);
#5489 = DEFINITIONAL_REPRESENTATION('',(#5490),#5493);
#5490 = B_SPLINE_CURVE_WITH_KNOTS('',1,(#5491,#5492),.UNSPECIFIED.,.F.,
  .F.,(2,2),(4.242640687119,29.508265958624),.PIECEWISE_BEZIER_KNOTS.);
#5491 = CARTESIAN_POINT('',(12.632812635752,-2.));
#5492 = CARTESIAN_POINT('',(-12.63281263575,-2.));
#5493 = ( GEOMETRIC_REPRESENTATION_CONTEXT(2) 
PARAMETRIC_REPRESENTATION_CONTEXT() REPRESENTATION_CONTEXT('2D SPACE',''
  ) );
#5494 = ORIENTED_EDGE('',*,*,#3092,.F.);
#5495 = ORIENTED_EDGE('',*,*,#2917,.T.);
#5496 = ADVANCED_FACE('',(#5497),#2964,.T.);
#5497 = FACE_BOUND('',#5498,.T.);
#5498 = EDGE_LOOP('',(#5499,#5519,#5520,#5521));
#5499 = ORIENTED_EDGE('',*,*,#5500,.F.);
#5500 = EDGE_CURVE('',#2950,#5501,#5503,.T.);
#5501 = VERTEX_POINT('',#5502);
#5502 = CARTESIAN_POINT('',(61.292893218813,172.83075562224,
    4.292893218813));
#5503 = SURFACE_CURVE('',#5504,(#5507,#5513),.PCURVE_S1.);
#5504 = B_SPLINE_CURVE_WITH_KNOTS('',1,(#5505,#5506),.UNSPECIFIED.,.F.,
  .F.,(2,2),(5.242640687119,6.071067811865),.PIECEWISE_BEZIER_KNOTS.);
#5505 = CARTESIAN_POINT('',(60.707106781187,172.83075562224,
    3.707106781187));
#5506 = CARTESIAN_POINT('',(61.292893218813,172.83075562224,
    4.292893218813));
#5507 = PCURVE('',#2964,#5508);
#5508 = DEFINITIONAL_REPRESENTATION('',(#5509),#5512);
#5509 = B_SPLINE_CURVE_WITH_KNOTS('',1,(#5510,#5511),.UNSPECIFIED.,.F.,
  .F.,(2,2),(5.242640687119,6.071067811865),.PIECEWISE_BEZIER_KNOTS.);
#5510 = CARTESIAN_POINT('',(-0.414213562373,2.));
#5511 = CARTESIAN_POINT('',(0.414213562373,2.));
#5512 = ( GEOMETRIC_REPRESENTATION_CONTEXT(2) 
PARAMETRIC_REPRESENTATION_CONTEXT() REPRESENTATION_CONTEXT('2D SPACE',''
  ) );
#5513 = PCURVE('',#2995,#5514);
#5514 = DEFINITIONAL_REPRESENTATION('',(#5515),#5518);
#5515 = B_SPLINE_CURVE_WITH_KNOTS('',1,(#5516,#5517),.UNSPECIFIED.,.F.,
  .F.,(2,2),(5.242640687119,6.071067811865),.PIECEWISE_BEZIER_KNOTS.);
#5516 = CARTESIAN_POINT('',(5.418113398821,4.832326961194));
#5517 = CARTESIAN_POINT('',(4.832326961194,5.418113398821));
#5518 = ( GEOMETRIC_REPRESENTATION_CONTEXT(2) 
PARAMETRIC_REPRESENTATION_CONTEXT() REPRESENTATION_CONTEXT('2D SPACE',''
  ) );
#5519 = ORIENTED_EDGE('',*,*,#2949,.F.);
#5520 = ORIENTED_EDGE('',*,*,#5409,.T.);
#5521 = ORIENTED_EDGE('',*,*,#5522,.F.);
#5522 = EDGE_CURVE('',#5501,#5410,#5523,.T.);
#5523 = SURFACE_CURVE('',#5524,(#5527,#5533),.PCURVE_S1.);
#5524 = B_SPLINE_CURVE_WITH_KNOTS('',1,(#5525,#5526),.UNSPECIFIED.,.F.,
  .F.,(2,2),(-4.766068893784E-16,4.),.PIECEWISE_BEZIER_KNOTS.);
#5525 = CARTESIAN_POINT('',(61.292893218813,172.83075562224,
    4.292893218813));
#5526 = CARTESIAN_POINT('',(61.292893218813,176.83075562224,
    4.292893218813));
#5527 = PCURVE('',#2964,#5528);
#5528 = DEFINITIONAL_REPRESENTATION('',(#5529),#5532);
#5529 = B_SPLINE_CURVE_WITH_KNOTS('',1,(#5530,#5531),.UNSPECIFIED.,.F.,
  .F.,(2,2),(-4.766068893784E-16,4.),.PIECEWISE_BEZIER_KNOTS.);
#5530 = CARTESIAN_POINT('',(0.414213562373,2.));
#5531 = CARTESIAN_POINT('',(0.414213562373,-2.));
#5532 = ( GEOMETRIC_REPRESENTATION_CONTEXT(2) 
PARAMETRIC_REPRESENTATION_CONTEXT() REPRESENTATION_CONTEXT('2D SPACE',''
  ) );
#5533 = PCURVE('',#5299,#5534);
#5534 = DEFINITIONAL_REPRESENTATION('',(#5535),#5539);
#5535 = B_SPLINE_CURVE_WITH_KNOTS('',2,(#5536,#5537,#5538),
  .UNSPECIFIED.,.F.,.F.,(3,3),(-4.766068893784E-16,4.),
  .PIECEWISE_BEZIER_KNOTS.);
#5536 = CARTESIAN_POINT('',(2.356194490192,2.794510254103E-14));
#5537 = CARTESIAN_POINT('',(2.356194490192,2.));
#5538 = CARTESIAN_POINT('',(2.356194490192,4.));
#5539 = ( GEOMETRIC_REPRESENTATION_CONTEXT(2) 
PARAMETRIC_REPRESENTATION_CONTEXT() REPRESENTATION_CONTEXT('2D SPACE',''
  ) );
#5540 = ADVANCED_FACE('',(#5541),#2995,.T.);
#5541 = FACE_BOUND('',#5542,.T.);
#5542 = EDGE_LOOP('',(#5543,#5544,#5571,#5592,#5610,#5611));
#5543 = ORIENTED_EDGE('',*,*,#5500,.T.);
#5544 = ORIENTED_EDGE('',*,*,#5545,.F.);
#5545 = EDGE_CURVE('',#5546,#5501,#5548,.T.);
#5546 = VERTEX_POINT('',#5547);
#5547 = CARTESIAN_POINT('',(62.,172.83075562224,4.585786437627));
#5548 = SURFACE_CURVE('',#5549,(#5553,#5560),.PCURVE_S1.);
#5549 = ( BOUNDED_CURVE() B_SPLINE_CURVE(2,(#5550,#5551,#5552),
.UNSPECIFIED.,.F.,.F.) B_SPLINE_CURVE_WITH_KNOTS((3,3),(0.,
0.785398163397),.PIECEWISE_BEZIER_KNOTS.) CURVE() 
GEOMETRIC_REPRESENTATION_ITEM() RATIONAL_B_SPLINE_CURVE((1.,
0.923879532511,1.)) REPRESENTATION_ITEM('') );
#5550 = CARTESIAN_POINT('',(62.,172.83075562224,4.585786437627));
#5551 = CARTESIAN_POINT('',(61.585786437627,172.83075562224,
    4.585786437627));
#5552 = CARTESIAN_POINT('',(61.292893218813,172.83075562224,
    4.292893218813));
#5553 = PCURVE('',#2995,#5554);
#5554 = DEFINITIONAL_REPRESENTATION('',(#5555),#5559);
#5555 = ( BOUNDED_CURVE() B_SPLINE_CURVE(2,(#5556,#5557,#5558),
.UNSPECIFIED.,.F.,.F.) B_SPLINE_CURVE_WITH_KNOTS((3,3),(0.,
0.785398163397),.PIECEWISE_BEZIER_KNOTS.) CURVE() 
GEOMETRIC_REPRESENTATION_ITEM() RATIONAL_B_SPLINE_CURVE((1.,
0.923879532511,1.)) REPRESENTATION_ITEM('') );
#5556 = CARTESIAN_POINT('',(4.53943374238,6.125220180007));
#5557 = CARTESIAN_POINT('',(4.53943374238,5.711006617634));
#5558 = CARTESIAN_POINT('',(4.832326961194,5.418113398821));
#5559 = ( GEOMETRIC_REPRESENTATION_CONTEXT(2) 
PARAMETRIC_REPRESENTATION_CONTEXT() REPRESENTATION_CONTEXT('2D SPACE',''
  ) );
#5560 = PCURVE('',#5299,#5561);
#5561 = DEFINITIONAL_REPRESENTATION('',(#5562),#5570);
#5562 = B_SPLINE_CURVE_WITH_KNOTS('',6,(#5563,#5564,#5565,#5566,#5567,
    #5568,#5569),.UNSPECIFIED.,.F.,.F.,(7,7),(0.,0.785398163397),
  .PIECEWISE_BEZIER_KNOTS.);
#5563 = CARTESIAN_POINT('',(1.528809013966,2.802483250953E-14));
#5564 = CARTESIAN_POINT('',(1.645712916366,-1.553297770807E-13));
#5565 = CARTESIAN_POINT('',(1.769736011636,1.077373002578E-13));
#5566 = CARTESIAN_POINT('',(1.901690339144,2.095858227505E-13));
#5567 = CARTESIAN_POINT('',(2.042556085678,-4.693178640304E-13));
#5568 = CARTESIAN_POINT('',(2.193533227345,2.093165174008E-13));
#5569 = CARTESIAN_POINT('',(2.356194490192,0.));
#5570 = ( GEOMETRIC_REPRESENTATION_CONTEXT(2) 
PARAMETRIC_REPRESENTATION_CONTEXT() REPRESENTATION_CONTEXT('2D SPACE',''
  ) );
#5571 = ORIENTED_EDGE('',*,*,#5572,.F.);
#5572 = EDGE_CURVE('',#5573,#5546,#5575,.T.);
#5573 = VERTEX_POINT('',#5574);
#5574 = CARTESIAN_POINT('',(62.,172.83075562224,20.865494960399));
#5575 = SURFACE_CURVE('',#5576,(#5579,#5585),.PCURVE_S1.);
#5576 = B_SPLINE_CURVE_WITH_KNOTS('',1,(#5577,#5578),.UNSPECIFIED.,.F.,
  .F.,(2,2),(1.,17.279708522772),.PIECEWISE_BEZIER_KNOTS.);
#5577 = CARTESIAN_POINT('',(62.,172.83075562224,20.865494960399));
#5578 = CARTESIAN_POINT('',(62.,172.83075562224,4.585786437627));
#5579 = PCURVE('',#2995,#5580);
#5580 = DEFINITIONAL_REPRESENTATION('',(#5581),#5584);
#5581 = B_SPLINE_CURVE_WITH_KNOTS('',1,(#5582,#5583),.UNSPECIFIED.,.F.,
  .F.,(2,2),(1.,17.279708522772),.PIECEWISE_BEZIER_KNOTS.);
#5582 = CARTESIAN_POINT('',(-11.74027478039,6.125220180007));
#5583 = CARTESIAN_POINT('',(4.53943374238,6.125220180007));
#5584 = ( GEOMETRIC_REPRESENTATION_CONTEXT(2) 
PARAMETRIC_REPRESENTATION_CONTEXT() REPRESENTATION_CONTEXT('2D SPACE',''
  ) );
#5585 = PCURVE('',#5325,#5586);
#5586 = DEFINITIONAL_REPRESENTATION('',(#5587),#5591);
#5587 = B_SPLINE_CURVE_WITH_KNOTS('',2,(#5588,#5589,#5590),
  .UNSPECIFIED.,.F.,.F.,(3,3),(1.,17.279708522772),
  .PIECEWISE_BEZIER_KNOTS.);
#5588 = CARTESIAN_POINT('',(1.570796326795,1.));
#5589 = CARTESIAN_POINT('',(1.570796326795,9.139854261386));
#5590 = CARTESIAN_POINT('',(1.570796326795,17.279708522772));
#5591 = ( GEOMETRIC_REPRESENTATION_CONTEXT(2) 
PARAMETRIC_REPRESENTATION_CONTEXT() REPRESENTATION_CONTEXT('2D SPACE',''
  ) );
#5592 = ORIENTED_EDGE('',*,*,#5593,.T.);
#5593 = EDGE_CURVE('',#5573,#3183,#5594,.T.);
#5594 = SURFACE_CURVE('',#5595,(#5598,#5604),.PCURVE_S1.);
#5595 = B_SPLINE_CURVE_WITH_KNOTS('',1,(#5596,#5597),.UNSPECIFIED.,.F.,
  .F.,(2,2),(4.242640687119,29.508265958624),.PIECEWISE_BEZIER_KNOTS.);
#5596 = CARTESIAN_POINT('',(62.,172.83075562224,20.865494960399));
#5597 = CARTESIAN_POINT('',(44.134505039601,172.83075562224,3.));
#5598 = PCURVE('',#2995,#5599);
#5599 = DEFINITIONAL_REPRESENTATION('',(#5600),#5603);
#5600 = B_SPLINE_CURVE_WITH_KNOTS('',1,(#5601,#5602),.UNSPECIFIED.,.F.,
  .F.,(2,2),(4.242640687119,29.508265958624),.PIECEWISE_BEZIER_KNOTS.);
#5601 = CARTESIAN_POINT('',(-11.74027478039,6.125220180007));
#5602 = CARTESIAN_POINT('',(6.125220180007,-11.74027478039));
#5603 = ( GEOMETRIC_REPRESENTATION_CONTEXT(2) 
PARAMETRIC_REPRESENTATION_CONTEXT() REPRESENTATION_CONTEXT('2D SPACE',''
  ) );
#5604 = PCURVE('',#3132,#5605);
#5605 = DEFINITIONAL_REPRESENTATION('',(#5606),#5609);
#5606 = B_SPLINE_CURVE_WITH_KNOTS('',1,(#5607,#5608),.UNSPECIFIED.,.F.,
  .F.,(2,2),(4.242640687119,29.508265958624),.PIECEWISE_BEZIER_KNOTS.);
#5607 = CARTESIAN_POINT('',(12.632812635752,2.));
#5608 = CARTESIAN_POINT('',(-12.63281263575,2.));
#5609 = ( GEOMETRIC_REPRESENTATION_CONTEXT(2) 
PARAMETRIC_REPRESENTATION_CONTEXT() REPRESENTATION_CONTEXT('2D SPACE',''
  ) );
#5610 = ORIENTED_EDGE('',*,*,#3182,.F.);
#5611 = ORIENTED_EDGE('',*,*,#2975,.T.);
#5612 = ADVANCED_FACE('',(#5613),#3132,.F.);
#5613 = FACE_BOUND('',#5614,.F.);
#5614 = EDGE_LOOP('',(#5615,#5616,#5644,#5665,#5691,#5692,#5693,#5694));
#5615 = ORIENTED_EDGE('',*,*,#5477,.F.);
#5616 = ORIENTED_EDGE('',*,*,#5617,.F.);
#5617 = EDGE_CURVE('',#5618,#5457,#5620,.T.);
#5618 = VERTEX_POINT('',#5619);
#5619 = CARTESIAN_POINT('',(62.707106781187,177.12364884105,
    21.572601741586));
#5620 = SURFACE_CURVE('',#5621,(#5625,#5632),.PCURVE_S1.);
#5621 = ( BOUNDED_CURVE() B_SPLINE_CURVE(2,(#5622,#5623,#5624),
.UNSPECIFIED.,.F.,.F.) B_SPLINE_CURVE_WITH_KNOTS((3,3),(3.926990816987,
4.712388980385),.PIECEWISE_BEZIER_KNOTS.) CURVE() 
GEOMETRIC_REPRESENTATION_ITEM() RATIONAL_B_SPLINE_CURVE((1.,
0.923879532511,1.)) REPRESENTATION_ITEM('') );
#5622 = CARTESIAN_POINT('',(62.707106781187,177.12364884105,
    21.572601741586));
#5623 = CARTESIAN_POINT('',(62.414213562373,176.83075562224,
    21.279708522772));
#5624 = CARTESIAN_POINT('',(62.,176.83075562224,20.865494960399));
#5625 = PCURVE('',#3132,#5626);
#5626 = DEFINITIONAL_REPRESENTATION('',(#5627),#5631);
#5627 = ( BOUNDED_CURVE() B_SPLINE_CURVE(2,(#5628,#5629,#5630),
.UNSPECIFIED.,.F.,.F.) B_SPLINE_CURVE_WITH_KNOTS((3,3),(3.926990816987,
4.712388980385),.PIECEWISE_BEZIER_KNOTS.) CURVE() 
GEOMETRIC_REPRESENTATION_ITEM() RATIONAL_B_SPLINE_CURVE((1.,
0.923879532511,1.)) REPRESENTATION_ITEM('') );
#5628 = CARTESIAN_POINT('',(13.632812635752,-2.292893218813));
#5629 = CARTESIAN_POINT('',(13.218599073379,-2.));
#5630 = CARTESIAN_POINT('',(12.632812635752,-2.));
#5631 = ( GEOMETRIC_REPRESENTATION_CONTEXT(2) 
PARAMETRIC_REPRESENTATION_CONTEXT() REPRESENTATION_CONTEXT('2D SPACE',''
  ) );
#5632 = PCURVE('',#5271,#5633);
#5633 = DEFINITIONAL_REPRESENTATION('',(#5634),#5643);
#5634 = B_SPLINE_CURVE_WITH_KNOTS('',7,(#5635,#5636,#5637,#5638,#5639,
    #5640,#5641,#5642),.UNSPECIFIED.,.F.,.F.,(8,8),(3.926990816987,
    4.712388980385),.PIECEWISE_BEZIER_KNOTS.);
#5635 = CARTESIAN_POINT('',(0.785398154363,0.292893218814));
#5636 = CARTESIAN_POINT('',(0.889057192975,0.370206761539));
#5637 = CARTESIAN_POINT('',(0.995346424187,0.459346067065));
#5638 = CARTESIAN_POINT('',(1.104385975164,0.559026714446));
#5639 = CARTESIAN_POINT('',(1.216305116284,0.66673701947));
#5640 = CARTESIAN_POINT('',(1.331243424616,0.778550099491));
#5641 = CARTESIAN_POINT('',(1.449352200148,0.890661772324));
#5642 = CARTESIAN_POINT('',(1.570796326795,1.));
#5643 = ( GEOMETRIC_REPRESENTATION_CONTEXT(2) 
PARAMETRIC_REPRESENTATION_CONTEXT() REPRESENTATION_CONTEXT('2D SPACE',''
  ) );
#5644 = ORIENTED_EDGE('',*,*,#5645,.F.);
#5645 = EDGE_CURVE('',#5646,#5618,#5648,.T.);
#5646 = VERTEX_POINT('',#5647);
#5647 = CARTESIAN_POINT('',(62.707106781187,172.53786240343,
    21.572601741586));
#5648 = SURFACE_CURVE('',#5649,(#5652,#5658),.PCURVE_S1.);
#5649 = B_SPLINE_CURVE_WITH_KNOTS('',1,(#5650,#5651),.UNSPECIFIED.,.F.,
  .F.,(2,2),(-0.292893218813,4.292893218813),.PIECEWISE_BEZIER_KNOTS.);
#5650 = CARTESIAN_POINT('',(62.707106781187,172.53786240343,
    21.572601741586));
#5651 = CARTESIAN_POINT('',(62.707106781187,177.12364884105,
    21.572601741586));
#5652 = PCURVE('',#3132,#5653);
#5653 = DEFINITIONAL_REPRESENTATION('',(#5654),#5657);
#5654 = B_SPLINE_CURVE_WITH_KNOTS('',1,(#5655,#5656),.UNSPECIFIED.,.F.,
  .F.,(2,2),(-0.292893218813,4.292893218813),.PIECEWISE_BEZIER_KNOTS.);
#5655 = CARTESIAN_POINT('',(13.632812635752,2.292893218813));
#5656 = CARTESIAN_POINT('',(13.632812635752,-2.292893218813));
#5657 = ( GEOMETRIC_REPRESENTATION_CONTEXT(2) 
PARAMETRIC_REPRESENTATION_CONTEXT() REPRESENTATION_CONTEXT('2D SPACE',''
  ) );
#5658 = PCURVE('',#5243,#5659);
#5659 = DEFINITIONAL_REPRESENTATION('',(#5660),#5664);
#5660 = B_SPLINE_CURVE_WITH_KNOTS('',2,(#5661,#5662,#5663),
  .UNSPECIFIED.,.F.,.F.,(3,3),(-0.292893218813,4.292893218813),
  .PIECEWISE_BEZIER_KNOTS.);
#5661 = CARTESIAN_POINT('',(0.785398163397,-0.292893218813));
#5662 = CARTESIAN_POINT('',(0.785398163397,2.));
#5663 = CARTESIAN_POINT('',(0.785398163397,4.292893218813));
#5664 = ( GEOMETRIC_REPRESENTATION_CONTEXT(2) 
PARAMETRIC_REPRESENTATION_CONTEXT() REPRESENTATION_CONTEXT('2D SPACE',''
  ) );
#5665 = ORIENTED_EDGE('',*,*,#5666,.T.);
#5666 = EDGE_CURVE('',#5646,#5573,#5667,.T.);
#5667 = SURFACE_CURVE('',#5668,(#5672,#5679),.PCURVE_S1.);
#5668 = ( BOUNDED_CURVE() B_SPLINE_CURVE(2,(#5669,#5670,#5671),
.UNSPECIFIED.,.F.,.F.) B_SPLINE_CURVE_WITH_KNOTS((3,3),(3.926990816987,
4.712388980385),.PIECEWISE_BEZIER_KNOTS.) CURVE() 
GEOMETRIC_REPRESENTATION_ITEM() RATIONAL_B_SPLINE_CURVE((1.,
0.923879532511,1.)) REPRESENTATION_ITEM('') );
#5669 = CARTESIAN_POINT('',(62.707106781187,172.53786240343,
    21.572601741586));
#5670 = CARTESIAN_POINT('',(62.414213562373,172.83075562224,
    21.279708522772));
#5671 = CARTESIAN_POINT('',(62.,172.83075562224,20.865494960399));
#5672 = PCURVE('',#3132,#5673);
#5673 = DEFINITIONAL_REPRESENTATION('',(#5674),#5678);
#5674 = ( BOUNDED_CURVE() B_SPLINE_CURVE(2,(#5675,#5676,#5677),
.UNSPECIFIED.,.F.,.F.) B_SPLINE_CURVE_WITH_KNOTS((3,3),(3.926990816987,
4.712388980385),.PIECEWISE_BEZIER_KNOTS.) CURVE() 
GEOMETRIC_REPRESENTATION_ITEM() RATIONAL_B_SPLINE_CURVE((1.,
0.923879532511,1.)) REPRESENTATION_ITEM('') );
#5675 = CARTESIAN_POINT('',(13.632812635752,2.292893218813));
#5676 = CARTESIAN_POINT('',(13.218599073379,2.));
#5677 = CARTESIAN_POINT('',(12.632812635752,2.));
#5678 = ( GEOMETRIC_REPRESENTATION_CONTEXT(2) 
PARAMETRIC_REPRESENTATION_CONTEXT() REPRESENTATION_CONTEXT('2D SPACE',''
  ) );
#5679 = PCURVE('',#5325,#5680);
#5680 = DEFINITIONAL_REPRESENTATION('',(#5681),#5690);
#5681 = B_SPLINE_CURVE_WITH_KNOTS('',7,(#5682,#5683,#5684,#5685,#5686,
    #5687,#5688,#5689),.UNSPECIFIED.,.F.,.F.,(8,8),(3.926990816988,
    4.712388980385),.PIECEWISE_BEZIER_KNOTS.);
#5682 = CARTESIAN_POINT('',(0.785398163398,0.292893218814));
#5683 = CARTESIAN_POINT('',(0.889057204552,0.370206761537));
#5684 = CARTESIAN_POINT('',(0.99534643722,0.459346067071));
#5685 = CARTESIAN_POINT('',(1.10438598848,0.559026714431));
#5686 = CARTESIAN_POINT('',(1.21630512854,0.66673701948));
#5687 = CARTESIAN_POINT('',(1.331243434427,0.778550099481));
#5688 = CARTESIAN_POINT('',(1.449352205918,0.890661772326));
#5689 = CARTESIAN_POINT('',(1.570796326795,1.));
#5690 = ( GEOMETRIC_REPRESENTATION_CONTEXT(2) 
PARAMETRIC_REPRESENTATION_CONTEXT() REPRESENTATION_CONTEXT('2D SPACE',''
  ) );
#5691 = ORIENTED_EDGE('',*,*,#5593,.T.);
#5692 = ORIENTED_EDGE('',*,*,#3203,.F.);
#5693 = ORIENTED_EDGE('',*,*,#3233,.F.);
#5694 = ORIENTED_EDGE('',*,*,#3113,.T.);
#5695 = ADVANCED_FACE('',(#5696),#3317,.T.);
#5696 = FACE_BOUND('',#5697,.T.);
#5697 = EDGE_LOOP('',(#5698,#5718,#5719,#5739));
#5698 = ORIENTED_EDGE('',*,*,#5699,.F.);
#5699 = EDGE_CURVE('',#3303,#5700,#5702,.T.);
#5700 = VERTEX_POINT('',#5701);
#5701 = CARTESIAN_POINT('',(197.,244.71103230849,20.333071981747));
#5702 = SURFACE_CURVE('',#5703,(#5706,#5712),.PCURVE_S1.);
#5703 = B_SPLINE_CURVE_WITH_KNOTS('',1,(#5704,#5705),.UNSPECIFIED.,.F.,
  .F.,(2,2),(3.,20.333071981747),.PIECEWISE_BEZIER_KNOTS.);
#5704 = CARTESIAN_POINT('',(197.,244.71103230849,3.));
#5705 = CARTESIAN_POINT('',(197.,244.71103230849,20.333071981747));
#5706 = PCURVE('',#3317,#5707);
#5707 = DEFINITIONAL_REPRESENTATION('',(#5708),#5711);
#5708 = B_SPLINE_CURVE_WITH_KNOTS('',1,(#5709,#5710),.UNSPECIFIED.,.F.,
  .F.,(2,2),(3.,20.333071981747),.PIECEWISE_BEZIER_KNOTS.);
#5709 = CARTESIAN_POINT('',(-7.166535990873,2.));
#5710 = CARTESIAN_POINT('',(10.166535990873,2.));
#5711 = ( GEOMETRIC_REPRESENTATION_CONTEXT(2) 
PARAMETRIC_REPRESENTATION_CONTEXT() REPRESENTATION_CONTEXT('2D SPACE',''
  ) );
#5712 = PCURVE('',#3465,#5713);
#5713 = DEFINITIONAL_REPRESENTATION('',(#5714),#5717);
#5714 = B_SPLINE_CURVE_WITH_KNOTS('',1,(#5715,#5716),.UNSPECIFIED.,.F.,
  .F.,(2,2),(3.,20.333071981747),.PIECEWISE_BEZIER_KNOTS.);
#5715 = CARTESIAN_POINT('',(7.166535990873,49.711032308492));
#5716 = CARTESIAN_POINT('',(-10.16653599087,49.711032308492));
#5717 = ( GEOMETRIC_REPRESENTATION_CONTEXT(2) 
PARAMETRIC_REPRESENTATION_CONTEXT() REPRESENTATION_CONTEXT('2D SPACE',''
  ) );
#5718 = ORIENTED_EDGE('',*,*,#3302,.F.);
#5719 = ORIENTED_EDGE('',*,*,#5720,.T.);
#5720 = EDGE_CURVE('',#3258,#5721,#5723,.T.);
#5721 = VERTEX_POINT('',#5722);
#5722 = CARTESIAN_POINT('',(193.,244.71103230849,20.333071981747));
#5723 = SURFACE_CURVE('',#5724,(#5727,#5733),.PCURVE_S1.);
#5724 = B_SPLINE_CURVE_WITH_KNOTS('',1,(#5725,#5726),.UNSPECIFIED.,.F.,
  .F.,(2,2),(3.,20.333071981747),.PIECEWISE_BEZIER_KNOTS.);
#5725 = CARTESIAN_POINT('',(193.,244.71103230849,3.));
#5726 = CARTESIAN_POINT('',(193.,244.71103230849,20.333071981747));
#5727 = PCURVE('',#3317,#5728);
#5728 = DEFINITIONAL_REPRESENTATION('',(#5729),#5732);
#5729 = B_SPLINE_CURVE_WITH_KNOTS('',1,(#5730,#5731),.UNSPECIFIED.,.F.,
  .F.,(2,2),(3.,20.333071981747),.PIECEWISE_BEZIER_KNOTS.);
#5730 = CARTESIAN_POINT('',(-7.166535990873,-2.));
#5731 = CARTESIAN_POINT('',(10.166535990873,-2.));
#5732 = ( GEOMETRIC_REPRESENTATION_CONTEXT(2) 
PARAMETRIC_REPRESENTATION_CONTEXT() REPRESENTATION_CONTEXT('2D SPACE',''
  ) );
#5733 = PCURVE('',#3391,#5734);
#5734 = DEFINITIONAL_REPRESENTATION('',(#5735),#5738);
#5735 = B_SPLINE_CURVE_WITH_KNOTS('',1,(#5736,#5737),.UNSPECIFIED.,.F.,
  .F.,(2,2),(3.,20.333071981747),.PIECEWISE_BEZIER_KNOTS.);
#5736 = CARTESIAN_POINT('',(7.166535990873,49.711032308492));
#5737 = CARTESIAN_POINT('',(-10.16653599087,49.711032308492));
#5738 = ( GEOMETRIC_REPRESENTATION_CONTEXT(2) 
PARAMETRIC_REPRESENTATION_CONTEXT() REPRESENTATION_CONTEXT('2D SPACE',''
  ) );
#5739 = ORIENTED_EDGE('',*,*,#5740,.T.);
#5740 = EDGE_CURVE('',#5721,#5700,#5741,.T.);
#5741 = SURFACE_CURVE('',#5742,(#5745,#5751),.PCURVE_S1.);
#5742 = B_SPLINE_CURVE_WITH_KNOTS('',1,(#5743,#5744),.UNSPECIFIED.,.F.,
  .F.,(2,2),(0.,4.),.PIECEWISE_BEZIER_KNOTS.);
#5743 = CARTESIAN_POINT('',(193.,244.71103230849,20.333071981747));
#5744 = CARTESIAN_POINT('',(197.,244.71103230849,20.333071981747));
#5745 = PCURVE('',#3317,#5746);
#5746 = DEFINITIONAL_REPRESENTATION('',(#5747),#5750);
#5747 = B_SPLINE_CURVE_WITH_KNOTS('',1,(#5748,#5749),.UNSPECIFIED.,.F.,
  .F.,(2,2),(0.,4.),.PIECEWISE_BEZIER_KNOTS.);
#5748 = CARTESIAN_POINT('',(10.166535990873,-2.));
#5749 = CARTESIAN_POINT('',(10.166535990873,2.));
#5750 = ( GEOMETRIC_REPRESENTATION_CONTEXT(2) 
PARAMETRIC_REPRESENTATION_CONTEXT() REPRESENTATION_CONTEXT('2D SPACE',''
  ) );
#5751 = PCURVE('',#5752,#5757);
#5752 = B_SPLINE_SURFACE_WITH_KNOTS('',1,1,(
    (#5753,#5754)
    ,(#5755,#5756
    )),.UNSPECIFIED.,.F.,.F.,.F.,(2,2),(2,2),(-2.,2.),(-49.71103230849,
    49.711032308492),.PIECEWISE_BEZIER_KNOTS.);
#5753 = CARTESIAN_POINT('',(193.,145.2889676915,20.333071981747));
#5754 = CARTESIAN_POINT('',(193.,244.71103230849,20.333071981747));
#5755 = CARTESIAN_POINT('',(197.,145.2889676915,20.333071981747));
#5756 = CARTESIAN_POINT('',(197.,244.71103230849,20.333071981747));
#5757 = DEFINITIONAL_REPRESENTATION('',(#5758),#5761);
#5758 = B_SPLINE_CURVE_WITH_KNOTS('',1,(#5759,#5760),.UNSPECIFIED.,.F.,
  .F.,(2,2),(0.,4.),.PIECEWISE_BEZIER_KNOTS.);
#5759 = CARTESIAN_POINT('',(-2.,49.711032308492));
#5760 = CARTESIAN_POINT('',(2.,49.711032308492));
#5761 = ( GEOMETRIC_REPRESENTATION_CONTEXT(2) 
PARAMETRIC_REPRESENTATION_CONTEXT() REPRESENTATION_CONTEXT('2D SPACE',''
  ) );
#5762 = ADVANCED_FACE('',(#5763),#3391,.F.);
#5763 = FACE_BOUND('',#5764,.F.);
#5764 = EDGE_LOOP('',(#5765,#5785,#5786,#5787));
#5765 = ORIENTED_EDGE('',*,*,#5766,.T.);
#5766 = EDGE_CURVE('',#5767,#3377,#5769,.T.);
#5767 = VERTEX_POINT('',#5768);
#5768 = CARTESIAN_POINT('',(193.,145.2889676915,20.333071981747));
#5769 = SURFACE_CURVE('',#5770,(#5773,#5779),.PCURVE_S1.);
#5770 = B_SPLINE_CURVE_WITH_KNOTS('',1,(#5771,#5772),.UNSPECIFIED.,.F.,
  .F.,(2,2),(0.,17.333071981747),.PIECEWISE_BEZIER_KNOTS.);
#5771 = CARTESIAN_POINT('',(193.,145.2889676915,20.333071981747));
#5772 = CARTESIAN_POINT('',(193.,145.2889676915,3.));
#5773 = PCURVE('',#3391,#5774);
#5774 = DEFINITIONAL_REPRESENTATION('',(#5775),#5778);
#5775 = B_SPLINE_CURVE_WITH_KNOTS('',1,(#5776,#5777),.UNSPECIFIED.,.F.,
  .F.,(2,2),(0.,17.333071981747),.PIECEWISE_BEZIER_KNOTS.);
#5776 = CARTESIAN_POINT('',(-10.16653599087,-49.71103230849));
#5777 = CARTESIAN_POINT('',(7.166535990873,-49.71103230849));
#5778 = ( GEOMETRIC_REPRESENTATION_CONTEXT(2) 
PARAMETRIC_REPRESENTATION_CONTEXT() REPRESENTATION_CONTEXT('2D SPACE',''
  ) );
#5779 = PCURVE('',#3537,#5780);
#5780 = DEFINITIONAL_REPRESENTATION('',(#5781),#5784);
#5781 = B_SPLINE_CURVE_WITH_KNOTS('',1,(#5782,#5783),.UNSPECIFIED.,.F.,
  .F.,(2,2),(0.,17.333071981747),.PIECEWISE_BEZIER_KNOTS.);
#5782 = CARTESIAN_POINT('',(10.166535990873,-2.));
#5783 = CARTESIAN_POINT('',(-7.166535990873,-2.));
#5784 = ( GEOMETRIC_REPRESENTATION_CONTEXT(2) 
PARAMETRIC_REPRESENTATION_CONTEXT() REPRESENTATION_CONTEXT('2D SPACE',''
  ) );
#5785 = ORIENTED_EDGE('',*,*,#3376,.F.);
#5786 = ORIENTED_EDGE('',*,*,#5720,.T.);
#5787 = ORIENTED_EDGE('',*,*,#5788,.T.);
#5788 = EDGE_CURVE('',#5721,#5767,#5789,.T.);
#5789 = SURFACE_CURVE('',#5790,(#5793,#5799),.PCURVE_S1.);
#5790 = B_SPLINE_CURVE_WITH_KNOTS('',1,(#5791,#5792),.UNSPECIFIED.,.F.,
  .F.,(2,2),(0.,99.422064616984),.PIECEWISE_BEZIER_KNOTS.);
#5791 = CARTESIAN_POINT('',(193.,244.71103230849,20.333071981747));
#5792 = CARTESIAN_POINT('',(193.,145.2889676915,20.333071981747));
#5793 = PCURVE('',#3391,#5794);
#5794 = DEFINITIONAL_REPRESENTATION('',(#5795),#5798);
#5795 = B_SPLINE_CURVE_WITH_KNOTS('',1,(#5796,#5797),.UNSPECIFIED.,.F.,
  .F.,(2,2),(0.,99.422064616984),.PIECEWISE_BEZIER_KNOTS.);
#5796 = CARTESIAN_POINT('',(-10.16653599087,49.711032308492));
#5797 = CARTESIAN_POINT('',(-10.16653599087,-49.71103230849));
#5798 = ( GEOMETRIC_REPRESENTATION_CONTEXT(2) 
PARAMETRIC_REPRESENTATION_CONTEXT() REPRESENTATION_CONTEXT('2D SPACE',''
  ) );
#5799 = PCURVE('',#5752,#5800);
#5800 = DEFINITIONAL_REPRESENTATION('',(#5801),#5804);
#5801 = B_SPLINE_CURVE_WITH_KNOTS('',1,(#5802,#5803),.UNSPECIFIED.,.F.,
  .F.,(2,2),(0.,99.422064616984),.PIECEWISE_BEZIER_KNOTS.);
#5802 = CARTESIAN_POINT('',(-2.,49.711032308492));
#5803 = CARTESIAN_POINT('',(-2.,-49.71103230849));
#5804 = ( GEOMETRIC_REPRESENTATION_CONTEXT(2) 
PARAMETRIC_REPRESENTATION_CONTEXT() REPRESENTATION_CONTEXT('2D SPACE',''
  ) );
#5805 = ADVANCED_FACE('',(#5806),#3465,.T.);
#5806 = FACE_BOUND('',#5807,.T.);
#5807 = EDGE_LOOP('',(#5808,#5828,#5829,#5830));
#5808 = ORIENTED_EDGE('',*,*,#5809,.T.);
#5809 = EDGE_CURVE('',#5810,#3451,#5812,.T.);
#5810 = VERTEX_POINT('',#5811);
#5811 = CARTESIAN_POINT('',(197.,145.2889676915,20.333071981747));
#5812 = SURFACE_CURVE('',#5813,(#5816,#5822),.PCURVE_S1.);
#5813 = B_SPLINE_CURVE_WITH_KNOTS('',1,(#5814,#5815),.UNSPECIFIED.,.F.,
  .F.,(2,2),(0.,17.333071981747),.PIECEWISE_BEZIER_KNOTS.);
#5814 = CARTESIAN_POINT('',(197.,145.2889676915,20.333071981747));
#5815 = CARTESIAN_POINT('',(197.,145.2889676915,3.));
#5816 = PCURVE('',#3465,#5817);
#5817 = DEFINITIONAL_REPRESENTATION('',(#5818),#5821);
#5818 = B_SPLINE_CURVE_WITH_KNOTS('',1,(#5819,#5820),.UNSPECIFIED.,.F.,
  .F.,(2,2),(0.,17.333071981747),.PIECEWISE_BEZIER_KNOTS.);
#5819 = CARTESIAN_POINT('',(-10.16653599087,-49.71103230849));
#5820 = CARTESIAN_POINT('',(7.166535990873,-49.71103230849));
#5821 = ( GEOMETRIC_REPRESENTATION_CONTEXT(2) 
PARAMETRIC_REPRESENTATION_CONTEXT() REPRESENTATION_CONTEXT('2D SPACE',''
  ) );
#5822 = PCURVE('',#3537,#5823);
#5823 = DEFINITIONAL_REPRESENTATION('',(#5824),#5827);
#5824 = B_SPLINE_CURVE_WITH_KNOTS('',1,(#5825,#5826),.UNSPECIFIED.,.F.,
  .F.,(2,2),(0.,17.333071981747),.PIECEWISE_BEZIER_KNOTS.);
#5825 = CARTESIAN_POINT('',(10.166535990873,2.));
#5826 = CARTESIAN_POINT('',(-7.166535990873,2.));
#5827 = ( GEOMETRIC_REPRESENTATION_CONTEXT(2) 
PARAMETRIC_REPRESENTATION_CONTEXT() REPRESENTATION_CONTEXT('2D SPACE',''
  ) );
#5828 = ORIENTED_EDGE('',*,*,#3450,.F.);
#5829 = ORIENTED_EDGE('',*,*,#5699,.T.);
#5830 = ORIENTED_EDGE('',*,*,#5831,.T.);
#5831 = EDGE_CURVE('',#5700,#5810,#5832,.T.);
#5832 = SURFACE_CURVE('',#5833,(#5836,#5842),.PCURVE_S1.);
#5833 = B_SPLINE_CURVE_WITH_KNOTS('',1,(#5834,#5835),.UNSPECIFIED.,.F.,
  .F.,(2,2),(0.,99.422064616984),.PIECEWISE_BEZIER_KNOTS.);
#5834 = CARTESIAN_POINT('',(197.,244.71103230849,20.333071981747));
#5835 = CARTESIAN_POINT('',(197.,145.2889676915,20.333071981747));
#5836 = PCURVE('',#3465,#5837);
#5837 = DEFINITIONAL_REPRESENTATION('',(#5838),#5841);
#5838 = B_SPLINE_CURVE_WITH_KNOTS('',1,(#5839,#5840),.UNSPECIFIED.,.F.,
  .F.,(2,2),(0.,99.422064616984),.PIECEWISE_BEZIER_KNOTS.);
#5839 = CARTESIAN_POINT('',(-10.16653599087,49.711032308492));
#5840 = CARTESIAN_POINT('',(-10.16653599087,-49.71103230849));
#5841 = ( GEOMETRIC_REPRESENTATION_CONTEXT(2) 
PARAMETRIC_REPRESENTATION_CONTEXT() REPRESENTATION_CONTEXT('2D SPACE',''
  ) );
#5842 = PCURVE('',#5752,#5843);
#5843 = DEFINITIONAL_REPRESENTATION('',(#5844),#5847);
#5844 = B_SPLINE_CURVE_WITH_KNOTS('',1,(#5845,#5846),.UNSPECIFIED.,.F.,
  .F.,(2,2),(0.,99.422064616984),.PIECEWISE_BEZIER_KNOTS.);
#5845 = CARTESIAN_POINT('',(2.,49.711032308492));
#5846 = CARTESIAN_POINT('',(2.,-49.71103230849));
#5847 = ( GEOMETRIC_REPRESENTATION_CONTEXT(2) 
PARAMETRIC_REPRESENTATION_CONTEXT() REPRESENTATION_CONTEXT('2D SPACE',''
  ) );
#5848 = ADVANCED_FACE('',(#5849),#3537,.F.);
#5849 = FACE_BOUND('',#5850,.F.);
#5850 = EDGE_LOOP('',(#5851,#5852,#5870,#5871));
#5851 = ORIENTED_EDGE('',*,*,#5766,.F.);
#5852 = ORIENTED_EDGE('',*,*,#5853,.T.);
#5853 = EDGE_CURVE('',#5767,#5810,#5854,.T.);
#5854 = SURFACE_CURVE('',#5855,(#5858,#5864),.PCURVE_S1.);
#5855 = B_SPLINE_CURVE_WITH_KNOTS('',1,(#5856,#5857),.UNSPECIFIED.,.F.,
  .F.,(2,2),(0.,4.),.PIECEWISE_BEZIER_KNOTS.);
#5856 = CARTESIAN_POINT('',(193.,145.2889676915,20.333071981747));
#5857 = CARTESIAN_POINT('',(197.,145.2889676915,20.333071981747));
#5858 = PCURVE('',#3537,#5859);
#5859 = DEFINITIONAL_REPRESENTATION('',(#5860),#5863);
#5860 = B_SPLINE_CURVE_WITH_KNOTS('',1,(#5861,#5862),.UNSPECIFIED.,.F.,
  .F.,(2,2),(0.,4.),.PIECEWISE_BEZIER_KNOTS.);
#5861 = CARTESIAN_POINT('',(10.166535990873,-2.));
#5862 = CARTESIAN_POINT('',(10.166535990873,2.));
#5863 = ( GEOMETRIC_REPRESENTATION_CONTEXT(2) 
PARAMETRIC_REPRESENTATION_CONTEXT() REPRESENTATION_CONTEXT('2D SPACE',''
  ) );
#5864 = PCURVE('',#5752,#5865);
#5865 = DEFINITIONAL_REPRESENTATION('',(#5866),#5869);
#5866 = B_SPLINE_CURVE_WITH_KNOTS('',1,(#5867,#5868),.UNSPECIFIED.,.F.,
  .F.,(2,2),(0.,4.),.PIECEWISE_BEZIER_KNOTS.);
#5867 = CARTESIAN_POINT('',(-2.,-49.71103230849));
#5868 = CARTESIAN_POINT('',(2.,-49.71103230849));
#5869 = ( GEOMETRIC_REPRESENTATION_CONTEXT(2) 
PARAMETRIC_REPRESENTATION_CONTEXT() REPRESENTATION_CONTEXT('2D SPACE',''
  ) );
#5870 = ORIENTED_EDGE('',*,*,#5809,.T.);
#5871 = ORIENTED_EDGE('',*,*,#3524,.F.);
#5872 = ADVANCED_FACE('',(#5873),#3614,.F.);
#5873 = FACE_BOUND('',#5874,.F.);
#5874 = EDGE_LOOP('',(#5875,#5896,#5897,#5918));
#5875 = ORIENTED_EDGE('',*,*,#5876,.F.);
#5876 = EDGE_CURVE('',#3554,#5877,#5879,.T.);
#5877 = VERTEX_POINT('',#5878);
#5878 = CARTESIAN_POINT('',(83.322305191092,50.243754735703,
    21.515447606385));
#5879 = SURFACE_CURVE('',#5880,(#5883,#5890),.PCURVE_S1.);
#5880 = B_SPLINE_CURVE_WITH_KNOTS('',1,(#5881,#5882),.UNSPECIFIED.,.F.,
  .F.,(2,2),(3.,21.515447606385),.PIECEWISE_BEZIER_KNOTS.);
#5881 = CARTESIAN_POINT('',(83.322305191092,50.243754735703,3.));
#5882 = CARTESIAN_POINT('',(83.322305191092,50.243754735703,
    21.515447606385));
#5883 = PCURVE('',#3614,#5884);
#5884 = DEFINITIONAL_REPRESENTATION('',(#5885),#5889);
#5885 = B_SPLINE_CURVE_WITH_KNOTS('',2,(#5886,#5887,#5888),
  .UNSPECIFIED.,.F.,.F.,(3,3),(3.,21.515447606385),
  .PIECEWISE_BEZIER_KNOTS.);
#5886 = CARTESIAN_POINT('',(4.712388980385,-3.));
#5887 = CARTESIAN_POINT('',(4.712388980385,-12.25772380319));
#5888 = CARTESIAN_POINT('',(4.712388980385,-21.51544760638));
#5889 = ( GEOMETRIC_REPRESENTATION_CONTEXT(2) 
PARAMETRIC_REPRESENTATION_CONTEXT() REPRESENTATION_CONTEXT('2D SPACE',''
  ) );
#5890 = PCURVE('',#3667,#5891);
#5891 = DEFINITIONAL_REPRESENTATION('',(#5892),#5895);
#5892 = B_SPLINE_CURVE_WITH_KNOTS('',1,(#5893,#5894),.UNSPECIFIED.,.F.,
  .F.,(2,2),(3.,21.515447606385),.PIECEWISE_BEZIER_KNOTS.);
#5893 = CARTESIAN_POINT('',(0.,-3.));
#5894 = CARTESIAN_POINT('',(0.,-21.51544760638));
#5895 = ( GEOMETRIC_REPRESENTATION_CONTEXT(2) 
PARAMETRIC_REPRESENTATION_CONTEXT() REPRESENTATION_CONTEXT('2D SPACE',''
  ) );
#5896 = ORIENTED_EDGE('',*,*,#3600,.T.);
#5897 = ORIENTED_EDGE('',*,*,#5898,.T.);
#5898 = EDGE_CURVE('',#3578,#5899,#5901,.T.);
#5899 = VERTEX_POINT('',#5900);
#5900 = CARTESIAN_POINT('',(76.285046811221,43.206496355832,
    21.515447606385));
#5901 = SURFACE_CURVE('',#5902,(#5905,#5912),.PCURVE_S1.);
#5902 = B_SPLINE_CURVE_WITH_KNOTS('',1,(#5903,#5904),.UNSPECIFIED.,.F.,
  .F.,(2,2),(3.,21.515447606385),.PIECEWISE_BEZIER_KNOTS.);
#5903 = CARTESIAN_POINT('',(76.285046811221,43.206496355832,3.));
#5904 = CARTESIAN_POINT('',(76.285046811221,43.206496355832,
    21.515447606385));
#5905 = PCURVE('',#3614,#5906);
#5906 = DEFINITIONAL_REPRESENTATION('',(#5907),#5911);
#5907 = B_SPLINE_CURVE_WITH_KNOTS('',2,(#5908,#5909,#5910),
  .UNSPECIFIED.,.F.,.F.,(3,3),(3.,21.515447606385),
  .PIECEWISE_BEZIER_KNOTS.);
#5908 = CARTESIAN_POINT('',(3.14159265359,-3.));
#5909 = CARTESIAN_POINT('',(3.14159265359,-12.25772380319));
#5910 = CARTESIAN_POINT('',(3.14159265359,-21.51544760638));
#5911 = ( GEOMETRIC_REPRESENTATION_CONTEXT(2) 
PARAMETRIC_REPRESENTATION_CONTEXT() REPRESENTATION_CONTEXT('2D SPACE',''
  ) );
#5912 = PCURVE('',#3699,#5913);
#5913 = DEFINITIONAL_REPRESENTATION('',(#5914),#5917);
#5914 = B_SPLINE_CURVE_WITH_KNOTS('',1,(#5915,#5916),.UNSPECIFIED.,.F.,
  .F.,(2,2),(3.,21.515447606385),.PIECEWISE_BEZIER_KNOTS.);
#5915 = CARTESIAN_POINT('',(22.570093622442,-3.));
#5916 = CARTESIAN_POINT('',(22.570093622442,-21.51544760638));
#5917 = ( GEOMETRIC_REPRESENTATION_CONTEXT(2) 
PARAMETRIC_REPRESENTATION_CONTEXT() REPRESENTATION_CONTEXT('2D SPACE',''
  ) );
#5918 = ORIENTED_EDGE('',*,*,#5919,.T.);
#5919 = EDGE_CURVE('',#5899,#5877,#5920,.T.);
#5920 = SURFACE_CURVE('',#5921,(#5925,#5932),.PCURVE_S1.);
#5921 = ( BOUNDED_CURVE() B_SPLINE_CURVE(2,(#5922,#5923,#5924),
.UNSPECIFIED.,.F.,.F.) B_SPLINE_CURVE_WITH_KNOTS((3,3),(3.14159265359,
4.712388980385),.PIECEWISE_BEZIER_KNOTS.) CURVE() 
GEOMETRIC_REPRESENTATION_ITEM() RATIONAL_B_SPLINE_CURVE((1.,
0.707106781187,1.)) REPRESENTATION_ITEM('') );
#5922 = CARTESIAN_POINT('',(76.285046811221,43.206496355832,
    21.515447606385));
#5923 = CARTESIAN_POINT('',(83.322305191092,43.206496355832,
    21.515447606385));
#5924 = CARTESIAN_POINT('',(83.322305191092,50.243754735703,
    21.515447606385));
#5925 = PCURVE('',#3614,#5926);
#5926 = DEFINITIONAL_REPRESENTATION('',(#5927),#5931);
#5927 = B_SPLINE_CURVE_WITH_KNOTS('',2,(#5928,#5929,#5930),
  .UNSPECIFIED.,.F.,.F.,(3,3),(3.14159265359,4.712388980385),
  .PIECEWISE_BEZIER_KNOTS.);
#5928 = CARTESIAN_POINT('',(3.14159265359,-21.51544760638));
#5929 = CARTESIAN_POINT('',(3.926990816987,-21.51544760638));
#5930 = CARTESIAN_POINT('',(4.712388980385,-21.51544760638));
#5931 = ( GEOMETRIC_REPRESENTATION_CONTEXT(2) 
PARAMETRIC_REPRESENTATION_CONTEXT() REPRESENTATION_CONTEXT('2D SPACE',''
  ) );
#5932 = PCURVE('',#5933,#5938);
#5933 = B_SPLINE_SURFACE_WITH_KNOTS('',1,1,(
    (#5934,#5935)
    ,(#5936,#5937
    )),.UNSPECIFIED.,.F.,.F.,.F.,(2,2),(2,2),(-21.79350364416,
    21.793503644168),(-18.32230519109,18.322305191092),
  .PIECEWISE_BEZIER_KNOTS.);
#5934 = CARTESIAN_POINT('',(83.322305191092,43.206496355832,
    21.515447606385));
#5935 = CARTESIAN_POINT('',(46.677694808908,43.206496355832,
    21.515447606385));
#5936 = CARTESIAN_POINT('',(83.322305191092,86.793503644168,
    21.515447606385));
#5937 = CARTESIAN_POINT('',(46.677694808908,86.793503644168,
    21.515447606385));
#5938 = DEFINITIONAL_REPRESENTATION('',(#5939),#5943);
#5939 = ( BOUNDED_CURVE() B_SPLINE_CURVE(2,(#5940,#5941,#5942),
.UNSPECIFIED.,.F.,.F.) B_SPLINE_CURVE_WITH_KNOTS((3,3),(3.14159265359,
4.712388980385),.PIECEWISE_BEZIER_KNOTS.) CURVE() 
GEOMETRIC_REPRESENTATION_ITEM() RATIONAL_B_SPLINE_CURVE((1.,
0.707106781187,1.)) REPRESENTATION_ITEM('') );
#5940 = CARTESIAN_POINT('',(-21.79350364416,-11.28504681122));
#5941 = CARTESIAN_POINT('',(-21.79350364416,-18.32230519109));
#5942 = CARTESIAN_POINT('',(-14.75624526429,-18.32230519109));
#5943 = ( GEOMETRIC_REPRESENTATION_CONTEXT(2) 
PARAMETRIC_REPRESENTATION_CONTEXT() REPRESENTATION_CONTEXT('2D SPACE',''
  ) );
#5944 = ADVANCED_FACE('',(#5945),#3667,.F.);
#5945 = FACE_BOUND('',#5946,.F.);
#5946 = EDGE_LOOP('',(#5947,#5968,#5969,#5970));
#5947 = ORIENTED_EDGE('',*,*,#5948,.F.);
#5948 = EDGE_CURVE('',#3632,#5949,#5951,.T.);
#5949 = VERTEX_POINT('',#5950);
#5950 = CARTESIAN_POINT('',(83.322305191092,79.756245264298,
    21.515447606385));
#5951 = SURFACE_CURVE('',#5952,(#5955,#5961),.PCURVE_S1.);
#5952 = B_SPLINE_CURVE_WITH_KNOTS('',1,(#5953,#5954),.UNSPECIFIED.,.F.,
  .F.,(2,2),(3.,21.515447606385),.PIECEWISE_BEZIER_KNOTS.);
#5953 = CARTESIAN_POINT('',(83.322305191092,79.756245264297,3.));
#5954 = CARTESIAN_POINT('',(83.322305191092,79.756245264297,
    21.515447606385));
#5955 = PCURVE('',#3667,#5956);
#5956 = DEFINITIONAL_REPRESENTATION('',(#5957),#5960);
#5957 = B_SPLINE_CURVE_WITH_KNOTS('',1,(#5958,#5959),.UNSPECIFIED.,.F.,
  .F.,(2,2),(3.,21.515447606385),.PIECEWISE_BEZIER_KNOTS.);
#5958 = CARTESIAN_POINT('',(29.512490528595,-3.));
#5959 = CARTESIAN_POINT('',(29.512490528595,-21.51544760638));
#5960 = ( GEOMETRIC_REPRESENTATION_CONTEXT(2) 
PARAMETRIC_REPRESENTATION_CONTEXT() REPRESENTATION_CONTEXT('2D SPACE',''
  ) );
#5961 = PCURVE('',#3774,#5962);
#5962 = DEFINITIONAL_REPRESENTATION('',(#5963),#5967);
#5963 = B_SPLINE_CURVE_WITH_KNOTS('',2,(#5964,#5965,#5966),
  .UNSPECIFIED.,.F.,.F.,(3,3),(3.,21.515447606385),
  .PIECEWISE_BEZIER_KNOTS.);
#5964 = CARTESIAN_POINT('',(4.712388980385,-3.));
#5965 = CARTESIAN_POINT('',(4.712388980385,-12.25772380319));
#5966 = CARTESIAN_POINT('',(4.712388980385,-21.51544760638));
#5967 = ( GEOMETRIC_REPRESENTATION_CONTEXT(2) 
PARAMETRIC_REPRESENTATION_CONTEXT() REPRESENTATION_CONTEXT('2D SPACE',''
  ) );
#5968 = ORIENTED_EDGE('',*,*,#3654,.T.);
#5969 = ORIENTED_EDGE('',*,*,#5876,.T.);
#5970 = ORIENTED_EDGE('',*,*,#5971,.T.);
#5971 = EDGE_CURVE('',#5877,#5949,#5972,.T.);
#5972 = SURFACE_CURVE('',#5973,(#5976,#5982),.PCURVE_S1.);
#5973 = B_SPLINE_CURVE_WITH_KNOTS('',1,(#5974,#5975),.UNSPECIFIED.,.F.,
  .F.,(2,2),(0.,29.512490528595),.PIECEWISE_BEZIER_KNOTS.);
#5974 = CARTESIAN_POINT('',(83.322305191092,50.243754735703,
    21.515447606385));
#5975 = CARTESIAN_POINT('',(83.322305191092,79.756245264298,
    21.515447606385));
#5976 = PCURVE('',#3667,#5977);
#5977 = DEFINITIONAL_REPRESENTATION('',(#5978),#5981);
#5978 = B_SPLINE_CURVE_WITH_KNOTS('',1,(#5979,#5980),.UNSPECIFIED.,.F.,
  .F.,(2,2),(0.,29.512490528595),.PIECEWISE_BEZIER_KNOTS.);
#5979 = CARTESIAN_POINT('',(0.,-21.51544760638));
#5980 = CARTESIAN_POINT('',(29.512490528595,-21.51544760638));
#5981 = ( GEOMETRIC_REPRESENTATION_CONTEXT(2) 
PARAMETRIC_REPRESENTATION_CONTEXT() REPRESENTATION_CONTEXT('2D SPACE',''
  ) );
#5982 = PCURVE('',#5933,#5983);
#5983 = DEFINITIONAL_REPRESENTATION('',(#5984),#5987);
#5984 = B_SPLINE_CURVE_WITH_KNOTS('',1,(#5985,#5986),.UNSPECIFIED.,.F.,
  .F.,(2,2),(0.,29.512490528595),.PIECEWISE_BEZIER_KNOTS.);
#5985 = CARTESIAN_POINT('',(-14.75624526429,-18.32230519109));
#5986 = CARTESIAN_POINT('',(14.756245264298,-18.32230519109));
#5987 = ( GEOMETRIC_REPRESENTATION_CONTEXT(2) 
PARAMETRIC_REPRESENTATION_CONTEXT() REPRESENTATION_CONTEXT('2D SPACE',''
  ) );
#5988 = ADVANCED_FACE('',(#5989),#3699,.F.);
#5989 = FACE_BOUND('',#5990,.F.);
#5990 = EDGE_LOOP('',(#5991,#5992,#5993,#6014));
#5991 = ORIENTED_EDGE('',*,*,#5898,.F.);
#5992 = ORIENTED_EDGE('',*,*,#3684,.T.);
#5993 = ORIENTED_EDGE('',*,*,#5994,.T.);
#5994 = EDGE_CURVE('',#3685,#5995,#5997,.T.);
#5995 = VERTEX_POINT('',#5996);
#5996 = CARTESIAN_POINT('',(53.714953188779,43.206496355832,
    21.515447606385));
#5997 = SURFACE_CURVE('',#5998,(#6001,#6007),.PCURVE_S1.);
#5998 = B_SPLINE_CURVE_WITH_KNOTS('',1,(#5999,#6000),.UNSPECIFIED.,.F.,
  .F.,(2,2),(3.,21.515447606385),.PIECEWISE_BEZIER_KNOTS.);
#5999 = CARTESIAN_POINT('',(53.714953188779,43.206496355832,3.));
#6000 = CARTESIAN_POINT('',(53.714953188779,43.206496355832,
    21.515447606385));
#6001 = PCURVE('',#3699,#6002);
#6002 = DEFINITIONAL_REPRESENTATION('',(#6003),#6006);
#6003 = B_SPLINE_CURVE_WITH_KNOTS('',1,(#6004,#6005),.UNSPECIFIED.,.F.,
  .F.,(2,2),(3.,21.515447606385),.PIECEWISE_BEZIER_KNOTS.);
#6004 = CARTESIAN_POINT('',(0.,-3.));
#6005 = CARTESIAN_POINT('',(0.,-21.51544760638));
#6006 = ( GEOMETRIC_REPRESENTATION_CONTEXT(2) 
PARAMETRIC_REPRESENTATION_CONTEXT() REPRESENTATION_CONTEXT('2D SPACE',''
  ) );
#6007 = PCURVE('',#3830,#6008);
#6008 = DEFINITIONAL_REPRESENTATION('',(#6009),#6013);
#6009 = B_SPLINE_CURVE_WITH_KNOTS('',2,(#6010,#6011,#6012),
  .UNSPECIFIED.,.F.,.F.,(3,3),(3.,21.515447606385),
  .PIECEWISE_BEZIER_KNOTS.);
#6010 = CARTESIAN_POINT('',(3.14159265359,-3.));
#6011 = CARTESIAN_POINT('',(3.14159265359,-12.25772380319));
#6012 = CARTESIAN_POINT('',(3.14159265359,-21.51544760638));
#6013 = ( GEOMETRIC_REPRESENTATION_CONTEXT(2) 
PARAMETRIC_REPRESENTATION_CONTEXT() REPRESENTATION_CONTEXT('2D SPACE',''
  ) );
#6014 = ORIENTED_EDGE('',*,*,#6015,.T.);
#6015 = EDGE_CURVE('',#5995,#5899,#6016,.T.);
#6016 = SURFACE_CURVE('',#6017,(#6020,#6026),.PCURVE_S1.);
#6017 = B_SPLINE_CURVE_WITH_KNOTS('',1,(#6018,#6019),.UNSPECIFIED.,.F.,
  .F.,(2,2),(0.,22.570093622442),.PIECEWISE_BEZIER_KNOTS.);
#6018 = CARTESIAN_POINT('',(53.714953188779,43.206496355832,
    21.515447606385));
#6019 = CARTESIAN_POINT('',(76.285046811221,43.206496355832,
    21.515447606385));
#6020 = PCURVE('',#3699,#6021);
#6021 = DEFINITIONAL_REPRESENTATION('',(#6022),#6025);
#6022 = B_SPLINE_CURVE_WITH_KNOTS('',1,(#6023,#6024),.UNSPECIFIED.,.F.,
  .F.,(2,2),(0.,22.570093622442),.PIECEWISE_BEZIER_KNOTS.);
#6023 = CARTESIAN_POINT('',(0.,-21.51544760638));
#6024 = CARTESIAN_POINT('',(22.570093622443,-21.51544760638));
#6025 = ( GEOMETRIC_REPRESENTATION_CONTEXT(2) 
PARAMETRIC_REPRESENTATION_CONTEXT() REPRESENTATION_CONTEXT('2D SPACE',''
  ) );
#6026 = PCURVE('',#5933,#6027);
#6027 = DEFINITIONAL_REPRESENTATION('',(#6028),#6031);
#6028 = B_SPLINE_CURVE_WITH_KNOTS('',1,(#6029,#6030),.UNSPECIFIED.,.F.,
  .F.,(2,2),(0.,22.570093622442),.PIECEWISE_BEZIER_KNOTS.);
#6029 = CARTESIAN_POINT('',(-21.79350364416,11.285046811221));
#6030 = CARTESIAN_POINT('',(-21.79350364416,-11.28504681122));
#6031 = ( GEOMETRIC_REPRESENTATION_CONTEXT(2) 
PARAMETRIC_REPRESENTATION_CONTEXT() REPRESENTATION_CONTEXT('2D SPACE',''
  ) );
#6032 = ADVANCED_FACE('',(#6033),#3774,.F.);
#6033 = FACE_BOUND('',#6034,.F.);
#6034 = EDGE_LOOP('',(#6035,#6056,#6057,#6058));
#6035 = ORIENTED_EDGE('',*,*,#6036,.F.);
#6036 = EDGE_CURVE('',#3736,#6037,#6039,.T.);
#6037 = VERTEX_POINT('',#6038);
#6038 = CARTESIAN_POINT('',(76.285046811221,86.793503644168,
    21.515447606385));
#6039 = SURFACE_CURVE('',#6040,(#6043,#6050),.PCURVE_S1.);
#6040 = B_SPLINE_CURVE_WITH_KNOTS('',1,(#6041,#6042),.UNSPECIFIED.,.F.,
  .F.,(2,2),(3.,21.515447606385),.PIECEWISE_BEZIER_KNOTS.);
#6041 = CARTESIAN_POINT('',(76.285046811221,86.793503644168,3.));
#6042 = CARTESIAN_POINT('',(76.285046811221,86.793503644168,
    21.515447606385));
#6043 = PCURVE('',#3774,#6044);
#6044 = DEFINITIONAL_REPRESENTATION('',(#6045),#6049);
#6045 = B_SPLINE_CURVE_WITH_KNOTS('',2,(#6046,#6047,#6048),
  .UNSPECIFIED.,.F.,.F.,(3,3),(3.,21.515447606385),
  .PIECEWISE_BEZIER_KNOTS.);
#6046 = CARTESIAN_POINT('',(6.28318530718,-3.));
#6047 = CARTESIAN_POINT('',(6.28318530718,-12.25772380319));
#6048 = CARTESIAN_POINT('',(6.28318530718,-21.51544760638));
#6049 = ( GEOMETRIC_REPRESENTATION_CONTEXT(2) 
PARAMETRIC_REPRESENTATION_CONTEXT() REPRESENTATION_CONTEXT('2D SPACE',''
  ) );
#6050 = PCURVE('',#3883,#6051);
#6051 = DEFINITIONAL_REPRESENTATION('',(#6052),#6055);
#6052 = B_SPLINE_CURVE_WITH_KNOTS('',1,(#6053,#6054),.UNSPECIFIED.,.F.,
  .F.,(2,2),(3.,21.515447606385),.PIECEWISE_BEZIER_KNOTS.);
#6053 = CARTESIAN_POINT('',(0.,-3.));
#6054 = CARTESIAN_POINT('',(0.,-21.51544760638));
#6055 = ( GEOMETRIC_REPRESENTATION_CONTEXT(2) 
PARAMETRIC_REPRESENTATION_CONTEXT() REPRESENTATION_CONTEXT('2D SPACE',''
  ) );
#6056 = ORIENTED_EDGE('',*,*,#3760,.T.);
#6057 = ORIENTED_EDGE('',*,*,#5948,.T.);
#6058 = ORIENTED_EDGE('',*,*,#6059,.T.);
#6059 = EDGE_CURVE('',#5949,#6037,#6060,.T.);
#6060 = SURFACE_CURVE('',#6061,(#6065,#6072),.PCURVE_S1.);
#6061 = ( BOUNDED_CURVE() B_SPLINE_CURVE(2,(#6062,#6063,#6064),
.UNSPECIFIED.,.F.,.F.) B_SPLINE_CURVE_WITH_KNOTS((3,3),(4.712388980385,
6.28318530718),.PIECEWISE_BEZIER_KNOTS.) CURVE() 
GEOMETRIC_REPRESENTATION_ITEM() RATIONAL_B_SPLINE_CURVE((1.,
0.707106781187,1.)) REPRESENTATION_ITEM('') );
#6062 = CARTESIAN_POINT('',(83.322305191092,79.756245264297,
    21.515447606385));
#6063 = CARTESIAN_POINT('',(83.322305191092,86.793503644168,
    21.515447606385));
#6064 = CARTESIAN_POINT('',(76.285046811221,86.793503644168,
    21.515447606385));
#6065 = PCURVE('',#3774,#6066);
#6066 = DEFINITIONAL_REPRESENTATION('',(#6067),#6071);
#6067 = B_SPLINE_CURVE_WITH_KNOTS('',2,(#6068,#6069,#6070),
  .UNSPECIFIED.,.F.,.F.,(3,3),(4.712388980385,6.28318530718),
  .PIECEWISE_BEZIER_KNOTS.);
#6068 = CARTESIAN_POINT('',(4.712388980385,-21.51544760638));
#6069 = CARTESIAN_POINT('',(5.497787143782,-21.51544760638));
#6070 = CARTESIAN_POINT('',(6.28318530718,-21.51544760638));
#6071 = ( GEOMETRIC_REPRESENTATION_CONTEXT(2) 
PARAMETRIC_REPRESENTATION_CONTEXT() REPRESENTATION_CONTEXT('2D SPACE',''
  ) );
#6072 = PCURVE('',#5933,#6073);
#6073 = DEFINITIONAL_REPRESENTATION('',(#6074),#6078);
#6074 = ( BOUNDED_CURVE() B_SPLINE_CURVE(2,(#6075,#6076,#6077),
.UNSPECIFIED.,.F.,.F.) B_SPLINE_CURVE_WITH_KNOTS((3,3),(4.712388980385,
6.28318530718),.PIECEWISE_BEZIER_KNOTS.) CURVE() 
GEOMETRIC_REPRESENTATION_ITEM() RATIONAL_B_SPLINE_CURVE((1.,
0.707106781187,1.)) REPRESENTATION_ITEM('') );
#6075 = CARTESIAN_POINT('',(14.756245264297,-18.32230519109));
#6076 = CARTESIAN_POINT('',(21.793503644168,-18.32230519109));
#6077 = CARTESIAN_POINT('',(21.793503644168,-11.28504681122));
#6078 = ( GEOMETRIC_REPRESENTATION_CONTEXT(2) 
PARAMETRIC_REPRESENTATION_CONTEXT() REPRESENTATION_CONTEXT('2D SPACE',''
  ) );
#6079 = ADVANCED_FACE('',(#6080),#3830,.F.);
#6080 = FACE_BOUND('',#6081,.F.);
#6081 = EDGE_LOOP('',(#6082,#6083,#6084,#6105));
#6082 = ORIENTED_EDGE('',*,*,#5994,.F.);
#6083 = ORIENTED_EDGE('',*,*,#3816,.T.);
#6084 = ORIENTED_EDGE('',*,*,#6085,.T.);
#6085 = EDGE_CURVE('',#3794,#6086,#6088,.T.);
#6086 = VERTEX_POINT('',#6087);
#6087 = CARTESIAN_POINT('',(46.677694808908,50.243754735703,
    21.515447606385));
#6088 = SURFACE_CURVE('',#6089,(#6092,#6099),.PCURVE_S1.);
#6089 = B_SPLINE_CURVE_WITH_KNOTS('',1,(#6090,#6091),.UNSPECIFIED.,.F.,
  .F.,(2,2),(3.,21.515447606385),.PIECEWISE_BEZIER_KNOTS.);
#6090 = CARTESIAN_POINT('',(46.677694808908,50.243754735703,3.));
#6091 = CARTESIAN_POINT('',(46.677694808908,50.243754735703,
    21.515447606385));
#6092 = PCURVE('',#3830,#6093);
#6093 = DEFINITIONAL_REPRESENTATION('',(#6094),#6098);
#6094 = B_SPLINE_CURVE_WITH_KNOTS('',2,(#6095,#6096,#6097),
  .UNSPECIFIED.,.F.,.F.,(3,3),(3.,21.515447606385),
  .PIECEWISE_BEZIER_KNOTS.);
#6095 = CARTESIAN_POINT('',(1.570796326795,-3.));
#6096 = CARTESIAN_POINT('',(1.570796326795,-12.25772380319));
#6097 = CARTESIAN_POINT('',(1.570796326795,-21.51544760638));
#6098 = ( GEOMETRIC_REPRESENTATION_CONTEXT(2) 
PARAMETRIC_REPRESENTATION_CONTEXT() REPRESENTATION_CONTEXT('2D SPACE',''
  ) );
#6099 = PCURVE('',#3915,#6100);
#6100 = DEFINITIONAL_REPRESENTATION('',(#6101),#6104);
#6101 = B_SPLINE_CURVE_WITH_KNOTS('',1,(#6102,#6103),.UNSPECIFIED.,.F.,
  .F.,(2,2),(3.,21.515447606385),.PIECEWISE_BEZIER_KNOTS.);
#6102 = CARTESIAN_POINT('',(29.512490528595,-3.));
#6103 = CARTESIAN_POINT('',(29.512490528595,-21.51544760638));
#6104 = ( GEOMETRIC_REPRESENTATION_CONTEXT(2) 
PARAMETRIC_REPRESENTATION_CONTEXT() REPRESENTATION_CONTEXT('2D SPACE',''
  ) );
#6105 = ORIENTED_EDGE('',*,*,#6106,.T.);
#6106 = EDGE_CURVE('',#6086,#5995,#6107,.T.);
#6107 = SURFACE_CURVE('',#6108,(#6112,#6119),.PCURVE_S1.);
#6108 = ( BOUNDED_CURVE() B_SPLINE_CURVE(2,(#6109,#6110,#6111),
.UNSPECIFIED.,.F.,.F.) B_SPLINE_CURVE_WITH_KNOTS((3,3),(1.570796326795,
3.14159265359),.PIECEWISE_BEZIER_KNOTS.) CURVE() 
GEOMETRIC_REPRESENTATION_ITEM() RATIONAL_B_SPLINE_CURVE((1.,
0.707106781187,1.)) REPRESENTATION_ITEM('') );
#6109 = CARTESIAN_POINT('',(46.677694808908,50.243754735703,
    21.515447606385));
#6110 = CARTESIAN_POINT('',(46.677694808908,43.206496355832,
    21.515447606385));
#6111 = CARTESIAN_POINT('',(53.714953188779,43.206496355832,
    21.515447606385));
#6112 = PCURVE('',#3830,#6113);
#6113 = DEFINITIONAL_REPRESENTATION('',(#6114),#6118);
#6114 = B_SPLINE_CURVE_WITH_KNOTS('',2,(#6115,#6116,#6117),
  .UNSPECIFIED.,.F.,.F.,(3,3),(1.570796326795,3.14159265359),
  .PIECEWISE_BEZIER_KNOTS.);
#6115 = CARTESIAN_POINT('',(1.570796326795,-21.51544760638));
#6116 = CARTESIAN_POINT('',(2.356194490192,-21.51544760638));
#6117 = CARTESIAN_POINT('',(3.14159265359,-21.51544760638));
#6118 = ( GEOMETRIC_REPRESENTATION_CONTEXT(2) 
PARAMETRIC_REPRESENTATION_CONTEXT() REPRESENTATION_CONTEXT('2D SPACE',''
  ) );
#6119 = PCURVE('',#5933,#6120);
#6120 = DEFINITIONAL_REPRESENTATION('',(#6121),#6125);
#6121 = ( BOUNDED_CURVE() B_SPLINE_CURVE(2,(#6122,#6123,#6124),
.UNSPECIFIED.,.F.,.F.) B_SPLINE_CURVE_WITH_KNOTS((3,3),(1.570796326795,
3.14159265359),.PIECEWISE_BEZIER_KNOTS.) CURVE() 
GEOMETRIC_REPRESENTATION_ITEM() RATIONAL_B_SPLINE_CURVE((1.,
0.707106781187,1.)) REPRESENTATION_ITEM('') );
#6122 = CARTESIAN_POINT('',(-14.75624526429,18.322305191092));
#6123 = CARTESIAN_POINT('',(-21.79350364416,18.322305191092));
#6124 = CARTESIAN_POINT('',(-21.79350364416,11.285046811221));
#6125 = ( GEOMETRIC_REPRESENTATION_CONTEXT(2) 
PARAMETRIC_REPRESENTATION_CONTEXT() REPRESENTATION_CONTEXT('2D SPACE',''
  ) );
#6126 = ADVANCED_FACE('',(#6127),#3883,.F.);
#6127 = FACE_BOUND('',#6128,.F.);
#6128 = EDGE_LOOP('',(#6129,#6150,#6151,#6152));
#6129 = ORIENTED_EDGE('',*,*,#6130,.F.);
#6130 = EDGE_CURVE('',#3848,#6131,#6133,.T.);
#6131 = VERTEX_POINT('',#6132);
#6132 = CARTESIAN_POINT('',(53.714953188779,86.793503644168,
    21.515447606385));
#6133 = SURFACE_CURVE('',#6134,(#6137,#6143),.PCURVE_S1.);
#6134 = B_SPLINE_CURVE_WITH_KNOTS('',1,(#6135,#6136),.UNSPECIFIED.,.F.,
  .F.,(2,2),(3.,21.515447606385),.PIECEWISE_BEZIER_KNOTS.);
#6135 = CARTESIAN_POINT('',(53.714953188779,86.793503644168,3.));
#6136 = CARTESIAN_POINT('',(53.714953188779,86.793503644168,
    21.515447606385));
#6137 = PCURVE('',#3883,#6138);
#6138 = DEFINITIONAL_REPRESENTATION('',(#6139),#6142);
#6139 = B_SPLINE_CURVE_WITH_KNOTS('',1,(#6140,#6141),.UNSPECIFIED.,.F.,
  .F.,(2,2),(3.,21.515447606385),.PIECEWISE_BEZIER_KNOTS.);
#6140 = CARTESIAN_POINT('',(22.570093622442,-3.));
#6141 = CARTESIAN_POINT('',(22.570093622442,-21.51544760638));
#6142 = ( GEOMETRIC_REPRESENTATION_CONTEXT(2) 
PARAMETRIC_REPRESENTATION_CONTEXT() REPRESENTATION_CONTEXT('2D SPACE',''
  ) );
#6143 = PCURVE('',#3968,#6144);
#6144 = DEFINITIONAL_REPRESENTATION('',(#6145),#6149);
#6145 = B_SPLINE_CURVE_WITH_KNOTS('',2,(#6146,#6147,#6148),
  .UNSPECIFIED.,.F.,.F.,(3,3),(3.,21.515447606385),
  .PIECEWISE_BEZIER_KNOTS.);
#6146 = CARTESIAN_POINT('',(0.,-3.));
#6147 = CARTESIAN_POINT('',(-3.232089686623E-31,-12.25772380319));
#6148 = CARTESIAN_POINT('',(0.,-21.51544760638));
#6149 = ( GEOMETRIC_REPRESENTATION_CONTEXT(2) 
PARAMETRIC_REPRESENTATION_CONTEXT() REPRESENTATION_CONTEXT('2D SPACE',''
  ) );
#6150 = ORIENTED_EDGE('',*,*,#3870,.T.);
#6151 = ORIENTED_EDGE('',*,*,#6036,.T.);
#6152 = ORIENTED_EDGE('',*,*,#6153,.T.);
#6153 = EDGE_CURVE('',#6037,#6131,#6154,.T.);
#6154 = SURFACE_CURVE('',#6155,(#6158,#6164),.PCURVE_S1.);
#6155 = B_SPLINE_CURVE_WITH_KNOTS('',1,(#6156,#6157),.UNSPECIFIED.,.F.,
  .F.,(2,2),(0.,22.570093622442),.PIECEWISE_BEZIER_KNOTS.);
#6156 = CARTESIAN_POINT('',(76.285046811221,86.793503644168,
    21.515447606385));
#6157 = CARTESIAN_POINT('',(53.714953188779,86.793503644168,
    21.515447606385));
#6158 = PCURVE('',#3883,#6159);
#6159 = DEFINITIONAL_REPRESENTATION('',(#6160),#6163);
#6160 = B_SPLINE_CURVE_WITH_KNOTS('',1,(#6161,#6162),.UNSPECIFIED.,.F.,
  .F.,(2,2),(0.,22.570093622442),.PIECEWISE_BEZIER_KNOTS.);
#6161 = CARTESIAN_POINT('',(0.,-21.51544760638));
#6162 = CARTESIAN_POINT('',(22.570093622442,-21.51544760638));
#6163 = ( GEOMETRIC_REPRESENTATION_CONTEXT(2) 
PARAMETRIC_REPRESENTATION_CONTEXT() REPRESENTATION_CONTEXT('2D SPACE',''
  ) );
#6164 = PCURVE('',#5933,#6165);
#6165 = DEFINITIONAL_REPRESENTATION('',(#6166),#6169);
#6166 = B_SPLINE_CURVE_WITH_KNOTS('',1,(#6167,#6168),.UNSPECIFIED.,.F.,
  .F.,(2,2),(0.,22.570093622442),.PIECEWISE_BEZIER_KNOTS.);
#6167 = CARTESIAN_POINT('',(21.793503644168,-11.28504681122));
#6168 = CARTESIAN_POINT('',(21.793503644168,11.285046811221));
#6169 = ( GEOMETRIC_REPRESENTATION_CONTEXT(2) 
PARAMETRIC_REPRESENTATION_CONTEXT() REPRESENTATION_CONTEXT('2D SPACE',''
  ) );
#6170 = ADVANCED_FACE('',(#6171),#3915,.F.);
#6171 = FACE_BOUND('',#6172,.F.);
#6172 = EDGE_LOOP('',(#6173,#6174,#6175,#6196));
#6173 = ORIENTED_EDGE('',*,*,#6085,.F.);
#6174 = ORIENTED_EDGE('',*,*,#3900,.T.);
#6175 = ORIENTED_EDGE('',*,*,#6176,.T.);
#6176 = EDGE_CURVE('',#3901,#6177,#6179,.T.);
#6177 = VERTEX_POINT('',#6178);
#6178 = CARTESIAN_POINT('',(46.677694808908,79.756245264298,
    21.515447606385));
#6179 = SURFACE_CURVE('',#6180,(#6183,#6189),.PCURVE_S1.);
#6180 = B_SPLINE_CURVE_WITH_KNOTS('',1,(#6181,#6182),.UNSPECIFIED.,.F.,
  .F.,(2,2),(3.,21.515447606385),.PIECEWISE_BEZIER_KNOTS.);
#6181 = CARTESIAN_POINT('',(46.677694808908,79.756245264297,3.));
#6182 = CARTESIAN_POINT('',(46.677694808908,79.756245264297,
    21.515447606385));
#6183 = PCURVE('',#3915,#6184);
#6184 = DEFINITIONAL_REPRESENTATION('',(#6185),#6188);
#6185 = B_SPLINE_CURVE_WITH_KNOTS('',1,(#6186,#6187),.UNSPECIFIED.,.F.,
  .F.,(2,2),(3.,21.515447606385),.PIECEWISE_BEZIER_KNOTS.);
#6186 = CARTESIAN_POINT('',(0.,-3.));
#6187 = CARTESIAN_POINT('',(0.,-21.51544760638));
#6188 = ( GEOMETRIC_REPRESENTATION_CONTEXT(2) 
PARAMETRIC_REPRESENTATION_CONTEXT() REPRESENTATION_CONTEXT('2D SPACE',''
  ) );
#6189 = PCURVE('',#3968,#6190);
#6190 = DEFINITIONAL_REPRESENTATION('',(#6191),#6195);
#6191 = B_SPLINE_CURVE_WITH_KNOTS('',2,(#6192,#6193,#6194),
  .UNSPECIFIED.,.F.,.F.,(3,3),(3.,21.515447606385),
  .PIECEWISE_BEZIER_KNOTS.);
#6192 = CARTESIAN_POINT('',(1.570796326795,-3.));
#6193 = CARTESIAN_POINT('',(1.570796326795,-12.25772380319));
#6194 = CARTESIAN_POINT('',(1.570796326795,-21.51544760638));
#6195 = ( GEOMETRIC_REPRESENTATION_CONTEXT(2) 
PARAMETRIC_REPRESENTATION_CONTEXT() REPRESENTATION_CONTEXT('2D SPACE',''
  ) );
#6196 = ORIENTED_EDGE('',*,*,#6197,.T.);
#6197 = EDGE_CURVE('',#6177,#6086,#6198,.T.);
#6198 = SURFACE_CURVE('',#6199,(#6202,#6208),.PCURVE_S1.);
#6199 = B_SPLINE_CURVE_WITH_KNOTS('',1,(#6200,#6201),.UNSPECIFIED.,.F.,
  .F.,(2,2),(0.,29.512490528595),.PIECEWISE_BEZIER_KNOTS.);
#6200 = CARTESIAN_POINT('',(46.677694808908,79.756245264297,
    21.515447606385));
#6201 = CARTESIAN_POINT('',(46.677694808908,50.243754735702,
    21.515447606385));
#6202 = PCURVE('',#3915,#6203);
#6203 = DEFINITIONAL_REPRESENTATION('',(#6204),#6207);
#6204 = B_SPLINE_CURVE_WITH_KNOTS('',1,(#6205,#6206),.UNSPECIFIED.,.F.,
  .F.,(2,2),(0.,29.512490528595),.PIECEWISE_BEZIER_KNOTS.);
#6205 = CARTESIAN_POINT('',(0.,-21.51544760638));
#6206 = CARTESIAN_POINT('',(29.512490528595,-21.51544760638));
#6207 = ( GEOMETRIC_REPRESENTATION_CONTEXT(2) 
PARAMETRIC_REPRESENTATION_CONTEXT() REPRESENTATION_CONTEXT('2D SPACE',''
  ) );
#6208 = PCURVE('',#5933,#6209);
#6209 = DEFINITIONAL_REPRESENTATION('',(#6210),#6213);
#6210 = B_SPLINE_CURVE_WITH_KNOTS('',1,(#6211,#6212),.UNSPECIFIED.,.F.,
  .F.,(2,2),(0.,29.512490528595),.PIECEWISE_BEZIER_KNOTS.);
#6211 = CARTESIAN_POINT('',(14.756245264297,18.322305191092));
#6212 = CARTESIAN_POINT('',(-14.75624526429,18.322305191092));
#6213 = ( GEOMETRIC_REPRESENTATION_CONTEXT(2) 
PARAMETRIC_REPRESENTATION_CONTEXT() REPRESENTATION_CONTEXT('2D SPACE',''
  ) );
#6214 = ADVANCED_FACE('',(#6215),#3968,.F.);
#6215 = FACE_BOUND('',#6216,.F.);
#6216 = EDGE_LOOP('',(#6217,#6218,#6219,#6220));
#6217 = ORIENTED_EDGE('',*,*,#6176,.F.);
#6218 = ORIENTED_EDGE('',*,*,#3954,.T.);
#6219 = ORIENTED_EDGE('',*,*,#6130,.T.);
#6220 = ORIENTED_EDGE('',*,*,#6221,.T.);
#6221 = EDGE_CURVE('',#6131,#6177,#6222,.T.);
#6222 = SURFACE_CURVE('',#6223,(#6227,#6234),.PCURVE_S1.);
#6223 = ( BOUNDED_CURVE() B_SPLINE_CURVE(2,(#6224,#6225,#6226),
.UNSPECIFIED.,.F.,.F.) B_SPLINE_CURVE_WITH_KNOTS((3,3),(0.,
1.570796326795),.PIECEWISE_BEZIER_KNOTS.) CURVE() 
GEOMETRIC_REPRESENTATION_ITEM() RATIONAL_B_SPLINE_CURVE((1.,
0.707106781187,1.)) REPRESENTATION_ITEM('') );
#6224 = CARTESIAN_POINT('',(53.714953188779,86.793503644168,
    21.515447606385));
#6225 = CARTESIAN_POINT('',(46.677694808908,86.793503644168,
    21.515447606385));
#6226 = CARTESIAN_POINT('',(46.677694808908,79.756245264297,
    21.515447606385));
#6227 = PCURVE('',#3968,#6228);
#6228 = DEFINITIONAL_REPRESENTATION('',(#6229),#6233);
#6229 = B_SPLINE_CURVE_WITH_KNOTS('',2,(#6230,#6231,#6232),
  .UNSPECIFIED.,.F.,.F.,(3,3),(0.,1.570796326795),
  .PIECEWISE_BEZIER_KNOTS.);
#6230 = CARTESIAN_POINT('',(-4.562223307966E-31,-21.51544760638));
#6231 = CARTESIAN_POINT('',(0.785398163397,-21.51544760638));
#6232 = CARTESIAN_POINT('',(1.570796326795,-21.51544760638));
#6233 = ( GEOMETRIC_REPRESENTATION_CONTEXT(2) 
PARAMETRIC_REPRESENTATION_CONTEXT() REPRESENTATION_CONTEXT('2D SPACE',''
  ) );
#6234 = PCURVE('',#5933,#6235);
#6235 = DEFINITIONAL_REPRESENTATION('',(#6236),#6240);
#6236 = ( BOUNDED_CURVE() B_SPLINE_CURVE(2,(#6237,#6238,#6239),
.UNSPECIFIED.,.F.,.F.) B_SPLINE_CURVE_WITH_KNOTS((3,3),(0.,
1.570796326795),.PIECEWISE_BEZIER_KNOTS.) CURVE() 
GEOMETRIC_REPRESENTATION_ITEM() RATIONAL_B_SPLINE_CURVE((1.,
0.707106781187,1.)) REPRESENTATION_ITEM('') );
#6237 = CARTESIAN_POINT('',(21.793503644168,11.285046811221));
#6238 = CARTESIAN_POINT('',(21.793503644168,18.322305191092));
#6239 = CARTESIAN_POINT('',(14.756245264297,18.322305191092));
#6240 = ( GEOMETRIC_REPRESENTATION_CONTEXT(2) 
PARAMETRIC_REPRESENTATION_CONTEXT() REPRESENTATION_CONTEXT('2D SPACE',''
  ) );
#6241 = ADVANCED_FACE('',(#6242),#4021,.F.);
#6242 = FACE_BOUND('',#6243,.F.);
#6243 = EDGE_LOOP('',(#6244,#6290,#6291,#6337,#6338,#6339));
#6244 = ORIENTED_EDGE('',*,*,#6245,.F.);
#6245 = EDGE_CURVE('',#5142,#4136,#6246,.T.);
#6246 = SURFACE_CURVE('',#6247,(#6251,#6272),.PCURVE_S1.);
#6247 = ( BOUNDED_CURVE() B_SPLINE_CURVE(2,(#6248,#6249,#6250),
.UNSPECIFIED.,.F.,.F.) B_SPLINE_CURVE_WITH_KNOTS((3,3),(1.570796326795,
3.14159265359),.PIECEWISE_BEZIER_KNOTS.) CURVE() 
GEOMETRIC_REPRESENTATION_ITEM() RATIONAL_B_SPLINE_CURVE((1.,
0.707106781187,1.)) REPRESENTATION_ITEM('') );
#6248 = CARTESIAN_POINT('',(63.,212.16924437775,3.585786437627));
#6249 = CARTESIAN_POINT('',(63.,213.16924437775,4.585786437627));
#6250 = CARTESIAN_POINT('',(62.,213.16924437775,4.585786437627));
#6251 = PCURVE('',#4021,#6252);
#6252 = DEFINITIONAL_REPRESENTATION('',(#6253),#6271);
#6253 = B_SPLINE_CURVE_WITH_KNOTS('',8,(#6254,#6255,#6256,#6257,#6258,
    #6259,#6260,#6261,#6262,#6263,#6264,#6265,#6266,#6267,#6268,#6269,
    #6270),.UNSPECIFIED.,.F.,.F.,(9,8,9),(1.570796326795,2.356194490192,
    3.14159265359),.PIECEWISE_BEZIER_KNOTS.);
#6254 = CARTESIAN_POINT('',(2.356194490192,-1.));
#6255 = CARTESIAN_POINT('',(2.243484915827,-0.911611663419));
#6256 = CARTESIAN_POINT('',(2.133666832081,-0.819524891713));
#6257 = CARTESIAN_POINT('',(2.026610424563,-0.725047726711));
#6258 = CARTESIAN_POINT('',(1.922195205246,-0.6300096618));
#6259 = CARTESIAN_POINT('',(1.820308962711,-0.536764793321));
#6260 = CARTESIAN_POINT('',(1.720846906565,-0.448005758408));
#6261 = CARTESIAN_POINT('',(1.62371093473,-0.366116501875));
#6262 = CARTESIAN_POINT('',(1.528809013966,-0.292893218813));
#6263 = CARTESIAN_POINT('',(1.433907093176,-0.219669667597));
#6264 = CARTESIAN_POINT('',(1.341239223232,-0.1551139008));
#6265 = CARTESIAN_POINT('',(1.250713370088,-0.101010972865));
#6266 = CARTESIAN_POINT('',(1.162243565544,-5.858564133931E-02));
#6267 = CARTESIAN_POINT('',(1.075749283828,-2.809162266376E-02));
#6268 = CARTESIAN_POINT('',(0.991154917713,-8.929430756729E-03));
#6269 = CARTESIAN_POINT('',(0.9083893325,1.61781259955E-07));
#6270 = CARTESIAN_POINT('',(0.827385476227,2.73629442819E-14));
#6271 = ( GEOMETRIC_REPRESENTATION_CONTEXT(2) 
PARAMETRIC_REPRESENTATION_CONTEXT() REPRESENTATION_CONTEXT('2D SPACE',''
  ) );
#6272 = PCURVE('',#4176,#6273);
#6273 = DEFINITIONAL_REPRESENTATION('',(#6274),#6289);
#6274 = B_SPLINE_CURVE_WITH_KNOTS('',7,(#6275,#6276,#6277,#6278,#6279,
    #6280,#6281,#6282,#6283,#6284,#6285,#6286,#6287,#6288),
  .UNSPECIFIED.,.F.,.F.,(8,6,8),(1.570796326795,2.356194490192,
    3.14159265359),.UNSPECIFIED.);
#6275 = CARTESIAN_POINT('',(1.570796326795,18.279708522772));
#6276 = CARTESIAN_POINT('',(1.458596589168,18.178693654423));
#6277 = CARTESIAN_POINT('',(1.346396851533,18.072744084297));
#6278 = CARTESIAN_POINT('',(1.234197113918,17.963971249707));
#6279 = CARTESIAN_POINT('',(1.121997376271,17.855452309169));
#6280 = CARTESIAN_POINT('',(1.009797638656,17.751521167116));
#6281 = CARTESIAN_POINT('',(0.897597901027,17.65628586751));
#6282 = CARTESIAN_POINT('',(0.67319842577,17.488917683063));
#6283 = CARTESIAN_POINT('',(0.560998688141,17.416790670348));
#6284 = CARTESIAN_POINT('',(0.448798950511,17.359076790731));
#6285 = CARTESIAN_POINT('',(0.336599212886,17.317511537482));
#6286 = CARTESIAN_POINT('',(0.224399475256,17.291614492102));
#6287 = CARTESIAN_POINT('',(0.112199737629,17.27970833791));
#6288 = CARTESIAN_POINT('',(3.10862446895E-15,17.279708522772));
#6289 = ( GEOMETRIC_REPRESENTATION_CONTEXT(2) 
PARAMETRIC_REPRESENTATION_CONTEXT() REPRESENTATION_CONTEXT('2D SPACE',''
  ) );
#6290 = ORIENTED_EDGE('',*,*,#5141,.T.);
#6291 = ORIENTED_EDGE('',*,*,#6292,.T.);
#6292 = EDGE_CURVE('',#5144,#4006,#6293,.T.);
#6293 = SURFACE_CURVE('',#6294,(#6298,#6319),.PCURVE_S1.);
#6294 = ( BOUNDED_CURVE() B_SPLINE_CURVE(2,(#6295,#6296,#6297),
.UNSPECIFIED.,.F.,.F.) B_SPLINE_CURVE_WITH_KNOTS((3,3),(1.570796326795,
3.14159265359),.PIECEWISE_BEZIER_KNOTS.) CURVE() 
GEOMETRIC_REPRESENTATION_ITEM() RATIONAL_B_SPLINE_CURVE((1.,
0.707106781187,1.)) REPRESENTATION_ITEM('') );
#6295 = CARTESIAN_POINT('',(63.,218.16924437775,3.585786437627));
#6296 = CARTESIAN_POINT('',(63.,217.16924437775,4.585786437627));
#6297 = CARTESIAN_POINT('',(62.,217.16924437775,4.585786437627));
#6298 = PCURVE('',#4021,#6299);
#6299 = DEFINITIONAL_REPRESENTATION('',(#6300),#6318);
#6300 = B_SPLINE_CURVE_WITH_KNOTS('',8,(#6301,#6302,#6303,#6304,#6305,
    #6306,#6307,#6308,#6309,#6310,#6311,#6312,#6313,#6314,#6315,#6316,
    #6317),.UNSPECIFIED.,.F.,.F.,(9,8,9),(1.570796326795,2.356194490192,
    3.14159265359),.PIECEWISE_BEZIER_KNOTS.);
#6301 = CARTESIAN_POINT('',(2.356194490192,5.));
#6302 = CARTESIAN_POINT('',(2.243484915821,4.911611663378));
#6303 = CARTESIAN_POINT('',(2.133666832121,4.819524891936));
#6304 = CARTESIAN_POINT('',(2.02661042452,4.725047726354));
#6305 = CARTESIAN_POINT('',(1.922195205567,4.630009661659));
#6306 = CARTESIAN_POINT('',(1.820308962798,4.536764792535));
#6307 = CARTESIAN_POINT('',(1.720846906536,4.448005758718));
#6308 = CARTESIAN_POINT('',(1.623710934737,4.366116501824));
#6309 = CARTESIAN_POINT('',(1.528809013966,4.292893218813));
#6310 = CARTESIAN_POINT('',(1.433907093178,4.219669667603));
#6311 = CARTESIAN_POINT('',(1.341239223222,4.155113900802));
#6312 = CARTESIAN_POINT('',(1.2507133701,4.101010972876));
#6313 = CARTESIAN_POINT('',(1.162243565543,4.058585641333));
#6314 = CARTESIAN_POINT('',(1.075749283811,4.028091622645));
#6315 = CARTESIAN_POINT('',(0.991154917716,4.008929430757));
#6316 = CARTESIAN_POINT('',(0.908389332497,3.999999838219));
#6317 = CARTESIAN_POINT('',(0.827385476227,4.));
#6318 = ( GEOMETRIC_REPRESENTATION_CONTEXT(2) 
PARAMETRIC_REPRESENTATION_CONTEXT() REPRESENTATION_CONTEXT('2D SPACE',''
  ) );
#6319 = PCURVE('',#4053,#6320);
#6320 = DEFINITIONAL_REPRESENTATION('',(#6321),#6336);
#6321 = B_SPLINE_CURVE_WITH_KNOTS('',7,(#6322,#6323,#6324,#6325,#6326,
    #6327,#6328,#6329,#6330,#6331,#6332,#6333,#6334,#6335),
  .UNSPECIFIED.,.F.,.F.,(8,6,8),(1.570796326795,2.356194490192,
    3.14159265359),.UNSPECIFIED.);
#6322 = CARTESIAN_POINT('',(1.570796288394,18.279708522772));
#6323 = CARTESIAN_POINT('',(1.45859656157,18.178693654469));
#6324 = CARTESIAN_POINT('',(1.3463968334,18.072744084053));
#6325 = CARTESIAN_POINT('',(1.234197103884,17.963971250195));
#6326 = CARTESIAN_POINT('',(1.121997373028,17.855452309029));
#6327 = CARTESIAN_POINT('',(1.009797640828,17.751521167245));
#6328 = CARTESIAN_POINT('',(0.897597907291,17.656285867464));
#6329 = CARTESIAN_POINT('',(0.67319843752,17.488917683048));
#6330 = CARTESIAN_POINT('',(0.560998701291,17.416790670465));
#6331 = CARTESIAN_POINT('',(0.448798963719,17.359076790498));
#6332 = CARTESIAN_POINT('',(0.336599224806,17.317511537714));
#6333 = CARTESIAN_POINT('',(0.224399484544,17.291614491985));
#6334 = CARTESIAN_POINT('',(0.112199742946,17.279708337924));
#6335 = CARTESIAN_POINT('',(-1.267566726667E-14,17.279708522772));
#6336 = ( GEOMETRIC_REPRESENTATION_CONTEXT(2) 
PARAMETRIC_REPRESENTATION_CONTEXT() REPRESENTATION_CONTEXT('2D SPACE',''
  ) );
#6337 = ORIENTED_EDGE('',*,*,#4005,.T.);
#6338 = ORIENTED_EDGE('',*,*,#4112,.F.);
#6339 = ORIENTED_EDGE('',*,*,#4135,.F.);
#6340 = ADVANCED_FACE('',(#6341),#4053,.T.);
#6341 = FACE_BOUND('',#6342,.T.);
#6342 = EDGE_LOOP('',(#6343,#6374,#6375,#6376,#6377));
#6343 = ORIENTED_EDGE('',*,*,#6344,.F.);
#6344 = EDGE_CURVE('',#5186,#4215,#6345,.T.);
#6345 = SURFACE_CURVE('',#6346,(#6350,#6362),.PCURVE_S1.);
#6346 = ( BOUNDED_CURVE() B_SPLINE_CURVE(2,(#6347,#6348,#6349),
.UNSPECIFIED.,.F.,.F.) B_SPLINE_CURVE_WITH_KNOTS((3,3),(1.570795979965,
2.356194490192),.PIECEWISE_BEZIER_KNOTS.) CURVE() 
GEOMETRIC_REPRESENTATION_ITEM() RATIONAL_B_SPLINE_CURVE((1.,
0.923879466148,1.)) REPRESENTATION_ITEM('') );
#6347 = CARTESIAN_POINT('',(63.,218.16924472458,22.279708869603));
#6348 = CARTESIAN_POINT('',(63.000000143662,217.75503095904,
    21.865495104061));
#6349 = CARTESIAN_POINT('',(62.707106781187,217.46213759656,
    21.572601741586));
#6350 = PCURVE('',#4053,#6351);
#6351 = DEFINITIONAL_REPRESENTATION('',(#6352),#6361);
#6352 = B_SPLINE_CURVE_WITH_KNOTS('',7,(#6353,#6354,#6355,#6356,#6357,
    #6358,#6359,#6360),.UNSPECIFIED.,.F.,.F.,(8,8),(1.570796335872,
    2.356194490192),.PIECEWISE_BEZIER_KNOTS.);
#6353 = CARTESIAN_POINT('',(1.570796288394,-0.414213562373));
#6354 = CARTESIAN_POINT('',(1.449352175018,-0.304875330925));
#6355 = CARTESIAN_POINT('',(1.331243410782,-0.192763655387));
#6356 = CARTESIAN_POINT('',(1.216305111836,-8.095057415242E-02));
#6357 = CARTESIAN_POINT('',(1.104385978575,2.675973034671E-02));
#6358 = CARTESIAN_POINT('',(0.995346433793,0.126440375819));
#6359 = CARTESIAN_POINT('',(0.889057207452,0.215579678757));
#6360 = CARTESIAN_POINT('',(0.785398172405,0.292893218813));
#6361 = ( GEOMETRIC_REPRESENTATION_CONTEXT(2) 
PARAMETRIC_REPRESENTATION_CONTEXT() REPRESENTATION_CONTEXT('2D SPACE',''
  ) );
#6362 = PCURVE('',#4256,#6363);
#6363 = DEFINITIONAL_REPRESENTATION('',(#6364),#6373);
#6364 = B_SPLINE_CURVE_WITH_KNOTS('',7,(#6365,#6366,#6367,#6368,#6369,
    #6370,#6371,#6372),.UNSPECIFIED.,.F.,.F.,(8,8),(1.570796335872,
    2.356194490192),.PIECEWISE_BEZIER_KNOTS.);
#6365 = CARTESIAN_POINT('',(0.78539815432,5.));
#6366 = CARTESIAN_POINT('',(0.673198417989,4.890661768557));
#6367 = CARTESIAN_POINT('',(0.56099868166,4.778550093025));
#6368 = CARTESIAN_POINT('',(0.448798945321,4.666737011734));
#6369 = CARTESIAN_POINT('',(0.336599208999,4.559026707309));
#6370 = CARTESIAN_POINT('',(0.22439947266,4.45934606179));
#6371 = CARTESIAN_POINT('',(0.112199736333,4.370206758877));
#6372 = CARTESIAN_POINT('',(8.275311574646E-15,4.292893218813));
#6373 = ( GEOMETRIC_REPRESENTATION_CONTEXT(2) 
PARAMETRIC_REPRESENTATION_CONTEXT() REPRESENTATION_CONTEXT('2D SPACE',''
  ) );
#6374 = ORIENTED_EDGE('',*,*,#5206,.T.);
#6375 = ORIENTED_EDGE('',*,*,#6292,.T.);
#6376 = ORIENTED_EDGE('',*,*,#4039,.F.);
#6377 = ORIENTED_EDGE('',*,*,#4214,.F.);
#6378 = ADVANCED_FACE('',(#6379),#4176,.F.);
#6379 = FACE_BOUND('',#6380,.F.);
#6380 = EDGE_LOOP('',(#6381,#6412,#6413,#6414,#6415));
#6381 = ORIENTED_EDGE('',*,*,#6382,.F.);
#6382 = EDGE_CURVE('',#5165,#4243,#6383,.T.);
#6383 = SURFACE_CURVE('',#6384,(#6388,#6400),.PCURVE_S1.);
#6384 = ( BOUNDED_CURVE() B_SPLINE_CURVE(2,(#6385,#6386,#6387),
.UNSPECIFIED.,.F.,.F.) B_SPLINE_CURVE_WITH_KNOTS((3,3),(4.712388980385,
5.497787143782),.PIECEWISE_BEZIER_KNOTS.) CURVE() 
GEOMETRIC_REPRESENTATION_ITEM() RATIONAL_B_SPLINE_CURVE((1.,
0.923879532511,1.)) REPRESENTATION_ITEM('') );
#6385 = CARTESIAN_POINT('',(63.,212.16924437775,22.279708522772));
#6386 = CARTESIAN_POINT('',(63.,212.58345794012,21.865494960399));
#6387 = CARTESIAN_POINT('',(62.707106781187,212.87635115894,
    21.572601741586));
#6388 = PCURVE('',#4176,#6389);
#6389 = DEFINITIONAL_REPRESENTATION('',(#6390),#6399);
#6390 = B_SPLINE_CURVE_WITH_KNOTS('',7,(#6391,#6392,#6393,#6394,#6395,
    #6396,#6397,#6398),.UNSPECIFIED.,.F.,.F.,(8,8),(4.712388980385,
    5.497787143782),.PIECEWISE_BEZIER_KNOTS.);
#6391 = CARTESIAN_POINT('',(1.570796326795,-0.414213562373));
#6392 = CARTESIAN_POINT('',(1.449352205917,-0.304875334697));
#6393 = CARTESIAN_POINT('',(1.331243434439,-0.192763661863));
#6394 = CARTESIAN_POINT('',(1.216305128537,-8.095058184192E-02));
#6395 = CARTESIAN_POINT('',(1.104385988489,2.675972318222E-02));
#6396 = CARTESIAN_POINT('',(0.995346437213,0.12644037056));
#6397 = CARTESIAN_POINT('',(0.889057204552,0.21557967609));
#6398 = CARTESIAN_POINT('',(0.785398163397,0.292893218813));
#6399 = ( GEOMETRIC_REPRESENTATION_CONTEXT(2) 
PARAMETRIC_REPRESENTATION_CONTEXT() REPRESENTATION_CONTEXT('2D SPACE',''
  ) );
#6400 = PCURVE('',#4256,#6401);
#6401 = DEFINITIONAL_REPRESENTATION('',(#6402),#6411);
#6402 = B_SPLINE_CURVE_WITH_KNOTS('',7,(#6403,#6404,#6405,#6406,#6407,
    #6408,#6409,#6410),.UNSPECIFIED.,.F.,.F.,(8,8),(4.712388980385,
    5.497787143782),.PIECEWISE_BEZIER_KNOTS.);
#6403 = CARTESIAN_POINT('',(0.78539815432,-1.));
#6404 = CARTESIAN_POINT('',(0.673198421859,-0.890661772325));
#6405 = CARTESIAN_POINT('',(0.560998688111,-0.778550099488));
#6406 = CARTESIAN_POINT('',(0.448798953057,-0.66673701947));
#6407 = CARTESIAN_POINT('',(0.33659921674,-0.559026714443));
#6408 = CARTESIAN_POINT('',(0.224399479108,-0.459346067069));
#6409 = CARTESIAN_POINT('',(0.112199740203,-0.370206761538));
#6410 = CARTESIAN_POINT('',(-6.217248937901E-15,-0.292893218813));
#6411 = ( GEOMETRIC_REPRESENTATION_CONTEXT(2) 
PARAMETRIC_REPRESENTATION_CONTEXT() REPRESENTATION_CONTEXT('2D SPACE',''
  ) );
#6412 = ORIENTED_EDGE('',*,*,#5164,.T.);
#6413 = ORIENTED_EDGE('',*,*,#6245,.T.);
#6414 = ORIENTED_EDGE('',*,*,#4162,.F.);
#6415 = ORIENTED_EDGE('',*,*,#4270,.F.);
#6416 = ADVANCED_FACE('',(#6417),#4256,.T.);
#6417 = FACE_BOUND('',#6418,.T.);
#6418 = EDGE_LOOP('',(#6419,#6420,#6421,#6422));
#6419 = ORIENTED_EDGE('',*,*,#6382,.F.);
#6420 = ORIENTED_EDGE('',*,*,#5185,.T.);
#6421 = ORIENTED_EDGE('',*,*,#6344,.T.);
#6422 = ORIENTED_EDGE('',*,*,#4242,.F.);
#6423 = ADVANCED_FACE('',(#6424,#6730),#4358,.F.);
#6424 = FACE_BOUND('',#6425,.F.);
#6425 = EDGE_LOOP('',(#6426,#6453,#6504,#6529,#6580,#6605,#6656,#6681));
#6426 = ORIENTED_EDGE('',*,*,#6427,.F.);
#6427 = EDGE_CURVE('',#6428,#6430,#6432,.T.);
#6428 = VERTEX_POINT('',#6429);
#6429 = CARTESIAN_POINT('',(2.,245.,-15.));
#6430 = VERTEX_POINT('',#6431);
#6431 = CARTESIAN_POINT('',(2.,15.,-15.));
#6432 = SURFACE_CURVE('',#6433,(#6436,#6442),.PCURVE_S1.);
#6433 = B_SPLINE_CURVE_WITH_KNOTS('',1,(#6434,#6435),.UNSPECIFIED.,.F.,
  .F.,(2,2),(15.,245.),.PIECEWISE_BEZIER_KNOTS.);
#6434 = CARTESIAN_POINT('',(2.,245.,-15.));
#6435 = CARTESIAN_POINT('',(2.,15.,-15.));
#6436 = PCURVE('',#4358,#6437);
#6437 = DEFINITIONAL_REPRESENTATION('',(#6438),#6441);
#6438 = B_SPLINE_CURVE_WITH_KNOTS('',1,(#6439,#6440),.UNSPECIFIED.,.F.,
  .F.,(2,2),(15.,245.),.PIECEWISE_BEZIER_KNOTS.);
#6439 = CARTESIAN_POINT('',(2.,115.));
#6440 = CARTESIAN_POINT('',(2.,-115.));
#6441 = ( GEOMETRIC_REPRESENTATION_CONTEXT(2) 
PARAMETRIC_REPRESENTATION_CONTEXT() REPRESENTATION_CONTEXT('2D SPACE',''
  ) );
#6442 = PCURVE('',#6443,#6448);
#6443 = B_SPLINE_SURFACE_WITH_KNOTS('',1,1,(
    (#6444,#6445)
    ,(#6446,#6447
    )),.UNSPECIFIED.,.F.,.F.,.F.,(2,2),(2,2),(6.,15.),(-245.,-15.),
  .PIECEWISE_BEZIER_KNOTS.);
#6444 = CARTESIAN_POINT('',(2.,15.,-6.));
#6445 = CARTESIAN_POINT('',(2.,245.,-6.));
#6446 = CARTESIAN_POINT('',(2.,15.,-15.));
#6447 = CARTESIAN_POINT('',(2.,245.,-15.));
#6448 = DEFINITIONAL_REPRESENTATION('',(#6449),#6452);
#6449 = B_SPLINE_CURVE_WITH_KNOTS('',1,(#6450,#6451),.UNSPECIFIED.,.F.,
  .F.,(2,2),(15.,245.),.PIECEWISE_BEZIER_KNOTS.);
#6450 = CARTESIAN_POINT('',(15.,-15.));
#6451 = CARTESIAN_POINT('',(15.,-245.));
#6452 = ( GEOMETRIC_REPRESENTATION_CONTEXT(2) 
PARAMETRIC_REPRESENTATION_CONTEXT() REPRESENTATION_CONTEXT('2D SPACE',''
  ) );
#6453 = ORIENTED_EDGE('',*,*,#6454,.T.);
#6454 = EDGE_CURVE('',#6428,#6455,#6457,.T.);
#6455 = VERTEX_POINT('',#6456);
#6456 = CARTESIAN_POINT('',(15.,258.,-15.));
#6457 = SURFACE_CURVE('',#6458,(#6468,#6481),.PCURVE_S1.);
#6458 = B_SPLINE_CURVE_WITH_KNOTS('',8,(#6459,#6460,#6461,#6462,#6463,
    #6464,#6465,#6466,#6467),.UNSPECIFIED.,.F.,.F.,(9,9),(4.712388980385
    ,6.28318530718),.PIECEWISE_BEZIER_KNOTS.);
#6459 = CARTESIAN_POINT('',(2.,245.,-15.));
#6460 = CARTESIAN_POINT('',(2.,247.55254403104,-15.));
#6461 = CARTESIAN_POINT('',(2.572790256496,250.10508886554,-15.));
#6462 = CARTESIAN_POINT('',(3.718365143672,252.50767204636,-15.));
#6463 = CARTESIAN_POINT('',(5.389636174861,254.61036382512,-15.));
#6464 = CARTESIAN_POINT('',(7.492327953644,256.28163485633,-15.));
#6465 = CARTESIAN_POINT('',(9.894911134445,257.42720974349,-15.));
#6466 = CARTESIAN_POINT('',(12.447455968958,258.,-15.));
#6467 = CARTESIAN_POINT('',(15.,258.,-15.));
#6468 = PCURVE('',#4358,#6469);
#6469 = DEFINITIONAL_REPRESENTATION('',(#6470),#6480);
#6470 = B_SPLINE_CURVE_WITH_KNOTS('',8,(#6471,#6472,#6473,#6474,#6475,
    #6476,#6477,#6478,#6479),.UNSPECIFIED.,.F.,.F.,(9,9),(4.712388980385
    ,6.28318530718),.PIECEWISE_BEZIER_KNOTS.);
#6471 = CARTESIAN_POINT('',(2.,115.));
#6472 = CARTESIAN_POINT('',(2.,117.55254403104));
#6473 = CARTESIAN_POINT('',(2.572790256496,120.10508886554));
#6474 = CARTESIAN_POINT('',(3.718365143672,122.50767204636));
#6475 = CARTESIAN_POINT('',(5.389636174861,124.61036382512));
#6476 = CARTESIAN_POINT('',(7.492327953644,126.28163485633));
#6477 = CARTESIAN_POINT('',(9.894911134445,127.42720974349));
#6478 = CARTESIAN_POINT('',(12.447455968958,128.));
#6479 = CARTESIAN_POINT('',(15.,128.));
#6480 = ( GEOMETRIC_REPRESENTATION_CONTEXT(2) 
PARAMETRIC_REPRESENTATION_CONTEXT() REPRESENTATION_CONTEXT('2D SPACE',''
  ) );
#6481 = PCURVE('',#6482,#6489);
#6482 = ( BOUNDED_SURFACE() B_SPLINE_SURFACE(2,1,(
    (#6483,#6484)
    ,(#6485,#6486)
    ,(#6487,#6488
)),.UNSPECIFIED.,.F.,.F.,.F.) B_SPLINE_SURFACE_WITH_KNOTS((3,3),(2,2),(
    0.,1.570796326795),(6.,15.),.PIECEWISE_BEZIER_KNOTS.) 
GEOMETRIC_REPRESENTATION_ITEM() RATIONAL_B_SPLINE_SURFACE((
    (1.,1.)
    ,(0.707106781187,0.707106781187)
,(1.,1.))) REPRESENTATION_ITEM('') SURFACE() );
#6483 = CARTESIAN_POINT('',(2.,245.,-6.));
#6484 = CARTESIAN_POINT('',(2.,245.,-15.));
#6485 = CARTESIAN_POINT('',(2.,258.,-6.));
#6486 = CARTESIAN_POINT('',(2.,258.,-15.));
#6487 = CARTESIAN_POINT('',(15.,258.,-6.));
#6488 = CARTESIAN_POINT('',(15.,258.,-15.));
#6489 = DEFINITIONAL_REPRESENTATION('',(#6490),#6503);
#6490 = B_SPLINE_CURVE_WITH_KNOTS('',6,(#6491,#6492,#6493,#6494,#6495,
    #6496,#6497,#6498,#6499,#6500,#6501,#6502),.UNSPECIFIED.,.F.,.F.,(7,
    5,7),(4.712388980385,5.497787143782,6.28318530718),.UNSPECIFIED.);
#6491 = CARTESIAN_POINT('',(-1.699846721753E-14,15.));
#6492 = CARTESIAN_POINT('',(0.145392652579,15.));
#6493 = CARTESIAN_POINT('',(0.281328410979,15.000000000008));
#6494 = CARTESIAN_POINT('',(0.411187802303,15.000000000002));
#6495 = CARTESIAN_POINT('',(0.537194906024,15.000000000008));
#6496 = CARTESIAN_POINT('',(0.661297781031,14.999999999999));
#6497 = CARTESIAN_POINT('',(0.909498545763,15.000000000003));
#6498 = CARTESIAN_POINT('',(1.033601420772,14.999999999988));
#6499 = CARTESIAN_POINT('',(1.15960852449,15.000000000017));
#6500 = CARTESIAN_POINT('',(1.289467915817,14.999999999987));
#6501 = CARTESIAN_POINT('',(1.425403674215,15.000000000004));
#6502 = CARTESIAN_POINT('',(1.570796326795,15.));
#6503 = ( GEOMETRIC_REPRESENTATION_CONTEXT(2) 
PARAMETRIC_REPRESENTATION_CONTEXT() REPRESENTATION_CONTEXT('2D SPACE',''
  ) );
#6504 = ORIENTED_EDGE('',*,*,#6505,.T.);
#6505 = EDGE_CURVE('',#6455,#6506,#6508,.T.);
#6506 = VERTEX_POINT('',#6507);
#6507 = CARTESIAN_POINT('',(245.,258.,-15.));
#6508 = SURFACE_CURVE('',#6509,(#6512,#6518),.PCURVE_S1.);
#6509 = B_SPLINE_CURVE_WITH_KNOTS('',1,(#6510,#6511),.UNSPECIFIED.,.F.,
  .F.,(2,2),(15.,245.),.PIECEWISE_BEZIER_KNOTS.);
#6510 = CARTESIAN_POINT('',(15.,258.,-15.));
#6511 = CARTESIAN_POINT('',(245.,258.,-15.));
#6512 = PCURVE('',#4358,#6513);
#6513 = DEFINITIONAL_REPRESENTATION('',(#6514),#6517);
#6514 = B_SPLINE_CURVE_WITH_KNOTS('',1,(#6515,#6516),.UNSPECIFIED.,.F.,
  .F.,(2,2),(15.,245.),.PIECEWISE_BEZIER_KNOTS.);
#6515 = CARTESIAN_POINT('',(15.,128.));
#6516 = CARTESIAN_POINT('',(245.,128.));
#6517 = ( GEOMETRIC_REPRESENTATION_CONTEXT(2) 
PARAMETRIC_REPRESENTATION_CONTEXT() REPRESENTATION_CONTEXT('2D SPACE',''
  ) );
#6518 = PCURVE('',#6519,#6524);
#6519 = B_SPLINE_SURFACE_WITH_KNOTS('',1,1,(
    (#6520,#6521)
    ,(#6522,#6523
    )),.UNSPECIFIED.,.F.,.F.,.F.,(2,2),(2,2),(6.,15.),(15.,245.),
  .PIECEWISE_BEZIER_KNOTS.);
#6520 = CARTESIAN_POINT('',(15.,258.,-6.));
#6521 = CARTESIAN_POINT('',(245.,258.,-6.));
#6522 = CARTESIAN_POINT('',(15.,258.,-15.));
#6523 = CARTESIAN_POINT('',(245.,258.,-15.));
#6524 = DEFINITIONAL_REPRESENTATION('',(#6525),#6528);
#6525 = B_SPLINE_CURVE_WITH_KNOTS('',1,(#6526,#6527),.UNSPECIFIED.,.F.,
  .F.,(2,2),(15.,245.),.PIECEWISE_BEZIER_KNOTS.);
#6526 = CARTESIAN_POINT('',(15.,15.));
#6527 = CARTESIAN_POINT('',(15.,245.));
#6528 = ( GEOMETRIC_REPRESENTATION_CONTEXT(2) 
PARAMETRIC_REPRESENTATION_CONTEXT() REPRESENTATION_CONTEXT('2D SPACE',''
  ) );
#6529 = ORIENTED_EDGE('',*,*,#6530,.F.);
#6530 = EDGE_CURVE('',#6531,#6506,#6533,.T.);
#6531 = VERTEX_POINT('',#6532);
#6532 = CARTESIAN_POINT('',(258.,245.,-15.));
#6533 = SURFACE_CURVE('',#6534,(#6544,#6557),.PCURVE_S1.);
#6534 = B_SPLINE_CURVE_WITH_KNOTS('',8,(#6535,#6536,#6537,#6538,#6539,
    #6540,#6541,#6542,#6543),.UNSPECIFIED.,.F.,.F.,(9,9),(4.712388980385
    ,6.28318530718),.PIECEWISE_BEZIER_KNOTS.);
#6535 = CARTESIAN_POINT('',(258.,245.,-15.));
#6536 = CARTESIAN_POINT('',(258.,247.55254403104,-15.));
#6537 = CARTESIAN_POINT('',(257.4272097435,250.10508886554,-15.));
#6538 = CARTESIAN_POINT('',(256.28163485633,252.50767204636,-15.));
#6539 = CARTESIAN_POINT('',(254.61036382513,254.61036382512,-15.));
#6540 = CARTESIAN_POINT('',(252.50767204635,256.28163485633,-15.));
#6541 = CARTESIAN_POINT('',(250.10508886555,257.42720974349,-15.));
#6542 = CARTESIAN_POINT('',(247.55254403104,258.,-15.));
#6543 = CARTESIAN_POINT('',(245.,258.,-15.));
#6544 = PCURVE('',#4358,#6545);
#6545 = DEFINITIONAL_REPRESENTATION('',(#6546),#6556);
#6546 = B_SPLINE_CURVE_WITH_KNOTS('',8,(#6547,#6548,#6549,#6550,#6551,
    #6552,#6553,#6554,#6555),.UNSPECIFIED.,.F.,.F.,(9,9),(4.712388980385
    ,6.28318530718),.PIECEWISE_BEZIER_KNOTS.);
#6547 = CARTESIAN_POINT('',(258.,115.));
#6548 = CARTESIAN_POINT('',(258.,117.55254403104));
#6549 = CARTESIAN_POINT('',(257.4272097435,120.10508886554));
#6550 = CARTESIAN_POINT('',(256.28163485633,122.50767204636));
#6551 = CARTESIAN_POINT('',(254.61036382513,124.61036382512));
#6552 = CARTESIAN_POINT('',(252.50767204635,126.28163485633));
#6553 = CARTESIAN_POINT('',(250.10508886555,127.42720974349));
#6554 = CARTESIAN_POINT('',(247.55254403104,128.));
#6555 = CARTESIAN_POINT('',(245.,128.));
#6556 = ( GEOMETRIC_REPRESENTATION_CONTEXT(2) 
PARAMETRIC_REPRESENTATION_CONTEXT() REPRESENTATION_CONTEXT('2D SPACE',''
  ) );
#6557 = PCURVE('',#6558,#6565);
#6558 = ( BOUNDED_SURFACE() B_SPLINE_SURFACE(2,1,(
    (#6559,#6560)
    ,(#6561,#6562)
    ,(#6563,#6564
)),.UNSPECIFIED.,.F.,.F.,.F.) B_SPLINE_SURFACE_WITH_KNOTS((3,3),(2,2),(
    0.,1.570796326795),(6.,15.),.PIECEWISE_BEZIER_KNOTS.) 
GEOMETRIC_REPRESENTATION_ITEM() RATIONAL_B_SPLINE_SURFACE((
    (1.,1.)
    ,(0.707106781187,0.707106781187)
,(1.,1.))) REPRESENTATION_ITEM('') SURFACE() );
#6559 = CARTESIAN_POINT('',(258.,245.,-6.));
#6560 = CARTESIAN_POINT('',(258.,245.,-15.));
#6561 = CARTESIAN_POINT('',(258.,258.,-6.));
#6562 = CARTESIAN_POINT('',(258.,258.,-15.));
#6563 = CARTESIAN_POINT('',(245.,258.,-6.));
#6564 = CARTESIAN_POINT('',(245.,258.,-15.));
#6565 = DEFINITIONAL_REPRESENTATION('',(#6566),#6579);
#6566 = B_SPLINE_CURVE_WITH_KNOTS('',6,(#6567,#6568,#6569,#6570,#6571,
    #6572,#6573,#6574,#6575,#6576,#6577,#6578),.UNSPECIFIED.,.F.,.F.,(7,
    5,7),(4.712388980385,5.497787143782,6.28318530718),.UNSPECIFIED.);
#6567 = CARTESIAN_POINT('',(-1.699846721753E-14,15.));
#6568 = CARTESIAN_POINT('',(0.145392652579,15.000000000004));
#6569 = CARTESIAN_POINT('',(0.281328410978,14.999999999994));
#6570 = CARTESIAN_POINT('',(0.411187802303,15.000000000017));
#6571 = CARTESIAN_POINT('',(0.537194906024,14.999999999989));
#6572 = CARTESIAN_POINT('',(0.661297781031,15.000000000004));
#6573 = CARTESIAN_POINT('',(0.909498545764,15.000000000003));
#6574 = CARTESIAN_POINT('',(1.033601420768,14.999999999991));
#6575 = CARTESIAN_POINT('',(1.159608524495,15.000000000006));
#6576 = CARTESIAN_POINT('',(1.289467915814,14.999999999994));
#6577 = CARTESIAN_POINT('',(1.425403674216,15.000000000003));
#6578 = CARTESIAN_POINT('',(1.570796326795,15.));
#6579 = ( GEOMETRIC_REPRESENTATION_CONTEXT(2) 
PARAMETRIC_REPRESENTATION_CONTEXT() REPRESENTATION_CONTEXT('2D SPACE',''
  ) );
#6580 = ORIENTED_EDGE('',*,*,#6581,.T.);
#6581 = EDGE_CURVE('',#6531,#6582,#6584,.T.);
#6582 = VERTEX_POINT('',#6583);
#6583 = CARTESIAN_POINT('',(258.,15.,-15.));
#6584 = SURFACE_CURVE('',#6585,(#6588,#6594),.PCURVE_S1.);
#6585 = B_SPLINE_CURVE_WITH_KNOTS('',1,(#6586,#6587),.UNSPECIFIED.,.F.,
  .F.,(2,2),(15.,245.),.PIECEWISE_BEZIER_KNOTS.);
#6586 = CARTESIAN_POINT('',(258.,245.,-15.));
#6587 = CARTESIAN_POINT('',(258.,15.,-15.));
#6588 = PCURVE('',#4358,#6589);
#6589 = DEFINITIONAL_REPRESENTATION('',(#6590),#6593);
#6590 = B_SPLINE_CURVE_WITH_KNOTS('',1,(#6591,#6592),.UNSPECIFIED.,.F.,
  .F.,(2,2),(15.,245.),.PIECEWISE_BEZIER_KNOTS.);
#6591 = CARTESIAN_POINT('',(258.,115.));
#6592 = CARTESIAN_POINT('',(258.,-115.));
#6593 = ( GEOMETRIC_REPRESENTATION_CONTEXT(2) 
PARAMETRIC_REPRESENTATION_CONTEXT() REPRESENTATION_CONTEXT('2D SPACE',''
  ) );
#6594 = PCURVE('',#6595,#6600);
#6595 = B_SPLINE_SURFACE_WITH_KNOTS('',1,1,(
    (#6596,#6597)
    ,(#6598,#6599
    )),.UNSPECIFIED.,.F.,.F.,.F.,(2,2),(2,2),(6.,15.),(-245.,-15.),
  .PIECEWISE_BEZIER_KNOTS.);
#6596 = CARTESIAN_POINT('',(258.,15.,-6.));
#6597 = CARTESIAN_POINT('',(258.,245.,-6.));
#6598 = CARTESIAN_POINT('',(258.,15.,-15.));
#6599 = CARTESIAN_POINT('',(258.,245.,-15.));
#6600 = DEFINITIONAL_REPRESENTATION('',(#6601),#6604);
#6601 = B_SPLINE_CURVE_WITH_KNOTS('',1,(#6602,#6603),.UNSPECIFIED.,.F.,
  .F.,(2,2),(15.,245.),.PIECEWISE_BEZIER_KNOTS.);
#6602 = CARTESIAN_POINT('',(15.,-15.));
#6603 = CARTESIAN_POINT('',(15.,-245.));
#6604 = ( GEOMETRIC_REPRESENTATION_CONTEXT(2) 
PARAMETRIC_REPRESENTATION_CONTEXT() REPRESENTATION_CONTEXT('2D SPACE',''
  ) );
#6605 = ORIENTED_EDGE('',*,*,#6606,.T.);
#6606 = EDGE_CURVE('',#6582,#6607,#6609,.T.);
#6607 = VERTEX_POINT('',#6608);
#6608 = CARTESIAN_POINT('',(245.,2.,-15.));
#6609 = SURFACE_CURVE('',#6610,(#6620,#6633),.PCURVE_S1.);
#6610 = B_SPLINE_CURVE_WITH_KNOTS('',8,(#6611,#6612,#6613,#6614,#6615,
    #6616,#6617,#6618,#6619),.UNSPECIFIED.,.F.,.F.,(9,9),(1.570796326795
    ,3.14159265359),.PIECEWISE_BEZIER_KNOTS.);
#6611 = CARTESIAN_POINT('',(258.,15.,-15.));
#6612 = CARTESIAN_POINT('',(258.,12.447455968958,-15.));
#6613 = CARTESIAN_POINT('',(257.42720974349,9.894911134445,-15.));
#6614 = CARTESIAN_POINT('',(256.28163485634,7.492327953644,-15.));
#6615 = CARTESIAN_POINT('',(254.61036382512,5.389636174861,
    -14.99999999999));
#6616 = CARTESIAN_POINT('',(252.50767204637,3.718365143671,-15.));
#6617 = CARTESIAN_POINT('',(250.10508886554,2.572790256496,-15.));
#6618 = CARTESIAN_POINT('',(247.55254403104,2.,-15.));
#6619 = CARTESIAN_POINT('',(245.,2.,-15.));
#6620 = PCURVE('',#4358,#6621);
#6621 = DEFINITIONAL_REPRESENTATION('',(#6622),#6632);
#6622 = B_SPLINE_CURVE_WITH_KNOTS('',8,(#6623,#6624,#6625,#6626,#6627,
    #6628,#6629,#6630,#6631),.UNSPECIFIED.,.F.,.F.,(9,9),(1.570796326795
    ,3.14159265359),.PIECEWISE_BEZIER_KNOTS.);
#6623 = CARTESIAN_POINT('',(258.,-115.));
#6624 = CARTESIAN_POINT('',(258.,-117.552544031));
#6625 = CARTESIAN_POINT('',(257.42720974349,-120.1050888655));
#6626 = CARTESIAN_POINT('',(256.28163485634,-122.5076720463));
#6627 = CARTESIAN_POINT('',(254.61036382512,-124.6103638251));
#6628 = CARTESIAN_POINT('',(252.50767204637,-126.2816348563));
#6629 = CARTESIAN_POINT('',(250.10508886554,-127.4272097435));
#6630 = CARTESIAN_POINT('',(247.55254403104,-128.));
#6631 = CARTESIAN_POINT('',(245.,-128.));
#6632 = ( GEOMETRIC_REPRESENTATION_CONTEXT(2) 
PARAMETRIC_REPRESENTATION_CONTEXT() REPRESENTATION_CONTEXT('2D SPACE',''
  ) );
#6633 = PCURVE('',#6634,#6641);
#6634 = ( BOUNDED_SURFACE() B_SPLINE_SURFACE(2,1,(
    (#6635,#6636)
    ,(#6637,#6638)
    ,(#6639,#6640
)),.UNSPECIFIED.,.F.,.F.,.F.) B_SPLINE_SURFACE_WITH_KNOTS((3,3),(2,2),(
    0.,1.570796326795),(6.,15.),.PIECEWISE_BEZIER_KNOTS.) 
GEOMETRIC_REPRESENTATION_ITEM() RATIONAL_B_SPLINE_SURFACE((
    (1.,1.)
    ,(0.707106781187,0.707106781187)
,(1.,1.))) REPRESENTATION_ITEM('') SURFACE() );
#6635 = CARTESIAN_POINT('',(258.,15.,-6.));
#6636 = CARTESIAN_POINT('',(258.,15.,-15.));
#6637 = CARTESIAN_POINT('',(258.,2.,-6.));
#6638 = CARTESIAN_POINT('',(258.,2.,-15.));
#6639 = CARTESIAN_POINT('',(245.,2.,-6.));
#6640 = CARTESIAN_POINT('',(245.,2.,-15.));
#6641 = DEFINITIONAL_REPRESENTATION('',(#6642),#6655);
#6642 = B_SPLINE_CURVE_WITH_KNOTS('',6,(#6643,#6644,#6645,#6646,#6647,
    #6648,#6649,#6650,#6651,#6652,#6653,#6654),.UNSPECIFIED.,.F.,.F.,(7,
    5,7),(1.570796326795,2.356194490192,3.14159265359),.UNSPECIFIED.);
#6643 = CARTESIAN_POINT('',(4.159801793712E-15,15.));
#6644 = CARTESIAN_POINT('',(0.145392652579,15.000000000001));
#6645 = CARTESIAN_POINT('',(0.281328410979,14.999999999996));
#6646 = CARTESIAN_POINT('',(0.411187802303,14.999999999999));
#6647 = CARTESIAN_POINT('',(0.537194906024,14.999999999995));
#6648 = CARTESIAN_POINT('',(0.661297781031,15.000000000002));
#6649 = CARTESIAN_POINT('',(0.909498545764,14.999999999999));
#6650 = CARTESIAN_POINT('',(1.033601420771,15.000000000006));
#6651 = CARTESIAN_POINT('',(1.159608524491,14.999999999991));
#6652 = CARTESIAN_POINT('',(1.289467915817,15.000000000005));
#6653 = CARTESIAN_POINT('',(1.425403674216,15.));
#6654 = CARTESIAN_POINT('',(1.570796326795,15.));
#6655 = ( GEOMETRIC_REPRESENTATION_CONTEXT(2) 
PARAMETRIC_REPRESENTATION_CONTEXT() REPRESENTATION_CONTEXT('2D SPACE',''
  ) );
#6656 = ORIENTED_EDGE('',*,*,#6657,.F.);
#6657 = EDGE_CURVE('',#6658,#6607,#6660,.T.);
#6658 = VERTEX_POINT('',#6659);
#6659 = CARTESIAN_POINT('',(15.,2.,-15.));
#6660 = SURFACE_CURVE('',#6661,(#6664,#6670),.PCURVE_S1.);
#6661 = B_SPLINE_CURVE_WITH_KNOTS('',1,(#6662,#6663),.UNSPECIFIED.,.F.,
  .F.,(2,2),(15.,245.),.PIECEWISE_BEZIER_KNOTS.);
#6662 = CARTESIAN_POINT('',(15.,2.,-15.));
#6663 = CARTESIAN_POINT('',(245.,2.,-15.));
#6664 = PCURVE('',#4358,#6665);
#6665 = DEFINITIONAL_REPRESENTATION('',(#6666),#6669);
#6666 = B_SPLINE_CURVE_WITH_KNOTS('',1,(#6667,#6668),.UNSPECIFIED.,.F.,
  .F.,(2,2),(15.,245.),.PIECEWISE_BEZIER_KNOTS.);
#6667 = CARTESIAN_POINT('',(15.,-128.));
#6668 = CARTESIAN_POINT('',(245.,-128.));
#6669 = ( GEOMETRIC_REPRESENTATION_CONTEXT(2) 
PARAMETRIC_REPRESENTATION_CONTEXT() REPRESENTATION_CONTEXT('2D SPACE',''
  ) );
#6670 = PCURVE('',#6671,#6676);
#6671 = B_SPLINE_SURFACE_WITH_KNOTS('',1,1,(
    (#6672,#6673)
    ,(#6674,#6675
    )),.UNSPECIFIED.,.F.,.F.,.F.,(2,2),(2,2),(6.,15.),(15.,245.),
  .PIECEWISE_BEZIER_KNOTS.);
#6672 = CARTESIAN_POINT('',(15.,2.,-6.));
#6673 = CARTESIAN_POINT('',(245.,2.,-6.));
#6674 = CARTESIAN_POINT('',(15.,2.,-15.));
#6675 = CARTESIAN_POINT('',(245.,2.,-15.));
#6676 = DEFINITIONAL_REPRESENTATION('',(#6677),#6680);
#6677 = B_SPLINE_CURVE_WITH_KNOTS('',1,(#6678,#6679),.UNSPECIFIED.,.F.,
  .F.,(2,2),(15.,245.),.PIECEWISE_BEZIER_KNOTS.);
#6678 = CARTESIAN_POINT('',(15.,15.));
#6679 = CARTESIAN_POINT('',(15.,245.));
#6680 = ( GEOMETRIC_REPRESENTATION_CONTEXT(2) 
PARAMETRIC_REPRESENTATION_CONTEXT() REPRESENTATION_CONTEXT('2D SPACE',''
  ) );
#6681 = ORIENTED_EDGE('',*,*,#6682,.F.);
#6682 = EDGE_CURVE('',#6430,#6658,#6683,.T.);
#6683 = SURFACE_CURVE('',#6684,(#6694,#6707),.PCURVE_S1.);
#6684 = B_SPLINE_CURVE_WITH_KNOTS('',8,(#6685,#6686,#6687,#6688,#6689,
    #6690,#6691,#6692,#6693),.UNSPECIFIED.,.F.,.F.,(9,9),(1.570796326795
    ,3.14159265359),.PIECEWISE_BEZIER_KNOTS.);
#6685 = CARTESIAN_POINT('',(2.,15.,-15.));
#6686 = CARTESIAN_POINT('',(2.,12.447455968958,-15.));
#6687 = CARTESIAN_POINT('',(2.572790256495,9.894911134445,-15.));
#6688 = CARTESIAN_POINT('',(3.718365143672,7.492327953644,-15.));
#6689 = CARTESIAN_POINT('',(5.389636174861,5.389636174861,
    -14.99999999999));
#6690 = CARTESIAN_POINT('',(7.492327953645,3.718365143672,-15.));
#6691 = CARTESIAN_POINT('',(9.894911134445,2.572790256496,-15.));
#6692 = CARTESIAN_POINT('',(12.447455968958,2.,-15.));
#6693 = CARTESIAN_POINT('',(15.,2.,-15.));
#6694 = PCURVE('',#4358,#6695);
#6695 = DEFINITIONAL_REPRESENTATION('',(#6696),#6706);
#6696 = B_SPLINE_CURVE_WITH_KNOTS('',8,(#6697,#6698,#6699,#6700,#6701,
    #6702,#6703,#6704,#6705),.UNSPECIFIED.,.F.,.F.,(9,9),(1.570796326795
    ,3.14159265359),.PIECEWISE_BEZIER_KNOTS.);
#6697 = CARTESIAN_POINT('',(2.,-115.));
#6698 = CARTESIAN_POINT('',(2.,-117.552544031));
#6699 = CARTESIAN_POINT('',(2.572790256495,-120.1050888655));
#6700 = CARTESIAN_POINT('',(3.718365143672,-122.5076720463));
#6701 = CARTESIAN_POINT('',(5.389636174861,-124.6103638251));
#6702 = CARTESIAN_POINT('',(7.492327953645,-126.2816348563));
#6703 = CARTESIAN_POINT('',(9.894911134445,-127.4272097435));
#6704 = CARTESIAN_POINT('',(12.447455968958,-128.));
#6705 = CARTESIAN_POINT('',(15.,-128.));
#6706 = ( GEOMETRIC_REPRESENTATION_CONTEXT(2) 
PARAMETRIC_REPRESENTATION_CONTEXT() REPRESENTATION_CONTEXT('2D SPACE',''
  ) );
#6707 = PCURVE('',#6708,#6715);
#6708 = ( BOUNDED_SURFACE() B_SPLINE_SURFACE(2,1,(
    (#6709,#6710)
    ,(#6711,#6712)
    ,(#6713,#6714
)),.UNSPECIFIED.,.F.,.F.,.F.) B_SPLINE_SURFACE_WITH_KNOTS((3,3),(2,2),(
    0.,1.570796326795),(6.,15.),.PIECEWISE_BEZIER_KNOTS.) 
GEOMETRIC_REPRESENTATION_ITEM() RATIONAL_B_SPLINE_SURFACE((
    (1.,1.)
    ,(0.707106781187,0.707106781187)
,(1.,1.))) REPRESENTATION_ITEM('') SURFACE() );
#6709 = CARTESIAN_POINT('',(2.,15.,-6.));
#6710 = CARTESIAN_POINT('',(2.,15.,-15.));
#6711 = CARTESIAN_POINT('',(2.,2.,-6.));
#6712 = CARTESIAN_POINT('',(2.,2.,-15.));
#6713 = CARTESIAN_POINT('',(15.,2.,-6.));
#6714 = CARTESIAN_POINT('',(15.,2.,-15.));
#6715 = DEFINITIONAL_REPRESENTATION('',(#6716),#6729);
#6716 = B_SPLINE_CURVE_WITH_KNOTS('',6,(#6717,#6718,#6719,#6720,#6721,
    #6722,#6723,#6724,#6725,#6726,#6727,#6728),.UNSPECIFIED.,.F.,.F.,(7,
    5,7),(1.570796326795,2.356194490192,3.14159265359),.UNSPECIFIED.);
#6717 = CARTESIAN_POINT('',(4.463345851168E-15,15.));
#6718 = CARTESIAN_POINT('',(0.145392652579,15.000000000003));
#6719 = CARTESIAN_POINT('',(0.281328410978,14.999999999996));
#6720 = CARTESIAN_POINT('',(0.411187802303,15.000000000014));
#6721 = CARTESIAN_POINT('',(0.537194906024,14.999999999992));
#6722 = CARTESIAN_POINT('',(0.661297781031,15.000000000003));
#6723 = CARTESIAN_POINT('',(0.909498545764,14.999999999997));
#6724 = CARTESIAN_POINT('',(1.033601420768,15.00000000002));
#6725 = CARTESIAN_POINT('',(1.159608524495,14.99999999998));
#6726 = CARTESIAN_POINT('',(1.289467915814,15.00000000002));
#6727 = CARTESIAN_POINT('',(1.425403674216,14.999999999998));
#6728 = CARTESIAN_POINT('',(1.570796326795,15.));
#6729 = ( GEOMETRIC_REPRESENTATION_CONTEXT(2) 
PARAMETRIC_REPRESENTATION_CONTEXT() REPRESENTATION_CONTEXT('2D SPACE',''
  ) );
#6730 = FACE_BOUND('',#6731,.F.);
#6731 = EDGE_LOOP('',(#6732,#6733,#6734,#6735,#6736,#6737,#6738,#6739));
#6732 = ORIENTED_EDGE('',*,*,#4346,.T.);
#6733 = ORIENTED_EDGE('',*,*,#4709,.T.);
#6734 = ORIENTED_EDGE('',*,*,#4685,.T.);
#6735 = ORIENTED_EDGE('',*,*,#4617,.F.);
#6736 = ORIENTED_EDGE('',*,*,#4575,.F.);
#6737 = ORIENTED_EDGE('',*,*,#4485,.T.);
#6738 = ORIENTED_EDGE('',*,*,#4441,.F.);
#6739 = ORIENTED_EDGE('',*,*,#4393,.F.);
#6740 = ADVANCED_FACE('',(#6741),#4772,.T.);
#6741 = FACE_BOUND('',#6742,.T.);
#6742 = EDGE_LOOP('',(#6743,#6792,#6793,#6842));
#6743 = ORIENTED_EDGE('',*,*,#6744,.T.);
#6744 = EDGE_CURVE('',#6745,#4757,#6747,.T.);
#6745 = VERTEX_POINT('',#6746);
#6746 = CARTESIAN_POINT('',(2.,245.,-6.));
#6747 = SURFACE_CURVE('',#6748,(#6758,#6774),.PCURVE_S1.);
#6748 = B_SPLINE_CURVE_WITH_KNOTS('',8,(#6749,#6750,#6751,#6752,#6753,
    #6754,#6755,#6756,#6757),.UNSPECIFIED.,.F.,.F.,(9,9),(0.,
    1.570796326795),.PIECEWISE_BEZIER_KNOTS.);
#6749 = CARTESIAN_POINT('',(2.,245.,-6.));
#6750 = CARTESIAN_POINT('',(2.,245.,-5.214601836603));
#6751 = CARTESIAN_POINT('',(2.176243155845,244.99999999999,
    -4.429203425983));
#6752 = CARTESIAN_POINT('',(2.528727736514,245.,-3.68994706266));
#6753 = CARTESIAN_POINT('',(3.04296497688,244.99999999999,-3.04296497688
    ));
#6754 = CARTESIAN_POINT('',(3.68994706266,245.,-2.528727736514));
#6755 = CARTESIAN_POINT('',(4.429203425983,244.99999999999,
    -2.176243155845));
#6756 = CARTESIAN_POINT('',(5.214601836603,245.,-2.));
#6757 = CARTESIAN_POINT('',(6.,245.,-2.));
#6758 = PCURVE('',#4772,#6759);
#6759 = DEFINITIONAL_REPRESENTATION('',(#6760),#6773);
#6760 = B_SPLINE_CURVE_WITH_KNOTS('',6,(#6761,#6762,#6763,#6764,#6765,
    #6766,#6767,#6768,#6769,#6770,#6771,#6772),.UNSPECIFIED.,.F.,.F.,(7,
    5,7),(0.,0.785398163397,1.570796326795),.UNSPECIFIED.);
#6761 = CARTESIAN_POINT('',(4.932590933658E-16,5.229458395263E-30));
#6762 = CARTESIAN_POINT('',(0.145392652579,-2.235287176042E-13));
#6763 = CARTESIAN_POINT('',(0.28132841098,4.362657218341E-13));
#6764 = CARTESIAN_POINT('',(0.411187802302,-1.832803301538E-13));
#6765 = CARTESIAN_POINT('',(0.537194906025,-8.69990936182E-14));
#6766 = CARTESIAN_POINT('',(0.661297781031,4.925247844504E-14));
#6767 = CARTESIAN_POINT('',(0.909498545764,7.559277673626E-14));
#6768 = CARTESIAN_POINT('',(1.033601420769,-2.171238748533E-13));
#6769 = CARTESIAN_POINT('',(1.159608524495,6.512496777014E-14));
#6770 = CARTESIAN_POINT('',(1.289467915814,2.403474132653E-13));
#6771 = CARTESIAN_POINT('',(1.425403674216,-2.189786089952E-13));
#6772 = CARTESIAN_POINT('',(1.570796326795,0.));
#6773 = ( GEOMETRIC_REPRESENTATION_CONTEXT(2) 
PARAMETRIC_REPRESENTATION_CONTEXT() REPRESENTATION_CONTEXT('2D SPACE',''
  ) );
#6774 = PCURVE('',#4814,#6775);
#6775 = DEFINITIONAL_REPRESENTATION('',(#6776),#6791);
#6776 = B_SPLINE_CURVE_WITH_KNOTS('',7,(#6777,#6778,#6779,#6780,#6781,
    #6782,#6783,#6784,#6785,#6786,#6787,#6788,#6789,#6790),
  .UNSPECIFIED.,.F.,.F.,(8,6,8),(0.,0.785398163397,1.570796326795),
  .UNSPECIFIED.);
#6777 = CARTESIAN_POINT('',(1.570796326795,4.932590933658E-16));
#6778 = CARTESIAN_POINT('',(1.570796326797,0.124622553385));
#6779 = CARTESIAN_POINT('',(1.570796326793,0.242488246688));
#6780 = CARTESIAN_POINT('',(1.570796326795,0.355536509975));
#6781 = CARTESIAN_POINT('',(1.57079632679,0.465188113418));
#6782 = CARTESIAN_POINT('',(1.570796326793,0.572654247739));
#6783 = CARTESIAN_POINT('',(1.570796326798,0.679026126894));
#6784 = CARTESIAN_POINT('',(1.5707963268,0.891770199903));
#6785 = CARTESIAN_POINT('',(1.570796326779,0.998142079052));
#6786 = CARTESIAN_POINT('',(1.57079632682,1.105608213373));
#6787 = CARTESIAN_POINT('',(1.570796326762,1.215259816806));
#6788 = CARTESIAN_POINT('',(1.570796326811,1.328308080108));
#6789 = CARTESIAN_POINT('',(1.570796326795,1.446173773412));
#6790 = CARTESIAN_POINT('',(1.570796326795,1.570796326795));
#6791 = ( GEOMETRIC_REPRESENTATION_CONTEXT(2) 
PARAMETRIC_REPRESENTATION_CONTEXT() REPRESENTATION_CONTEXT('2D SPACE',''
  ) );
#6792 = ORIENTED_EDGE('',*,*,#4756,.T.);
#6793 = ORIENTED_EDGE('',*,*,#6794,.F.);
#6794 = EDGE_CURVE('',#6795,#4759,#6797,.T.);
#6795 = VERTEX_POINT('',#6796);
#6796 = CARTESIAN_POINT('',(2.,15.,-6.));
#6797 = SURFACE_CURVE('',#6798,(#6808,#6824),.PCURVE_S1.);
#6798 = B_SPLINE_CURVE_WITH_KNOTS('',8,(#6799,#6800,#6801,#6802,#6803,
    #6804,#6805,#6806,#6807),.UNSPECIFIED.,.F.,.F.,(9,9),(0.,
    1.570796326795),.PIECEWISE_BEZIER_KNOTS.);
#6799 = CARTESIAN_POINT('',(2.,15.,-6.));
#6800 = CARTESIAN_POINT('',(2.,15.,-5.214601836603));
#6801 = CARTESIAN_POINT('',(2.176243155845,15.,-4.429203425983));
#6802 = CARTESIAN_POINT('',(2.528727736514,15.,-3.68994706266));
#6803 = CARTESIAN_POINT('',(3.04296497688,15.,-3.04296497688));
#6804 = CARTESIAN_POINT('',(3.68994706266,15.,-2.528727736514));
#6805 = CARTESIAN_POINT('',(4.429203425983,15.,-2.176243155845));
#6806 = CARTESIAN_POINT('',(5.214601836603,15.,-2.));
#6807 = CARTESIAN_POINT('',(6.,15.,-2.));
#6808 = PCURVE('',#4772,#6809);
#6809 = DEFINITIONAL_REPRESENTATION('',(#6810),#6823);
#6810 = B_SPLINE_CURVE_WITH_KNOTS('',6,(#6811,#6812,#6813,#6814,#6815,
    #6816,#6817,#6818,#6819,#6820,#6821,#6822),.UNSPECIFIED.,.F.,.F.,(7,
    5,7),(0.,0.785398163397,1.570796326795),.UNSPECIFIED.);
#6811 = CARTESIAN_POINT('',(4.932590933658E-16,230.));
#6812 = CARTESIAN_POINT('',(0.145392652579,230.00000000003));
#6813 = CARTESIAN_POINT('',(0.281328410979,229.9999999998));
#6814 = CARTESIAN_POINT('',(0.411187802303,230.00000000019));
#6815 = CARTESIAN_POINT('',(0.537194906024,229.99999999981));
#6816 = CARTESIAN_POINT('',(0.661297781031,230.00000000003));
#6817 = CARTESIAN_POINT('',(0.909498545764,230.00000000006));
#6818 = CARTESIAN_POINT('',(1.033601420769,229.99999999968));
#6819 = CARTESIAN_POINT('',(1.159608524495,230.00000000042));
#6820 = CARTESIAN_POINT('',(1.289467915814,229.9999999997));
#6821 = CARTESIAN_POINT('',(1.425403674216,230.00000000009));
#6822 = CARTESIAN_POINT('',(1.570796326795,230.));
#6823 = ( GEOMETRIC_REPRESENTATION_CONTEXT(2) 
PARAMETRIC_REPRESENTATION_CONTEXT() REPRESENTATION_CONTEXT('2D SPACE',''
  ) );
#6824 = PCURVE('',#5006,#6825);
#6825 = DEFINITIONAL_REPRESENTATION('',(#6826),#6841);
#6826 = B_SPLINE_CURVE_WITH_KNOTS('',7,(#6827,#6828,#6829,#6830,#6831,
    #6832,#6833,#6834,#6835,#6836,#6837,#6838,#6839,#6840),
  .UNSPECIFIED.,.F.,.F.,(8,6,8),(0.,0.785398163397,1.570796326795),
  .UNSPECIFIED.);
#6827 = CARTESIAN_POINT('',(0.,0.));
#6828 = CARTESIAN_POINT('',(-9.867755597578E-16,0.124622553384));
#6829 = CARTESIAN_POINT('',(-1.261406592327E-15,0.242488246692));
#6830 = CARTESIAN_POINT('',(7.375410390915E-15,0.355536509971));
#6831 = CARTESIAN_POINT('',(-6.648396549865E-15,0.465188113419));
#6832 = CARTESIAN_POINT('',(2.170525153006E-15,0.572654247738));
#6833 = CARTESIAN_POINT('',(-1.23105775398E-16,0.679026126895));
#6834 = CARTESIAN_POINT('',(-1.834752372571E-16,0.891770199901));
#6835 = CARTESIAN_POINT('',(5.022242282667E-15,0.998142079064));
#6836 = CARTESIAN_POINT('',(-1.330600025818E-14,1.105608213363));
#6837 = CARTESIAN_POINT('',(1.609353921111E-14,1.215259816831));
#6838 = CARTESIAN_POINT('',(-8.385620572668E-15,1.3283080801));
#6839 = CARTESIAN_POINT('',(7.246522674398E-16,1.446173773413));
#6840 = CARTESIAN_POINT('',(2.192262637181E-16,1.570796326795));
#6841 = ( GEOMETRIC_REPRESENTATION_CONTEXT(2) 
PARAMETRIC_REPRESENTATION_CONTEXT() REPRESENTATION_CONTEXT('2D SPACE',''
  ) );
#6842 = ORIENTED_EDGE('',*,*,#6843,.F.);
#6843 = EDGE_CURVE('',#6745,#6795,#6844,.T.);
#6844 = SURFACE_CURVE('',#6845,(#6848,#6855),.PCURVE_S1.);
#6845 = B_SPLINE_CURVE_WITH_KNOTS('',1,(#6846,#6847),.UNSPECIFIED.,.F.,
  .F.,(2,2),(-0.,230.),.PIECEWISE_BEZIER_KNOTS.);
#6846 = CARTESIAN_POINT('',(2.,245.,-6.));
#6847 = CARTESIAN_POINT('',(2.,15.,-6.));
#6848 = PCURVE('',#4772,#6849);
#6849 = DEFINITIONAL_REPRESENTATION('',(#6850),#6854);
#6850 = B_SPLINE_CURVE_WITH_KNOTS('',2,(#6851,#6852,#6853),
  .UNSPECIFIED.,.F.,.F.,(3,3),(-0.,230.),.PIECEWISE_BEZIER_KNOTS.);
#6851 = CARTESIAN_POINT('',(0.,0.));
#6852 = CARTESIAN_POINT('',(7.964318336601E-17,115.));
#6853 = CARTESIAN_POINT('',(0.,230.));
#6854 = ( GEOMETRIC_REPRESENTATION_CONTEXT(2) 
PARAMETRIC_REPRESENTATION_CONTEXT() REPRESENTATION_CONTEXT('2D SPACE',''
  ) );
#6855 = PCURVE('',#6443,#6856);
#6856 = DEFINITIONAL_REPRESENTATION('',(#6857),#6860);
#6857 = B_SPLINE_CURVE_WITH_KNOTS('',1,(#6858,#6859),.UNSPECIFIED.,.F.,
  .F.,(2,2),(-0.,230.),.PIECEWISE_BEZIER_KNOTS.);
#6858 = CARTESIAN_POINT('',(6.,-15.));
#6859 = CARTESIAN_POINT('',(6.,-245.));
#6860 = ( GEOMETRIC_REPRESENTATION_CONTEXT(2) 
PARAMETRIC_REPRESENTATION_CONTEXT() REPRESENTATION_CONTEXT('2D SPACE',''
  ) );
#6861 = ADVANCED_FACE('',(#6862),#4814,.F.);
#6862 = FACE_BOUND('',#6863,.F.);
#6863 = EDGE_LOOP('',(#6864,#6913,#6960,#6961));
#6864 = ORIENTED_EDGE('',*,*,#6865,.F.);
#6865 = EDGE_CURVE('',#6866,#4787,#6868,.T.);
#6866 = VERTEX_POINT('',#6867);
#6867 = CARTESIAN_POINT('',(15.,258.,-6.));
#6868 = SURFACE_CURVE('',#6869,(#6879,#6897),.PCURVE_S1.);
#6869 = B_SPLINE_CURVE_WITH_KNOTS('',8,(#6870,#6871,#6872,#6873,#6874,
    #6875,#6876,#6877,#6878),.UNSPECIFIED.,.F.,.F.,(9,9),(0.,
    1.570796326795),.PIECEWISE_BEZIER_KNOTS.);
#6870 = CARTESIAN_POINT('',(15.,258.,-6.));
#6871 = CARTESIAN_POINT('',(15.,258.,-5.214601836603));
#6872 = CARTESIAN_POINT('',(15.,257.82375684415,-4.429203425983));
#6873 = CARTESIAN_POINT('',(15.,257.47127226348,-3.68994706266));
#6874 = CARTESIAN_POINT('',(15.,256.95703502311,-3.04296497688));
#6875 = CARTESIAN_POINT('',(15.,256.31005293734,-2.528727736514));
#6876 = CARTESIAN_POINT('',(15.,255.57079657401,-2.176243155845));
#6877 = CARTESIAN_POINT('',(15.,254.78539816339,-2.));
#6878 = CARTESIAN_POINT('',(15.,254.,-2.));
#6879 = PCURVE('',#4814,#6880);
#6880 = DEFINITIONAL_REPRESENTATION('',(#6881),#6896);
#6881 = B_SPLINE_CURVE_WITH_KNOTS('',7,(#6882,#6883,#6884,#6885,#6886,
    #6887,#6888,#6889,#6890,#6891,#6892,#6893,#6894,#6895),
  .UNSPECIFIED.,.F.,.F.,(8,6,8),(0.,0.785398163397,1.570796326795),
  .UNSPECIFIED.);
#6882 = CARTESIAN_POINT('',(-2.22044604925E-16,0.));
#6883 = CARTESIAN_POINT('',(-1.411356332107E-15,0.124622553383));
#6884 = CARTESIAN_POINT('',(1.40764759332E-15,0.242488246692));
#6885 = CARTESIAN_POINT('',(-1.443635395775E-15,0.355536509965));
#6886 = CARTESIAN_POINT('',(4.179965470964E-16,0.465188113424));
#6887 = CARTESIAN_POINT('',(-8.709735155402E-16,0.572654247736));
#6888 = CARTESIAN_POINT('',(-8.362558573861E-17,0.679026126895));
#6889 = CARTESIAN_POINT('',(-1.073174647627E-15,0.891770199903));
#6890 = CARTESIAN_POINT('',(2.517320980204E-15,0.998142079053));
#6891 = CARTESIAN_POINT('',(-5.723026227448E-15,1.10560821337));
#6892 = CARTESIAN_POINT('',(5.470022049202E-15,1.215259816816));
#6893 = CARTESIAN_POINT('',(-2.416344459392E-15,1.328308080108));
#6894 = CARTESIAN_POINT('',(2.997632843873E-16,1.446173773412));
#6895 = CARTESIAN_POINT('',(-2.22044604925E-16,1.570796326795));
#6896 = ( GEOMETRIC_REPRESENTATION_CONTEXT(2) 
PARAMETRIC_REPRESENTATION_CONTEXT() REPRESENTATION_CONTEXT('2D SPACE',''
  ) );
#6897 = PCURVE('',#4856,#6898);
#6898 = DEFINITIONAL_REPRESENTATION('',(#6899),#6912);
#6899 = B_SPLINE_CURVE_WITH_KNOTS('',6,(#6900,#6901,#6902,#6903,#6904,
    #6905,#6906,#6907,#6908,#6909,#6910,#6911),.UNSPECIFIED.,.F.,.F.,(7,
    5,7),(0.,0.785398163397,1.570796326795),.UNSPECIFIED.);
#6900 = CARTESIAN_POINT('',(-2.466295466828E-16,230.));
#6901 = CARTESIAN_POINT('',(0.145392652579,230.00000000003));
#6902 = CARTESIAN_POINT('',(0.281328410979,229.9999999998));
#6903 = CARTESIAN_POINT('',(0.411187802303,230.00000000019));
#6904 = CARTESIAN_POINT('',(0.537194906024,229.99999999981));
#6905 = CARTESIAN_POINT('',(0.661297781031,230.00000000003));
#6906 = CARTESIAN_POINT('',(0.909498545764,230.00000000006));
#6907 = CARTESIAN_POINT('',(1.03360142077,229.99999999968));
#6908 = CARTESIAN_POINT('',(1.159608524492,230.00000000042));
#6909 = CARTESIAN_POINT('',(1.289467915815,229.9999999997));
#6910 = CARTESIAN_POINT('',(1.425403674216,230.00000000009));
#6911 = CARTESIAN_POINT('',(1.570796326795,230.));
#6912 = ( GEOMETRIC_REPRESENTATION_CONTEXT(2) 
PARAMETRIC_REPRESENTATION_CONTEXT() REPRESENTATION_CONTEXT('2D SPACE',''
  ) );
#6913 = ORIENTED_EDGE('',*,*,#6914,.T.);
#6914 = EDGE_CURVE('',#6866,#6745,#6915,.T.);
#6915 = SURFACE_CURVE('',#6916,(#6926,#6944),.PCURVE_S1.);
#6916 = B_SPLINE_CURVE_WITH_KNOTS('',8,(#6917,#6918,#6919,#6920,#6921,
    #6922,#6923,#6924,#6925),.UNSPECIFIED.,.F.,.F.,(9,9),(
    -2.22044604925E-16,1.570796326795),.PIECEWISE_BEZIER_KNOTS.);
#6917 = CARTESIAN_POINT('',(15.,258.,-6.));
#6918 = CARTESIAN_POINT('',(12.447455968958,258.,-6.));
#6919 = CARTESIAN_POINT('',(9.894911134445,257.4272097435,-6.));
#6920 = CARTESIAN_POINT('',(7.492327953644,256.28163485633,-6.));
#6921 = CARTESIAN_POINT('',(5.389636174861,254.61036382513,-6.));
#6922 = CARTESIAN_POINT('',(3.718365143671,252.50767204636,-6.));
#6923 = CARTESIAN_POINT('',(2.572790256496,250.10508886555,-6.));
#6924 = CARTESIAN_POINT('',(2.,247.55254403104,-6.));
#6925 = CARTESIAN_POINT('',(2.,245.,-6.));
#6926 = PCURVE('',#4814,#6927);
#6927 = DEFINITIONAL_REPRESENTATION('',(#6928),#6943);
#6928 = B_SPLINE_CURVE_WITH_KNOTS('',7,(#6929,#6930,#6931,#6932,#6933,
    #6934,#6935,#6936,#6937,#6938,#6939,#6940,#6941,#6942),
  .UNSPECIFIED.,.F.,.F.,(8,6,8),(-2.22044604925E-16,0.785398163397,
    1.570796326795),.UNSPECIFIED.);
#6929 = CARTESIAN_POINT('',(-2.22044604925E-16,0.));
#6930 = CARTESIAN_POINT('',(0.124622553383,-2.880751022344E-15));
#6931 = CARTESIAN_POINT('',(0.242488246694,4.470953210096E-15));
#6932 = CARTESIAN_POINT('',(0.355536509964,-2.666139855625E-15));
#6933 = CARTESIAN_POINT('',(0.465188113429,-2.185777093127E-15));
#6934 = CARTESIAN_POINT('',(0.572654247733,-2.197703089301E-16));
#6935 = CARTESIAN_POINT('',(0.679026126896,9.354721895218E-17));
#6936 = CARTESIAN_POINT('',(0.8917701999,-6.461590121003E-16));
#6937 = CARTESIAN_POINT('',(0.99814207906,7.437791166983E-16));
#6938 = CARTESIAN_POINT('',(1.105608213354,-2.616225862515E-15));
#6939 = CARTESIAN_POINT('',(1.215259816848,5.939481744314E-16));
#6940 = CARTESIAN_POINT('',(1.328308080097,8.018470432223E-17));
#6941 = CARTESIAN_POINT('',(1.446173773414,-1.832860096039E-15));
#6942 = CARTESIAN_POINT('',(1.570796326795,-3.757798085487E-30));
#6943 = ( GEOMETRIC_REPRESENTATION_CONTEXT(2) 
PARAMETRIC_REPRESENTATION_CONTEXT() REPRESENTATION_CONTEXT('2D SPACE',''
  ) );
#6944 = PCURVE('',#6482,#6945);
#6945 = DEFINITIONAL_REPRESENTATION('',(#6946),#6959);
#6946 = B_SPLINE_CURVE_WITH_KNOTS('',6,(#6947,#6948,#6949,#6950,#6951,
    #6952,#6953,#6954,#6955,#6956,#6957,#6958),.UNSPECIFIED.,.F.,.F.,(7,
    5,7),(-2.22044604925E-16,0.785398163397,1.570796326795),
  .UNSPECIFIED.);
#6947 = CARTESIAN_POINT('',(1.570796326795,6.));
#6948 = CARTESIAN_POINT('',(1.425403674216,6.));
#6949 = CARTESIAN_POINT('',(1.289467915817,5.999999999998));
#6950 = CARTESIAN_POINT('',(1.159608524493,6.000000000003));
#6951 = CARTESIAN_POINT('',(1.033601420771,5.999999999997));
#6952 = CARTESIAN_POINT('',(0.909498545764,6.000000000001));
#6953 = CARTESIAN_POINT('',(0.661297781031,6.000000000001));
#6954 = CARTESIAN_POINT('',(0.537194906024,5.999999999998));
#6955 = CARTESIAN_POINT('',(0.411187802303,5.999999999997));
#6956 = CARTESIAN_POINT('',(0.281328410979,5.999999999997));
#6957 = CARTESIAN_POINT('',(0.145392652579,6.000000000001));
#6958 = CARTESIAN_POINT('',(-1.105981566267E-14,6.));
#6959 = ( GEOMETRIC_REPRESENTATION_CONTEXT(2) 
PARAMETRIC_REPRESENTATION_CONTEXT() REPRESENTATION_CONTEXT('2D SPACE',''
  ) );
#6960 = ORIENTED_EDGE('',*,*,#6744,.T.);
#6961 = ORIENTED_EDGE('',*,*,#4786,.F.);
#6962 = ADVANCED_FACE('',(#6963),#4856,.T.);
#6963 = FACE_BOUND('',#6964,.T.);
#6964 = EDGE_LOOP('',(#6965,#7014,#7015,#7016));
#6965 = ORIENTED_EDGE('',*,*,#6966,.T.);
#6966 = EDGE_CURVE('',#6967,#4843,#6969,.T.);
#6967 = VERTEX_POINT('',#6968);
#6968 = CARTESIAN_POINT('',(245.,258.,-6.));
#6969 = SURFACE_CURVE('',#6970,(#6980,#6996),.PCURVE_S1.);
#6970 = B_SPLINE_CURVE_WITH_KNOTS('',8,(#6971,#6972,#6973,#6974,#6975,
    #6976,#6977,#6978,#6979),.UNSPECIFIED.,.F.,.F.,(9,9),(0.,
    1.570796326795),.PIECEWISE_BEZIER_KNOTS.);
#6971 = CARTESIAN_POINT('',(245.,258.,-6.));
#6972 = CARTESIAN_POINT('',(245.,258.,-5.214601836603));
#6973 = CARTESIAN_POINT('',(244.99999999999,257.82375684415,
    -4.429203425983));
#6974 = CARTESIAN_POINT('',(245.,257.47127226348,-3.68994706266));
#6975 = CARTESIAN_POINT('',(244.99999999999,256.95703502311,
    -3.04296497688));
#6976 = CARTESIAN_POINT('',(245.,256.31005293734,-2.528727736514));
#6977 = CARTESIAN_POINT('',(244.99999999999,255.57079657401,
    -2.176243155845));
#6978 = CARTESIAN_POINT('',(245.,254.78539816339,-2.));
#6979 = CARTESIAN_POINT('',(245.,254.,-2.));
#6980 = PCURVE('',#4856,#6981);
#6981 = DEFINITIONAL_REPRESENTATION('',(#6982),#6995);
#6982 = B_SPLINE_CURVE_WITH_KNOTS('',6,(#6983,#6984,#6985,#6986,#6987,
    #6988,#6989,#6990,#6991,#6992,#6993,#6994),.UNSPECIFIED.,.F.,.F.,(7,
    5,7),(0.,0.785398163397,1.570796326795),.UNSPECIFIED.);
#6983 = CARTESIAN_POINT('',(0.,0.));
#6984 = CARTESIAN_POINT('',(0.145392652579,-3.157036736062E-13));
#6985 = CARTESIAN_POINT('',(0.281328410979,5.130808891241E-13));
#6986 = CARTESIAN_POINT('',(0.411187802303,-1.523538968931E-13));
#6987 = CARTESIAN_POINT('',(0.537194906024,-2.11802373445E-13));
#6988 = CARTESIAN_POINT('',(0.661297781031,1.726061908795E-13));
#6989 = CARTESIAN_POINT('',(0.909498545763,1.228784968102E-13));
#6990 = CARTESIAN_POINT('',(1.033601420771,-4.123049283115E-13));
#6991 = CARTESIAN_POINT('',(1.159608524491,3.850989521755E-13));
#6992 = CARTESIAN_POINT('',(1.289467915817,5.683191083901E-14));
#6993 = CARTESIAN_POINT('',(1.425403674216,-1.880101463454E-13));
#6994 = CARTESIAN_POINT('',(1.570796326795,0.));
#6995 = ( GEOMETRIC_REPRESENTATION_CONTEXT(2) 
PARAMETRIC_REPRESENTATION_CONTEXT() REPRESENTATION_CONTEXT('2D SPACE',''
  ) );
#6996 = PCURVE('',#4886,#6997);
#6997 = DEFINITIONAL_REPRESENTATION('',(#6998),#7013);
#6998 = B_SPLINE_CURVE_WITH_KNOTS('',7,(#6999,#7000,#7001,#7002,#7003,
    #7004,#7005,#7006,#7007,#7008,#7009,#7010,#7011,#7012),
  .UNSPECIFIED.,.F.,.F.,(8,6,8),(0.,0.785398163397,1.570796326795),
  .UNSPECIFIED.);
#6999 = CARTESIAN_POINT('',(1.570796326795,7.398886400485E-16));
#7000 = CARTESIAN_POINT('',(1.570796326797,0.124622553382));
#7001 = CARTESIAN_POINT('',(1.570796326787,0.2424882467));
#7002 = CARTESIAN_POINT('',(1.570796326807,0.355536509951));
#7003 = CARTESIAN_POINT('',(1.57079632678,0.465188113442));
#7004 = CARTESIAN_POINT('',(1.570796326799,0.572654247727));
#7005 = CARTESIAN_POINT('',(1.570796326795,0.679026126897));
#7006 = CARTESIAN_POINT('',(1.570796326799,0.891770199905));
#7007 = CARTESIAN_POINT('',(1.570796326784,0.998142079046));
#7008 = CARTESIAN_POINT('',(1.570796326812,1.105608213401));
#7009 = CARTESIAN_POINT('',(1.570796326776,1.215259816809));
#7010 = CARTESIAN_POINT('',(1.570796326802,1.328308080116));
#7011 = CARTESIAN_POINT('',(1.570796326794,1.446173773411));
#7012 = CARTESIAN_POINT('',(1.570796326795,1.570796326795));
#7013 = ( GEOMETRIC_REPRESENTATION_CONTEXT(2) 
PARAMETRIC_REPRESENTATION_CONTEXT() REPRESENTATION_CONTEXT('2D SPACE',''
  ) );
#7014 = ORIENTED_EDGE('',*,*,#4842,.T.);
#7015 = ORIENTED_EDGE('',*,*,#6865,.F.);
#7016 = ORIENTED_EDGE('',*,*,#7017,.F.);
#7017 = EDGE_CURVE('',#6967,#6866,#7018,.T.);
#7018 = SURFACE_CURVE('',#7019,(#7022,#7029),.PCURVE_S1.);
#7019 = B_SPLINE_CURVE_WITH_KNOTS('',1,(#7020,#7021),.UNSPECIFIED.,.F.,
  .F.,(2,2),(-0.,230.),.PIECEWISE_BEZIER_KNOTS.);
#7020 = CARTESIAN_POINT('',(245.,258.,-6.));
#7021 = CARTESIAN_POINT('',(15.,258.,-6.));
#7022 = PCURVE('',#4856,#7023);
#7023 = DEFINITIONAL_REPRESENTATION('',(#7024),#7028);
#7024 = B_SPLINE_CURVE_WITH_KNOTS('',2,(#7025,#7026,#7027),
  .UNSPECIFIED.,.F.,.F.,(3,3),(-0.,230.),.PIECEWISE_BEZIER_KNOTS.);
#7025 = CARTESIAN_POINT('',(0.,0.));
#7026 = CARTESIAN_POINT('',(0.,115.));
#7027 = CARTESIAN_POINT('',(0.,230.));
#7028 = ( GEOMETRIC_REPRESENTATION_CONTEXT(2) 
PARAMETRIC_REPRESENTATION_CONTEXT() REPRESENTATION_CONTEXT('2D SPACE',''
  ) );
#7029 = PCURVE('',#6519,#7030);
#7030 = DEFINITIONAL_REPRESENTATION('',(#7031),#7034);
#7031 = B_SPLINE_CURVE_WITH_KNOTS('',1,(#7032,#7033),.UNSPECIFIED.,.F.,
  .F.,(2,2),(-0.,230.),.PIECEWISE_BEZIER_KNOTS.);
#7032 = CARTESIAN_POINT('',(6.,245.));
#7033 = CARTESIAN_POINT('',(6.,15.));
#7034 = ( GEOMETRIC_REPRESENTATION_CONTEXT(2) 
PARAMETRIC_REPRESENTATION_CONTEXT() REPRESENTATION_CONTEXT('2D SPACE',''
  ) );
#7035 = ADVANCED_FACE('',(#7036),#4886,.F.);
#7036 = FACE_BOUND('',#7037,.F.);
#7037 = EDGE_LOOP('',(#7038,#7087,#7134,#7135));
#7038 = ORIENTED_EDGE('',*,*,#7039,.F.);
#7039 = EDGE_CURVE('',#7040,#4871,#7042,.T.);
#7040 = VERTEX_POINT('',#7041);
#7041 = CARTESIAN_POINT('',(258.,245.,-6.));
#7042 = SURFACE_CURVE('',#7043,(#7053,#7071),.PCURVE_S1.);
#7043 = B_SPLINE_CURVE_WITH_KNOTS('',8,(#7044,#7045,#7046,#7047,#7048,
    #7049,#7050,#7051,#7052),.UNSPECIFIED.,.F.,.F.,(9,9),(0.,
    1.570796326795),.PIECEWISE_BEZIER_KNOTS.);
#7044 = CARTESIAN_POINT('',(258.,245.,-6.));
#7045 = CARTESIAN_POINT('',(258.,245.,-5.214601836603));
#7046 = CARTESIAN_POINT('',(257.82375684415,244.99999999999,
    -4.429203425983));
#7047 = CARTESIAN_POINT('',(257.47127226348,245.,-3.68994706266));
#7048 = CARTESIAN_POINT('',(256.95703502311,244.99999999999,
    -3.04296497688));
#7049 = CARTESIAN_POINT('',(256.31005293734,245.,-2.528727736514));
#7050 = CARTESIAN_POINT('',(255.57079657401,244.99999999999,
    -2.176243155845));
#7051 = CARTESIAN_POINT('',(254.78539816339,245.,-2.));
#7052 = CARTESIAN_POINT('',(254.,245.,-2.));
#7053 = PCURVE('',#4886,#7054);
#7054 = DEFINITIONAL_REPRESENTATION('',(#7055),#7070);
#7055 = B_SPLINE_CURVE_WITH_KNOTS('',7,(#7056,#7057,#7058,#7059,#7060,
    #7061,#7062,#7063,#7064,#7065,#7066,#7067,#7068,#7069),
  .UNSPECIFIED.,.F.,.F.,(8,6,8),(0.,0.785398163397,1.570796326795),
  .UNSPECIFIED.);
#7056 = CARTESIAN_POINT('',(0.,0.));
#7057 = CARTESIAN_POINT('',(1.64356830624E-15,0.124622553381));
#7058 = CARTESIAN_POINT('',(1.116287900891E-14,0.242488246703));
#7059 = CARTESIAN_POINT('',(-3.920922534739E-14,0.355536509946));
#7060 = CARTESIAN_POINT('',(3.7119657389E-14,0.465188113444));
#7061 = CARTESIAN_POINT('',(-2.47224177364E-14,0.572654247724));
#7062 = CARTESIAN_POINT('',(8.607738480172E-15,0.679026126897));
#7063 = CARTESIAN_POINT('',(-7.021205968855E-18,0.891770199903));
#7064 = CARTESIAN_POINT('',(-2.839982426924E-15,0.998142079052));
#7065 = CARTESIAN_POINT('',(1.187786014525E-14,1.105608213383));
#7066 = CARTESIAN_POINT('',(3.340493535498E-15,1.215259816811));
#7067 = CARTESIAN_POINT('',(-3.500219082967E-14,1.328308080115));
#7068 = CARTESIAN_POINT('',(2.934257148222E-14,1.446173773411));
#7069 = CARTESIAN_POINT('',(0.,1.570796326795));
#7070 = ( GEOMETRIC_REPRESENTATION_CONTEXT(2) 
PARAMETRIC_REPRESENTATION_CONTEXT() REPRESENTATION_CONTEXT('2D SPACE',''
  ) );
#7071 = PCURVE('',#4917,#7072);
#7072 = DEFINITIONAL_REPRESENTATION('',(#7073),#7086);
#7073 = B_SPLINE_CURVE_WITH_KNOTS('',6,(#7074,#7075,#7076,#7077,#7078,
    #7079,#7080,#7081,#7082,#7083,#7084,#7085),.UNSPECIFIED.,.F.,.F.,(7,
    5,7),(0.,0.785398163397,1.570796326795),.UNSPECIFIED.);
#7074 = CARTESIAN_POINT('',(0.,230.));
#7075 = CARTESIAN_POINT('',(0.145392652579,229.99999999999));
#7076 = CARTESIAN_POINT('',(0.281328410979,229.99999999995));
#7077 = CARTESIAN_POINT('',(0.411187802302,230.00000000013));
#7078 = CARTESIAN_POINT('',(0.537194906025,229.99999999997));
#7079 = CARTESIAN_POINT('',(0.661297781031,229.99999999999));
#7080 = CARTESIAN_POINT('',(0.909498545764,230.00000000003));
#7081 = CARTESIAN_POINT('',(1.03360142077,229.99999999983));
#7082 = CARTESIAN_POINT('',(1.159608524492,230.00000000019));
#7083 = CARTESIAN_POINT('',(1.289467915816,229.99999999981));
#7084 = CARTESIAN_POINT('',(1.425403674216,230.00000000002));
#7085 = CARTESIAN_POINT('',(1.570796326795,230.));
#7086 = ( GEOMETRIC_REPRESENTATION_CONTEXT(2) 
PARAMETRIC_REPRESENTATION_CONTEXT() REPRESENTATION_CONTEXT('2D SPACE',''
  ) );
#7087 = ORIENTED_EDGE('',*,*,#7088,.T.);
#7088 = EDGE_CURVE('',#7040,#6967,#7089,.T.);
#7089 = SURFACE_CURVE('',#7090,(#7100,#7118),.PCURVE_S1.);
#7090 = B_SPLINE_CURVE_WITH_KNOTS('',8,(#7091,#7092,#7093,#7094,#7095,
    #7096,#7097,#7098,#7099),.UNSPECIFIED.,.F.,.F.,(9,9),(0.,
    1.570796326795),.PIECEWISE_BEZIER_KNOTS.);
#7091 = CARTESIAN_POINT('',(258.,245.,-6.));
#7092 = CARTESIAN_POINT('',(257.99999999999,247.55254403104,-6.));
#7093 = CARTESIAN_POINT('',(257.4272097435,250.10508886555,-6.));
#7094 = CARTESIAN_POINT('',(256.28163485632,252.50767204636,-6.));
#7095 = CARTESIAN_POINT('',(254.61036382514,254.61036382512,-6.));
#7096 = CARTESIAN_POINT('',(252.50767204635,256.28163485633,-6.));
#7097 = CARTESIAN_POINT('',(250.10508886555,257.4272097435,-6.));
#7098 = CARTESIAN_POINT('',(247.55254403104,258.,-6.));
#7099 = CARTESIAN_POINT('',(245.,258.,-6.));
#7100 = PCURVE('',#4886,#7101);
#7101 = DEFINITIONAL_REPRESENTATION('',(#7102),#7117);
#7102 = B_SPLINE_CURVE_WITH_KNOTS('',7,(#7103,#7104,#7105,#7106,#7107,
    #7108,#7109,#7110,#7111,#7112,#7113,#7114,#7115,#7116),
  .UNSPECIFIED.,.F.,.F.,(8,6,8),(0.,0.785398163397,1.570796326795),
  .UNSPECIFIED.);
#7103 = CARTESIAN_POINT('',(0.,0.));
#7104 = CARTESIAN_POINT('',(0.124622553384,3.458442023011E-15));
#7105 = CARTESIAN_POINT('',(0.242488246691,-4.238355308458E-15));
#7106 = CARTESIAN_POINT('',(0.355536509967,4.598004365459E-15));
#7107 = CARTESIAN_POINT('',(0.465188113425,-2.245196894271E-15));
#7108 = CARTESIAN_POINT('',(0.572654247735,-2.020650760595E-16));
#7109 = CARTESIAN_POINT('',(0.679026126895,2.047672187626E-15));
#7110 = CARTESIAN_POINT('',(0.891770199902,1.764740344537E-15));
#7111 = CARTESIAN_POINT('',(0.998142079056,-1.692882268002E-15));
#7112 = CARTESIAN_POINT('',(1.105608213371,7.870647406372E-16));
#7113 = CARTESIAN_POINT('',(1.215259816828,2.77204478382E-16));
#7114 = CARTESIAN_POINT('',(1.328308080107,-3.554032456254E-15));
#7115 = CARTESIAN_POINT('',(1.446173773413,4.757448495114E-15));
#7116 = CARTESIAN_POINT('',(1.570796326795,0.));
#7117 = ( GEOMETRIC_REPRESENTATION_CONTEXT(2) 
PARAMETRIC_REPRESENTATION_CONTEXT() REPRESENTATION_CONTEXT('2D SPACE',''
  ) );
#7118 = PCURVE('',#6558,#7119);
#7119 = DEFINITIONAL_REPRESENTATION('',(#7120),#7133);
#7120 = B_SPLINE_CURVE_WITH_KNOTS('',6,(#7121,#7122,#7123,#7124,#7125,
    #7126,#7127,#7128,#7129,#7130,#7131,#7132),.UNSPECIFIED.,.F.,.F.,(7,
    5,7),(0.,0.785398163397,1.570796326795),.UNSPECIFIED.);
#7121 = CARTESIAN_POINT('',(0.,6.));
#7122 = CARTESIAN_POINT('',(0.145392652579,6.));
#7123 = CARTESIAN_POINT('',(0.281328410979,6.000000000006));
#7124 = CARTESIAN_POINT('',(0.411187802301,5.999999999995));
#7125 = CARTESIAN_POINT('',(0.537194906025,6.000000000003));
#7126 = CARTESIAN_POINT('',(0.661297781031,6.));
#7127 = CARTESIAN_POINT('',(0.909498545764,5.999999999999));
#7128 = CARTESIAN_POINT('',(1.033601420769,6.000000000002));
#7129 = CARTESIAN_POINT('',(1.159608524495,5.999999999995));
#7130 = CARTESIAN_POINT('',(1.289467915814,6.000000000004));
#7131 = CARTESIAN_POINT('',(1.425403674216,5.999999999999));
#7132 = CARTESIAN_POINT('',(1.570796326795,6.));
#7133 = ( GEOMETRIC_REPRESENTATION_CONTEXT(2) 
PARAMETRIC_REPRESENTATION_CONTEXT() REPRESENTATION_CONTEXT('2D SPACE',''
  ) );
#7134 = ORIENTED_EDGE('',*,*,#6966,.T.);
#7135 = ORIENTED_EDGE('',*,*,#4870,.F.);
#7136 = ADVANCED_FACE('',(#7137),#4917,.T.);
#7137 = FACE_BOUND('',#7138,.T.);
#7138 = EDGE_LOOP('',(#7139,#7188,#7189,#7190));
#7139 = ORIENTED_EDGE('',*,*,#7140,.T.);
#7140 = EDGE_CURVE('',#7141,#4904,#7143,.T.);
#7141 = VERTEX_POINT('',#7142);
#7142 = CARTESIAN_POINT('',(258.,15.,-6.));
#7143 = SURFACE_CURVE('',#7144,(#7154,#7170),.PCURVE_S1.);
#7144 = B_SPLINE_CURVE_WITH_KNOTS('',8,(#7145,#7146,#7147,#7148,#7149,
    #7150,#7151,#7152,#7153),.UNSPECIFIED.,.F.,.F.,(9,9),(0.,
    1.570796326795),.PIECEWISE_BEZIER_KNOTS.);
#7145 = CARTESIAN_POINT('',(258.,15.,-6.));
#7146 = CARTESIAN_POINT('',(258.,15.,-5.214601836603));
#7147 = CARTESIAN_POINT('',(257.82375684415,15.,-4.429203425983));
#7148 = CARTESIAN_POINT('',(257.47127226348,15.,-3.68994706266));
#7149 = CARTESIAN_POINT('',(256.95703502311,15.,-3.04296497688));
#7150 = CARTESIAN_POINT('',(256.31005293734,15.,-2.528727736514));
#7151 = CARTESIAN_POINT('',(255.57079657401,15.,-2.176243155845));
#7152 = CARTESIAN_POINT('',(254.78539816339,15.,-2.));
#7153 = CARTESIAN_POINT('',(254.,15.,-2.));
#7154 = PCURVE('',#4917,#7155);
#7155 = DEFINITIONAL_REPRESENTATION('',(#7156),#7169);
#7156 = B_SPLINE_CURVE_WITH_KNOTS('',6,(#7157,#7158,#7159,#7160,#7161,
    #7162,#7163,#7164,#7165,#7166,#7167,#7168),.UNSPECIFIED.,.F.,.F.,(7,
    5,7),(0.,0.785398163397,1.570796326795),.UNSPECIFIED.);
#7157 = CARTESIAN_POINT('',(0.,0.));
#7158 = CARTESIAN_POINT('',(0.145392652579,5.157285474335E-14));
#7159 = CARTESIAN_POINT('',(0.281328410979,-1.170374844284E-13));
#7160 = CARTESIAN_POINT('',(0.411187802302,9.631539705466E-14));
#7161 = CARTESIAN_POINT('',(0.537194906025,-3.471231851445E-15));
#7162 = CARTESIAN_POINT('',(0.661297781031,-3.916789741757E-14));
#7163 = CARTESIAN_POINT('',(0.909498545763,-4.297065394124E-14));
#7164 = CARTESIAN_POINT('',(1.033601420772,1.31098025501E-13));
#7165 = CARTESIAN_POINT('',(1.15960852449,-2.078272796904E-13));
#7166 = CARTESIAN_POINT('',(1.289467915818,1.504457034117E-13));
#7167 = CARTESIAN_POINT('',(1.425403674215,-2.840940745293E-14));
#7168 = CARTESIAN_POINT('',(1.570796326795,0.));
#7169 = ( GEOMETRIC_REPRESENTATION_CONTEXT(2) 
PARAMETRIC_REPRESENTATION_CONTEXT() REPRESENTATION_CONTEXT('2D SPACE',''
  ) );
#7170 = PCURVE('',#4947,#7171);
#7171 = DEFINITIONAL_REPRESENTATION('',(#7172),#7187);
#7172 = B_SPLINE_CURVE_WITH_KNOTS('',7,(#7173,#7174,#7175,#7176,#7177,
    #7178,#7179,#7180,#7181,#7182,#7183,#7184,#7185,#7186),
  .UNSPECIFIED.,.F.,.F.,(8,6,8),(0.,0.785398163397,1.570796326795),
  .UNSPECIFIED.);
#7173 = CARTESIAN_POINT('',(1.570796326795,4.932590933656E-16));
#7174 = CARTESIAN_POINT('',(1.570796326793,0.124622553383));
#7175 = CARTESIAN_POINT('',(1.570796326818,0.242488246697));
#7176 = CARTESIAN_POINT('',(1.57079632676,0.355536509961));
#7177 = CARTESIAN_POINT('',(1.570796326827,0.46518811343));
#7178 = CARTESIAN_POINT('',(1.570796326777,0.572654247733));
#7179 = CARTESIAN_POINT('',(1.570796326801,0.679026126896));
#7180 = CARTESIAN_POINT('',(1.570796326796,0.891770199902));
#7181 = CARTESIAN_POINT('',(1.570796326798,0.998142079058));
#7182 = CARTESIAN_POINT('',(1.570796326799,1.105608213361));
#7183 = CARTESIAN_POINT('',(1.570796326788,1.215259816838));
#7184 = CARTESIAN_POINT('',(1.570796326797,1.328308080095));
#7185 = CARTESIAN_POINT('',(1.570796326798,1.446173773414));
#7186 = CARTESIAN_POINT('',(1.570796326795,1.570796326795));
#7187 = ( GEOMETRIC_REPRESENTATION_CONTEXT(2) 
PARAMETRIC_REPRESENTATION_CONTEXT() REPRESENTATION_CONTEXT('2D SPACE',''
  ) );
#7188 = ORIENTED_EDGE('',*,*,#4903,.T.);
#7189 = ORIENTED_EDGE('',*,*,#7039,.F.);
#7190 = ORIENTED_EDGE('',*,*,#7191,.F.);
#7191 = EDGE_CURVE('',#7141,#7040,#7192,.T.);
#7192 = SURFACE_CURVE('',#7193,(#7196,#7203),.PCURVE_S1.);
#7193 = B_SPLINE_CURVE_WITH_KNOTS('',1,(#7194,#7195),.UNSPECIFIED.,.F.,
  .F.,(2,2),(0.,230.),.PIECEWISE_BEZIER_KNOTS.);
#7194 = CARTESIAN_POINT('',(258.,15.,-6.));
#7195 = CARTESIAN_POINT('',(258.,245.,-6.));
#7196 = PCURVE('',#4917,#7197);
#7197 = DEFINITIONAL_REPRESENTATION('',(#7198),#7202);
#7198 = B_SPLINE_CURVE_WITH_KNOTS('',2,(#7199,#7200,#7201),
  .UNSPECIFIED.,.F.,.F.,(3,3),(0.,230.),.PIECEWISE_BEZIER_KNOTS.);
#7199 = CARTESIAN_POINT('',(0.,0.));
#7200 = CARTESIAN_POINT('',(1.519951555773E-16,115.));
#7201 = CARTESIAN_POINT('',(2.466295466829E-16,230.));
#7202 = ( GEOMETRIC_REPRESENTATION_CONTEXT(2) 
PARAMETRIC_REPRESENTATION_CONTEXT() REPRESENTATION_CONTEXT('2D SPACE',''
  ) );
#7203 = PCURVE('',#6595,#7204);
#7204 = DEFINITIONAL_REPRESENTATION('',(#7205),#7208);
#7205 = B_SPLINE_CURVE_WITH_KNOTS('',1,(#7206,#7207),.UNSPECIFIED.,.F.,
  .F.,(2,2),(0.,230.),.PIECEWISE_BEZIER_KNOTS.);
#7206 = CARTESIAN_POINT('',(6.,-245.));
#7207 = CARTESIAN_POINT('',(6.,-15.));
#7208 = ( GEOMETRIC_REPRESENTATION_CONTEXT(2) 
PARAMETRIC_REPRESENTATION_CONTEXT() REPRESENTATION_CONTEXT('2D SPACE',''
  ) );
#7209 = ADVANCED_FACE('',(#7210),#4947,.F.);
#7210 = FACE_BOUND('',#7211,.F.);
#7211 = EDGE_LOOP('',(#7212,#7261,#7308,#7309));
#7212 = ORIENTED_EDGE('',*,*,#7213,.F.);
#7213 = EDGE_CURVE('',#7214,#4932,#7216,.T.);
#7214 = VERTEX_POINT('',#7215);
#7215 = CARTESIAN_POINT('',(245.,2.,-6.));
#7216 = SURFACE_CURVE('',#7217,(#7227,#7245),.PCURVE_S1.);
#7217 = B_SPLINE_CURVE_WITH_KNOTS('',8,(#7218,#7219,#7220,#7221,#7222,
    #7223,#7224,#7225,#7226),.UNSPECIFIED.,.F.,.F.,(9,9),(0.,
    1.570796326795),.PIECEWISE_BEZIER_KNOTS.);
#7218 = CARTESIAN_POINT('',(245.,2.,-6.));
#7219 = CARTESIAN_POINT('',(245.,2.,-5.214601836603));
#7220 = CARTESIAN_POINT('',(244.99999999999,2.176243155845,
    -4.429203425983));
#7221 = CARTESIAN_POINT('',(245.,2.528727736514,-3.68994706266));
#7222 = CARTESIAN_POINT('',(244.99999999999,3.04296497688,-3.04296497688
    ));
#7223 = CARTESIAN_POINT('',(245.,3.68994706266,-2.528727736514));
#7224 = CARTESIAN_POINT('',(244.99999999999,4.429203425983,
    -2.176243155845));
#7225 = CARTESIAN_POINT('',(245.,5.214601836603,-2.));
#7226 = CARTESIAN_POINT('',(245.,6.,-2.));
#7227 = PCURVE('',#4947,#7228);
#7228 = DEFINITIONAL_REPRESENTATION('',(#7229),#7244);
#7229 = B_SPLINE_CURVE_WITH_KNOTS('',7,(#7230,#7231,#7232,#7233,#7234,
    #7235,#7236,#7237,#7238,#7239,#7240,#7241,#7242,#7243),
  .UNSPECIFIED.,.F.,.F.,(8,6,8),(0.,0.785398163397,1.570796326795),
  .UNSPECIFIED.);
#7230 = CARTESIAN_POINT('',(0.,0.));
#7231 = CARTESIAN_POINT('',(6.785375253222E-15,0.124622553384));
#7232 = CARTESIAN_POINT('',(1.915418343474E-14,0.242488246692));
#7233 = CARTESIAN_POINT('',(-7.212791082771E-14,0.355536509967));
#7234 = CARTESIAN_POINT('',(7.506060680011E-14,0.465188113427));
#7235 = CARTESIAN_POINT('',(-3.15417936525E-14,0.572654247735));
#7236 = CARTESIAN_POINT('',(-3.9484107468E-15,0.679026126895));
#7237 = CARTESIAN_POINT('',(3.396180361994E-15,0.8917701999));
#7238 = CARTESIAN_POINT('',(-2.632225688922E-14,0.998142079068));
#7239 = CARTESIAN_POINT('',(2.678308195339E-14,1.105608213355));
#7240 = CARTESIAN_POINT('',(1.690854424628E-14,1.215259816846));
#7241 = CARTESIAN_POINT('',(-5.662549727213E-14,1.328308080092));
#7242 = CARTESIAN_POINT('',(3.221229382837E-14,1.446173773415));
#7243 = CARTESIAN_POINT('',(0.,1.570796326795));
#7244 = ( GEOMETRIC_REPRESENTATION_CONTEXT(2) 
PARAMETRIC_REPRESENTATION_CONTEXT() REPRESENTATION_CONTEXT('2D SPACE',''
  ) );
#7245 = PCURVE('',#4978,#7246);
#7246 = DEFINITIONAL_REPRESENTATION('',(#7247),#7260);
#7247 = B_SPLINE_CURVE_WITH_KNOTS('',6,(#7248,#7249,#7250,#7251,#7252,
    #7253,#7254,#7255,#7256,#7257,#7258,#7259),.UNSPECIFIED.,.F.,.F.,(7,
    5,7),(0.,0.785398163397,1.570796326795),.UNSPECIFIED.);
#7248 = CARTESIAN_POINT('',(-4.932590933658E-16,230.));
#7249 = CARTESIAN_POINT('',(0.145392652579,229.99999999999));
#7250 = CARTESIAN_POINT('',(0.281328410979,229.99999999995));
#7251 = CARTESIAN_POINT('',(0.411187802303,230.00000000002));
#7252 = CARTESIAN_POINT('',(0.537194906024,229.99999999995));
#7253 = CARTESIAN_POINT('',(0.661297781031,230.));
#7254 = CARTESIAN_POINT('',(0.909498545764,230.00000000006));
#7255 = CARTESIAN_POINT('',(1.033601420769,229.99999999968));
#7256 = CARTESIAN_POINT('',(1.159608524495,230.00000000042));
#7257 = CARTESIAN_POINT('',(1.289467915814,229.9999999997));
#7258 = CARTESIAN_POINT('',(1.425403674216,230.00000000006));
#7259 = CARTESIAN_POINT('',(1.570796326795,230.));
#7260 = ( GEOMETRIC_REPRESENTATION_CONTEXT(2) 
PARAMETRIC_REPRESENTATION_CONTEXT() REPRESENTATION_CONTEXT('2D SPACE',''
  ) );
#7261 = ORIENTED_EDGE('',*,*,#7262,.T.);
#7262 = EDGE_CURVE('',#7214,#7141,#7263,.T.);
#7263 = SURFACE_CURVE('',#7264,(#7274,#7292),.PCURVE_S1.);
#7264 = B_SPLINE_CURVE_WITH_KNOTS('',8,(#7265,#7266,#7267,#7268,#7269,
    #7270,#7271,#7272,#7273),.UNSPECIFIED.,.F.,.F.,(9,9),(-0.,
    1.570796326795),.PIECEWISE_BEZIER_KNOTS.);
#7265 = CARTESIAN_POINT('',(245.,2.,-6.));
#7266 = CARTESIAN_POINT('',(247.55254403104,2.,-6.));
#7267 = CARTESIAN_POINT('',(250.10508886555,2.572790256496,-6.));
#7268 = CARTESIAN_POINT('',(252.50767204636,3.718365143671,-6.));
#7269 = CARTESIAN_POINT('',(254.61036382513,5.389636174862,-6.));
#7270 = CARTESIAN_POINT('',(256.28163485633,7.492327953644,-6.));
#7271 = CARTESIAN_POINT('',(257.4272097435,9.894911134445,-6.));
#7272 = CARTESIAN_POINT('',(258.,12.447455968958,-6.));
#7273 = CARTESIAN_POINT('',(258.,15.,-6.));
#7274 = PCURVE('',#4947,#7275);
#7275 = DEFINITIONAL_REPRESENTATION('',(#7276),#7291);
#7276 = B_SPLINE_CURVE_WITH_KNOTS('',7,(#7277,#7278,#7279,#7280,#7281,
    #7282,#7283,#7284,#7285,#7286,#7287,#7288,#7289,#7290),
  .UNSPECIFIED.,.F.,.F.,(8,6,8),(-0.,0.785398163397,1.570796326795),
  .UNSPECIFIED.);
#7277 = CARTESIAN_POINT('',(0.,0.));
#7278 = CARTESIAN_POINT('',(0.124622553384,-3.54545883587E-15));
#7279 = CARTESIAN_POINT('',(0.242488246695,2.36146022644E-15));
#7280 = CARTESIAN_POINT('',(0.355536509964,6.436978317818E-15));
#7281 = CARTESIAN_POINT('',(0.465188113428,-6.225784614353E-15));
#7282 = CARTESIAN_POINT('',(0.572654247735,1.938664429523E-15));
#7283 = CARTESIAN_POINT('',(0.679026126896,6.679772826959E-16));
#7284 = CARTESIAN_POINT('',(0.891770199902,-5.345483214546E-16));
#7285 = CARTESIAN_POINT('',(0.998142079057,5.740895667938E-15));
#7286 = CARTESIAN_POINT('',(1.105608213361,-1.184337799859E-14));
#7287 = CARTESIAN_POINT('',(1.215259816834,1.240252262152E-14));
#7288 = CARTESIAN_POINT('',(1.328308080105,-2.279841971081E-15));
#7289 = CARTESIAN_POINT('',(1.446173773413,-1.414546796025E-15));
#7290 = CARTESIAN_POINT('',(1.570796326795,0.));
#7291 = ( GEOMETRIC_REPRESENTATION_CONTEXT(2) 
PARAMETRIC_REPRESENTATION_CONTEXT() REPRESENTATION_CONTEXT('2D SPACE',''
  ) );
#7292 = PCURVE('',#6634,#7293);
#7293 = DEFINITIONAL_REPRESENTATION('',(#7294),#7307);
#7294 = B_SPLINE_CURVE_WITH_KNOTS('',6,(#7295,#7296,#7297,#7298,#7299,
    #7300,#7301,#7302,#7303,#7304,#7305,#7306),.UNSPECIFIED.,.F.,.F.,(7,
    5,7),(-0.,0.785398163397,1.570796326795),.UNSPECIFIED.);
#7295 = CARTESIAN_POINT('',(1.570796326795,6.));
#7296 = CARTESIAN_POINT('',(1.425403674217,6.));
#7297 = CARTESIAN_POINT('',(1.289467915814,6.000000000003));
#7298 = CARTESIAN_POINT('',(1.159608524495,6.000000000001));
#7299 = CARTESIAN_POINT('',(1.033601420768,6.000000000001));
#7300 = CARTESIAN_POINT('',(0.909498545764,6.000000000001));
#7301 = CARTESIAN_POINT('',(0.661297781031,5.999999999999));
#7302 = CARTESIAN_POINT('',(0.537194906024,6.00000000001));
#7303 = CARTESIAN_POINT('',(0.411187802302,5.999999999986));
#7304 = CARTESIAN_POINT('',(0.281328410979,6.000000000008));
#7305 = CARTESIAN_POINT('',(0.145392652579,5.999999999999));
#7306 = CARTESIAN_POINT('',(-3.552713678801E-15,6.));
#7307 = ( GEOMETRIC_REPRESENTATION_CONTEXT(2) 
PARAMETRIC_REPRESENTATION_CONTEXT() REPRESENTATION_CONTEXT('2D SPACE',''
  ) );
#7308 = ORIENTED_EDGE('',*,*,#7140,.T.);
#7309 = ORIENTED_EDGE('',*,*,#4931,.F.);
#7310 = ADVANCED_FACE('',(#7311),#4978,.T.);
#7311 = FACE_BOUND('',#7312,.T.);
#7312 = EDGE_LOOP('',(#7313,#7362,#7363,#7364));
#7313 = ORIENTED_EDGE('',*,*,#7314,.T.);
#7314 = EDGE_CURVE('',#7315,#4965,#7317,.T.);
#7315 = VERTEX_POINT('',#7316);
#7316 = CARTESIAN_POINT('',(15.,2.,-6.));
#7317 = SURFACE_CURVE('',#7318,(#7328,#7344),.PCURVE_S1.);
#7318 = B_SPLINE_CURVE_WITH_KNOTS('',8,(#7319,#7320,#7321,#7322,#7323,
    #7324,#7325,#7326,#7327),.UNSPECIFIED.,.F.,.F.,(9,9),(0.,
    1.570796326795),.PIECEWISE_BEZIER_KNOTS.);
#7319 = CARTESIAN_POINT('',(15.,2.,-6.));
#7320 = CARTESIAN_POINT('',(15.,2.,-5.214601836603));
#7321 = CARTESIAN_POINT('',(15.,2.176243155845,-4.429203425983));
#7322 = CARTESIAN_POINT('',(15.,2.528727736514,-3.68994706266));
#7323 = CARTESIAN_POINT('',(15.,3.04296497688,-3.04296497688));
#7324 = CARTESIAN_POINT('',(15.,3.68994706266,-2.528727736514));
#7325 = CARTESIAN_POINT('',(15.,4.429203425983,-2.176243155845));
#7326 = CARTESIAN_POINT('',(15.,5.214601836603,-2.));
#7327 = CARTESIAN_POINT('',(15.,6.,-2.));
#7328 = PCURVE('',#4978,#7329);
#7329 = DEFINITIONAL_REPRESENTATION('',(#7330),#7343);
#7330 = B_SPLINE_CURVE_WITH_KNOTS('',6,(#7331,#7332,#7333,#7334,#7335,
    #7336,#7337,#7338,#7339,#7340,#7341,#7342),.UNSPECIFIED.,.F.,.F.,(7,
    5,7),(0.,0.785398163397,1.570796326795),.UNSPECIFIED.);
#7331 = CARTESIAN_POINT('',(0.,0.));
#7332 = CARTESIAN_POINT('',(0.145392652579,1.699431421038E-14));
#7333 = CARTESIAN_POINT('',(0.281328410979,-3.814746343096E-14));
#7334 = CARTESIAN_POINT('',(0.411187802303,2.540749396683E-14));
#7335 = CARTESIAN_POINT('',(0.537194906024,3.32788904344E-14));
#7336 = CARTESIAN_POINT('',(0.661297781031,-3.878994958675E-15));
#7337 = CARTESIAN_POINT('',(0.909498545764,-4.174285316043E-15));
#7338 = CARTESIAN_POINT('',(1.033601420769,5.605125544574E-14));
#7339 = CARTESIAN_POINT('',(1.159608524495,-1.044919926332E-13));
#7340 = CARTESIAN_POINT('',(1.289467915814,4.088965129748E-14));
#7341 = CARTESIAN_POINT('',(1.425403674216,1.664521257649E-14));
#7342 = CARTESIAN_POINT('',(1.570796326795,0.));
#7343 = ( GEOMETRIC_REPRESENTATION_CONTEXT(2) 
PARAMETRIC_REPRESENTATION_CONTEXT() REPRESENTATION_CONTEXT('2D SPACE',''
  ) );
#7344 = PCURVE('',#5006,#7345);
#7345 = DEFINITIONAL_REPRESENTATION('',(#7346),#7361);
#7346 = B_SPLINE_CURVE_WITH_KNOTS('',7,(#7347,#7348,#7349,#7350,#7351,
    #7352,#7353,#7354,#7355,#7356,#7357,#7358,#7359,#7360),
  .UNSPECIFIED.,.F.,.F.,(8,6,8),(0.,0.785398163397,1.570796326795),
  .UNSPECIFIED.);
#7347 = CARTESIAN_POINT('',(1.570796326795,4.932590933658E-16));
#7348 = CARTESIAN_POINT('',(1.570796326796,0.124622553384));
#7349 = CARTESIAN_POINT('',(1.570796326799,0.242488246695));
#7350 = CARTESIAN_POINT('',(1.570796326799,0.355536509965));
#7351 = CARTESIAN_POINT('',(1.570796326781,0.465188113429));
#7352 = CARTESIAN_POINT('',(1.5707963268,0.572654247732));
#7353 = CARTESIAN_POINT('',(1.570796326796,0.679026126896));
#7354 = CARTESIAN_POINT('',(1.570796326795,0.8917701999));
#7355 = CARTESIAN_POINT('',(1.570796326802,0.998142079065));
#7356 = CARTESIAN_POINT('',(1.570796326791,1.105608213347));
#7357 = CARTESIAN_POINT('',(1.570796326795,1.215259816847));
#7358 = CARTESIAN_POINT('',(1.570796326793,1.328308080095));
#7359 = CARTESIAN_POINT('',(1.570796326797,1.446173773416));
#7360 = CARTESIAN_POINT('',(1.570796326795,1.570796326795));
#7361 = ( GEOMETRIC_REPRESENTATION_CONTEXT(2) 
PARAMETRIC_REPRESENTATION_CONTEXT() REPRESENTATION_CONTEXT('2D SPACE',''
  ) );
#7362 = ORIENTED_EDGE('',*,*,#4964,.T.);
#7363 = ORIENTED_EDGE('',*,*,#7213,.F.);
#7364 = ORIENTED_EDGE('',*,*,#7365,.F.);
#7365 = EDGE_CURVE('',#7315,#7214,#7366,.T.);
#7366 = SURFACE_CURVE('',#7367,(#7370,#7377),.PCURVE_S1.);
#7367 = B_SPLINE_CURVE_WITH_KNOTS('',1,(#7368,#7369),.UNSPECIFIED.,.F.,
  .F.,(2,2),(0.,230.),.PIECEWISE_BEZIER_KNOTS.);
#7368 = CARTESIAN_POINT('',(15.,2.,-6.));
#7369 = CARTESIAN_POINT('',(245.,2.,-6.));
#7370 = PCURVE('',#4978,#7371);
#7371 = DEFINITIONAL_REPRESENTATION('',(#7372),#7376);
#7372 = B_SPLINE_CURVE_WITH_KNOTS('',2,(#7373,#7374,#7375),
  .UNSPECIFIED.,.F.,.F.,(3,3),(5.329070518201E-15,230.),
  .PIECEWISE_BEZIER_KNOTS.);
#7373 = CARTESIAN_POINT('',(0.,5.329070518201E-15));
#7374 = CARTESIAN_POINT('',(-4.860052831692E-16,115.));
#7375 = CARTESIAN_POINT('',(-2.466295466829E-16,230.));
#7376 = ( GEOMETRIC_REPRESENTATION_CONTEXT(2) 
PARAMETRIC_REPRESENTATION_CONTEXT() REPRESENTATION_CONTEXT('2D SPACE',''
  ) );
#7377 = PCURVE('',#6671,#7378);
#7378 = DEFINITIONAL_REPRESENTATION('',(#7379),#7382);
#7379 = B_SPLINE_CURVE_WITH_KNOTS('',1,(#7380,#7381),.UNSPECIFIED.,.F.,
  .F.,(2,2),(0.,230.),.PIECEWISE_BEZIER_KNOTS.);
#7380 = CARTESIAN_POINT('',(6.,15.));
#7381 = CARTESIAN_POINT('',(6.,245.));
#7382 = ( GEOMETRIC_REPRESENTATION_CONTEXT(2) 
PARAMETRIC_REPRESENTATION_CONTEXT() REPRESENTATION_CONTEXT('2D SPACE',''
  ) );
#7383 = ADVANCED_FACE('',(#7384),#5006,.F.);
#7384 = FACE_BOUND('',#7385,.F.);
#7385 = EDGE_LOOP('',(#7386,#7387,#7434,#7435));
#7386 = ORIENTED_EDGE('',*,*,#6794,.F.);
#7387 = ORIENTED_EDGE('',*,*,#7388,.T.);
#7388 = EDGE_CURVE('',#6795,#7315,#7389,.T.);
#7389 = SURFACE_CURVE('',#7390,(#7400,#7418),.PCURVE_S1.);
#7390 = B_SPLINE_CURVE_WITH_KNOTS('',8,(#7391,#7392,#7393,#7394,#7395,
    #7396,#7397,#7398,#7399),.UNSPECIFIED.,.F.,.F.,(9,9),(0.,
    1.570796326795),.PIECEWISE_BEZIER_KNOTS.);
#7391 = CARTESIAN_POINT('',(2.,15.,-6.));
#7392 = CARTESIAN_POINT('',(2.,12.447455968958,-6.));
#7393 = CARTESIAN_POINT('',(2.572790256496,9.894911134445,-6.));
#7394 = CARTESIAN_POINT('',(3.718365143671,7.492327953644,-6.));
#7395 = CARTESIAN_POINT('',(5.389636174861,5.389636174861,-6.));
#7396 = CARTESIAN_POINT('',(7.492327953644,3.718365143672,-6.));
#7397 = CARTESIAN_POINT('',(9.894911134445,2.572790256496,-6.));
#7398 = CARTESIAN_POINT('',(12.447455968958,2.,-6.));
#7399 = CARTESIAN_POINT('',(15.,2.,-6.));
#7400 = PCURVE('',#5006,#7401);
#7401 = DEFINITIONAL_REPRESENTATION('',(#7402),#7417);
#7402 = B_SPLINE_CURVE_WITH_KNOTS('',7,(#7403,#7404,#7405,#7406,#7407,
    #7408,#7409,#7410,#7411,#7412,#7413,#7414,#7415,#7416),
  .UNSPECIFIED.,.F.,.F.,(8,6,8),(0.,0.785398163397,1.570796326795),
  .UNSPECIFIED.);
#7403 = CARTESIAN_POINT('',(0.,0.));
#7404 = CARTESIAN_POINT('',(0.124622553384,-4.134725037816E-15));
#7405 = CARTESIAN_POINT('',(0.242488246693,-7.711791060416E-16));
#7406 = CARTESIAN_POINT('',(0.355536509965,1.584974910512E-14));
#7407 = CARTESIAN_POINT('',(0.465188113425,-1.422557978485E-14));
#7408 = CARTESIAN_POINT('',(0.572654247735,6.521255894352E-15));
#7409 = CARTESIAN_POINT('',(0.679026126895,-5.487366686685E-16));
#7410 = CARTESIAN_POINT('',(0.891770199902,-3.040591060919E-16));
#7411 = CARTESIAN_POINT('',(0.998142079065,5.241480566465E-15));
#7412 = CARTESIAN_POINT('',(1.105608213361,-1.213381175528E-14));
#7413 = CARTESIAN_POINT('',(1.21525981682,1.6093790733E-14));
#7414 = CARTESIAN_POINT('',(1.328308080098,-4.405599554329E-15));
#7415 = CARTESIAN_POINT('',(1.446173773413,-2.715573634626E-15));
#7416 = CARTESIAN_POINT('',(1.570796326795,0.));
#7417 = ( GEOMETRIC_REPRESENTATION_CONTEXT(2) 
PARAMETRIC_REPRESENTATION_CONTEXT() REPRESENTATION_CONTEXT('2D SPACE',''
  ) );
#7418 = PCURVE('',#6708,#7419);
#7419 = DEFINITIONAL_REPRESENTATION('',(#7420),#7433);
#7420 = B_SPLINE_CURVE_WITH_KNOTS('',6,(#7421,#7422,#7423,#7424,#7425,
    #7426,#7427,#7428,#7429,#7430,#7431,#7432),.UNSPECIFIED.,.F.,.F.,(7,
    5,7),(0.,0.785398163397,1.570796326795),.UNSPECIFIED.);
#7421 = CARTESIAN_POINT('',(0.,6.));
#7422 = CARTESIAN_POINT('',(0.145392652579,5.999999999999));
#7423 = CARTESIAN_POINT('',(0.281328410979,6.00000000001));
#7424 = CARTESIAN_POINT('',(0.411187802302,5.999999999986));
#7425 = CARTESIAN_POINT('',(0.537194906024,6.000000000008));
#7426 = CARTESIAN_POINT('',(0.661297781031,5.999999999999));
#7427 = CARTESIAN_POINT('',(0.909498545763,5.999999999998));
#7428 = CARTESIAN_POINT('',(1.033601420772,6.000000000013));
#7429 = CARTESIAN_POINT('',(1.159608524489,5.999999999981));
#7430 = CARTESIAN_POINT('',(1.289467915818,6.000000000015));
#7431 = CARTESIAN_POINT('',(1.425403674215,5.999999999997));
#7432 = CARTESIAN_POINT('',(1.570796326795,6.));
#7433 = ( GEOMETRIC_REPRESENTATION_CONTEXT(2) 
PARAMETRIC_REPRESENTATION_CONTEXT() REPRESENTATION_CONTEXT('2D SPACE',''
  ) );
#7434 = ORIENTED_EDGE('',*,*,#7314,.T.);
#7435 = ORIENTED_EDGE('',*,*,#4992,.F.);
#7436 = ADVANCED_FACE('',(#7437),#5085,.T.);
#7437 = FACE_BOUND('',#7438,.T.);
#7438 = EDGE_LOOP('',(#7439,#7440,#7441,#7442));
#7439 = ORIENTED_EDGE('',*,*,#5121,.T.);
#7440 = ORIENTED_EDGE('',*,*,#5386,.T.);
#7441 = ORIENTED_EDGE('',*,*,#5364,.F.);
#7442 = ORIENTED_EDGE('',*,*,#5073,.F.);
#7443 = ADVANCED_FACE('',(#7444),#5243,.F.);
#7444 = FACE_BOUND('',#7445,.F.);
#7445 = EDGE_LOOP('',(#7446,#7477,#7478,#7509));
#7446 = ORIENTED_EDGE('',*,*,#7447,.T.);
#7447 = EDGE_CURVE('',#5228,#5646,#7448,.T.);
#7448 = SURFACE_CURVE('',#7449,(#7453,#7465),.PCURVE_S1.);
#7449 = ( BOUNDED_CURVE() B_SPLINE_CURVE(2,(#7450,#7451,#7452),
.UNSPECIFIED.,.F.,.F.) B_SPLINE_CURVE_WITH_KNOTS((3,3),(4.712388980385,
5.497787143782),.PIECEWISE_BEZIER_KNOTS.) CURVE() 
GEOMETRIC_REPRESENTATION_ITEM() RATIONAL_B_SPLINE_CURVE((1.,
0.923879532511,1.)) REPRESENTATION_ITEM('') );
#7450 = CARTESIAN_POINT('',(63.,171.83075562224,22.279708522772));
#7451 = CARTESIAN_POINT('',(63.,172.24496918461,21.865494960399));
#7452 = CARTESIAN_POINT('',(62.707106781187,172.53786240343,
    21.572601741586));
#7453 = PCURVE('',#5243,#7454);
#7454 = DEFINITIONAL_REPRESENTATION('',(#7455),#7464);
#7455 = B_SPLINE_CURVE_WITH_KNOTS('',7,(#7456,#7457,#7458,#7459,#7460,
    #7461,#7462,#7463),.UNSPECIFIED.,.F.,.F.,(8,8),(4.712388980385,
    5.497787143782),.PIECEWISE_BEZIER_KNOTS.);
#7456 = CARTESIAN_POINT('',(9.105004842228E-09,-1.));
#7457 = CARTESIAN_POINT('',(0.11219974155,-0.890661772323));
#7458 = CARTESIAN_POINT('',(0.224399475295,-0.778550099497));
#7459 = CARTESIAN_POINT('',(0.336599210309,-0.666737019458));
#7460 = CARTESIAN_POINT('',(0.448798946659,-0.559026714461));
#7461 = CARTESIAN_POINT('',(0.560998684267,-0.459346067061));
#7462 = CARTESIAN_POINT('',(0.673198423189,-0.37020676154));
#7463 = CARTESIAN_POINT('',(0.785398163397,-0.292893218813));
#7464 = ( GEOMETRIC_REPRESENTATION_CONTEXT(2) 
PARAMETRIC_REPRESENTATION_CONTEXT() REPRESENTATION_CONTEXT('2D SPACE',''
  ) );
#7465 = PCURVE('',#5325,#7466);
#7466 = DEFINITIONAL_REPRESENTATION('',(#7467),#7476);
#7467 = B_SPLINE_CURVE_WITH_KNOTS('',7,(#7468,#7469,#7470,#7471,#7472,
    #7473,#7474,#7475),.UNSPECIFIED.,.F.,.F.,(8,8),(4.712388980385,
    5.497787143782),.PIECEWISE_BEZIER_KNOTS.);
#7468 = CARTESIAN_POINT('',(-5.551115123126E-17,-0.414213562373));
#7469 = CARTESIAN_POINT('',(0.121444120879,-0.304875334697));
#7470 = CARTESIAN_POINT('',(0.239552892363,-0.192763661862));
#7471 = CARTESIAN_POINT('',(0.354491198248,-8.095058184218E-02));
#7472 = CARTESIAN_POINT('',(0.466410338315,2.675972318346E-02));
#7473 = CARTESIAN_POINT('',(0.575449889581,0.12644037056));
#7474 = CARTESIAN_POINT('',(0.681739122245,0.21557967609));
#7475 = CARTESIAN_POINT('',(0.785398163397,0.292893218813));
#7476 = ( GEOMETRIC_REPRESENTATION_CONTEXT(2) 
PARAMETRIC_REPRESENTATION_CONTEXT() REPRESENTATION_CONTEXT('2D SPACE',''
  ) );
#7477 = ORIENTED_EDGE('',*,*,#5645,.T.);
#7478 = ORIENTED_EDGE('',*,*,#7479,.F.);
#7479 = EDGE_CURVE('',#5230,#5618,#7480,.T.);
#7480 = SURFACE_CURVE('',#7481,(#7485,#7497),.PCURVE_S1.);
#7481 = ( BOUNDED_CURVE() B_SPLINE_CURVE(2,(#7482,#7483,#7484),
.UNSPECIFIED.,.F.,.F.) B_SPLINE_CURVE_WITH_KNOTS((3,3),(1.570795978906,
2.356194490192),.PIECEWISE_BEZIER_KNOTS.) CURVE() 
GEOMETRIC_REPRESENTATION_ITEM() RATIONAL_B_SPLINE_CURVE((1.,
0.923879465946,1.)) REPRESENTATION_ITEM('') );
#7482 = CARTESIAN_POINT('',(63.,177.83075597013,22.279708870662));
#7483 = CARTESIAN_POINT('',(63.0000001441,177.41654220397,21.8654951045)
  );
#7484 = CARTESIAN_POINT('',(62.707106781187,177.12364884105,
    21.572601741586));
#7485 = PCURVE('',#5243,#7486);
#7486 = DEFINITIONAL_REPRESENTATION('',(#7487),#7496);
#7487 = B_SPLINE_CURVE_WITH_KNOTS('',7,(#7488,#7489,#7490,#7491,#7492,
    #7493,#7494,#7495),.UNSPECIFIED.,.F.,.F.,(8,8),(1.5707963359,
    2.356194490192),.PIECEWISE_BEZIER_KNOTS.);
#7488 = CARTESIAN_POINT('',(9.10498804136E-09,5.));
#7489 = CARTESIAN_POINT('',(0.112199745433,4.89066176854));
#7490 = CARTESIAN_POINT('',(0.224399481757,4.778550093021));
#7491 = CARTESIAN_POINT('',(0.336599218091,4.666737011702));
#7492 = CARTESIAN_POINT('',(0.448798954409,4.559026707303));
#7493 = CARTESIAN_POINT('',(0.560998690743,4.459346061751));
#7494 = CARTESIAN_POINT('',(0.67319842707,4.370206758877));
#7495 = CARTESIAN_POINT('',(0.785398163397,4.292893218813));
#7496 = ( GEOMETRIC_REPRESENTATION_CONTEXT(2) 
PARAMETRIC_REPRESENTATION_CONTEXT() REPRESENTATION_CONTEXT('2D SPACE',''
  ) );
#7497 = PCURVE('',#5271,#7498);
#7498 = DEFINITIONAL_REPRESENTATION('',(#7499),#7508);
#7499 = B_SPLINE_CURVE_WITH_KNOTS('',7,(#7500,#7501,#7502,#7503,#7504,
    #7505,#7506,#7507),.UNSPECIFIED.,.F.,.F.,(8,8),(1.5707963359,
    2.356194490192),.PIECEWISE_BEZIER_KNOTS.);
#7500 = CARTESIAN_POINT('',(3.851847560234E-08,-0.414213562373));
#7501 = CARTESIAN_POINT('',(0.121444151871,-0.304875330913));
#7502 = CARTESIAN_POINT('',(0.239552916098,-0.192763655367));
#7503 = CARTESIAN_POINT('',(0.354491214979,-8.095057412892E-02));
#7504 = CARTESIAN_POINT('',(0.46641034828,2.67597303687E-02));
#7505 = CARTESIAN_POINT('',(0.575449893003,0.126440375835));
#7506 = CARTESIAN_POINT('',(0.681739119339,0.215579678765));
#7507 = CARTESIAN_POINT('',(0.785398154363,0.292893218813));
#7508 = ( GEOMETRIC_REPRESENTATION_CONTEXT(2) 
PARAMETRIC_REPRESENTATION_CONTEXT() REPRESENTATION_CONTEXT('2D SPACE',''
  ) );
#7509 = ORIENTED_EDGE('',*,*,#5227,.F.);
#7510 = ADVANCED_FACE('',(#7511),#5325,.T.);
#7511 = FACE_BOUND('',#7512,.T.);
#7512 = EDGE_LOOP('',(#7513,#7514,#7515,#7516,#7562));
#7513 = ORIENTED_EDGE('',*,*,#7447,.T.);
#7514 = ORIENTED_EDGE('',*,*,#5666,.T.);
#7515 = ORIENTED_EDGE('',*,*,#5572,.T.);
#7516 = ORIENTED_EDGE('',*,*,#7517,.F.);
#7517 = EDGE_CURVE('',#5286,#5546,#7518,.T.);
#7518 = SURFACE_CURVE('',#7519,(#7523,#7541),.PCURVE_S1.);
#7519 = ( BOUNDED_CURVE() B_SPLINE_CURVE(2,(#7520,#7521,#7522),
.UNSPECIFIED.,.F.,.F.) B_SPLINE_CURVE_WITH_KNOTS((3,3),(1.570796326795,
3.14159265359),.PIECEWISE_BEZIER_KNOTS.) CURVE() 
GEOMETRIC_REPRESENTATION_ITEM() RATIONAL_B_SPLINE_CURVE((1.,
0.707106781187,1.)) REPRESENTATION_ITEM('') );
#7520 = CARTESIAN_POINT('',(63.,171.83075562224,3.585786437627));
#7521 = CARTESIAN_POINT('',(63.,172.83075562224,4.585786437627));
#7522 = CARTESIAN_POINT('',(62.,172.83075562224,4.585786437627));
#7523 = PCURVE('',#5325,#7524);
#7524 = DEFINITIONAL_REPRESENTATION('',(#7525),#7540);
#7525 = B_SPLINE_CURVE_WITH_KNOTS('',7,(#7526,#7527,#7528,#7529,#7530,
    #7531,#7532,#7533,#7534,#7535,#7536,#7537,#7538,#7539),
  .UNSPECIFIED.,.F.,.F.,(8,6,8),(1.570796326795,2.356194490192,
    3.14159265359),.UNSPECIFIED.);
#7526 = CARTESIAN_POINT('',(3.487868498009E-15,18.279708522772));
#7527 = CARTESIAN_POINT('',(0.112199737629,18.178693654438));
#7528 = CARTESIAN_POINT('',(0.224399475256,18.07274408418));
#7529 = CARTESIAN_POINT('',(0.336599212884,17.96397124994));
#7530 = CARTESIAN_POINT('',(0.448798950512,17.855452309052));
#7531 = CARTESIAN_POINT('',(0.560998688141,17.751521167116));
#7532 = CARTESIAN_POINT('',(0.67319842577,17.65628586751));
#7533 = CARTESIAN_POINT('',(0.897597901028,17.488917683046));
#7534 = CARTESIAN_POINT('',(1.009797638653,17.416790670475));
#7535 = CARTESIAN_POINT('',(1.121997376282,17.359076790476));
#7536 = CARTESIAN_POINT('',(1.234197113919,17.317511537737));
#7537 = CARTESIAN_POINT('',(1.346396851533,17.291614491973));
#7538 = CARTESIAN_POINT('',(1.458596589168,17.279708337942));
#7539 = CARTESIAN_POINT('',(1.570796326795,17.279708522772));
#7540 = ( GEOMETRIC_REPRESENTATION_CONTEXT(2) 
PARAMETRIC_REPRESENTATION_CONTEXT() REPRESENTATION_CONTEXT('2D SPACE',''
  ) );
#7541 = PCURVE('',#5299,#7542);
#7542 = DEFINITIONAL_REPRESENTATION('',(#7543),#7561);
#7543 = B_SPLINE_CURVE_WITH_KNOTS('',8,(#7544,#7545,#7546,#7547,#7548,
    #7549,#7550,#7551,#7552,#7553,#7554,#7555,#7556,#7557,#7558,#7559,
    #7560),.UNSPECIFIED.,.F.,.F.,(9,8,9),(1.570796326795,2.356194490192,
    3.14159265359),.PIECEWISE_BEZIER_KNOTS.);
#7544 = CARTESIAN_POINT('',(4.376046917709E-15,-1.));
#7545 = CARTESIAN_POINT('',(0.112709574353,-0.911611663408));
#7546 = CARTESIAN_POINT('',(0.222527658193,-0.819524891758));
#7547 = CARTESIAN_POINT('',(0.32958406531,-0.725047726552));
#7548 = CARTESIAN_POINT('',(0.433999284647,-0.6300096619));
#7549 = CARTESIAN_POINT('',(0.535885527046,-0.536764793193));
#7550 = CARTESIAN_POINT('',(0.635347583751,-0.448005758441));
#7551 = CARTESIAN_POINT('',(0.732483555436,-0.366116501866));
#7552 = CARTESIAN_POINT('',(0.827385476227,-0.292893218813));
#7553 = CARTESIAN_POINT('',(0.922287397018,-0.219669667597));
#7554 = CARTESIAN_POINT('',(1.014955266962,-0.1551139008));
#7555 = CARTESIAN_POINT('',(1.105481120107,-0.101010972866));
#7556 = CARTESIAN_POINT('',(1.193950924652,-5.858564133929E-02));
#7557 = CARTESIAN_POINT('',(1.280445206366,-2.809162266371E-02));
#7558 = CARTESIAN_POINT('',(1.36503957248,-8.92943075725E-03));
#7559 = CARTESIAN_POINT('',(1.447805157695,1.617815173431E-07));
#7560 = CARTESIAN_POINT('',(1.528809013966,-2.164394118391E-16));
#7561 = ( GEOMETRIC_REPRESENTATION_CONTEXT(2) 
PARAMETRIC_REPRESENTATION_CONTEXT() REPRESENTATION_CONTEXT('2D SPACE',''
  ) );
#7562 = ORIENTED_EDGE('',*,*,#5313,.F.);
#7563 = ADVANCED_FACE('',(#7564),#5271,.F.);
#7564 = FACE_BOUND('',#7565,.F.);
#7565 = EDGE_LOOP('',(#7566,#7567,#7568,#7569,#7615));
#7566 = ORIENTED_EDGE('',*,*,#7479,.T.);
#7567 = ORIENTED_EDGE('',*,*,#5617,.T.);
#7568 = ORIENTED_EDGE('',*,*,#5456,.T.);
#7569 = ORIENTED_EDGE('',*,*,#7570,.F.);
#7570 = EDGE_CURVE('',#5258,#5430,#7571,.T.);
#7571 = SURFACE_CURVE('',#7572,(#7576,#7594),.PCURVE_S1.);
#7572 = ( BOUNDED_CURVE() B_SPLINE_CURVE(2,(#7573,#7574,#7575),
.UNSPECIFIED.,.F.,.F.) B_SPLINE_CURVE_WITH_KNOTS((3,3),(1.570796326795,
3.14159265359),.PIECEWISE_BEZIER_KNOTS.) CURVE() 
GEOMETRIC_REPRESENTATION_ITEM() RATIONAL_B_SPLINE_CURVE((1.,
0.707106781187,1.)) REPRESENTATION_ITEM('') );
#7573 = CARTESIAN_POINT('',(63.,177.83075562224,3.585786437627));
#7574 = CARTESIAN_POINT('',(63.,176.83075562224,4.585786437627));
#7575 = CARTESIAN_POINT('',(62.,176.83075562224,4.585786437627));
#7576 = PCURVE('',#5271,#7577);
#7577 = DEFINITIONAL_REPRESENTATION('',(#7578),#7593);
#7578 = B_SPLINE_CURVE_WITH_KNOTS('',7,(#7579,#7580,#7581,#7582,#7583,
    #7584,#7585,#7586,#7587,#7588,#7589,#7590,#7591,#7592),
  .UNSPECIFIED.,.F.,.F.,(8,6,8),(1.570796326795,2.356194490192,
    3.14159265359),.UNSPECIFIED.);
#7579 = CARTESIAN_POINT('',(3.85185008777E-08,18.279708522772));
#7580 = CARTESIAN_POINT('',(0.112199765311,18.178693654423));
#7581 = CARTESIAN_POINT('',(0.224399493455,18.072744084297));
#7582 = CARTESIAN_POINT('',(0.336599222936,17.963971249707));
#7583 = CARTESIAN_POINT('',(0.448798953779,17.855452309169));
#7584 = CARTESIAN_POINT('',(0.560998685954,17.751521167116));
#7585 = CARTESIAN_POINT('',(0.673198419487,17.65628586751));
#7586 = CARTESIAN_POINT('',(0.89759788924,17.488917683077));
#7587 = CARTESIAN_POINT('',(1.00979762547,17.416790670348));
#7588 = CARTESIAN_POINT('',(1.121997363025,17.359076790731));
#7589 = CARTESIAN_POINT('',(1.234197101953,17.317511537482));
#7590 = CARTESIAN_POINT('',(1.346396842216,17.291614492102));
#7591 = CARTESIAN_POINT('',(1.458596583836,17.27970833791));
#7592 = CARTESIAN_POINT('',(1.570796326795,17.279708522772));
#7593 = ( GEOMETRIC_REPRESENTATION_CONTEXT(2) 
PARAMETRIC_REPRESENTATION_CONTEXT() REPRESENTATION_CONTEXT('2D SPACE',''
  ) );
#7594 = PCURVE('',#5299,#7595);
#7595 = DEFINITIONAL_REPRESENTATION('',(#7596),#7614);
#7596 = B_SPLINE_CURVE_WITH_KNOTS('',8,(#7597,#7598,#7599,#7600,#7601,
    #7602,#7603,#7604,#7605,#7606,#7607,#7608,#7609,#7610,#7611,#7612,
    #7613),.UNSPECIFIED.,.F.,.F.,(9,8,9),(1.570796326795,2.356194490192,
    3.14159265359),.PIECEWISE_BEZIER_KNOTS.);
#7597 = CARTESIAN_POINT('',(5.064530205226E-15,5.));
#7598 = CARTESIAN_POINT('',(0.112709574354,4.911611663379));
#7599 = CARTESIAN_POINT('',(0.222527658203,4.819524892045));
#7600 = CARTESIAN_POINT('',(0.329584065289,4.72504772559));
#7601 = CARTESIAN_POINT('',(0.433999284659,4.630009661651));
#7602 = CARTESIAN_POINT('',(0.535885527025,4.536764792515));
#7603 = CARTESIAN_POINT('',(0.635347583762,4.448005758629));
#7604 = CARTESIAN_POINT('',(0.732483555434,4.366116501832));
#7605 = CARTESIAN_POINT('',(0.827385476227,4.292893218813));
#7606 = CARTESIAN_POINT('',(0.922287397017,4.219669667604));
#7607 = CARTESIAN_POINT('',(1.014955266964,4.155113900795));
#7608 = CARTESIAN_POINT('',(1.105481120094,4.101010972884));
#7609 = CARTESIAN_POINT('',(1.193950924644,4.058585641335));
#7610 = CARTESIAN_POINT('',(1.280445206371,4.028091622637));
#7611 = CARTESIAN_POINT('',(1.365039572481,4.008929430761));
#7612 = CARTESIAN_POINT('',(1.447805157696,3.999999838222));
#7613 = CARTESIAN_POINT('',(1.528809013966,4.));
#7614 = ( GEOMETRIC_REPRESENTATION_CONTEXT(2) 
PARAMETRIC_REPRESENTATION_CONTEXT() REPRESENTATION_CONTEXT('2D SPACE',''
  ) );
#7615 = ORIENTED_EDGE('',*,*,#5257,.F.);
#7616 = ADVANCED_FACE('',(#7617),#5299,.T.);
#7617 = FACE_BOUND('',#7618,.T.);
#7618 = EDGE_LOOP('',(#7619,#7620,#7621,#7622,#7623,#7624));
#7619 = ORIENTED_EDGE('',*,*,#7517,.T.);
#7620 = ORIENTED_EDGE('',*,*,#5545,.T.);
#7621 = ORIENTED_EDGE('',*,*,#5522,.T.);
#7622 = ORIENTED_EDGE('',*,*,#5429,.F.);
#7623 = ORIENTED_EDGE('',*,*,#7570,.F.);
#7624 = ORIENTED_EDGE('',*,*,#5285,.F.);
#7625 = ADVANCED_FACE('',(#7626),#5752,.T.);
#7626 = FACE_BOUND('',#7627,.T.);
#7627 = EDGE_LOOP('',(#7628,#7629,#7630,#7631));
#7628 = ORIENTED_EDGE('',*,*,#5788,.T.);
#7629 = ORIENTED_EDGE('',*,*,#5853,.T.);
#7630 = ORIENTED_EDGE('',*,*,#5831,.F.);
#7631 = ORIENTED_EDGE('',*,*,#5740,.F.);
#7632 = ADVANCED_FACE('',(#7633,#7643),#5933,.T.);
#7633 = FACE_BOUND('',#7634,.T.);
#7634 = EDGE_LOOP('',(#7635,#7636,#7637,#7638,#7639,#7640,#7641,#7642));
#7635 = ORIENTED_EDGE('',*,*,#5971,.T.);
#7636 = ORIENTED_EDGE('',*,*,#6059,.T.);
#7637 = ORIENTED_EDGE('',*,*,#6153,.T.);
#7638 = ORIENTED_EDGE('',*,*,#6221,.T.);
#7639 = ORIENTED_EDGE('',*,*,#6197,.T.);
#7640 = ORIENTED_EDGE('',*,*,#6106,.T.);
#7641 = ORIENTED_EDGE('',*,*,#6015,.T.);
#7642 = ORIENTED_EDGE('',*,*,#5919,.T.);
#7643 = FACE_BOUND('',#7644,.T.);
#7644 = EDGE_LOOP('',(#7645,#7672,#7702,#7727,#7757,#7782,#7812,#7837));
#7645 = ORIENTED_EDGE('',*,*,#7646,.F.);
#7646 = EDGE_CURVE('',#7647,#7649,#7651,.T.);
#7647 = VERTEX_POINT('',#7648);
#7648 = CARTESIAN_POINT('',(79.322305191092,50.243754735703,
    21.515447606385));
#7649 = VERTEX_POINT('',#7650);
#7650 = CARTESIAN_POINT('',(79.322305191092,79.756245264298,
    21.515447606385));
#7651 = SURFACE_CURVE('',#7652,(#7655,#7661),.PCURVE_S1.);
#7652 = B_SPLINE_CURVE_WITH_KNOTS('',1,(#7653,#7654),.UNSPECIFIED.,.F.,
  .F.,(2,2),(0.,29.512490528595),.PIECEWISE_BEZIER_KNOTS.);
#7653 = CARTESIAN_POINT('',(79.322305191092,50.243754735703,
    21.515447606385));
#7654 = CARTESIAN_POINT('',(79.322305191092,79.756245264298,
    21.515447606385));
#7655 = PCURVE('',#5933,#7656);
#7656 = DEFINITIONAL_REPRESENTATION('',(#7657),#7660);
#7657 = B_SPLINE_CURVE_WITH_KNOTS('',1,(#7658,#7659),.UNSPECIFIED.,.F.,
  .F.,(2,2),(0.,29.512490528595),.PIECEWISE_BEZIER_KNOTS.);
#7658 = CARTESIAN_POINT('',(-14.75624526429,-14.32230519109));
#7659 = CARTESIAN_POINT('',(14.756245264298,-14.32230519109));
#7660 = ( GEOMETRIC_REPRESENTATION_CONTEXT(2) 
PARAMETRIC_REPRESENTATION_CONTEXT() REPRESENTATION_CONTEXT('2D SPACE',''
  ) );
#7661 = PCURVE('',#7662,#7667);
#7662 = B_SPLINE_SURFACE_WITH_KNOTS('',1,1,(
    (#7663,#7664)
    ,(#7665,#7666
    )),.UNSPECIFIED.,.F.,.F.,.F.,(2,2),(2,2),(0.,29.512490528595),(
    -21.51544760638,-3.),.PIECEWISE_BEZIER_KNOTS.);
#7663 = CARTESIAN_POINT('',(79.322305191092,50.243754735703,
    21.515447606385));
#7664 = CARTESIAN_POINT('',(79.322305191092,50.243754735703,3.));
#7665 = CARTESIAN_POINT('',(79.322305191092,79.756245264298,
    21.515447606385));
#7666 = CARTESIAN_POINT('',(79.322305191092,79.756245264298,3.));
#7667 = DEFINITIONAL_REPRESENTATION('',(#7668),#7671);
#7668 = B_SPLINE_CURVE_WITH_KNOTS('',1,(#7669,#7670),.UNSPECIFIED.,.F.,
  .F.,(2,2),(0.,29.512490528595),.PIECEWISE_BEZIER_KNOTS.);
#7669 = CARTESIAN_POINT('',(0.,-21.51544760638));
#7670 = CARTESIAN_POINT('',(29.512490528595,-21.51544760638));
#7671 = ( GEOMETRIC_REPRESENTATION_CONTEXT(2) 
PARAMETRIC_REPRESENTATION_CONTEXT() REPRESENTATION_CONTEXT('2D SPACE',''
  ) );
#7672 = ORIENTED_EDGE('',*,*,#7673,.F.);
#7673 = EDGE_CURVE('',#7674,#7647,#7676,.T.);
#7674 = VERTEX_POINT('',#7675);
#7675 = CARTESIAN_POINT('',(76.285046811221,47.206496355832,
    21.515447606385));
#7676 = SURFACE_CURVE('',#7677,(#7681,#7688),.PCURVE_S1.);
#7677 = ( BOUNDED_CURVE() B_SPLINE_CURVE(2,(#7678,#7679,#7680),
.UNSPECIFIED.,.F.,.F.) B_SPLINE_CURVE_WITH_KNOTS((3,3),(3.14159265359,
4.712388980385),.PIECEWISE_BEZIER_KNOTS.) CURVE() 
GEOMETRIC_REPRESENTATION_ITEM() RATIONAL_B_SPLINE_CURVE((1.,
0.707106781187,1.)) REPRESENTATION_ITEM('') );
#7678 = CARTESIAN_POINT('',(76.285046811221,47.206496355832,
    21.515447606385));
#7679 = CARTESIAN_POINT('',(79.322305191092,47.206496355832,
    21.515447606385));
#7680 = CARTESIAN_POINT('',(79.322305191092,50.243754735703,
    21.515447606385));
#7681 = PCURVE('',#5933,#7682);
#7682 = DEFINITIONAL_REPRESENTATION('',(#7683),#7687);
#7683 = ( BOUNDED_CURVE() B_SPLINE_CURVE(2,(#7684,#7685,#7686),
.UNSPECIFIED.,.F.,.F.) B_SPLINE_CURVE_WITH_KNOTS((3,3),(3.14159265359,
4.712388980385),.PIECEWISE_BEZIER_KNOTS.) CURVE() 
GEOMETRIC_REPRESENTATION_ITEM() RATIONAL_B_SPLINE_CURVE((1.,
0.707106781187,1.)) REPRESENTATION_ITEM('') );
#7684 = CARTESIAN_POINT('',(-17.79350364416,-11.28504681122));
#7685 = CARTESIAN_POINT('',(-17.79350364416,-14.32230519109));
#7686 = CARTESIAN_POINT('',(-14.75624526429,-14.32230519109));
#7687 = ( GEOMETRIC_REPRESENTATION_CONTEXT(2) 
PARAMETRIC_REPRESENTATION_CONTEXT() REPRESENTATION_CONTEXT('2D SPACE',''
  ) );
#7688 = PCURVE('',#7689,#7696);
#7689 = ( BOUNDED_SURFACE() B_SPLINE_SURFACE(2,1,(
    (#7690,#7691)
    ,(#7692,#7693)
    ,(#7694,#7695
)),.UNSPECIFIED.,.F.,.F.,.F.) B_SPLINE_SURFACE_WITH_KNOTS((3,3),(2,2),(
    3.14159265359,4.712388980385),(-21.51544760638,-3.),
.PIECEWISE_BEZIER_KNOTS.) GEOMETRIC_REPRESENTATION_ITEM() 
RATIONAL_B_SPLINE_SURFACE((
    (1.,1.)
    ,(0.707106781187,0.707106781187)
,(1.,1.))) REPRESENTATION_ITEM('') SURFACE() );
#7690 = CARTESIAN_POINT('',(76.285046811221,47.206496355832,
    21.515447606385));
#7691 = CARTESIAN_POINT('',(76.285046811221,47.206496355832,3.));
#7692 = CARTESIAN_POINT('',(79.322305191092,47.206496355832,
    21.515447606385));
#7693 = CARTESIAN_POINT('',(79.322305191092,47.206496355832,3.));
#7694 = CARTESIAN_POINT('',(79.322305191092,50.243754735703,
    21.515447606385));
#7695 = CARTESIAN_POINT('',(79.322305191092,50.243754735703,3.));
#7696 = DEFINITIONAL_REPRESENTATION('',(#7697),#7701);
#7697 = B_SPLINE_CURVE_WITH_KNOTS('',2,(#7698,#7699,#7700),
  .UNSPECIFIED.,.F.,.F.,(3,3),(3.14159265359,4.712388980385),
  .PIECEWISE_BEZIER_KNOTS.);
#7698 = CARTESIAN_POINT('',(3.14159265359,-21.51544760638));
#7699 = CARTESIAN_POINT('',(3.926990816987,-21.51544760638));
#7700 = CARTESIAN_POINT('',(4.712388980385,-21.51544760638));
#7701 = ( GEOMETRIC_REPRESENTATION_CONTEXT(2) 
PARAMETRIC_REPRESENTATION_CONTEXT() REPRESENTATION_CONTEXT('2D SPACE',''
  ) );
#7702 = ORIENTED_EDGE('',*,*,#7703,.F.);
#7703 = EDGE_CURVE('',#7704,#7674,#7706,.T.);
#7704 = VERTEX_POINT('',#7705);
#7705 = CARTESIAN_POINT('',(53.714953188779,47.206496355832,
    21.515447606385));
#7706 = SURFACE_CURVE('',#7707,(#7710,#7716),.PCURVE_S1.);
#7707 = B_SPLINE_CURVE_WITH_KNOTS('',1,(#7708,#7709),.UNSPECIFIED.,.F.,
  .F.,(2,2),(0.,22.570093622442),.PIECEWISE_BEZIER_KNOTS.);
#7708 = CARTESIAN_POINT('',(53.714953188779,47.206496355832,
    21.515447606385));
#7709 = CARTESIAN_POINT('',(76.285046811221,47.206496355832,
    21.515447606385));
#7710 = PCURVE('',#5933,#7711);
#7711 = DEFINITIONAL_REPRESENTATION('',(#7712),#7715);
#7712 = B_SPLINE_CURVE_WITH_KNOTS('',1,(#7713,#7714),.UNSPECIFIED.,.F.,
  .F.,(2,2),(0.,22.570093622442),.PIECEWISE_BEZIER_KNOTS.);
#7713 = CARTESIAN_POINT('',(-17.79350364416,11.285046811221));
#7714 = CARTESIAN_POINT('',(-17.79350364416,-11.28504681122));
#7715 = ( GEOMETRIC_REPRESENTATION_CONTEXT(2) 
PARAMETRIC_REPRESENTATION_CONTEXT() REPRESENTATION_CONTEXT('2D SPACE',''
  ) );
#7716 = PCURVE('',#7717,#7722);
#7717 = B_SPLINE_SURFACE_WITH_KNOTS('',1,1,(
    (#7718,#7719)
    ,(#7720,#7721
    )),.UNSPECIFIED.,.F.,.F.,.F.,(2,2),(2,2),(0.,22.570093622442),(
    -21.51544760638,-3.),.PIECEWISE_BEZIER_KNOTS.);
#7718 = CARTESIAN_POINT('',(53.714953188779,47.206496355832,
    21.515447606385));
#7719 = CARTESIAN_POINT('',(53.714953188779,47.206496355832,3.));
#7720 = CARTESIAN_POINT('',(76.285046811221,47.206496355832,
    21.515447606385));
#7721 = CARTESIAN_POINT('',(76.285046811221,47.206496355832,3.));
#7722 = DEFINITIONAL_REPRESENTATION('',(#7723),#7726);
#7723 = B_SPLINE_CURVE_WITH_KNOTS('',1,(#7724,#7725),.UNSPECIFIED.,.F.,
  .F.,(2,2),(0.,22.570093622442),.PIECEWISE_BEZIER_KNOTS.);
#7724 = CARTESIAN_POINT('',(0.,-21.51544760638));
#7725 = CARTESIAN_POINT('',(22.570093622443,-21.51544760638));
#7726 = ( GEOMETRIC_REPRESENTATION_CONTEXT(2) 
PARAMETRIC_REPRESENTATION_CONTEXT() REPRESENTATION_CONTEXT('2D SPACE',''
  ) );
#7727 = ORIENTED_EDGE('',*,*,#7728,.F.);
#7728 = EDGE_CURVE('',#7729,#7704,#7731,.T.);
#7729 = VERTEX_POINT('',#7730);
#7730 = CARTESIAN_POINT('',(50.677694808908,50.243754735703,
    21.515447606385));
#7731 = SURFACE_CURVE('',#7732,(#7736,#7743),.PCURVE_S1.);
#7732 = ( BOUNDED_CURVE() B_SPLINE_CURVE(2,(#7733,#7734,#7735),
.UNSPECIFIED.,.F.,.F.) B_SPLINE_CURVE_WITH_KNOTS((3,3),(1.570796326795,
3.14159265359),.PIECEWISE_BEZIER_KNOTS.) CURVE() 
GEOMETRIC_REPRESENTATION_ITEM() RATIONAL_B_SPLINE_CURVE((1.,
0.707106781187,1.)) REPRESENTATION_ITEM('') );
#7733 = CARTESIAN_POINT('',(50.677694808908,50.243754735703,
    21.515447606385));
#7734 = CARTESIAN_POINT('',(50.677694808908,47.206496355832,
    21.515447606385));
#7735 = CARTESIAN_POINT('',(53.714953188779,47.206496355832,
    21.515447606385));
#7736 = PCURVE('',#5933,#7737);
#7737 = DEFINITIONAL_REPRESENTATION('',(#7738),#7742);
#7738 = ( BOUNDED_CURVE() B_SPLINE_CURVE(2,(#7739,#7740,#7741),
.UNSPECIFIED.,.F.,.F.) B_SPLINE_CURVE_WITH_KNOTS((3,3),(1.570796326795,
3.14159265359),.PIECEWISE_BEZIER_KNOTS.) CURVE() 
GEOMETRIC_REPRESENTATION_ITEM() RATIONAL_B_SPLINE_CURVE((1.,
0.707106781187,1.)) REPRESENTATION_ITEM('') );
#7739 = CARTESIAN_POINT('',(-14.75624526429,14.322305191092));
#7740 = CARTESIAN_POINT('',(-17.79350364416,14.322305191092));
#7741 = CARTESIAN_POINT('',(-17.79350364416,11.285046811221));
#7742 = ( GEOMETRIC_REPRESENTATION_CONTEXT(2) 
PARAMETRIC_REPRESENTATION_CONTEXT() REPRESENTATION_CONTEXT('2D SPACE',''
  ) );
#7743 = PCURVE('',#7744,#7751);
#7744 = ( BOUNDED_SURFACE() B_SPLINE_SURFACE(2,1,(
    (#7745,#7746)
    ,(#7747,#7748)
    ,(#7749,#7750
)),.UNSPECIFIED.,.F.,.F.,.F.) B_SPLINE_SURFACE_WITH_KNOTS((3,3),(2,2),(
    1.570796326795,3.14159265359),(-21.51544760638,-3.),
.PIECEWISE_BEZIER_KNOTS.) GEOMETRIC_REPRESENTATION_ITEM() 
RATIONAL_B_SPLINE_SURFACE((
    (1.,1.)
    ,(0.707106781187,0.707106781187)
,(1.,1.))) REPRESENTATION_ITEM('') SURFACE() );
#7745 = CARTESIAN_POINT('',(50.677694808908,50.243754735703,
    21.515447606385));
#7746 = CARTESIAN_POINT('',(50.677694808908,50.243754735703,3.));
#7747 = CARTESIAN_POINT('',(50.677694808908,47.206496355832,
    21.515447606385));
#7748 = CARTESIAN_POINT('',(50.677694808908,47.206496355832,3.));
#7749 = CARTESIAN_POINT('',(53.714953188779,47.206496355832,
    21.515447606385));
#7750 = CARTESIAN_POINT('',(53.714953188779,47.206496355832,3.));
#7751 = DEFINITIONAL_REPRESENTATION('',(#7752),#7756);
#7752 = B_SPLINE_CURVE_WITH_KNOTS('',2,(#7753,#7754,#7755),
  .UNSPECIFIED.,.F.,.F.,(3,3),(1.570796326795,3.14159265359),
  .PIECEWISE_BEZIER_KNOTS.);
#7753 = CARTESIAN_POINT('',(1.570796326795,-21.51544760638));
#7754 = CARTESIAN_POINT('',(2.356194490192,-21.51544760638));
#7755 = CARTESIAN_POINT('',(3.14159265359,-21.51544760638));
#7756 = ( GEOMETRIC_REPRESENTATION_CONTEXT(2) 
PARAMETRIC_REPRESENTATION_CONTEXT() REPRESENTATION_CONTEXT('2D SPACE',''
  ) );
#7757 = ORIENTED_EDGE('',*,*,#7758,.F.);
#7758 = EDGE_CURVE('',#7759,#7729,#7761,.T.);
#7759 = VERTEX_POINT('',#7760);
#7760 = CARTESIAN_POINT('',(50.677694808908,79.756245264298,
    21.515447606385));
#7761 = SURFACE_CURVE('',#7762,(#7765,#7771),.PCURVE_S1.);
#7762 = B_SPLINE_CURVE_WITH_KNOTS('',1,(#7763,#7764),.UNSPECIFIED.,.F.,
  .F.,(2,2),(0.,29.512490528595),.PIECEWISE_BEZIER_KNOTS.);
#7763 = CARTESIAN_POINT('',(50.677694808908,79.756245264297,
    21.515447606385));
#7764 = CARTESIAN_POINT('',(50.677694808908,50.243754735702,
    21.515447606385));
#7765 = PCURVE('',#5933,#7766);
#7766 = DEFINITIONAL_REPRESENTATION('',(#7767),#7770);
#7767 = B_SPLINE_CURVE_WITH_KNOTS('',1,(#7768,#7769),.UNSPECIFIED.,.F.,
  .F.,(2,2),(0.,29.512490528595),.PIECEWISE_BEZIER_KNOTS.);
#7768 = CARTESIAN_POINT('',(14.756245264297,14.322305191092));
#7769 = CARTESIAN_POINT('',(-14.75624526429,14.322305191092));
#7770 = ( GEOMETRIC_REPRESENTATION_CONTEXT(2) 
PARAMETRIC_REPRESENTATION_CONTEXT() REPRESENTATION_CONTEXT('2D SPACE',''
  ) );
#7771 = PCURVE('',#7772,#7777);
#7772 = B_SPLINE_SURFACE_WITH_KNOTS('',1,1,(
    (#7773,#7774)
    ,(#7775,#7776
    )),.UNSPECIFIED.,.F.,.F.,.F.,(2,2),(2,2),(0.,29.512490528595),(
    -21.51544760638,-3.),.PIECEWISE_BEZIER_KNOTS.);
#7773 = CARTESIAN_POINT('',(50.677694808908,79.756245264297,
    21.515447606385));
#7774 = CARTESIAN_POINT('',(50.677694808908,79.756245264297,3.));
#7775 = CARTESIAN_POINT('',(50.677694808908,50.243754735702,
    21.515447606385));
#7776 = CARTESIAN_POINT('',(50.677694808908,50.243754735702,3.));
#7777 = DEFINITIONAL_REPRESENTATION('',(#7778),#7781);
#7778 = B_SPLINE_CURVE_WITH_KNOTS('',1,(#7779,#7780),.UNSPECIFIED.,.F.,
  .F.,(2,2),(0.,29.512490528595),.PIECEWISE_BEZIER_KNOTS.);
#7779 = CARTESIAN_POINT('',(0.,-21.51544760638));
#7780 = CARTESIAN_POINT('',(29.512490528595,-21.51544760638));
#7781 = ( GEOMETRIC_REPRESENTATION_CONTEXT(2) 
PARAMETRIC_REPRESENTATION_CONTEXT() REPRESENTATION_CONTEXT('2D SPACE',''
  ) );
#7782 = ORIENTED_EDGE('',*,*,#7783,.F.);
#7783 = EDGE_CURVE('',#7784,#7759,#7786,.T.);
#7784 = VERTEX_POINT('',#7785);
#7785 = CARTESIAN_POINT('',(53.714953188779,82.793503644168,
    21.515447606385));
#7786 = SURFACE_CURVE('',#7787,(#7791,#7798),.PCURVE_S1.);
#7787 = ( BOUNDED_CURVE() B_SPLINE_CURVE(2,(#7788,#7789,#7790),
.UNSPECIFIED.,.F.,.F.) B_SPLINE_CURVE_WITH_KNOTS((3,3),(0.,
1.570796326795),.PIECEWISE_BEZIER_KNOTS.) CURVE() 
GEOMETRIC_REPRESENTATION_ITEM() RATIONAL_B_SPLINE_CURVE((1.,
0.707106781187,1.)) REPRESENTATION_ITEM('') );
#7788 = CARTESIAN_POINT('',(53.714953188779,82.793503644168,
    21.515447606385));
#7789 = CARTESIAN_POINT('',(50.677694808908,82.793503644168,
    21.515447606385));
#7790 = CARTESIAN_POINT('',(50.677694808908,79.756245264297,
    21.515447606385));
#7791 = PCURVE('',#5933,#7792);
#7792 = DEFINITIONAL_REPRESENTATION('',(#7793),#7797);
#7793 = ( BOUNDED_CURVE() B_SPLINE_CURVE(2,(#7794,#7795,#7796),
.UNSPECIFIED.,.F.,.F.) B_SPLINE_CURVE_WITH_KNOTS((3,3),(0.,
1.570796326795),.PIECEWISE_BEZIER_KNOTS.) CURVE() 
GEOMETRIC_REPRESENTATION_ITEM() RATIONAL_B_SPLINE_CURVE((1.,
0.707106781187,1.)) REPRESENTATION_ITEM('') );
#7794 = CARTESIAN_POINT('',(17.793503644168,11.285046811221));
#7795 = CARTESIAN_POINT('',(17.793503644168,14.322305191092));
#7796 = CARTESIAN_POINT('',(14.756245264297,14.322305191092));
#7797 = ( GEOMETRIC_REPRESENTATION_CONTEXT(2) 
PARAMETRIC_REPRESENTATION_CONTEXT() REPRESENTATION_CONTEXT('2D SPACE',''
  ) );
#7798 = PCURVE('',#7799,#7806);
#7799 = ( BOUNDED_SURFACE() B_SPLINE_SURFACE(2,1,(
    (#7800,#7801)
    ,(#7802,#7803)
    ,(#7804,#7805
)),.UNSPECIFIED.,.F.,.F.,.F.) B_SPLINE_SURFACE_WITH_KNOTS((3,3),(2,2),(
    0.,1.570796326795),(-21.51544760638,-3.),.PIECEWISE_BEZIER_KNOTS.) 
GEOMETRIC_REPRESENTATION_ITEM() RATIONAL_B_SPLINE_SURFACE((
    (1.,1.)
    ,(0.707106781187,0.707106781187)
,(1.,1.))) REPRESENTATION_ITEM('') SURFACE() );
#7800 = CARTESIAN_POINT('',(53.714953188779,82.793503644168,
    21.515447606385));
#7801 = CARTESIAN_POINT('',(53.714953188779,82.793503644168,3.));
#7802 = CARTESIAN_POINT('',(50.677694808908,82.793503644168,
    21.515447606385));
#7803 = CARTESIAN_POINT('',(50.677694808908,82.793503644168,3.));
#7804 = CARTESIAN_POINT('',(50.677694808908,79.756245264297,
    21.515447606385));
#7805 = CARTESIAN_POINT('',(50.677694808908,79.756245264297,3.));
#7806 = DEFINITIONAL_REPRESENTATION('',(#7807),#7811);
#7807 = B_SPLINE_CURVE_WITH_KNOTS('',2,(#7808,#7809,#7810),
  .UNSPECIFIED.,.F.,.F.,(3,3),(0.,1.570796326795),
  .PIECEWISE_BEZIER_KNOTS.);
#7808 = CARTESIAN_POINT('',(6.043752144197E-44,-21.51544760638));
#7809 = CARTESIAN_POINT('',(0.785398163397,-21.51544760638));
#7810 = CARTESIAN_POINT('',(1.570796326795,-21.51544760638));
#7811 = ( GEOMETRIC_REPRESENTATION_CONTEXT(2) 
PARAMETRIC_REPRESENTATION_CONTEXT() REPRESENTATION_CONTEXT('2D SPACE',''
  ) );
#7812 = ORIENTED_EDGE('',*,*,#7813,.F.);
#7813 = EDGE_CURVE('',#7814,#7784,#7816,.T.);
#7814 = VERTEX_POINT('',#7815);
#7815 = CARTESIAN_POINT('',(76.285046811221,82.793503644168,
    21.515447606385));
#7816 = SURFACE_CURVE('',#7817,(#7820,#7826),.PCURVE_S1.);
#7817 = B_SPLINE_CURVE_WITH_KNOTS('',1,(#7818,#7819),.UNSPECIFIED.,.F.,
  .F.,(2,2),(0.,22.570093622442),.PIECEWISE_BEZIER_KNOTS.);
#7818 = CARTESIAN_POINT('',(76.285046811221,82.793503644168,
    21.515447606385));
#7819 = CARTESIAN_POINT('',(53.714953188779,82.793503644168,
    21.515447606385));
#7820 = PCURVE('',#5933,#7821);
#7821 = DEFINITIONAL_REPRESENTATION('',(#7822),#7825);
#7822 = B_SPLINE_CURVE_WITH_KNOTS('',1,(#7823,#7824),.UNSPECIFIED.,.F.,
  .F.,(2,2),(0.,22.570093622442),.PIECEWISE_BEZIER_KNOTS.);
#7823 = CARTESIAN_POINT('',(17.793503644168,-11.28504681122));
#7824 = CARTESIAN_POINT('',(17.793503644168,11.285046811221));
#7825 = ( GEOMETRIC_REPRESENTATION_CONTEXT(2) 
PARAMETRIC_REPRESENTATION_CONTEXT() REPRESENTATION_CONTEXT('2D SPACE',''
  ) );
#7826 = PCURVE('',#7827,#7832);
#7827 = B_SPLINE_SURFACE_WITH_KNOTS('',1,1,(
    (#7828,#7829)
    ,(#7830,#7831
    )),.UNSPECIFIED.,.F.,.F.,.F.,(2,2),(2,2),(0.,22.570093622442),(
    -21.51544760638,-3.),.PIECEWISE_BEZIER_KNOTS.);
#7828 = CARTESIAN_POINT('',(76.285046811221,82.793503644168,
    21.515447606385));
#7829 = CARTESIAN_POINT('',(76.285046811221,82.793503644168,3.));
#7830 = CARTESIAN_POINT('',(53.714953188779,82.793503644168,
    21.515447606385));
#7831 = CARTESIAN_POINT('',(53.714953188779,82.793503644168,3.));
#7832 = DEFINITIONAL_REPRESENTATION('',(#7833),#7836);
#7833 = B_SPLINE_CURVE_WITH_KNOTS('',1,(#7834,#7835),.UNSPECIFIED.,.F.,
  .F.,(2,2),(0.,22.570093622442),.PIECEWISE_BEZIER_KNOTS.);
#7834 = CARTESIAN_POINT('',(0.,-21.51544760638));
#7835 = CARTESIAN_POINT('',(22.570093622442,-21.51544760638));
#7836 = ( GEOMETRIC_REPRESENTATION_CONTEXT(2) 
PARAMETRIC_REPRESENTATION_CONTEXT() REPRESENTATION_CONTEXT('2D SPACE',''
  ) );
#7837 = ORIENTED_EDGE('',*,*,#7838,.F.);
#7838 = EDGE_CURVE('',#7649,#7814,#7839,.T.);
#7839 = SURFACE_CURVE('',#7840,(#7844,#7851),.PCURVE_S1.);
#7840 = ( BOUNDED_CURVE() B_SPLINE_CURVE(2,(#7841,#7842,#7843),
.UNSPECIFIED.,.F.,.F.) B_SPLINE_CURVE_WITH_KNOTS((3,3),(4.712388980385,
6.28318530718),.PIECEWISE_BEZIER_KNOTS.) CURVE() 
GEOMETRIC_REPRESENTATION_ITEM() RATIONAL_B_SPLINE_CURVE((1.,
0.707106781187,1.)) REPRESENTATION_ITEM('') );
#7841 = CARTESIAN_POINT('',(79.322305191092,79.756245264297,
    21.515447606385));
#7842 = CARTESIAN_POINT('',(79.322305191092,82.793503644168,
    21.515447606385));
#7843 = CARTESIAN_POINT('',(76.285046811221,82.793503644168,
    21.515447606385));
#7844 = PCURVE('',#5933,#7845);
#7845 = DEFINITIONAL_REPRESENTATION('',(#7846),#7850);
#7846 = ( BOUNDED_CURVE() B_SPLINE_CURVE(2,(#7847,#7848,#7849),
.UNSPECIFIED.,.F.,.F.) B_SPLINE_CURVE_WITH_KNOTS((3,3),(4.712388980385,
6.28318530718),.PIECEWISE_BEZIER_KNOTS.) CURVE() 
GEOMETRIC_REPRESENTATION_ITEM() RATIONAL_B_SPLINE_CURVE((1.,
0.707106781187,1.)) REPRESENTATION_ITEM('') );
#7847 = CARTESIAN_POINT('',(14.756245264297,-14.32230519109));
#7848 = CARTESIAN_POINT('',(17.793503644168,-14.32230519109));
#7849 = CARTESIAN_POINT('',(17.793503644168,-11.28504681122));
#7850 = ( GEOMETRIC_REPRESENTATION_CONTEXT(2) 
PARAMETRIC_REPRESENTATION_CONTEXT() REPRESENTATION_CONTEXT('2D SPACE',''
  ) );
#7851 = PCURVE('',#7852,#7859);
#7852 = ( BOUNDED_SURFACE() B_SPLINE_SURFACE(2,1,(
    (#7853,#7854)
    ,(#7855,#7856)
    ,(#7857,#7858
)),.UNSPECIFIED.,.F.,.F.,.F.) B_SPLINE_SURFACE_WITH_KNOTS((3,3),(2,2),(
    4.712388980385,6.28318530718),(-21.51544760638,-3.),
.PIECEWISE_BEZIER_KNOTS.) GEOMETRIC_REPRESENTATION_ITEM() 
RATIONAL_B_SPLINE_SURFACE((
    (1.,1.)
    ,(0.707106781187,0.707106781187)
,(1.,1.))) REPRESENTATION_ITEM('') SURFACE() );
#7853 = CARTESIAN_POINT('',(79.322305191092,79.756245264297,
    21.515447606385));
#7854 = CARTESIAN_POINT('',(79.322305191092,79.756245264297,3.));
#7855 = CARTESIAN_POINT('',(79.322305191092,82.793503644168,
    21.515447606385));
#7856 = CARTESIAN_POINT('',(79.322305191092,82.793503644168,3.));
#7857 = CARTESIAN_POINT('',(76.285046811221,82.793503644168,
    21.515447606385));
#7858 = CARTESIAN_POINT('',(76.285046811221,82.793503644168,3.));
#7859 = DEFINITIONAL_REPRESENTATION('',(#7860),#7864);
#7860 = B_SPLINE_CURVE_WITH_KNOTS('',2,(#7861,#7862,#7863),
  .UNSPECIFIED.,.F.,.F.,(3,3),(4.712388980385,6.28318530718),
  .PIECEWISE_BEZIER_KNOTS.);
#7861 = CARTESIAN_POINT('',(4.712388980385,-21.51544760638));
#7862 = CARTESIAN_POINT('',(5.497787143782,-21.51544760638));
#7863 = CARTESIAN_POINT('',(6.28318530718,-21.51544760638));
#7864 = ( GEOMETRIC_REPRESENTATION_CONTEXT(2) 
PARAMETRIC_REPRESENTATION_CONTEXT() REPRESENTATION_CONTEXT('2D SPACE',''
  ) );
#7865 = ADVANCED_FACE('',(#7866),#6443,.T.);
#7866 = FACE_BOUND('',#7867,.T.);
#7867 = EDGE_LOOP('',(#7868,#7887,#7888,#7907));
#7868 = ORIENTED_EDGE('',*,*,#7869,.F.);
#7869 = EDGE_CURVE('',#6745,#6428,#7870,.T.);
#7870 = SURFACE_CURVE('',#7871,(#7874,#7880),.PCURVE_S1.);
#7871 = B_SPLINE_CURVE_WITH_KNOTS('',1,(#7872,#7873),.UNSPECIFIED.,.F.,
  .F.,(2,2),(6.,15.),.PIECEWISE_BEZIER_KNOTS.);
#7872 = CARTESIAN_POINT('',(2.,245.,-6.));
#7873 = CARTESIAN_POINT('',(2.,245.,-15.));
#7874 = PCURVE('',#6443,#7875);
#7875 = DEFINITIONAL_REPRESENTATION('',(#7876),#7879);
#7876 = B_SPLINE_CURVE_WITH_KNOTS('',1,(#7877,#7878),.UNSPECIFIED.,.F.,
  .F.,(2,2),(6.,15.),.PIECEWISE_BEZIER_KNOTS.);
#7877 = CARTESIAN_POINT('',(6.,-15.));
#7878 = CARTESIAN_POINT('',(15.,-15.));
#7879 = ( GEOMETRIC_REPRESENTATION_CONTEXT(2) 
PARAMETRIC_REPRESENTATION_CONTEXT() REPRESENTATION_CONTEXT('2D SPACE',''
  ) );
#7880 = PCURVE('',#6482,#7881);
#7881 = DEFINITIONAL_REPRESENTATION('',(#7882),#7886);
#7882 = B_SPLINE_CURVE_WITH_KNOTS('',2,(#7883,#7884,#7885),
  .UNSPECIFIED.,.F.,.F.,(3,3),(6.,15.),.PIECEWISE_BEZIER_KNOTS.);
#7883 = CARTESIAN_POINT('',(1.425313104187E-32,6.));
#7884 = CARTESIAN_POINT('',(-1.383392130534E-32,10.5));
#7885 = CARTESIAN_POINT('',(0.,15.));
#7886 = ( GEOMETRIC_REPRESENTATION_CONTEXT(2) 
PARAMETRIC_REPRESENTATION_CONTEXT() REPRESENTATION_CONTEXT('2D SPACE',''
  ) );
#7887 = ORIENTED_EDGE('',*,*,#6843,.T.);
#7888 = ORIENTED_EDGE('',*,*,#7889,.T.);
#7889 = EDGE_CURVE('',#6795,#6430,#7890,.T.);
#7890 = SURFACE_CURVE('',#7891,(#7894,#7900),.PCURVE_S1.);
#7891 = B_SPLINE_CURVE_WITH_KNOTS('',1,(#7892,#7893),.UNSPECIFIED.,.F.,
  .F.,(2,2),(6.,15.),.PIECEWISE_BEZIER_KNOTS.);
#7892 = CARTESIAN_POINT('',(2.,15.,-6.));
#7893 = CARTESIAN_POINT('',(2.,15.,-15.));
#7894 = PCURVE('',#6443,#7895);
#7895 = DEFINITIONAL_REPRESENTATION('',(#7896),#7899);
#7896 = B_SPLINE_CURVE_WITH_KNOTS('',1,(#7897,#7898),.UNSPECIFIED.,.F.,
  .F.,(2,2),(6.,15.),.PIECEWISE_BEZIER_KNOTS.);
#7897 = CARTESIAN_POINT('',(6.,-245.));
#7898 = CARTESIAN_POINT('',(15.,-245.));
#7899 = ( GEOMETRIC_REPRESENTATION_CONTEXT(2) 
PARAMETRIC_REPRESENTATION_CONTEXT() REPRESENTATION_CONTEXT('2D SPACE',''
  ) );
#7900 = PCURVE('',#6708,#7901);
#7901 = DEFINITIONAL_REPRESENTATION('',(#7902),#7906);
#7902 = B_SPLINE_CURVE_WITH_KNOTS('',2,(#7903,#7904,#7905),
  .UNSPECIFIED.,.F.,.F.,(3,3),(6.,15.),.PIECEWISE_BEZIER_KNOTS.);
#7903 = CARTESIAN_POINT('',(0.,6.));
#7904 = CARTESIAN_POINT('',(0.,10.5));
#7905 = CARTESIAN_POINT('',(0.,15.));
#7906 = ( GEOMETRIC_REPRESENTATION_CONTEXT(2) 
PARAMETRIC_REPRESENTATION_CONTEXT() REPRESENTATION_CONTEXT('2D SPACE',''
  ) );
#7907 = ORIENTED_EDGE('',*,*,#6427,.F.);
#7908 = ADVANCED_FACE('',(#7909),#6482,.F.);
#7909 = FACE_BOUND('',#7910,.F.);
#7910 = EDGE_LOOP('',(#7911,#7930,#7931,#7932));
#7911 = ORIENTED_EDGE('',*,*,#7912,.T.);
#7912 = EDGE_CURVE('',#6866,#6455,#7913,.T.);
#7913 = SURFACE_CURVE('',#7914,(#7917,#7924),.PCURVE_S1.);
#7914 = B_SPLINE_CURVE_WITH_KNOTS('',1,(#7915,#7916),.UNSPECIFIED.,.F.,
  .F.,(2,2),(6.,15.),.PIECEWISE_BEZIER_KNOTS.);
#7915 = CARTESIAN_POINT('',(15.,258.,-6.));
#7916 = CARTESIAN_POINT('',(15.,258.,-15.));
#7917 = PCURVE('',#6482,#7918);
#7918 = DEFINITIONAL_REPRESENTATION('',(#7919),#7923);
#7919 = B_SPLINE_CURVE_WITH_KNOTS('',2,(#7920,#7921,#7922),
  .UNSPECIFIED.,.F.,.F.,(3,3),(6.,15.),.PIECEWISE_BEZIER_KNOTS.);
#7920 = CARTESIAN_POINT('',(1.570796326795,6.));
#7921 = CARTESIAN_POINT('',(1.570796326795,10.5));
#7922 = CARTESIAN_POINT('',(1.570796326795,15.));
#7923 = ( GEOMETRIC_REPRESENTATION_CONTEXT(2) 
PARAMETRIC_REPRESENTATION_CONTEXT() REPRESENTATION_CONTEXT('2D SPACE',''
  ) );
#7924 = PCURVE('',#6519,#7925);
#7925 = DEFINITIONAL_REPRESENTATION('',(#7926),#7929);
#7926 = B_SPLINE_CURVE_WITH_KNOTS('',1,(#7927,#7928),.UNSPECIFIED.,.F.,
  .F.,(2,2),(6.,15.),.PIECEWISE_BEZIER_KNOTS.);
#7927 = CARTESIAN_POINT('',(6.,15.));
#7928 = CARTESIAN_POINT('',(15.,15.));
#7929 = ( GEOMETRIC_REPRESENTATION_CONTEXT(2) 
PARAMETRIC_REPRESENTATION_CONTEXT() REPRESENTATION_CONTEXT('2D SPACE',''
  ) );
#7930 = ORIENTED_EDGE('',*,*,#6454,.F.);
#7931 = ORIENTED_EDGE('',*,*,#7869,.F.);
#7932 = ORIENTED_EDGE('',*,*,#6914,.F.);
#7933 = ADVANCED_FACE('',(#7934),#6519,.T.);
#7934 = FACE_BOUND('',#7935,.T.);
#7935 = EDGE_LOOP('',(#7936,#7937,#7938,#7957));
#7936 = ORIENTED_EDGE('',*,*,#7912,.T.);
#7937 = ORIENTED_EDGE('',*,*,#6505,.T.);
#7938 = ORIENTED_EDGE('',*,*,#7939,.F.);
#7939 = EDGE_CURVE('',#6967,#6506,#7940,.T.);
#7940 = SURFACE_CURVE('',#7941,(#7944,#7950),.PCURVE_S1.);
#7941 = B_SPLINE_CURVE_WITH_KNOTS('',1,(#7942,#7943),.UNSPECIFIED.,.F.,
  .F.,(2,2),(6.,15.),.PIECEWISE_BEZIER_KNOTS.);
#7942 = CARTESIAN_POINT('',(245.,258.,-6.));
#7943 = CARTESIAN_POINT('',(245.,258.,-15.));
#7944 = PCURVE('',#6519,#7945);
#7945 = DEFINITIONAL_REPRESENTATION('',(#7946),#7949);
#7946 = B_SPLINE_CURVE_WITH_KNOTS('',1,(#7947,#7948),.UNSPECIFIED.,.F.,
  .F.,(2,2),(6.,15.),.PIECEWISE_BEZIER_KNOTS.);
#7947 = CARTESIAN_POINT('',(6.,245.));
#7948 = CARTESIAN_POINT('',(15.,245.));
#7949 = ( GEOMETRIC_REPRESENTATION_CONTEXT(2) 
PARAMETRIC_REPRESENTATION_CONTEXT() REPRESENTATION_CONTEXT('2D SPACE',''
  ) );
#7950 = PCURVE('',#6558,#7951);
#7951 = DEFINITIONAL_REPRESENTATION('',(#7952),#7956);
#7952 = B_SPLINE_CURVE_WITH_KNOTS('',2,(#7953,#7954,#7955),
  .UNSPECIFIED.,.F.,.F.,(3,3),(6.,15.),.PIECEWISE_BEZIER_KNOTS.);
#7953 = CARTESIAN_POINT('',(1.570796326795,6.));
#7954 = CARTESIAN_POINT('',(1.570796326795,10.5));
#7955 = CARTESIAN_POINT('',(1.570796326795,15.));
#7956 = ( GEOMETRIC_REPRESENTATION_CONTEXT(2) 
PARAMETRIC_REPRESENTATION_CONTEXT() REPRESENTATION_CONTEXT('2D SPACE',''
  ) );
#7957 = ORIENTED_EDGE('',*,*,#7017,.T.);
#7958 = ADVANCED_FACE('',(#7959),#6558,.T.);
#7959 = FACE_BOUND('',#7960,.T.);
#7960 = EDGE_LOOP('',(#7961,#7962,#7963,#7982));
#7961 = ORIENTED_EDGE('',*,*,#7939,.T.);
#7962 = ORIENTED_EDGE('',*,*,#6530,.F.);
#7963 = ORIENTED_EDGE('',*,*,#7964,.F.);
#7964 = EDGE_CURVE('',#7040,#6531,#7965,.T.);
#7965 = SURFACE_CURVE('',#7966,(#7969,#7976),.PCURVE_S1.);
#7966 = B_SPLINE_CURVE_WITH_KNOTS('',1,(#7967,#7968),.UNSPECIFIED.,.F.,
  .F.,(2,2),(6.,15.),.PIECEWISE_BEZIER_KNOTS.);
#7967 = CARTESIAN_POINT('',(258.,245.,-6.));
#7968 = CARTESIAN_POINT('',(258.,245.,-15.));
#7969 = PCURVE('',#6558,#7970);
#7970 = DEFINITIONAL_REPRESENTATION('',(#7971),#7975);
#7971 = B_SPLINE_CURVE_WITH_KNOTS('',2,(#7972,#7973,#7974),
  .UNSPECIFIED.,.F.,.F.,(3,3),(6.,15.),.PIECEWISE_BEZIER_KNOTS.);
#7972 = CARTESIAN_POINT('',(0.,6.));
#7973 = CARTESIAN_POINT('',(0.,10.5));
#7974 = CARTESIAN_POINT('',(0.,15.));
#7975 = ( GEOMETRIC_REPRESENTATION_CONTEXT(2) 
PARAMETRIC_REPRESENTATION_CONTEXT() REPRESENTATION_CONTEXT('2D SPACE',''
  ) );
#7976 = PCURVE('',#6595,#7977);
#7977 = DEFINITIONAL_REPRESENTATION('',(#7978),#7981);
#7978 = B_SPLINE_CURVE_WITH_KNOTS('',1,(#7979,#7980),.UNSPECIFIED.,.F.,
  .F.,(2,2),(6.,15.),.PIECEWISE_BEZIER_KNOTS.);
#7979 = CARTESIAN_POINT('',(6.,-15.));
#7980 = CARTESIAN_POINT('',(15.,-15.));
#7981 = ( GEOMETRIC_REPRESENTATION_CONTEXT(2) 
PARAMETRIC_REPRESENTATION_CONTEXT() REPRESENTATION_CONTEXT('2D SPACE',''
  ) );
#7982 = ORIENTED_EDGE('',*,*,#7088,.T.);
#7983 = ADVANCED_FACE('',(#7984),#6595,.F.);
#7984 = FACE_BOUND('',#7985,.F.);
#7985 = EDGE_LOOP('',(#7986,#7987,#7988,#8007));
#7986 = ORIENTED_EDGE('',*,*,#7964,.F.);
#7987 = ORIENTED_EDGE('',*,*,#7191,.F.);
#7988 = ORIENTED_EDGE('',*,*,#7989,.T.);
#7989 = EDGE_CURVE('',#7141,#6582,#7990,.T.);
#7990 = SURFACE_CURVE('',#7991,(#7994,#8000),.PCURVE_S1.);
#7991 = B_SPLINE_CURVE_WITH_KNOTS('',1,(#7992,#7993),.UNSPECIFIED.,.F.,
  .F.,(2,2),(6.,15.),.PIECEWISE_BEZIER_KNOTS.);
#7992 = CARTESIAN_POINT('',(258.,15.,-6.));
#7993 = CARTESIAN_POINT('',(258.,15.,-15.));
#7994 = PCURVE('',#6595,#7995);
#7995 = DEFINITIONAL_REPRESENTATION('',(#7996),#7999);
#7996 = B_SPLINE_CURVE_WITH_KNOTS('',1,(#7997,#7998),.UNSPECIFIED.,.F.,
  .F.,(2,2),(6.,15.),.PIECEWISE_BEZIER_KNOTS.);
#7997 = CARTESIAN_POINT('',(6.,-245.));
#7998 = CARTESIAN_POINT('',(15.,-245.));
#7999 = ( GEOMETRIC_REPRESENTATION_CONTEXT(2) 
PARAMETRIC_REPRESENTATION_CONTEXT() REPRESENTATION_CONTEXT('2D SPACE',''
  ) );
#8000 = PCURVE('',#6634,#8001);
#8001 = DEFINITIONAL_REPRESENTATION('',(#8002),#8006);
#8002 = B_SPLINE_CURVE_WITH_KNOTS('',2,(#8003,#8004,#8005),
  .UNSPECIFIED.,.F.,.F.,(3,3),(6.,15.),.PIECEWISE_BEZIER_KNOTS.);
#8003 = CARTESIAN_POINT('',(0.,6.));
#8004 = CARTESIAN_POINT('',(0.,10.5));
#8005 = CARTESIAN_POINT('',(0.,15.));
#8006 = ( GEOMETRIC_REPRESENTATION_CONTEXT(2) 
PARAMETRIC_REPRESENTATION_CONTEXT() REPRESENTATION_CONTEXT('2D SPACE',''
  ) );
#8007 = ORIENTED_EDGE('',*,*,#6581,.F.);
#8008 = ADVANCED_FACE('',(#8009),#6634,.F.);
#8009 = FACE_BOUND('',#8010,.F.);
#8010 = EDGE_LOOP('',(#8011,#8030,#8031,#8032));
#8011 = ORIENTED_EDGE('',*,*,#8012,.T.);
#8012 = EDGE_CURVE('',#7214,#6607,#8013,.T.);
#8013 = SURFACE_CURVE('',#8014,(#8017,#8024),.PCURVE_S1.);
#8014 = B_SPLINE_CURVE_WITH_KNOTS('',1,(#8015,#8016),.UNSPECIFIED.,.F.,
  .F.,(2,2),(6.,15.),.PIECEWISE_BEZIER_KNOTS.);
#8015 = CARTESIAN_POINT('',(245.,2.,-6.));
#8016 = CARTESIAN_POINT('',(245.,2.,-15.));
#8017 = PCURVE('',#6634,#8018);
#8018 = DEFINITIONAL_REPRESENTATION('',(#8019),#8023);
#8019 = B_SPLINE_CURVE_WITH_KNOTS('',2,(#8020,#8021,#8022),
  .UNSPECIFIED.,.F.,.F.,(3,3),(6.,15.),.PIECEWISE_BEZIER_KNOTS.);
#8020 = CARTESIAN_POINT('',(1.570796326795,6.));
#8021 = CARTESIAN_POINT('',(1.570796326795,10.5));
#8022 = CARTESIAN_POINT('',(1.570796326795,15.));
#8023 = ( GEOMETRIC_REPRESENTATION_CONTEXT(2) 
PARAMETRIC_REPRESENTATION_CONTEXT() REPRESENTATION_CONTEXT('2D SPACE',''
  ) );
#8024 = PCURVE('',#6671,#8025);
#8025 = DEFINITIONAL_REPRESENTATION('',(#8026),#8029);
#8026 = B_SPLINE_CURVE_WITH_KNOTS('',1,(#8027,#8028),.UNSPECIFIED.,.F.,
  .F.,(2,2),(6.,15.),.PIECEWISE_BEZIER_KNOTS.);
#8027 = CARTESIAN_POINT('',(6.,245.));
#8028 = CARTESIAN_POINT('',(15.,245.));
#8029 = ( GEOMETRIC_REPRESENTATION_CONTEXT(2) 
PARAMETRIC_REPRESENTATION_CONTEXT() REPRESENTATION_CONTEXT('2D SPACE',''
  ) );
#8030 = ORIENTED_EDGE('',*,*,#6606,.F.);
#8031 = ORIENTED_EDGE('',*,*,#7989,.F.);
#8032 = ORIENTED_EDGE('',*,*,#7262,.F.);
#8033 = ADVANCED_FACE('',(#8034),#6671,.F.);
#8034 = FACE_BOUND('',#8035,.F.);
#8035 = EDGE_LOOP('',(#8036,#8055,#8056,#8057));
#8036 = ORIENTED_EDGE('',*,*,#8037,.T.);
#8037 = EDGE_CURVE('',#7315,#6658,#8038,.T.);
#8038 = SURFACE_CURVE('',#8039,(#8042,#8048),.PCURVE_S1.);
#8039 = B_SPLINE_CURVE_WITH_KNOTS('',1,(#8040,#8041),.UNSPECIFIED.,.F.,
  .F.,(2,2),(6.,15.),.PIECEWISE_BEZIER_KNOTS.);
#8040 = CARTESIAN_POINT('',(15.,2.,-6.));
#8041 = CARTESIAN_POINT('',(15.,2.,-15.));
#8042 = PCURVE('',#6671,#8043);
#8043 = DEFINITIONAL_REPRESENTATION('',(#8044),#8047);
#8044 = B_SPLINE_CURVE_WITH_KNOTS('',1,(#8045,#8046),.UNSPECIFIED.,.F.,
  .F.,(2,2),(6.,15.),.PIECEWISE_BEZIER_KNOTS.);
#8045 = CARTESIAN_POINT('',(6.,15.));
#8046 = CARTESIAN_POINT('',(15.,15.));
#8047 = ( GEOMETRIC_REPRESENTATION_CONTEXT(2) 
PARAMETRIC_REPRESENTATION_CONTEXT() REPRESENTATION_CONTEXT('2D SPACE',''
  ) );
#8048 = PCURVE('',#6708,#8049);
#8049 = DEFINITIONAL_REPRESENTATION('',(#8050),#8054);
#8050 = B_SPLINE_CURVE_WITH_KNOTS('',2,(#8051,#8052,#8053),
  .UNSPECIFIED.,.F.,.F.,(3,3),(6.,15.),.PIECEWISE_BEZIER_KNOTS.);
#8051 = CARTESIAN_POINT('',(1.570796326795,6.));
#8052 = CARTESIAN_POINT('',(1.570796326795,10.5));
#8053 = CARTESIAN_POINT('',(1.570796326795,15.));
#8054 = ( GEOMETRIC_REPRESENTATION_CONTEXT(2) 
PARAMETRIC_REPRESENTATION_CONTEXT() REPRESENTATION_CONTEXT('2D SPACE',''
  ) );
#8055 = ORIENTED_EDGE('',*,*,#6657,.T.);
#8056 = ORIENTED_EDGE('',*,*,#8012,.F.);
#8057 = ORIENTED_EDGE('',*,*,#7365,.F.);
#8058 = ADVANCED_FACE('',(#8059),#6708,.T.);
#8059 = FACE_BOUND('',#8060,.T.);
#8060 = EDGE_LOOP('',(#8061,#8062,#8063,#8064));
#8061 = ORIENTED_EDGE('',*,*,#8037,.T.);
#8062 = ORIENTED_EDGE('',*,*,#6682,.F.);
#8063 = ORIENTED_EDGE('',*,*,#7889,.F.);
#8064 = ORIENTED_EDGE('',*,*,#7388,.T.);
#8065 = ADVANCED_FACE('',(#8066),#7662,.T.);
#8066 = FACE_BOUND('',#8067,.T.);
#8067 = EDGE_LOOP('',(#8068,#8089,#8117,#8136));
#8068 = ORIENTED_EDGE('',*,*,#8069,.F.);
#8069 = EDGE_CURVE('',#8070,#7649,#8072,.T.);
#8070 = VERTEX_POINT('',#8071);
#8071 = CARTESIAN_POINT('',(79.322305191092,79.756245264298,3.));
#8072 = SURFACE_CURVE('',#8073,(#8076,#8082),.PCURVE_S1.);
#8073 = B_SPLINE_CURVE_WITH_KNOTS('',1,(#8074,#8075),.UNSPECIFIED.,.F.,
  .F.,(2,2),(3.,21.515447606385),.PIECEWISE_BEZIER_KNOTS.);
#8074 = CARTESIAN_POINT('',(79.322305191092,79.756245264297,3.));
#8075 = CARTESIAN_POINT('',(79.322305191092,79.756245264297,
    21.515447606385));
#8076 = PCURVE('',#7662,#8077);
#8077 = DEFINITIONAL_REPRESENTATION('',(#8078),#8081);
#8078 = B_SPLINE_CURVE_WITH_KNOTS('',1,(#8079,#8080),.UNSPECIFIED.,.F.,
  .F.,(2,2),(3.,21.515447606385),.PIECEWISE_BEZIER_KNOTS.);
#8079 = CARTESIAN_POINT('',(29.512490528595,-3.));
#8080 = CARTESIAN_POINT('',(29.512490528595,-21.51544760638));
#8081 = ( GEOMETRIC_REPRESENTATION_CONTEXT(2) 
PARAMETRIC_REPRESENTATION_CONTEXT() REPRESENTATION_CONTEXT('2D SPACE',''
  ) );
#8082 = PCURVE('',#7852,#8083);
#8083 = DEFINITIONAL_REPRESENTATION('',(#8084),#8088);
#8084 = B_SPLINE_CURVE_WITH_KNOTS('',2,(#8085,#8086,#8087),
  .UNSPECIFIED.,.F.,.F.,(3,3),(3.,21.515447606385),
  .PIECEWISE_BEZIER_KNOTS.);
#8085 = CARTESIAN_POINT('',(4.712388980385,-3.));
#8086 = CARTESIAN_POINT('',(4.712388980385,-12.25772380319));
#8087 = CARTESIAN_POINT('',(4.712388980385,-21.51544760638));
#8088 = ( GEOMETRIC_REPRESENTATION_CONTEXT(2) 
PARAMETRIC_REPRESENTATION_CONTEXT() REPRESENTATION_CONTEXT('2D SPACE',''
  ) );
#8089 = ORIENTED_EDGE('',*,*,#8090,.F.);
#8090 = EDGE_CURVE('',#8091,#8070,#8093,.T.);
#8091 = VERTEX_POINT('',#8092);
#8092 = CARTESIAN_POINT('',(79.322305191092,50.243754735703,3.));
#8093 = SURFACE_CURVE('',#8094,(#8097,#8103),.PCURVE_S1.);
#8094 = B_SPLINE_CURVE_WITH_KNOTS('',1,(#8095,#8096),.UNSPECIFIED.,.F.,
  .F.,(2,2),(0.,29.512490528595),.PIECEWISE_BEZIER_KNOTS.);
#8095 = CARTESIAN_POINT('',(79.322305191092,50.243754735703,3.));
#8096 = CARTESIAN_POINT('',(79.322305191092,79.756245264298,3.));
#8097 = PCURVE('',#7662,#8098);
#8098 = DEFINITIONAL_REPRESENTATION('',(#8099),#8102);
#8099 = B_SPLINE_CURVE_WITH_KNOTS('',1,(#8100,#8101),.UNSPECIFIED.,.F.,
  .F.,(2,2),(0.,29.512490528595),.PIECEWISE_BEZIER_KNOTS.);
#8100 = CARTESIAN_POINT('',(0.,-3.));
#8101 = CARTESIAN_POINT('',(29.512490528595,-3.));
#8102 = ( GEOMETRIC_REPRESENTATION_CONTEXT(2) 
PARAMETRIC_REPRESENTATION_CONTEXT() REPRESENTATION_CONTEXT('2D SPACE',''
  ) );
#8103 = PCURVE('',#8104,#8111);
#8104 = ( BOUNDED_SURFACE() B_SPLINE_SURFACE(2,1,(
    (#8105,#8106)
    ,(#8107,#8108)
    ,(#8109,#8110
)),.UNSPECIFIED.,.F.,.F.,.F.) B_SPLINE_SURFACE_WITH_KNOTS((3,3),(2,2),(
    0.,1.570796326795),(0.,29.512490528595),.PIECEWISE_BEZIER_KNOTS.) 
GEOMETRIC_REPRESENTATION_ITEM() RATIONAL_B_SPLINE_SURFACE((
    (1.,1.)
    ,(0.707106781187,0.707106781187)
,(1.,1.))) REPRESENTATION_ITEM('') SURFACE() );
#8105 = CARTESIAN_POINT('',(79.322305191092,50.243754735703,3.));
#8106 = CARTESIAN_POINT('',(79.322305191092,79.756245264298,3.));
#8107 = CARTESIAN_POINT('',(79.322305191092,50.243754735703,2.));
#8108 = CARTESIAN_POINT('',(79.322305191092,79.756245264298,2.));
#8109 = CARTESIAN_POINT('',(78.322305191092,50.243754735703,2.));
#8110 = CARTESIAN_POINT('',(78.322305191092,79.756245264298,2.));
#8111 = DEFINITIONAL_REPRESENTATION('',(#8112),#8116);
#8112 = B_SPLINE_CURVE_WITH_KNOTS('',2,(#8113,#8114,#8115),
  .UNSPECIFIED.,.F.,.F.,(3,3),(0.,29.512490528595),
  .PIECEWISE_BEZIER_KNOTS.);
#8113 = CARTESIAN_POINT('',(9.500564929932E-31,-7.105427357601E-15));
#8114 = CARTESIAN_POINT('',(1.842364454059E-30,14.756245264297));
#8115 = CARTESIAN_POINT('',(1.900112985987E-30,29.512490528595));
#8116 = ( GEOMETRIC_REPRESENTATION_CONTEXT(2) 
PARAMETRIC_REPRESENTATION_CONTEXT() REPRESENTATION_CONTEXT('2D SPACE',''
  ) );
#8117 = ORIENTED_EDGE('',*,*,#8118,.T.);
#8118 = EDGE_CURVE('',#8091,#7647,#8119,.T.);
#8119 = SURFACE_CURVE('',#8120,(#8123,#8129),.PCURVE_S1.);
#8120 = B_SPLINE_CURVE_WITH_KNOTS('',1,(#8121,#8122),.UNSPECIFIED.,.F.,
  .F.,(2,2),(3.,21.515447606385),.PIECEWISE_BEZIER_KNOTS.);
#8121 = CARTESIAN_POINT('',(79.322305191092,50.243754735703,3.));
#8122 = CARTESIAN_POINT('',(79.322305191092,50.243754735703,
    21.515447606385));
#8123 = PCURVE('',#7662,#8124);
#8124 = DEFINITIONAL_REPRESENTATION('',(#8125),#8128);
#8125 = B_SPLINE_CURVE_WITH_KNOTS('',1,(#8126,#8127),.UNSPECIFIED.,.F.,
  .F.,(2,2),(3.,21.515447606385),.PIECEWISE_BEZIER_KNOTS.);
#8126 = CARTESIAN_POINT('',(0.,-3.));
#8127 = CARTESIAN_POINT('',(0.,-21.51544760638));
#8128 = ( GEOMETRIC_REPRESENTATION_CONTEXT(2) 
PARAMETRIC_REPRESENTATION_CONTEXT() REPRESENTATION_CONTEXT('2D SPACE',''
  ) );
#8129 = PCURVE('',#7689,#8130);
#8130 = DEFINITIONAL_REPRESENTATION('',(#8131),#8135);
#8131 = B_SPLINE_CURVE_WITH_KNOTS('',2,(#8132,#8133,#8134),
  .UNSPECIFIED.,.F.,.F.,(3,3),(3.,21.515447606385),
  .PIECEWISE_BEZIER_KNOTS.);
#8132 = CARTESIAN_POINT('',(4.712388980385,-3.));
#8133 = CARTESIAN_POINT('',(4.712388980385,-12.25772380319));
#8134 = CARTESIAN_POINT('',(4.712388980385,-21.51544760638));
#8135 = ( GEOMETRIC_REPRESENTATION_CONTEXT(2) 
PARAMETRIC_REPRESENTATION_CONTEXT() REPRESENTATION_CONTEXT('2D SPACE',''
  ) );
#8136 = ORIENTED_EDGE('',*,*,#7646,.T.);
#8137 = ADVANCED_FACE('',(#8138),#7852,.T.);
#8138 = FACE_BOUND('',#8139,.T.);
#8139 = EDGE_LOOP('',(#8140,#8161,#8192,#8193));
#8140 = ORIENTED_EDGE('',*,*,#8141,.F.);
#8141 = EDGE_CURVE('',#8142,#7814,#8144,.T.);
#8142 = VERTEX_POINT('',#8143);
#8143 = CARTESIAN_POINT('',(76.285046811221,82.793503644168,3.));
#8144 = SURFACE_CURVE('',#8145,(#8148,#8155),.PCURVE_S1.);
#8145 = B_SPLINE_CURVE_WITH_KNOTS('',1,(#8146,#8147),.UNSPECIFIED.,.F.,
  .F.,(2,2),(3.,21.515447606385),.PIECEWISE_BEZIER_KNOTS.);
#8146 = CARTESIAN_POINT('',(76.285046811221,82.793503644168,3.));
#8147 = CARTESIAN_POINT('',(76.285046811221,82.793503644168,
    21.515447606385));
#8148 = PCURVE('',#7852,#8149);
#8149 = DEFINITIONAL_REPRESENTATION('',(#8150),#8154);
#8150 = B_SPLINE_CURVE_WITH_KNOTS('',2,(#8151,#8152,#8153),
  .UNSPECIFIED.,.F.,.F.,(3,3),(3.,21.515447606385),
  .PIECEWISE_BEZIER_KNOTS.);
#8151 = CARTESIAN_POINT('',(6.28318530718,-3.));
#8152 = CARTESIAN_POINT('',(6.28318530718,-12.25772380319));
#8153 = CARTESIAN_POINT('',(6.28318530718,-21.51544760638));
#8154 = ( GEOMETRIC_REPRESENTATION_CONTEXT(2) 
PARAMETRIC_REPRESENTATION_CONTEXT() REPRESENTATION_CONTEXT('2D SPACE',''
  ) );
#8155 = PCURVE('',#7827,#8156);
#8156 = DEFINITIONAL_REPRESENTATION('',(#8157),#8160);
#8157 = B_SPLINE_CURVE_WITH_KNOTS('',1,(#8158,#8159),.UNSPECIFIED.,.F.,
  .F.,(2,2),(3.,21.515447606385),.PIECEWISE_BEZIER_KNOTS.);
#8158 = CARTESIAN_POINT('',(0.,-3.));
#8159 = CARTESIAN_POINT('',(0.,-21.51544760638));
#8160 = ( GEOMETRIC_REPRESENTATION_CONTEXT(2) 
PARAMETRIC_REPRESENTATION_CONTEXT() REPRESENTATION_CONTEXT('2D SPACE',''
  ) );
#8161 = ORIENTED_EDGE('',*,*,#8162,.F.);
#8162 = EDGE_CURVE('',#8070,#8142,#8163,.T.);
#8163 = SURFACE_CURVE('',#8164,(#8168,#8175),.PCURVE_S1.);
#8164 = ( BOUNDED_CURVE() B_SPLINE_CURVE(2,(#8165,#8166,#8167),
.UNSPECIFIED.,.F.,.F.) B_SPLINE_CURVE_WITH_KNOTS((3,3),(0.,
1.570796326795),.PIECEWISE_BEZIER_KNOTS.) CURVE() 
GEOMETRIC_REPRESENTATION_ITEM() RATIONAL_B_SPLINE_CURVE((1.,
0.707106781187,1.)) REPRESENTATION_ITEM('') );
#8165 = CARTESIAN_POINT('',(79.322305191092,79.756245264297,3.));
#8166 = CARTESIAN_POINT('',(79.322305191092,82.793503644168,3.));
#8167 = CARTESIAN_POINT('',(76.285046811221,82.793503644168,3.));
#8168 = PCURVE('',#7852,#8169);
#8169 = DEFINITIONAL_REPRESENTATION('',(#8170),#8174);
#8170 = B_SPLINE_CURVE_WITH_KNOTS('',2,(#8171,#8172,#8173),
  .UNSPECIFIED.,.F.,.F.,(3,3),(1.039377557887E-14,1.570796326795),
  .PIECEWISE_BEZIER_KNOTS.);
#8171 = CARTESIAN_POINT('',(4.712388980385,-3.));
#8172 = CARTESIAN_POINT('',(5.497787143782,-3.));
#8173 = CARTESIAN_POINT('',(6.28318530718,-3.));
#8174 = ( GEOMETRIC_REPRESENTATION_CONTEXT(2) 
PARAMETRIC_REPRESENTATION_CONTEXT() REPRESENTATION_CONTEXT('2D SPACE',''
  ) );
#8175 = PCURVE('',#8176,#8186);
#8176 = ( BOUNDED_SURFACE() B_SPLINE_SURFACE(2,2,(
    (#8177,#8178,#8179)
    ,(#8180,#8181,#8182)
    ,(#8183,#8184,#8185
)),.UNSPECIFIED.,.F.,.F.,.F.) B_SPLINE_SURFACE_WITH_KNOTS((3,3),(3,3),(
    0.,1.570796326795),(0.,1.570796326795),.PIECEWISE_BEZIER_KNOTS.) 
GEOMETRIC_REPRESENTATION_ITEM() RATIONAL_B_SPLINE_SURFACE((
    (1.,0.707106781187,1.)
    ,(0.707106781187,0.5,0.707106781187)
,(1.,0.707106781187,1.))) REPRESENTATION_ITEM('') SURFACE() );
#8177 = CARTESIAN_POINT('',(79.322305191092,79.756245264297,3.));
#8178 = CARTESIAN_POINT('',(79.322305191092,79.756245264297,2.));
#8179 = CARTESIAN_POINT('',(78.322305191092,79.756245264297,2.));
#8180 = CARTESIAN_POINT('',(79.322305191092,82.793503644168,3.));
#8181 = CARTESIAN_POINT('',(79.322305191092,82.793503644168,2.));
#8182 = CARTESIAN_POINT('',(78.322305191092,81.793503644168,2.));
#8183 = CARTESIAN_POINT('',(76.285046811221,82.793503644168,3.));
#8184 = CARTESIAN_POINT('',(76.285046811221,82.793503644168,2.));
#8185 = CARTESIAN_POINT('',(76.285046811221,81.793503644168,2.));
#8186 = DEFINITIONAL_REPRESENTATION('',(#8187),#8191);
#8187 = B_SPLINE_CURVE_WITH_KNOTS('',2,(#8188,#8189,#8190),
  .UNSPECIFIED.,.F.,.F.,(3,3),(1.039377557887E-14,1.570796326795),
  .PIECEWISE_BEZIER_KNOTS.);
#8188 = CARTESIAN_POINT('',(5.196887789433E-15,1.835731955759E-30));
#8189 = CARTESIAN_POINT('',(0.785398163397,1.291475672579E-15));
#8190 = CARTESIAN_POINT('',(1.570796326795,0.));
#8191 = ( GEOMETRIC_REPRESENTATION_CONTEXT(2) 
PARAMETRIC_REPRESENTATION_CONTEXT() REPRESENTATION_CONTEXT('2D SPACE',''
  ) );
#8192 = ORIENTED_EDGE('',*,*,#8069,.T.);
#8193 = ORIENTED_EDGE('',*,*,#7838,.T.);
#8194 = ADVANCED_FACE('',(#8195),#7827,.T.);
#8195 = FACE_BOUND('',#8196,.T.);
#8196 = EDGE_LOOP('',(#8197,#8218,#8244,#8245));
#8197 = ORIENTED_EDGE('',*,*,#8198,.F.);
#8198 = EDGE_CURVE('',#8199,#7784,#8201,.T.);
#8199 = VERTEX_POINT('',#8200);
#8200 = CARTESIAN_POINT('',(53.714953188779,82.793503644168,3.));
#8201 = SURFACE_CURVE('',#8202,(#8205,#8211),.PCURVE_S1.);
#8202 = B_SPLINE_CURVE_WITH_KNOTS('',1,(#8203,#8204),.UNSPECIFIED.,.F.,
  .F.,(2,2),(3.,21.515447606385),.PIECEWISE_BEZIER_KNOTS.);
#8203 = CARTESIAN_POINT('',(53.714953188779,82.793503644168,3.));
#8204 = CARTESIAN_POINT('',(53.714953188779,82.793503644168,
    21.515447606385));
#8205 = PCURVE('',#7827,#8206);
#8206 = DEFINITIONAL_REPRESENTATION('',(#8207),#8210);
#8207 = B_SPLINE_CURVE_WITH_KNOTS('',1,(#8208,#8209),.UNSPECIFIED.,.F.,
  .F.,(2,2),(3.,21.515447606385),.PIECEWISE_BEZIER_KNOTS.);
#8208 = CARTESIAN_POINT('',(22.570093622442,-3.));
#8209 = CARTESIAN_POINT('',(22.570093622442,-21.51544760638));
#8210 = ( GEOMETRIC_REPRESENTATION_CONTEXT(2) 
PARAMETRIC_REPRESENTATION_CONTEXT() REPRESENTATION_CONTEXT('2D SPACE',''
  ) );
#8211 = PCURVE('',#7799,#8212);
#8212 = DEFINITIONAL_REPRESENTATION('',(#8213),#8217);
#8213 = B_SPLINE_CURVE_WITH_KNOTS('',2,(#8214,#8215,#8216),
  .UNSPECIFIED.,.F.,.F.,(3,3),(3.,21.515447606385),
  .PIECEWISE_BEZIER_KNOTS.);
#8214 = CARTESIAN_POINT('',(0.,-3.));
#8215 = CARTESIAN_POINT('',(0.,-12.25772380319));
#8216 = CARTESIAN_POINT('',(0.,-21.51544760638));
#8217 = ( GEOMETRIC_REPRESENTATION_CONTEXT(2) 
PARAMETRIC_REPRESENTATION_CONTEXT() REPRESENTATION_CONTEXT('2D SPACE',''
  ) );
#8218 = ORIENTED_EDGE('',*,*,#8219,.F.);
#8219 = EDGE_CURVE('',#8142,#8199,#8220,.T.);
#8220 = SURFACE_CURVE('',#8221,(#8224,#8230),.PCURVE_S1.);
#8221 = B_SPLINE_CURVE_WITH_KNOTS('',1,(#8222,#8223),.UNSPECIFIED.,.F.,
  .F.,(2,2),(0.,22.570093622442),.PIECEWISE_BEZIER_KNOTS.);
#8222 = CARTESIAN_POINT('',(76.285046811221,82.793503644168,3.));
#8223 = CARTESIAN_POINT('',(53.714953188779,82.793503644168,3.));
#8224 = PCURVE('',#7827,#8225);
#8225 = DEFINITIONAL_REPRESENTATION('',(#8226),#8229);
#8226 = B_SPLINE_CURVE_WITH_KNOTS('',1,(#8227,#8228),.UNSPECIFIED.,.F.,
  .F.,(2,2),(0.,22.570093622442),.PIECEWISE_BEZIER_KNOTS.);
#8227 = CARTESIAN_POINT('',(0.,-3.));
#8228 = CARTESIAN_POINT('',(22.570093622442,-3.));
#8229 = ( GEOMETRIC_REPRESENTATION_CONTEXT(2) 
PARAMETRIC_REPRESENTATION_CONTEXT() REPRESENTATION_CONTEXT('2D SPACE',''
  ) );
#8230 = PCURVE('',#8231,#8238);
#8231 = ( BOUNDED_SURFACE() B_SPLINE_SURFACE(2,1,(
    (#8232,#8233)
    ,(#8234,#8235)
    ,(#8236,#8237
)),.UNSPECIFIED.,.F.,.F.,.F.) B_SPLINE_SURFACE_WITH_KNOTS((3,3),(2,2),(
    0.,1.570796326795),(0.,22.570093622442),.PIECEWISE_BEZIER_KNOTS.) 
GEOMETRIC_REPRESENTATION_ITEM() RATIONAL_B_SPLINE_SURFACE((
    (1.,1.)
    ,(0.707106781187,0.707106781187)
,(1.,1.))) REPRESENTATION_ITEM('') SURFACE() );
#8232 = CARTESIAN_POINT('',(76.285046811221,82.793503644168,3.));
#8233 = CARTESIAN_POINT('',(53.714953188779,82.793503644168,3.));
#8234 = CARTESIAN_POINT('',(76.285046811221,82.793503644168,2.));
#8235 = CARTESIAN_POINT('',(53.714953188779,82.793503644168,2.));
#8236 = CARTESIAN_POINT('',(76.285046811221,81.793503644168,2.));
#8237 = CARTESIAN_POINT('',(53.714953188779,81.793503644168,2.));
#8238 = DEFINITIONAL_REPRESENTATION('',(#8239),#8243);
#8239 = B_SPLINE_CURVE_WITH_KNOTS('',2,(#8240,#8241,#8242),
  .UNSPECIFIED.,.F.,.F.,(3,3),(2.84217094304E-14,22.570093622442),
  .PIECEWISE_BEZIER_KNOTS.);
#8240 = CARTESIAN_POINT('',(0.,2.84217094304E-14));
#8241 = CARTESIAN_POINT('',(0.,11.285046811221));
#8242 = CARTESIAN_POINT('',(0.,22.570093622442));
#8243 = ( GEOMETRIC_REPRESENTATION_CONTEXT(2) 
PARAMETRIC_REPRESENTATION_CONTEXT() REPRESENTATION_CONTEXT('2D SPACE',''
  ) );
#8244 = ORIENTED_EDGE('',*,*,#8141,.T.);
#8245 = ORIENTED_EDGE('',*,*,#7813,.T.);
#8246 = ADVANCED_FACE('',(#8247),#7799,.T.);
#8247 = FACE_BOUND('',#8248,.T.);
#8248 = EDGE_LOOP('',(#8249,#8270,#8301,#8302));
#8249 = ORIENTED_EDGE('',*,*,#8250,.F.);
#8250 = EDGE_CURVE('',#8251,#7759,#8253,.T.);
#8251 = VERTEX_POINT('',#8252);
#8252 = CARTESIAN_POINT('',(50.677694808908,79.756245264298,3.));
#8253 = SURFACE_CURVE('',#8254,(#8257,#8264),.PCURVE_S1.);
#8254 = B_SPLINE_CURVE_WITH_KNOTS('',1,(#8255,#8256),.UNSPECIFIED.,.F.,
  .F.,(2,2),(3.,21.515447606385),.PIECEWISE_BEZIER_KNOTS.);
#8255 = CARTESIAN_POINT('',(50.677694808908,79.756245264297,3.));
#8256 = CARTESIAN_POINT('',(50.677694808908,79.756245264297,
    21.515447606385));
#8257 = PCURVE('',#7799,#8258);
#8258 = DEFINITIONAL_REPRESENTATION('',(#8259),#8263);
#8259 = B_SPLINE_CURVE_WITH_KNOTS('',2,(#8260,#8261,#8262),
  .UNSPECIFIED.,.F.,.F.,(3,3),(3.,21.515447606385),
  .PIECEWISE_BEZIER_KNOTS.);
#8260 = CARTESIAN_POINT('',(1.570796326795,-3.));
#8261 = CARTESIAN_POINT('',(1.570796326795,-12.25772380319));
#8262 = CARTESIAN_POINT('',(1.570796326795,-21.51544760638));
#8263 = ( GEOMETRIC_REPRESENTATION_CONTEXT(2) 
PARAMETRIC_REPRESENTATION_CONTEXT() REPRESENTATION_CONTEXT('2D SPACE',''
  ) );
#8264 = PCURVE('',#7772,#8265);
#8265 = DEFINITIONAL_REPRESENTATION('',(#8266),#8269);
#8266 = B_SPLINE_CURVE_WITH_KNOTS('',1,(#8267,#8268),.UNSPECIFIED.,.F.,
  .F.,(2,2),(3.,21.515447606385),.PIECEWISE_BEZIER_KNOTS.);
#8267 = CARTESIAN_POINT('',(0.,-3.));
#8268 = CARTESIAN_POINT('',(0.,-21.51544760638));
#8269 = ( GEOMETRIC_REPRESENTATION_CONTEXT(2) 
PARAMETRIC_REPRESENTATION_CONTEXT() REPRESENTATION_CONTEXT('2D SPACE',''
  ) );
#8270 = ORIENTED_EDGE('',*,*,#8271,.F.);
#8271 = EDGE_CURVE('',#8199,#8251,#8272,.T.);
#8272 = SURFACE_CURVE('',#8273,(#8277,#8284),.PCURVE_S1.);
#8273 = ( BOUNDED_CURVE() B_SPLINE_CURVE(2,(#8274,#8275,#8276),
.UNSPECIFIED.,.F.,.F.) B_SPLINE_CURVE_WITH_KNOTS((3,3),(0.,
1.570796326795),.PIECEWISE_BEZIER_KNOTS.) CURVE() 
GEOMETRIC_REPRESENTATION_ITEM() RATIONAL_B_SPLINE_CURVE((1.,
0.707106781187,1.)) REPRESENTATION_ITEM('') );
#8274 = CARTESIAN_POINT('',(53.714953188779,82.793503644168,3.));
#8275 = CARTESIAN_POINT('',(50.677694808908,82.793503644168,3.));
#8276 = CARTESIAN_POINT('',(50.677694808908,79.756245264297,3.));
#8277 = PCURVE('',#7799,#8278);
#8278 = DEFINITIONAL_REPRESENTATION('',(#8279),#8283);
#8279 = B_SPLINE_CURVE_WITH_KNOTS('',2,(#8280,#8281,#8282),
  .UNSPECIFIED.,.F.,.F.,(3,3),(0.,1.570796326795),
  .PIECEWISE_BEZIER_KNOTS.);
#8280 = CARTESIAN_POINT('',(0.,-3.));
#8281 = CARTESIAN_POINT('',(0.785398163397,-3.));
#8282 = CARTESIAN_POINT('',(1.570796326795,-3.));
#8283 = ( GEOMETRIC_REPRESENTATION_CONTEXT(2) 
PARAMETRIC_REPRESENTATION_CONTEXT() REPRESENTATION_CONTEXT('2D SPACE',''
  ) );
#8284 = PCURVE('',#8285,#8295);
#8285 = ( BOUNDED_SURFACE() B_SPLINE_SURFACE(2,2,(
    (#8286,#8287,#8288)
    ,(#8289,#8290,#8291)
    ,(#8292,#8293,#8294
)),.UNSPECIFIED.,.F.,.F.,.F.) B_SPLINE_SURFACE_WITH_KNOTS((3,3),(3,3),(
    0.,1.570796326795),(0.,1.570796326795),.PIECEWISE_BEZIER_KNOTS.) 
GEOMETRIC_REPRESENTATION_ITEM() RATIONAL_B_SPLINE_SURFACE((
    (1.,0.707106781187,1.)
    ,(0.707106781187,0.5,0.707106781187)
,(1.,0.707106781187,1.))) REPRESENTATION_ITEM('') SURFACE() );
#8286 = CARTESIAN_POINT('',(53.714953188779,82.793503644168,3.));
#8287 = CARTESIAN_POINT('',(53.714953188779,82.793503644168,2.));
#8288 = CARTESIAN_POINT('',(53.714953188779,81.793503644168,2.));
#8289 = CARTESIAN_POINT('',(50.677694808908,82.793503644168,3.));
#8290 = CARTESIAN_POINT('',(50.677694808908,82.793503644168,2.));
#8291 = CARTESIAN_POINT('',(51.677694808908,81.793503644168,2.));
#8292 = CARTESIAN_POINT('',(50.677694808908,79.756245264297,3.));
#8293 = CARTESIAN_POINT('',(50.677694808908,79.756245264297,2.));
#8294 = CARTESIAN_POINT('',(51.677694808908,79.756245264297,2.));
#8295 = DEFINITIONAL_REPRESENTATION('',(#8296),#8300);
#8296 = B_SPLINE_CURVE_WITH_KNOTS('',2,(#8297,#8298,#8299),
  .UNSPECIFIED.,.F.,.F.,(3,3),(0.,1.570796326795),
  .PIECEWISE_BEZIER_KNOTS.);
#8297 = CARTESIAN_POINT('',(5.196887789433E-15,-2.11572496767E-30));
#8298 = CARTESIAN_POINT('',(0.785398163397,4.033118469286E-16));
#8299 = CARTESIAN_POINT('',(1.570796326795,-4.932590933658E-16));
#8300 = ( GEOMETRIC_REPRESENTATION_CONTEXT(2) 
PARAMETRIC_REPRESENTATION_CONTEXT() REPRESENTATION_CONTEXT('2D SPACE',''
  ) );
#8301 = ORIENTED_EDGE('',*,*,#8198,.T.);
#8302 = ORIENTED_EDGE('',*,*,#7783,.T.);
#8303 = ADVANCED_FACE('',(#8304),#7772,.T.);
#8304 = FACE_BOUND('',#8305,.T.);
#8305 = EDGE_LOOP('',(#8306,#8327,#8353,#8354));
#8306 = ORIENTED_EDGE('',*,*,#8307,.F.);
#8307 = EDGE_CURVE('',#8308,#7729,#8310,.T.);
#8308 = VERTEX_POINT('',#8309);
#8309 = CARTESIAN_POINT('',(50.677694808908,50.243754735703,3.));
#8310 = SURFACE_CURVE('',#8311,(#8314,#8320),.PCURVE_S1.);
#8311 = B_SPLINE_CURVE_WITH_KNOTS('',1,(#8312,#8313),.UNSPECIFIED.,.F.,
  .F.,(2,2),(3.,21.515447606385),.PIECEWISE_BEZIER_KNOTS.);
#8312 = CARTESIAN_POINT('',(50.677694808908,50.243754735703,3.));
#8313 = CARTESIAN_POINT('',(50.677694808908,50.243754735703,
    21.515447606385));
#8314 = PCURVE('',#7772,#8315);
#8315 = DEFINITIONAL_REPRESENTATION('',(#8316),#8319);
#8316 = B_SPLINE_CURVE_WITH_KNOTS('',1,(#8317,#8318),.UNSPECIFIED.,.F.,
  .F.,(2,2),(3.,21.515447606385),.PIECEWISE_BEZIER_KNOTS.);
#8317 = CARTESIAN_POINT('',(29.512490528595,-3.));
#8318 = CARTESIAN_POINT('',(29.512490528595,-21.51544760638));
#8319 = ( GEOMETRIC_REPRESENTATION_CONTEXT(2) 
PARAMETRIC_REPRESENTATION_CONTEXT() REPRESENTATION_CONTEXT('2D SPACE',''
  ) );
#8320 = PCURVE('',#7744,#8321);
#8321 = DEFINITIONAL_REPRESENTATION('',(#8322),#8326);
#8322 = B_SPLINE_CURVE_WITH_KNOTS('',2,(#8323,#8324,#8325),
  .UNSPECIFIED.,.F.,.F.,(3,3),(3.,21.515447606385),
  .PIECEWISE_BEZIER_KNOTS.);
#8323 = CARTESIAN_POINT('',(1.570796326795,-3.));
#8324 = CARTESIAN_POINT('',(1.570796326795,-12.25772380319));
#8325 = CARTESIAN_POINT('',(1.570796326795,-21.51544760638));
#8326 = ( GEOMETRIC_REPRESENTATION_CONTEXT(2) 
PARAMETRIC_REPRESENTATION_CONTEXT() REPRESENTATION_CONTEXT('2D SPACE',''
  ) );
#8327 = ORIENTED_EDGE('',*,*,#8328,.F.);
#8328 = EDGE_CURVE('',#8251,#8308,#8329,.T.);
#8329 = SURFACE_CURVE('',#8330,(#8333,#8339),.PCURVE_S1.);
#8330 = B_SPLINE_CURVE_WITH_KNOTS('',1,(#8331,#8332),.UNSPECIFIED.,.F.,
  .F.,(2,2),(0.,29.512490528595),.PIECEWISE_BEZIER_KNOTS.);
#8331 = CARTESIAN_POINT('',(50.677694808908,79.756245264297,3.));
#8332 = CARTESIAN_POINT('',(50.677694808908,50.243754735702,3.));
#8333 = PCURVE('',#7772,#8334);
#8334 = DEFINITIONAL_REPRESENTATION('',(#8335),#8338);
#8335 = B_SPLINE_CURVE_WITH_KNOTS('',1,(#8336,#8337),.UNSPECIFIED.,.F.,
  .F.,(2,2),(0.,29.512490528595),.PIECEWISE_BEZIER_KNOTS.);
#8336 = CARTESIAN_POINT('',(0.,-3.));
#8337 = CARTESIAN_POINT('',(29.512490528595,-3.));
#8338 = ( GEOMETRIC_REPRESENTATION_CONTEXT(2) 
PARAMETRIC_REPRESENTATION_CONTEXT() REPRESENTATION_CONTEXT('2D SPACE',''
  ) );
#8339 = PCURVE('',#8340,#8347);
#8340 = ( BOUNDED_SURFACE() B_SPLINE_SURFACE(2,1,(
    (#8341,#8342)
    ,(#8343,#8344)
    ,(#8345,#8346
)),.UNSPECIFIED.,.F.,.F.,.F.) B_SPLINE_SURFACE_WITH_KNOTS((3,3),(2,2),(
    0.,1.570796326795),(0.,29.512490528595),.PIECEWISE_BEZIER_KNOTS.) 
GEOMETRIC_REPRESENTATION_ITEM() RATIONAL_B_SPLINE_SURFACE((
    (1.,1.)
    ,(0.707106781187,0.707106781187)
,(1.,1.))) REPRESENTATION_ITEM('') SURFACE() );
#8341 = CARTESIAN_POINT('',(50.677694808908,79.756245264297,3.));
#8342 = CARTESIAN_POINT('',(50.677694808908,50.243754735702,3.));
#8343 = CARTESIAN_POINT('',(50.677694808908,79.756245264297,2.));
#8344 = CARTESIAN_POINT('',(50.677694808908,50.243754735702,2.));
#8345 = CARTESIAN_POINT('',(51.677694808908,79.756245264297,2.));
#8346 = CARTESIAN_POINT('',(51.677694808908,50.243754735702,2.));
#8347 = DEFINITIONAL_REPRESENTATION('',(#8348),#8352);
#8348 = B_SPLINE_CURVE_WITH_KNOTS('',2,(#8349,#8350,#8351),
  .UNSPECIFIED.,.F.,.F.,(3,3),(0.,29.512490528595),
  .PIECEWISE_BEZIER_KNOTS.);
#8349 = CARTESIAN_POINT('',(0.,0.));
#8350 = CARTESIAN_POINT('',(-1.403876323327E-30,14.756245264297));
#8351 = CARTESIAN_POINT('',(-9.500564929932E-31,29.512490528595));
#8352 = ( GEOMETRIC_REPRESENTATION_CONTEXT(2) 
PARAMETRIC_REPRESENTATION_CONTEXT() REPRESENTATION_CONTEXT('2D SPACE',''
  ) );
#8353 = ORIENTED_EDGE('',*,*,#8250,.T.);
#8354 = ORIENTED_EDGE('',*,*,#7758,.T.);
#8355 = ADVANCED_FACE('',(#8356),#7744,.T.);
#8356 = FACE_BOUND('',#8357,.T.);
#8357 = EDGE_LOOP('',(#8358,#8379,#8410,#8411));
#8358 = ORIENTED_EDGE('',*,*,#8359,.F.);
#8359 = EDGE_CURVE('',#8360,#7704,#8362,.T.);
#8360 = VERTEX_POINT('',#8361);
#8361 = CARTESIAN_POINT('',(53.714953188779,47.206496355832,3.));
#8362 = SURFACE_CURVE('',#8363,(#8366,#8373),.PCURVE_S1.);
#8363 = B_SPLINE_CURVE_WITH_KNOTS('',1,(#8364,#8365),.UNSPECIFIED.,.F.,
  .F.,(2,2),(3.,21.515447606385),.PIECEWISE_BEZIER_KNOTS.);
#8364 = CARTESIAN_POINT('',(53.714953188779,47.206496355832,3.));
#8365 = CARTESIAN_POINT('',(53.714953188779,47.206496355832,
    21.515447606385));
#8366 = PCURVE('',#7744,#8367);
#8367 = DEFINITIONAL_REPRESENTATION('',(#8368),#8372);
#8368 = B_SPLINE_CURVE_WITH_KNOTS('',2,(#8369,#8370,#8371),
  .UNSPECIFIED.,.F.,.F.,(3,3),(3.,21.515447606385),
  .PIECEWISE_BEZIER_KNOTS.);
#8369 = CARTESIAN_POINT('',(3.14159265359,-3.));
#8370 = CARTESIAN_POINT('',(3.14159265359,-12.25772380319));
#8371 = CARTESIAN_POINT('',(3.14159265359,-21.51544760638));
#8372 = ( GEOMETRIC_REPRESENTATION_CONTEXT(2) 
PARAMETRIC_REPRESENTATION_CONTEXT() REPRESENTATION_CONTEXT('2D SPACE',''
  ) );
#8373 = PCURVE('',#7717,#8374);
#8374 = DEFINITIONAL_REPRESENTATION('',(#8375),#8378);
#8375 = B_SPLINE_CURVE_WITH_KNOTS('',1,(#8376,#8377),.UNSPECIFIED.,.F.,
  .F.,(2,2),(3.,21.515447606385),.PIECEWISE_BEZIER_KNOTS.);
#8376 = CARTESIAN_POINT('',(0.,-3.));
#8377 = CARTESIAN_POINT('',(0.,-21.51544760638));
#8378 = ( GEOMETRIC_REPRESENTATION_CONTEXT(2) 
PARAMETRIC_REPRESENTATION_CONTEXT() REPRESENTATION_CONTEXT('2D SPACE',''
  ) );
#8379 = ORIENTED_EDGE('',*,*,#8380,.F.);
#8380 = EDGE_CURVE('',#8308,#8360,#8381,.T.);
#8381 = SURFACE_CURVE('',#8382,(#8386,#8393),.PCURVE_S1.);
#8382 = ( BOUNDED_CURVE() B_SPLINE_CURVE(2,(#8383,#8384,#8385),
.UNSPECIFIED.,.F.,.F.) B_SPLINE_CURVE_WITH_KNOTS((3,3),(0.,
1.570796326795),.PIECEWISE_BEZIER_KNOTS.) CURVE() 
GEOMETRIC_REPRESENTATION_ITEM() RATIONAL_B_SPLINE_CURVE((1.,
0.707106781187,1.)) REPRESENTATION_ITEM('') );
#8383 = CARTESIAN_POINT('',(50.677694808908,50.243754735703,3.));
#8384 = CARTESIAN_POINT('',(50.677694808908,47.206496355832,3.));
#8385 = CARTESIAN_POINT('',(53.714953188779,47.206496355832,3.));
#8386 = PCURVE('',#7744,#8387);
#8387 = DEFINITIONAL_REPRESENTATION('',(#8388),#8392);
#8388 = B_SPLINE_CURVE_WITH_KNOTS('',2,(#8389,#8390,#8391),
  .UNSPECIFIED.,.F.,.F.,(3,3),(7.79533168415E-15,1.570796326795),
  .PIECEWISE_BEZIER_KNOTS.);
#8389 = CARTESIAN_POINT('',(1.570796326795,-3.));
#8390 = CARTESIAN_POINT('',(2.356194490192,-3.));
#8391 = CARTESIAN_POINT('',(3.14159265359,-3.));
#8392 = ( GEOMETRIC_REPRESENTATION_CONTEXT(2) 
PARAMETRIC_REPRESENTATION_CONTEXT() REPRESENTATION_CONTEXT('2D SPACE',''
  ) );
#8393 = PCURVE('',#8394,#8404);
#8394 = ( BOUNDED_SURFACE() B_SPLINE_SURFACE(2,2,(
    (#8395,#8396,#8397)
    ,(#8398,#8399,#8400)
    ,(#8401,#8402,#8403
)),.UNSPECIFIED.,.F.,.F.,.F.) B_SPLINE_SURFACE_WITH_KNOTS((3,3),(3,3),(
    0.,1.570796326795),(0.,1.570796326795),.PIECEWISE_BEZIER_KNOTS.) 
GEOMETRIC_REPRESENTATION_ITEM() RATIONAL_B_SPLINE_SURFACE((
    (1.,0.707106781187,1.)
    ,(0.707106781187,0.5,0.707106781187)
,(1.,0.707106781187,1.))) REPRESENTATION_ITEM('') SURFACE() );
#8395 = CARTESIAN_POINT('',(50.677694808908,50.243754735703,3.));
#8396 = CARTESIAN_POINT('',(50.677694808908,50.243754735703,2.));
#8397 = CARTESIAN_POINT('',(51.677694808908,50.243754735703,2.));
#8398 = CARTESIAN_POINT('',(50.677694808908,47.206496355832,3.));
#8399 = CARTESIAN_POINT('',(50.677694808908,47.206496355832,2.));
#8400 = CARTESIAN_POINT('',(51.677694808908,48.206496355832,2.));
#8401 = CARTESIAN_POINT('',(53.714953188779,47.206496355832,3.));
#8402 = CARTESIAN_POINT('',(53.714953188779,47.206496355832,2.));
#8403 = CARTESIAN_POINT('',(53.714953188779,48.206496355832,2.));
#8404 = DEFINITIONAL_REPRESENTATION('',(#8405),#8409);
#8405 = B_SPLINE_CURVE_WITH_KNOTS('',2,(#8406,#8407,#8408),
  .UNSPECIFIED.,.F.,.F.,(3,3),(7.79533168415E-15,1.570796326795),
  .PIECEWISE_BEZIER_KNOTS.);
#8406 = CARTESIAN_POINT('',(1.299221947358E-14,4.932590933658E-16));
#8407 = CARTESIAN_POINT('',(0.785398163397,-2.104274674102E-15));
#8408 = CARTESIAN_POINT('',(1.570796326795,9.865181867316E-16));
#8409 = ( GEOMETRIC_REPRESENTATION_CONTEXT(2) 
PARAMETRIC_REPRESENTATION_CONTEXT() REPRESENTATION_CONTEXT('2D SPACE',''
  ) );
#8410 = ORIENTED_EDGE('',*,*,#8307,.T.);
#8411 = ORIENTED_EDGE('',*,*,#7728,.T.);
#8412 = ADVANCED_FACE('',(#8413),#7717,.T.);
#8413 = FACE_BOUND('',#8414,.T.);
#8414 = EDGE_LOOP('',(#8415,#8436,#8462,#8463));
#8415 = ORIENTED_EDGE('',*,*,#8416,.F.);
#8416 = EDGE_CURVE('',#8417,#7674,#8419,.T.);
#8417 = VERTEX_POINT('',#8418);
#8418 = CARTESIAN_POINT('',(76.285046811221,47.206496355832,3.));
#8419 = SURFACE_CURVE('',#8420,(#8423,#8429),.PCURVE_S1.);
#8420 = B_SPLINE_CURVE_WITH_KNOTS('',1,(#8421,#8422),.UNSPECIFIED.,.F.,
  .F.,(2,2),(3.,21.515447606385),.PIECEWISE_BEZIER_KNOTS.);
#8421 = CARTESIAN_POINT('',(76.285046811221,47.206496355832,3.));
#8422 = CARTESIAN_POINT('',(76.285046811221,47.206496355832,
    21.515447606385));
#8423 = PCURVE('',#7717,#8424);
#8424 = DEFINITIONAL_REPRESENTATION('',(#8425),#8428);
#8425 = B_SPLINE_CURVE_WITH_KNOTS('',1,(#8426,#8427),.UNSPECIFIED.,.F.,
  .F.,(2,2),(3.,21.515447606385),.PIECEWISE_BEZIER_KNOTS.);
#8426 = CARTESIAN_POINT('',(22.570093622442,-3.));
#8427 = CARTESIAN_POINT('',(22.570093622442,-21.51544760638));
#8428 = ( GEOMETRIC_REPRESENTATION_CONTEXT(2) 
PARAMETRIC_REPRESENTATION_CONTEXT() REPRESENTATION_CONTEXT('2D SPACE',''
  ) );
#8429 = PCURVE('',#7689,#8430);
#8430 = DEFINITIONAL_REPRESENTATION('',(#8431),#8435);
#8431 = B_SPLINE_CURVE_WITH_KNOTS('',2,(#8432,#8433,#8434),
  .UNSPECIFIED.,.F.,.F.,(3,3),(3.,21.515447606385),
  .PIECEWISE_BEZIER_KNOTS.);
#8432 = CARTESIAN_POINT('',(3.14159265359,-3.));
#8433 = CARTESIAN_POINT('',(3.14159265359,-12.25772380319));
#8434 = CARTESIAN_POINT('',(3.14159265359,-21.51544760638));
#8435 = ( GEOMETRIC_REPRESENTATION_CONTEXT(2) 
PARAMETRIC_REPRESENTATION_CONTEXT() REPRESENTATION_CONTEXT('2D SPACE',''
  ) );
#8436 = ORIENTED_EDGE('',*,*,#8437,.F.);
#8437 = EDGE_CURVE('',#8360,#8417,#8438,.T.);
#8438 = SURFACE_CURVE('',#8439,(#8442,#8448),.PCURVE_S1.);
#8439 = B_SPLINE_CURVE_WITH_KNOTS('',1,(#8440,#8441),.UNSPECIFIED.,.F.,
  .F.,(2,2),(0.,22.570093622442),.PIECEWISE_BEZIER_KNOTS.);
#8440 = CARTESIAN_POINT('',(53.714953188779,47.206496355832,3.));
#8441 = CARTESIAN_POINT('',(76.285046811221,47.206496355832,3.));
#8442 = PCURVE('',#7717,#8443);
#8443 = DEFINITIONAL_REPRESENTATION('',(#8444),#8447);
#8444 = B_SPLINE_CURVE_WITH_KNOTS('',1,(#8445,#8446),.UNSPECIFIED.,.F.,
  .F.,(2,2),(0.,22.570093622442),.PIECEWISE_BEZIER_KNOTS.);
#8445 = CARTESIAN_POINT('',(0.,-3.));
#8446 = CARTESIAN_POINT('',(22.570093622443,-3.));
#8447 = ( GEOMETRIC_REPRESENTATION_CONTEXT(2) 
PARAMETRIC_REPRESENTATION_CONTEXT() REPRESENTATION_CONTEXT('2D SPACE',''
  ) );
#8448 = PCURVE('',#8449,#8456);
#8449 = ( BOUNDED_SURFACE() B_SPLINE_SURFACE(2,1,(
    (#8450,#8451)
    ,(#8452,#8453)
    ,(#8454,#8455
)),.UNSPECIFIED.,.F.,.F.,.F.) B_SPLINE_SURFACE_WITH_KNOTS((3,3),(2,2),(
    0.,1.570796326795),(0.,22.570093622442),.PIECEWISE_BEZIER_KNOTS.) 
GEOMETRIC_REPRESENTATION_ITEM() RATIONAL_B_SPLINE_SURFACE((
    (1.,1.)
    ,(0.707106781187,0.707106781187)
,(1.,1.))) REPRESENTATION_ITEM('') SURFACE() );
#8450 = CARTESIAN_POINT('',(53.714953188779,47.206496355832,3.));
#8451 = CARTESIAN_POINT('',(76.285046811221,47.206496355832,3.));
#8452 = CARTESIAN_POINT('',(53.714953188779,47.206496355832,2.));
#8453 = CARTESIAN_POINT('',(76.285046811221,47.206496355832,2.));
#8454 = CARTESIAN_POINT('',(53.714953188779,48.206496355832,2.));
#8455 = CARTESIAN_POINT('',(76.285046811221,48.206496355832,2.));
#8456 = DEFINITIONAL_REPRESENTATION('',(#8457),#8461);
#8457 = B_SPLINE_CURVE_WITH_KNOTS('',2,(#8458,#8459,#8460),
  .UNSPECIFIED.,.F.,.F.,(3,3),(0.,22.570093622442),
  .PIECEWISE_BEZIER_KNOTS.);
#8458 = CARTESIAN_POINT('',(-6.623387040238E-45,-7.105427357601E-15));
#8459 = CARTESIAN_POINT('',(-2.825609354596E-44,11.285046811221));
#8460 = CARTESIAN_POINT('',(0.,22.570093622442));
#8461 = ( GEOMETRIC_REPRESENTATION_CONTEXT(2) 
PARAMETRIC_REPRESENTATION_CONTEXT() REPRESENTATION_CONTEXT('2D SPACE',''
  ) );
#8462 = ORIENTED_EDGE('',*,*,#8359,.T.);
#8463 = ORIENTED_EDGE('',*,*,#7703,.T.);
#8464 = ADVANCED_FACE('',(#8465),#7689,.T.);
#8465 = FACE_BOUND('',#8466,.T.);
#8466 = EDGE_LOOP('',(#8467,#8468,#8499,#8500));
#8467 = ORIENTED_EDGE('',*,*,#8118,.F.);
#8468 = ORIENTED_EDGE('',*,*,#8469,.F.);
#8469 = EDGE_CURVE('',#8417,#8091,#8470,.T.);
#8470 = SURFACE_CURVE('',#8471,(#8475,#8482),.PCURVE_S1.);
#8471 = ( BOUNDED_CURVE() B_SPLINE_CURVE(2,(#8472,#8473,#8474),
.UNSPECIFIED.,.F.,.F.) B_SPLINE_CURVE_WITH_KNOTS((3,3),(
4.440892098501E-15,1.570796326795),.PIECEWISE_BEZIER_KNOTS.) CURVE() 
GEOMETRIC_REPRESENTATION_ITEM() RATIONAL_B_SPLINE_CURVE((1.,
0.707106781187,1.)) REPRESENTATION_ITEM('') );
#8472 = CARTESIAN_POINT('',(76.285046811221,47.206496355832,3.));
#8473 = CARTESIAN_POINT('',(79.322305191092,47.206496355832,3.));
#8474 = CARTESIAN_POINT('',(79.322305191092,50.243754735703,3.));
#8475 = PCURVE('',#7689,#8476);
#8476 = DEFINITIONAL_REPRESENTATION('',(#8477),#8481);
#8477 = B_SPLINE_CURVE_WITH_KNOTS('',2,(#8478,#8479,#8480),
  .UNSPECIFIED.,.F.,.F.,(3,3),(4.440892098501E-15,1.570796326795),
  .PIECEWISE_BEZIER_KNOTS.);
#8478 = CARTESIAN_POINT('',(3.14159265359,-3.));
#8479 = CARTESIAN_POINT('',(3.926990816987,-3.));
#8480 = CARTESIAN_POINT('',(4.712388980385,-3.));
#8481 = ( GEOMETRIC_REPRESENTATION_CONTEXT(2) 
PARAMETRIC_REPRESENTATION_CONTEXT() REPRESENTATION_CONTEXT('2D SPACE',''
  ) );
#8482 = PCURVE('',#8483,#8493);
#8483 = ( BOUNDED_SURFACE() B_SPLINE_SURFACE(2,2,(
    (#8484,#8485,#8486)
    ,(#8487,#8488,#8489)
    ,(#8490,#8491,#8492
)),.UNSPECIFIED.,.F.,.F.,.F.) B_SPLINE_SURFACE_WITH_KNOTS((3,3),(3,3),(
    0.,1.570796326795),(0.,1.570796326795),.PIECEWISE_BEZIER_KNOTS.) 
GEOMETRIC_REPRESENTATION_ITEM() RATIONAL_B_SPLINE_SURFACE((
    (1.,0.707106781187,1.)
    ,(0.707106781187,0.5,0.707106781187)
,(1.,0.707106781187,1.))) REPRESENTATION_ITEM('') SURFACE() );
#8484 = CARTESIAN_POINT('',(76.285046811221,47.206496355832,3.));
#8485 = CARTESIAN_POINT('',(76.285046811221,47.206496355832,2.));
#8486 = CARTESIAN_POINT('',(76.285046811221,48.206496355832,2.));
#8487 = CARTESIAN_POINT('',(79.322305191092,47.206496355832,3.));
#8488 = CARTESIAN_POINT('',(79.322305191092,47.206496355832,2.));
#8489 = CARTESIAN_POINT('',(78.322305191092,48.206496355832,2.));
#8490 = CARTESIAN_POINT('',(79.322305191092,50.243754735703,3.));
#8491 = CARTESIAN_POINT('',(79.322305191092,50.243754735703,2.));
#8492 = CARTESIAN_POINT('',(78.322305191092,50.243754735703,2.));
#8493 = DEFINITIONAL_REPRESENTATION('',(#8494),#8498);
#8494 = B_SPLINE_CURVE_WITH_KNOTS('',2,(#8495,#8496,#8497),
  .UNSPECIFIED.,.F.,.F.,(3,3),(4.440892098501E-15,1.570796326795),
  .PIECEWISE_BEZIER_KNOTS.);
#8495 = CARTESIAN_POINT('',(-7.559956909326E-16,4.932590933658E-16));
#8496 = CARTESIAN_POINT('',(0.785398163397,-9.091442113024E-17));
#8497 = CARTESIAN_POINT('',(1.570796326795,4.932590933658E-16));
#8498 = ( GEOMETRIC_REPRESENTATION_CONTEXT(2) 
PARAMETRIC_REPRESENTATION_CONTEXT() REPRESENTATION_CONTEXT('2D SPACE',''
  ) );
#8499 = ORIENTED_EDGE('',*,*,#8416,.T.);
#8500 = ORIENTED_EDGE('',*,*,#7673,.T.);
#8501 = ADVANCED_FACE('',(#8502),#8104,.F.);
#8502 = FACE_BOUND('',#8503,.F.);
#8503 = EDGE_LOOP('',(#8504,#8527,#8553,#8574));
#8504 = ORIENTED_EDGE('',*,*,#8505,.T.);
#8505 = EDGE_CURVE('',#8091,#8506,#8508,.T.);
#8506 = VERTEX_POINT('',#8507);
#8507 = CARTESIAN_POINT('',(78.322305191092,50.243754735703,2.));
#8508 = SURFACE_CURVE('',#8509,(#8513,#8520),.PCURVE_S1.);
#8509 = ( BOUNDED_CURVE() B_SPLINE_CURVE(2,(#8510,#8511,#8512),
.UNSPECIFIED.,.F.,.F.) B_SPLINE_CURVE_WITH_KNOTS((3,3),(0.,
1.570796326795),.PIECEWISE_BEZIER_KNOTS.) CURVE() 
GEOMETRIC_REPRESENTATION_ITEM() RATIONAL_B_SPLINE_CURVE((1.,
0.707106781187,1.)) REPRESENTATION_ITEM('') );
#8510 = CARTESIAN_POINT('',(79.322305191092,50.243754735703,3.));
#8511 = CARTESIAN_POINT('',(79.322305191092,50.243754735703,2.));
#8512 = CARTESIAN_POINT('',(78.322305191092,50.243754735703,2.));
#8513 = PCURVE('',#8104,#8514);
#8514 = DEFINITIONAL_REPRESENTATION('',(#8515),#8519);
#8515 = B_SPLINE_CURVE_WITH_KNOTS('',2,(#8516,#8517,#8518),
  .UNSPECIFIED.,.F.,.F.,(3,3),(0.,1.570796326795),
  .PIECEWISE_BEZIER_KNOTS.);
#8516 = CARTESIAN_POINT('',(9.500564929932E-31,-7.105427357601E-15));
#8517 = CARTESIAN_POINT('',(0.785398163397,5.256728255201E-15));
#8518 = CARTESIAN_POINT('',(1.570796326795,-7.105427357601E-15));
#8519 = ( GEOMETRIC_REPRESENTATION_CONTEXT(2) 
PARAMETRIC_REPRESENTATION_CONTEXT() REPRESENTATION_CONTEXT('2D SPACE',''
  ) );
#8520 = PCURVE('',#8483,#8521);
#8521 = DEFINITIONAL_REPRESENTATION('',(#8522),#8526);
#8522 = B_SPLINE_CURVE_WITH_KNOTS('',2,(#8523,#8524,#8525),
  .UNSPECIFIED.,.F.,.F.,(3,3),(0.,1.570796326795),
  .PIECEWISE_BEZIER_KNOTS.);
#8523 = CARTESIAN_POINT('',(1.570796326795,9.865181867317E-16));
#8524 = CARTESIAN_POINT('',(1.570796326795,0.785398163397));
#8525 = CARTESIAN_POINT('',(1.570796326795,1.570796326795));
#8526 = ( GEOMETRIC_REPRESENTATION_CONTEXT(2) 
PARAMETRIC_REPRESENTATION_CONTEXT() REPRESENTATION_CONTEXT('2D SPACE',''
  ) );
#8527 = ORIENTED_EDGE('',*,*,#8528,.T.);
#8528 = EDGE_CURVE('',#8506,#8529,#8531,.T.);
#8529 = VERTEX_POINT('',#8530);
#8530 = CARTESIAN_POINT('',(78.322305191092,79.756245264298,2.));
#8531 = SURFACE_CURVE('',#8532,(#8535,#8542),.PCURVE_S1.);
#8532 = B_SPLINE_CURVE_WITH_KNOTS('',1,(#8533,#8534),.UNSPECIFIED.,.F.,
  .F.,(2,2),(0.,29.512490528595),.PIECEWISE_BEZIER_KNOTS.);
#8533 = CARTESIAN_POINT('',(78.322305191092,50.243754735703,2.));
#8534 = CARTESIAN_POINT('',(78.322305191092,79.756245264298,2.));
#8535 = PCURVE('',#8104,#8536);
#8536 = DEFINITIONAL_REPRESENTATION('',(#8537),#8541);
#8537 = B_SPLINE_CURVE_WITH_KNOTS('',2,(#8538,#8539,#8540),
  .UNSPECIFIED.,.F.,.F.,(3,3),(0.,29.512490528595),
  .PIECEWISE_BEZIER_KNOTS.);
#8538 = CARTESIAN_POINT('',(1.570796326795,-2.13162820728E-14));
#8539 = CARTESIAN_POINT('',(1.570796326795,14.756245264297));
#8540 = CARTESIAN_POINT('',(1.570796326795,29.512490528595));
#8541 = ( GEOMETRIC_REPRESENTATION_CONTEXT(2) 
PARAMETRIC_REPRESENTATION_CONTEXT() REPRESENTATION_CONTEXT('2D SPACE',''
  ) );
#8542 = PCURVE('',#8543,#8548);
#8543 = B_SPLINE_SURFACE_WITH_KNOTS('',1,1,(
    (#8544,#8545)
    ,(#8546,#8547
    )),.UNSPECIFIED.,.F.,.F.,.F.,(2,2),(2,2),(51.677694808908,
    78.322305191092),(178.20649635583,211.79350364416),
  .PIECEWISE_BEZIER_KNOTS.);
#8544 = CARTESIAN_POINT('',(51.677694808908,81.793503644168,2.));
#8545 = CARTESIAN_POINT('',(51.677694808908,48.206496355832,2.));
#8546 = CARTESIAN_POINT('',(78.322305191092,81.793503644168,2.));
#8547 = CARTESIAN_POINT('',(78.322305191092,48.206496355832,2.));
#8548 = DEFINITIONAL_REPRESENTATION('',(#8549),#8552);
#8549 = B_SPLINE_CURVE_WITH_KNOTS('',1,(#8550,#8551),.UNSPECIFIED.,.F.,
  .F.,(2,2),(0.,29.512490528595),.PIECEWISE_BEZIER_KNOTS.);
#8550 = CARTESIAN_POINT('',(78.322305191092,209.75624526429));
#8551 = CARTESIAN_POINT('',(78.322305191092,180.2437547357));
#8552 = ( GEOMETRIC_REPRESENTATION_CONTEXT(2) 
PARAMETRIC_REPRESENTATION_CONTEXT() REPRESENTATION_CONTEXT('2D SPACE',''
  ) );
#8553 = ORIENTED_EDGE('',*,*,#8554,.F.);
#8554 = EDGE_CURVE('',#8070,#8529,#8555,.T.);
#8555 = SURFACE_CURVE('',#8556,(#8560,#8567),.PCURVE_S1.);
#8556 = ( BOUNDED_CURVE() B_SPLINE_CURVE(2,(#8557,#8558,#8559),
.UNSPECIFIED.,.F.,.F.) B_SPLINE_CURVE_WITH_KNOTS((3,3),(0.,
1.570796326795),.PIECEWISE_BEZIER_KNOTS.) CURVE() 
GEOMETRIC_REPRESENTATION_ITEM() RATIONAL_B_SPLINE_CURVE((1.,
0.707106781187,1.)) REPRESENTATION_ITEM('') );
#8557 = CARTESIAN_POINT('',(79.322305191092,79.756245264297,3.));
#8558 = CARTESIAN_POINT('',(79.322305191092,79.756245264297,2.));
#8559 = CARTESIAN_POINT('',(78.322305191092,79.756245264297,2.));
#8560 = PCURVE('',#8104,#8561);
#8561 = DEFINITIONAL_REPRESENTATION('',(#8562),#8566);
#8562 = B_SPLINE_CURVE_WITH_KNOTS('',2,(#8563,#8564,#8565),
  .UNSPECIFIED.,.F.,.F.,(3,3),(2.466295466829E-15,1.570796326795),
  .PIECEWISE_BEZIER_KNOTS.);
#8563 = CARTESIAN_POINT('',(3.946072746926E-15,29.512490528595));
#8564 = CARTESIAN_POINT('',(0.785398163397,29.512490528595));
#8565 = CARTESIAN_POINT('',(1.570796326795,29.512490528595));
#8566 = ( GEOMETRIC_REPRESENTATION_CONTEXT(2) 
PARAMETRIC_REPRESENTATION_CONTEXT() REPRESENTATION_CONTEXT('2D SPACE',''
  ) );
#8567 = PCURVE('',#8176,#8568);
#8568 = DEFINITIONAL_REPRESENTATION('',(#8569),#8573);
#8569 = B_SPLINE_CURVE_WITH_KNOTS('',2,(#8570,#8571,#8572),
  .UNSPECIFIED.,.F.,.F.,(3,3),(2.466295466829E-15,1.570796326795),
  .PIECEWISE_BEZIER_KNOTS.);
#8570 = CARTESIAN_POINT('',(-1.039377557887E-14,4.439331840292E-15));
#8571 = CARTESIAN_POINT('',(1.013359638149E-14,0.785398163397));
#8572 = CARTESIAN_POINT('',(-7.747810068503E-15,1.570796326795));
#8573 = ( GEOMETRIC_REPRESENTATION_CONTEXT(2) 
PARAMETRIC_REPRESENTATION_CONTEXT() REPRESENTATION_CONTEXT('2D SPACE',''
  ) );
#8574 = ORIENTED_EDGE('',*,*,#8090,.F.);
#8575 = ADVANCED_FACE('',(#8576),#8176,.T.);
#8576 = FACE_BOUND('',#8577,.T.);
#8577 = EDGE_LOOP('',(#8578,#8579,#8580,#8603));
#8578 = ORIENTED_EDGE('',*,*,#8554,.F.);
#8579 = ORIENTED_EDGE('',*,*,#8162,.T.);
#8580 = ORIENTED_EDGE('',*,*,#8581,.T.);
#8581 = EDGE_CURVE('',#8142,#8582,#8584,.T.);
#8582 = VERTEX_POINT('',#8583);
#8583 = CARTESIAN_POINT('',(76.285046811221,81.793503644168,2.));
#8584 = SURFACE_CURVE('',#8585,(#8589,#8596),.PCURVE_S1.);
#8585 = ( BOUNDED_CURVE() B_SPLINE_CURVE(2,(#8586,#8587,#8588),
.UNSPECIFIED.,.F.,.F.) B_SPLINE_CURVE_WITH_KNOTS((3,3),(0.,
1.570796326795),.PIECEWISE_BEZIER_KNOTS.) CURVE() 
GEOMETRIC_REPRESENTATION_ITEM() RATIONAL_B_SPLINE_CURVE((1.,
0.707106781187,1.)) REPRESENTATION_ITEM('') );
#8586 = CARTESIAN_POINT('',(76.285046811221,82.793503644168,3.));
#8587 = CARTESIAN_POINT('',(76.285046811221,82.793503644168,2.));
#8588 = CARTESIAN_POINT('',(76.285046811221,81.793503644168,2.));
#8589 = PCURVE('',#8176,#8590);
#8590 = DEFINITIONAL_REPRESENTATION('',(#8591),#8595);
#8591 = B_SPLINE_CURVE_WITH_KNOTS('',2,(#8592,#8593,#8594),
  .UNSPECIFIED.,.F.,.F.,(3,3),(1.973036373463E-15,1.570796326795),
  .PIECEWISE_BEZIER_KNOTS.);
#8592 = CARTESIAN_POINT('',(1.570796326795,1.973036373463E-15));
#8593 = CARTESIAN_POINT('',(1.570796326795,0.785398163397));
#8594 = CARTESIAN_POINT('',(1.570796326795,1.570796326795));
#8595 = ( GEOMETRIC_REPRESENTATION_CONTEXT(2) 
PARAMETRIC_REPRESENTATION_CONTEXT() REPRESENTATION_CONTEXT('2D SPACE',''
  ) );
#8596 = PCURVE('',#8231,#8597);
#8597 = DEFINITIONAL_REPRESENTATION('',(#8598),#8602);
#8598 = B_SPLINE_CURVE_WITH_KNOTS('',2,(#8599,#8600,#8601),
  .UNSPECIFIED.,.F.,.F.,(3,3),(1.973036373463E-15,1.570796326795),
  .PIECEWISE_BEZIER_KNOTS.);
#8599 = CARTESIAN_POINT('',(1.973036373463E-15,-1.42108547152E-14));
#8600 = CARTESIAN_POINT('',(0.785398163397,-2.121554923066E-14));
#8601 = CARTESIAN_POINT('',(1.570796326795,-1.42108547152E-14));
#8602 = ( GEOMETRIC_REPRESENTATION_CONTEXT(2) 
PARAMETRIC_REPRESENTATION_CONTEXT() REPRESENTATION_CONTEXT('2D SPACE',''
  ) );
#8603 = ORIENTED_EDGE('',*,*,#8604,.F.);
#8604 = EDGE_CURVE('',#8529,#8582,#8605,.T.);
#8605 = SURFACE_CURVE('',#8606,(#8610,#8617),.PCURVE_S1.);
#8606 = ( BOUNDED_CURVE() B_SPLINE_CURVE(2,(#8607,#8608,#8609),
.UNSPECIFIED.,.F.,.F.) B_SPLINE_CURVE_WITH_KNOTS((3,3),(0.,
1.570796326795),.PIECEWISE_BEZIER_KNOTS.) CURVE() 
GEOMETRIC_REPRESENTATION_ITEM() RATIONAL_B_SPLINE_CURVE((1.,
0.707106781187,1.)) REPRESENTATION_ITEM('') );
#8607 = CARTESIAN_POINT('',(78.322305191092,79.756245264297,2.));
#8608 = CARTESIAN_POINT('',(78.322305191092,81.793503644168,2.));
#8609 = CARTESIAN_POINT('',(76.285046811221,81.793503644168,2.));
#8610 = PCURVE('',#8176,#8611);
#8611 = DEFINITIONAL_REPRESENTATION('',(#8612),#8616);
#8612 = B_SPLINE_CURVE_WITH_KNOTS('',2,(#8613,#8614,#8615),
  .UNSPECIFIED.,.F.,.F.,(3,3),(1.549562013701E-14,1.570796326795),
  .PIECEWISE_BEZIER_KNOTS.);
#8613 = CARTESIAN_POINT('',(7.747810068503E-15,1.570796326795));
#8614 = CARTESIAN_POINT('',(0.785398163397,1.570796326795));
#8615 = CARTESIAN_POINT('',(1.570796326795,1.570796326795));
#8616 = ( GEOMETRIC_REPRESENTATION_CONTEXT(2) 
PARAMETRIC_REPRESENTATION_CONTEXT() REPRESENTATION_CONTEXT('2D SPACE',''
  ) );
#8617 = PCURVE('',#8543,#8618);
#8618 = DEFINITIONAL_REPRESENTATION('',(#8619),#8623);
#8619 = ( BOUNDED_CURVE() B_SPLINE_CURVE(2,(#8620,#8621,#8622),
.UNSPECIFIED.,.F.,.F.) B_SPLINE_CURVE_WITH_KNOTS((3,3),(0.,
1.570796326795),.PIECEWISE_BEZIER_KNOTS.) CURVE() 
GEOMETRIC_REPRESENTATION_ITEM() RATIONAL_B_SPLINE_CURVE((1.,
0.707106781187,1.)) REPRESENTATION_ITEM('') );
#8620 = CARTESIAN_POINT('',(78.322305191092,180.2437547357));
#8621 = CARTESIAN_POINT('',(78.322305191092,178.20649635583));
#8622 = CARTESIAN_POINT('',(76.285046811221,178.20649635583));
#8623 = ( GEOMETRIC_REPRESENTATION_CONTEXT(2) 
PARAMETRIC_REPRESENTATION_CONTEXT() REPRESENTATION_CONTEXT('2D SPACE',''
  ) );
#8624 = ADVANCED_FACE('',(#8625),#8231,.F.);
#8625 = FACE_BOUND('',#8626,.F.);
#8626 = EDGE_LOOP('',(#8627,#8628,#8649,#8670));
#8627 = ORIENTED_EDGE('',*,*,#8581,.T.);
#8628 = ORIENTED_EDGE('',*,*,#8629,.T.);
#8629 = EDGE_CURVE('',#8582,#8630,#8632,.T.);
#8630 = VERTEX_POINT('',#8631);
#8631 = CARTESIAN_POINT('',(53.714953188779,81.793503644168,2.));
#8632 = SURFACE_CURVE('',#8633,(#8636,#8643),.PCURVE_S1.);
#8633 = B_SPLINE_CURVE_WITH_KNOTS('',1,(#8634,#8635),.UNSPECIFIED.,.F.,
  .F.,(2,2),(0.,22.570093622442),.PIECEWISE_BEZIER_KNOTS.);
#8634 = CARTESIAN_POINT('',(76.285046811221,81.793503644168,2.));
#8635 = CARTESIAN_POINT('',(53.714953188779,81.793503644168,2.));
#8636 = PCURVE('',#8231,#8637);
#8637 = DEFINITIONAL_REPRESENTATION('',(#8638),#8642);
#8638 = B_SPLINE_CURVE_WITH_KNOTS('',2,(#8639,#8640,#8641),
  .UNSPECIFIED.,.F.,.F.,(3,3),(2.84217094304E-14,22.570093622442),
  .PIECEWISE_BEZIER_KNOTS.);
#8639 = CARTESIAN_POINT('',(1.570796326795,4.263256414561E-14));
#8640 = CARTESIAN_POINT('',(1.570796326795,11.285046811221));
#8641 = CARTESIAN_POINT('',(1.570796326795,22.570093622442));
#8642 = ( GEOMETRIC_REPRESENTATION_CONTEXT(2) 
PARAMETRIC_REPRESENTATION_CONTEXT() REPRESENTATION_CONTEXT('2D SPACE',''
  ) );
#8643 = PCURVE('',#8543,#8644);
#8644 = DEFINITIONAL_REPRESENTATION('',(#8645),#8648);
#8645 = B_SPLINE_CURVE_WITH_KNOTS('',1,(#8646,#8647),.UNSPECIFIED.,.F.,
  .F.,(2,2),(0.,22.570093622442),.PIECEWISE_BEZIER_KNOTS.);
#8646 = CARTESIAN_POINT('',(76.285046811221,178.20649635583));
#8647 = CARTESIAN_POINT('',(53.714953188779,178.20649635583));
#8648 = ( GEOMETRIC_REPRESENTATION_CONTEXT(2) 
PARAMETRIC_REPRESENTATION_CONTEXT() REPRESENTATION_CONTEXT('2D SPACE',''
  ) );
#8649 = ORIENTED_EDGE('',*,*,#8650,.F.);
#8650 = EDGE_CURVE('',#8199,#8630,#8651,.T.);
#8651 = SURFACE_CURVE('',#8652,(#8656,#8663),.PCURVE_S1.);
#8652 = ( BOUNDED_CURVE() B_SPLINE_CURVE(2,(#8653,#8654,#8655),
.UNSPECIFIED.,.F.,.F.) B_SPLINE_CURVE_WITH_KNOTS((3,3),(0.,
1.570796326795),.PIECEWISE_BEZIER_KNOTS.) CURVE() 
GEOMETRIC_REPRESENTATION_ITEM() RATIONAL_B_SPLINE_CURVE((1.,
0.707106781187,1.)) REPRESENTATION_ITEM('') );
#8653 = CARTESIAN_POINT('',(53.714953188779,82.793503644168,3.));
#8654 = CARTESIAN_POINT('',(53.714953188779,82.793503644168,2.));
#8655 = CARTESIAN_POINT('',(53.714953188779,81.793503644168,2.));
#8656 = PCURVE('',#8231,#8657);
#8657 = DEFINITIONAL_REPRESENTATION('',(#8658),#8662);
#8658 = B_SPLINE_CURVE_WITH_KNOTS('',2,(#8659,#8660,#8661),
  .UNSPECIFIED.,.F.,.F.,(3,3),(1.973036373463E-15,1.570796326795),
  .PIECEWISE_BEZIER_KNOTS.);
#8659 = CARTESIAN_POINT('',(1.973036373463E-15,22.570093622442));
#8660 = CARTESIAN_POINT('',(0.785398163397,22.570093622442));
#8661 = CARTESIAN_POINT('',(1.570796326795,22.570093622442));
#8662 = ( GEOMETRIC_REPRESENTATION_CONTEXT(2) 
PARAMETRIC_REPRESENTATION_CONTEXT() REPRESENTATION_CONTEXT('2D SPACE',''
  ) );
#8663 = PCURVE('',#8285,#8664);
#8664 = DEFINITIONAL_REPRESENTATION('',(#8665),#8669);
#8665 = B_SPLINE_CURVE_WITH_KNOTS('',2,(#8666,#8667,#8668),
  .UNSPECIFIED.,.F.,.F.,(3,3),(1.973036373463E-15,1.570796326795),
  .PIECEWISE_BEZIER_KNOTS.);
#8666 = CARTESIAN_POINT('',(5.196887789433E-15,1.973036373463E-15));
#8667 = CARTESIAN_POINT('',(-6.402788743991E-16,0.785398163397));
#8668 = CARTESIAN_POINT('',(0.,1.570796326795));
#8669 = ( GEOMETRIC_REPRESENTATION_CONTEXT(2) 
PARAMETRIC_REPRESENTATION_CONTEXT() REPRESENTATION_CONTEXT('2D SPACE',''
  ) );
#8670 = ORIENTED_EDGE('',*,*,#8219,.F.);
#8671 = ADVANCED_FACE('',(#8672),#8285,.T.);
#8672 = FACE_BOUND('',#8673,.T.);
#8673 = EDGE_LOOP('',(#8674,#8675,#8676,#8699));
#8674 = ORIENTED_EDGE('',*,*,#8650,.F.);
#8675 = ORIENTED_EDGE('',*,*,#8271,.T.);
#8676 = ORIENTED_EDGE('',*,*,#8677,.T.);
#8677 = EDGE_CURVE('',#8251,#8678,#8680,.T.);
#8678 = VERTEX_POINT('',#8679);
#8679 = CARTESIAN_POINT('',(51.677694808908,79.756245264298,2.));
#8680 = SURFACE_CURVE('',#8681,(#8685,#8692),.PCURVE_S1.);
#8681 = ( BOUNDED_CURVE() B_SPLINE_CURVE(2,(#8682,#8683,#8684),
.UNSPECIFIED.,.F.,.F.) B_SPLINE_CURVE_WITH_KNOTS((3,3),(0.,
1.570796326795),.PIECEWISE_BEZIER_KNOTS.) CURVE() 
GEOMETRIC_REPRESENTATION_ITEM() RATIONAL_B_SPLINE_CURVE((1.,
0.707106781187,1.)) REPRESENTATION_ITEM('') );
#8682 = CARTESIAN_POINT('',(50.677694808908,79.756245264297,3.));
#8683 = CARTESIAN_POINT('',(50.677694808908,79.756245264297,2.));
#8684 = CARTESIAN_POINT('',(51.677694808908,79.756245264297,2.));
#8685 = PCURVE('',#8285,#8686);
#8686 = DEFINITIONAL_REPRESENTATION('',(#8687),#8691);
#8687 = B_SPLINE_CURVE_WITH_KNOTS('',2,(#8688,#8689,#8690),
  .UNSPECIFIED.,.F.,.F.,(3,3),(2.466295466829E-15,1.570796326795),
  .PIECEWISE_BEZIER_KNOTS.);
#8688 = CARTESIAN_POINT('',(1.570796326795,3.946072746926E-15));
#8689 = CARTESIAN_POINT('',(1.570796326795,0.785398163397));
#8690 = CARTESIAN_POINT('',(1.570796326795,1.570796326795));
#8691 = ( GEOMETRIC_REPRESENTATION_CONTEXT(2) 
PARAMETRIC_REPRESENTATION_CONTEXT() REPRESENTATION_CONTEXT('2D SPACE',''
  ) );
#8692 = PCURVE('',#8340,#8693);
#8693 = DEFINITIONAL_REPRESENTATION('',(#8694),#8698);
#8694 = B_SPLINE_CURVE_WITH_KNOTS('',2,(#8695,#8696,#8697),
  .UNSPECIFIED.,.F.,.F.,(3,3),(2.466295466829E-15,1.570796326795),
  .PIECEWISE_BEZIER_KNOTS.);
#8695 = CARTESIAN_POINT('',(3.946072746926E-15,1.42108547152E-14));
#8696 = CARTESIAN_POINT('',(0.785398163397,-8.317314166311E-14));
#8697 = CARTESIAN_POINT('',(1.570796326795,-2.84217094304E-14));
#8698 = ( GEOMETRIC_REPRESENTATION_CONTEXT(2) 
PARAMETRIC_REPRESENTATION_CONTEXT() REPRESENTATION_CONTEXT('2D SPACE',''
  ) );
#8699 = ORIENTED_EDGE('',*,*,#8700,.F.);
#8700 = EDGE_CURVE('',#8630,#8678,#8701,.T.);
#8701 = SURFACE_CURVE('',#8702,(#8706,#8713),.PCURVE_S1.);
#8702 = ( BOUNDED_CURVE() B_SPLINE_CURVE(2,(#8703,#8704,#8705),
.UNSPECIFIED.,.F.,.F.) B_SPLINE_CURVE_WITH_KNOTS((3,3),(0.,
1.570796326795),.PIECEWISE_BEZIER_KNOTS.) CURVE() 
GEOMETRIC_REPRESENTATION_ITEM() RATIONAL_B_SPLINE_CURVE((1.,
0.707106781187,1.)) REPRESENTATION_ITEM('') );
#8703 = CARTESIAN_POINT('',(53.714953188779,81.793503644168,2.));
#8704 = CARTESIAN_POINT('',(51.677694808908,81.793503644168,2.));
#8705 = CARTESIAN_POINT('',(51.677694808908,79.756245264297,2.));
#8706 = PCURVE('',#8285,#8707);
#8707 = DEFINITIONAL_REPRESENTATION('',(#8708),#8712);
#8708 = B_SPLINE_CURVE_WITH_KNOTS('',2,(#8709,#8710,#8711),
  .UNSPECIFIED.,.F.,.F.,(3,3),(0.,1.570796326795),
  .PIECEWISE_BEZIER_KNOTS.);
#8709 = CARTESIAN_POINT('',(3.873905034251E-15,1.570796326795));
#8710 = CARTESIAN_POINT('',(0.785398163397,1.570796326795));
#8711 = CARTESIAN_POINT('',(1.570796326795,1.570796326795));
#8712 = ( GEOMETRIC_REPRESENTATION_CONTEXT(2) 
PARAMETRIC_REPRESENTATION_CONTEXT() REPRESENTATION_CONTEXT('2D SPACE',''
  ) );
#8713 = PCURVE('',#8543,#8714);
#8714 = DEFINITIONAL_REPRESENTATION('',(#8715),#8719);
#8715 = ( BOUNDED_CURVE() B_SPLINE_CURVE(2,(#8716,#8717,#8718),
.UNSPECIFIED.,.F.,.F.) B_SPLINE_CURVE_WITH_KNOTS((3,3),(0.,
1.570796326795),.PIECEWISE_BEZIER_KNOTS.) CURVE() 
GEOMETRIC_REPRESENTATION_ITEM() RATIONAL_B_SPLINE_CURVE((1.,
0.707106781187,1.)) REPRESENTATION_ITEM('') );
#8716 = CARTESIAN_POINT('',(53.714953188779,178.20649635583));
#8717 = CARTESIAN_POINT('',(51.677694808908,178.20649635583));
#8718 = CARTESIAN_POINT('',(51.677694808908,180.2437547357));
#8719 = ( GEOMETRIC_REPRESENTATION_CONTEXT(2) 
PARAMETRIC_REPRESENTATION_CONTEXT() REPRESENTATION_CONTEXT('2D SPACE',''
  ) );
#8720 = ADVANCED_FACE('',(#8721),#8340,.F.);
#8721 = FACE_BOUND('',#8722,.F.);
#8722 = EDGE_LOOP('',(#8723,#8724,#8745,#8766));
#8723 = ORIENTED_EDGE('',*,*,#8677,.T.);
#8724 = ORIENTED_EDGE('',*,*,#8725,.T.);
#8725 = EDGE_CURVE('',#8678,#8726,#8728,.T.);
#8726 = VERTEX_POINT('',#8727);
#8727 = CARTESIAN_POINT('',(51.677694808908,50.243754735703,2.));
#8728 = SURFACE_CURVE('',#8729,(#8732,#8739),.PCURVE_S1.);
#8729 = B_SPLINE_CURVE_WITH_KNOTS('',1,(#8730,#8731),.UNSPECIFIED.,.F.,
  .F.,(2,2),(0.,29.512490528595),.PIECEWISE_BEZIER_KNOTS.);
#8730 = CARTESIAN_POINT('',(51.677694808908,79.756245264297,2.));
#8731 = CARTESIAN_POINT('',(51.677694808908,50.243754735702,2.));
#8732 = PCURVE('',#8340,#8733);
#8733 = DEFINITIONAL_REPRESENTATION('',(#8734),#8738);
#8734 = B_SPLINE_CURVE_WITH_KNOTS('',2,(#8735,#8736,#8737),
  .UNSPECIFIED.,.F.,.F.,(3,3),(0.,29.512490528595),
  .PIECEWISE_BEZIER_KNOTS.);
#8735 = CARTESIAN_POINT('',(1.570796326795,1.42108547152E-14));
#8736 = CARTESIAN_POINT('',(1.570796326795,14.756245264297));
#8737 = CARTESIAN_POINT('',(1.570796326795,29.512490528595));
#8738 = ( GEOMETRIC_REPRESENTATION_CONTEXT(2) 
PARAMETRIC_REPRESENTATION_CONTEXT() REPRESENTATION_CONTEXT('2D SPACE',''
  ) );
#8739 = PCURVE('',#8543,#8740);
#8740 = DEFINITIONAL_REPRESENTATION('',(#8741),#8744);
#8741 = B_SPLINE_CURVE_WITH_KNOTS('',1,(#8742,#8743),.UNSPECIFIED.,.F.,
  .F.,(2,2),(0.,29.512490528595),.PIECEWISE_BEZIER_KNOTS.);
#8742 = CARTESIAN_POINT('',(51.677694808908,180.2437547357));
#8743 = CARTESIAN_POINT('',(51.677694808908,209.75624526429));
#8744 = ( GEOMETRIC_REPRESENTATION_CONTEXT(2) 
PARAMETRIC_REPRESENTATION_CONTEXT() REPRESENTATION_CONTEXT('2D SPACE',''
  ) );
#8745 = ORIENTED_EDGE('',*,*,#8746,.F.);
#8746 = EDGE_CURVE('',#8308,#8726,#8747,.T.);
#8747 = SURFACE_CURVE('',#8748,(#8752,#8759),.PCURVE_S1.);
#8748 = ( BOUNDED_CURVE() B_SPLINE_CURVE(2,(#8749,#8750,#8751),
.UNSPECIFIED.,.F.,.F.) B_SPLINE_CURVE_WITH_KNOTS((3,3),(0.,
1.570796326795),.PIECEWISE_BEZIER_KNOTS.) CURVE() 
GEOMETRIC_REPRESENTATION_ITEM() RATIONAL_B_SPLINE_CURVE((1.,
0.707106781187,1.)) REPRESENTATION_ITEM('') );
#8749 = CARTESIAN_POINT('',(50.677694808908,50.243754735703,3.));
#8750 = CARTESIAN_POINT('',(50.677694808908,50.243754735703,2.));
#8751 = CARTESIAN_POINT('',(51.677694808908,50.243754735703,2.));
#8752 = PCURVE('',#8340,#8753);
#8753 = DEFINITIONAL_REPRESENTATION('',(#8754),#8758);
#8754 = B_SPLINE_CURVE_WITH_KNOTS('',2,(#8755,#8756,#8757),
  .UNSPECIFIED.,.F.,.F.,(3,3),(0.,1.570796326795),
  .PIECEWISE_BEZIER_KNOTS.);
#8755 = CARTESIAN_POINT('',(-9.500564929932E-31,29.512490528595));
#8756 = CARTESIAN_POINT('',(0.785398163397,29.512490528595));
#8757 = CARTESIAN_POINT('',(1.570796326795,29.512490528595));
#8758 = ( GEOMETRIC_REPRESENTATION_CONTEXT(2) 
PARAMETRIC_REPRESENTATION_CONTEXT() REPRESENTATION_CONTEXT('2D SPACE',''
  ) );
#8759 = PCURVE('',#8394,#8760);
#8760 = DEFINITIONAL_REPRESENTATION('',(#8761),#8765);
#8761 = B_SPLINE_CURVE_WITH_KNOTS('',2,(#8762,#8763,#8764),
  .UNSPECIFIED.,.F.,.F.,(3,3),(0.,1.570796326795),
  .PIECEWISE_BEZIER_KNOTS.);
#8762 = CARTESIAN_POINT('',(0.,0.));
#8763 = CARTESIAN_POINT('',(-1.987978519882E-15,0.785398163397));
#8764 = CARTESIAN_POINT('',(0.,1.570796326795));
#8765 = ( GEOMETRIC_REPRESENTATION_CONTEXT(2) 
PARAMETRIC_REPRESENTATION_CONTEXT() REPRESENTATION_CONTEXT('2D SPACE',''
  ) );
#8766 = ORIENTED_EDGE('',*,*,#8328,.F.);
#8767 = ADVANCED_FACE('',(#8768),#8394,.T.);
#8768 = FACE_BOUND('',#8769,.T.);
#8769 = EDGE_LOOP('',(#8770,#8771,#8772,#8795));
#8770 = ORIENTED_EDGE('',*,*,#8746,.F.);
#8771 = ORIENTED_EDGE('',*,*,#8380,.T.);
#8772 = ORIENTED_EDGE('',*,*,#8773,.T.);
#8773 = EDGE_CURVE('',#8360,#8774,#8776,.T.);
#8774 = VERTEX_POINT('',#8775);
#8775 = CARTESIAN_POINT('',(53.714953188779,48.206496355832,2.));
#8776 = SURFACE_CURVE('',#8777,(#8781,#8788),.PCURVE_S1.);
#8777 = ( BOUNDED_CURVE() B_SPLINE_CURVE(2,(#8778,#8779,#8780),
.UNSPECIFIED.,.F.,.F.) B_SPLINE_CURVE_WITH_KNOTS((3,3),(0.,
1.570796326795),.PIECEWISE_BEZIER_KNOTS.) CURVE() 
GEOMETRIC_REPRESENTATION_ITEM() RATIONAL_B_SPLINE_CURVE((1.,
0.707106781187,1.)) REPRESENTATION_ITEM('') );
#8778 = CARTESIAN_POINT('',(53.714953188779,47.206496355832,3.));
#8779 = CARTESIAN_POINT('',(53.714953188779,47.206496355832,2.));
#8780 = CARTESIAN_POINT('',(53.714953188779,48.206496355832,2.));
#8781 = PCURVE('',#8394,#8782);
#8782 = DEFINITIONAL_REPRESENTATION('',(#8783),#8787);
#8783 = B_SPLINE_CURVE_WITH_KNOTS('',2,(#8784,#8785,#8786),
  .UNSPECIFIED.,.F.,.F.,(3,3),(0.,1.570796326795),
  .PIECEWISE_BEZIER_KNOTS.);
#8784 = CARTESIAN_POINT('',(1.570796326795,9.865181867316E-16));
#8785 = CARTESIAN_POINT('',(1.570796326795,0.785398163397));
#8786 = CARTESIAN_POINT('',(1.570796326795,1.570796326795));
#8787 = ( GEOMETRIC_REPRESENTATION_CONTEXT(2) 
PARAMETRIC_REPRESENTATION_CONTEXT() REPRESENTATION_CONTEXT('2D SPACE',''
  ) );
#8788 = PCURVE('',#8449,#8789);
#8789 = DEFINITIONAL_REPRESENTATION('',(#8790),#8794);
#8790 = B_SPLINE_CURVE_WITH_KNOTS('',2,(#8791,#8792,#8793),
  .UNSPECIFIED.,.F.,.F.,(3,3),(0.,1.570796326795),
  .PIECEWISE_BEZIER_KNOTS.);
#8791 = CARTESIAN_POINT('',(1.192830039956E-29,-2.13162820728E-14));
#8792 = CARTESIAN_POINT('',(0.785398163397,-1.531042181893E-14));
#8793 = CARTESIAN_POINT('',(1.570796326795,8.847336037568E-30));
#8794 = ( GEOMETRIC_REPRESENTATION_CONTEXT(2) 
PARAMETRIC_REPRESENTATION_CONTEXT() REPRESENTATION_CONTEXT('2D SPACE',''
  ) );
#8795 = ORIENTED_EDGE('',*,*,#8796,.F.);
#8796 = EDGE_CURVE('',#8726,#8774,#8797,.T.);
#8797 = SURFACE_CURVE('',#8798,(#8802,#8809),.PCURVE_S1.);
#8798 = ( BOUNDED_CURVE() B_SPLINE_CURVE(2,(#8799,#8800,#8801),
.UNSPECIFIED.,.F.,.F.) B_SPLINE_CURVE_WITH_KNOTS((3,3),(0.,
1.570796326795),.PIECEWISE_BEZIER_KNOTS.) CURVE() 
GEOMETRIC_REPRESENTATION_ITEM() RATIONAL_B_SPLINE_CURVE((1.,
0.707106781187,1.)) REPRESENTATION_ITEM('') );
#8799 = CARTESIAN_POINT('',(51.677694808908,50.243754735703,2.));
#8800 = CARTESIAN_POINT('',(51.677694808908,48.206496355832,2.));
#8801 = CARTESIAN_POINT('',(53.714953188779,48.206496355832,2.));
#8802 = PCURVE('',#8394,#8803);
#8803 = DEFINITIONAL_REPRESENTATION('',(#8804),#8808);
#8804 = B_SPLINE_CURVE_WITH_KNOTS('',2,(#8805,#8806,#8807),
  .UNSPECIFIED.,.F.,.F.,(3,3),(7.747810068503E-15,1.570796326795),
  .PIECEWISE_BEZIER_KNOTS.);
#8805 = CARTESIAN_POINT('',(1.162171510275E-14,1.570796326795));
#8806 = CARTESIAN_POINT('',(0.785398163397,1.570796326795));
#8807 = CARTESIAN_POINT('',(1.570796326795,1.570796326795));
#8808 = ( GEOMETRIC_REPRESENTATION_CONTEXT(2) 
PARAMETRIC_REPRESENTATION_CONTEXT() REPRESENTATION_CONTEXT('2D SPACE',''
  ) );
#8809 = PCURVE('',#8543,#8810);
#8810 = DEFINITIONAL_REPRESENTATION('',(#8811),#8815);
#8811 = ( BOUNDED_CURVE() B_SPLINE_CURVE(2,(#8812,#8813,#8814),
.UNSPECIFIED.,.F.,.F.) B_SPLINE_CURVE_WITH_KNOTS((3,3),(0.,
1.570796326795),.PIECEWISE_BEZIER_KNOTS.) CURVE() 
GEOMETRIC_REPRESENTATION_ITEM() RATIONAL_B_SPLINE_CURVE((1.,
0.707106781187,1.)) REPRESENTATION_ITEM('') );
#8812 = CARTESIAN_POINT('',(51.677694808908,209.75624526429));
#8813 = CARTESIAN_POINT('',(51.677694808908,211.79350364416));
#8814 = CARTESIAN_POINT('',(53.714953188779,211.79350364416));
#8815 = ( GEOMETRIC_REPRESENTATION_CONTEXT(2) 
PARAMETRIC_REPRESENTATION_CONTEXT() REPRESENTATION_CONTEXT('2D SPACE',''
  ) );
#8816 = ADVANCED_FACE('',(#8817),#8449,.F.);
#8817 = FACE_BOUND('',#8818,.F.);
#8818 = EDGE_LOOP('',(#8819,#8820,#8841,#8862));
#8819 = ORIENTED_EDGE('',*,*,#8773,.T.);
#8820 = ORIENTED_EDGE('',*,*,#8821,.T.);
#8821 = EDGE_CURVE('',#8774,#8822,#8824,.T.);
#8822 = VERTEX_POINT('',#8823);
#8823 = CARTESIAN_POINT('',(76.285046811221,48.206496355832,2.));
#8824 = SURFACE_CURVE('',#8825,(#8828,#8835),.PCURVE_S1.);
#8825 = B_SPLINE_CURVE_WITH_KNOTS('',1,(#8826,#8827),.UNSPECIFIED.,.F.,
  .F.,(2,2),(0.,22.570093622442),.PIECEWISE_BEZIER_KNOTS.);
#8826 = CARTESIAN_POINT('',(53.714953188779,48.206496355832,2.));
#8827 = CARTESIAN_POINT('',(76.285046811221,48.206496355832,2.));
#8828 = PCURVE('',#8449,#8829);
#8829 = DEFINITIONAL_REPRESENTATION('',(#8830),#8834);
#8830 = B_SPLINE_CURVE_WITH_KNOTS('',2,(#8831,#8832,#8833),
  .UNSPECIFIED.,.F.,.F.,(3,3),(4.263256414561E-14,22.570093622442),
  .PIECEWISE_BEZIER_KNOTS.);
#8831 = CARTESIAN_POINT('',(1.570796326795,2.13162820728E-14));
#8832 = CARTESIAN_POINT('',(1.570796326795,11.285046811221));
#8833 = CARTESIAN_POINT('',(1.570796326795,22.570093622442));
#8834 = ( GEOMETRIC_REPRESENTATION_CONTEXT(2) 
PARAMETRIC_REPRESENTATION_CONTEXT() REPRESENTATION_CONTEXT('2D SPACE',''
  ) );
#8835 = PCURVE('',#8543,#8836);
#8836 = DEFINITIONAL_REPRESENTATION('',(#8837),#8840);
#8837 = B_SPLINE_CURVE_WITH_KNOTS('',1,(#8838,#8839),.UNSPECIFIED.,.F.,
  .F.,(2,2),(0.,22.570093622442),.PIECEWISE_BEZIER_KNOTS.);
#8838 = CARTESIAN_POINT('',(53.714953188779,211.79350364416));
#8839 = CARTESIAN_POINT('',(76.285046811221,211.79350364416));
#8840 = ( GEOMETRIC_REPRESENTATION_CONTEXT(2) 
PARAMETRIC_REPRESENTATION_CONTEXT() REPRESENTATION_CONTEXT('2D SPACE',''
  ) );
#8841 = ORIENTED_EDGE('',*,*,#8842,.F.);
#8842 = EDGE_CURVE('',#8417,#8822,#8843,.T.);
#8843 = SURFACE_CURVE('',#8844,(#8848,#8855),.PCURVE_S1.);
#8844 = ( BOUNDED_CURVE() B_SPLINE_CURVE(2,(#8845,#8846,#8847),
.UNSPECIFIED.,.F.,.F.) B_SPLINE_CURVE_WITH_KNOTS((3,3),(0.,
1.570796326795),.PIECEWISE_BEZIER_KNOTS.) CURVE() 
GEOMETRIC_REPRESENTATION_ITEM() RATIONAL_B_SPLINE_CURVE((1.,
0.707106781187,1.)) REPRESENTATION_ITEM('') );
#8845 = CARTESIAN_POINT('',(76.285046811221,47.206496355832,3.));
#8846 = CARTESIAN_POINT('',(76.285046811221,47.206496355832,2.));
#8847 = CARTESIAN_POINT('',(76.285046811221,48.206496355832,2.));
#8848 = PCURVE('',#8449,#8849);
#8849 = DEFINITIONAL_REPRESENTATION('',(#8850),#8854);
#8850 = B_SPLINE_CURVE_WITH_KNOTS('',2,(#8851,#8852,#8853),
  .UNSPECIFIED.,.F.,.F.,(3,3),(0.,1.570796326795),
  .PIECEWISE_BEZIER_KNOTS.);
#8851 = CARTESIAN_POINT('',(-2.638572602298E-44,22.570093622442));
#8852 = CARTESIAN_POINT('',(0.785398163397,22.570093622442));
#8853 = CARTESIAN_POINT('',(1.570796326795,22.570093622442));
#8854 = ( GEOMETRIC_REPRESENTATION_CONTEXT(2) 
PARAMETRIC_REPRESENTATION_CONTEXT() REPRESENTATION_CONTEXT('2D SPACE',''
  ) );
#8855 = PCURVE('',#8483,#8856);
#8856 = DEFINITIONAL_REPRESENTATION('',(#8857),#8861);
#8857 = B_SPLINE_CURVE_WITH_KNOTS('',2,(#8858,#8859,#8860),
  .UNSPECIFIED.,.F.,.F.,(3,3),(0.,1.570796326795),
  .PIECEWISE_BEZIER_KNOTS.);
#8858 = CARTESIAN_POINT('',(-7.559956909326E-16,4.932590933658E-16));
#8859 = CARTESIAN_POINT('',(2.827999342892E-14,0.785398163397));
#8860 = CARTESIAN_POINT('',(-1.10547280385E-14,1.570796326795));
#8861 = ( GEOMETRIC_REPRESENTATION_CONTEXT(2) 
PARAMETRIC_REPRESENTATION_CONTEXT() REPRESENTATION_CONTEXT('2D SPACE',''
  ) );
#8862 = ORIENTED_EDGE('',*,*,#8437,.F.);
#8863 = ADVANCED_FACE('',(#8864),#8483,.T.);
#8864 = FACE_BOUND('',#8865,.T.);
#8865 = EDGE_LOOP('',(#8866,#8867,#8868,#8869));
#8866 = ORIENTED_EDGE('',*,*,#8842,.F.);
#8867 = ORIENTED_EDGE('',*,*,#8469,.T.);
#8868 = ORIENTED_EDGE('',*,*,#8505,.T.);
#8869 = ORIENTED_EDGE('',*,*,#8870,.F.);
#8870 = EDGE_CURVE('',#8822,#8506,#8871,.T.);
#8871 = SURFACE_CURVE('',#8872,(#8876,#8883),.PCURVE_S1.);
#8872 = ( BOUNDED_CURVE() B_SPLINE_CURVE(2,(#8873,#8874,#8875),
.UNSPECIFIED.,.F.,.F.) B_SPLINE_CURVE_WITH_KNOTS((3,3),(
4.440892098501E-15,1.570796326795),.PIECEWISE_BEZIER_KNOTS.) CURVE() 
GEOMETRIC_REPRESENTATION_ITEM() RATIONAL_B_SPLINE_CURVE((1.,
0.707106781187,1.)) REPRESENTATION_ITEM('') );
#8873 = CARTESIAN_POINT('',(76.285046811221,48.206496355832,2.));
#8874 = CARTESIAN_POINT('',(78.322305191092,48.206496355832,2.));
#8875 = CARTESIAN_POINT('',(78.322305191092,50.243754735703,2.));
#8876 = PCURVE('',#8483,#8877);
#8877 = DEFINITIONAL_REPRESENTATION('',(#8878),#8882);
#8878 = B_SPLINE_CURVE_WITH_KNOTS('',2,(#8879,#8880,#8881),
  .UNSPECIFIED.,.F.,.F.,(3,3),(4.440892098501E-15,1.570796326795),
  .PIECEWISE_BEZIER_KNOTS.);
#8879 = CARTESIAN_POINT('',(-3.306917970002E-15,1.570796326795));
#8880 = CARTESIAN_POINT('',(0.785398163397,1.570796326795));
#8881 = CARTESIAN_POINT('',(1.570796326795,1.570796326795));
#8882 = ( GEOMETRIC_REPRESENTATION_CONTEXT(2) 
PARAMETRIC_REPRESENTATION_CONTEXT() REPRESENTATION_CONTEXT('2D SPACE',''
  ) );
#8883 = PCURVE('',#8543,#8884);
#8884 = DEFINITIONAL_REPRESENTATION('',(#8885),#8889);
#8885 = ( BOUNDED_CURVE() B_SPLINE_CURVE(2,(#8886,#8887,#8888),
.UNSPECIFIED.,.F.,.F.) B_SPLINE_CURVE_WITH_KNOTS((3,3),(
4.440892098501E-15,1.570796326795),.PIECEWISE_BEZIER_KNOTS.) CURVE() 
GEOMETRIC_REPRESENTATION_ITEM() RATIONAL_B_SPLINE_CURVE((1.,
0.707106781187,1.)) REPRESENTATION_ITEM('') );
#8886 = CARTESIAN_POINT('',(76.285046811221,211.79350364416));
#8887 = CARTESIAN_POINT('',(78.322305191092,211.79350364416));
#8888 = CARTESIAN_POINT('',(78.322305191092,209.75624526429));
#8889 = ( GEOMETRIC_REPRESENTATION_CONTEXT(2) 
PARAMETRIC_REPRESENTATION_CONTEXT() REPRESENTATION_CONTEXT('2D SPACE',''
  ) );
#8890 = ADVANCED_FACE('',(#8891),#8543,.F.);
#8891 = FACE_BOUND('',#8892,.F.);
#8892 = EDGE_LOOP('',(#8893,#8894,#8895,#8896,#8897,#8898,#8899,#8900));
#8893 = ORIENTED_EDGE('',*,*,#8528,.F.);
#8894 = ORIENTED_EDGE('',*,*,#8870,.F.);
#8895 = ORIENTED_EDGE('',*,*,#8821,.F.);
#8896 = ORIENTED_EDGE('',*,*,#8796,.F.);
#8897 = ORIENTED_EDGE('',*,*,#8725,.F.);
#8898 = ORIENTED_EDGE('',*,*,#8700,.F.);
#8899 = ORIENTED_EDGE('',*,*,#8629,.F.);
#8900 = ORIENTED_EDGE('',*,*,#8604,.F.);
#8901 = ( GEOMETRIC_REPRESENTATION_CONTEXT(3) 
GLOBAL_UNCERTAINTY_ASSIGNED_CONTEXT((#8905)) 
GLOBAL_UNIT_ASSIGNED_CONTEXT((#8902,#8903,#8904)) REPRESENTATION_CONTEXT
('Context #1','3D Context with UNIT and UNCERTAINTY') );
#8902 = ( LENGTH_UNIT() NAMED_UNIT(*) SI_UNIT(.MILLI.,.METRE.) );
#8903 = ( NAMED_UNIT(*) PLANE_ANGLE_UNIT() SI_UNIT($,.RADIAN.) );
#8904 = ( NAMED_UNIT(*) SI_UNIT($,.STERADIAN.) SOLID_ANGLE_UNIT() );
#8905 = UNCERTAINTY_MEASURE_WITH_UNIT(LENGTH_MEASURE(2.E-07),#8902,
  'distance_accuracy_value','confusion accuracy');
#8906 = PRODUCT_RELATED_PRODUCT_CATEGORY('part',$,(#7));
ENDSEC;
END-ISO-10303-21;
