ISO-10303-21;
HEADER;
FILE_NAME('Open CASCADE Shape Model','2026-10-02T23:47:11',('Author'),(
    'Open CASCADE'),'Open CASCADE STEP processor 7.9','Open CASCADE 7.9'
  ,'Unknown');
FILE_DESCRIPTION(('Open CASCADE Model'),'2;1');
FILE_SCHEMA((''));
ENDSEC;
DATA;
#1 = APPLICATION_PROTOCOL_DEFINITION('international standard',
  'automotive_design',2000,#2);
#2 = APPLICATION_CONTEXT(
  'core data for automotive mechanical design processes');
#3 = SHAPE_DEFINITION_REPRESENTATION(#4,#10);
#4 = PRODUCT_DEFINITION_SHAPE('','',#5);
#5 = PRODUCT_DEFINITION('design','',#6,#9);
#6 = PRODUCT_DEFINITION_FORMATION('','',#7);
#7 = PRODUCT('Open CASCADE STEP translator 7.9 1',
  'Open CASCADE STEP translator 7.9 1','',(#8));
#8 = PRODUCT_CONTEXT('',#2,'mechanical');
#9 = PRODUCT_DEFINITION_CONTEXT('part definition',#2,'design');
#10 = ADVANCED_BREP_SHAPE_REPRESENTATION('',(#11,#15),#1579);
#11 = AXIS2_PLACEMENT_3D('',#12,#13,#14);
#12 = CARTESIAN_POINT('',(0.,0.,0.));
#13 = DIRECTION('',(0.,0.,1.));
#14 = DIRECTION('',(1.,0.,-0.));
#15 = MANIFOLD_SOLID_BREP('',#16);
#16 = CLOSED_SHELL('',(#17,#240,#345,#462,#631,#688,#731,#821,#992,#1039
    ,#1146,#1195,#1316,#1341,#1365,#1390,#1415,#1422,#1471,#1496,#1534,
    #1571));
#17 = ADVANCED_FACE('',(#18),#31,.F.);
#18 = FACE_BOUND('',#19,.F.);
#19 = EDGE_LOOP('',(#20,#55,#80,#105,#130,#158,#186,#214));
#20 = ORIENTED_EDGE('',*,*,#21,.F.);
#21 = EDGE_CURVE('',#22,#24,#26,.T.);
#22 = VERTEX_POINT('',#23);
#23 = CARTESIAN_POINT('',(2.,0.,6.));
#24 = VERTEX_POINT('',#25);
#25 = CARTESIAN_POINT('',(2.,26.,6.));
#26 = SURFACE_CURVE('',#27,(#30,#41),.PCURVE_S1.);
#27 = B_SPLINE_CURVE_WITH_KNOTS('',1,(#28,#29),.UNSPECIFIED.,.F.,.F.,(2,
    2),(0.,26.),.PIECEWISE_BEZIER_KNOTS.);
#28 = CARTESIAN_POINT('',(2.,0.,6.));
#29 = CARTESIAN_POINT('',(2.,26.,6.));
#30 = PCURVE('',#31,#36);
#31 = B_SPLINE_SURFACE_WITH_KNOTS('',1,1,(
    (#32,#33)
    ,(#34,#35
  )),.UNSPECIFIED.,.F.,.F.,.F.,(2,2),(2,2),(0.,44.),(-60.,0.),
  .PIECEWISE_BEZIER_KNOTS.);
#32 = CARTESIAN_POINT('',(2.,60.,50.));
#33 = CARTESIAN_POINT('',(2.,0.,50.));
#34 = CARTESIAN_POINT('',(2.,60.,6.));
#35 = CARTESIAN_POINT('',(2.,0.,6.));
#36 = DEFINITIONAL_REPRESENTATION('',(#37),#40);
#37 = B_SPLINE_CURVE_WITH_KNOTS('',1,(#38,#39),.UNSPECIFIED.,.F.,.F.,(2,
    2),(0.,26.),.PIECEWISE_BEZIER_KNOTS.);
#38 = CARTESIAN_POINT('',(44.,0.));
#39 = CARTESIAN_POINT('',(44.,-26.));
#40 = ( GEOMETRIC_REPRESENTATION_CONTEXT(2) 
PARAMETRIC_REPRESENTATION_CONTEXT() REPRESENTATION_CONTEXT('2D SPACE',''
  ) );
#41 = PCURVE('',#42,#49);
#42 = ( BOUNDED_SURFACE() B_SPLINE_SURFACE(2,1,(
    (#43,#44)
    ,(#45,#46)
,(#47,#48
  )),.UNSPECIFIED.,.F.,.F.,.F.) B_SPLINE_SURFACE_WITH_KNOTS((3,3),(2,2),
  (1.570796326795,3.14159265359),(-26.,0.),.PIECEWISE_BEZIER_KNOTS.) 
GEOMETRIC_REPRESENTATION_ITEM() RATIONAL_B_SPLINE_SURFACE((
    (1.,1.)
    ,(0.707106781187,0.707106781187)
,(1.,1.))) REPRESENTATION_ITEM('') SURFACE() );
#43 = CARTESIAN_POINT('',(2.,26.,6.));
#44 = CARTESIAN_POINT('',(2.,0.,6.));
#45 = CARTESIAN_POINT('',(2.,26.,2.));
#46 = CARTESIAN_POINT('',(2.,0.,2.));
#47 = CARTESIAN_POINT('',(6.,26.,2.));
#48 = CARTESIAN_POINT('',(6.,0.,2.));
#49 = DEFINITIONAL_REPRESENTATION('',(#50),#54);
#50 = B_SPLINE_CURVE_WITH_KNOTS('',2,(#51,#52,#53),.UNSPECIFIED.,.F.,.F.
  ,(3,3),(0.,26.),.PIECEWISE_BEZIER_KNOTS.);
#51 = CARTESIAN_POINT('',(1.570796326795,1.673426686484E-30));
#52 = CARTESIAN_POINT('',(1.570796326795,-13.));
#53 = CARTESIAN_POINT('',(1.570796326795,-26.));
#54 = ( GEOMETRIC_REPRESENTATION_CONTEXT(2) 
PARAMETRIC_REPRESENTATION_CONTEXT() REPRESENTATION_CONTEXT('2D SPACE',''
  ) );
#55 = ORIENTED_EDGE('',*,*,#56,.F.);
#56 = EDGE_CURVE('',#57,#22,#59,.T.);
#57 = VERTEX_POINT('',#58);
#58 = CARTESIAN_POINT('',(2.,0.,50.));
#59 = SURFACE_CURVE('',#60,(#63,#69),.PCURVE_S1.);
#60 = B_SPLINE_CURVE_WITH_KNOTS('',1,(#61,#62),.UNSPECIFIED.,.F.,.F.,(2,
    2),(0.,44.),.PIECEWISE_BEZIER_KNOTS.);
#61 = CARTESIAN_POINT('',(2.,0.,50.));
#62 = CARTESIAN_POINT('',(2.,0.,6.));
#63 = PCURVE('',#31,#64);
#64 = DEFINITIONAL_REPRESENTATION('',(#65),#68);
#65 = B_SPLINE_CURVE_WITH_KNOTS('',1,(#66,#67),.UNSPECIFIED.,.F.,.F.,(2,
    2),(0.,44.),.PIECEWISE_BEZIER_KNOTS.);
#66 = CARTESIAN_POINT('',(0.,0.));
#67 = CARTESIAN_POINT('',(44.,0.));
#68 = ( GEOMETRIC_REPRESENTATION_CONTEXT(2) 
PARAMETRIC_REPRESENTATION_CONTEXT() REPRESENTATION_CONTEXT('2D SPACE',''
  ) );
#69 = PCURVE('',#70,#75);
#70 = B_SPLINE_SURFACE_WITH_KNOTS('',1,1,(
    (#71,#72)
    ,(#73,#74
    )),.UNSPECIFIED.,.F.,.F.,.F.,(2,2),(2,2),(-30.,22.),(-2.,50.),
  .PIECEWISE_BEZIER_KNOTS.);
#71 = CARTESIAN_POINT('',(-2.,0.,-2.));
#72 = CARTESIAN_POINT('',(50.,0.,-2.));
#73 = CARTESIAN_POINT('',(-2.,0.,50.));
#74 = CARTESIAN_POINT('',(50.,0.,50.));
#75 = DEFINITIONAL_REPRESENTATION('',(#76),#79);
#76 = B_SPLINE_CURVE_WITH_KNOTS('',1,(#77,#78),.UNSPECIFIED.,.F.,.F.,(2,
    2),(0.,44.),.PIECEWISE_BEZIER_KNOTS.);
#77 = CARTESIAN_POINT('',(22.,2.));
#78 = CARTESIAN_POINT('',(-22.,2.));
#79 = ( GEOMETRIC_REPRESENTATION_CONTEXT(2) 
PARAMETRIC_REPRESENTATION_CONTEXT() REPRESENTATION_CONTEXT('2D SPACE',''
  ) );
#80 = ORIENTED_EDGE('',*,*,#81,.T.);
#81 = EDGE_CURVE('',#57,#82,#84,.T.);
#82 = VERTEX_POINT('',#83);
#83 = CARTESIAN_POINT('',(2.,60.,50.));
#84 = SURFACE_CURVE('',#85,(#88,#94),.PCURVE_S1.);
#85 = B_SPLINE_CURVE_WITH_KNOTS('',1,(#86,#87),.UNSPECIFIED.,.F.,.F.,(2,
    2),(0.,60.),.PIECEWISE_BEZIER_KNOTS.);
#86 = CARTESIAN_POINT('',(2.,0.,50.));
#87 = CARTESIAN_POINT('',(2.,60.,50.));
#88 = PCURVE('',#31,#89);
#89 = DEFINITIONAL_REPRESENTATION('',(#90),#93);
#90 = B_SPLINE_CURVE_WITH_KNOTS('',1,(#91,#92),.UNSPECIFIED.,.F.,.F.,(2,
    2),(0.,60.),.PIECEWISE_BEZIER_KNOTS.);
#91 = CARTESIAN_POINT('',(0.,0.));
#92 = CARTESIAN_POINT('',(0.,-60.));
#93 = ( GEOMETRIC_REPRESENTATION_CONTEXT(2) 
PARAMETRIC_REPRESENTATION_CONTEXT() REPRESENTATION_CONTEXT('2D SPACE',''
  ) );
#94 = PCURVE('',#95,#100);
#95 = B_SPLINE_SURFACE_WITH_KNOTS('',1,1,(
    (#96,#97)
    ,(#98,#99
    )),.UNSPECIFIED.,.F.,.F.,.F.,(2,2),(2,2),(-2.,2.),(-30.,30.),
  .PIECEWISE_BEZIER_KNOTS.);
#96 = CARTESIAN_POINT('',(-2.,0.,50.));
#97 = CARTESIAN_POINT('',(-2.,60.,50.));
#98 = CARTESIAN_POINT('',(2.,0.,50.));
#99 = CARTESIAN_POINT('',(2.,60.,50.));
#100 = DEFINITIONAL_REPRESENTATION('',(#101),#104);
#101 = B_SPLINE_CURVE_WITH_KNOTS('',1,(#102,#103),.UNSPECIFIED.,.F.,.F.,
  (2,2),(0.,60.),.PIECEWISE_BEZIER_KNOTS.);
#102 = CARTESIAN_POINT('',(2.,-30.));
#103 = CARTESIAN_POINT('',(2.,30.));
#104 = ( GEOMETRIC_REPRESENTATION_CONTEXT(2) 
PARAMETRIC_REPRESENTATION_CONTEXT() REPRESENTATION_CONTEXT('2D SPACE',''
  ) );
#105 = ORIENTED_EDGE('',*,*,#106,.T.);
#106 = EDGE_CURVE('',#82,#107,#109,.T.);
#107 = VERTEX_POINT('',#108);
#108 = CARTESIAN_POINT('',(2.,60.,6.));
#109 = SURFACE_CURVE('',#110,(#113,#119),.PCURVE_S1.);
#110 = B_SPLINE_CURVE_WITH_KNOTS('',1,(#111,#112),.UNSPECIFIED.,.F.,.F.,
  (2,2),(0.,44.),.PIECEWISE_BEZIER_KNOTS.);
#111 = CARTESIAN_POINT('',(2.,60.,50.));
#112 = CARTESIAN_POINT('',(2.,60.,6.));
#113 = PCURVE('',#31,#114);
#114 = DEFINITIONAL_REPRESENTATION('',(#115),#118);
#115 = B_SPLINE_CURVE_WITH_KNOTS('',1,(#116,#117),.UNSPECIFIED.,.F.,.F.,
  (2,2),(0.,44.),.PIECEWISE_BEZIER_KNOTS.);
#116 = CARTESIAN_POINT('',(0.,-60.));
#117 = CARTESIAN_POINT('',(44.,-60.));
#118 = ( GEOMETRIC_REPRESENTATION_CONTEXT(2) 
PARAMETRIC_REPRESENTATION_CONTEXT() REPRESENTATION_CONTEXT('2D SPACE',''
  ) );
#119 = PCURVE('',#120,#125);
#120 = B_SPLINE_SURFACE_WITH_KNOTS('',1,1,(
    (#121,#122)
    ,(#123,#124
    )),.UNSPECIFIED.,.F.,.F.,.F.,(2,2),(2,2),(-30.,22.),(-2.,50.),
  .PIECEWISE_BEZIER_KNOTS.);
#121 = CARTESIAN_POINT('',(-2.,60.,-2.));
#122 = CARTESIAN_POINT('',(50.,60.,-2.));
#123 = CARTESIAN_POINT('',(-2.,60.,50.));
#124 = CARTESIAN_POINT('',(50.,60.,50.));
#125 = DEFINITIONAL_REPRESENTATION('',(#126),#129);
#126 = B_SPLINE_CURVE_WITH_KNOTS('',1,(#127,#128),.UNSPECIFIED.,.F.,.F.,
  (2,2),(0.,44.),.PIECEWISE_BEZIER_KNOTS.);
#127 = CARTESIAN_POINT('',(22.,2.));
#128 = CARTESIAN_POINT('',(-22.,2.));
#129 = ( GEOMETRIC_REPRESENTATION_CONTEXT(2) 
PARAMETRIC_REPRESENTATION_CONTEXT() REPRESENTATION_CONTEXT('2D SPACE',''
  ) );
#130 = ORIENTED_EDGE('',*,*,#131,.F.);
#131 = EDGE_CURVE('',#132,#107,#134,.T.);
#132 = VERTEX_POINT('',#133);
#133 = CARTESIAN_POINT('',(2.,34.,6.));
#134 = SURFACE_CURVE('',#135,(#138,#144),.PCURVE_S1.);
#135 = B_SPLINE_CURVE_WITH_KNOTS('',1,(#136,#137),.UNSPECIFIED.,.F.,.F.,
  (2,2),(34.,60.),.PIECEWISE_BEZIER_KNOTS.);
#136 = CARTESIAN_POINT('',(2.,34.,6.));
#137 = CARTESIAN_POINT('',(2.,60.,6.));
#138 = PCURVE('',#31,#139);
#139 = DEFINITIONAL_REPRESENTATION('',(#140),#143);
#140 = B_SPLINE_CURVE_WITH_KNOTS('',1,(#141,#142),.UNSPECIFIED.,.F.,.F.,
  (2,2),(34.,60.),.PIECEWISE_BEZIER_KNOTS.);
#141 = CARTESIAN_POINT('',(44.,-34.));
#142 = CARTESIAN_POINT('',(44.,-60.));
#143 = ( GEOMETRIC_REPRESENTATION_CONTEXT(2) 
PARAMETRIC_REPRESENTATION_CONTEXT() REPRESENTATION_CONTEXT('2D SPACE',''
  ) );
#144 = PCURVE('',#145,#152);
#145 = ( BOUNDED_SURFACE() B_SPLINE_SURFACE(2,1,(
    (#146,#147)
    ,(#148,#149)
,(#150,#151
    )),.UNSPECIFIED.,.F.,.F.,.F.) B_SPLINE_SURFACE_WITH_KNOTS((3,3),(2,2
    ),(1.570796326795,3.14159265359),(-60.,-34.),
.PIECEWISE_BEZIER_KNOTS.) GEOMETRIC_REPRESENTATION_ITEM() 
RATIONAL_B_SPLINE_SURFACE((
    (1.,1.)
    ,(0.707106781187,0.707106781187)
,(1.,1.))) REPRESENTATION_ITEM('') SURFACE() );
#146 = CARTESIAN_POINT('',(2.,60.,6.));
#147 = CARTESIAN_POINT('',(2.,34.,6.));
#148 = CARTESIAN_POINT('',(2.,60.,2.));
#149 = CARTESIAN_POINT('',(2.,34.,2.));
#150 = CARTESIAN_POINT('',(6.,60.,2.));
#151 = CARTESIAN_POINT('',(6.,34.,2.));
#152 = DEFINITIONAL_REPRESENTATION('',(#153),#157);
#153 = B_SPLINE_CURVE_WITH_KNOTS('',2,(#154,#155,#156),.UNSPECIFIED.,.F.
  ,.F.,(3,3),(34.,60.),.PIECEWISE_BEZIER_KNOTS.);
#154 = CARTESIAN_POINT('',(1.570796326795,-34.));
#155 = CARTESIAN_POINT('',(1.570796326795,-47.));
#156 = CARTESIAN_POINT('',(1.570796326795,-60.));
#157 = ( GEOMETRIC_REPRESENTATION_CONTEXT(2) 
PARAMETRIC_REPRESENTATION_CONTEXT() REPRESENTATION_CONTEXT('2D SPACE',''
  ) );
#158 = ORIENTED_EDGE('',*,*,#159,.F.);
#159 = EDGE_CURVE('',#160,#132,#162,.T.);
#160 = VERTEX_POINT('',#161);
#161 = CARTESIAN_POINT('',(2.,34.,33.828427124746));
#162 = SURFACE_CURVE('',#163,(#166,#172),.PCURVE_S1.);
#163 = B_SPLINE_CURVE_WITH_KNOTS('',1,(#164,#165),.UNSPECIFIED.,.F.,.F.,
  (2,2),(-0.828427124746,27.),.PIECEWISE_BEZIER_KNOTS.);
#164 = CARTESIAN_POINT('',(2.,34.,33.828427124746));
#165 = CARTESIAN_POINT('',(2.,34.,6.));
#166 = PCURVE('',#31,#167);
#167 = DEFINITIONAL_REPRESENTATION('',(#168),#171);
#168 = B_SPLINE_CURVE_WITH_KNOTS('',1,(#169,#170),.UNSPECIFIED.,.F.,.F.,
  (2,2),(-0.828427124746,27.),.PIECEWISE_BEZIER_KNOTS.);
#169 = CARTESIAN_POINT('',(16.171572875254,-34.));
#170 = CARTESIAN_POINT('',(44.,-34.));
#171 = ( GEOMETRIC_REPRESENTATION_CONTEXT(2) 
PARAMETRIC_REPRESENTATION_CONTEXT() REPRESENTATION_CONTEXT('2D SPACE',''
  ) );
#172 = PCURVE('',#173,#180);
#173 = ( BOUNDED_SURFACE() B_SPLINE_SURFACE(2,1,(
    (#174,#175)
    ,(#176,#177)
,(#178,#179
    )),.UNSPECIFIED.,.F.,.F.,.F.) B_SPLINE_SURFACE_WITH_KNOTS((3,3),(2,2
    ),(0.,1.570796326795),(-0.828427124746,27.),
.PIECEWISE_BEZIER_KNOTS.) GEOMETRIC_REPRESENTATION_ITEM() 
RATIONAL_B_SPLINE_SURFACE((
    (1.,1.)
    ,(0.707106781187,0.707106781187)
,(1.,1.))) REPRESENTATION_ITEM('') SURFACE() );
#174 = CARTESIAN_POINT('',(2.,34.,33.828427124746));
#175 = CARTESIAN_POINT('',(2.,34.,6.));
#176 = CARTESIAN_POINT('',(2.,32.,33.828427124746));
#177 = CARTESIAN_POINT('',(2.,32.,6.));
#178 = CARTESIAN_POINT('',(4.,32.,33.828427124746));
#179 = CARTESIAN_POINT('',(4.,32.,6.));
#180 = DEFINITIONAL_REPRESENTATION('',(#181),#185);
#181 = B_SPLINE_CURVE_WITH_KNOTS('',2,(#182,#183,#184),.UNSPECIFIED.,.F.
  ,.F.,(3,3),(-0.828427124746,27.),.PIECEWISE_BEZIER_KNOTS.);
#182 = CARTESIAN_POINT('',(0.,-0.828427124746));
#183 = CARTESIAN_POINT('',(0.,13.085786437627));
#184 = CARTESIAN_POINT('',(0.,27.));
#185 = ( GEOMETRIC_REPRESENTATION_CONTEXT(2) 
PARAMETRIC_REPRESENTATION_CONTEXT() REPRESENTATION_CONTEXT('2D SPACE',''
  ) );
#186 = ORIENTED_EDGE('',*,*,#187,.F.);
#187 = EDGE_CURVE('',#188,#160,#190,.T.);
#188 = VERTEX_POINT('',#189);
#189 = CARTESIAN_POINT('',(2.,26.,33.828427124746));
#190 = SURFACE_CURVE('',#191,(#194,#200),.PCURVE_S1.);
#191 = B_SPLINE_CURVE_WITH_KNOTS('',1,(#192,#193),.UNSPECIFIED.,.F.,.F.,
  (2,2),(-2.,6.),.PIECEWISE_BEZIER_KNOTS.);
#192 = CARTESIAN_POINT('',(2.,26.,33.828427124746));
#193 = CARTESIAN_POINT('',(2.,34.,33.828427124746));
#194 = PCURVE('',#31,#195);
#195 = DEFINITIONAL_REPRESENTATION('',(#196),#199);
#196 = B_SPLINE_CURVE_WITH_KNOTS('',1,(#197,#198),.UNSPECIFIED.,.F.,.F.,
  (2,2),(-2.,6.),.PIECEWISE_BEZIER_KNOTS.);
#197 = CARTESIAN_POINT('',(16.171572875254,-26.));
#198 = CARTESIAN_POINT('',(16.171572875254,-34.));
#199 = ( GEOMETRIC_REPRESENTATION_CONTEXT(2) 
PARAMETRIC_REPRESENTATION_CONTEXT() REPRESENTATION_CONTEXT('2D SPACE',''
  ) );
#200 = PCURVE('',#201,#208);
#201 = ( BOUNDED_SURFACE() B_SPLINE_SURFACE(2,1,(
    (#202,#203)
    ,(#204,#205)
,(#206,#207
    )),.UNSPECIFIED.,.F.,.F.,.F.) B_SPLINE_SURFACE_WITH_KNOTS((3,3),(2,2
    ),(0.,0.785398163397),(-2.,6.),.PIECEWISE_BEZIER_KNOTS.) 
GEOMETRIC_REPRESENTATION_ITEM() RATIONAL_B_SPLINE_SURFACE((
    (1.,1.)
    ,(0.923879532511,0.923879532511)
,(1.,1.))) REPRESENTATION_ITEM('') SURFACE() );
#202 = CARTESIAN_POINT('',(2.,26.,33.828427124746));
#203 = CARTESIAN_POINT('',(2.,34.,33.828427124746));
#204 = CARTESIAN_POINT('',(2.,26.,33.));
#205 = CARTESIAN_POINT('',(2.,34.,33.));
#206 = CARTESIAN_POINT('',(2.585786437627,26.,32.414213562373));
#207 = CARTESIAN_POINT('',(2.585786437627,34.,32.414213562373));
#208 = DEFINITIONAL_REPRESENTATION('',(#209),#213);
#209 = B_SPLINE_CURVE_WITH_KNOTS('',2,(#210,#211,#212),.UNSPECIFIED.,.F.
  ,.F.,(3,3),(-2.,6.),.PIECEWISE_BEZIER_KNOTS.);
#210 = CARTESIAN_POINT('',(0.,-2.));
#211 = CARTESIAN_POINT('',(0.,2.));
#212 = CARTESIAN_POINT('',(0.,6.));
#213 = ( GEOMETRIC_REPRESENTATION_CONTEXT(2) 
PARAMETRIC_REPRESENTATION_CONTEXT() REPRESENTATION_CONTEXT('2D SPACE',''
  ) );
#214 = ORIENTED_EDGE('',*,*,#215,.T.);
#215 = EDGE_CURVE('',#188,#24,#216,.T.);
#216 = SURFACE_CURVE('',#217,(#220,#226),.PCURVE_S1.);
#217 = B_SPLINE_CURVE_WITH_KNOTS('',1,(#218,#219),.UNSPECIFIED.,.F.,.F.,
  (2,2),(-0.828427124746,27.),.PIECEWISE_BEZIER_KNOTS.);
#218 = CARTESIAN_POINT('',(2.,26.,33.828427124746));
#219 = CARTESIAN_POINT('',(2.,26.,6.));
#220 = PCURVE('',#31,#221);
#221 = DEFINITIONAL_REPRESENTATION('',(#222),#225);
#222 = B_SPLINE_CURVE_WITH_KNOTS('',1,(#223,#224),.UNSPECIFIED.,.F.,.F.,
  (2,2),(-0.828427124746,27.),.PIECEWISE_BEZIER_KNOTS.);
#223 = CARTESIAN_POINT('',(16.171572875254,-26.));
#224 = CARTESIAN_POINT('',(44.,-26.));
#225 = ( GEOMETRIC_REPRESENTATION_CONTEXT(2) 
PARAMETRIC_REPRESENTATION_CONTEXT() REPRESENTATION_CONTEXT('2D SPACE',''
  ) );
#226 = PCURVE('',#227,#234);
#227 = ( BOUNDED_SURFACE() B_SPLINE_SURFACE(2,1,(
    (#228,#229)
    ,(#230,#231)
,(#232,#233
    )),.UNSPECIFIED.,.F.,.F.,.F.) B_SPLINE_SURFACE_WITH_KNOTS((3,3),(2,2
    ),(0.,1.570796326795),(-0.828427124746,27.),
.PIECEWISE_BEZIER_KNOTS.) GEOMETRIC_REPRESENTATION_ITEM() 
RATIONAL_B_SPLINE_SURFACE((
    (1.,1.)
    ,(0.707106781187,0.707106781187)
,(1.,1.))) REPRESENTATION_ITEM('') SURFACE() );
#228 = CARTESIAN_POINT('',(2.,26.,33.828427124746));
#229 = CARTESIAN_POINT('',(2.,26.,6.));
#230 = CARTESIAN_POINT('',(2.,28.,33.828427124746));
#231 = CARTESIAN_POINT('',(2.,28.,6.));
#232 = CARTESIAN_POINT('',(4.,28.,33.828427124746));
#233 = CARTESIAN_POINT('',(4.,28.,6.));
#234 = DEFINITIONAL_REPRESENTATION('',(#235),#239);
#235 = B_SPLINE_CURVE_WITH_KNOTS('',2,(#236,#237,#238),.UNSPECIFIED.,.F.
  ,.F.,(3,3),(-0.828427124746,27.),.PIECEWISE_BEZIER_KNOTS.);
#236 = CARTESIAN_POINT('',(0.,-0.828427124746));
#237 = CARTESIAN_POINT('',(0.,13.085786437627));
#238 = CARTESIAN_POINT('',(0.,27.));
#239 = ( GEOMETRIC_REPRESENTATION_CONTEXT(2) 
PARAMETRIC_REPRESENTATION_CONTEXT() REPRESENTATION_CONTEXT('2D SPACE',''
  ) );
#240 = ADVANCED_FACE('',(#241),#42,.F.);
#241 = FACE_BOUND('',#242,.F.);
#242 = EDGE_LOOP('',(#243,#271,#313,#314));
#243 = ORIENTED_EDGE('',*,*,#244,.F.);
#244 = EDGE_CURVE('',#245,#247,#249,.T.);
#245 = VERTEX_POINT('',#246);
#246 = CARTESIAN_POINT('',(6.,0.,2.));
#247 = VERTEX_POINT('',#248);
#248 = CARTESIAN_POINT('',(6.,26.,2.));
#249 = SURFACE_CURVE('',#250,(#253,#260),.PCURVE_S1.);
#250 = B_SPLINE_CURVE_WITH_KNOTS('',1,(#251,#252),.UNSPECIFIED.,.F.,.F.,
  (2,2),(0.,60.),.PIECEWISE_BEZIER_KNOTS.);
#251 = CARTESIAN_POINT('',(6.,0.,2.));
#252 = CARTESIAN_POINT('',(6.,60.,2.));
#253 = PCURVE('',#42,#254);
#254 = DEFINITIONAL_REPRESENTATION('',(#255),#259);
#255 = B_SPLINE_CURVE_WITH_KNOTS('',2,(#256,#257,#258),.UNSPECIFIED.,.F.
  ,.F.,(3,3),(0.,26.),.PIECEWISE_BEZIER_KNOTS.);
#256 = CARTESIAN_POINT('',(3.14159265359,-2.510140029726E-30));
#257 = CARTESIAN_POINT('',(3.14159265359,-13.));
#258 = CARTESIAN_POINT('',(3.14159265359,-26.));
#259 = ( GEOMETRIC_REPRESENTATION_CONTEXT(2) 
PARAMETRIC_REPRESENTATION_CONTEXT() REPRESENTATION_CONTEXT('2D SPACE',''
  ) );
#260 = PCURVE('',#261,#266);
#261 = B_SPLINE_SURFACE_WITH_KNOTS('',1,1,(
    (#262,#263)
    ,(#264,#265
    )),.UNSPECIFIED.,.F.,.F.,.F.,(2,2),(2,2),(0.,44.),(-60.,0.),
  .PIECEWISE_BEZIER_KNOTS.);
#262 = CARTESIAN_POINT('',(6.,60.,2.));
#263 = CARTESIAN_POINT('',(6.,0.,2.));
#264 = CARTESIAN_POINT('',(50.,60.,2.));
#265 = CARTESIAN_POINT('',(50.,0.,2.));
#266 = DEFINITIONAL_REPRESENTATION('',(#267),#270);
#267 = B_SPLINE_CURVE_WITH_KNOTS('',1,(#268,#269),.UNSPECIFIED.,.F.,.F.,
  (2,2),(0.,60.),.PIECEWISE_BEZIER_KNOTS.);
#268 = CARTESIAN_POINT('',(0.,0.));
#269 = CARTESIAN_POINT('',(0.,-60.));
#270 = ( GEOMETRIC_REPRESENTATION_CONTEXT(2) 
PARAMETRIC_REPRESENTATION_CONTEXT() REPRESENTATION_CONTEXT('2D SPACE',''
  ) );
#271 = ORIENTED_EDGE('',*,*,#272,.F.);
#272 = EDGE_CURVE('',#22,#245,#273,.T.);
#273 = SURFACE_CURVE('',#274,(#284,#300),.PCURVE_S1.);
#274 = B_SPLINE_CURVE_WITH_KNOTS('',8,(#275,#276,#277,#278,#279,#280,
    #281,#282,#283),.UNSPECIFIED.,.F.,.F.,(9,9),(1.570796326795,
    3.14159265359),.PIECEWISE_BEZIER_KNOTS.);
#275 = CARTESIAN_POINT('',(2.,0.,6.));
#276 = CARTESIAN_POINT('',(2.,0.,5.214601836603));
#277 = CARTESIAN_POINT('',(2.176243155845,0.,4.429203425983));
#278 = CARTESIAN_POINT('',(2.528727736514,0.,3.68994706266));
#279 = CARTESIAN_POINT('',(3.04296497688,0.,3.04296497688));
#280 = CARTESIAN_POINT('',(3.68994706266,0.,2.528727736514));
#281 = CARTESIAN_POINT('',(4.429203425983,0.,2.176243155845));
#282 = CARTESIAN_POINT('',(5.214601836603,0.,2.));
#283 = CARTESIAN_POINT('',(6.,0.,2.));
#284 = PCURVE('',#42,#285);
#285 = DEFINITIONAL_REPRESENTATION('',(#286),#299);
#286 = B_SPLINE_CURVE_WITH_KNOTS('',6,(#287,#288,#289,#290,#291,#292,
    #293,#294,#295,#296,#297,#298),.UNSPECIFIED.,.F.,.F.,(7,5,7),(
    1.570796326795,2.356194490192,3.14159265359),.UNSPECIFIED.);
#287 = CARTESIAN_POINT('',(1.570796326795,-1.673426686484E-30));
#288 = CARTESIAN_POINT('',(1.716188979374,-1.314439705987E-14));
#289 = CARTESIAN_POINT('',(1.852124737774,2.76353103521E-14));
#290 = CARTESIAN_POINT('',(1.981984129097,-3.391449281496E-14));
#291 = CARTESIAN_POINT('',(2.107991232819,1.474495664858E-14));
#292 = CARTESIAN_POINT('',(2.232094107826,-6.184814375299E-15));
#293 = CARTESIAN_POINT('',(2.480294872559,-5.085318106446E-15));
#294 = CARTESIAN_POINT('',(2.604397747566,6.496709291011E-15));
#295 = CARTESIAN_POINT('',(2.730404851287,-1.134189779318E-14));
#296 = CARTESIAN_POINT('',(2.860264242613,2.277855087064E-15));
#297 = CARTESIAN_POINT('',(2.996200001011,-4.207935195015E-15));
#298 = CARTESIAN_POINT('',(3.14159265359,-5.020280059453E-30));
#299 = ( GEOMETRIC_REPRESENTATION_CONTEXT(2) 
PARAMETRIC_REPRESENTATION_CONTEXT() REPRESENTATION_CONTEXT('2D SPACE',''
  ) );
#300 = PCURVE('',#70,#301);
#301 = DEFINITIONAL_REPRESENTATION('',(#302),#312);
#302 = B_SPLINE_CURVE_WITH_KNOTS('',8,(#303,#304,#305,#306,#307,#308,
    #309,#310,#311),.UNSPECIFIED.,.F.,.F.,(9,9),(1.570796326795,
    3.14159265359),.PIECEWISE_BEZIER_KNOTS.);
#303 = CARTESIAN_POINT('',(-22.,2.));
#304 = CARTESIAN_POINT('',(-22.78539816339,2.));
#305 = CARTESIAN_POINT('',(-23.57079657401,2.176243155845));
#306 = CARTESIAN_POINT('',(-24.31005293734,2.528727736514));
#307 = CARTESIAN_POINT('',(-24.95703502312,3.04296497688));
#308 = CARTESIAN_POINT('',(-25.47127226348,3.68994706266));
#309 = CARTESIAN_POINT('',(-25.82375684415,4.429203425983));
#310 = CARTESIAN_POINT('',(-26.,5.214601836603));
#311 = CARTESIAN_POINT('',(-26.,6.));
#312 = ( GEOMETRIC_REPRESENTATION_CONTEXT(2) 
PARAMETRIC_REPRESENTATION_CONTEXT() REPRESENTATION_CONTEXT('2D SPACE',''
  ) );
#313 = ORIENTED_EDGE('',*,*,#21,.T.);
#314 = ORIENTED_EDGE('',*,*,#315,.T.);
#315 = EDGE_CURVE('',#24,#247,#316,.T.);
#316 = SURFACE_CURVE('',#317,(#321,#328),.PCURVE_S1.);
#317 = ( BOUNDED_CURVE() B_SPLINE_CURVE(2,(#318,#319,#320),
.UNSPECIFIED.,.F.,.F.) B_SPLINE_CURVE_WITH_KNOTS((3,3),(0.,
1.570796326795),.PIECEWISE_BEZIER_KNOTS.) CURVE() 
GEOMETRIC_REPRESENTATION_ITEM() RATIONAL_B_SPLINE_CURVE((1.,
0.707106781187,1.)) REPRESENTATION_ITEM('') );
#318 = CARTESIAN_POINT('',(2.,26.,6.));
#319 = CARTESIAN_POINT('',(2.,26.,2.));
#320 = CARTESIAN_POINT('',(6.,26.,2.));
#321 = PCURVE('',#42,#322);
#322 = DEFINITIONAL_REPRESENTATION('',(#323),#327);
#323 = B_SPLINE_CURVE_WITH_KNOTS('',2,(#324,#325,#326),.UNSPECIFIED.,.F.
  ,.F.,(3,3),(0.,1.570796326795),.PIECEWISE_BEZIER_KNOTS.);
#324 = CARTESIAN_POINT('',(1.570796326795,-26.));
#325 = CARTESIAN_POINT('',(2.356194490192,-26.));
#326 = CARTESIAN_POINT('',(3.14159265359,-26.));
#327 = ( GEOMETRIC_REPRESENTATION_CONTEXT(2) 
PARAMETRIC_REPRESENTATION_CONTEXT() REPRESENTATION_CONTEXT('2D SPACE',''
  ) );
#328 = PCURVE('',#329,#339);
#329 = ( BOUNDED_SURFACE() B_SPLINE_SURFACE(2,2,(
    (#330,#331,#332)
    ,(#333,#334,#335)
    ,(#336,#337,#338
)),.UNSPECIFIED.,.F.,.F.,.F.) B_SPLINE_SURFACE_WITH_KNOTS((3,3),(3,3),(
    0.,1.570796326795),(0.,1.570796326795),.PIECEWISE_BEZIER_KNOTS.) 
GEOMETRIC_REPRESENTATION_ITEM() RATIONAL_B_SPLINE_SURFACE((
    (1.,0.707106781187,1.)
    ,(0.707106781187,0.5,0.707106781187)
,(1.,0.707106781187,1.))) REPRESENTATION_ITEM('') SURFACE() );
#330 = CARTESIAN_POINT('',(2.,26.,6.));
#331 = CARTESIAN_POINT('',(2.,28.,6.));
#332 = CARTESIAN_POINT('',(4.,28.,6.));
#333 = CARTESIAN_POINT('',(2.,26.,2.));
#334 = CARTESIAN_POINT('',(2.,28.,2.));
#335 = CARTESIAN_POINT('',(4.,28.,4.));
#336 = CARTESIAN_POINT('',(6.,26.,2.));
#337 = CARTESIAN_POINT('',(6.,28.,2.));
#338 = CARTESIAN_POINT('',(6.,28.,4.));
#339 = DEFINITIONAL_REPRESENTATION('',(#340),#344);
#340 = B_SPLINE_CURVE_WITH_KNOTS('',2,(#341,#342,#343),.UNSPECIFIED.,.F.
  ,.F.,(3,3),(0.,1.570796326795),.PIECEWISE_BEZIER_KNOTS.);
#341 = CARTESIAN_POINT('',(0.,0.));
#342 = CARTESIAN_POINT('',(0.785398163397,1.459689267223E-15));
#343 = CARTESIAN_POINT('',(1.570796326795,-3.946072746926E-15));
#344 = ( GEOMETRIC_REPRESENTATION_CONTEXT(2) 
PARAMETRIC_REPRESENTATION_CONTEXT() REPRESENTATION_CONTEXT('2D SPACE',''
  ) );
#345 = ADVANCED_FACE('',(#346),#227,.F.);
#346 = FACE_BOUND('',#347,.F.);
#347 = EDGE_LOOP('',(#348,#381,#414,#440,#461));
#348 = ORIENTED_EDGE('',*,*,#349,.T.);
#349 = EDGE_CURVE('',#188,#350,#352,.T.);
#350 = VERTEX_POINT('',#351);
#351 = CARTESIAN_POINT('',(2.585786437627,27.414213562373,
    32.414213562373));
#352 = SURFACE_CURVE('',#353,(#357,#369),.PCURVE_S1.);
#353 = ( BOUNDED_CURVE() B_SPLINE_CURVE(2,(#354,#355,#356),
.UNSPECIFIED.,.F.,.F.) B_SPLINE_CURVE_WITH_KNOTS((3,3),(4.712388980385,
5.497787143782),.PIECEWISE_BEZIER_KNOTS.) CURVE() 
GEOMETRIC_REPRESENTATION_ITEM() RATIONAL_B_SPLINE_CURVE((1.,
0.923879532511,1.)) REPRESENTATION_ITEM('') );
#354 = CARTESIAN_POINT('',(2.,26.,33.828427124746));
#355 = CARTESIAN_POINT('',(2.,26.828427124746,33.));
#356 = CARTESIAN_POINT('',(2.585786437627,27.414213562373,
    32.414213562373));
#357 = PCURVE('',#227,#358);
#358 = DEFINITIONAL_REPRESENTATION('',(#359),#368);
#359 = B_SPLINE_CURVE_WITH_KNOTS('',7,(#360,#361,#362,#363,#364,#365,
    #366,#367),.UNSPECIFIED.,.F.,.F.,(8,8),(4.712388980385,
    5.497787143782),.PIECEWISE_BEZIER_KNOTS.);
#360 = CARTESIAN_POINT('',(0.,-0.828427124746));
#361 = CARTESIAN_POINT('',(0.12144412088,-0.609750669394));
#362 = CARTESIAN_POINT('',(0.23955289236,-0.385527323724));
#363 = CARTESIAN_POINT('',(0.354491198255,-0.161901163687));
#364 = CARTESIAN_POINT('',(0.466410338306,5.351944636784E-02));
#365 = CARTESIAN_POINT('',(0.575449889584,0.252880741119));
#366 = CARTESIAN_POINT('',(0.681739122245,0.431159352179));
#367 = CARTESIAN_POINT('',(0.785398163397,0.585786437627));
#368 = ( GEOMETRIC_REPRESENTATION_CONTEXT(2) 
PARAMETRIC_REPRESENTATION_CONTEXT() REPRESENTATION_CONTEXT('2D SPACE',''
  ) );
#369 = PCURVE('',#201,#370);
#370 = DEFINITIONAL_REPRESENTATION('',(#371),#380);
#371 = B_SPLINE_CURVE_WITH_KNOTS('',7,(#372,#373,#374,#375,#376,#377,
    #378,#379),.UNSPECIFIED.,.F.,.F.,(8,8),(4.712388980385,
    5.497787143782),.PIECEWISE_BEZIER_KNOTS.);
#372 = CARTESIAN_POINT('',(0.,-2.));
#373 = CARTESIAN_POINT('',(0.112199737628,-1.781323544646));
#374 = CARTESIAN_POINT('',(0.224399475258,-1.557100198987));
#375 = CARTESIAN_POINT('',(0.33659921288,-1.333474038923));
#376 = CARTESIAN_POINT('',(0.448798950516,-1.118053428907));
#377 = CARTESIAN_POINT('',(0.560998688138,-0.918692134125));
#378 = CARTESIAN_POINT('',(0.67319842577,-0.740413523077));
#379 = CARTESIAN_POINT('',(0.785398163397,-0.585786437627));
#380 = ( GEOMETRIC_REPRESENTATION_CONTEXT(2) 
PARAMETRIC_REPRESENTATION_CONTEXT() REPRESENTATION_CONTEXT('2D SPACE',''
  ) );
#381 = ORIENTED_EDGE('',*,*,#382,.T.);
#382 = EDGE_CURVE('',#350,#383,#385,.T.);
#383 = VERTEX_POINT('',#384);
#384 = CARTESIAN_POINT('',(4.,28.,31.));
#385 = SURFACE_CURVE('',#386,(#390,#402),.PCURVE_S1.);
#386 = ( BOUNDED_CURVE() B_SPLINE_CURVE(2,(#387,#388,#389),
.UNSPECIFIED.,.F.,.F.) B_SPLINE_CURVE_WITH_KNOTS((3,3),(3.926990816987,
4.712388980385),.PIECEWISE_BEZIER_KNOTS.) CURVE() 
GEOMETRIC_REPRESENTATION_ITEM() RATIONAL_B_SPLINE_CURVE((1.,
0.923879532511,1.)) REPRESENTATION_ITEM('') );
#387 = CARTESIAN_POINT('',(2.585786437627,27.414213562373,
    32.414213562373));
#388 = CARTESIAN_POINT('',(3.171572875254,28.,31.828427124746));
#389 = CARTESIAN_POINT('',(4.,28.,31.));
#390 = PCURVE('',#227,#391);
#391 = DEFINITIONAL_REPRESENTATION('',(#392),#401);
#392 = B_SPLINE_CURVE_WITH_KNOTS('',7,(#393,#394,#395,#396,#397,#398,
    #399,#400),.UNSPECIFIED.,.F.,.F.,(8,8),(3.926990816987,
    4.712388980385),.PIECEWISE_BEZIER_KNOTS.);
#393 = CARTESIAN_POINT('',(0.785398163397,0.585786437627));
#394 = CARTESIAN_POINT('',(0.889057204552,0.740413523078));
#395 = CARTESIAN_POINT('',(0.995346437212,0.918692134124));
#396 = CARTESIAN_POINT('',(1.104385988488,1.118053428904));
#397 = CARTESIAN_POINT('',(1.216305128543,1.333474038916));
#398 = CARTESIAN_POINT('',(1.331243434433,1.557100198983));
#399 = CARTESIAN_POINT('',(1.449352205918,1.781323544648));
#400 = CARTESIAN_POINT('',(1.570796326795,2.));
#401 = ( GEOMETRIC_REPRESENTATION_CONTEXT(2) 
PARAMETRIC_REPRESENTATION_CONTEXT() REPRESENTATION_CONTEXT('2D SPACE',''
  ) );
#402 = PCURVE('',#403,#408);
#403 = B_SPLINE_SURFACE_WITH_KNOTS('',1,1,(
    (#404,#405)
    ,(#406,#407
    )),.UNSPECIFIED.,.F.,.F.,.F.,(2,2),(2,2),(-21.09188309203,
    21.091883092037),(-2.585786437627,2.585786437627),
  .PIECEWISE_BEZIER_KNOTS.);
#404 = CARTESIAN_POINT('',(2.585786437627,27.414213562373,
    32.414213562373));
#405 = CARTESIAN_POINT('',(2.585786437627,32.585786437627,
    32.414213562373));
#406 = CARTESIAN_POINT('',(32.414213562373,27.414213562373,
    2.585786437627));
#407 = CARTESIAN_POINT('',(32.414213562373,32.585786437627,
    2.585786437627));
#408 = DEFINITIONAL_REPRESENTATION('',(#409),#413);
#409 = ( BOUNDED_CURVE() B_SPLINE_CURVE(2,(#410,#411,#412),
.UNSPECIFIED.,.F.,.F.) B_SPLINE_CURVE_WITH_KNOTS((3,3),(3.926990816987,
4.712388980385),.PIECEWISE_BEZIER_KNOTS.) CURVE() 
GEOMETRIC_REPRESENTATION_ITEM() RATIONAL_B_SPLINE_CURVE((1.,
0.923879532511,1.)) REPRESENTATION_ITEM('') );
#410 = CARTESIAN_POINT('',(-21.09188309203,-2.585786437627));
#411 = CARTESIAN_POINT('',(-20.26345596729,-2.));
#412 = CARTESIAN_POINT('',(-19.09188309203,-2.));
#413 = ( GEOMETRIC_REPRESENTATION_CONTEXT(2) 
PARAMETRIC_REPRESENTATION_CONTEXT() REPRESENTATION_CONTEXT('2D SPACE',''
  ) );
#414 = ORIENTED_EDGE('',*,*,#415,.T.);
#415 = EDGE_CURVE('',#383,#416,#418,.T.);
#416 = VERTEX_POINT('',#417);
#417 = CARTESIAN_POINT('',(4.,28.,6.));
#418 = SURFACE_CURVE('',#419,(#422,#429),.PCURVE_S1.);
#419 = B_SPLINE_CURVE_WITH_KNOTS('',1,(#420,#421),.UNSPECIFIED.,.F.,.F.,
  (2,2),(2.,27.),.PIECEWISE_BEZIER_KNOTS.);
#420 = CARTESIAN_POINT('',(4.,28.,31.));
#421 = CARTESIAN_POINT('',(4.,28.,6.));
#422 = PCURVE('',#227,#423);
#423 = DEFINITIONAL_REPRESENTATION('',(#424),#428);
#424 = B_SPLINE_CURVE_WITH_KNOTS('',2,(#425,#426,#427),.UNSPECIFIED.,.F.
  ,.F.,(3,3),(2.,27.),.PIECEWISE_BEZIER_KNOTS.);
#425 = CARTESIAN_POINT('',(1.570796326795,2.));
#426 = CARTESIAN_POINT('',(1.570796326795,14.5));
#427 = CARTESIAN_POINT('',(1.570796326795,27.));
#428 = ( GEOMETRIC_REPRESENTATION_CONTEXT(2) 
PARAMETRIC_REPRESENTATION_CONTEXT() REPRESENTATION_CONTEXT('2D SPACE',''
  ) );
#429 = PCURVE('',#430,#435);
#430 = B_SPLINE_SURFACE_WITH_KNOTS('',1,1,(
    (#431,#432)
    ,(#433,#434
    )),.UNSPECIFIED.,.F.,.F.,.F.,(2,2),(2,2),(-8.813643179354,
    18.186356820646),(-8.813643179354,18.186356820646),
  .PIECEWISE_BEZIER_KNOTS.);
#431 = CARTESIAN_POINT('',(4.,28.,4.));
#432 = CARTESIAN_POINT('',(31.,28.,4.));
#433 = CARTESIAN_POINT('',(4.,28.,31.));
#434 = CARTESIAN_POINT('',(31.,28.,31.));
#435 = DEFINITIONAL_REPRESENTATION('',(#436),#439);
#436 = B_SPLINE_CURVE_WITH_KNOTS('',1,(#437,#438),.UNSPECIFIED.,.F.,.F.,
  (2,2),(2.,27.),.PIECEWISE_BEZIER_KNOTS.);
#437 = CARTESIAN_POINT('',(18.186356820646,-8.813643179354));
#438 = CARTESIAN_POINT('',(-6.813643179354,-8.813643179354));
#439 = ( GEOMETRIC_REPRESENTATION_CONTEXT(2) 
PARAMETRIC_REPRESENTATION_CONTEXT() REPRESENTATION_CONTEXT('2D SPACE',''
  ) );
#440 = ORIENTED_EDGE('',*,*,#441,.F.);
#441 = EDGE_CURVE('',#24,#416,#442,.T.);
#442 = SURFACE_CURVE('',#443,(#447,#454),.PCURVE_S1.);
#443 = ( BOUNDED_CURVE() B_SPLINE_CURVE(2,(#444,#445,#446),
.UNSPECIFIED.,.F.,.F.) B_SPLINE_CURVE_WITH_KNOTS((3,3),(0.,
1.570796326795),.PIECEWISE_BEZIER_KNOTS.) CURVE() 
GEOMETRIC_REPRESENTATION_ITEM() RATIONAL_B_SPLINE_CURVE((1.,
0.707106781187,1.)) REPRESENTATION_ITEM('') );
#444 = CARTESIAN_POINT('',(2.,26.,6.));
#445 = CARTESIAN_POINT('',(2.,28.,6.));
#446 = CARTESIAN_POINT('',(4.,28.,6.));
#447 = PCURVE('',#227,#448);
#448 = DEFINITIONAL_REPRESENTATION('',(#449),#453);
#449 = B_SPLINE_CURVE_WITH_KNOTS('',2,(#450,#451,#452),.UNSPECIFIED.,.F.
  ,.F.,(3,3),(0.,1.570796326795),.PIECEWISE_BEZIER_KNOTS.);
#450 = CARTESIAN_POINT('',(0.,27.));
#451 = CARTESIAN_POINT('',(0.785398163397,27.));
#452 = CARTESIAN_POINT('',(1.570796326795,27.));
#453 = ( GEOMETRIC_REPRESENTATION_CONTEXT(2) 
PARAMETRIC_REPRESENTATION_CONTEXT() REPRESENTATION_CONTEXT('2D SPACE',''
  ) );
#454 = PCURVE('',#329,#455);
#455 = DEFINITIONAL_REPRESENTATION('',(#456),#460);
#456 = B_SPLINE_CURVE_WITH_KNOTS('',2,(#457,#458,#459),.UNSPECIFIED.,.F.
  ,.F.,(3,3),(0.,1.570796326795),.PIECEWISE_BEZIER_KNOTS.);
#457 = CARTESIAN_POINT('',(-2.466295466829E-16,7.080240137854E-32));
#458 = CARTESIAN_POINT('',(1.096537020756E-15,0.785398163397));
#459 = CARTESIAN_POINT('',(-9.865181867315E-16,1.570796326795));
#460 = ( GEOMETRIC_REPRESENTATION_CONTEXT(2) 
PARAMETRIC_REPRESENTATION_CONTEXT() REPRESENTATION_CONTEXT('2D SPACE',''
  ) );
#461 = ORIENTED_EDGE('',*,*,#215,.F.);
#462 = ADVANCED_FACE('',(#463),#70,.F.);
#463 = FACE_BOUND('',#464,.F.);
#464 = EDGE_LOOP('',(#465,#466,#467,#487,#512,#537,#588,#613));
#465 = ORIENTED_EDGE('',*,*,#56,.T.);
#466 = ORIENTED_EDGE('',*,*,#272,.T.);
#467 = ORIENTED_EDGE('',*,*,#468,.T.);
#468 = EDGE_CURVE('',#245,#469,#471,.T.);
#469 = VERTEX_POINT('',#470);
#470 = CARTESIAN_POINT('',(50.,0.,2.));
#471 = SURFACE_CURVE('',#472,(#475,#481),.PCURVE_S1.);
#472 = B_SPLINE_CURVE_WITH_KNOTS('',1,(#473,#474),.UNSPECIFIED.,.F.,.F.,
  (2,2),(0.,44.),.PIECEWISE_BEZIER_KNOTS.);
#473 = CARTESIAN_POINT('',(6.,0.,2.));
#474 = CARTESIAN_POINT('',(50.,0.,2.));
#475 = PCURVE('',#70,#476);
#476 = DEFINITIONAL_REPRESENTATION('',(#477),#480);
#477 = B_SPLINE_CURVE_WITH_KNOTS('',1,(#478,#479),.UNSPECIFIED.,.F.,.F.,
  (2,2),(0.,44.),.PIECEWISE_BEZIER_KNOTS.);
#478 = CARTESIAN_POINT('',(-26.,6.));
#479 = CARTESIAN_POINT('',(-26.,50.));
#480 = ( GEOMETRIC_REPRESENTATION_CONTEXT(2) 
PARAMETRIC_REPRESENTATION_CONTEXT() REPRESENTATION_CONTEXT('2D SPACE',''
  ) );
#481 = PCURVE('',#261,#482);
#482 = DEFINITIONAL_REPRESENTATION('',(#483),#486);
#483 = B_SPLINE_CURVE_WITH_KNOTS('',1,(#484,#485),.UNSPECIFIED.,.F.,.F.,
  (2,2),(0.,44.),.PIECEWISE_BEZIER_KNOTS.);
#484 = CARTESIAN_POINT('',(0.,0.));
#485 = CARTESIAN_POINT('',(44.,0.));
#486 = ( GEOMETRIC_REPRESENTATION_CONTEXT(2) 
PARAMETRIC_REPRESENTATION_CONTEXT() REPRESENTATION_CONTEXT('2D SPACE',''
  ) );
#487 = ORIENTED_EDGE('',*,*,#488,.T.);
#488 = EDGE_CURVE('',#469,#489,#491,.T.);
#489 = VERTEX_POINT('',#490);
#490 = CARTESIAN_POINT('',(50.,0.,-2.));
#491 = SURFACE_CURVE('',#492,(#495,#501),.PCURVE_S1.);
#492 = B_SPLINE_CURVE_WITH_KNOTS('',1,(#493,#494),.UNSPECIFIED.,.F.,.F.,
  (2,2),(0.,4.),.PIECEWISE_BEZIER_KNOTS.);
#493 = CARTESIAN_POINT('',(50.,0.,2.));
#494 = CARTESIAN_POINT('',(50.,0.,-2.));
#495 = PCURVE('',#70,#496);
#496 = DEFINITIONAL_REPRESENTATION('',(#497),#500);
#497 = B_SPLINE_CURVE_WITH_KNOTS('',1,(#498,#499),.UNSPECIFIED.,.F.,.F.,
  (2,2),(0.,4.),.PIECEWISE_BEZIER_KNOTS.);
#498 = CARTESIAN_POINT('',(-26.,50.));
#499 = CARTESIAN_POINT('',(-30.,50.));
#500 = ( GEOMETRIC_REPRESENTATION_CONTEXT(2) 
PARAMETRIC_REPRESENTATION_CONTEXT() REPRESENTATION_CONTEXT('2D SPACE',''
  ) );
#501 = PCURVE('',#502,#507);
#502 = B_SPLINE_SURFACE_WITH_KNOTS('',1,1,(
    (#503,#504)
    ,(#505,#506
    )),.UNSPECIFIED.,.F.,.F.,.F.,(2,2),(2,2),(-2.,2.),(-30.,30.),
  .PIECEWISE_BEZIER_KNOTS.);
#503 = CARTESIAN_POINT('',(50.,60.,-2.));
#504 = CARTESIAN_POINT('',(50.,0.,-2.));
#505 = CARTESIAN_POINT('',(50.,60.,2.));
#506 = CARTESIAN_POINT('',(50.,0.,2.));
#507 = DEFINITIONAL_REPRESENTATION('',(#508),#511);
#508 = B_SPLINE_CURVE_WITH_KNOTS('',1,(#509,#510),.UNSPECIFIED.,.F.,.F.,
  (2,2),(0.,4.),.PIECEWISE_BEZIER_KNOTS.);
#509 = CARTESIAN_POINT('',(2.,30.));
#510 = CARTESIAN_POINT('',(-2.,30.));
#511 = ( GEOMETRIC_REPRESENTATION_CONTEXT(2) 
PARAMETRIC_REPRESENTATION_CONTEXT() REPRESENTATION_CONTEXT('2D SPACE',''
  ) );
#512 = ORIENTED_EDGE('',*,*,#513,.F.);
#513 = EDGE_CURVE('',#514,#489,#516,.T.);
#514 = VERTEX_POINT('',#515);
#515 = CARTESIAN_POINT('',(6.,0.,-2.));
#516 = SURFACE_CURVE('',#517,(#520,#526),.PCURVE_S1.);
#517 = B_SPLINE_CURVE_WITH_KNOTS('',1,(#518,#519),.UNSPECIFIED.,.F.,.F.,
  (2,2),(0.,44.),.PIECEWISE_BEZIER_KNOTS.);
#518 = CARTESIAN_POINT('',(6.,0.,-2.));
#519 = CARTESIAN_POINT('',(50.,0.,-2.));
#520 = PCURVE('',#70,#521);
#521 = DEFINITIONAL_REPRESENTATION('',(#522),#525);
#522 = B_SPLINE_CURVE_WITH_KNOTS('',1,(#523,#524),.UNSPECIFIED.,.F.,.F.,
  (2,2),(0.,44.),.PIECEWISE_BEZIER_KNOTS.);
#523 = CARTESIAN_POINT('',(-30.,6.));
#524 = CARTESIAN_POINT('',(-30.,50.));
#525 = ( GEOMETRIC_REPRESENTATION_CONTEXT(2) 
PARAMETRIC_REPRESENTATION_CONTEXT() REPRESENTATION_CONTEXT('2D SPACE',''
  ) );
#526 = PCURVE('',#527,#532);
#527 = B_SPLINE_SURFACE_WITH_KNOTS('',1,1,(
    (#528,#529)
    ,(#530,#531
    )),.UNSPECIFIED.,.F.,.F.,.F.,(2,2),(2,2),(0.,44.),(-60.,0.),
  .PIECEWISE_BEZIER_KNOTS.);
#528 = CARTESIAN_POINT('',(6.,60.,-2.));
#529 = CARTESIAN_POINT('',(6.,0.,-2.));
#530 = CARTESIAN_POINT('',(50.,60.,-2.));
#531 = CARTESIAN_POINT('',(50.,0.,-2.));
#532 = DEFINITIONAL_REPRESENTATION('',(#533),#536);
#533 = B_SPLINE_CURVE_WITH_KNOTS('',1,(#534,#535),.UNSPECIFIED.,.F.,.F.,
  (2,2),(0.,44.),.PIECEWISE_BEZIER_KNOTS.);
#534 = CARTESIAN_POINT('',(0.,0.));
#535 = CARTESIAN_POINT('',(44.,0.));
#536 = ( GEOMETRIC_REPRESENTATION_CONTEXT(2) 
PARAMETRIC_REPRESENTATION_CONTEXT() REPRESENTATION_CONTEXT('2D SPACE',''
  ) );
#537 = ORIENTED_EDGE('',*,*,#538,.F.);
#538 = EDGE_CURVE('',#539,#514,#541,.T.);
#539 = VERTEX_POINT('',#540);
#540 = CARTESIAN_POINT('',(-2.,0.,6.));
#541 = SURFACE_CURVE('',#542,(#552,#565),.PCURVE_S1.);
#542 = B_SPLINE_CURVE_WITH_KNOTS('',8,(#543,#544,#545,#546,#547,#548,
    #549,#550,#551),.UNSPECIFIED.,.F.,.F.,(9,9),(1.570796326795,
    3.14159265359),.PIECEWISE_BEZIER_KNOTS.);
#543 = CARTESIAN_POINT('',(-2.,0.,6.));
#544 = CARTESIAN_POINT('',(-2.,0.,4.429203673205));
#545 = CARTESIAN_POINT('',(-1.64751368831,0.,2.858406851966));
#546 = CARTESIAN_POINT('',(-0.942544526971,0.,1.379894125319));
#547 = CARTESIAN_POINT('',(8.592995376085E-02,0.,8.592995376095E-02));
#548 = CARTESIAN_POINT('',(1.379894125319,0.,-0.942544526971));
#549 = CARTESIAN_POINT('',(2.858406851966,0.,-1.64751368831));
#550 = CARTESIAN_POINT('',(4.429203673205,0.,-2.));
#551 = CARTESIAN_POINT('',(6.,0.,-2.));
#552 = PCURVE('',#70,#553);
#553 = DEFINITIONAL_REPRESENTATION('',(#554),#564);
#554 = B_SPLINE_CURVE_WITH_KNOTS('',8,(#555,#556,#557,#558,#559,#560,
    #561,#562,#563),.UNSPECIFIED.,.F.,.F.,(9,9),(1.570796326795,
    3.14159265359),.PIECEWISE_BEZIER_KNOTS.);
#555 = CARTESIAN_POINT('',(-22.,-2.));
#556 = CARTESIAN_POINT('',(-23.57079632679,-2.));
#557 = CARTESIAN_POINT('',(-25.14159314803,-1.64751368831));
#558 = CARTESIAN_POINT('',(-26.62010587468,-0.942544526971));
#559 = CARTESIAN_POINT('',(-27.91407004623,8.592995376085E-02));
#560 = CARTESIAN_POINT('',(-28.94254452697,1.379894125319));
#561 = CARTESIAN_POINT('',(-29.64751368831,2.858406851966));
#562 = CARTESIAN_POINT('',(-30.,4.429203673205));
#563 = CARTESIAN_POINT('',(-30.,6.));
#564 = ( GEOMETRIC_REPRESENTATION_CONTEXT(2) 
PARAMETRIC_REPRESENTATION_CONTEXT() REPRESENTATION_CONTEXT('2D SPACE',''
  ) );
#565 = PCURVE('',#566,#573);
#566 = ( BOUNDED_SURFACE() B_SPLINE_SURFACE(2,1,(
    (#567,#568)
    ,(#569,#570)
,(#571,#572
    )),.UNSPECIFIED.,.F.,.F.,.F.) B_SPLINE_SURFACE_WITH_KNOTS((3,3),(2,2
    ),(1.570796326795,3.14159265359),(-60.,0.),
.PIECEWISE_BEZIER_KNOTS.) GEOMETRIC_REPRESENTATION_ITEM() 
RATIONAL_B_SPLINE_SURFACE((
    (1.,1.)
    ,(0.707106781187,0.707106781187)
,(1.,1.))) REPRESENTATION_ITEM('') SURFACE() );
#567 = CARTESIAN_POINT('',(-2.,60.,6.));
#568 = CARTESIAN_POINT('',(-2.,0.,6.));
#569 = CARTESIAN_POINT('',(-2.,60.,-2.));
#570 = CARTESIAN_POINT('',(-2.,0.,-2.));
#571 = CARTESIAN_POINT('',(6.,60.,-2.));
#572 = CARTESIAN_POINT('',(6.,0.,-2.));
#573 = DEFINITIONAL_REPRESENTATION('',(#574),#587);
#574 = B_SPLINE_CURVE_WITH_KNOTS('',6,(#575,#576,#577,#578,#579,#580,
    #581,#582,#583,#584,#585,#586),.UNSPECIFIED.,.F.,.F.,(7,5,7),(
    1.570796326795,2.356194490192,3.14159265359),.UNSPECIFIED.);
#575 = CARTESIAN_POINT('',(1.570796326795,0.));
#576 = CARTESIAN_POINT('',(1.716188979373,-7.487312270604E-19));
#577 = CARTESIAN_POINT('',(1.852124737779,-9.011736252895E-17));
#578 = CARTESIAN_POINT('',(1.981984129093,9.753510604977E-17));
#579 = CARTESIAN_POINT('',(2.107991232824,-2.74465308057E-17));
#580 = CARTESIAN_POINT('',(2.232094107826,1.178427559708E-17));
#581 = CARTESIAN_POINT('',(2.480294872558,-6.826091628348E-16));
#582 = CARTESIAN_POINT('',(2.604397747568,3.536142914347E-15));
#583 = CARTESIAN_POINT('',(2.730404851285,-9.910423039767E-15));
#584 = CARTESIAN_POINT('',(2.860264242613,1.653213108998E-14));
#585 = CARTESIAN_POINT('',(2.996200001011,1.414638831096E-15));
#586 = CARTESIAN_POINT('',(3.14159265359,3.552713678801E-15));
#587 = ( GEOMETRIC_REPRESENTATION_CONTEXT(2) 
PARAMETRIC_REPRESENTATION_CONTEXT() REPRESENTATION_CONTEXT('2D SPACE',''
  ) );
#588 = ORIENTED_EDGE('',*,*,#589,.F.);
#589 = EDGE_CURVE('',#590,#539,#592,.T.);
#590 = VERTEX_POINT('',#591);
#591 = CARTESIAN_POINT('',(-2.,0.,50.));
#592 = SURFACE_CURVE('',#593,(#596,#602),.PCURVE_S1.);
#593 = B_SPLINE_CURVE_WITH_KNOTS('',1,(#594,#595),.UNSPECIFIED.,.F.,.F.,
  (2,2),(0.,44.),.PIECEWISE_BEZIER_KNOTS.);
#594 = CARTESIAN_POINT('',(-2.,0.,50.));
#595 = CARTESIAN_POINT('',(-2.,0.,6.));
#596 = PCURVE('',#70,#597);
#597 = DEFINITIONAL_REPRESENTATION('',(#598),#601);
#598 = B_SPLINE_CURVE_WITH_KNOTS('',1,(#599,#600),.UNSPECIFIED.,.F.,.F.,
  (2,2),(0.,44.),.PIECEWISE_BEZIER_KNOTS.);
#599 = CARTESIAN_POINT('',(22.,-2.));
#600 = CARTESIAN_POINT('',(-22.,-2.));
#601 = ( GEOMETRIC_REPRESENTATION_CONTEXT(2) 
PARAMETRIC_REPRESENTATION_CONTEXT() REPRESENTATION_CONTEXT('2D SPACE',''
  ) );
#602 = PCURVE('',#603,#608);
#603 = B_SPLINE_SURFACE_WITH_KNOTS('',1,1,(
    (#604,#605)
    ,(#606,#607
    )),.UNSPECIFIED.,.F.,.F.,.F.,(2,2),(2,2),(0.,44.),(-60.,0.),
  .PIECEWISE_BEZIER_KNOTS.);
#604 = CARTESIAN_POINT('',(-2.,60.,50.));
#605 = CARTESIAN_POINT('',(-2.,0.,50.));
#606 = CARTESIAN_POINT('',(-2.,60.,6.));
#607 = CARTESIAN_POINT('',(-2.,0.,6.));
#608 = DEFINITIONAL_REPRESENTATION('',(#609),#612);
#609 = B_SPLINE_CURVE_WITH_KNOTS('',1,(#610,#611),.UNSPECIFIED.,.F.,.F.,
  (2,2),(0.,44.),.PIECEWISE_BEZIER_KNOTS.);
#610 = CARTESIAN_POINT('',(0.,0.));
#611 = CARTESIAN_POINT('',(44.,0.));
#612 = ( GEOMETRIC_REPRESENTATION_CONTEXT(2) 
PARAMETRIC_REPRESENTATION_CONTEXT() REPRESENTATION_CONTEXT('2D SPACE',''
  ) );
#613 = ORIENTED_EDGE('',*,*,#614,.F.);
#614 = EDGE_CURVE('',#57,#590,#615,.T.);
#615 = SURFACE_CURVE('',#616,(#619,#625),.PCURVE_S1.);
#616 = B_SPLINE_CURVE_WITH_KNOTS('',1,(#617,#618),.UNSPECIFIED.,.F.,.F.,
  (2,2),(0.,4.),.PIECEWISE_BEZIER_KNOTS.);
#617 = CARTESIAN_POINT('',(2.,0.,50.));
#618 = CARTESIAN_POINT('',(-2.,0.,50.));
#619 = PCURVE('',#70,#620);
#620 = DEFINITIONAL_REPRESENTATION('',(#621),#624);
#621 = B_SPLINE_CURVE_WITH_KNOTS('',1,(#622,#623),.UNSPECIFIED.,.F.,.F.,
  (2,2),(0.,4.),.PIECEWISE_BEZIER_KNOTS.);
#622 = CARTESIAN_POINT('',(22.,2.));
#623 = CARTESIAN_POINT('',(22.,-2.));
#624 = ( GEOMETRIC_REPRESENTATION_CONTEXT(2) 
PARAMETRIC_REPRESENTATION_CONTEXT() REPRESENTATION_CONTEXT('2D SPACE',''
  ) );
#625 = PCURVE('',#95,#626);
#626 = DEFINITIONAL_REPRESENTATION('',(#627),#630);
#627 = B_SPLINE_CURVE_WITH_KNOTS('',1,(#628,#629),.UNSPECIFIED.,.F.,.F.,
  (2,2),(0.,4.),.PIECEWISE_BEZIER_KNOTS.);
#628 = CARTESIAN_POINT('',(2.,-30.));
#629 = CARTESIAN_POINT('',(-2.,-30.));
#630 = ( GEOMETRIC_REPRESENTATION_CONTEXT(2) 
PARAMETRIC_REPRESENTATION_CONTEXT() REPRESENTATION_CONTEXT('2D SPACE',''
  ) );
#631 = ADVANCED_FACE('',(#632),#201,.T.);
#632 = FACE_BOUND('',#633,.T.);
#633 = EDGE_LOOP('',(#634,#635,#656,#687));
#634 = ORIENTED_EDGE('',*,*,#349,.T.);
#635 = ORIENTED_EDGE('',*,*,#636,.T.);
#636 = EDGE_CURVE('',#350,#637,#639,.T.);
#637 = VERTEX_POINT('',#638);
#638 = CARTESIAN_POINT('',(2.585786437627,32.585786437627,
    32.414213562373));
#639 = SURFACE_CURVE('',#640,(#643,#650),.PCURVE_S1.);
#640 = B_SPLINE_CURVE_WITH_KNOTS('',1,(#641,#642),.UNSPECIFIED.,.F.,.F.,
  (2,2),(-0.585786437627,4.585786437627),.PIECEWISE_BEZIER_KNOTS.);
#641 = CARTESIAN_POINT('',(2.585786437627,27.414213562373,
    32.414213562373));
#642 = CARTESIAN_POINT('',(2.585786437627,32.585786437627,
    32.414213562373));
#643 = PCURVE('',#201,#644);
#644 = DEFINITIONAL_REPRESENTATION('',(#645),#649);
#645 = B_SPLINE_CURVE_WITH_KNOTS('',2,(#646,#647,#648),.UNSPECIFIED.,.F.
  ,.F.,(3,3),(-0.585786437627,4.585786437627),.PIECEWISE_BEZIER_KNOTS.);
#646 = CARTESIAN_POINT('',(0.785398163397,-0.585786437627));
#647 = CARTESIAN_POINT('',(0.785398163397,2.));
#648 = CARTESIAN_POINT('',(0.785398163397,4.585786437627));
#649 = ( GEOMETRIC_REPRESENTATION_CONTEXT(2) 
PARAMETRIC_REPRESENTATION_CONTEXT() REPRESENTATION_CONTEXT('2D SPACE',''
  ) );
#650 = PCURVE('',#403,#651);
#651 = DEFINITIONAL_REPRESENTATION('',(#652),#655);
#652 = B_SPLINE_CURVE_WITH_KNOTS('',1,(#653,#654),.UNSPECIFIED.,.F.,.F.,
  (2,2),(-0.585786437627,4.585786437627),.PIECEWISE_BEZIER_KNOTS.);
#653 = CARTESIAN_POINT('',(-21.09188309203,-2.585786437627));
#654 = CARTESIAN_POINT('',(-21.09188309203,2.585786437627));
#655 = ( GEOMETRIC_REPRESENTATION_CONTEXT(2) 
PARAMETRIC_REPRESENTATION_CONTEXT() REPRESENTATION_CONTEXT('2D SPACE',''
  ) );
#656 = ORIENTED_EDGE('',*,*,#657,.F.);
#657 = EDGE_CURVE('',#160,#637,#658,.T.);
#658 = SURFACE_CURVE('',#659,(#663,#675),.PCURVE_S1.);
#659 = ( BOUNDED_CURVE() B_SPLINE_CURVE(2,(#660,#661,#662),
.UNSPECIFIED.,.F.,.F.) B_SPLINE_CURVE_WITH_KNOTS((3,3),(1.570796326795,
2.356194490192),.PIECEWISE_BEZIER_KNOTS.) CURVE() 
GEOMETRIC_REPRESENTATION_ITEM() RATIONAL_B_SPLINE_CURVE((1.,
0.923879532511,1.)) REPRESENTATION_ITEM('') );
#660 = CARTESIAN_POINT('',(2.,34.,33.828427124746));
#661 = CARTESIAN_POINT('',(2.,33.171572875254,33.));
#662 = CARTESIAN_POINT('',(2.585786437627,32.585786437627,
    32.414213562373));
#663 = PCURVE('',#201,#664);
#664 = DEFINITIONAL_REPRESENTATION('',(#665),#674);
#665 = B_SPLINE_CURVE_WITH_KNOTS('',7,(#666,#667,#668,#669,#670,#671,
    #672,#673),.UNSPECIFIED.,.F.,.F.,(8,8),(1.570796326795,
    2.356194490192),.PIECEWISE_BEZIER_KNOTS.);
#666 = CARTESIAN_POINT('',(3.575065210459E-15,6.));
#667 = CARTESIAN_POINT('',(0.112199737629,5.781323544653));
#668 = CARTESIAN_POINT('',(0.224399475258,5.557100198994));
#669 = CARTESIAN_POINT('',(0.336599212881,5.333474038907));
#670 = CARTESIAN_POINT('',(0.448798950513,5.118053428903));
#671 = CARTESIAN_POINT('',(0.560998688142,4.918692134132));
#672 = CARTESIAN_POINT('',(0.67319842577,4.740413523086));
#673 = CARTESIAN_POINT('',(0.785398163397,4.585786437627));
#674 = ( GEOMETRIC_REPRESENTATION_CONTEXT(2) 
PARAMETRIC_REPRESENTATION_CONTEXT() REPRESENTATION_CONTEXT('2D SPACE',''
  ) );
#675 = PCURVE('',#173,#676);
#676 = DEFINITIONAL_REPRESENTATION('',(#677),#686);
#677 = B_SPLINE_CURVE_WITH_KNOTS('',7,(#678,#679,#680,#681,#682,#683,
    #684,#685),.UNSPECIFIED.,.F.,.F.,(8,8),(1.570796326795,
    2.356194490192),.PIECEWISE_BEZIER_KNOTS.);
#678 = CARTESIAN_POINT('',(7.521137957385E-15,-0.828427124746));
#679 = CARTESIAN_POINT('',(0.121444120879,-0.609750669393));
#680 = CARTESIAN_POINT('',(0.239552892365,-0.385527323726));
#681 = CARTESIAN_POINT('',(0.354491198244,-0.161901163684));
#682 = CARTESIAN_POINT('',(0.466410338316,5.351944636472E-02));
#683 = CARTESIAN_POINT('',(0.575449889578,0.25288074112));
#684 = CARTESIAN_POINT('',(0.681739122246,0.431159352179));
#685 = CARTESIAN_POINT('',(0.785398163397,0.585786437627));
#686 = ( GEOMETRIC_REPRESENTATION_CONTEXT(2) 
PARAMETRIC_REPRESENTATION_CONTEXT() REPRESENTATION_CONTEXT('2D SPACE',''
  ) );
#687 = ORIENTED_EDGE('',*,*,#187,.F.);
#688 = ADVANCED_FACE('',(#689),#95,.T.);
#689 = FACE_BOUND('',#690,.T.);
#690 = EDGE_LOOP('',(#691,#692,#712,#730));
#691 = ORIENTED_EDGE('',*,*,#81,.T.);
#692 = ORIENTED_EDGE('',*,*,#693,.T.);
#693 = EDGE_CURVE('',#82,#694,#696,.T.);
#694 = VERTEX_POINT('',#695);
#695 = CARTESIAN_POINT('',(-2.,60.,50.));
#696 = SURFACE_CURVE('',#697,(#700,#706),.PCURVE_S1.);
#697 = B_SPLINE_CURVE_WITH_KNOTS('',1,(#698,#699),.UNSPECIFIED.,.F.,.F.,
  (2,2),(0.,4.),.PIECEWISE_BEZIER_KNOTS.);
#698 = CARTESIAN_POINT('',(2.,60.,50.));
#699 = CARTESIAN_POINT('',(-2.,60.,50.));
#700 = PCURVE('',#95,#701);
#701 = DEFINITIONAL_REPRESENTATION('',(#702),#705);
#702 = B_SPLINE_CURVE_WITH_KNOTS('',1,(#703,#704),.UNSPECIFIED.,.F.,.F.,
  (2,2),(0.,4.),.PIECEWISE_BEZIER_KNOTS.);
#703 = CARTESIAN_POINT('',(2.,30.));
#704 = CARTESIAN_POINT('',(-2.,30.));
#705 = ( GEOMETRIC_REPRESENTATION_CONTEXT(2) 
PARAMETRIC_REPRESENTATION_CONTEXT() REPRESENTATION_CONTEXT('2D SPACE',''
  ) );
#706 = PCURVE('',#120,#707);
#707 = DEFINITIONAL_REPRESENTATION('',(#708),#711);
#708 = B_SPLINE_CURVE_WITH_KNOTS('',1,(#709,#710),.UNSPECIFIED.,.F.,.F.,
  (2,2),(0.,4.),.PIECEWISE_BEZIER_KNOTS.);
#709 = CARTESIAN_POINT('',(22.,2.));
#710 = CARTESIAN_POINT('',(22.,-2.));
#711 = ( GEOMETRIC_REPRESENTATION_CONTEXT(2) 
PARAMETRIC_REPRESENTATION_CONTEXT() REPRESENTATION_CONTEXT('2D SPACE',''
  ) );
#712 = ORIENTED_EDGE('',*,*,#713,.F.);
#713 = EDGE_CURVE('',#590,#694,#714,.T.);
#714 = SURFACE_CURVE('',#715,(#718,#724),.PCURVE_S1.);
#715 = B_SPLINE_CURVE_WITH_KNOTS('',1,(#716,#717),.UNSPECIFIED.,.F.,.F.,
  (2,2),(0.,60.),.PIECEWISE_BEZIER_KNOTS.);
#716 = CARTESIAN_POINT('',(-2.,0.,50.));
#717 = CARTESIAN_POINT('',(-2.,60.,50.));
#718 = PCURVE('',#95,#719);
#719 = DEFINITIONAL_REPRESENTATION('',(#720),#723);
#720 = B_SPLINE_CURVE_WITH_KNOTS('',1,(#721,#722),.UNSPECIFIED.,.F.,.F.,
  (2,2),(0.,60.),.PIECEWISE_BEZIER_KNOTS.);
#721 = CARTESIAN_POINT('',(-2.,-30.));
#722 = CARTESIAN_POINT('',(-2.,30.));
#723 = ( GEOMETRIC_REPRESENTATION_CONTEXT(2) 
PARAMETRIC_REPRESENTATION_CONTEXT() REPRESENTATION_CONTEXT('2D SPACE',''
  ) );
#724 = PCURVE('',#603,#725);
#725 = DEFINITIONAL_REPRESENTATION('',(#726),#729);
#726 = B_SPLINE_CURVE_WITH_KNOTS('',1,(#727,#728),.UNSPECIFIED.,.F.,.F.,
  (2,2),(0.,60.),.PIECEWISE_BEZIER_KNOTS.);
#727 = CARTESIAN_POINT('',(0.,0.));
#728 = CARTESIAN_POINT('',(0.,-60.));
#729 = ( GEOMETRIC_REPRESENTATION_CONTEXT(2) 
PARAMETRIC_REPRESENTATION_CONTEXT() REPRESENTATION_CONTEXT('2D SPACE',''
  ) );
#730 = ORIENTED_EDGE('',*,*,#614,.F.);
#731 = ADVANCED_FACE('',(#732),#173,.T.);
#732 = FACE_BOUND('',#733,.T.);
#733 = EDGE_LOOP('',(#734,#735,#763,#789,#820));
#734 = ORIENTED_EDGE('',*,*,#657,.T.);
#735 = ORIENTED_EDGE('',*,*,#736,.T.);
#736 = EDGE_CURVE('',#637,#737,#739,.T.);
#737 = VERTEX_POINT('',#738);
#738 = CARTESIAN_POINT('',(4.,32.,31.));
#739 = SURFACE_CURVE('',#740,(#744,#756),.PCURVE_S1.);
#740 = ( BOUNDED_CURVE() B_SPLINE_CURVE(2,(#741,#742,#743),
.UNSPECIFIED.,.F.,.F.) B_SPLINE_CURVE_WITH_KNOTS((3,3),(3.926990816987,
4.712388980385),.PIECEWISE_BEZIER_KNOTS.) CURVE() 
GEOMETRIC_REPRESENTATION_ITEM() RATIONAL_B_SPLINE_CURVE((1.,
0.923879532511,1.)) REPRESENTATION_ITEM('') );
#741 = CARTESIAN_POINT('',(2.585786437627,32.585786437627,
    32.414213562373));
#742 = CARTESIAN_POINT('',(3.171572875254,32.,31.828427124746));
#743 = CARTESIAN_POINT('',(4.,32.,31.));
#744 = PCURVE('',#173,#745);
#745 = DEFINITIONAL_REPRESENTATION('',(#746),#755);
#746 = B_SPLINE_CURVE_WITH_KNOTS('',7,(#747,#748,#749,#750,#751,#752,
    #753,#754),.UNSPECIFIED.,.F.,.F.,(8,8),(3.926990816987,
    4.712388980385),.PIECEWISE_BEZIER_KNOTS.);
#747 = CARTESIAN_POINT('',(0.785398163397,0.585786437627));
#748 = CARTESIAN_POINT('',(0.889057204553,0.740413523078));
#749 = CARTESIAN_POINT('',(0.995346437215,0.918692134124));
#750 = CARTESIAN_POINT('',(1.104385988487,1.118053428919));
#751 = CARTESIAN_POINT('',(1.216305128528,1.333474038918));
#752 = CARTESIAN_POINT('',(1.331243434438,1.557100198986));
#753 = CARTESIAN_POINT('',(1.449352205917,1.781323544646));
#754 = CARTESIAN_POINT('',(1.570796326795,2.));
#755 = ( GEOMETRIC_REPRESENTATION_CONTEXT(2) 
PARAMETRIC_REPRESENTATION_CONTEXT() REPRESENTATION_CONTEXT('2D SPACE',''
  ) );
#756 = PCURVE('',#403,#757);
#757 = DEFINITIONAL_REPRESENTATION('',(#758),#762);
#758 = ( BOUNDED_CURVE() B_SPLINE_CURVE(2,(#759,#760,#761),
.UNSPECIFIED.,.F.,.F.) B_SPLINE_CURVE_WITH_KNOTS((3,3),(3.926990816987,
4.712388980385),.PIECEWISE_BEZIER_KNOTS.) CURVE() 
GEOMETRIC_REPRESENTATION_ITEM() RATIONAL_B_SPLINE_CURVE((1.,
0.923879532511,1.)) REPRESENTATION_ITEM('') );
#759 = CARTESIAN_POINT('',(-21.09188309203,2.585786437627));
#760 = CARTESIAN_POINT('',(-20.26345596729,2.));
#761 = CARTESIAN_POINT('',(-19.09188309203,2.));
#762 = ( GEOMETRIC_REPRESENTATION_CONTEXT(2) 
PARAMETRIC_REPRESENTATION_CONTEXT() REPRESENTATION_CONTEXT('2D SPACE',''
  ) );
#763 = ORIENTED_EDGE('',*,*,#764,.T.);
#764 = EDGE_CURVE('',#737,#765,#767,.T.);
#765 = VERTEX_POINT('',#766);
#766 = CARTESIAN_POINT('',(4.,32.,6.));
#767 = SURFACE_CURVE('',#768,(#771,#778),.PCURVE_S1.);
#768 = B_SPLINE_CURVE_WITH_KNOTS('',1,(#769,#770),.UNSPECIFIED.,.F.,.F.,
  (2,2),(2.,27.),.PIECEWISE_BEZIER_KNOTS.);
#769 = CARTESIAN_POINT('',(4.,32.,31.));
#770 = CARTESIAN_POINT('',(4.,32.,6.));
#771 = PCURVE('',#173,#772);
#772 = DEFINITIONAL_REPRESENTATION('',(#773),#777);
#773 = B_SPLINE_CURVE_WITH_KNOTS('',2,(#774,#775,#776),.UNSPECIFIED.,.F.
  ,.F.,(3,3),(2.,27.),.PIECEWISE_BEZIER_KNOTS.);
#774 = CARTESIAN_POINT('',(1.570796326795,2.));
#775 = CARTESIAN_POINT('',(1.570796326795,14.5));
#776 = CARTESIAN_POINT('',(1.570796326795,27.));
#777 = ( GEOMETRIC_REPRESENTATION_CONTEXT(2) 
PARAMETRIC_REPRESENTATION_CONTEXT() REPRESENTATION_CONTEXT('2D SPACE',''
  ) );
#778 = PCURVE('',#779,#784);
#779 = B_SPLINE_SURFACE_WITH_KNOTS('',1,1,(
    (#780,#781)
    ,(#782,#783
    )),.UNSPECIFIED.,.F.,.F.,.F.,(2,2),(2,2),(-8.813643179354,
    18.186356820646),(-8.813643179354,18.186356820646),
  .PIECEWISE_BEZIER_KNOTS.);
#780 = CARTESIAN_POINT('',(4.,32.,4.));
#781 = CARTESIAN_POINT('',(31.,32.,4.));
#782 = CARTESIAN_POINT('',(4.,32.,31.));
#783 = CARTESIAN_POINT('',(31.,32.,31.));
#784 = DEFINITIONAL_REPRESENTATION('',(#785),#788);
#785 = B_SPLINE_CURVE_WITH_KNOTS('',1,(#786,#787),.UNSPECIFIED.,.F.,.F.,
  (2,2),(2.,27.),.PIECEWISE_BEZIER_KNOTS.);
#786 = CARTESIAN_POINT('',(18.186356820646,-8.813643179354));
#787 = CARTESIAN_POINT('',(-6.813643179354,-8.813643179354));
#788 = ( GEOMETRIC_REPRESENTATION_CONTEXT(2) 
PARAMETRIC_REPRESENTATION_CONTEXT() REPRESENTATION_CONTEXT('2D SPACE',''
  ) );
#789 = ORIENTED_EDGE('',*,*,#790,.F.);
#790 = EDGE_CURVE('',#132,#765,#791,.T.);
#791 = SURFACE_CURVE('',#792,(#796,#803),.PCURVE_S1.);
#792 = ( BOUNDED_CURVE() B_SPLINE_CURVE(2,(#793,#794,#795),
.UNSPECIFIED.,.F.,.F.) B_SPLINE_CURVE_WITH_KNOTS((3,3),(0.,
1.570796326795),.PIECEWISE_BEZIER_KNOTS.) CURVE() 
GEOMETRIC_REPRESENTATION_ITEM() RATIONAL_B_SPLINE_CURVE((1.,
0.707106781187,1.)) REPRESENTATION_ITEM('') );
#793 = CARTESIAN_POINT('',(2.,34.,6.));
#794 = CARTESIAN_POINT('',(2.,32.,6.));
#795 = CARTESIAN_POINT('',(4.,32.,6.));
#796 = PCURVE('',#173,#797);
#797 = DEFINITIONAL_REPRESENTATION('',(#798),#802);
#798 = B_SPLINE_CURVE_WITH_KNOTS('',2,(#799,#800,#801),.UNSPECIFIED.,.F.
  ,.F.,(3,3),(0.,1.570796326795),.PIECEWISE_BEZIER_KNOTS.);
#799 = CARTESIAN_POINT('',(0.,27.));
#800 = CARTESIAN_POINT('',(0.785398163397,27.));
#801 = CARTESIAN_POINT('',(1.570796326795,27.));
#802 = ( GEOMETRIC_REPRESENTATION_CONTEXT(2) 
PARAMETRIC_REPRESENTATION_CONTEXT() REPRESENTATION_CONTEXT('2D SPACE',''
  ) );
#803 = PCURVE('',#804,#814);
#804 = ( BOUNDED_SURFACE() B_SPLINE_SURFACE(2,2,(
    (#805,#806,#807)
    ,(#808,#809,#810)
    ,(#811,#812,#813
)),.UNSPECIFIED.,.F.,.F.,.F.) B_SPLINE_SURFACE_WITH_KNOTS((3,3),(3,3),(
    0.,1.570796326795),(0.,1.570796326795),.PIECEWISE_BEZIER_KNOTS.) 
GEOMETRIC_REPRESENTATION_ITEM() RATIONAL_B_SPLINE_SURFACE((
    (1.,0.707106781187,1.)
    ,(0.707106781187,0.5,0.707106781187)
,(1.,0.707106781187,1.))) REPRESENTATION_ITEM('') SURFACE() );
#805 = CARTESIAN_POINT('',(2.,34.,6.));
#806 = CARTESIAN_POINT('',(2.,32.,6.));
#807 = CARTESIAN_POINT('',(4.,32.,6.));
#808 = CARTESIAN_POINT('',(2.,34.,2.));
#809 = CARTESIAN_POINT('',(2.,32.,2.));
#810 = CARTESIAN_POINT('',(4.,32.,4.));
#811 = CARTESIAN_POINT('',(6.,34.,2.));
#812 = CARTESIAN_POINT('',(6.,32.,2.));
#813 = CARTESIAN_POINT('',(6.,32.,4.));
#814 = DEFINITIONAL_REPRESENTATION('',(#815),#819);
#815 = B_SPLINE_CURVE_WITH_KNOTS('',2,(#816,#817,#818),.UNSPECIFIED.,.F.
  ,.F.,(3,3),(0.,1.570796326795),.PIECEWISE_BEZIER_KNOTS.);
#816 = CARTESIAN_POINT('',(-2.466295466829E-16,-3.946072746926E-15));
#817 = CARTESIAN_POINT('',(1.450696584852E-15,0.785398163397));
#818 = CARTESIAN_POINT('',(-9.865181867315E-16,1.570796326795));
#819 = ( GEOMETRIC_REPRESENTATION_CONTEXT(2) 
PARAMETRIC_REPRESENTATION_CONTEXT() REPRESENTATION_CONTEXT('2D SPACE',''
  ) );
#820 = ORIENTED_EDGE('',*,*,#159,.F.);
#821 = ADVANCED_FACE('',(#822),#120,.T.);
#822 = FACE_BOUND('',#823,.T.);
#823 = EDGE_LOOP('',(#824,#825,#869,#889,#909,#929,#973,#991));
#824 = ORIENTED_EDGE('',*,*,#106,.T.);
#825 = ORIENTED_EDGE('',*,*,#826,.T.);
#826 = EDGE_CURVE('',#107,#827,#829,.T.);
#827 = VERTEX_POINT('',#828);
#828 = CARTESIAN_POINT('',(6.,60.,2.));
#829 = SURFACE_CURVE('',#830,(#840,#853),.PCURVE_S1.);
#830 = B_SPLINE_CURVE_WITH_KNOTS('',8,(#831,#832,#833,#834,#835,#836,
    #837,#838,#839),.UNSPECIFIED.,.F.,.F.,(9,9),(1.570796326795,
    3.14159265359),.PIECEWISE_BEZIER_KNOTS.);
#831 = CARTESIAN_POINT('',(2.,60.,6.));
#832 = CARTESIAN_POINT('',(2.,60.,5.214601836603));
#833 = CARTESIAN_POINT('',(2.176243155845,59.999999999999,4.429203425983
    ));
#834 = CARTESIAN_POINT('',(2.528727736514,60.000000000002,3.68994706266)
  );
#835 = CARTESIAN_POINT('',(3.04296497688,59.999999999997,3.04296497688)
  );
#836 = CARTESIAN_POINT('',(3.68994706266,60.000000000003,2.528727736514)
  );
#837 = CARTESIAN_POINT('',(4.429203425983,59.999999999999,2.176243155845
    ));
#838 = CARTESIAN_POINT('',(5.214601836603,60.,2.));
#839 = CARTESIAN_POINT('',(6.,60.,2.));
#840 = PCURVE('',#120,#841);
#841 = DEFINITIONAL_REPRESENTATION('',(#842),#852);
#842 = B_SPLINE_CURVE_WITH_KNOTS('',8,(#843,#844,#845,#846,#847,#848,
    #849,#850,#851),.UNSPECIFIED.,.F.,.F.,(9,9),(1.570796326795,
    3.14159265359),.PIECEWISE_BEZIER_KNOTS.);
#843 = CARTESIAN_POINT('',(-22.,2.));
#844 = CARTESIAN_POINT('',(-22.78539816339,2.));
#845 = CARTESIAN_POINT('',(-23.57079657401,2.176243155845));
#846 = CARTESIAN_POINT('',(-24.31005293734,2.528727736514));
#847 = CARTESIAN_POINT('',(-24.95703502312,3.04296497688));
#848 = CARTESIAN_POINT('',(-25.47127226348,3.68994706266));
#849 = CARTESIAN_POINT('',(-25.82375684415,4.429203425983));
#850 = CARTESIAN_POINT('',(-26.,5.214601836603));
#851 = CARTESIAN_POINT('',(-26.,6.));
#852 = ( GEOMETRIC_REPRESENTATION_CONTEXT(2) 
PARAMETRIC_REPRESENTATION_CONTEXT() REPRESENTATION_CONTEXT('2D SPACE',''
  ) );
#853 = PCURVE('',#145,#854);
#854 = DEFINITIONAL_REPRESENTATION('',(#855),#868);
#855 = B_SPLINE_CURVE_WITH_KNOTS('',6,(#856,#857,#858,#859,#860,#861,
    #862,#863,#864,#865,#866,#867),.UNSPECIFIED.,.F.,.F.,(7,5,7),(
    1.570796326795,2.356194490192,3.14159265359),.UNSPECIFIED.);
#856 = CARTESIAN_POINT('',(1.570796326795,-60.));
#857 = CARTESIAN_POINT('',(1.716188979374,-60.00000000001));
#858 = CARTESIAN_POINT('',(1.852124737774,-59.99999999992));
#859 = CARTESIAN_POINT('',(1.981984129097,-60.00000000007));
#860 = CARTESIAN_POINT('',(2.107991232819,-59.99999999994));
#861 = CARTESIAN_POINT('',(2.232094107826,-60.00000000001));
#862 = CARTESIAN_POINT('',(2.480294872559,-59.99999999999));
#863 = CARTESIAN_POINT('',(2.604397747566,-60.00000000001));
#864 = CARTESIAN_POINT('',(2.730404851287,-59.99999999999));
#865 = CARTESIAN_POINT('',(2.860264242613,-60.00000000004));
#866 = CARTESIAN_POINT('',(2.996200001011,-59.99999999999));
#867 = CARTESIAN_POINT('',(3.14159265359,-60.));
#868 = ( GEOMETRIC_REPRESENTATION_CONTEXT(2) 
PARAMETRIC_REPRESENTATION_CONTEXT() REPRESENTATION_CONTEXT('2D SPACE',''
  ) );
#869 = ORIENTED_EDGE('',*,*,#870,.T.);
#870 = EDGE_CURVE('',#827,#871,#873,.T.);
#871 = VERTEX_POINT('',#872);
#872 = CARTESIAN_POINT('',(50.,60.,2.));
#873 = SURFACE_CURVE('',#874,(#877,#883),.PCURVE_S1.);
#874 = B_SPLINE_CURVE_WITH_KNOTS('',1,(#875,#876),.UNSPECIFIED.,.F.,.F.,
  (2,2),(0.,44.),.PIECEWISE_BEZIER_KNOTS.);
#875 = CARTESIAN_POINT('',(6.,60.,2.));
#876 = CARTESIAN_POINT('',(50.,60.,2.));
#877 = PCURVE('',#120,#878);
#878 = DEFINITIONAL_REPRESENTATION('',(#879),#882);
#879 = B_SPLINE_CURVE_WITH_KNOTS('',1,(#880,#881),.UNSPECIFIED.,.F.,.F.,
  (2,2),(0.,44.),.PIECEWISE_BEZIER_KNOTS.);
#880 = CARTESIAN_POINT('',(-26.,6.));
#881 = CARTESIAN_POINT('',(-26.,50.));
#882 = ( GEOMETRIC_REPRESENTATION_CONTEXT(2) 
PARAMETRIC_REPRESENTATION_CONTEXT() REPRESENTATION_CONTEXT('2D SPACE',''
  ) );
#883 = PCURVE('',#261,#884);
#884 = DEFINITIONAL_REPRESENTATION('',(#885),#888);
#885 = B_SPLINE_CURVE_WITH_KNOTS('',1,(#886,#887),.UNSPECIFIED.,.F.,.F.,
  (2,2),(0.,44.),.PIECEWISE_BEZIER_KNOTS.);
#886 = CARTESIAN_POINT('',(0.,-60.));
#887 = CARTESIAN_POINT('',(44.,-60.));
#888 = ( GEOMETRIC_REPRESENTATION_CONTEXT(2) 
PARAMETRIC_REPRESENTATION_CONTEXT() REPRESENTATION_CONTEXT('2D SPACE',''
  ) );
#889 = ORIENTED_EDGE('',*,*,#890,.T.);
#890 = EDGE_CURVE('',#871,#891,#893,.T.);
#891 = VERTEX_POINT('',#892);
#892 = CARTESIAN_POINT('',(50.,60.,-2.));
#893 = SURFACE_CURVE('',#894,(#897,#903),.PCURVE_S1.);
#894 = B_SPLINE_CURVE_WITH_KNOTS('',1,(#895,#896),.UNSPECIFIED.,.F.,.F.,
  (2,2),(0.,4.),.PIECEWISE_BEZIER_KNOTS.);
#895 = CARTESIAN_POINT('',(50.,60.,2.));
#896 = CARTESIAN_POINT('',(50.,60.,-2.));
#897 = PCURVE('',#120,#898);
#898 = DEFINITIONAL_REPRESENTATION('',(#899),#902);
#899 = B_SPLINE_CURVE_WITH_KNOTS('',1,(#900,#901),.UNSPECIFIED.,.F.,.F.,
  (2,2),(0.,4.),.PIECEWISE_BEZIER_KNOTS.);
#900 = CARTESIAN_POINT('',(-26.,50.));
#901 = CARTESIAN_POINT('',(-30.,50.));
#902 = ( GEOMETRIC_REPRESENTATION_CONTEXT(2) 
PARAMETRIC_REPRESENTATION_CONTEXT() REPRESENTATION_CONTEXT('2D SPACE',''
  ) );
#903 = PCURVE('',#502,#904);
#904 = DEFINITIONAL_REPRESENTATION('',(#905),#908);
#905 = B_SPLINE_CURVE_WITH_KNOTS('',1,(#906,#907),.UNSPECIFIED.,.F.,.F.,
  (2,2),(0.,4.),.PIECEWISE_BEZIER_KNOTS.);
#906 = CARTESIAN_POINT('',(2.,-30.));
#907 = CARTESIAN_POINT('',(-2.,-30.));
#908 = ( GEOMETRIC_REPRESENTATION_CONTEXT(2) 
PARAMETRIC_REPRESENTATION_CONTEXT() REPRESENTATION_CONTEXT('2D SPACE',''
  ) );
#909 = ORIENTED_EDGE('',*,*,#910,.F.);
#910 = EDGE_CURVE('',#911,#891,#913,.T.);
#911 = VERTEX_POINT('',#912);
#912 = CARTESIAN_POINT('',(6.,60.,-2.));
#913 = SURFACE_CURVE('',#914,(#917,#923),.PCURVE_S1.);
#914 = B_SPLINE_CURVE_WITH_KNOTS('',1,(#915,#916),.UNSPECIFIED.,.F.,.F.,
  (2,2),(0.,44.),.PIECEWISE_BEZIER_KNOTS.);
#915 = CARTESIAN_POINT('',(6.,60.,-2.));
#916 = CARTESIAN_POINT('',(50.,60.,-2.));
#917 = PCURVE('',#120,#918);
#918 = DEFINITIONAL_REPRESENTATION('',(#919),#922);
#919 = B_SPLINE_CURVE_WITH_KNOTS('',1,(#920,#921),.UNSPECIFIED.,.F.,.F.,
  (2,2),(0.,44.),.PIECEWISE_BEZIER_KNOTS.);
#920 = CARTESIAN_POINT('',(-30.,6.));
#921 = CARTESIAN_POINT('',(-30.,50.));
#922 = ( GEOMETRIC_REPRESENTATION_CONTEXT(2) 
PARAMETRIC_REPRESENTATION_CONTEXT() REPRESENTATION_CONTEXT('2D SPACE',''
  ) );
#923 = PCURVE('',#527,#924);
#924 = DEFINITIONAL_REPRESENTATION('',(#925),#928);
#925 = B_SPLINE_CURVE_WITH_KNOTS('',1,(#926,#927),.UNSPECIFIED.,.F.,.F.,
  (2,2),(0.,44.),.PIECEWISE_BEZIER_KNOTS.);
#926 = CARTESIAN_POINT('',(0.,-60.));
#927 = CARTESIAN_POINT('',(44.,-60.));
#928 = ( GEOMETRIC_REPRESENTATION_CONTEXT(2) 
PARAMETRIC_REPRESENTATION_CONTEXT() REPRESENTATION_CONTEXT('2D SPACE',''
  ) );
#929 = ORIENTED_EDGE('',*,*,#930,.F.);
#930 = EDGE_CURVE('',#931,#911,#933,.T.);
#931 = VERTEX_POINT('',#932);
#932 = CARTESIAN_POINT('',(-2.,60.,6.));
#933 = SURFACE_CURVE('',#934,(#944,#957),.PCURVE_S1.);
#934 = B_SPLINE_CURVE_WITH_KNOTS('',8,(#935,#936,#937,#938,#939,#940,
    #941,#942,#943),.UNSPECIFIED.,.F.,.F.,(9,9),(1.570796326795,
    3.14159265359),.PIECEWISE_BEZIER_KNOTS.);
#935 = CARTESIAN_POINT('',(-2.,60.,6.));
#936 = CARTESIAN_POINT('',(-2.,60.,4.429203673205));
#937 = CARTESIAN_POINT('',(-1.64751368831,59.999999999999,2.858406851966
    ));
#938 = CARTESIAN_POINT('',(-0.942544526971,60.000000000002,
    1.379894125319));
#939 = CARTESIAN_POINT('',(8.592995376085E-02,59.999999999997,
    8.592995376095E-02));
#940 = CARTESIAN_POINT('',(1.379894125319,60.000000000003,
    -0.942544526971));
#941 = CARTESIAN_POINT('',(2.858406851966,59.999999999999,-1.64751368831
    ));
#942 = CARTESIAN_POINT('',(4.429203673205,60.,-2.));
#943 = CARTESIAN_POINT('',(6.,60.,-2.));
#944 = PCURVE('',#120,#945);
#945 = DEFINITIONAL_REPRESENTATION('',(#946),#956);
#946 = B_SPLINE_CURVE_WITH_KNOTS('',8,(#947,#948,#949,#950,#951,#952,
    #953,#954,#955),.UNSPECIFIED.,.F.,.F.,(9,9),(1.570796326795,
    3.14159265359),.PIECEWISE_BEZIER_KNOTS.);
#947 = CARTESIAN_POINT('',(-22.,-2.));
#948 = CARTESIAN_POINT('',(-23.57079632679,-2.));
#949 = CARTESIAN_POINT('',(-25.14159314803,-1.64751368831));
#950 = CARTESIAN_POINT('',(-26.62010587468,-0.942544526971));
#951 = CARTESIAN_POINT('',(-27.91407004623,8.592995376085E-02));
#952 = CARTESIAN_POINT('',(-28.94254452697,1.379894125319));
#953 = CARTESIAN_POINT('',(-29.64751368831,2.858406851966));
#954 = CARTESIAN_POINT('',(-30.,4.429203673205));
#955 = CARTESIAN_POINT('',(-30.,6.));
#956 = ( GEOMETRIC_REPRESENTATION_CONTEXT(2) 
PARAMETRIC_REPRESENTATION_CONTEXT() REPRESENTATION_CONTEXT('2D SPACE',''
  ) );
#957 = PCURVE('',#566,#958);
#958 = DEFINITIONAL_REPRESENTATION('',(#959),#972);
#959 = B_SPLINE_CURVE_WITH_KNOTS('',6,(#960,#961,#962,#963,#964,#965,
    #966,#967,#968,#969,#970,#971),.UNSPECIFIED.,.F.,.F.,(7,5,7),(
    1.570796326795,2.356194490192,3.14159265359),.UNSPECIFIED.);
#960 = CARTESIAN_POINT('',(1.570796326795,-60.));
#961 = CARTESIAN_POINT('',(1.716188979373,-60.00000000001));
#962 = CARTESIAN_POINT('',(1.852124737779,-59.99999999995));
#963 = CARTESIAN_POINT('',(1.981984129093,-60.00000000001));
#964 = CARTESIAN_POINT('',(2.107991232824,-59.99999999994));
#965 = CARTESIAN_POINT('',(2.232094107826,-60.00000000001));
#966 = CARTESIAN_POINT('',(2.480294872558,-60.));
#967 = CARTESIAN_POINT('',(2.604397747568,-60.00000000002));
#968 = CARTESIAN_POINT('',(2.730404851285,-59.99999999996));
#969 = CARTESIAN_POINT('',(2.860264242613,-60.00000000002));
#970 = CARTESIAN_POINT('',(2.996200001011,-60.));
#971 = CARTESIAN_POINT('',(3.14159265359,-60.));
#972 = ( GEOMETRIC_REPRESENTATION_CONTEXT(2) 
PARAMETRIC_REPRESENTATION_CONTEXT() REPRESENTATION_CONTEXT('2D SPACE',''
  ) );
#973 = ORIENTED_EDGE('',*,*,#974,.F.);
#974 = EDGE_CURVE('',#694,#931,#975,.T.);
#975 = SURFACE_CURVE('',#976,(#979,#985),.PCURVE_S1.);
#976 = B_SPLINE_CURVE_WITH_KNOTS('',1,(#977,#978),.UNSPECIFIED.,.F.,.F.,
  (2,2),(0.,44.),.PIECEWISE_BEZIER_KNOTS.);
#977 = CARTESIAN_POINT('',(-2.,60.,50.));
#978 = CARTESIAN_POINT('',(-2.,60.,6.));
#979 = PCURVE('',#120,#980);
#980 = DEFINITIONAL_REPRESENTATION('',(#981),#984);
#981 = B_SPLINE_CURVE_WITH_KNOTS('',1,(#982,#983),.UNSPECIFIED.,.F.,.F.,
  (2,2),(0.,44.),.PIECEWISE_BEZIER_KNOTS.);
#982 = CARTESIAN_POINT('',(22.,-2.));
#983 = CARTESIAN_POINT('',(-22.,-2.));
#984 = ( GEOMETRIC_REPRESENTATION_CONTEXT(2) 
PARAMETRIC_REPRESENTATION_CONTEXT() REPRESENTATION_CONTEXT('2D SPACE',''
  ) );
#985 = PCURVE('',#603,#986);
#986 = DEFINITIONAL_REPRESENTATION('',(#987),#990);
#987 = B_SPLINE_CURVE_WITH_KNOTS('',1,(#988,#989),.UNSPECIFIED.,.F.,.F.,
  (2,2),(0.,44.),.PIECEWISE_BEZIER_KNOTS.);
#988 = CARTESIAN_POINT('',(0.,-60.));
#989 = CARTESIAN_POINT('',(44.,-60.));
#990 = ( GEOMETRIC_REPRESENTATION_CONTEXT(2) 
PARAMETRIC_REPRESENTATION_CONTEXT() REPRESENTATION_CONTEXT('2D SPACE',''
  ) );
#991 = ORIENTED_EDGE('',*,*,#693,.F.);
#992 = ADVANCED_FACE('',(#993),#145,.F.);
#993 = FACE_BOUND('',#994,.F.);
#994 = EDGE_LOOP('',(#995,#1016,#1037,#1038));
#995 = ORIENTED_EDGE('',*,*,#996,.F.);
#996 = EDGE_CURVE('',#997,#827,#999,.T.);
#997 = VERTEX_POINT('',#998);
#998 = CARTESIAN_POINT('',(6.,34.,2.));
#999 = SURFACE_CURVE('',#1000,(#1003,#1010),.PCURVE_S1.);
#1000 = B_SPLINE_CURVE_WITH_KNOTS('',1,(#1001,#1002),.UNSPECIFIED.,.F.,
  .F.,(2,2),(0.,60.),.PIECEWISE_BEZIER_KNOTS.);
#1001 = CARTESIAN_POINT('',(6.,0.,2.));
#1002 = CARTESIAN_POINT('',(6.,60.,2.));
#1003 = PCURVE('',#145,#1004);
#1004 = DEFINITIONAL_REPRESENTATION('',(#1005),#1009);
#1005 = B_SPLINE_CURVE_WITH_KNOTS('',2,(#1006,#1007,#1008),
  .UNSPECIFIED.,.F.,.F.,(3,3),(34.,60.),.PIECEWISE_BEZIER_KNOTS.);
#1006 = CARTESIAN_POINT('',(3.14159265359,-34.));
#1007 = CARTESIAN_POINT('',(3.14159265359,-47.));
#1008 = CARTESIAN_POINT('',(3.14159265359,-60.));
#1009 = ( GEOMETRIC_REPRESENTATION_CONTEXT(2) 
PARAMETRIC_REPRESENTATION_CONTEXT() REPRESENTATION_CONTEXT('2D SPACE',''
  ) );
#1010 = PCURVE('',#261,#1011);
#1011 = DEFINITIONAL_REPRESENTATION('',(#1012),#1015);
#1012 = B_SPLINE_CURVE_WITH_KNOTS('',1,(#1013,#1014),.UNSPECIFIED.,.F.,
  .F.,(2,2),(0.,60.),.PIECEWISE_BEZIER_KNOTS.);
#1013 = CARTESIAN_POINT('',(0.,0.));
#1014 = CARTESIAN_POINT('',(0.,-60.));
#1015 = ( GEOMETRIC_REPRESENTATION_CONTEXT(2) 
PARAMETRIC_REPRESENTATION_CONTEXT() REPRESENTATION_CONTEXT('2D SPACE',''
  ) );
#1016 = ORIENTED_EDGE('',*,*,#1017,.F.);
#1017 = EDGE_CURVE('',#132,#997,#1018,.T.);
#1018 = SURFACE_CURVE('',#1019,(#1023,#1030),.PCURVE_S1.);
#1019 = ( BOUNDED_CURVE() B_SPLINE_CURVE(2,(#1020,#1021,#1022),
.UNSPECIFIED.,.F.,.F.) B_SPLINE_CURVE_WITH_KNOTS((3,3),(0.,
1.570796326795),.PIECEWISE_BEZIER_KNOTS.) CURVE() 
GEOMETRIC_REPRESENTATION_ITEM() RATIONAL_B_SPLINE_CURVE((1.,
0.707106781187,1.)) REPRESENTATION_ITEM('') );
#1020 = CARTESIAN_POINT('',(2.,34.,6.));
#1021 = CARTESIAN_POINT('',(2.,34.,2.));
#1022 = CARTESIAN_POINT('',(6.,34.,2.));
#1023 = PCURVE('',#145,#1024);
#1024 = DEFINITIONAL_REPRESENTATION('',(#1025),#1029);
#1025 = B_SPLINE_CURVE_WITH_KNOTS('',2,(#1026,#1027,#1028),
  .UNSPECIFIED.,.F.,.F.,(3,3),(0.,1.570796326795),
  .PIECEWISE_BEZIER_KNOTS.);
#1026 = CARTESIAN_POINT('',(1.570796326795,-34.));
#1027 = CARTESIAN_POINT('',(2.356194490192,-34.));
#1028 = CARTESIAN_POINT('',(3.14159265359,-34.));
#1029 = ( GEOMETRIC_REPRESENTATION_CONTEXT(2) 
PARAMETRIC_REPRESENTATION_CONTEXT() REPRESENTATION_CONTEXT('2D SPACE',''
  ) );
#1030 = PCURVE('',#804,#1031);
#1031 = DEFINITIONAL_REPRESENTATION('',(#1032),#1036);
#1032 = B_SPLINE_CURVE_WITH_KNOTS('',2,(#1033,#1034,#1035),
  .UNSPECIFIED.,.F.,.F.,(3,3),(0.,1.570796326795),
  .PIECEWISE_BEZIER_KNOTS.);
#1033 = CARTESIAN_POINT('',(0.,0.));
#1034 = CARTESIAN_POINT('',(0.785398163397,-6.378593651493E-15));
#1035 = CARTESIAN_POINT('',(1.570796326795,3.946072746926E-15));
#1036 = ( GEOMETRIC_REPRESENTATION_CONTEXT(2) 
PARAMETRIC_REPRESENTATION_CONTEXT() REPRESENTATION_CONTEXT('2D SPACE',''
  ) );
#1037 = ORIENTED_EDGE('',*,*,#131,.T.);
#1038 = ORIENTED_EDGE('',*,*,#826,.T.);
#1039 = ADVANCED_FACE('',(#1040),#261,.F.);
#1040 = FACE_BOUND('',#1041,.F.);
#1041 = EDGE_LOOP('',(#1042,#1043,#1044,#1062,#1063,#1064,#1092,#1120));
#1042 = ORIENTED_EDGE('',*,*,#996,.T.);
#1043 = ORIENTED_EDGE('',*,*,#870,.T.);
#1044 = ORIENTED_EDGE('',*,*,#1045,.F.);
#1045 = EDGE_CURVE('',#469,#871,#1046,.T.);
#1046 = SURFACE_CURVE('',#1047,(#1050,#1056),.PCURVE_S1.);
#1047 = B_SPLINE_CURVE_WITH_KNOTS('',1,(#1048,#1049),.UNSPECIFIED.,.F.,
  .F.,(2,2),(0.,60.),.PIECEWISE_BEZIER_KNOTS.);
#1048 = CARTESIAN_POINT('',(50.,0.,2.));
#1049 = CARTESIAN_POINT('',(50.,60.,2.));
#1050 = PCURVE('',#261,#1051);
#1051 = DEFINITIONAL_REPRESENTATION('',(#1052),#1055);
#1052 = B_SPLINE_CURVE_WITH_KNOTS('',1,(#1053,#1054),.UNSPECIFIED.,.F.,
  .F.,(2,2),(0.,60.),.PIECEWISE_BEZIER_KNOTS.);
#1053 = CARTESIAN_POINT('',(44.,0.));
#1054 = CARTESIAN_POINT('',(44.,-60.));
#1055 = ( GEOMETRIC_REPRESENTATION_CONTEXT(2) 
PARAMETRIC_REPRESENTATION_CONTEXT() REPRESENTATION_CONTEXT('2D SPACE',''
  ) );
#1056 = PCURVE('',#502,#1057);
#1057 = DEFINITIONAL_REPRESENTATION('',(#1058),#1061);
#1058 = B_SPLINE_CURVE_WITH_KNOTS('',1,(#1059,#1060),.UNSPECIFIED.,.F.,
  .F.,(2,2),(0.,60.),.PIECEWISE_BEZIER_KNOTS.);
#1059 = CARTESIAN_POINT('',(2.,30.));
#1060 = CARTESIAN_POINT('',(2.,-30.));
#1061 = ( GEOMETRIC_REPRESENTATION_CONTEXT(2) 
PARAMETRIC_REPRESENTATION_CONTEXT() REPRESENTATION_CONTEXT('2D SPACE',''
  ) );
#1062 = ORIENTED_EDGE('',*,*,#468,.F.);
#1063 = ORIENTED_EDGE('',*,*,#244,.T.);
#1064 = ORIENTED_EDGE('',*,*,#1065,.T.);
#1065 = EDGE_CURVE('',#247,#1066,#1068,.T.);
#1066 = VERTEX_POINT('',#1067);
#1067 = CARTESIAN_POINT('',(33.828427124746,26.,2.));
#1068 = SURFACE_CURVE('',#1069,(#1072,#1078),.PCURVE_S1.);
#1069 = B_SPLINE_CURVE_WITH_KNOTS('',1,(#1070,#1071),.UNSPECIFIED.,.F.,
  .F.,(2,2),(0.,27.828427124746),.PIECEWISE_BEZIER_KNOTS.);
#1070 = CARTESIAN_POINT('',(6.,26.,2.));
#1071 = CARTESIAN_POINT('',(33.828427124746,26.,2.));
#1072 = PCURVE('',#261,#1073);
#1073 = DEFINITIONAL_REPRESENTATION('',(#1074),#1077);
#1074 = B_SPLINE_CURVE_WITH_KNOTS('',1,(#1075,#1076),.UNSPECIFIED.,.F.,
  .F.,(2,2),(0.,27.828427124746),.PIECEWISE_BEZIER_KNOTS.);
#1075 = CARTESIAN_POINT('',(0.,-26.));
#1076 = CARTESIAN_POINT('',(27.828427124746,-26.));
#1077 = ( GEOMETRIC_REPRESENTATION_CONTEXT(2) 
PARAMETRIC_REPRESENTATION_CONTEXT() REPRESENTATION_CONTEXT('2D SPACE',''
  ) );
#1078 = PCURVE('',#1079,#1086);
#1079 = ( BOUNDED_SURFACE() B_SPLINE_SURFACE(2,1,(
    (#1080,#1081)
    ,(#1082,#1083)
    ,(#1084,#1085
)),.UNSPECIFIED.,.F.,.F.,.F.) B_SPLINE_SURFACE_WITH_KNOTS((3,3),(2,2),(
    0.,1.570796326795),(0.,27.828427124746),.PIECEWISE_BEZIER_KNOTS.) 
GEOMETRIC_REPRESENTATION_ITEM() RATIONAL_B_SPLINE_SURFACE((
    (1.,1.)
    ,(0.707106781187,0.707106781187)
,(1.,1.))) REPRESENTATION_ITEM('') SURFACE() );
#1080 = CARTESIAN_POINT('',(6.,26.,2.));
#1081 = CARTESIAN_POINT('',(33.828427124746,26.,2.));
#1082 = CARTESIAN_POINT('',(6.,28.,2.));
#1083 = CARTESIAN_POINT('',(33.828427124746,28.,2.));
#1084 = CARTESIAN_POINT('',(6.,28.,4.));
#1085 = CARTESIAN_POINT('',(33.828427124746,28.,4.));
#1086 = DEFINITIONAL_REPRESENTATION('',(#1087),#1091);
#1087 = B_SPLINE_CURVE_WITH_KNOTS('',2,(#1088,#1089,#1090),
  .UNSPECIFIED.,.F.,.F.,(3,3),(8.881784197001E-16,27.828427124746),
  .PIECEWISE_BEZIER_KNOTS.);
#1088 = CARTESIAN_POINT('',(9.918821187724E-47,-8.881784197001E-16));
#1089 = CARTESIAN_POINT('',(-1.317365945539E-45,13.914213562373));
#1090 = CARTESIAN_POINT('',(1.80718208125E-45,27.828427124746));
#1091 = ( GEOMETRIC_REPRESENTATION_CONTEXT(2) 
PARAMETRIC_REPRESENTATION_CONTEXT() REPRESENTATION_CONTEXT('2D SPACE',''
  ) );
#1092 = ORIENTED_EDGE('',*,*,#1093,.F.);
#1093 = EDGE_CURVE('',#1094,#1066,#1096,.T.);
#1094 = VERTEX_POINT('',#1095);
#1095 = CARTESIAN_POINT('',(33.828427124746,34.,2.));
#1096 = SURFACE_CURVE('',#1097,(#1100,#1106),.PCURVE_S1.);
#1097 = B_SPLINE_CURVE_WITH_KNOTS('',1,(#1098,#1099),.UNSPECIFIED.,.F.,
  .F.,(2,2),(-2.,6.),.PIECEWISE_BEZIER_KNOTS.);
#1098 = CARTESIAN_POINT('',(33.828427124746,34.,2.));
#1099 = CARTESIAN_POINT('',(33.828427124746,26.,2.));
#1100 = PCURVE('',#261,#1101);
#1101 = DEFINITIONAL_REPRESENTATION('',(#1102),#1105);
#1102 = B_SPLINE_CURVE_WITH_KNOTS('',1,(#1103,#1104),.UNSPECIFIED.,.F.,
  .F.,(2,2),(-2.,6.),.PIECEWISE_BEZIER_KNOTS.);
#1103 = CARTESIAN_POINT('',(27.828427124746,-34.));
#1104 = CARTESIAN_POINT('',(27.828427124746,-26.));
#1105 = ( GEOMETRIC_REPRESENTATION_CONTEXT(2) 
PARAMETRIC_REPRESENTATION_CONTEXT() REPRESENTATION_CONTEXT('2D SPACE',''
  ) );
#1106 = PCURVE('',#1107,#1114);
#1107 = ( BOUNDED_SURFACE() B_SPLINE_SURFACE(2,1,(
    (#1108,#1109)
    ,(#1110,#1111)
    ,(#1112,#1113
)),.UNSPECIFIED.,.F.,.F.,.F.) B_SPLINE_SURFACE_WITH_KNOTS((3,3),(2,2),(
    0.,0.785398163397),(-2.,6.),.PIECEWISE_BEZIER_KNOTS.) 
GEOMETRIC_REPRESENTATION_ITEM() RATIONAL_B_SPLINE_SURFACE((
    (1.,1.)
    ,(0.923879532511,0.923879532511)
,(1.,1.))) REPRESENTATION_ITEM('') SURFACE() );
#1108 = CARTESIAN_POINT('',(32.414213562373,34.,2.585786437627));
#1109 = CARTESIAN_POINT('',(32.414213562373,26.,2.585786437627));
#1110 = CARTESIAN_POINT('',(33.,34.,2.));
#1111 = CARTESIAN_POINT('',(33.,26.,2.));
#1112 = CARTESIAN_POINT('',(33.828427124746,34.,2.));
#1113 = CARTESIAN_POINT('',(33.828427124746,26.,2.));
#1114 = DEFINITIONAL_REPRESENTATION('',(#1115),#1119);
#1115 = B_SPLINE_CURVE_WITH_KNOTS('',2,(#1116,#1117,#1118),
  .UNSPECIFIED.,.F.,.F.,(3,3),(-2.,6.),.PIECEWISE_BEZIER_KNOTS.);
#1116 = CARTESIAN_POINT('',(0.785398163397,-2.));
#1117 = CARTESIAN_POINT('',(0.785398163397,2.));
#1118 = CARTESIAN_POINT('',(0.785398163397,6.));
#1119 = ( GEOMETRIC_REPRESENTATION_CONTEXT(2) 
PARAMETRIC_REPRESENTATION_CONTEXT() REPRESENTATION_CONTEXT('2D SPACE',''
  ) );
#1120 = ORIENTED_EDGE('',*,*,#1121,.F.);
#1121 = EDGE_CURVE('',#997,#1094,#1122,.T.);
#1122 = SURFACE_CURVE('',#1123,(#1126,#1132),.PCURVE_S1.);
#1123 = B_SPLINE_CURVE_WITH_KNOTS('',1,(#1124,#1125),.UNSPECIFIED.,.F.,
  .F.,(2,2),(0.,27.828427124746),.PIECEWISE_BEZIER_KNOTS.);
#1124 = CARTESIAN_POINT('',(6.,34.,2.));
#1125 = CARTESIAN_POINT('',(33.828427124746,34.,2.));
#1126 = PCURVE('',#261,#1127);
#1127 = DEFINITIONAL_REPRESENTATION('',(#1128),#1131);
#1128 = B_SPLINE_CURVE_WITH_KNOTS('',1,(#1129,#1130),.UNSPECIFIED.,.F.,
  .F.,(2,2),(0.,27.828427124746),.PIECEWISE_BEZIER_KNOTS.);
#1129 = CARTESIAN_POINT('',(0.,-34.));
#1130 = CARTESIAN_POINT('',(27.828427124746,-34.));
#1131 = ( GEOMETRIC_REPRESENTATION_CONTEXT(2) 
PARAMETRIC_REPRESENTATION_CONTEXT() REPRESENTATION_CONTEXT('2D SPACE',''
  ) );
#1132 = PCURVE('',#1133,#1140);
#1133 = ( BOUNDED_SURFACE() B_SPLINE_SURFACE(2,1,(
    (#1134,#1135)
    ,(#1136,#1137)
    ,(#1138,#1139
)),.UNSPECIFIED.,.F.,.F.,.F.) B_SPLINE_SURFACE_WITH_KNOTS((3,3),(2,2),(
    0.,1.570796326795),(0.,27.828427124746),.PIECEWISE_BEZIER_KNOTS.) 
GEOMETRIC_REPRESENTATION_ITEM() RATIONAL_B_SPLINE_SURFACE((
    (1.,1.)
    ,(0.707106781187,0.707106781187)
,(1.,1.))) REPRESENTATION_ITEM('') SURFACE() );
#1134 = CARTESIAN_POINT('',(6.,34.,2.));
#1135 = CARTESIAN_POINT('',(33.828427124746,34.,2.));
#1136 = CARTESIAN_POINT('',(6.,32.,2.));
#1137 = CARTESIAN_POINT('',(33.828427124746,32.,2.));
#1138 = CARTESIAN_POINT('',(6.,32.,4.));
#1139 = CARTESIAN_POINT('',(33.828427124746,32.,4.));
#1140 = DEFINITIONAL_REPRESENTATION('',(#1141),#1145);
#1141 = B_SPLINE_CURVE_WITH_KNOTS('',2,(#1142,#1143,#1144),
  .UNSPECIFIED.,.F.,.F.,(3,3),(8.881784197001E-16,27.828427124746),
  .PIECEWISE_BEZIER_KNOTS.);
#1142 = CARTESIAN_POINT('',(9.918821187724E-47,-8.881784197001E-16));
#1143 = CARTESIAN_POINT('',(-1.317365945539E-45,13.914213562373));
#1144 = CARTESIAN_POINT('',(1.80718208125E-45,27.828427124746));
#1145 = ( GEOMETRIC_REPRESENTATION_CONTEXT(2) 
PARAMETRIC_REPRESENTATION_CONTEXT() REPRESENTATION_CONTEXT('2D SPACE',''
  ) );
#1146 = ADVANCED_FACE('',(#1147),#329,.T.);
#1147 = FACE_BOUND('',#1148,.T.);
#1148 = EDGE_LOOP('',(#1149,#1150,#1151,#1174));
#1149 = ORIENTED_EDGE('',*,*,#441,.F.);
#1150 = ORIENTED_EDGE('',*,*,#315,.T.);
#1151 = ORIENTED_EDGE('',*,*,#1152,.T.);
#1152 = EDGE_CURVE('',#247,#1153,#1155,.T.);
#1153 = VERTEX_POINT('',#1154);
#1154 = CARTESIAN_POINT('',(6.,28.,4.));
#1155 = SURFACE_CURVE('',#1156,(#1160,#1167),.PCURVE_S1.);
#1156 = ( BOUNDED_CURVE() B_SPLINE_CURVE(2,(#1157,#1158,#1159),
.UNSPECIFIED.,.F.,.F.) B_SPLINE_CURVE_WITH_KNOTS((3,3),(0.,
1.570796326795),.PIECEWISE_BEZIER_KNOTS.) CURVE() 
GEOMETRIC_REPRESENTATION_ITEM() RATIONAL_B_SPLINE_CURVE((1.,
0.707106781187,1.)) REPRESENTATION_ITEM('') );
#1157 = CARTESIAN_POINT('',(6.,26.,2.));
#1158 = CARTESIAN_POINT('',(6.,28.,2.));
#1159 = CARTESIAN_POINT('',(6.,28.,4.));
#1160 = PCURVE('',#329,#1161);
#1161 = DEFINITIONAL_REPRESENTATION('',(#1162),#1166);
#1162 = B_SPLINE_CURVE_WITH_KNOTS('',2,(#1163,#1164,#1165),
  .UNSPECIFIED.,.F.,.F.,(3,3),(0.,1.570796326795),
  .PIECEWISE_BEZIER_KNOTS.);
#1163 = CARTESIAN_POINT('',(1.570796326795,-1.973036373463E-15));
#1164 = CARTESIAN_POINT('',(1.570796326795,0.785398163397));
#1165 = CARTESIAN_POINT('',(1.570796326795,1.570796326795));
#1166 = ( GEOMETRIC_REPRESENTATION_CONTEXT(2) 
PARAMETRIC_REPRESENTATION_CONTEXT() REPRESENTATION_CONTEXT('2D SPACE',''
  ) );
#1167 = PCURVE('',#1079,#1168);
#1168 = DEFINITIONAL_REPRESENTATION('',(#1169),#1173);
#1169 = B_SPLINE_CURVE_WITH_KNOTS('',2,(#1170,#1171,#1172),
  .UNSPECIFIED.,.F.,.F.,(3,3),(0.,1.570796326795),
  .PIECEWISE_BEZIER_KNOTS.);
#1170 = CARTESIAN_POINT('',(0.,0.));
#1171 = CARTESIAN_POINT('',(0.785398163397,3.980045323185E-16));
#1172 = CARTESIAN_POINT('',(1.570796326795,0.));
#1173 = ( GEOMETRIC_REPRESENTATION_CONTEXT(2) 
PARAMETRIC_REPRESENTATION_CONTEXT() REPRESENTATION_CONTEXT('2D SPACE',''
  ) );
#1174 = ORIENTED_EDGE('',*,*,#1175,.F.);
#1175 = EDGE_CURVE('',#416,#1153,#1176,.T.);
#1176 = SURFACE_CURVE('',#1177,(#1181,#1188),.PCURVE_S1.);
#1177 = ( BOUNDED_CURVE() B_SPLINE_CURVE(2,(#1178,#1179,#1180),
.UNSPECIFIED.,.F.,.F.) B_SPLINE_CURVE_WITH_KNOTS((3,3),(0.,
1.570796326795),.PIECEWISE_BEZIER_KNOTS.) CURVE() 
GEOMETRIC_REPRESENTATION_ITEM() RATIONAL_B_SPLINE_CURVE((1.,
0.707106781187,1.)) REPRESENTATION_ITEM('') );
#1178 = CARTESIAN_POINT('',(4.,28.,6.));
#1179 = CARTESIAN_POINT('',(4.,28.,4.));
#1180 = CARTESIAN_POINT('',(6.,28.,4.));
#1181 = PCURVE('',#329,#1182);
#1182 = DEFINITIONAL_REPRESENTATION('',(#1183),#1187);
#1183 = B_SPLINE_CURVE_WITH_KNOTS('',2,(#1184,#1185,#1186),
  .UNSPECIFIED.,.F.,.F.,(3,3),(0.,1.570796326795),
  .PIECEWISE_BEZIER_KNOTS.);
#1184 = CARTESIAN_POINT('',(0.,1.570796326795));
#1185 = CARTESIAN_POINT('',(0.785398163397,1.570796326795));
#1186 = CARTESIAN_POINT('',(1.570796326795,1.570796326795));
#1187 = ( GEOMETRIC_REPRESENTATION_CONTEXT(2) 
PARAMETRIC_REPRESENTATION_CONTEXT() REPRESENTATION_CONTEXT('2D SPACE',''
  ) );
#1188 = PCURVE('',#430,#1189);
#1189 = DEFINITIONAL_REPRESENTATION('',(#1190),#1194);
#1190 = ( BOUNDED_CURVE() B_SPLINE_CURVE(2,(#1191,#1192,#1193),
.UNSPECIFIED.,.F.,.F.) B_SPLINE_CURVE_WITH_KNOTS((3,3),(0.,
1.570796326795),.PIECEWISE_BEZIER_KNOTS.) CURVE() 
GEOMETRIC_REPRESENTATION_ITEM() RATIONAL_B_SPLINE_CURVE((1.,
0.707106781187,1.)) REPRESENTATION_ITEM('') );
#1191 = CARTESIAN_POINT('',(-6.813643179354,-8.813643179354));
#1192 = CARTESIAN_POINT('',(-8.813643179354,-8.813643179354));
#1193 = CARTESIAN_POINT('',(-8.813643179354,-6.813643179354));
#1194 = ( GEOMETRIC_REPRESENTATION_CONTEXT(2) 
PARAMETRIC_REPRESENTATION_CONTEXT() REPRESENTATION_CONTEXT('2D SPACE',''
  ) );
#1195 = ADVANCED_FACE('',(#1196),#403,.T.);
#1196 = FACE_BOUND('',#1197,.T.);
#1197 = EDGE_LOOP('',(#1198,#1218,#1219,#1220,#1221,#1241,#1269,#1290));
#1198 = ORIENTED_EDGE('',*,*,#1199,.F.);
#1199 = EDGE_CURVE('',#737,#1200,#1202,.T.);
#1200 = VERTEX_POINT('',#1201);
#1201 = CARTESIAN_POINT('',(31.,32.,4.));
#1202 = SURFACE_CURVE('',#1203,(#1206,#1212),.PCURVE_S1.);
#1203 = B_SPLINE_CURVE_WITH_KNOTS('',1,(#1204,#1205),.UNSPECIFIED.,.F.,
  .F.,(2,2),(5.656854249492,43.840620433566),.PIECEWISE_BEZIER_KNOTS.);
#1204 = CARTESIAN_POINT('',(4.,32.,31.));
#1205 = CARTESIAN_POINT('',(31.,32.,4.));
#1206 = PCURVE('',#403,#1207);
#1207 = DEFINITIONAL_REPRESENTATION('',(#1208),#1211);
#1208 = B_SPLINE_CURVE_WITH_KNOTS('',1,(#1209,#1210),.UNSPECIFIED.,.F.,
  .F.,(2,2),(5.656854249492,43.840620433566),.PIECEWISE_BEZIER_KNOTS.);
#1209 = CARTESIAN_POINT('',(-19.09188309203,2.));
#1210 = CARTESIAN_POINT('',(19.091883092037,2.));
#1211 = ( GEOMETRIC_REPRESENTATION_CONTEXT(2) 
PARAMETRIC_REPRESENTATION_CONTEXT() REPRESENTATION_CONTEXT('2D SPACE',''
  ) );
#1212 = PCURVE('',#779,#1213);
#1213 = DEFINITIONAL_REPRESENTATION('',(#1214),#1217);
#1214 = B_SPLINE_CURVE_WITH_KNOTS('',1,(#1215,#1216),.UNSPECIFIED.,.F.,
  .F.,(2,2),(5.656854249492,43.840620433566),.PIECEWISE_BEZIER_KNOTS.);
#1215 = CARTESIAN_POINT('',(18.186356820646,-8.813643179354));
#1216 = CARTESIAN_POINT('',(-8.813643179354,18.186356820646));
#1217 = ( GEOMETRIC_REPRESENTATION_CONTEXT(2) 
PARAMETRIC_REPRESENTATION_CONTEXT() REPRESENTATION_CONTEXT('2D SPACE',''
  ) );
#1218 = ORIENTED_EDGE('',*,*,#736,.F.);
#1219 = ORIENTED_EDGE('',*,*,#636,.F.);
#1220 = ORIENTED_EDGE('',*,*,#382,.T.);
#1221 = ORIENTED_EDGE('',*,*,#1222,.T.);
#1222 = EDGE_CURVE('',#383,#1223,#1225,.T.);
#1223 = VERTEX_POINT('',#1224);
#1224 = CARTESIAN_POINT('',(31.,28.,4.));
#1225 = SURFACE_CURVE('',#1226,(#1229,#1235),.PCURVE_S1.);
#1226 = B_SPLINE_CURVE_WITH_KNOTS('',1,(#1227,#1228),.UNSPECIFIED.,.F.,
  .F.,(2,2),(5.656854249492,43.840620433566),.PIECEWISE_BEZIER_KNOTS.);
#1227 = CARTESIAN_POINT('',(4.,28.,31.));
#1228 = CARTESIAN_POINT('',(31.,28.,4.));
#1229 = PCURVE('',#403,#1230);
#1230 = DEFINITIONAL_REPRESENTATION('',(#1231),#1234);
#1231 = B_SPLINE_CURVE_WITH_KNOTS('',1,(#1232,#1233),.UNSPECIFIED.,.F.,
  .F.,(2,2),(5.656854249492,43.840620433566),.PIECEWISE_BEZIER_KNOTS.);
#1232 = CARTESIAN_POINT('',(-19.09188309203,-2.));
#1233 = CARTESIAN_POINT('',(19.091883092037,-2.));
#1234 = ( GEOMETRIC_REPRESENTATION_CONTEXT(2) 
PARAMETRIC_REPRESENTATION_CONTEXT() REPRESENTATION_CONTEXT('2D SPACE',''
  ) );
#1235 = PCURVE('',#430,#1236);
#1236 = DEFINITIONAL_REPRESENTATION('',(#1237),#1240);
#1237 = B_SPLINE_CURVE_WITH_KNOTS('',1,(#1238,#1239),.UNSPECIFIED.,.F.,
  .F.,(2,2),(5.656854249492,43.840620433566),.PIECEWISE_BEZIER_KNOTS.);
#1238 = CARTESIAN_POINT('',(18.186356820646,-8.813643179354));
#1239 = CARTESIAN_POINT('',(-8.813643179354,18.186356820646));
#1240 = ( GEOMETRIC_REPRESENTATION_CONTEXT(2) 
PARAMETRIC_REPRESENTATION_CONTEXT() REPRESENTATION_CONTEXT('2D SPACE',''
  ) );
#1241 = ORIENTED_EDGE('',*,*,#1242,.F.);
#1242 = EDGE_CURVE('',#1243,#1223,#1245,.T.);
#1243 = VERTEX_POINT('',#1244);
#1244 = CARTESIAN_POINT('',(32.414213562373,27.414213562373,
    2.585786437627));
#1245 = SURFACE_CURVE('',#1246,(#1250,#1257),.PCURVE_S1.);
#1246 = ( BOUNDED_CURVE() B_SPLINE_CURVE(2,(#1247,#1248,#1249),
.UNSPECIFIED.,.F.,.F.) B_SPLINE_CURVE_WITH_KNOTS((3,3),(0.785398163397,
1.570796326795),.PIECEWISE_BEZIER_KNOTS.) CURVE() 
GEOMETRIC_REPRESENTATION_ITEM() RATIONAL_B_SPLINE_CURVE((1.,
0.923879532511,1.)) REPRESENTATION_ITEM('') );
#1247 = CARTESIAN_POINT('',(32.414213562373,27.414213562373,
    2.585786437627));
#1248 = CARTESIAN_POINT('',(31.828427124746,28.,3.171572875254));
#1249 = CARTESIAN_POINT('',(31.,28.,4.));
#1250 = PCURVE('',#403,#1251);
#1251 = DEFINITIONAL_REPRESENTATION('',(#1252),#1256);
#1252 = ( BOUNDED_CURVE() B_SPLINE_CURVE(2,(#1253,#1254,#1255),
.UNSPECIFIED.,.F.,.F.) B_SPLINE_CURVE_WITH_KNOTS((3,3),(0.785398163397,
1.570796326795),.PIECEWISE_BEZIER_KNOTS.) CURVE() 
GEOMETRIC_REPRESENTATION_ITEM() RATIONAL_B_SPLINE_CURVE((1.,
0.923879532511,1.)) REPRESENTATION_ITEM('') );
#1253 = CARTESIAN_POINT('',(21.091883092037,-2.585786437627));
#1254 = CARTESIAN_POINT('',(20.263455967291,-2.));
#1255 = CARTESIAN_POINT('',(19.091883092037,-2.));
#1256 = ( GEOMETRIC_REPRESENTATION_CONTEXT(2) 
PARAMETRIC_REPRESENTATION_CONTEXT() REPRESENTATION_CONTEXT('2D SPACE',''
  ) );
#1257 = PCURVE('',#1079,#1258);
#1258 = DEFINITIONAL_REPRESENTATION('',(#1259),#1268);
#1259 = B_SPLINE_CURVE_WITH_KNOTS('',7,(#1260,#1261,#1262,#1263,#1264,
    #1265,#1266,#1267),.UNSPECIFIED.,.F.,.F.,(8,8),(0.785398163397,
    1.570796326795),.PIECEWISE_BEZIER_KNOTS.);
#1260 = CARTESIAN_POINT('',(0.785398163397,26.414213562373));
#1261 = CARTESIAN_POINT('',(0.889057204549,26.259586476919));
#1262 = CARTESIAN_POINT('',(0.99534643723,26.081307865984));
#1263 = CARTESIAN_POINT('',(1.104385988458,25.881946570711));
#1264 = CARTESIAN_POINT('',(1.216305128572,25.666525961202));
#1265 = CARTESIAN_POINT('',(1.331243434414,25.44289980081));
#1266 = CARTESIAN_POINT('',(1.449352205923,25.218676455432));
#1267 = CARTESIAN_POINT('',(1.570796326795,25.));
#1268 = ( GEOMETRIC_REPRESENTATION_CONTEXT(2) 
PARAMETRIC_REPRESENTATION_CONTEXT() REPRESENTATION_CONTEXT('2D SPACE',''
  ) );
#1269 = ORIENTED_EDGE('',*,*,#1270,.F.);
#1270 = EDGE_CURVE('',#1271,#1243,#1273,.T.);
#1271 = VERTEX_POINT('',#1272);
#1272 = CARTESIAN_POINT('',(32.414213562373,32.585786437627,
    2.585786437627));
#1273 = SURFACE_CURVE('',#1274,(#1277,#1283),.PCURVE_S1.);
#1274 = B_SPLINE_CURVE_WITH_KNOTS('',1,(#1275,#1276),.UNSPECIFIED.,.F.,
  .F.,(2,2),(-0.585786437627,4.585786437627),.PIECEWISE_BEZIER_KNOTS.);
#1275 = CARTESIAN_POINT('',(32.414213562373,32.585786437627,
    2.585786437627));
#1276 = CARTESIAN_POINT('',(32.414213562373,27.414213562373,
    2.585786437627));
#1277 = PCURVE('',#403,#1278);
#1278 = DEFINITIONAL_REPRESENTATION('',(#1279),#1282);
#1279 = B_SPLINE_CURVE_WITH_KNOTS('',1,(#1280,#1281),.UNSPECIFIED.,.F.,
  .F.,(2,2),(-0.585786437627,4.585786437627),.PIECEWISE_BEZIER_KNOTS.);
#1280 = CARTESIAN_POINT('',(21.091883092037,2.585786437627));
#1281 = CARTESIAN_POINT('',(21.091883092037,-2.585786437627));
#1282 = ( GEOMETRIC_REPRESENTATION_CONTEXT(2) 
PARAMETRIC_REPRESENTATION_CONTEXT() REPRESENTATION_CONTEXT('2D SPACE',''
  ) );
#1283 = PCURVE('',#1107,#1284);
#1284 = DEFINITIONAL_REPRESENTATION('',(#1285),#1289);
#1285 = B_SPLINE_CURVE_WITH_KNOTS('',2,(#1286,#1287,#1288),
  .UNSPECIFIED.,.F.,.F.,(3,3),(-0.585786437627,4.585786437627),
  .PIECEWISE_BEZIER_KNOTS.);
#1286 = CARTESIAN_POINT('',(0.,-0.585786437627));
#1287 = CARTESIAN_POINT('',(-1.045389083791E-45,2.));
#1288 = CARTESIAN_POINT('',(0.,4.585786437627));
#1289 = ( GEOMETRIC_REPRESENTATION_CONTEXT(2) 
PARAMETRIC_REPRESENTATION_CONTEXT() REPRESENTATION_CONTEXT('2D SPACE',''
  ) );
#1290 = ORIENTED_EDGE('',*,*,#1291,.T.);
#1291 = EDGE_CURVE('',#1271,#1200,#1292,.T.);
#1292 = SURFACE_CURVE('',#1293,(#1297,#1304),.PCURVE_S1.);
#1293 = ( BOUNDED_CURVE() B_SPLINE_CURVE(2,(#1294,#1295,#1296),
.UNSPECIFIED.,.F.,.F.) B_SPLINE_CURVE_WITH_KNOTS((3,3),(0.785398163397,
1.570796326795),.PIECEWISE_BEZIER_KNOTS.) CURVE() 
GEOMETRIC_REPRESENTATION_ITEM() RATIONAL_B_SPLINE_CURVE((1.,
0.923879532511,1.)) REPRESENTATION_ITEM('') );
#1294 = CARTESIAN_POINT('',(32.414213562373,32.585786437627,
    2.585786437627));
#1295 = CARTESIAN_POINT('',(31.828427124746,32.,3.171572875254));
#1296 = CARTESIAN_POINT('',(31.,32.,4.));
#1297 = PCURVE('',#403,#1298);
#1298 = DEFINITIONAL_REPRESENTATION('',(#1299),#1303);
#1299 = ( BOUNDED_CURVE() B_SPLINE_CURVE(2,(#1300,#1301,#1302),
.UNSPECIFIED.,.F.,.F.) B_SPLINE_CURVE_WITH_KNOTS((3,3),(0.785398163397,
1.570796326795),.PIECEWISE_BEZIER_KNOTS.) CURVE() 
GEOMETRIC_REPRESENTATION_ITEM() RATIONAL_B_SPLINE_CURVE((1.,
0.923879532511,1.)) REPRESENTATION_ITEM('') );
#1300 = CARTESIAN_POINT('',(21.091883092037,2.585786437627));
#1301 = CARTESIAN_POINT('',(20.263455967291,2.));
#1302 = CARTESIAN_POINT('',(19.091883092037,2.));
#1303 = ( GEOMETRIC_REPRESENTATION_CONTEXT(2) 
PARAMETRIC_REPRESENTATION_CONTEXT() REPRESENTATION_CONTEXT('2D SPACE',''
  ) );
#1304 = PCURVE('',#1133,#1305);
#1305 = DEFINITIONAL_REPRESENTATION('',(#1306),#1315);
#1306 = B_SPLINE_CURVE_WITH_KNOTS('',7,(#1307,#1308,#1309,#1310,#1311,
    #1312,#1313,#1314),.UNSPECIFIED.,.F.,.F.,(8,8),(0.785398163397,
    1.570796326795),.PIECEWISE_BEZIER_KNOTS.);
#1307 = CARTESIAN_POINT('',(0.785398163397,26.414213562373));
#1308 = CARTESIAN_POINT('',(0.889057204553,26.259586476978));
#1309 = CARTESIAN_POINT('',(0.995346437206,26.081307865751));
#1310 = CARTESIAN_POINT('',(1.104385988484,25.881946571177));
#1311 = CARTESIAN_POINT('',(1.216305128529,25.666525960736));
#1312 = CARTESIAN_POINT('',(1.331243434438,25.44289980116));
#1313 = CARTESIAN_POINT('',(1.449352205917,25.218676455374));
#1314 = CARTESIAN_POINT('',(1.570796326795,25.));
#1315 = ( GEOMETRIC_REPRESENTATION_CONTEXT(2) 
PARAMETRIC_REPRESENTATION_CONTEXT() REPRESENTATION_CONTEXT('2D SPACE',''
  ) );
#1316 = ADVANCED_FACE('',(#1317),#430,.F.);
#1317 = FACE_BOUND('',#1318,.F.);
#1318 = EDGE_LOOP('',(#1319,#1320,#1339,#1340));
#1319 = ORIENTED_EDGE('',*,*,#1222,.T.);
#1320 = ORIENTED_EDGE('',*,*,#1321,.F.);
#1321 = EDGE_CURVE('',#1153,#1223,#1322,.T.);
#1322 = SURFACE_CURVE('',#1323,(#1326,#1332),.PCURVE_S1.);
#1323 = B_SPLINE_CURVE_WITH_KNOTS('',1,(#1324,#1325),.UNSPECIFIED.,.F.,
  .F.,(2,2),(0.,25.),.PIECEWISE_BEZIER_KNOTS.);
#1324 = CARTESIAN_POINT('',(6.,28.,4.));
#1325 = CARTESIAN_POINT('',(31.,28.,4.));
#1326 = PCURVE('',#430,#1327);
#1327 = DEFINITIONAL_REPRESENTATION('',(#1328),#1331);
#1328 = B_SPLINE_CURVE_WITH_KNOTS('',1,(#1329,#1330),.UNSPECIFIED.,.F.,
  .F.,(2,2),(0.,25.),.PIECEWISE_BEZIER_KNOTS.);
#1329 = CARTESIAN_POINT('',(-8.813643179354,-6.813643179354));
#1330 = CARTESIAN_POINT('',(-8.813643179354,18.186356820646));
#1331 = ( GEOMETRIC_REPRESENTATION_CONTEXT(2) 
PARAMETRIC_REPRESENTATION_CONTEXT() REPRESENTATION_CONTEXT('2D SPACE',''
  ) );
#1332 = PCURVE('',#1079,#1333);
#1333 = DEFINITIONAL_REPRESENTATION('',(#1334),#1338);
#1334 = B_SPLINE_CURVE_WITH_KNOTS('',2,(#1335,#1336,#1337),
  .UNSPECIFIED.,.F.,.F.,(3,3),(8.881784197001E-16,25.),
  .PIECEWISE_BEZIER_KNOTS.);
#1335 = CARTESIAN_POINT('',(1.570796326795,1.676329423595E-30));
#1336 = CARTESIAN_POINT('',(1.570796326795,12.5));
#1337 = CARTESIAN_POINT('',(1.570796326795,25.));
#1338 = ( GEOMETRIC_REPRESENTATION_CONTEXT(2) 
PARAMETRIC_REPRESENTATION_CONTEXT() REPRESENTATION_CONTEXT('2D SPACE',''
  ) );
#1339 = ORIENTED_EDGE('',*,*,#1175,.F.);
#1340 = ORIENTED_EDGE('',*,*,#415,.F.);
#1341 = ADVANCED_FACE('',(#1342),#502,.T.);
#1342 = FACE_BOUND('',#1343,.F.);
#1343 = EDGE_LOOP('',(#1344,#1345,#1346,#1364));
#1344 = ORIENTED_EDGE('',*,*,#1045,.T.);
#1345 = ORIENTED_EDGE('',*,*,#890,.T.);
#1346 = ORIENTED_EDGE('',*,*,#1347,.F.);
#1347 = EDGE_CURVE('',#489,#891,#1348,.T.);
#1348 = SURFACE_CURVE('',#1349,(#1352,#1358),.PCURVE_S1.);
#1349 = B_SPLINE_CURVE_WITH_KNOTS('',1,(#1350,#1351),.UNSPECIFIED.,.F.,
  .F.,(2,2),(0.,60.),.PIECEWISE_BEZIER_KNOTS.);
#1350 = CARTESIAN_POINT('',(50.,0.,-2.));
#1351 = CARTESIAN_POINT('',(50.,60.,-2.));
#1352 = PCURVE('',#502,#1353);
#1353 = DEFINITIONAL_REPRESENTATION('',(#1354),#1357);
#1354 = B_SPLINE_CURVE_WITH_KNOTS('',1,(#1355,#1356),.UNSPECIFIED.,.F.,
  .F.,(2,2),(0.,60.),.PIECEWISE_BEZIER_KNOTS.);
#1355 = CARTESIAN_POINT('',(-2.,30.));
#1356 = CARTESIAN_POINT('',(-2.,-30.));
#1357 = ( GEOMETRIC_REPRESENTATION_CONTEXT(2) 
PARAMETRIC_REPRESENTATION_CONTEXT() REPRESENTATION_CONTEXT('2D SPACE',''
  ) );
#1358 = PCURVE('',#527,#1359);
#1359 = DEFINITIONAL_REPRESENTATION('',(#1360),#1363);
#1360 = B_SPLINE_CURVE_WITH_KNOTS('',1,(#1361,#1362),.UNSPECIFIED.,.F.,
  .F.,(2,2),(0.,60.),.PIECEWISE_BEZIER_KNOTS.);
#1361 = CARTESIAN_POINT('',(44.,0.));
#1362 = CARTESIAN_POINT('',(44.,-60.));
#1363 = ( GEOMETRIC_REPRESENTATION_CONTEXT(2) 
PARAMETRIC_REPRESENTATION_CONTEXT() REPRESENTATION_CONTEXT('2D SPACE',''
  ) );
#1364 = ORIENTED_EDGE('',*,*,#488,.F.);
#1365 = ADVANCED_FACE('',(#1366),#527,.T.);
#1366 = FACE_BOUND('',#1367,.T.);
#1367 = EDGE_LOOP('',(#1368,#1387,#1388,#1389));
#1368 = ORIENTED_EDGE('',*,*,#1369,.T.);
#1369 = EDGE_CURVE('',#514,#911,#1370,.T.);
#1370 = SURFACE_CURVE('',#1371,(#1374,#1380),.PCURVE_S1.);
#1371 = B_SPLINE_CURVE_WITH_KNOTS('',1,(#1372,#1373),.UNSPECIFIED.,.F.,
  .F.,(2,2),(0.,60.),.PIECEWISE_BEZIER_KNOTS.);
#1372 = CARTESIAN_POINT('',(6.,0.,-2.));
#1373 = CARTESIAN_POINT('',(6.,60.,-2.));
#1374 = PCURVE('',#527,#1375);
#1375 = DEFINITIONAL_REPRESENTATION('',(#1376),#1379);
#1376 = B_SPLINE_CURVE_WITH_KNOTS('',1,(#1377,#1378),.UNSPECIFIED.,.F.,
  .F.,(2,2),(0.,60.),.PIECEWISE_BEZIER_KNOTS.);
#1377 = CARTESIAN_POINT('',(0.,0.));
#1378 = CARTESIAN_POINT('',(0.,-60.));
#1379 = ( GEOMETRIC_REPRESENTATION_CONTEXT(2) 
PARAMETRIC_REPRESENTATION_CONTEXT() REPRESENTATION_CONTEXT('2D SPACE',''
  ) );
#1380 = PCURVE('',#566,#1381);
#1381 = DEFINITIONAL_REPRESENTATION('',(#1382),#1386);
#1382 = B_SPLINE_CURVE_WITH_KNOTS('',2,(#1383,#1384,#1385),
  .UNSPECIFIED.,.F.,.F.,(3,3),(0.,60.),.PIECEWISE_BEZIER_KNOTS.);
#1383 = CARTESIAN_POINT('',(3.14159265359,0.));
#1384 = CARTESIAN_POINT('',(3.14159265359,-30.));
#1385 = CARTESIAN_POINT('',(3.14159265359,-60.));
#1386 = ( GEOMETRIC_REPRESENTATION_CONTEXT(2) 
PARAMETRIC_REPRESENTATION_CONTEXT() REPRESENTATION_CONTEXT('2D SPACE',''
  ) );
#1387 = ORIENTED_EDGE('',*,*,#910,.T.);
#1388 = ORIENTED_EDGE('',*,*,#1347,.F.);
#1389 = ORIENTED_EDGE('',*,*,#513,.F.);
#1390 = ADVANCED_FACE('',(#1391),#566,.T.);
#1391 = FACE_BOUND('',#1392,.T.);
#1392 = EDGE_LOOP('',(#1393,#1412,#1413,#1414));
#1393 = ORIENTED_EDGE('',*,*,#1394,.T.);
#1394 = EDGE_CURVE('',#539,#931,#1395,.T.);
#1395 = SURFACE_CURVE('',#1396,(#1399,#1406),.PCURVE_S1.);
#1396 = B_SPLINE_CURVE_WITH_KNOTS('',1,(#1397,#1398),.UNSPECIFIED.,.F.,
  .F.,(2,2),(0.,60.),.PIECEWISE_BEZIER_KNOTS.);
#1397 = CARTESIAN_POINT('',(-2.,0.,6.));
#1398 = CARTESIAN_POINT('',(-2.,60.,6.));
#1399 = PCURVE('',#566,#1400);
#1400 = DEFINITIONAL_REPRESENTATION('',(#1401),#1405);
#1401 = B_SPLINE_CURVE_WITH_KNOTS('',2,(#1402,#1403,#1404),
  .UNSPECIFIED.,.F.,.F.,(3,3),(0.,60.),.PIECEWISE_BEZIER_KNOTS.);
#1402 = CARTESIAN_POINT('',(1.570796326795,0.));
#1403 = CARTESIAN_POINT('',(1.570796326795,-30.));
#1404 = CARTESIAN_POINT('',(1.570796326795,-60.));
#1405 = ( GEOMETRIC_REPRESENTATION_CONTEXT(2) 
PARAMETRIC_REPRESENTATION_CONTEXT() REPRESENTATION_CONTEXT('2D SPACE',''
  ) );
#1406 = PCURVE('',#603,#1407);
#1407 = DEFINITIONAL_REPRESENTATION('',(#1408),#1411);
#1408 = B_SPLINE_CURVE_WITH_KNOTS('',1,(#1409,#1410),.UNSPECIFIED.,.F.,
  .F.,(2,2),(0.,60.),.PIECEWISE_BEZIER_KNOTS.);
#1409 = CARTESIAN_POINT('',(44.,0.));
#1410 = CARTESIAN_POINT('',(44.,-60.));
#1411 = ( GEOMETRIC_REPRESENTATION_CONTEXT(2) 
PARAMETRIC_REPRESENTATION_CONTEXT() REPRESENTATION_CONTEXT('2D SPACE',''
  ) );
#1412 = ORIENTED_EDGE('',*,*,#930,.T.);
#1413 = ORIENTED_EDGE('',*,*,#1369,.F.);
#1414 = ORIENTED_EDGE('',*,*,#538,.F.);
#1415 = ADVANCED_FACE('',(#1416),#603,.T.);
#1416 = FACE_BOUND('',#1417,.T.);
#1417 = EDGE_LOOP('',(#1418,#1419,#1420,#1421));
#1418 = ORIENTED_EDGE('',*,*,#713,.T.);
#1419 = ORIENTED_EDGE('',*,*,#974,.T.);
#1420 = ORIENTED_EDGE('',*,*,#1394,.F.);
#1421 = ORIENTED_EDGE('',*,*,#589,.F.);
#1422 = ADVANCED_FACE('',(#1423),#804,.F.);
#1423 = FACE_BOUND('',#1424,.F.);
#1424 = EDGE_LOOP('',(#1425,#1426,#1427,#1450));
#1425 = ORIENTED_EDGE('',*,*,#790,.F.);
#1426 = ORIENTED_EDGE('',*,*,#1017,.T.);
#1427 = ORIENTED_EDGE('',*,*,#1428,.T.);
#1428 = EDGE_CURVE('',#997,#1429,#1431,.T.);
#1429 = VERTEX_POINT('',#1430);
#1430 = CARTESIAN_POINT('',(6.,32.,4.));
#1431 = SURFACE_CURVE('',#1432,(#1436,#1443),.PCURVE_S1.);
#1432 = ( BOUNDED_CURVE() B_SPLINE_CURVE(2,(#1433,#1434,#1435),
.UNSPECIFIED.,.F.,.F.) B_SPLINE_CURVE_WITH_KNOTS((3,3),(0.,
1.570796326795),.PIECEWISE_BEZIER_KNOTS.) CURVE() 
GEOMETRIC_REPRESENTATION_ITEM() RATIONAL_B_SPLINE_CURVE((1.,
0.707106781187,1.)) REPRESENTATION_ITEM('') );
#1433 = CARTESIAN_POINT('',(6.,34.,2.));
#1434 = CARTESIAN_POINT('',(6.,32.,2.));
#1435 = CARTESIAN_POINT('',(6.,32.,4.));
#1436 = PCURVE('',#804,#1437);
#1437 = DEFINITIONAL_REPRESENTATION('',(#1438),#1442);
#1438 = B_SPLINE_CURVE_WITH_KNOTS('',2,(#1439,#1440,#1441),
  .UNSPECIFIED.,.F.,.F.,(3,3),(0.,1.570796326795),
  .PIECEWISE_BEZIER_KNOTS.);
#1439 = CARTESIAN_POINT('',(1.570796326795,-2.049003395633E-30));
#1440 = CARTESIAN_POINT('',(1.570796326795,0.785398163397));
#1441 = CARTESIAN_POINT('',(1.570796326795,1.570796326795));
#1442 = ( GEOMETRIC_REPRESENTATION_CONTEXT(2) 
PARAMETRIC_REPRESENTATION_CONTEXT() REPRESENTATION_CONTEXT('2D SPACE',''
  ) );
#1443 = PCURVE('',#1133,#1444);
#1444 = DEFINITIONAL_REPRESENTATION('',(#1445),#1449);
#1445 = B_SPLINE_CURVE_WITH_KNOTS('',2,(#1446,#1447,#1448),
  .UNSPECIFIED.,.F.,.F.,(3,3),(0.,1.570796326795),
  .PIECEWISE_BEZIER_KNOTS.);
#1446 = CARTESIAN_POINT('',(0.,0.));
#1447 = CARTESIAN_POINT('',(0.785398163397,0.));
#1448 = CARTESIAN_POINT('',(1.570796326795,0.));
#1449 = ( GEOMETRIC_REPRESENTATION_CONTEXT(2) 
PARAMETRIC_REPRESENTATION_CONTEXT() REPRESENTATION_CONTEXT('2D SPACE',''
  ) );
#1450 = ORIENTED_EDGE('',*,*,#1451,.F.);
#1451 = EDGE_CURVE('',#765,#1429,#1452,.T.);
#1452 = SURFACE_CURVE('',#1453,(#1457,#1464),.PCURVE_S1.);
#1453 = ( BOUNDED_CURVE() B_SPLINE_CURVE(2,(#1454,#1455,#1456),
.UNSPECIFIED.,.F.,.F.) B_SPLINE_CURVE_WITH_KNOTS((3,3),(0.,
1.570796326795),.PIECEWISE_BEZIER_KNOTS.) CURVE() 
GEOMETRIC_REPRESENTATION_ITEM() RATIONAL_B_SPLINE_CURVE((1.,
0.707106781187,1.)) REPRESENTATION_ITEM('') );
#1454 = CARTESIAN_POINT('',(4.,32.,6.));
#1455 = CARTESIAN_POINT('',(4.,32.,4.));
#1456 = CARTESIAN_POINT('',(6.,32.,4.));
#1457 = PCURVE('',#804,#1458);
#1458 = DEFINITIONAL_REPRESENTATION('',(#1459),#1463);
#1459 = B_SPLINE_CURVE_WITH_KNOTS('',2,(#1460,#1461,#1462),
  .UNSPECIFIED.,.F.,.F.,(3,3),(0.,1.570796326795),
  .PIECEWISE_BEZIER_KNOTS.);
#1460 = CARTESIAN_POINT('',(0.,1.570796326795));
#1461 = CARTESIAN_POINT('',(0.785398163397,1.570796326795));
#1462 = CARTESIAN_POINT('',(1.570796326795,1.570796326795));
#1463 = ( GEOMETRIC_REPRESENTATION_CONTEXT(2) 
PARAMETRIC_REPRESENTATION_CONTEXT() REPRESENTATION_CONTEXT('2D SPACE',''
  ) );
#1464 = PCURVE('',#779,#1465);
#1465 = DEFINITIONAL_REPRESENTATION('',(#1466),#1470);
#1466 = ( BOUNDED_CURVE() B_SPLINE_CURVE(2,(#1467,#1468,#1469),
.UNSPECIFIED.,.F.,.F.) B_SPLINE_CURVE_WITH_KNOTS((3,3),(0.,
1.570796326795),.PIECEWISE_BEZIER_KNOTS.) CURVE() 
GEOMETRIC_REPRESENTATION_ITEM() RATIONAL_B_SPLINE_CURVE((1.,
0.707106781187,1.)) REPRESENTATION_ITEM('') );
#1467 = CARTESIAN_POINT('',(-6.813643179354,-8.813643179354));
#1468 = CARTESIAN_POINT('',(-8.813643179354,-8.813643179354));
#1469 = CARTESIAN_POINT('',(-8.813643179354,-6.813643179354));
#1470 = ( GEOMETRIC_REPRESENTATION_CONTEXT(2) 
PARAMETRIC_REPRESENTATION_CONTEXT() REPRESENTATION_CONTEXT('2D SPACE',''
  ) );
#1471 = ADVANCED_FACE('',(#1472),#779,.T.);
#1472 = FACE_BOUND('',#1473,.T.);
#1473 = EDGE_LOOP('',(#1474,#1475,#1494,#1495));
#1474 = ORIENTED_EDGE('',*,*,#1199,.T.);
#1475 = ORIENTED_EDGE('',*,*,#1476,.F.);
#1476 = EDGE_CURVE('',#1429,#1200,#1477,.T.);
#1477 = SURFACE_CURVE('',#1478,(#1481,#1487),.PCURVE_S1.);
#1478 = B_SPLINE_CURVE_WITH_KNOTS('',1,(#1479,#1480),.UNSPECIFIED.,.F.,
  .F.,(2,2),(0.,25.),.PIECEWISE_BEZIER_KNOTS.);
#1479 = CARTESIAN_POINT('',(6.,32.,4.));
#1480 = CARTESIAN_POINT('',(31.,32.,4.));
#1481 = PCURVE('',#779,#1482);
#1482 = DEFINITIONAL_REPRESENTATION('',(#1483),#1486);
#1483 = B_SPLINE_CURVE_WITH_KNOTS('',1,(#1484,#1485),.UNSPECIFIED.,.F.,
  .F.,(2,2),(0.,25.),.PIECEWISE_BEZIER_KNOTS.);
#1484 = CARTESIAN_POINT('',(-8.813643179354,-6.813643179354));
#1485 = CARTESIAN_POINT('',(-8.813643179354,18.186356820646));
#1486 = ( GEOMETRIC_REPRESENTATION_CONTEXT(2) 
PARAMETRIC_REPRESENTATION_CONTEXT() REPRESENTATION_CONTEXT('2D SPACE',''
  ) );
#1487 = PCURVE('',#1133,#1488);
#1488 = DEFINITIONAL_REPRESENTATION('',(#1489),#1493);
#1489 = B_SPLINE_CURVE_WITH_KNOTS('',2,(#1490,#1491,#1492),
  .UNSPECIFIED.,.F.,.F.,(3,3),(8.881784197001E-16,25.),
  .PIECEWISE_BEZIER_KNOTS.);
#1490 = CARTESIAN_POINT('',(1.570796326795,1.676329423595E-30));
#1491 = CARTESIAN_POINT('',(1.570796326795,12.5));
#1492 = CARTESIAN_POINT('',(1.570796326795,25.));
#1493 = ( GEOMETRIC_REPRESENTATION_CONTEXT(2) 
PARAMETRIC_REPRESENTATION_CONTEXT() REPRESENTATION_CONTEXT('2D SPACE',''
  ) );
#1494 = ORIENTED_EDGE('',*,*,#1451,.F.);
#1495 = ORIENTED_EDGE('',*,*,#764,.F.);
#1496 = ADVANCED_FACE('',(#1497),#1133,.T.);
#1497 = FACE_BOUND('',#1498,.T.);
#1498 = EDGE_LOOP('',(#1499,#1530,#1531,#1532,#1533));
#1499 = ORIENTED_EDGE('',*,*,#1500,.F.);
#1500 = EDGE_CURVE('',#1094,#1271,#1501,.T.);
#1501 = SURFACE_CURVE('',#1502,(#1506,#1518),.PCURVE_S1.);
#1502 = ( BOUNDED_CURVE() B_SPLINE_CURVE(2,(#1503,#1504,#1505),
.UNSPECIFIED.,.F.,.F.) B_SPLINE_CURVE_WITH_KNOTS((3,3),(4.712388980385,
5.497787143782),.PIECEWISE_BEZIER_KNOTS.) CURVE() 
GEOMETRIC_REPRESENTATION_ITEM() RATIONAL_B_SPLINE_CURVE((1.,
0.923879532511,1.)) REPRESENTATION_ITEM('') );
#1503 = CARTESIAN_POINT('',(33.828427124746,34.,2.));
#1504 = CARTESIAN_POINT('',(33.,33.171572875254,2.));
#1505 = CARTESIAN_POINT('',(32.414213562373,32.585786437627,
    2.585786437627));
#1506 = PCURVE('',#1133,#1507);
#1507 = DEFINITIONAL_REPRESENTATION('',(#1508),#1517);
#1508 = B_SPLINE_CURVE_WITH_KNOTS('',7,(#1509,#1510,#1511,#1512,#1513,
    #1514,#1515,#1516),.UNSPECIFIED.,.F.,.F.,(8,8),(4.712388980385,
    5.497787143782),.PIECEWISE_BEZIER_KNOTS.);
#1509 = CARTESIAN_POINT('',(5.476276025604E-32,27.828427124746));
#1510 = CARTESIAN_POINT('',(0.121444120879,27.60975066943));
#1511 = CARTESIAN_POINT('',(0.23955289236,27.385527323609));
#1512 = CARTESIAN_POINT('',(0.354491198253,27.161901163999));
#1513 = CARTESIAN_POINT('',(0.466410338307,26.946480553382));
#1514 = CARTESIAN_POINT('',(0.575449889582,26.747119258956));
#1515 = CARTESIAN_POINT('',(0.681739122245,26.568840647848));
#1516 = CARTESIAN_POINT('',(0.785398163397,26.414213562373));
#1517 = ( GEOMETRIC_REPRESENTATION_CONTEXT(2) 
PARAMETRIC_REPRESENTATION_CONTEXT() REPRESENTATION_CONTEXT('2D SPACE',''
  ) );
#1518 = PCURVE('',#1107,#1519);
#1519 = DEFINITIONAL_REPRESENTATION('',(#1520),#1529);
#1520 = B_SPLINE_CURVE_WITH_KNOTS('',7,(#1521,#1522,#1523,#1524,#1525,
    #1526,#1527,#1528),.UNSPECIFIED.,.F.,.F.,(8,8),(4.712388980385,
    5.497787143782),.PIECEWISE_BEZIER_KNOTS.);
#1521 = CARTESIAN_POINT('',(0.785398163397,-2.));
#1522 = CARTESIAN_POINT('',(0.673198425769,-1.781323544653));
#1523 = CARTESIAN_POINT('',(0.560998688142,-1.557100198961));
#1524 = CARTESIAN_POINT('',(0.448798950508,-1.333474038983));
#1525 = CARTESIAN_POINT('',(0.336599212888,-1.118053428855));
#1526 = CARTESIAN_POINT('',(0.224399475254,-0.918692134154));
#1527 = CARTESIAN_POINT('',(0.112199737629,-0.740413523073));
#1528 = CARTESIAN_POINT('',(1.317317552527E-15,-0.585786437627));
#1529 = ( GEOMETRIC_REPRESENTATION_CONTEXT(2) 
PARAMETRIC_REPRESENTATION_CONTEXT() REPRESENTATION_CONTEXT('2D SPACE',''
  ) );
#1530 = ORIENTED_EDGE('',*,*,#1121,.F.);
#1531 = ORIENTED_EDGE('',*,*,#1428,.T.);
#1532 = ORIENTED_EDGE('',*,*,#1476,.T.);
#1533 = ORIENTED_EDGE('',*,*,#1291,.F.);
#1534 = ADVANCED_FACE('',(#1535),#1107,.F.);
#1535 = FACE_BOUND('',#1536,.F.);
#1536 = EDGE_LOOP('',(#1537,#1538,#1539,#1570));
#1537 = ORIENTED_EDGE('',*,*,#1500,.F.);
#1538 = ORIENTED_EDGE('',*,*,#1093,.T.);
#1539 = ORIENTED_EDGE('',*,*,#1540,.T.);
#1540 = EDGE_CURVE('',#1066,#1243,#1541,.T.);
#1541 = SURFACE_CURVE('',#1542,(#1546,#1558),.PCURVE_S1.);
#1542 = ( BOUNDED_CURVE() B_SPLINE_CURVE(2,(#1543,#1544,#1545),
.UNSPECIFIED.,.F.,.F.) B_SPLINE_CURVE_WITH_KNOTS((3,3),(1.570796326795,
2.356194490192),.PIECEWISE_BEZIER_KNOTS.) CURVE() 
GEOMETRIC_REPRESENTATION_ITEM() RATIONAL_B_SPLINE_CURVE((1.,
0.923879532511,1.)) REPRESENTATION_ITEM('') );
#1543 = CARTESIAN_POINT('',(33.828427124746,26.,2.));
#1544 = CARTESIAN_POINT('',(33.,26.828427124746,2.));
#1545 = CARTESIAN_POINT('',(32.414213562373,27.414213562373,
    2.585786437627));
#1546 = PCURVE('',#1107,#1547);
#1547 = DEFINITIONAL_REPRESENTATION('',(#1548),#1557);
#1548 = B_SPLINE_CURVE_WITH_KNOTS('',7,(#1549,#1550,#1551,#1552,#1553,
    #1554,#1555,#1556),.UNSPECIFIED.,.F.,.F.,(8,8),(1.570796326795,
    2.356194490192),.PIECEWISE_BEZIER_KNOTS.);
#1549 = CARTESIAN_POINT('',(0.785398163397,6.));
#1550 = CARTESIAN_POINT('',(0.67319842577,5.781323544651));
#1551 = CARTESIAN_POINT('',(0.56099868814,5.557100199017));
#1552 = CARTESIAN_POINT('',(0.448798950514,5.333474038856));
#1553 = CARTESIAN_POINT('',(0.336599212877,5.118053428961));
#1554 = CARTESIAN_POINT('',(0.224399475257,4.918692134115));
#1555 = CARTESIAN_POINT('',(0.112199737629,4.740413523091));
#1556 = CARTESIAN_POINT('',(4.763129130241E-15,4.585786437627));
#1557 = ( GEOMETRIC_REPRESENTATION_CONTEXT(2) 
PARAMETRIC_REPRESENTATION_CONTEXT() REPRESENTATION_CONTEXT('2D SPACE',''
  ) );
#1558 = PCURVE('',#1079,#1559);
#1559 = DEFINITIONAL_REPRESENTATION('',(#1560),#1569);
#1560 = B_SPLINE_CURVE_WITH_KNOTS('',7,(#1561,#1562,#1563,#1564,#1565,
    #1566,#1567,#1568),.UNSPECIFIED.,.F.,.F.,(8,8),(1.570796326795,
    2.356194490192),.PIECEWISE_BEZIER_KNOTS.);
#1561 = CARTESIAN_POINT('',(1.602028836996E-15,27.828427124746));
#1562 = CARTESIAN_POINT('',(0.121444120878,27.609750669421));
#1563 = CARTESIAN_POINT('',(0.239552892366,27.385527323665));
#1564 = CARTESIAN_POINT('',(0.354491198242,27.161901163883));
#1565 = CARTESIAN_POINT('',(0.466410338319,26.946480553502));
#1566 = CARTESIAN_POINT('',(0.575449889577,26.747119258907));
#1567 = CARTESIAN_POINT('',(0.681739122246,26.568840647866));
#1568 = CARTESIAN_POINT('',(0.785398163397,26.414213562373));
#1569 = ( GEOMETRIC_REPRESENTATION_CONTEXT(2) 
PARAMETRIC_REPRESENTATION_CONTEXT() REPRESENTATION_CONTEXT('2D SPACE',''
  ) );
#1570 = ORIENTED_EDGE('',*,*,#1270,.F.);
#1571 = ADVANCED_FACE('',(#1572),#1079,.F.);
#1572 = FACE_BOUND('',#1573,.F.);
#1573 = EDGE_LOOP('',(#1574,#1575,#1576,#1577,#1578));
#1574 = ORIENTED_EDGE('',*,*,#1540,.F.);
#1575 = ORIENTED_EDGE('',*,*,#1065,.F.);
#1576 = ORIENTED_EDGE('',*,*,#1152,.T.);
#1577 = ORIENTED_EDGE('',*,*,#1321,.T.);
#1578 = ORIENTED_EDGE('',*,*,#1242,.F.);
#1579 = ( GEOMETRIC_REPRESENTATION_CONTEXT(3) 
GLOBAL_UNCERTAINTY_ASSIGNED_CONTEXT((#1583)) 
GLOBAL_UNIT_ASSIGNED_CONTEXT((#1580,#1581,#1582)) REPRESENTATION_CONTEXT
('Context #1','3D Context with UNIT and UNCERTAINTY') );
#1580 = ( LENGTH_UNIT() NAMED_UNIT(*) SI_UNIT(.MILLI.,.METRE.) );
#1581 = ( NAMED_UNIT(*) PLANE_ANGLE_UNIT() SI_UNIT($,.RADIAN.) );
#1582 = ( NAMED_UNIT(*) SI_UNIT($,.STERADIAN.) SOLID_ANGLE_UNIT() );
#1583 = UNCERTAINTY_MEASURE_WITH_UNIT(LENGTH_MEASURE(2.E-07),#1580,
  'distance_accuracy_value','confusion accuracy');
#1584 = PRODUCT_RELATED_PRODUCT_CATEGORY('part',$,(#7));
ENDSEC;
END-ISO-10303-21;
