ISO-10303-21;
HEADER;
FILE_NAME('Open CASCADE Shape Model','2026-10-02T23:47:18',('Author'),(
    'Open CASCADE'),'Open CASCADE STEP processor 7.9','Open CASCADE 7.9'
  ,'Unknown');
FILE_DESCRIPTION(('Open CASCADE Model'),'2;1');
FILE_SCHEMA((''));
ENDSEC;
DATA;
#1 = APPLICATION_PROTOCOL_DEFINITION('international standard',
  'automotive_design',2000,#2);
#2 = APPLICATION_CONTEXT(
  'core data for automotive mechanical design processes');
#3 = SHAPE_DEFINITION_REPRESENTATION(#4,#10);
#4 = PRODUCT_DEFINITION_SHAPE('','',#5);
#5 = PRODUCT_DEFINITION('design','',#6,#9);
#6 = PRODUCT_DEFINITION_FORMATION('','',#7);
#7 = PRODUCT('Open CASCADE STEP translator 7.9 1',
  'Open CASCADE STEP translator 7.9 1','',(#8));
#8 = PRODUCT_CONTEXT('',#2,'mechanical');
#9 = PRODUCT_DEFINITION_CONTEXT('part definition',#2,'design');
#10 = ADVANCED_BREP_SHAPE_REPRESENTATION('',(#11,#15),#2049);
#11 = AXIS2_PLACEMENT_3D('',#12,#13,#14);
#12 = CARTESIAN_POINT('',(0.,0.,0.));
#13 = DIRECTION('',(0.,0.,1.));
#14 = DIRECTION('',(1.,0.,-0.));
#15 = MANIFOLD_SOLID_BREP('',#16);
#16 = CLOSED_SHELL('',(#17,#167,#263,#542,#713,#867,#979,#1046,#1150,
    #1246,#1524,#1694,#1841,#1946,#1970,#1994,#2001,#2042));
#17 = ADVANCED_FACE('',(#18,#125),#31,.F.);
#18 = FACE_BOUND('',#19,.F.);
#19 = EDGE_LOOP('',(#20,#52,#77,#102));
#20 = ORIENTED_EDGE('',*,*,#21,.T.);
#21 = EDGE_CURVE('',#22,#24,#26,.T.);
#22 = VERTEX_POINT('',#23);
#23 = CARTESIAN_POINT('',(0.,0.,-2.));
#24 = VERTEX_POINT('',#25);
#25 = CARTESIAN_POINT('',(80.,0.,-2.));
#26 = SURFACE_CURVE('',#27,(#30,#41),.PCURVE_S1.);
#27 = B_SPLINE_CURVE_WITH_KNOTS('',1,(#28,#29),.UNSPECIFIED.,.F.,.F.,(2,
    2),(0.,80.),.PIECEWISE_BEZIER_KNOTS.);
#28 = CARTESIAN_POINT('',(0.,0.,-2.));
#29 = CARTESIAN_POINT('',(80.,0.,-2.));
#30 = PCURVE('',#31,#36);
#31 = B_SPLINE_SURFACE_WITH_KNOTS('',1,1,(
    (#32,#33)
    ,(#34,#35
    )),.UNSPECIFIED.,.F.,.F.,.F.,(2,2),(2,2),(-40.,40.),(-40.,40.),
  .PIECEWISE_BEZIER_KNOTS.);
#32 = CARTESIAN_POINT('',(0.,0.,-2.));
#33 = CARTESIAN_POINT('',(0.,80.,-2.));
#34 = CARTESIAN_POINT('',(80.,0.,-2.));
#35 = CARTESIAN_POINT('',(80.,80.,-2.));
#36 = DEFINITIONAL_REPRESENTATION('',(#37),#40);
#37 = B_SPLINE_CURVE_WITH_KNOTS('',1,(#38,#39),.UNSPECIFIED.,.F.,.F.,(2,
    2),(0.,80.),.PIECEWISE_BEZIER_KNOTS.);
#38 = CARTESIAN_POINT('',(-40.,-40.));
#39 = CARTESIAN_POINT('',(40.,-40.));
#40 = ( GEOMETRIC_REPRESENTATION_CONTEXT(2) 
PARAMETRIC_REPRESENTATION_CONTEXT() REPRESENTATION_CONTEXT('2D SPACE',''
  ) );
#41 = PCURVE('',#42,#47);
#42 = B_SPLINE_SURFACE_WITH_KNOTS('',1,1,(
    (#43,#44)
    ,(#45,#46
    )),.UNSPECIFIED.,.F.,.F.,.F.,(2,2),(2,2),(-2.,2.),(-40.,40.),
  .PIECEWISE_BEZIER_KNOTS.);
#43 = CARTESIAN_POINT('',(0.,0.,-2.));
#44 = CARTESIAN_POINT('',(80.,0.,-2.));
#45 = CARTESIAN_POINT('',(0.,0.,2.));
#46 = CARTESIAN_POINT('',(80.,0.,2.));
#47 = DEFINITIONAL_REPRESENTATION('',(#48),#51);
#48 = B_SPLINE_CURVE_WITH_KNOTS('',1,(#49,#50),.UNSPECIFIED.,.F.,.F.,(2,
    2),(0.,80.),.PIECEWISE_BEZIER_KNOTS.);
#49 = CARTESIAN_POINT('',(-2.,-40.));
#50 = CARTESIAN_POINT('',(-2.,40.));
#51 = ( GEOMETRIC_REPRESENTATION_CONTEXT(2) 
PARAMETRIC_REPRESENTATION_CONTEXT() REPRESENTATION_CONTEXT('2D SPACE',''
  ) );
#52 = ORIENTED_EDGE('',*,*,#53,.T.);
#53 = EDGE_CURVE('',#24,#54,#56,.T.);
#54 = VERTEX_POINT('',#55);
#55 = CARTESIAN_POINT('',(80.,80.,-2.));
#56 = SURFACE_CURVE('',#57,(#60,#66),.PCURVE_S1.);
#57 = B_SPLINE_CURVE_WITH_KNOTS('',1,(#58,#59),.UNSPECIFIED.,.F.,.F.,(2,
    2),(0.,80.),.PIECEWISE_BEZIER_KNOTS.);
#58 = CARTESIAN_POINT('',(80.,0.,-2.));
#59 = CARTESIAN_POINT('',(80.,80.,-2.));
#60 = PCURVE('',#31,#61);
#61 = DEFINITIONAL_REPRESENTATION('',(#62),#65);
#62 = B_SPLINE_CURVE_WITH_KNOTS('',1,(#63,#64),.UNSPECIFIED.,.F.,.F.,(2,
    2),(0.,80.),.PIECEWISE_BEZIER_KNOTS.);
#63 = CARTESIAN_POINT('',(40.,-40.));
#64 = CARTESIAN_POINT('',(40.,40.));
#65 = ( GEOMETRIC_REPRESENTATION_CONTEXT(2) 
PARAMETRIC_REPRESENTATION_CONTEXT() REPRESENTATION_CONTEXT('2D SPACE',''
  ) );
#66 = PCURVE('',#67,#72);
#67 = B_SPLINE_SURFACE_WITH_KNOTS('',1,1,(
    (#68,#69)
    ,(#70,#71
    )),.UNSPECIFIED.,.F.,.F.,.F.,(2,2),(2,2),(-2.,2.),(-40.,40.),
  .PIECEWISE_BEZIER_KNOTS.);
#68 = CARTESIAN_POINT('',(80.,80.,-2.));
#69 = CARTESIAN_POINT('',(80.,0.,-2.));
#70 = CARTESIAN_POINT('',(80.,80.,2.));
#71 = CARTESIAN_POINT('',(80.,0.,2.));
#72 = DEFINITIONAL_REPRESENTATION('',(#73),#76);
#73 = B_SPLINE_CURVE_WITH_KNOTS('',1,(#74,#75),.UNSPECIFIED.,.F.,.F.,(2,
    2),(0.,80.),.PIECEWISE_BEZIER_KNOTS.);
#74 = CARTESIAN_POINT('',(-2.,40.));
#75 = CARTESIAN_POINT('',(-2.,-40.));
#76 = ( GEOMETRIC_REPRESENTATION_CONTEXT(2) 
PARAMETRIC_REPRESENTATION_CONTEXT() REPRESENTATION_CONTEXT('2D SPACE',''
  ) );
#77 = ORIENTED_EDGE('',*,*,#78,.T.);
#78 = EDGE_CURVE('',#54,#79,#81,.T.);
#79 = VERTEX_POINT('',#80);
#80 = CARTESIAN_POINT('',(0.,80.,-2.));
#81 = SURFACE_CURVE('',#82,(#85,#91),.PCURVE_S1.);
#82 = B_SPLINE_CURVE_WITH_KNOTS('',1,(#83,#84),.UNSPECIFIED.,.F.,.F.,(2,
    2),(0.,80.),.PIECEWISE_BEZIER_KNOTS.);
#83 = CARTESIAN_POINT('',(80.,80.,-2.));
#84 = CARTESIAN_POINT('',(0.,80.,-2.));
#85 = PCURVE('',#31,#86);
#86 = DEFINITIONAL_REPRESENTATION('',(#87),#90);
#87 = B_SPLINE_CURVE_WITH_KNOTS('',1,(#88,#89),.UNSPECIFIED.,.F.,.F.,(2,
    2),(0.,80.),.PIECEWISE_BEZIER_KNOTS.);
#88 = CARTESIAN_POINT('',(40.,40.));
#89 = CARTESIAN_POINT('',(-40.,40.));
#90 = ( GEOMETRIC_REPRESENTATION_CONTEXT(2) 
PARAMETRIC_REPRESENTATION_CONTEXT() REPRESENTATION_CONTEXT('2D SPACE',''
  ) );
#91 = PCURVE('',#92,#97);
#92 = B_SPLINE_SURFACE_WITH_KNOTS('',1,1,(
    (#93,#94)
    ,(#95,#96
    )),.UNSPECIFIED.,.F.,.F.,.F.,(2,2),(2,2),(-2.,2.),(-40.,40.),
  .PIECEWISE_BEZIER_KNOTS.);
#93 = CARTESIAN_POINT('',(0.,80.,-2.));
#94 = CARTESIAN_POINT('',(80.,80.,-2.));
#95 = CARTESIAN_POINT('',(0.,80.,2.));
#96 = CARTESIAN_POINT('',(80.,80.,2.));
#97 = DEFINITIONAL_REPRESENTATION('',(#98),#101);
#98 = B_SPLINE_CURVE_WITH_KNOTS('',1,(#99,#100),.UNSPECIFIED.,.F.,.F.,(2
    ,2),(0.,80.),.PIECEWISE_BEZIER_KNOTS.);
#99 = CARTESIAN_POINT('',(-2.,40.));
#100 = CARTESIAN_POINT('',(-2.,-40.));
#101 = ( GEOMETRIC_REPRESENTATION_CONTEXT(2) 
PARAMETRIC_REPRESENTATION_CONTEXT() REPRESENTATION_CONTEXT('2D SPACE',''
  ) );
#102 = ORIENTED_EDGE('',*,*,#103,.T.);
#103 = EDGE_CURVE('',#79,#22,#104,.T.);
#104 = SURFACE_CURVE('',#105,(#108,#114),.PCURVE_S1.);
#105 = B_SPLINE_CURVE_WITH_KNOTS('',1,(#106,#107),.UNSPECIFIED.,.F.,.F.,
  (2,2),(0.,80.),.PIECEWISE_BEZIER_KNOTS.);
#106 = CARTESIAN_POINT('',(0.,80.,-2.));
#107 = CARTESIAN_POINT('',(0.,0.,-2.));
#108 = PCURVE('',#31,#109);
#109 = DEFINITIONAL_REPRESENTATION('',(#110),#113);
#110 = B_SPLINE_CURVE_WITH_KNOTS('',1,(#111,#112),.UNSPECIFIED.,.F.,.F.,
  (2,2),(0.,80.),.PIECEWISE_BEZIER_KNOTS.);
#111 = CARTESIAN_POINT('',(-40.,40.));
#112 = CARTESIAN_POINT('',(-40.,-40.));
#113 = ( GEOMETRIC_REPRESENTATION_CONTEXT(2) 
PARAMETRIC_REPRESENTATION_CONTEXT() REPRESENTATION_CONTEXT('2D SPACE',''
  ) );
#114 = PCURVE('',#115,#120);
#115 = B_SPLINE_SURFACE_WITH_KNOTS('',1,1,(
    (#116,#117)
    ,(#118,#119
    )),.UNSPECIFIED.,.F.,.F.,.F.,(2,2),(2,2),(-2.,2.),(-40.,40.),
  .PIECEWISE_BEZIER_KNOTS.);
#116 = CARTESIAN_POINT('',(0.,80.,-2.));
#117 = CARTESIAN_POINT('',(0.,0.,-2.));
#118 = CARTESIAN_POINT('',(0.,80.,2.));
#119 = CARTESIAN_POINT('',(0.,0.,2.));
#120 = DEFINITIONAL_REPRESENTATION('',(#121),#124);
#121 = B_SPLINE_CURVE_WITH_KNOTS('',1,(#122,#123),.UNSPECIFIED.,.F.,.F.,
  (2,2),(0.,80.),.PIECEWISE_BEZIER_KNOTS.);
#122 = CARTESIAN_POINT('',(-2.,-40.));
#123 = CARTESIAN_POINT('',(-2.,40.));
#124 = ( GEOMETRIC_REPRESENTATION_CONTEXT(2) 
PARAMETRIC_REPRESENTATION_CONTEXT() REPRESENTATION_CONTEXT('2D SPACE',''
  ) );
#125 = FACE_BOUND('',#126,.F.);
#126 = EDGE_LOOP('',(#127));
#127 = ORIENTED_EDGE('',*,*,#128,.F.);
#128 = EDGE_CURVE('',#129,#129,#131,.T.);
#129 = VERTEX_POINT('',#130);
#130 = CARTESIAN_POINT('',(70.,40.,-2.));
#131 = SURFACE_CURVE('',#132,(#140,#151),.PCURVE_S1.);
#132 = ( BOUNDED_CURVE() B_SPLINE_CURVE(2,(#133,#134,#135,#136,#137,#138
,#139),.UNSPECIFIED.,.T.,.F.) B_SPLINE_CURVE_WITH_KNOTS((3,2,2,3),(0.,
    2.094395102393,4.188790204786,6.28318530718),
.PIECEWISE_BEZIER_KNOTS.) CURVE() GEOMETRIC_REPRESENTATION_ITEM() 
RATIONAL_B_SPLINE_CURVE((1.,0.5,1.,0.5,1.,0.5,1.)) REPRESENTATION_ITEM(
  '') );
#133 = CARTESIAN_POINT('',(70.,40.,-2.));
#134 = CARTESIAN_POINT('',(70.,91.961524227066,-2.));
#135 = CARTESIAN_POINT('',(25.,65.980762113533,-2.));
#136 = CARTESIAN_POINT('',(-20.,40.,-2.));
#137 = CARTESIAN_POINT('',(25.,14.019237886467,-2.));
#138 = CARTESIAN_POINT('',(70.,-11.96152422706,-2.));
#139 = CARTESIAN_POINT('',(70.,40.,-2.));
#140 = PCURVE('',#31,#141);
#141 = DEFINITIONAL_REPRESENTATION('',(#142),#150);
#142 = ( BOUNDED_CURVE() B_SPLINE_CURVE(2,(#143,#144,#145,#146,#147,#148
,#149),.UNSPECIFIED.,.F.,.F.) B_SPLINE_CURVE_WITH_KNOTS((3,2,2,3),(0.,
    2.094395102393,4.188790204786,6.28318530718),
.PIECEWISE_BEZIER_KNOTS.) CURVE() GEOMETRIC_REPRESENTATION_ITEM() 
RATIONAL_B_SPLINE_CURVE((1.,0.5,1.,0.5,1.,0.5,1.)) REPRESENTATION_ITEM(
  '') );
#143 = CARTESIAN_POINT('',(30.,0.));
#144 = CARTESIAN_POINT('',(30.,51.961524227066));
#145 = CARTESIAN_POINT('',(-15.,25.980762113533));
#146 = CARTESIAN_POINT('',(-60.,-9.947598300641E-14));
#147 = CARTESIAN_POINT('',(-15.,-25.98076211353));
#148 = CARTESIAN_POINT('',(30.,-51.96152422706));
#149 = CARTESIAN_POINT('',(30.,9.947598300641E-14));
#150 = ( GEOMETRIC_REPRESENTATION_CONTEXT(2) 
PARAMETRIC_REPRESENTATION_CONTEXT() REPRESENTATION_CONTEXT('2D SPACE',''
  ) );
#151 = PCURVE('',#152,#157);
#152 = B_SPLINE_SURFACE_WITH_KNOTS('',1,1,(
    (#153,#154)
    ,(#155,#156
    )),.UNSPECIFIED.,.F.,.F.,.F.,(2,2),(2,2),(-30.,30.),(-30.,30.),
  .PIECEWISE_BEZIER_KNOTS.);
#153 = CARTESIAN_POINT('',(10.,10.,-2.));
#154 = CARTESIAN_POINT('',(10.,70.,-2.));
#155 = CARTESIAN_POINT('',(70.,10.,-2.));
#156 = CARTESIAN_POINT('',(70.,70.,-2.));
#157 = DEFINITIONAL_REPRESENTATION('',(#158),#166);
#158 = ( BOUNDED_CURVE() B_SPLINE_CURVE(2,(#159,#160,#161,#162,#163,#164
,#165),.UNSPECIFIED.,.F.,.F.) B_SPLINE_CURVE_WITH_KNOTS((3,2,2,3),(0.,
    2.094395102393,4.188790204786,6.28318530718),
.PIECEWISE_BEZIER_KNOTS.) CURVE() GEOMETRIC_REPRESENTATION_ITEM() 
RATIONAL_B_SPLINE_CURVE((1.,0.5,1.,0.5,1.,0.5,1.)) REPRESENTATION_ITEM(
  '') );
#159 = CARTESIAN_POINT('',(30.,0.));
#160 = CARTESIAN_POINT('',(30.,51.961524227066));
#161 = CARTESIAN_POINT('',(-15.,25.980762113533));
#162 = CARTESIAN_POINT('',(-60.,-9.947598300641E-14));
#163 = CARTESIAN_POINT('',(-15.,-25.98076211353));
#164 = CARTESIAN_POINT('',(30.,-51.96152422706));
#165 = CARTESIAN_POINT('',(30.,9.947598300641E-14));
#166 = ( GEOMETRIC_REPRESENTATION_CONTEXT(2) 
PARAMETRIC_REPRESENTATION_CONTEXT() REPRESENTATION_CONTEXT('2D SPACE',''
  ) );
#167 = ADVANCED_FACE('',(#168,#171),#152,.F.);
#168 = FACE_BOUND('',#169,.F.);
#169 = EDGE_LOOP('',(#170));
#170 = ORIENTED_EDGE('',*,*,#128,.T.);
#171 = FACE_BOUND('',#172,.F.);
#172 = EDGE_LOOP('',(#173,#220));
#173 = ORIENTED_EDGE('',*,*,#174,.F.);
#174 = EDGE_CURVE('',#175,#177,#179,.T.);
#175 = VERTEX_POINT('',#176);
#176 = CARTESIAN_POINT('',(56.,40.,-2.));
#177 = VERTEX_POINT('',#178);
#178 = CARTESIAN_POINT('',(24.,40.,-2.));
#179 = SURFACE_CURVE('',#180,(#186,#195),.PCURVE_S1.);
#180 = ( BOUNDED_CURVE() B_SPLINE_CURVE(2,(#181,#182,#183,#184,#185),
.UNSPECIFIED.,.F.,.F.) B_SPLINE_CURVE_WITH_KNOTS((3,2,3),(0.,
1.570796326795,3.14159265359),.PIECEWISE_BEZIER_KNOTS.) CURVE() 
GEOMETRIC_REPRESENTATION_ITEM() RATIONAL_B_SPLINE_CURVE((1.,
0.707106781187,1.,0.707106781187,1.)) REPRESENTATION_ITEM('') );
#181 = CARTESIAN_POINT('',(56.,40.,-2.));
#182 = CARTESIAN_POINT('',(56.,56.,-2.));
#183 = CARTESIAN_POINT('',(40.,56.,-2.));
#184 = CARTESIAN_POINT('',(24.,56.,-2.));
#185 = CARTESIAN_POINT('',(24.,40.,-2.));
#186 = PCURVE('',#152,#187);
#187 = DEFINITIONAL_REPRESENTATION('',(#188),#194);
#188 = ( BOUNDED_CURVE() B_SPLINE_CURVE(2,(#189,#190,#191,#192,#193),
.UNSPECIFIED.,.F.,.F.) B_SPLINE_CURVE_WITH_KNOTS((3,2,3),(0.,
1.570796326795,3.14159265359),.PIECEWISE_BEZIER_KNOTS.) CURVE() 
GEOMETRIC_REPRESENTATION_ITEM() RATIONAL_B_SPLINE_CURVE((1.,
0.707106781187,1.,0.707106781187,1.)) REPRESENTATION_ITEM('') );
#189 = CARTESIAN_POINT('',(16.,0.));
#190 = CARTESIAN_POINT('',(16.,16.));
#191 = CARTESIAN_POINT('',(2.84217094304E-14,16.));
#192 = CARTESIAN_POINT('',(-16.,16.));
#193 = CARTESIAN_POINT('',(-16.,4.973799150321E-14));
#194 = ( GEOMETRIC_REPRESENTATION_CONTEXT(2) 
PARAMETRIC_REPRESENTATION_CONTEXT() REPRESENTATION_CONTEXT('2D SPACE',''
  ) );
#195 = PCURVE('',#196,#212);
#196 = ( BOUNDED_SURFACE() B_SPLINE_SURFACE(2,2,(
    (#197,#198,#199)
    ,(#200,#201,#202)
    ,(#203,#204,#205)
    ,(#206,#207,#208)
    ,(#209,#210,#211
)),.UNSPECIFIED.,.F.,.F.,.F.) B_SPLINE_SURFACE_WITH_KNOTS((3,2,3),(3,3),
  (0.,1.570796326795,3.14159265359),(1.570796326795,3.14159265359),
.PIECEWISE_BEZIER_KNOTS.) GEOMETRIC_REPRESENTATION_ITEM() 
RATIONAL_B_SPLINE_SURFACE((
    (1.,0.707106781187,1.)
    ,(0.707106781187,0.5,0.707106781187)
    ,(1.,0.707106781187,1.)
    ,(0.707106781187,0.5,0.707106781187)
,(1.,0.707106781187,1.))) REPRESENTATION_ITEM('') SURFACE() );
#197 = CARTESIAN_POINT('',(56.,40.,-2.));
#198 = CARTESIAN_POINT('',(54.,40.,-2.));
#199 = CARTESIAN_POINT('',(54.,40.,-4.));
#200 = CARTESIAN_POINT('',(56.,56.,-2.));
#201 = CARTESIAN_POINT('',(54.,54.,-2.));
#202 = CARTESIAN_POINT('',(54.,54.,-4.));
#203 = CARTESIAN_POINT('',(40.,56.,-2.));
#204 = CARTESIAN_POINT('',(40.,54.,-2.));
#205 = CARTESIAN_POINT('',(40.,54.,-4.));
#206 = CARTESIAN_POINT('',(24.,56.,-2.));
#207 = CARTESIAN_POINT('',(26.,54.,-2.));
#208 = CARTESIAN_POINT('',(26.,54.,-4.));
#209 = CARTESIAN_POINT('',(24.,40.,-2.));
#210 = CARTESIAN_POINT('',(26.,40.,-2.));
#211 = CARTESIAN_POINT('',(26.,40.,-4.));
#212 = DEFINITIONAL_REPRESENTATION('',(#213),#219);
#213 = B_SPLINE_CURVE_WITH_KNOTS('',2,(#214,#215,#216,#217,#218),
  .UNSPECIFIED.,.F.,.F.,(3,2,3),(0.,1.570796326795,3.14159265359),
  .PIECEWISE_BEZIER_KNOTS.);
#214 = CARTESIAN_POINT('',(0.,1.570796326795));
#215 = CARTESIAN_POINT('',(0.785398163397,1.570796326795));
#216 = CARTESIAN_POINT('',(1.570796326795,1.570796326795));
#217 = CARTESIAN_POINT('',(2.356194490192,1.570796326795));
#218 = CARTESIAN_POINT('',(3.14159265359,1.570796326795));
#219 = ( GEOMETRIC_REPRESENTATION_CONTEXT(2) 
PARAMETRIC_REPRESENTATION_CONTEXT() REPRESENTATION_CONTEXT('2D SPACE',''
  ) );
#220 = ORIENTED_EDGE('',*,*,#221,.F.);
#221 = EDGE_CURVE('',#177,#175,#222,.T.);
#222 = SURFACE_CURVE('',#223,(#229,#238),.PCURVE_S1.);
#223 = ( BOUNDED_CURVE() B_SPLINE_CURVE(2,(#224,#225,#226,#227,#228),
.UNSPECIFIED.,.F.,.F.) B_SPLINE_CURVE_WITH_KNOTS((3,2,3),(3.14159265359,
4.712388980385,6.28318530718),.PIECEWISE_BEZIER_KNOTS.) CURVE() 
GEOMETRIC_REPRESENTATION_ITEM() RATIONAL_B_SPLINE_CURVE((1.,
0.707106781187,1.,0.707106781187,1.)) REPRESENTATION_ITEM('') );
#224 = CARTESIAN_POINT('',(24.,40.,-2.));
#225 = CARTESIAN_POINT('',(24.,24.,-2.));
#226 = CARTESIAN_POINT('',(40.,24.,-2.));
#227 = CARTESIAN_POINT('',(56.,24.,-2.));
#228 = CARTESIAN_POINT('',(56.,40.,-2.));
#229 = PCURVE('',#152,#230);
#230 = DEFINITIONAL_REPRESENTATION('',(#231),#237);
#231 = ( BOUNDED_CURVE() B_SPLINE_CURVE(2,(#232,#233,#234,#235,#236),
.UNSPECIFIED.,.F.,.F.) B_SPLINE_CURVE_WITH_KNOTS((3,2,3),(3.14159265359,
4.712388980385,6.28318530718),.PIECEWISE_BEZIER_KNOTS.) CURVE() 
GEOMETRIC_REPRESENTATION_ITEM() RATIONAL_B_SPLINE_CURVE((1.,
0.707106781187,1.,0.707106781187,1.)) REPRESENTATION_ITEM('') );
#232 = CARTESIAN_POINT('',(-16.,4.973799150321E-14));
#233 = CARTESIAN_POINT('',(-16.,-16.));
#234 = CARTESIAN_POINT('',(0.,-16.));
#235 = CARTESIAN_POINT('',(16.,-16.));
#236 = CARTESIAN_POINT('',(16.,4.973799150321E-14));
#237 = ( GEOMETRIC_REPRESENTATION_CONTEXT(2) 
PARAMETRIC_REPRESENTATION_CONTEXT() REPRESENTATION_CONTEXT('2D SPACE',''
  ) );
#238 = PCURVE('',#239,#255);
#239 = ( BOUNDED_SURFACE() B_SPLINE_SURFACE(2,2,(
    (#240,#241,#242)
    ,(#243,#244,#245)
    ,(#246,#247,#248)
    ,(#249,#250,#251)
    ,(#252,#253,#254
)),.UNSPECIFIED.,.F.,.F.,.F.) B_SPLINE_SURFACE_WITH_KNOTS((3,2,3),(3,3),
  (3.14159265359,4.712388980385,6.28318530718),(1.570796326795,
    3.14159265359),.PIECEWISE_BEZIER_KNOTS.) 
GEOMETRIC_REPRESENTATION_ITEM() RATIONAL_B_SPLINE_SURFACE((
    (1.,0.707106781187,1.)
    ,(0.707106781187,0.5,0.707106781187)
    ,(1.,0.707106781187,1.)
    ,(0.707106781187,0.5,0.707106781187)
,(1.,0.707106781187,1.))) REPRESENTATION_ITEM('') SURFACE() );
#240 = CARTESIAN_POINT('',(24.,40.,-2.));
#241 = CARTESIAN_POINT('',(26.,40.,-2.));
#242 = CARTESIAN_POINT('',(26.,40.,-4.));
#243 = CARTESIAN_POINT('',(24.,24.,-2.));
#244 = CARTESIAN_POINT('',(26.,26.,-2.));
#245 = CARTESIAN_POINT('',(26.,26.,-4.));
#246 = CARTESIAN_POINT('',(40.,24.,-2.));
#247 = CARTESIAN_POINT('',(40.,26.,-2.));
#248 = CARTESIAN_POINT('',(40.,26.,-4.));
#249 = CARTESIAN_POINT('',(56.,24.,-2.));
#250 = CARTESIAN_POINT('',(54.,26.,-2.));
#251 = CARTESIAN_POINT('',(54.,26.,-4.));
#252 = CARTESIAN_POINT('',(56.,40.,-2.));
#253 = CARTESIAN_POINT('',(54.,40.,-2.));
#254 = CARTESIAN_POINT('',(54.,40.,-4.));
#255 = DEFINITIONAL_REPRESENTATION('',(#256),#262);
#256 = B_SPLINE_CURVE_WITH_KNOTS('',2,(#257,#258,#259,#260,#261),
  .UNSPECIFIED.,.F.,.F.,(3,2,3),(3.14159265359,4.712388980385,
    6.28318530718),.PIECEWISE_BEZIER_KNOTS.);
#257 = CARTESIAN_POINT('',(3.14159265359,1.570796326795));
#258 = CARTESIAN_POINT('',(3.926990816987,1.570796326795));
#259 = CARTESIAN_POINT('',(4.712388980385,1.570796326795));
#260 = CARTESIAN_POINT('',(5.497787143782,1.570796326795));
#261 = CARTESIAN_POINT('',(6.28318530718,1.570796326795));
#262 = ( GEOMETRIC_REPRESENTATION_CONTEXT(2) 
PARAMETRIC_REPRESENTATION_CONTEXT() REPRESENTATION_CONTEXT('2D SPACE',''
  ) );
#263 = ADVANCED_FACE('',(#264),#239,.F.);
#264 = FACE_BOUND('',#265,.F.);
#265 = EDGE_LOOP('',(#266,#267,#322,#489));
#266 = ORIENTED_EDGE('',*,*,#221,.T.);
#267 = ORIENTED_EDGE('',*,*,#268,.T.);
#268 = EDGE_CURVE('',#175,#269,#271,.T.);
#269 = VERTEX_POINT('',#270);
#270 = CARTESIAN_POINT('',(54.,40.,-4.));
#271 = SURFACE_CURVE('',#272,(#282,#302),.PCURVE_S1.);
#272 = B_SPLINE_CURVE_WITH_KNOTS('',8,(#273,#274,#275,#276,#277,#278,
    #279,#280,#281),.UNSPECIFIED.,.F.,.F.,(9,9),(0.,1.570796326795),
  .PIECEWISE_BEZIER_KNOTS.);
#273 = CARTESIAN_POINT('',(56.,40.,-2.));
#274 = CARTESIAN_POINT('',(55.607300918301,40.,-2.));
#275 = CARTESIAN_POINT('',(55.214601712991,40.,-2.088121577922));
#276 = CARTESIAN_POINT('',(54.844973531331,40.000000000001,
    -2.264363868257));
#277 = CARTESIAN_POINT('',(54.521482488439,39.999999999999,
    -2.52148248844));
#278 = CARTESIAN_POINT('',(54.264363868258,40.000000000001,
    -2.84497353133));
#279 = CARTESIAN_POINT('',(54.088121577922,39.999999999999,
    -3.214601712992));
#280 = CARTESIAN_POINT('',(54.,40.,-3.607300918301));
#281 = CARTESIAN_POINT('',(54.,40.,-4.));
#282 = PCURVE('',#239,#283);
#283 = DEFINITIONAL_REPRESENTATION('',(#284),#301);
#284 = B_SPLINE_CURVE_WITH_KNOTS('',8,(#285,#286,#287,#288,#289,#290,
    #291,#292,#293,#294,#295,#296,#297,#298,#299,#300),.UNSPECIFIED.,.F.
  ,.F.,(9,7,9),(0.,0.785398163397,1.570796326795),.UNSPECIFIED.);
#285 = CARTESIAN_POINT('',(6.28318530718,1.570796326795));
#286 = CARTESIAN_POINT('',(6.283185307185,1.679841077953));
#287 = CARTESIAN_POINT('',(6.283185307086,1.783818049678));
#288 = CARTESIAN_POINT('',(6.28318530654,1.883939987602));
#289 = CARTESIAN_POINT('',(6.283185305978,1.981158305959));
#290 = CARTESIAN_POINT('',(6.283185306741,2.076284490232));
#291 = CARTESIAN_POINT('',(6.283185307198,2.170043443743));
#292 = CARTESIAN_POINT('',(6.283185307171,2.263118975231));
#293 = CARTESIAN_POINT('',(6.283185307134,2.449270005173));
#294 = CARTESIAN_POINT('',(6.283185307323,2.542345536667));
#295 = CARTESIAN_POINT('',(6.28318530602,2.636104489723));
#296 = CARTESIAN_POINT('',(6.283185306647,2.731230673751));
#297 = CARTESIAN_POINT('',(6.283185306402,2.828448992664));
#298 = CARTESIAN_POINT('',(6.283185307344,2.928570930681));
#299 = CARTESIAN_POINT('',(6.283185307118,3.032547902444));
#300 = CARTESIAN_POINT('',(6.28318530718,3.14159265359));
#301 = ( GEOMETRIC_REPRESENTATION_CONTEXT(2) 
PARAMETRIC_REPRESENTATION_CONTEXT() REPRESENTATION_CONTEXT('2D SPACE',''
  ) );
#302 = PCURVE('',#196,#303);
#303 = DEFINITIONAL_REPRESENTATION('',(#304),#321);
#304 = B_SPLINE_CURVE_WITH_KNOTS('',8,(#305,#306,#307,#308,#309,#310,
    #311,#312,#313,#314,#315,#316,#317,#318,#319,#320),.UNSPECIFIED.,.F.
  ,.F.,(9,7,9),(0.,0.785398163397,1.570796326795),.UNSPECIFIED.);
#305 = CARTESIAN_POINT('',(-4.932590933658E-16,1.570796326795));
#306 = CARTESIAN_POINT('',(2.86836670402E-15,1.679841077985));
#307 = CARTESIAN_POINT('',(3.766843759227E-15,1.783818049445));
#308 = CARTESIAN_POINT('',(-2.452976083524E-14,1.883939988017));
#309 = CARTESIAN_POINT('',(3.378530327173E-14,1.981158305187));
#310 = CARTESIAN_POINT('',(-2.709385508107E-14,2.076284490856));
#311 = CARTESIAN_POINT('',(1.158144816902E-14,2.170043443481));
#312 = CARTESIAN_POINT('',(-3.340794379945E-15,2.263118975267));
#313 = CARTESIAN_POINT('',(2.255244561997E-15,2.449270005127));
#314 = CARTESIAN_POINT('',(-6.886375723813E-15,2.542345536854));
#315 = CARTESIAN_POINT('',(3.890653761979E-15,2.636104489481));
#316 = CARTESIAN_POINT('',(1.020920933161E-14,2.731230673933));
#317 = CARTESIAN_POINT('',(-1.983434174025E-14,2.828448992154));
#318 = CARTESIAN_POINT('',(4.643487767946E-15,2.928570930841));
#319 = CARTESIAN_POINT('',(4.687668534666E-15,3.032547902422));
#320 = CARTESIAN_POINT('',(0.,3.14159265359));
#321 = ( GEOMETRIC_REPRESENTATION_CONTEXT(2) 
PARAMETRIC_REPRESENTATION_CONTEXT() REPRESENTATION_CONTEXT('2D SPACE',''
  ) );
#322 = ORIENTED_EDGE('',*,*,#323,.F.);
#323 = EDGE_CURVE('',#324,#269,#326,.T.);
#324 = VERTEX_POINT('',#325);
#325 = CARTESIAN_POINT('',(26.,40.,-4.));
#326 = SURFACE_CURVE('',#327,(#340,#409),.PCURVE_S1.);
#327 = B_SPLINE_CURVE_WITH_KNOTS('',11,(#328,#329,#330,#331,#332,#333,
    #334,#335,#336,#337,#338,#339),.UNSPECIFIED.,.F.,.F.,(12,12),(
    3.14159265359,6.28318530718),.PIECEWISE_BEZIER_KNOTS.);
#328 = CARTESIAN_POINT('',(26.,40.,-4.));
#329 = CARTESIAN_POINT('',(26.,36.001609349978,-4.));
#330 = CARTESIAN_POINT('',(27.25613149504,32.003219012525,-4.));
#331 = CARTESIAN_POINT('',(29.768394189672,28.443298551729,
    -3.999999999999));
#332 = CARTESIAN_POINT('',(33.364602041308,25.760335198085,
    -4.000000000002));
#333 = CARTESIAN_POINT('',(37.700372314554,24.315477011684,
    -3.999999999998));
#334 = CARTESIAN_POINT('',(42.299627685451,24.31547701167,
    -4.000000000003));
#335 = CARTESIAN_POINT('',(46.635397958682,25.760335198096,
    -3.999999999998));
#336 = CARTESIAN_POINT('',(50.231605810338,28.443298551722,
    -4.000000000002));
#337 = CARTESIAN_POINT('',(52.743868504955,32.003219012528,
    -3.999999999999));
#338 = CARTESIAN_POINT('',(54.000000000001,36.001609349977,-4.));
#339 = CARTESIAN_POINT('',(54.,40.,-4.));
#340 = PCURVE('',#239,#341);
#341 = DEFINITIONAL_REPRESENTATION('',(#342),#408);
#342 = B_SPLINE_CURVE_WITH_KNOTS('',8,(#343,#344,#345,#346,#347,#348,
    #349,#350,#351,#352,#353,#354,#355,#356,#357,#358,#359,#360,#361,
    #362,#363,#364,#365,#366,#367,#368,#369,#370,#371,#372,#373,#374,
    #375,#376,#377,#378,#379,#380,#381,#382,#383,#384,#385,#386,#387,
    #388,#389,#390,#391,#392,#393,#394,#395,#396,#397,#398,#399,#400,
    #401,#402,#403,#404,#405,#406,#407),.UNSPECIFIED.,.F.,.F.,(9,7,7,7,7
    ,7,7,7,7,9),(3.14159265359,3.926990816987,4.516039439535,
    4.626486056263,4.678257907854,4.703334898469,4.709506189128,
    4.712579781155,5.497882544167,6.28318530718),.UNSPECIFIED.);
#343 = CARTESIAN_POINT('',(3.14159265359,3.14159265359));
#344 = CARTESIAN_POINT('',(3.250637404766,3.141592653547));
#345 = CARTESIAN_POINT('',(3.354614356173,3.141592653888));
#346 = CARTESIAN_POINT('',(3.454736332105,3.141592652654));
#347 = CARTESIAN_POINT('',(3.551954638687,3.1415926536));
#348 = CARTESIAN_POINT('',(3.647080814596,3.141592652982));
#349 = CARTESIAN_POINT('',(3.740839765995,3.141592653759));
#350 = CARTESIAN_POINT('',(3.833915299627,3.141592653544));
#351 = CARTESIAN_POINT('',(3.996797456886,3.141592653593));
#352 = CARTESIAN_POINT('',(4.066604089211,3.141592653595));
#353 = CARTESIAN_POINT('',(4.136699097661,3.141592653597));
#354 = CARTESIAN_POINT('',(4.207370757937,3.141592653579));
#355 = CARTESIAN_POINT('',(4.278917518681,3.141592653576));
#356 = CARTESIAN_POINT('',(4.351657702071,3.141592653599));
#357 = CARTESIAN_POINT('',(4.4259420068,3.141592653595));
#358 = CARTESIAN_POINT('',(4.516465354681,3.14159265359));
#359 = CARTESIAN_POINT('',(4.530826930337,3.14159265359));
#360 = CARTESIAN_POINT('',(4.545259561664,3.14159265359));
#361 = CARTESIAN_POINT('',(4.559765959716,3.14159265359));
#362 = CARTESIAN_POINT('',(4.574348908315,3.14159265359));
#363 = CARTESIAN_POINT('',(4.589011264058,3.14159265359));
#364 = CARTESIAN_POINT('',(4.603755956311,3.14159265359));
#365 = CARTESIAN_POINT('',(4.625537565338,3.14159265359));
#366 = CARTESIAN_POINT('',(4.632507896427,3.14159265359));
#367 = CARTESIAN_POINT('',(4.639497290539,3.14159265359));
#368 = CARTESIAN_POINT('',(4.646506062015,3.14159265359));
#369 = CARTESIAN_POINT('',(4.65353452948,3.14159265359));
#370 = CARTESIAN_POINT('',(4.660583015836,3.14159265359));
#371 = CARTESIAN_POINT('',(4.66765184827,3.14159265359));
#372 = CARTESIAN_POINT('',(4.678175340135,3.14159265359));
#373 = CARTESIAN_POINT('',(4.681614172644,3.14159265359));
#374 = CARTESIAN_POINT('',(4.685057894113,3.14159265359));
#375 = CARTESIAN_POINT('',(4.688506542885,3.14159265359));
#376 = CARTESIAN_POINT('',(4.691960157299,3.14159265359));
#377 = CARTESIAN_POINT('',(4.695418775696,3.14159265359));
#378 = CARTESIAN_POINT('',(4.698882436415,3.14159265359));
#379 = CARTESIAN_POINT('',(4.703204811446,3.14159265359));
#380 = CARTESIAN_POINT('',(4.704058754584,3.14159265359));
#381 = CARTESIAN_POINT('',(4.704913007214,3.14159265359));
#382 = CARTESIAN_POINT('',(4.705767569335,3.14159265359));
#383 = CARTESIAN_POINT('',(4.706622440948,3.14159265359));
#384 = CARTESIAN_POINT('',(4.707477622051,3.14159265359));
#385 = CARTESIAN_POINT('',(4.708333112646,3.14159265359));
#386 = CARTESIAN_POINT('',(4.709615137831,3.141592653591));
#387 = CARTESIAN_POINT('',(4.710041471451,3.141592653614));
#388 = CARTESIAN_POINT('',(4.710467793368,3.141592653574));
#389 = CARTESIAN_POINT('',(4.710894312905,3.141592653579));
#390 = CARTESIAN_POINT('',(4.711320869389,3.141592653599));
#391 = CARTESIAN_POINT('',(4.71174738604,3.141592653581));
#392 = CARTESIAN_POINT('',(4.7121741884,3.141592653597));
#393 = CARTESIAN_POINT('',(4.82162378867,3.141592653558));
#394 = CARTESIAN_POINT('',(4.925581880434,3.141592653705));
#395 = CARTESIAN_POINT('',(5.025687227334,3.14159265306));
#396 = CARTESIAN_POINT('',(5.12289063623,3.141592653272));
#397 = CARTESIAN_POINT('',(5.218003244882,3.141592653052));
#398 = CARTESIAN_POINT('',(5.311749647206,3.141592653621));
#399 = CARTESIAN_POINT('',(5.404813377519,3.141592653564));
#400 = CARTESIAN_POINT('',(5.59094180093,3.141592653591));
#401 = CARTESIAN_POINT('',(5.684006527072,3.141592653577));
#402 = CARTESIAN_POINT('',(5.777754919428,3.14159265342));
#403 = CARTESIAN_POINT('',(5.872870556326,3.141592653085));
#404 = CARTESIAN_POINT('',(5.970078112698,3.141592653341));
#405 = CARTESIAN_POINT('',(6.070188864364,3.141592653599));
#406 = CARTESIAN_POINT('',(6.174153801408,3.141592653584));
#407 = CARTESIAN_POINT('',(6.28318530718,3.14159265359));
#408 = ( GEOMETRIC_REPRESENTATION_CONTEXT(2) 
PARAMETRIC_REPRESENTATION_CONTEXT() REPRESENTATION_CONTEXT('2D SPACE',''
  ) );
#409 = PCURVE('',#410,#421);
#410 = ( BOUNDED_SURFACE() B_SPLINE_SURFACE(2,1,(
    (#411,#412)
    ,(#413,#414)
    ,(#415,#416)
    ,(#417,#418)
,(#419,#420
    )),.UNSPECIFIED.,.F.,.F.,.F.) B_SPLINE_SURFACE_WITH_KNOTS((3,2,3),(2
    ,2),(3.14159265359,4.712388980385,6.28318530718),(0.,8.),
.PIECEWISE_BEZIER_KNOTS.) GEOMETRIC_REPRESENTATION_ITEM() 
RATIONAL_B_SPLINE_SURFACE((
    (1.,1.)
    ,(0.707106781187,0.707106781187)
    ,(1.,1.)
    ,(0.707106781187,0.707106781187)
,(1.,1.))) REPRESENTATION_ITEM('') SURFACE() );
#411 = CARTESIAN_POINT('',(26.,40.,-4.));
#412 = CARTESIAN_POINT('',(26.,40.,-12.));
#413 = CARTESIAN_POINT('',(26.,26.,-4.));
#414 = CARTESIAN_POINT('',(26.,26.,-12.));
#415 = CARTESIAN_POINT('',(40.,26.,-4.));
#416 = CARTESIAN_POINT('',(40.,26.,-12.));
#417 = CARTESIAN_POINT('',(54.,26.,-4.));
#418 = CARTESIAN_POINT('',(54.,26.,-12.));
#419 = CARTESIAN_POINT('',(54.,40.,-4.));
#420 = CARTESIAN_POINT('',(54.,40.,-12.));
#421 = DEFINITIONAL_REPRESENTATION('',(#422),#488);
#422 = B_SPLINE_CURVE_WITH_KNOTS('',8,(#423,#424,#425,#426,#427,#428,
    #429,#430,#431,#432,#433,#434,#435,#436,#437,#438,#439,#440,#441,
    #442,#443,#444,#445,#446,#447,#448,#449,#450,#451,#452,#453,#454,
    #455,#456,#457,#458,#459,#460,#461,#462,#463,#464,#465,#466,#467,
    #468,#469,#470,#471,#472,#473,#474,#475,#476,#477,#478,#479,#480,
    #481,#482,#483,#484,#485,#486,#487),.UNSPECIFIED.,.F.,.F.,(9,7,7,7,7
    ,7,7,7,7,9),(3.14159265359,3.926990816987,4.516039439535,
    4.626486056263,4.678257907854,4.703334898469,4.709506189128,
    4.721800557237,5.502492932209,6.28318530718),.UNSPECIFIED.);
#423 = CARTESIAN_POINT('',(3.14159265359,-3.552713678801E-15));
#424 = CARTESIAN_POINT('',(3.250637140702,-1.38745641447E-14));
#425 = CARTESIAN_POINT('',(3.354615428667,1.193231614047E-14));
#426 = CARTESIAN_POINT('',(3.454734876336,8.694600967386E-15));
#427 = CARTESIAN_POINT('',(3.551954978432,-4.165657704427E-15));
#428 = CARTESIAN_POINT('',(3.647081761834,-3.630904148365E-15));
#429 = CARTESIAN_POINT('',(3.740838897709,3.717254540977E-15));
#430 = CARTESIAN_POINT('',(3.833915529502,-3.69141032697E-15));
#431 = CARTESIAN_POINT('',(3.99679743067,2.227561384715E-15));
#432 = CARTESIAN_POINT('',(4.066604192188,-4.960056931089E-15));
#433 = CARTESIAN_POINT('',(4.136698970209,2.577248842482E-15));
#434 = CARTESIAN_POINT('',(4.207370757926,6.494960706194E-15));
#435 = CARTESIAN_POINT('',(4.27891764615,-2.206160855152E-15));
#436 = CARTESIAN_POINT('',(4.351657599146,-8.363206576108E-15));
#437 = CARTESIAN_POINT('',(4.425942032984,5.152721909464E-15));
#438 = CARTESIAN_POINT('',(4.516465354681,4.707324954238E-16));
#439 = CARTESIAN_POINT('',(4.530826930337,-7.75503303293E-16));
#440 = CARTESIAN_POINT('',(4.545259561664,-2.546824454314E-15));
#441 = CARTESIAN_POINT('',(4.559765959716,-3.09818169115E-15));
#442 = CARTESIAN_POINT('',(4.574348908315,-1.904037010815E-15));
#443 = CARTESIAN_POINT('',(4.589011264058,3.416363261735E-16));
#444 = CARTESIAN_POINT('',(4.603755956311,1.7253537958E-15));
#445 = CARTESIAN_POINT('',(4.625537572955,-1.122533114753E-15));
#446 = CARTESIAN_POINT('',(4.63250789878,-1.021503130826E-15));
#447 = CARTESIAN_POINT('',(4.639497285452,-7.178372652482E-16));
#448 = CARTESIAN_POINT('',(4.646506053735,-3.465823455887E-16));
#449 = CARTESIAN_POINT('',(4.653534524392,-4.27851994189E-17));
#450 = CARTESIAN_POINT('',(4.660583018188,5.850734569071E-17));
#451 = CARTESIAN_POINT('',(4.667651855885,-1.777515378306E-16));
#452 = CARTESIAN_POINT('',(4.678175340135,1.752594955368E-16));
#453 = CARTESIAN_POINT('',(4.681614172644,5.70690223828E-16));
#454 = CARTESIAN_POINT('',(4.685057894113,5.049750098209E-16));
#455 = CARTESIAN_POINT('',(4.688506542885,1.834053560167E-16));
#456 = CARTESIAN_POINT('',(4.691960157299,-1.887272350836E-16));
#457 = CARTESIAN_POINT('',(4.695418775696,-4.061312609791E-16));
#458 = CARTESIAN_POINT('',(4.698882436415,-2.635152191688E-16));
#459 = CARTESIAN_POINT('',(4.703204811446,-1.555083710486E-17));
#460 = CARTESIAN_POINT('',(4.704058754584,-3.441056722279E-16));
#461 = CARTESIAN_POINT('',(4.704913007214,-5.412521125207E-16));
#462 = CARTESIAN_POINT('',(4.705767569335,-6.069901579832E-16));
#463 = CARTESIAN_POINT('',(4.706622440948,-5.413198086156E-16));
#464 = CARTESIAN_POINT('',(4.707477622051,-3.442410644177E-16));
#465 = CARTESIAN_POINT('',(4.708333112646,-1.575392538952E-17));
#466 = CARTESIAN_POINT('',(4.710894037345,-5.525427641052E-15));
#467 = CARTESIAN_POINT('',(4.712598188696,1.810870149694E-14));
#468 = CARTESIAN_POINT('',(4.714313308988,-3.393329186168E-14));
#469 = CARTESIAN_POINT('',(4.71600987377,3.753779276562E-14));
#470 = CARTESIAN_POINT('',(4.717719321008,-2.985507187772E-14));
#471 = CARTESIAN_POINT('',(4.719419984747,1.452962251576E-14));
#472 = CARTESIAN_POINT('',(4.721122050937,-3.668707688041E-15));
#473 = CARTESIAN_POINT('',(4.830794571896,2.51361581059E-15));
#474 = CARTESIAN_POINT('',(4.93384665622,-1.06276927933E-15));
#475 = CARTESIAN_POINT('',(5.033149375886,-2.8071739964E-15));
#476 = CARTESIAN_POINT('',(5.129636741201,-1.88618283219E-15));
#477 = CARTESIAN_POINT('',(5.224095916925,-5.357376455795E-16));
#478 = CARTESIAN_POINT('',(5.317235245077,-7.043329551195E-16));
#479 = CARTESIAN_POINT('',(5.409730377673,-1.802124447072E-15));
#480 = CARTESIAN_POINT('',(5.594766656382,1.757984185787E-15));
#481 = CARTESIAN_POINT('',(5.687310367037,-4.217477676685E-15));
#482 = CARTESIAN_POINT('',(5.780546771089,1.360895794427E-15));
#483 = CARTESIAN_POINT('',(5.875153595576,-6.320930867715E-15));
#484 = CARTESIAN_POINT('',(5.97184311593,-2.086204651781E-14));
#485 = CARTESIAN_POINT('',(6.071408729624,-1.163974974136E-15));
#486 = CARTESIAN_POINT('',(6.174794162418,6.066234767014E-14));
#487 = CARTESIAN_POINT('',(6.28318530718,0.));
#488 = ( GEOMETRIC_REPRESENTATION_CONTEXT(2) 
PARAMETRIC_REPRESENTATION_CONTEXT() REPRESENTATION_CONTEXT('2D SPACE',''
  ) );
#489 = ORIENTED_EDGE('',*,*,#490,.F.);
#490 = EDGE_CURVE('',#177,#324,#491,.T.);
#491 = SURFACE_CURVE('',#492,(#502,#522),.PCURVE_S1.);
#492 = B_SPLINE_CURVE_WITH_KNOTS('',8,(#493,#494,#495,#496,#497,#498,
    #499,#500,#501),.UNSPECIFIED.,.F.,.F.,(9,9),(1.570796326795,
    3.14159265359),.PIECEWISE_BEZIER_KNOTS.);
#493 = CARTESIAN_POINT('',(24.,40.,-2.));
#494 = CARTESIAN_POINT('',(24.392699081699,40.,-2.));
#495 = CARTESIAN_POINT('',(24.785398287009,40.000000000001,
    -2.088121577922));
#496 = CARTESIAN_POINT('',(25.15502646867,39.999999999999,
    -2.264363868257));
#497 = CARTESIAN_POINT('',(25.47851751156,40.000000000001,-2.52148248844
    ));
#498 = CARTESIAN_POINT('',(25.735636131743,39.999999999999,
    -2.84497353133));
#499 = CARTESIAN_POINT('',(25.911878422078,40.,-3.214601712992));
#500 = CARTESIAN_POINT('',(26.,40.,-3.607300918301));
#501 = CARTESIAN_POINT('',(26.,40.,-4.));
#502 = PCURVE('',#239,#503);
#503 = DEFINITIONAL_REPRESENTATION('',(#504),#521);
#504 = B_SPLINE_CURVE_WITH_KNOTS('',8,(#505,#506,#507,#508,#509,#510,
    #511,#512,#513,#514,#515,#516,#517,#518,#519,#520),.UNSPECIFIED.,.F.
  ,.F.,(9,7,9),(1.570796326795,2.356194490192,3.14159265359),
  .UNSPECIFIED.);
#505 = CARTESIAN_POINT('',(3.14159265359,1.570796326795));
#506 = CARTESIAN_POINT('',(3.141592653611,1.679841077994));
#507 = CARTESIAN_POINT('',(3.141592653371,1.783818049409));
#508 = CARTESIAN_POINT('',(3.141592653941,1.883939988228));
#509 = CARTESIAN_POINT('',(3.141592652392,1.981158304823));
#510 = CARTESIAN_POINT('',(3.141592653899,2.076284491016));
#511 = CARTESIAN_POINT('',(3.141592653381,2.170043443416));
#512 = CARTESIAN_POINT('',(3.14159265361,2.263118975275));
#513 = CARTESIAN_POINT('',(3.141592653623,2.449270005151));
#514 = CARTESIAN_POINT('',(3.141592653362,2.542345536808));
#515 = CARTESIAN_POINT('',(3.141592653635,2.636104489485));
#516 = CARTESIAN_POINT('',(3.141592652385,2.731230673809));
#517 = CARTESIAN_POINT('',(3.141592653853,2.828448992305));
#518 = CARTESIAN_POINT('',(3.141592653359,2.92857093082));
#519 = CARTESIAN_POINT('',(3.141592653616,3.032547902424));
#520 = CARTESIAN_POINT('',(3.14159265359,3.14159265359));
#521 = ( GEOMETRIC_REPRESENTATION_CONTEXT(2) 
PARAMETRIC_REPRESENTATION_CONTEXT() REPRESENTATION_CONTEXT('2D SPACE',''
  ) );
#522 = PCURVE('',#196,#523);
#523 = DEFINITIONAL_REPRESENTATION('',(#524),#541);
#524 = B_SPLINE_CURVE_WITH_KNOTS('',8,(#525,#526,#527,#528,#529,#530,
    #531,#532,#533,#534,#535,#536,#537,#538,#539,#540),.UNSPECIFIED.,.F.
  ,.F.,(9,7,9),(1.570796326795,2.356194490192,3.14159265359),
  .UNSPECIFIED.);
#525 = CARTESIAN_POINT('',(3.14159265359,1.570796326795));
#526 = CARTESIAN_POINT('',(3.141592653584,1.679841077977));
#527 = CARTESIAN_POINT('',(3.14159265356,1.783818049493));
#528 = CARTESIAN_POINT('',(3.141592653519,1.883939987992));
#529 = CARTESIAN_POINT('',(3.141592652887,1.981158305208));
#530 = CARTESIAN_POINT('',(3.141592653463,2.076284490615));
#531 = CARTESIAN_POINT('',(3.141592653577,2.170043443517));
#532 = CARTESIAN_POINT('',(3.141592653594,2.263118975249));
#533 = CARTESIAN_POINT('',(3.141592653625,2.449270005123));
#534 = CARTESIAN_POINT('',(3.141592653371,2.542345536936));
#535 = CARTESIAN_POINT('',(3.141592653941,2.636104489352));
#536 = CARTESIAN_POINT('',(3.14159265216,2.731230674377));
#537 = CARTESIAN_POINT('',(3.141592653899,2.82844899198));
#538 = CARTESIAN_POINT('',(3.141592653381,2.928570930965));
#539 = CARTESIAN_POINT('',(3.141592653624,3.032547902407));
#540 = CARTESIAN_POINT('',(3.14159265359,3.14159265359));
#541 = ( GEOMETRIC_REPRESENTATION_CONTEXT(2) 
PARAMETRIC_REPRESENTATION_CONTEXT() REPRESENTATION_CONTEXT('2D SPACE',''
  ) );
#542 = ADVANCED_FACE('',(#543),#196,.F.);
#543 = FACE_BOUND('',#544,.F.);
#544 = EDGE_LOOP('',(#545,#710,#711,#712));
#545 = ORIENTED_EDGE('',*,*,#546,.F.);
#546 = EDGE_CURVE('',#269,#324,#547,.T.);
#547 = SURFACE_CURVE('',#548,(#561,#630),.PCURVE_S1.);
#548 = B_SPLINE_CURVE_WITH_KNOTS('',11,(#549,#550,#551,#552,#553,#554,
    #555,#556,#557,#558,#559,#560),.UNSPECIFIED.,.F.,.F.,(12,12),(0.,
    3.14159265359),.PIECEWISE_BEZIER_KNOTS.);
#549 = CARTESIAN_POINT('',(54.,40.,-4.));
#550 = CARTESIAN_POINT('',(53.999999999998,43.998390650021,-4.));
#551 = CARTESIAN_POINT('',(52.743868504968,47.99678098748,
    -4.000000000001));
#552 = CARTESIAN_POINT('',(50.23160581031,51.55670144826,-3.999999999998
    ));
#553 = CARTESIAN_POINT('',(46.635397958722,54.239664801931,
    -4.000000000003));
#554 = CARTESIAN_POINT('',(42.299627685409,55.6845229883,-3.999999999996
    ));
#555 = CARTESIAN_POINT('',(37.700372314587,55.684522988343,
    -4.000000000003));
#556 = CARTESIAN_POINT('',(33.364602041289,54.239664801896,
    -3.999999999998));
#557 = CARTESIAN_POINT('',(29.76839418968,51.556701448282,
    -4.000000000001));
#558 = CARTESIAN_POINT('',(27.256131495038,47.99678098747,
    -3.999999999999));
#559 = CARTESIAN_POINT('',(26.000000000001,43.998390650024,-4.));
#560 = CARTESIAN_POINT('',(26.,40.,-4.));
#561 = PCURVE('',#196,#562);
#562 = DEFINITIONAL_REPRESENTATION('',(#563),#629);
#563 = B_SPLINE_CURVE_WITH_KNOTS('',8,(#564,#565,#566,#567,#568,#569,
    #570,#571,#572,#573,#574,#575,#576,#577,#578,#579,#580,#581,#582,
    #583,#584,#585,#586,#587,#588,#589,#590,#591,#592,#593,#594,#595,
    #596,#597,#598,#599,#600,#601,#602,#603,#604,#605,#606,#607,#608,
    #609,#610,#611,#612,#613,#614,#615,#616,#617,#618,#619,#620,#621,
    #622,#623,#624,#625,#626,#627,#628),.UNSPECIFIED.,.F.,.F.,(9,7,7,7,7
    ,7,7,7,7,9),(0.,0.785398163397,1.374446785946,1.484893402673,
    1.536665254264,1.561742244879,1.567913535538,1.570987127565,
    2.356289890578,3.14159265359),.UNSPECIFIED.);
#564 = CARTESIAN_POINT('',(-5.637246781323E-16,3.14159265359));
#565 = CARTESIAN_POINT('',(0.109044751187,3.141592653568));
#566 = CARTESIAN_POINT('',(0.213021702431,3.141592653581));
#567 = CARTESIAN_POINT('',(0.313143679097,3.141592653475));
#568 = CARTESIAN_POINT('',(0.410361985153,3.141592653054));
#569 = CARTESIAN_POINT('',(0.505488161676,3.141592653329));
#570 = CARTESIAN_POINT('',(0.599247112329,3.14159265357));
#571 = CARTESIAN_POINT('',(0.692322646068,3.141592653579));
#572 = CARTESIAN_POINT('',(0.855204803303,3.141592653591));
#573 = CARTESIAN_POINT('',(0.925011435583,3.141592653603));
#574 = CARTESIAN_POINT('',(0.995106444126,3.141592653586));
#575 = CARTESIAN_POINT('',(1.065778104369,3.141592653594));
#576 = CARTESIAN_POINT('',(1.137324865063,3.141592653605));
#577 = CARTESIAN_POINT('',(1.210065048517,3.141592653591));
#578 = CARTESIAN_POINT('',(1.2843493532,3.141592653594));
#579 = CARTESIAN_POINT('',(1.374872701092,3.14159265359));
#580 = CARTESIAN_POINT('',(1.389234276748,3.14159265359));
#581 = CARTESIAN_POINT('',(1.403666908075,3.14159265359));
#582 = CARTESIAN_POINT('',(1.418173306126,3.14159265359));
#583 = CARTESIAN_POINT('',(1.432756254725,3.14159265359));
#584 = CARTESIAN_POINT('',(1.447418610468,3.14159265359));
#585 = CARTESIAN_POINT('',(1.462163302722,3.14159265359));
#586 = CARTESIAN_POINT('',(1.483944911748,3.14159265359));
#587 = CARTESIAN_POINT('',(1.490915242837,3.14159265359));
#588 = CARTESIAN_POINT('',(1.497904636949,3.14159265359));
#589 = CARTESIAN_POINT('',(1.504913408425,3.14159265359));
#590 = CARTESIAN_POINT('',(1.51194187589,3.14159265359));
#591 = CARTESIAN_POINT('',(1.518990362247,3.14159265359));
#592 = CARTESIAN_POINT('',(1.52605919468,3.14159265359));
#593 = CARTESIAN_POINT('',(1.536582686546,3.14159265359));
#594 = CARTESIAN_POINT('',(1.540021519054,3.14159265359));
#595 = CARTESIAN_POINT('',(1.543465240524,3.14159265359));
#596 = CARTESIAN_POINT('',(1.546913889295,3.14159265359));
#597 = CARTESIAN_POINT('',(1.550367503709,3.14159265359));
#598 = CARTESIAN_POINT('',(1.553826122106,3.14159265359));
#599 = CARTESIAN_POINT('',(1.557289782825,3.14159265359));
#600 = CARTESIAN_POINT('',(1.561612157856,3.14159265359));
#601 = CARTESIAN_POINT('',(1.562466100995,3.14159265359));
#602 = CARTESIAN_POINT('',(1.563320353625,3.14159265359));
#603 = CARTESIAN_POINT('',(1.564174915746,3.14159265359));
#604 = CARTESIAN_POINT('',(1.565029787358,3.14159265359));
#605 = CARTESIAN_POINT('',(1.565884968461,3.14159265359));
#606 = CARTESIAN_POINT('',(1.566740459056,3.14159265359));
#607 = CARTESIAN_POINT('',(1.568022484236,3.141592653593));
#608 = CARTESIAN_POINT('',(1.568448817855,3.141592653605));
#609 = CARTESIAN_POINT('',(1.568875139758,3.141592653587));
#610 = CARTESIAN_POINT('',(1.569301659312,3.141592653579));
#611 = CARTESIAN_POINT('',(1.569728215809,3.141592653586));
#612 = CARTESIAN_POINT('',(1.570154732442,3.141592653591));
#613 = CARTESIAN_POINT('',(1.570581534804,3.141592653594));
#614 = CARTESIAN_POINT('',(1.68003113512,3.14159265358));
#615 = CARTESIAN_POINT('',(1.78398922674,3.141592653599));
#616 = CARTESIAN_POINT('',(1.88409457424,3.141592653195));
#617 = CARTESIAN_POINT('',(1.981297982841,3.14159265312));
#618 = CARTESIAN_POINT('',(2.076410592126,3.141592653278));
#619 = CARTESIAN_POINT('',(2.170156993425,3.141592653592));
#620 = CARTESIAN_POINT('',(2.263220723964,3.141592653576));
#621 = CARTESIAN_POINT('',(2.449349147302,3.141592653571));
#622 = CARTESIAN_POINT('',(2.542413873677,3.141592653645));
#623 = CARTESIAN_POINT('',(2.636162265484,3.141592653081));
#624 = CARTESIAN_POINT('',(2.731277903736,3.141592653143));
#625 = CARTESIAN_POINT('',(2.828485459095,3.141592653244));
#626 = CARTESIAN_POINT('',(2.928596211064,3.141592653664));
#627 = CARTESIAN_POINT('',(3.032561147779,3.141592653564));
#628 = CARTESIAN_POINT('',(3.14159265359,3.14159265359));
#629 = ( GEOMETRIC_REPRESENTATION_CONTEXT(2) 
PARAMETRIC_REPRESENTATION_CONTEXT() REPRESENTATION_CONTEXT('2D SPACE',''
  ) );
#630 = PCURVE('',#631,#642);
#631 = ( BOUNDED_SURFACE() B_SPLINE_SURFACE(2,1,(
    (#632,#633)
    ,(#634,#635)
    ,(#636,#637)
    ,(#638,#639)
,(#640,#641
    )),.UNSPECIFIED.,.F.,.F.,.F.) B_SPLINE_SURFACE_WITH_KNOTS((3,2,3),(2
    ,2),(0.,1.570796326795,3.14159265359),(0.,8.),
.PIECEWISE_BEZIER_KNOTS.) GEOMETRIC_REPRESENTATION_ITEM() 
RATIONAL_B_SPLINE_SURFACE((
    (1.,1.)
    ,(0.707106781187,0.707106781187)
    ,(1.,1.)
    ,(0.707106781187,0.707106781187)
,(1.,1.))) REPRESENTATION_ITEM('') SURFACE() );
#632 = CARTESIAN_POINT('',(54.,40.,-4.));
#633 = CARTESIAN_POINT('',(54.,40.,-12.));
#634 = CARTESIAN_POINT('',(54.,54.,-4.));
#635 = CARTESIAN_POINT('',(54.,54.,-12.));
#636 = CARTESIAN_POINT('',(40.,54.,-4.));
#637 = CARTESIAN_POINT('',(40.,54.,-12.));
#638 = CARTESIAN_POINT('',(26.,54.,-4.));
#639 = CARTESIAN_POINT('',(26.,54.,-12.));
#640 = CARTESIAN_POINT('',(26.,40.,-4.));
#641 = CARTESIAN_POINT('',(26.,40.,-12.));
#642 = DEFINITIONAL_REPRESENTATION('',(#643),#709);
#643 = B_SPLINE_CURVE_WITH_KNOTS('',8,(#644,#645,#646,#647,#648,#649,
    #650,#651,#652,#653,#654,#655,#656,#657,#658,#659,#660,#661,#662,
    #663,#664,#665,#666,#667,#668,#669,#670,#671,#672,#673,#674,#675,
    #676,#677,#678,#679,#680,#681,#682,#683,#684,#685,#686,#687,#688,
    #689,#690,#691,#692,#693,#694,#695,#696,#697,#698,#699,#700,#701,
    #702,#703,#704,#705,#706,#707,#708),.UNSPECIFIED.,.F.,.F.,(9,7,7,7,7
    ,7,7,7,7,9),(0.,0.785398163397,1.374446785946,1.484893402673,
    1.536665254264,1.561742244879,1.567913535538,1.580207903648,
    2.360900278619,3.14159265359),.UNSPECIFIED.);
#644 = CARTESIAN_POINT('',(5.637246781323E-16,-4.440892098501E-16));
#645 = CARTESIAN_POINT('',(0.109044487113,-7.372780805703E-14));
#646 = CARTESIAN_POINT('',(0.213022775075,-1.151121907866E-15));
#647 = CARTESIAN_POINT('',(0.313142222746,2.723073874791E-14));
#648 = CARTESIAN_POINT('',(0.410362324844,1.220420099364E-14));
#649 = CARTESIAN_POINT('',(0.505489108245,-1.287856956327E-15));
#650 = CARTESIAN_POINT('',(0.599246244118,5.280561471964E-16));
#651 = CARTESIAN_POINT('',(0.692322875913,-3.710425161867E-15));
#652 = CARTESIAN_POINT('',(0.85520477708,-1.651243717918E-16));
#653 = CARTESIAN_POINT('',(0.925011538598,-4.175128465431E-15));
#654 = CARTESIAN_POINT('',(0.995106316621,-6.010304881636E-16));
#655 = CARTESIAN_POINT('',(1.065778104339,2.655878616551E-15));
#656 = CARTESIAN_POINT('',(1.137324992562,3.499041002276E-16));
#657 = CARTESIAN_POINT('',(1.210064945557,-1.957923301233E-15));
#658 = CARTESIAN_POINT('',(1.284349379394,3.307917811085E-15));
#659 = CARTESIAN_POINT('',(1.374872701092,6.430077156493E-16));
#660 = CARTESIAN_POINT('',(1.389234276748,7.226891568123E-16));
#661 = CARTESIAN_POINT('',(1.403666908075,4.982968024337E-16));
#662 = CARTESIAN_POINT('',(1.418173306126,1.726549134447E-16));
#663 = CARTESIAN_POINT('',(1.432756254725,-1.059999002623E-16));
#664 = CARTESIAN_POINT('',(1.447418610468,-2.440186798333E-16));
#665 = CARTESIAN_POINT('',(1.462163302722,-2.023401174532E-16));
#666 = CARTESIAN_POINT('',(1.483944919365,4.803159393166E-16));
#667 = CARTESIAN_POINT('',(1.49091524519,6.138888841741E-16));
#668 = CARTESIAN_POINT('',(1.497904631862,5.076772253348E-16));
#669 = CARTESIAN_POINT('',(1.504913400145,2.651299099068E-16));
#670 = CARTESIAN_POINT('',(1.511941870802,-1.030411500223E-17));
#671 = CARTESIAN_POINT('',(1.518990364598,-2.151759022843E-16));
#672 = CARTESIAN_POINT('',(1.526059202295,-2.460365048316E-16));
#673 = CARTESIAN_POINT('',(1.536582686546,4.201728572125E-16));
#674 = CARTESIAN_POINT('',(1.540021519054,4.069142987374E-16));
#675 = CARTESIAN_POINT('',(1.543465240524,1.252052643954E-16));
#676 = CARTESIAN_POINT('',(1.546913889295,-2.60536330457E-16));
#677 = CARTESIAN_POINT('',(1.550367503709,-5.858925704629E-16));
#678 = CARTESIAN_POINT('',(1.553826122106,-6.864455402656E-16));
#679 = CARTESIAN_POINT('',(1.557289782825,-3.977773245084E-16));
#680 = CARTESIAN_POINT('',(1.561612157856,2.854658037383E-16));
#681 = CARTESIAN_POINT('',(1.562466100995,1.559743265208E-16));
#682 = CARTESIAN_POINT('',(1.563320353624,5.605556051293E-17));
#683 = CARTESIAN_POINT('',(1.564174915746,-1.429049428523E-17));
#684 = CARTESIAN_POINT('',(1.565029787358,-5.506383787373E-17));
#685 = CARTESIAN_POINT('',(1.565884968461,-6.626447025256E-17));
#686 = CARTESIAN_POINT('',(1.566740459056,-4.789239142172E-17));
#687 = CARTESIAN_POINT('',(1.569301383818,2.21041765345E-17));
#688 = CARTESIAN_POINT('',(1.571005534742,-4.311606954039E-15));
#689 = CARTESIAN_POINT('',(1.572720656551,1.306316345282E-14));
#690 = CARTESIAN_POINT('',(1.574417219813,-1.836786334179E-14));
#691 = CARTESIAN_POINT('',(1.576126668563,1.516027508652E-14));
#692 = CARTESIAN_POINT('',(1.577827330969,-9.097643284694E-15));
#693 = CARTESIAN_POINT('',(1.579529397395,2.541473728835E-15));
#694 = CARTESIAN_POINT('',(1.689201918305,6.710808233422E-16));
#695 = CARTESIAN_POINT('',(1.79225400263,1.165459741537E-15));
#696 = CARTESIAN_POINT('',(1.891556722294,-4.257954332302E-17));
#697 = CARTESIAN_POINT('',(1.988044087608,-6.298082820282E-16));
#698 = CARTESIAN_POINT('',(2.082503263334,1.835529341649E-16));
#699 = CARTESIAN_POINT('',(2.175642591488,5.829322174403E-16));
#700 = CARTESIAN_POINT('',(2.268137724083,-9.938028160844E-16));
#701 = CARTESIAN_POINT('',(2.453174002792,6.314197141518E-16));
#702 = CARTESIAN_POINT('',(2.545717713448,-3.281454974297E-15));
#703 = CARTESIAN_POINT('',(2.6389541175,1.214253552879E-15));
#704 = CARTESIAN_POINT('',(2.733560941988,-4.12511605897E-15));
#705 = CARTESIAN_POINT('',(2.830250462342,-1.394125399663E-14));
#706 = CARTESIAN_POINT('',(2.929816076035,2.15505691828E-15));
#707 = CARTESIAN_POINT('',(3.033201508828,4.85314419939E-14));
#708 = CARTESIAN_POINT('',(3.14159265359,0.));
#709 = ( GEOMETRIC_REPRESENTATION_CONTEXT(2) 
PARAMETRIC_REPRESENTATION_CONTEXT() REPRESENTATION_CONTEXT('2D SPACE',''
  ) );
#710 = ORIENTED_EDGE('',*,*,#268,.F.);
#711 = ORIENTED_EDGE('',*,*,#174,.T.);
#712 = ORIENTED_EDGE('',*,*,#490,.T.);
#713 = ADVANCED_FACE('',(#714),#410,.F.);
#714 = FACE_BOUND('',#715,.F.);
#715 = EDGE_LOOP('',(#716,#717,#739,#847));
#716 = ORIENTED_EDGE('',*,*,#323,.T.);
#717 = ORIENTED_EDGE('',*,*,#718,.T.);
#718 = EDGE_CURVE('',#269,#719,#721,.T.);
#719 = VERTEX_POINT('',#720);
#720 = CARTESIAN_POINT('',(54.,40.,-12.));
#721 = SURFACE_CURVE('',#722,(#725,#732),.PCURVE_S1.);
#722 = B_SPLINE_CURVE_WITH_KNOTS('',1,(#723,#724),.UNSPECIFIED.,.F.,.F.,
  (2,2),(0.,8.),.PIECEWISE_BEZIER_KNOTS.);
#723 = CARTESIAN_POINT('',(54.,40.,-4.));
#724 = CARTESIAN_POINT('',(54.,40.,-12.));
#725 = PCURVE('',#410,#726);
#726 = DEFINITIONAL_REPRESENTATION('',(#727),#731);
#727 = B_SPLINE_CURVE_WITH_KNOTS('',2,(#728,#729,#730),.UNSPECIFIED.,.F.
  ,.F.,(3,3),(0.,8.),.PIECEWISE_BEZIER_KNOTS.);
#728 = CARTESIAN_POINT('',(6.28318530718,0.));
#729 = CARTESIAN_POINT('',(6.28318530718,4.));
#730 = CARTESIAN_POINT('',(6.28318530718,8.));
#731 = ( GEOMETRIC_REPRESENTATION_CONTEXT(2) 
PARAMETRIC_REPRESENTATION_CONTEXT() REPRESENTATION_CONTEXT('2D SPACE',''
  ) );
#732 = PCURVE('',#631,#733);
#733 = DEFINITIONAL_REPRESENTATION('',(#734),#738);
#734 = B_SPLINE_CURVE_WITH_KNOTS('',2,(#735,#736,#737),.UNSPECIFIED.,.F.
  ,.F.,(3,3),(0.,8.),.PIECEWISE_BEZIER_KNOTS.);
#735 = CARTESIAN_POINT('',(5.637246781323E-16,-4.440892098501E-16));
#736 = CARTESIAN_POINT('',(5.637246781323E-16,4.));
#737 = CARTESIAN_POINT('',(5.637246781323E-16,8.));
#738 = ( GEOMETRIC_REPRESENTATION_CONTEXT(2) 
PARAMETRIC_REPRESENTATION_CONTEXT() REPRESENTATION_CONTEXT('2D SPACE',''
  ) );
#739 = ORIENTED_EDGE('',*,*,#740,.F.);
#740 = EDGE_CURVE('',#741,#719,#743,.T.);
#741 = VERTEX_POINT('',#742);
#742 = CARTESIAN_POINT('',(26.,40.,-12.));
#743 = SURFACE_CURVE('',#744,(#757,#826),.PCURVE_S1.);
#744 = B_SPLINE_CURVE_WITH_KNOTS('',11,(#745,#746,#747,#748,#749,#750,
    #751,#752,#753,#754,#755,#756),.UNSPECIFIED.,.F.,.F.,(12,12),(
    3.14159265359,6.28318530718),.PIECEWISE_BEZIER_KNOTS.);
#745 = CARTESIAN_POINT('',(26.,40.,-12.));
#746 = CARTESIAN_POINT('',(26.,36.001609349978,-12.));
#747 = CARTESIAN_POINT('',(27.25613149504,32.003219012525,-12.));
#748 = CARTESIAN_POINT('',(29.768394189672,28.443298551729,-12.));
#749 = CARTESIAN_POINT('',(33.364602041308,25.760335198085,-12.));
#750 = CARTESIAN_POINT('',(37.700372314554,24.315477011684,
    -11.99999999999));
#751 = CARTESIAN_POINT('',(42.299627685451,24.31547701167,-12.));
#752 = CARTESIAN_POINT('',(46.635397958682,25.760335198096,
    -11.99999999999));
#753 = CARTESIAN_POINT('',(50.231605810338,28.443298551722,-12.));
#754 = CARTESIAN_POINT('',(52.743868504955,32.003219012528,
    -11.99999999999));
#755 = CARTESIAN_POINT('',(54.000000000001,36.001609349977,-12.));
#756 = CARTESIAN_POINT('',(54.,40.,-12.));
#757 = PCURVE('',#410,#758);
#758 = DEFINITIONAL_REPRESENTATION('',(#759),#825);
#759 = B_SPLINE_CURVE_WITH_KNOTS('',8,(#760,#761,#762,#763,#764,#765,
    #766,#767,#768,#769,#770,#771,#772,#773,#774,#775,#776,#777,#778,
    #779,#780,#781,#782,#783,#784,#785,#786,#787,#788,#789,#790,#791,
    #792,#793,#794,#795,#796,#797,#798,#799,#800,#801,#802,#803,#804,
    #805,#806,#807,#808,#809,#810,#811,#812,#813,#814,#815,#816,#817,
    #818,#819,#820,#821,#822,#823,#824),.UNSPECIFIED.,.F.,.F.,(9,7,7,7,7
    ,7,7,7,7,9),(3.14159265359,3.926990816987,4.516039439535,
    4.626486056263,4.678257907854,4.703334898469,4.709506189128,
    4.721800557237,5.502492932209,6.28318530718),.UNSPECIFIED.);
#760 = CARTESIAN_POINT('',(3.14159265359,8.));
#761 = CARTESIAN_POINT('',(3.250637140702,8.000000000001));
#762 = CARTESIAN_POINT('',(3.354615428667,8.));
#763 = CARTESIAN_POINT('',(3.454734876336,8.000000000001));
#764 = CARTESIAN_POINT('',(3.551954978432,8.000000000002));
#765 = CARTESIAN_POINT('',(3.647081761834,8.));
#766 = CARTESIAN_POINT('',(3.740838897709,7.999999999999));
#767 = CARTESIAN_POINT('',(3.833915529502,8.000000000002));
#768 = CARTESIAN_POINT('',(3.99679743067,8.000000000002));
#769 = CARTESIAN_POINT('',(4.066604192188,7.999999999998));
#770 = CARTESIAN_POINT('',(4.136698970209,8.000000000001));
#771 = CARTESIAN_POINT('',(4.207370757926,8.000000000003));
#772 = CARTESIAN_POINT('',(4.27891764615,8.));
#773 = CARTESIAN_POINT('',(4.351657599146,7.999999999998));
#774 = CARTESIAN_POINT('',(4.425942032984,8.000000000002));
#775 = CARTESIAN_POINT('',(4.516465354681,8.));
#776 = CARTESIAN_POINT('',(4.530826930337,8.));
#777 = CARTESIAN_POINT('',(4.545259561664,8.));
#778 = CARTESIAN_POINT('',(4.559765959716,8.));
#779 = CARTESIAN_POINT('',(4.574348908315,8.));
#780 = CARTESIAN_POINT('',(4.589011264058,8.));
#781 = CARTESIAN_POINT('',(4.603755956311,8.));
#782 = CARTESIAN_POINT('',(4.625537572955,8.));
#783 = CARTESIAN_POINT('',(4.63250789878,8.));
#784 = CARTESIAN_POINT('',(4.639497285452,8.));
#785 = CARTESIAN_POINT('',(4.646506053735,8.));
#786 = CARTESIAN_POINT('',(4.653534524392,8.));
#787 = CARTESIAN_POINT('',(4.660583018188,8.));
#788 = CARTESIAN_POINT('',(4.667651855885,8.));
#789 = CARTESIAN_POINT('',(4.678175340135,8.));
#790 = CARTESIAN_POINT('',(4.681614172644,8.));
#791 = CARTESIAN_POINT('',(4.685057894113,8.));
#792 = CARTESIAN_POINT('',(4.688506542885,8.));
#793 = CARTESIAN_POINT('',(4.691960157299,8.));
#794 = CARTESIAN_POINT('',(4.695418775696,8.));
#795 = CARTESIAN_POINT('',(4.698882436415,8.));
#796 = CARTESIAN_POINT('',(4.703204811446,8.));
#797 = CARTESIAN_POINT('',(4.704058754584,8.));
#798 = CARTESIAN_POINT('',(4.704913007214,8.));
#799 = CARTESIAN_POINT('',(4.705767569335,8.));
#800 = CARTESIAN_POINT('',(4.706622440948,8.));
#801 = CARTESIAN_POINT('',(4.707477622051,8.));
#802 = CARTESIAN_POINT('',(4.708333112646,8.));
#803 = CARTESIAN_POINT('',(4.710894037345,7.999999999985));
#804 = CARTESIAN_POINT('',(4.712598188696,8.000000000154));
#805 = CARTESIAN_POINT('',(4.714313308988,7.999999999392));
#806 = CARTESIAN_POINT('',(4.71600987377,7.999999998551));
#807 = CARTESIAN_POINT('',(4.717719321008,7.999999999368));
#808 = CARTESIAN_POINT('',(4.719419984747,8.000000000112));
#809 = CARTESIAN_POINT('',(4.721122050937,8.000000000013));
#810 = CARTESIAN_POINT('',(4.830794571896,8.));
#811 = CARTESIAN_POINT('',(4.93384665622,8.000000000001));
#812 = CARTESIAN_POINT('',(5.033149375886,8.000000000001));
#813 = CARTESIAN_POINT('',(5.129636741201,8.));
#814 = CARTESIAN_POINT('',(5.224095916925,8.000000000001));
#815 = CARTESIAN_POINT('',(5.317235245077,8.000000000002));
#816 = CARTESIAN_POINT('',(5.409730377673,8.000000000001));
#817 = CARTESIAN_POINT('',(5.594766656382,7.999999999998));
#818 = CARTESIAN_POINT('',(5.687310367037,8.000000000005));
#819 = CARTESIAN_POINT('',(5.780546771089,7.999999999997));
#820 = CARTESIAN_POINT('',(5.875153595576,7.99999999999));
#821 = CARTESIAN_POINT('',(5.97184311593,7.999999999997));
#822 = CARTESIAN_POINT('',(6.071408729624,8.000000000006));
#823 = CARTESIAN_POINT('',(6.174794162418,7.999999999998));
#824 = CARTESIAN_POINT('',(6.28318530718,8.));
#825 = ( GEOMETRIC_REPRESENTATION_CONTEXT(2) 
PARAMETRIC_REPRESENTATION_CONTEXT() REPRESENTATION_CONTEXT('2D SPACE',''
  ) );
#826 = PCURVE('',#827,#832);
#827 = B_SPLINE_SURFACE_WITH_KNOTS('',1,1,(
    (#828,#829)
    ,(#830,#831
    )),.UNSPECIFIED.,.F.,.F.,.F.,(2,2),(2,2),(-14.,14.000000000001),(
    -8.639905121965,7.044617866365),.PIECEWISE_BEZIER_KNOTS.);
#828 = CARTESIAN_POINT('',(26.,24.31547701167,-12.));
#829 = CARTESIAN_POINT('',(26.,40.,-12.));
#830 = CARTESIAN_POINT('',(54.000000000001,24.31547701167,-12.));
#831 = CARTESIAN_POINT('',(54.000000000001,40.,-12.));
#832 = DEFINITIONAL_REPRESENTATION('',(#833),#846);
#833 = B_SPLINE_CURVE_WITH_KNOTS('',11,(#834,#835,#836,#837,#838,#839,
    #840,#841,#842,#843,#844,#845),.UNSPECIFIED.,.F.,.F.,(12,12),(
    3.14159265359,6.28318530718),.PIECEWISE_BEZIER_KNOTS.);
#834 = CARTESIAN_POINT('',(-14.,7.044617866365));
#835 = CARTESIAN_POINT('',(-14.,3.046227216342));
#836 = CARTESIAN_POINT('',(-12.74386850496,-0.95216312111));
#837 = CARTESIAN_POINT('',(-10.23160581032,-4.512083581906));
#838 = CARTESIAN_POINT('',(-6.635397958692,-7.195046935551));
#839 = CARTESIAN_POINT('',(-2.299627685446,-8.639905121951));
#840 = CARTESIAN_POINT('',(2.299627685451,-8.639905121965));
#841 = CARTESIAN_POINT('',(6.635397958682,-7.195046935539));
#842 = CARTESIAN_POINT('',(10.231605810338,-4.512083581913));
#843 = CARTESIAN_POINT('',(12.743868504955,-0.952163121107));
#844 = CARTESIAN_POINT('',(14.000000000001,3.046227216342));
#845 = CARTESIAN_POINT('',(14.,7.044617866365));
#846 = ( GEOMETRIC_REPRESENTATION_CONTEXT(2) 
PARAMETRIC_REPRESENTATION_CONTEXT() REPRESENTATION_CONTEXT('2D SPACE',''
  ) );
#847 = ORIENTED_EDGE('',*,*,#848,.F.);
#848 = EDGE_CURVE('',#324,#741,#849,.T.);
#849 = SURFACE_CURVE('',#850,(#853,#860),.PCURVE_S1.);
#850 = B_SPLINE_CURVE_WITH_KNOTS('',1,(#851,#852),.UNSPECIFIED.,.F.,.F.,
  (2,2),(0.,8.),.PIECEWISE_BEZIER_KNOTS.);
#851 = CARTESIAN_POINT('',(26.,40.,-4.));
#852 = CARTESIAN_POINT('',(26.,40.,-12.));
#853 = PCURVE('',#410,#854);
#854 = DEFINITIONAL_REPRESENTATION('',(#855),#859);
#855 = B_SPLINE_CURVE_WITH_KNOTS('',2,(#856,#857,#858),.UNSPECIFIED.,.F.
  ,.F.,(3,3),(0.,8.),.PIECEWISE_BEZIER_KNOTS.);
#856 = CARTESIAN_POINT('',(3.14159265359,0.));
#857 = CARTESIAN_POINT('',(3.14159265359,4.));
#858 = CARTESIAN_POINT('',(3.14159265359,8.));
#859 = ( GEOMETRIC_REPRESENTATION_CONTEXT(2) 
PARAMETRIC_REPRESENTATION_CONTEXT() REPRESENTATION_CONTEXT('2D SPACE',''
  ) );
#860 = PCURVE('',#631,#861);
#861 = DEFINITIONAL_REPRESENTATION('',(#862),#866);
#862 = B_SPLINE_CURVE_WITH_KNOTS('',2,(#863,#864,#865),.UNSPECIFIED.,.F.
  ,.F.,(3,3),(0.,8.),.PIECEWISE_BEZIER_KNOTS.);
#863 = CARTESIAN_POINT('',(3.14159265359,-4.440892098501E-16));
#864 = CARTESIAN_POINT('',(3.14159265359,4.));
#865 = CARTESIAN_POINT('',(3.14159265359,8.));
#866 = ( GEOMETRIC_REPRESENTATION_CONTEXT(2) 
PARAMETRIC_REPRESENTATION_CONTEXT() REPRESENTATION_CONTEXT('2D SPACE',''
  ) );
#867 = ADVANCED_FACE('',(#868),#631,.F.);
#868 = FACE_BOUND('',#869,.F.);
#869 = EDGE_LOOP('',(#870,#976,#977,#978));
#870 = ORIENTED_EDGE('',*,*,#871,.F.);
#871 = EDGE_CURVE('',#719,#741,#872,.T.);
#872 = SURFACE_CURVE('',#873,(#886,#955),.PCURVE_S1.);
#873 = B_SPLINE_CURVE_WITH_KNOTS('',11,(#874,#875,#876,#877,#878,#879,
    #880,#881,#882,#883,#884,#885),.UNSPECIFIED.,.F.,.F.,(12,12),(0.,
    3.14159265359),.PIECEWISE_BEZIER_KNOTS.);
#874 = CARTESIAN_POINT('',(54.,40.,-12.));
#875 = CARTESIAN_POINT('',(53.999999999998,43.998390650021,
    -11.99999999999));
#876 = CARTESIAN_POINT('',(52.743868504968,47.99678098748,-12.));
#877 = CARTESIAN_POINT('',(50.23160581031,51.55670144826,-11.99999999999
    ));
#878 = CARTESIAN_POINT('',(46.635397958722,54.239664801931,-12.));
#879 = CARTESIAN_POINT('',(42.299627685409,55.6845229883,-11.99999999999
    ));
#880 = CARTESIAN_POINT('',(37.700372314587,55.684522988343,-12.));
#881 = CARTESIAN_POINT('',(33.364602041289,54.239664801896,
    -11.99999999999));
#882 = CARTESIAN_POINT('',(29.76839418968,51.556701448282,-12.));
#883 = CARTESIAN_POINT('',(27.256131495038,47.99678098747,
    -11.99999999999));
#884 = CARTESIAN_POINT('',(26.000000000001,43.998390650024,-12.));
#885 = CARTESIAN_POINT('',(26.,40.,-12.));
#886 = PCURVE('',#631,#887);
#887 = DEFINITIONAL_REPRESENTATION('',(#888),#954);
#888 = B_SPLINE_CURVE_WITH_KNOTS('',8,(#889,#890,#891,#892,#893,#894,
    #895,#896,#897,#898,#899,#900,#901,#902,#903,#904,#905,#906,#907,
    #908,#909,#910,#911,#912,#913,#914,#915,#916,#917,#918,#919,#920,
    #921,#922,#923,#924,#925,#926,#927,#928,#929,#930,#931,#932,#933,
    #934,#935,#936,#937,#938,#939,#940,#941,#942,#943,#944,#945,#946,
    #947,#948,#949,#950,#951,#952,#953),.UNSPECIFIED.,.F.,.F.,(9,7,7,7,7
    ,7,7,7,7,9),(0.,0.785398163397,1.374446785946,1.484893402673,
    1.536665254264,1.561742244879,1.567913535538,1.580207903648,
    2.360900278619,3.14159265359),.UNSPECIFIED.);
#889 = CARTESIAN_POINT('',(5.637246781323E-16,8.));
#890 = CARTESIAN_POINT('',(0.109044487113,8.000000000003));
#891 = CARTESIAN_POINT('',(0.213022775075,7.999999999992));
#892 = CARTESIAN_POINT('',(0.313142222746,8.000000000001));
#893 = CARTESIAN_POINT('',(0.410362324844,8.000000000009));
#894 = CARTESIAN_POINT('',(0.505489108245,8.000000000001));
#895 = CARTESIAN_POINT('',(0.599246244118,7.999999999992));
#896 = CARTESIAN_POINT('',(0.692322875913,8.000000000004));
#897 = CARTESIAN_POINT('',(0.85520477708,8.000000000002));
#898 = CARTESIAN_POINT('',(0.925011538598,7.999999999998));
#899 = CARTESIAN_POINT('',(0.995106316621,8.000000000002));
#900 = CARTESIAN_POINT('',(1.065778104339,8.000000000006));
#901 = CARTESIAN_POINT('',(1.137324992562,8.000000000003));
#902 = CARTESIAN_POINT('',(1.210064945557,7.999999999998));
#903 = CARTESIAN_POINT('',(1.284349379394,8.000000000002));
#904 = CARTESIAN_POINT('',(1.374872701092,8.));
#905 = CARTESIAN_POINT('',(1.389234276748,8.));
#906 = CARTESIAN_POINT('',(1.403666908075,8.));
#907 = CARTESIAN_POINT('',(1.418173306126,8.));
#908 = CARTESIAN_POINT('',(1.432756254725,8.));
#909 = CARTESIAN_POINT('',(1.447418610468,8.));
#910 = CARTESIAN_POINT('',(1.462163302722,8.));
#911 = CARTESIAN_POINT('',(1.483944919365,8.));
#912 = CARTESIAN_POINT('',(1.49091524519,8.));
#913 = CARTESIAN_POINT('',(1.497904631862,8.));
#914 = CARTESIAN_POINT('',(1.504913400145,8.));
#915 = CARTESIAN_POINT('',(1.511941870802,8.));
#916 = CARTESIAN_POINT('',(1.518990364598,8.));
#917 = CARTESIAN_POINT('',(1.526059202295,8.));
#918 = CARTESIAN_POINT('',(1.536582686546,8.));
#919 = CARTESIAN_POINT('',(1.540021519054,8.));
#920 = CARTESIAN_POINT('',(1.543465240524,8.));
#921 = CARTESIAN_POINT('',(1.546913889295,8.));
#922 = CARTESIAN_POINT('',(1.550367503709,8.));
#923 = CARTESIAN_POINT('',(1.553826122106,8.));
#924 = CARTESIAN_POINT('',(1.557289782825,8.));
#925 = CARTESIAN_POINT('',(1.561612157856,8.));
#926 = CARTESIAN_POINT('',(1.562466100995,8.));
#927 = CARTESIAN_POINT('',(1.563320353624,8.));
#928 = CARTESIAN_POINT('',(1.564174915746,8.));
#929 = CARTESIAN_POINT('',(1.565029787358,8.));
#930 = CARTESIAN_POINT('',(1.565884968461,8.));
#931 = CARTESIAN_POINT('',(1.566740459056,8.));
#932 = CARTESIAN_POINT('',(1.569301383818,7.999999999927));
#933 = CARTESIAN_POINT('',(1.571005534742,8.000000000387));
#934 = CARTESIAN_POINT('',(1.572720656551,7.999999998461));
#935 = CARTESIAN_POINT('',(1.574417219813,7.999999999482));
#936 = CARTESIAN_POINT('',(1.576126668563,7.999999998437));
#937 = CARTESIAN_POINT('',(1.577827330969,8.000000000345));
#938 = CARTESIAN_POINT('',(1.579529397395,7.999999999955));
#939 = CARTESIAN_POINT('',(1.689201918305,8.000000000002));
#940 = CARTESIAN_POINT('',(1.79225400263,7.999999999998));
#941 = CARTESIAN_POINT('',(1.891556722294,8.));
#942 = CARTESIAN_POINT('',(1.988044087608,8.000000000001));
#943 = CARTESIAN_POINT('',(2.082503263334,8.));
#944 = CARTESIAN_POINT('',(2.175642591488,7.999999999998));
#945 = CARTESIAN_POINT('',(2.268137724083,8.000000000001));
#946 = CARTESIAN_POINT('',(2.453174002792,7.999999999998));
#947 = CARTESIAN_POINT('',(2.545717713448,8.000000000004));
#948 = CARTESIAN_POINT('',(2.6389541175,8.));
#949 = CARTESIAN_POINT('',(2.733560941988,7.999999999997));
#950 = CARTESIAN_POINT('',(2.830250462342,8.000000000001));
#951 = CARTESIAN_POINT('',(2.929816076035,8.000000000005));
#952 = CARTESIAN_POINT('',(3.033201508828,7.999999999999));
#953 = CARTESIAN_POINT('',(3.14159265359,8.));
#954 = ( GEOMETRIC_REPRESENTATION_CONTEXT(2) 
PARAMETRIC_REPRESENTATION_CONTEXT() REPRESENTATION_CONTEXT('2D SPACE',''
  ) );
#955 = PCURVE('',#956,#961);
#956 = B_SPLINE_SURFACE_WITH_KNOTS('',1,1,(
    (#957,#958)
    ,(#959,#960
    )),.UNSPECIFIED.,.F.,.F.,.F.,(2,2),(2,2),(-14.,14.),(-7.044617866365
    ,8.639905121978),.PIECEWISE_BEZIER_KNOTS.);
#957 = CARTESIAN_POINT('',(26.,40.,-12.));
#958 = CARTESIAN_POINT('',(26.,55.684522988343,-12.));
#959 = CARTESIAN_POINT('',(54.,40.,-12.));
#960 = CARTESIAN_POINT('',(54.,55.684522988343,-12.));
#961 = DEFINITIONAL_REPRESENTATION('',(#962),#975);
#962 = B_SPLINE_CURVE_WITH_KNOTS('',11,(#963,#964,#965,#966,#967,#968,
    #969,#970,#971,#972,#973,#974),.UNSPECIFIED.,.F.,.F.,(12,12),(0.,
    3.14159265359),.PIECEWISE_BEZIER_KNOTS.);
#963 = CARTESIAN_POINT('',(14.,-7.044617866365));
#964 = CARTESIAN_POINT('',(13.999999999998,-3.046227216344));
#965 = CARTESIAN_POINT('',(12.743868504968,0.952163121115));
#966 = CARTESIAN_POINT('',(10.23160581031,4.512083581895));
#967 = CARTESIAN_POINT('',(6.635397958722,7.195046935566));
#968 = CARTESIAN_POINT('',(2.299627685409,8.639905121935));
#969 = CARTESIAN_POINT('',(-2.299627685413,8.639905121978));
#970 = CARTESIAN_POINT('',(-6.635397958711,7.195046935531));
#971 = CARTESIAN_POINT('',(-10.23160581032,4.512083581917));
#972 = CARTESIAN_POINT('',(-12.74386850496,0.952163121106));
#973 = CARTESIAN_POINT('',(-13.99999999999,-3.046227216341));
#974 = CARTESIAN_POINT('',(-14.,-7.044617866365));
#975 = ( GEOMETRIC_REPRESENTATION_CONTEXT(2) 
PARAMETRIC_REPRESENTATION_CONTEXT() REPRESENTATION_CONTEXT('2D SPACE',''
  ) );
#976 = ORIENTED_EDGE('',*,*,#718,.F.);
#977 = ORIENTED_EDGE('',*,*,#546,.T.);
#978 = ORIENTED_EDGE('',*,*,#848,.T.);
#979 = ADVANCED_FACE('',(#980),#42,.F.);
#980 = FACE_BOUND('',#981,.T.);
#981 = EDGE_LOOP('',(#982,#983,#1003,#1028));
#982 = ORIENTED_EDGE('',*,*,#21,.T.);
#983 = ORIENTED_EDGE('',*,*,#984,.T.);
#984 = EDGE_CURVE('',#24,#985,#987,.T.);
#985 = VERTEX_POINT('',#986);
#986 = CARTESIAN_POINT('',(80.,0.,2.));
#987 = SURFACE_CURVE('',#988,(#991,#997),.PCURVE_S1.);
#988 = B_SPLINE_CURVE_WITH_KNOTS('',1,(#989,#990),.UNSPECIFIED.,.F.,.F.,
  (2,2),(0.,4.),.PIECEWISE_BEZIER_KNOTS.);
#989 = CARTESIAN_POINT('',(80.,0.,-2.));
#990 = CARTESIAN_POINT('',(80.,0.,2.));
#991 = PCURVE('',#42,#992);
#992 = DEFINITIONAL_REPRESENTATION('',(#993),#996);
#993 = B_SPLINE_CURVE_WITH_KNOTS('',1,(#994,#995),.UNSPECIFIED.,.F.,.F.,
  (2,2),(0.,4.),.PIECEWISE_BEZIER_KNOTS.);
#994 = CARTESIAN_POINT('',(-2.,40.));
#995 = CARTESIAN_POINT('',(2.,40.));
#996 = ( GEOMETRIC_REPRESENTATION_CONTEXT(2) 
PARAMETRIC_REPRESENTATION_CONTEXT() REPRESENTATION_CONTEXT('2D SPACE',''
  ) );
#997 = PCURVE('',#67,#998);
#998 = DEFINITIONAL_REPRESENTATION('',(#999),#1002);
#999 = B_SPLINE_CURVE_WITH_KNOTS('',1,(#1000,#1001),.UNSPECIFIED.,.F.,
  .F.,(2,2),(0.,4.),.PIECEWISE_BEZIER_KNOTS.);
#1000 = CARTESIAN_POINT('',(-2.,40.));
#1001 = CARTESIAN_POINT('',(2.,40.));
#1002 = ( GEOMETRIC_REPRESENTATION_CONTEXT(2) 
PARAMETRIC_REPRESENTATION_CONTEXT() REPRESENTATION_CONTEXT('2D SPACE',''
  ) );
#1003 = ORIENTED_EDGE('',*,*,#1004,.F.);
#1004 = EDGE_CURVE('',#1005,#985,#1007,.T.);
#1005 = VERTEX_POINT('',#1006);
#1006 = CARTESIAN_POINT('',(0.,0.,2.));
#1007 = SURFACE_CURVE('',#1008,(#1011,#1017),.PCURVE_S1.);
#1008 = B_SPLINE_CURVE_WITH_KNOTS('',1,(#1009,#1010),.UNSPECIFIED.,.F.,
  .F.,(2,2),(0.,80.),.PIECEWISE_BEZIER_KNOTS.);
#1009 = CARTESIAN_POINT('',(0.,0.,2.));
#1010 = CARTESIAN_POINT('',(80.,0.,2.));
#1011 = PCURVE('',#42,#1012);
#1012 = DEFINITIONAL_REPRESENTATION('',(#1013),#1016);
#1013 = B_SPLINE_CURVE_WITH_KNOTS('',1,(#1014,#1015),.UNSPECIFIED.,.F.,
  .F.,(2,2),(0.,80.),.PIECEWISE_BEZIER_KNOTS.);
#1014 = CARTESIAN_POINT('',(2.,-40.));
#1015 = CARTESIAN_POINT('',(2.,40.));
#1016 = ( GEOMETRIC_REPRESENTATION_CONTEXT(2) 
PARAMETRIC_REPRESENTATION_CONTEXT() REPRESENTATION_CONTEXT('2D SPACE',''
  ) );
#1017 = PCURVE('',#1018,#1023);
#1018 = B_SPLINE_SURFACE_WITH_KNOTS('',1,1,(
    (#1019,#1020)
    ,(#1021,#1022
    )),.UNSPECIFIED.,.F.,.F.,.F.,(2,2),(2,2),(-40.,40.),(-40.,40.),
  .PIECEWISE_BEZIER_KNOTS.);
#1019 = CARTESIAN_POINT('',(0.,0.,2.));
#1020 = CARTESIAN_POINT('',(0.,80.,2.));
#1021 = CARTESIAN_POINT('',(80.,0.,2.));
#1022 = CARTESIAN_POINT('',(80.,80.,2.));
#1023 = DEFINITIONAL_REPRESENTATION('',(#1024),#1027);
#1024 = B_SPLINE_CURVE_WITH_KNOTS('',1,(#1025,#1026),.UNSPECIFIED.,.F.,
  .F.,(2,2),(0.,80.),.PIECEWISE_BEZIER_KNOTS.);
#1025 = CARTESIAN_POINT('',(-40.,-40.));
#1026 = CARTESIAN_POINT('',(40.,-40.));
#1027 = ( GEOMETRIC_REPRESENTATION_CONTEXT(2) 
PARAMETRIC_REPRESENTATION_CONTEXT() REPRESENTATION_CONTEXT('2D SPACE',''
  ) );
#1028 = ORIENTED_EDGE('',*,*,#1029,.F.);
#1029 = EDGE_CURVE('',#22,#1005,#1030,.T.);
#1030 = SURFACE_CURVE('',#1031,(#1034,#1040),.PCURVE_S1.);
#1031 = B_SPLINE_CURVE_WITH_KNOTS('',1,(#1032,#1033),.UNSPECIFIED.,.F.,
  .F.,(2,2),(0.,4.),.PIECEWISE_BEZIER_KNOTS.);
#1032 = CARTESIAN_POINT('',(0.,0.,-2.));
#1033 = CARTESIAN_POINT('',(0.,0.,2.));
#1034 = PCURVE('',#42,#1035);
#1035 = DEFINITIONAL_REPRESENTATION('',(#1036),#1039);
#1036 = B_SPLINE_CURVE_WITH_KNOTS('',1,(#1037,#1038),.UNSPECIFIED.,.F.,
  .F.,(2,2),(0.,4.),.PIECEWISE_BEZIER_KNOTS.);
#1037 = CARTESIAN_POINT('',(-2.,-40.));
#1038 = CARTESIAN_POINT('',(2.,-40.));
#1039 = ( GEOMETRIC_REPRESENTATION_CONTEXT(2) 
PARAMETRIC_REPRESENTATION_CONTEXT() REPRESENTATION_CONTEXT('2D SPACE',''
  ) );
#1040 = PCURVE('',#115,#1041);
#1041 = DEFINITIONAL_REPRESENTATION('',(#1042),#1045);
#1042 = B_SPLINE_CURVE_WITH_KNOTS('',1,(#1043,#1044),.UNSPECIFIED.,.F.,
  .F.,(2,2),(0.,4.),.PIECEWISE_BEZIER_KNOTS.);
#1043 = CARTESIAN_POINT('',(-2.,40.));
#1044 = CARTESIAN_POINT('',(2.,40.));
#1045 = ( GEOMETRIC_REPRESENTATION_CONTEXT(2) 
PARAMETRIC_REPRESENTATION_CONTEXT() REPRESENTATION_CONTEXT('2D SPACE',''
  ) );
#1046 = ADVANCED_FACE('',(#1047,#1108),#1018,.T.);
#1047 = FACE_BOUND('',#1048,.T.);
#1048 = EDGE_LOOP('',(#1049,#1050,#1070,#1090));
#1049 = ORIENTED_EDGE('',*,*,#1004,.T.);
#1050 = ORIENTED_EDGE('',*,*,#1051,.T.);
#1051 = EDGE_CURVE('',#985,#1052,#1054,.T.);
#1052 = VERTEX_POINT('',#1053);
#1053 = CARTESIAN_POINT('',(80.,80.,2.));
#1054 = SURFACE_CURVE('',#1055,(#1058,#1064),.PCURVE_S1.);
#1055 = B_SPLINE_CURVE_WITH_KNOTS('',1,(#1056,#1057),.UNSPECIFIED.,.F.,
  .F.,(2,2),(0.,80.),.PIECEWISE_BEZIER_KNOTS.);
#1056 = CARTESIAN_POINT('',(80.,0.,2.));
#1057 = CARTESIAN_POINT('',(80.,80.,2.));
#1058 = PCURVE('',#1018,#1059);
#1059 = DEFINITIONAL_REPRESENTATION('',(#1060),#1063);
#1060 = B_SPLINE_CURVE_WITH_KNOTS('',1,(#1061,#1062),.UNSPECIFIED.,.F.,
  .F.,(2,2),(0.,80.),.PIECEWISE_BEZIER_KNOTS.);
#1061 = CARTESIAN_POINT('',(40.,-40.));
#1062 = CARTESIAN_POINT('',(40.,40.));
#1063 = ( GEOMETRIC_REPRESENTATION_CONTEXT(2) 
PARAMETRIC_REPRESENTATION_CONTEXT() REPRESENTATION_CONTEXT('2D SPACE',''
  ) );
#1064 = PCURVE('',#67,#1065);
#1065 = DEFINITIONAL_REPRESENTATION('',(#1066),#1069);
#1066 = B_SPLINE_CURVE_WITH_KNOTS('',1,(#1067,#1068),.UNSPECIFIED.,.F.,
  .F.,(2,2),(0.,80.),.PIECEWISE_BEZIER_KNOTS.);
#1067 = CARTESIAN_POINT('',(2.,40.));
#1068 = CARTESIAN_POINT('',(2.,-40.));
#1069 = ( GEOMETRIC_REPRESENTATION_CONTEXT(2) 
PARAMETRIC_REPRESENTATION_CONTEXT() REPRESENTATION_CONTEXT('2D SPACE',''
  ) );
#1070 = ORIENTED_EDGE('',*,*,#1071,.T.);
#1071 = EDGE_CURVE('',#1052,#1072,#1074,.T.);
#1072 = VERTEX_POINT('',#1073);
#1073 = CARTESIAN_POINT('',(0.,80.,2.));
#1074 = SURFACE_CURVE('',#1075,(#1078,#1084),.PCURVE_S1.);
#1075 = B_SPLINE_CURVE_WITH_KNOTS('',1,(#1076,#1077),.UNSPECIFIED.,.F.,
  .F.,(2,2),(0.,80.),.PIECEWISE_BEZIER_KNOTS.);
#1076 = CARTESIAN_POINT('',(80.,80.,2.));
#1077 = CARTESIAN_POINT('',(0.,80.,2.));
#1078 = PCURVE('',#1018,#1079);
#1079 = DEFINITIONAL_REPRESENTATION('',(#1080),#1083);
#1080 = B_SPLINE_CURVE_WITH_KNOTS('',1,(#1081,#1082),.UNSPECIFIED.,.F.,
  .F.,(2,2),(0.,80.),.PIECEWISE_BEZIER_KNOTS.);
#1081 = CARTESIAN_POINT('',(40.,40.));
#1082 = CARTESIAN_POINT('',(-40.,40.));
#1083 = ( GEOMETRIC_REPRESENTATION_CONTEXT(2) 
PARAMETRIC_REPRESENTATION_CONTEXT() REPRESENTATION_CONTEXT('2D SPACE',''
  ) );
#1084 = PCURVE('',#92,#1085);
#1085 = DEFINITIONAL_REPRESENTATION('',(#1086),#1089);
#1086 = B_SPLINE_CURVE_WITH_KNOTS('',1,(#1087,#1088),.UNSPECIFIED.,.F.,
  .F.,(2,2),(0.,80.),.PIECEWISE_BEZIER_KNOTS.);
#1087 = CARTESIAN_POINT('',(2.,40.));
#1088 = CARTESIAN_POINT('',(2.,-40.));
#1089 = ( GEOMETRIC_REPRESENTATION_CONTEXT(2) 
PARAMETRIC_REPRESENTATION_CONTEXT() REPRESENTATION_CONTEXT('2D SPACE',''
  ) );
#1090 = ORIENTED_EDGE('',*,*,#1091,.T.);
#1091 = EDGE_CURVE('',#1072,#1005,#1092,.T.);
#1092 = SURFACE_CURVE('',#1093,(#1096,#1102),.PCURVE_S1.);
#1093 = B_SPLINE_CURVE_WITH_KNOTS('',1,(#1094,#1095),.UNSPECIFIED.,.F.,
  .F.,(2,2),(0.,80.),.PIECEWISE_BEZIER_KNOTS.);
#1094 = CARTESIAN_POINT('',(0.,80.,2.));
#1095 = CARTESIAN_POINT('',(0.,0.,2.));
#1096 = PCURVE('',#1018,#1097);
#1097 = DEFINITIONAL_REPRESENTATION('',(#1098),#1101);
#1098 = B_SPLINE_CURVE_WITH_KNOTS('',1,(#1099,#1100),.UNSPECIFIED.,.F.,
  .F.,(2,2),(0.,80.),.PIECEWISE_BEZIER_KNOTS.);
#1099 = CARTESIAN_POINT('',(-40.,40.));
#1100 = CARTESIAN_POINT('',(-40.,-40.));
#1101 = ( GEOMETRIC_REPRESENTATION_CONTEXT(2) 
PARAMETRIC_REPRESENTATION_CONTEXT() REPRESENTATION_CONTEXT('2D SPACE',''
  ) );
#1102 = PCURVE('',#115,#1103);
#1103 = DEFINITIONAL_REPRESENTATION('',(#1104),#1107);
#1104 = B_SPLINE_CURVE_WITH_KNOTS('',1,(#1105,#1106),.UNSPECIFIED.,.F.,
  .F.,(2,2),(0.,80.),.PIECEWISE_BEZIER_KNOTS.);
#1105 = CARTESIAN_POINT('',(2.,-40.));
#1106 = CARTESIAN_POINT('',(2.,40.));
#1107 = ( GEOMETRIC_REPRESENTATION_CONTEXT(2) 
PARAMETRIC_REPRESENTATION_CONTEXT() REPRESENTATION_CONTEXT('2D SPACE',''
  ) );
#1108 = FACE_BOUND('',#1109,.T.);
#1109 = EDGE_LOOP('',(#1110));
#1110 = ORIENTED_EDGE('',*,*,#1111,.F.);
#1111 = EDGE_CURVE('',#1112,#1112,#1114,.T.);
#1112 = VERTEX_POINT('',#1113);
#1113 = CARTESIAN_POINT('',(70.,40.,2.));
#1114 = SURFACE_CURVE('',#1115,(#1123,#1134),.PCURVE_S1.);
#1115 = ( BOUNDED_CURVE() B_SPLINE_CURVE(2,(#1116,#1117,#1118,#1119,
#1120,#1121,#1122),.UNSPECIFIED.,.T.,.F.) B_SPLINE_CURVE_WITH_KNOTS((3,2
    ,2,3),(0.,2.094395102393,4.188790204786,6.28318530718),
.PIECEWISE_BEZIER_KNOTS.) CURVE() GEOMETRIC_REPRESENTATION_ITEM() 
RATIONAL_B_SPLINE_CURVE((1.,0.5,1.,0.5,1.,0.5,1.)) REPRESENTATION_ITEM(
  '') );
#1116 = CARTESIAN_POINT('',(70.,40.,2.));
#1117 = CARTESIAN_POINT('',(70.,91.961524227066,2.));
#1118 = CARTESIAN_POINT('',(25.,65.980762113533,2.));
#1119 = CARTESIAN_POINT('',(-20.,40.,2.));
#1120 = CARTESIAN_POINT('',(25.,14.019237886467,2.));
#1121 = CARTESIAN_POINT('',(70.,-11.96152422706,2.));
#1122 = CARTESIAN_POINT('',(70.,40.,2.));
#1123 = PCURVE('',#1018,#1124);
#1124 = DEFINITIONAL_REPRESENTATION('',(#1125),#1133);
#1125 = ( BOUNDED_CURVE() B_SPLINE_CURVE(2,(#1126,#1127,#1128,#1129,
#1130,#1131,#1132),.UNSPECIFIED.,.F.,.F.) B_SPLINE_CURVE_WITH_KNOTS((3,2
    ,2,3),(0.,2.094395102393,4.188790204786,6.28318530718),
.PIECEWISE_BEZIER_KNOTS.) CURVE() GEOMETRIC_REPRESENTATION_ITEM() 
RATIONAL_B_SPLINE_CURVE((1.,0.5,1.,0.5,1.,0.5,1.)) REPRESENTATION_ITEM(
  '') );
#1126 = CARTESIAN_POINT('',(30.,0.));
#1127 = CARTESIAN_POINT('',(30.,51.961524227066));
#1128 = CARTESIAN_POINT('',(-15.,25.980762113533));
#1129 = CARTESIAN_POINT('',(-60.,-9.947598300641E-14));
#1130 = CARTESIAN_POINT('',(-15.,-25.98076211353));
#1131 = CARTESIAN_POINT('',(30.,-51.96152422706));
#1132 = CARTESIAN_POINT('',(30.,9.947598300641E-14));
#1133 = ( GEOMETRIC_REPRESENTATION_CONTEXT(2) 
PARAMETRIC_REPRESENTATION_CONTEXT() REPRESENTATION_CONTEXT('2D SPACE',''
  ) );
#1134 = PCURVE('',#1135,#1140);
#1135 = B_SPLINE_SURFACE_WITH_KNOTS('',1,1,(
    (#1136,#1137)
    ,(#1138,#1139
    )),.UNSPECIFIED.,.F.,.F.,.F.,(2,2),(2,2),(-30.,30.),(-30.,30.),
  .PIECEWISE_BEZIER_KNOTS.);
#1136 = CARTESIAN_POINT('',(10.,10.,2.));
#1137 = CARTESIAN_POINT('',(10.,70.,2.));
#1138 = CARTESIAN_POINT('',(70.,10.,2.));
#1139 = CARTESIAN_POINT('',(70.,70.,2.));
#1140 = DEFINITIONAL_REPRESENTATION('',(#1141),#1149);
#1141 = ( BOUNDED_CURVE() B_SPLINE_CURVE(2,(#1142,#1143,#1144,#1145,
#1146,#1147,#1148),.UNSPECIFIED.,.F.,.F.) B_SPLINE_CURVE_WITH_KNOTS((3,2
    ,2,3),(0.,2.094395102393,4.188790204786,6.28318530718),
.PIECEWISE_BEZIER_KNOTS.) CURVE() GEOMETRIC_REPRESENTATION_ITEM() 
RATIONAL_B_SPLINE_CURVE((1.,0.5,1.,0.5,1.,0.5,1.)) REPRESENTATION_ITEM(
  '') );
#1142 = CARTESIAN_POINT('',(30.,0.));
#1143 = CARTESIAN_POINT('',(30.,51.961524227066));
#1144 = CARTESIAN_POINT('',(-15.,25.980762113533));
#1145 = CARTESIAN_POINT('',(-60.,-9.947598300641E-14));
#1146 = CARTESIAN_POINT('',(-15.,-25.98076211353));
#1147 = CARTESIAN_POINT('',(30.,-51.96152422706));
#1148 = CARTESIAN_POINT('',(30.,9.947598300641E-14));
#1149 = ( GEOMETRIC_REPRESENTATION_CONTEXT(2) 
PARAMETRIC_REPRESENTATION_CONTEXT() REPRESENTATION_CONTEXT('2D SPACE',''
  ) );
#1150 = ADVANCED_FACE('',(#1151,#1154),#1135,.T.);
#1151 = FACE_BOUND('',#1152,.T.);
#1152 = EDGE_LOOP('',(#1153));
#1153 = ORIENTED_EDGE('',*,*,#1111,.T.);
#1154 = FACE_BOUND('',#1155,.T.);
#1155 = EDGE_LOOP('',(#1156,#1203));
#1156 = ORIENTED_EDGE('',*,*,#1157,.F.);
#1157 = EDGE_CURVE('',#1158,#1160,#1162,.T.);
#1158 = VERTEX_POINT('',#1159);
#1159 = CARTESIAN_POINT('',(56.,40.,2.));
#1160 = VERTEX_POINT('',#1161);
#1161 = CARTESIAN_POINT('',(24.,40.,2.));
#1162 = SURFACE_CURVE('',#1163,(#1169,#1178),.PCURVE_S1.);
#1163 = ( BOUNDED_CURVE() B_SPLINE_CURVE(2,(#1164,#1165,#1166,#1167,
#1168),.UNSPECIFIED.,.F.,.F.) B_SPLINE_CURVE_WITH_KNOTS((3,2,3),(0.,
1.570796326795,3.14159265359),.PIECEWISE_BEZIER_KNOTS.) CURVE() 
GEOMETRIC_REPRESENTATION_ITEM() RATIONAL_B_SPLINE_CURVE((1.,
0.707106781187,1.,0.707106781187,1.)) REPRESENTATION_ITEM('') );
#1164 = CARTESIAN_POINT('',(56.,40.,2.));
#1165 = CARTESIAN_POINT('',(56.,56.,2.));
#1166 = CARTESIAN_POINT('',(40.,56.,2.));
#1167 = CARTESIAN_POINT('',(24.,56.,2.));
#1168 = CARTESIAN_POINT('',(24.,40.,2.));
#1169 = PCURVE('',#1135,#1170);
#1170 = DEFINITIONAL_REPRESENTATION('',(#1171),#1177);
#1171 = ( BOUNDED_CURVE() B_SPLINE_CURVE(2,(#1172,#1173,#1174,#1175,
#1176),.UNSPECIFIED.,.F.,.F.) B_SPLINE_CURVE_WITH_KNOTS((3,2,3),(0.,
1.570796326795,3.14159265359),.PIECEWISE_BEZIER_KNOTS.) CURVE() 
GEOMETRIC_REPRESENTATION_ITEM() RATIONAL_B_SPLINE_CURVE((1.,
0.707106781187,1.,0.707106781187,1.)) REPRESENTATION_ITEM('') );
#1172 = CARTESIAN_POINT('',(16.,0.));
#1173 = CARTESIAN_POINT('',(16.,16.));
#1174 = CARTESIAN_POINT('',(2.84217094304E-14,16.));
#1175 = CARTESIAN_POINT('',(-16.,16.));
#1176 = CARTESIAN_POINT('',(-16.,4.973799150321E-14));
#1177 = ( GEOMETRIC_REPRESENTATION_CONTEXT(2) 
PARAMETRIC_REPRESENTATION_CONTEXT() REPRESENTATION_CONTEXT('2D SPACE',''
  ) );
#1178 = PCURVE('',#1179,#1195);
#1179 = ( BOUNDED_SURFACE() B_SPLINE_SURFACE(2,2,(
    (#1180,#1181,#1182)
    ,(#1183,#1184,#1185)
    ,(#1186,#1187,#1188)
    ,(#1189,#1190,#1191)
    ,(#1192,#1193,#1194
)),.UNSPECIFIED.,.F.,.F.,.F.) B_SPLINE_SURFACE_WITH_KNOTS((3,2,3),(3,3),
  (0.,1.570796326795,3.14159265359),(1.570796326795,3.14159265359),
.PIECEWISE_BEZIER_KNOTS.) GEOMETRIC_REPRESENTATION_ITEM() 
RATIONAL_B_SPLINE_SURFACE((
    (1.,0.707106781187,1.)
    ,(0.707106781187,0.5,0.707106781187)
    ,(1.,0.707106781187,1.)
    ,(0.707106781187,0.5,0.707106781187)
,(1.,0.707106781187,1.))) REPRESENTATION_ITEM('') SURFACE() );
#1180 = CARTESIAN_POINT('',(56.,40.,2.));
#1181 = CARTESIAN_POINT('',(50.,40.,2.));
#1182 = CARTESIAN_POINT('',(50.,40.,-4.));
#1183 = CARTESIAN_POINT('',(56.,56.,2.));
#1184 = CARTESIAN_POINT('',(50.,50.,2.));
#1185 = CARTESIAN_POINT('',(50.,50.,-4.));
#1186 = CARTESIAN_POINT('',(40.,56.,2.));
#1187 = CARTESIAN_POINT('',(40.,50.,2.));
#1188 = CARTESIAN_POINT('',(40.,50.,-4.));
#1189 = CARTESIAN_POINT('',(24.,56.,2.));
#1190 = CARTESIAN_POINT('',(30.,50.,2.));
#1191 = CARTESIAN_POINT('',(30.,50.,-4.));
#1192 = CARTESIAN_POINT('',(24.,40.,2.));
#1193 = CARTESIAN_POINT('',(30.,40.,2.));
#1194 = CARTESIAN_POINT('',(30.,40.,-4.));
#1195 = DEFINITIONAL_REPRESENTATION('',(#1196),#1202);
#1196 = B_SPLINE_CURVE_WITH_KNOTS('',2,(#1197,#1198,#1199,#1200,#1201),
  .UNSPECIFIED.,.F.,.F.,(3,2,3),(0.,1.570796326795,3.14159265359),
  .PIECEWISE_BEZIER_KNOTS.);
#1197 = CARTESIAN_POINT('',(-4.932590933658E-16,1.570796326795));
#1198 = CARTESIAN_POINT('',(0.785398163397,1.570796326795));
#1199 = CARTESIAN_POINT('',(1.570796326795,1.570796326795));
#1200 = CARTESIAN_POINT('',(2.356194490192,1.570796326795));
#1201 = CARTESIAN_POINT('',(3.14159265359,1.570796326795));
#1202 = ( GEOMETRIC_REPRESENTATION_CONTEXT(2) 
PARAMETRIC_REPRESENTATION_CONTEXT() REPRESENTATION_CONTEXT('2D SPACE',''
  ) );
#1203 = ORIENTED_EDGE('',*,*,#1204,.F.);
#1204 = EDGE_CURVE('',#1160,#1158,#1205,.T.);
#1205 = SURFACE_CURVE('',#1206,(#1212,#1221),.PCURVE_S1.);
#1206 = ( BOUNDED_CURVE() B_SPLINE_CURVE(2,(#1207,#1208,#1209,#1210,
#1211),.UNSPECIFIED.,.F.,.F.) B_SPLINE_CURVE_WITH_KNOTS((3,2,3),(
    3.14159265359,4.712388980385,6.28318530718),
.PIECEWISE_BEZIER_KNOTS.) CURVE() GEOMETRIC_REPRESENTATION_ITEM() 
RATIONAL_B_SPLINE_CURVE((1.,0.707106781187,1.,0.707106781187,1.)) 
REPRESENTATION_ITEM('') );
#1207 = CARTESIAN_POINT('',(24.,40.,2.));
#1208 = CARTESIAN_POINT('',(24.,24.,2.));
#1209 = CARTESIAN_POINT('',(40.,24.,2.));
#1210 = CARTESIAN_POINT('',(56.,24.,2.));
#1211 = CARTESIAN_POINT('',(56.,40.,2.));
#1212 = PCURVE('',#1135,#1213);
#1213 = DEFINITIONAL_REPRESENTATION('',(#1214),#1220);
#1214 = ( BOUNDED_CURVE() B_SPLINE_CURVE(2,(#1215,#1216,#1217,#1218,
#1219),.UNSPECIFIED.,.F.,.F.) B_SPLINE_CURVE_WITH_KNOTS((3,2,3),(
    3.14159265359,4.712388980385,6.28318530718),
.PIECEWISE_BEZIER_KNOTS.) CURVE() GEOMETRIC_REPRESENTATION_ITEM() 
RATIONAL_B_SPLINE_CURVE((1.,0.707106781187,1.,0.707106781187,1.)) 
REPRESENTATION_ITEM('') );
#1215 = CARTESIAN_POINT('',(-16.,4.973799150321E-14));
#1216 = CARTESIAN_POINT('',(-16.,-16.));
#1217 = CARTESIAN_POINT('',(0.,-16.));
#1218 = CARTESIAN_POINT('',(16.,-16.));
#1219 = CARTESIAN_POINT('',(16.,4.973799150321E-14));
#1220 = ( GEOMETRIC_REPRESENTATION_CONTEXT(2) 
PARAMETRIC_REPRESENTATION_CONTEXT() REPRESENTATION_CONTEXT('2D SPACE',''
  ) );
#1221 = PCURVE('',#1222,#1238);
#1222 = ( BOUNDED_SURFACE() B_SPLINE_SURFACE(2,2,(
    (#1223,#1224,#1225)
    ,(#1226,#1227,#1228)
    ,(#1229,#1230,#1231)
    ,(#1232,#1233,#1234)
    ,(#1235,#1236,#1237
)),.UNSPECIFIED.,.F.,.F.,.F.) B_SPLINE_SURFACE_WITH_KNOTS((3,2,3),(3,3),
  (3.14159265359,4.712388980385,6.28318530718),(1.570796326795,
    3.14159265359),.PIECEWISE_BEZIER_KNOTS.) 
GEOMETRIC_REPRESENTATION_ITEM() RATIONAL_B_SPLINE_SURFACE((
    (1.,0.707106781187,1.)
    ,(0.707106781187,0.5,0.707106781187)
    ,(1.,0.707106781187,1.)
    ,(0.707106781187,0.5,0.707106781187)
,(1.,0.707106781187,1.))) REPRESENTATION_ITEM('') SURFACE() );
#1223 = CARTESIAN_POINT('',(24.,40.,2.));
#1224 = CARTESIAN_POINT('',(30.,40.,2.));
#1225 = CARTESIAN_POINT('',(30.,40.,-4.));
#1226 = CARTESIAN_POINT('',(24.,24.,2.));
#1227 = CARTESIAN_POINT('',(30.,30.,2.));
#1228 = CARTESIAN_POINT('',(30.,30.,-4.));
#1229 = CARTESIAN_POINT('',(40.,24.,2.));
#1230 = CARTESIAN_POINT('',(40.,30.,2.));
#1231 = CARTESIAN_POINT('',(40.,30.,-4.));
#1232 = CARTESIAN_POINT('',(56.,24.,2.));
#1233 = CARTESIAN_POINT('',(50.,30.,2.));
#1234 = CARTESIAN_POINT('',(50.,30.,-4.));
#1235 = CARTESIAN_POINT('',(56.,40.,2.));
#1236 = CARTESIAN_POINT('',(50.,40.,2.));
#1237 = CARTESIAN_POINT('',(50.,40.,-4.));
#1238 = DEFINITIONAL_REPRESENTATION('',(#1239),#1245);
#1239 = B_SPLINE_CURVE_WITH_KNOTS('',2,(#1240,#1241,#1242,#1243,#1244),
  .UNSPECIFIED.,.F.,.F.,(3,2,3),(3.14159265359,4.712388980385,
    6.28318530718),.PIECEWISE_BEZIER_KNOTS.);
#1240 = CARTESIAN_POINT('',(3.14159265359,1.570796326795));
#1241 = CARTESIAN_POINT('',(3.926990816987,1.570796326795));
#1242 = CARTESIAN_POINT('',(4.712388980385,1.570796326795));
#1243 = CARTESIAN_POINT('',(5.497787143782,1.570796326795));
#1244 = CARTESIAN_POINT('',(6.28318530718,1.570796326795));
#1245 = ( GEOMETRIC_REPRESENTATION_CONTEXT(2) 
PARAMETRIC_REPRESENTATION_CONTEXT() REPRESENTATION_CONTEXT('2D SPACE',''
  ) );
#1246 = ADVANCED_FACE('',(#1247),#1222,.T.);
#1247 = FACE_BOUND('',#1248,.T.);
#1248 = EDGE_LOOP('',(#1249,#1250,#1305,#1471));
#1249 = ORIENTED_EDGE('',*,*,#1204,.T.);
#1250 = ORIENTED_EDGE('',*,*,#1251,.T.);
#1251 = EDGE_CURVE('',#1158,#1252,#1254,.T.);
#1252 = VERTEX_POINT('',#1253);
#1253 = CARTESIAN_POINT('',(50.,40.,-4.));
#1254 = SURFACE_CURVE('',#1255,(#1265,#1285),.PCURVE_S1.);
#1255 = B_SPLINE_CURVE_WITH_KNOTS('',8,(#1256,#1257,#1258,#1259,#1260,
    #1261,#1262,#1263,#1264),.UNSPECIFIED.,.F.,.F.,(9,9),(0.,
    1.570796326795),.PIECEWISE_BEZIER_KNOTS.);
#1256 = CARTESIAN_POINT('',(56.,40.,2.));
#1257 = CARTESIAN_POINT('',(54.821902754904,40.,2.));
#1258 = CARTESIAN_POINT('',(53.643805138975,40.,1.735635266233));
#1259 = CARTESIAN_POINT('',(52.534920593988,40.000000000001,
    1.206908395229));
#1260 = CARTESIAN_POINT('',(51.564447465322,39.999999999999,
    0.435552534679));
#1261 = CARTESIAN_POINT('',(50.79309160477,40.000000000001,
    -0.53492059399));
#1262 = CARTESIAN_POINT('',(50.264364733768,39.999999999999,
    -1.643805138975));
#1263 = CARTESIAN_POINT('',(50.,40.,-2.821902754904));
#1264 = CARTESIAN_POINT('',(50.,40.,-4.));
#1265 = PCURVE('',#1222,#1266);
#1266 = DEFINITIONAL_REPRESENTATION('',(#1267),#1284);
#1267 = B_SPLINE_CURVE_WITH_KNOTS('',8,(#1268,#1269,#1270,#1271,#1272,
    #1273,#1274,#1275,#1276,#1277,#1278,#1279,#1280,#1281,#1282,#1283),
  .UNSPECIFIED.,.F.,.F.,(9,7,9),(0.,0.785398163397,1.570796326795),
  .UNSPECIFIED.);
#1268 = CARTESIAN_POINT('',(6.28318530718,1.570796326795));
#1269 = CARTESIAN_POINT('',(6.283185307243,1.679841077967));
#1270 = CARTESIAN_POINT('',(6.283185306737,1.783818049532));
#1271 = CARTESIAN_POINT('',(6.283185307704,1.883939987871));
#1272 = CARTESIAN_POINT('',(6.283185304813,1.981158305463));
#1273 = CARTESIAN_POINT('',(6.283185307672,2.076284490522));
#1274 = CARTESIAN_POINT('',(6.283185306732,2.17004344359));
#1275 = CARTESIAN_POINT('',(6.283185307229,2.263118975245));
#1276 = CARTESIAN_POINT('',(6.283185307134,2.449270005147));
#1277 = CARTESIAN_POINT('',(6.283185307323,2.542345536777));
#1278 = CARTESIAN_POINT('',(6.283185306486,2.636104489454));
#1279 = CARTESIAN_POINT('',(6.283185306647,2.731230673948));
#1280 = CARTESIAN_POINT('',(6.283185306402,2.828448992348));
#1281 = CARTESIAN_POINT('',(6.283185307344,2.928570930776));
#1282 = CARTESIAN_POINT('',(6.283185307118,3.032547902424));
#1283 = CARTESIAN_POINT('',(6.28318530718,3.14159265359));
#1284 = ( GEOMETRIC_REPRESENTATION_CONTEXT(2) 
PARAMETRIC_REPRESENTATION_CONTEXT() REPRESENTATION_CONTEXT('2D SPACE',''
  ) );
#1285 = PCURVE('',#1179,#1286);
#1286 = DEFINITIONAL_REPRESENTATION('',(#1287),#1304);
#1287 = B_SPLINE_CURVE_WITH_KNOTS('',8,(#1288,#1289,#1290,#1291,#1292,
    #1293,#1294,#1295,#1296,#1297,#1298,#1299,#1300,#1301,#1302,#1303),
  .UNSPECIFIED.,.F.,.F.,(9,7,9),(0.,0.785398163397,1.570796326795),
  .UNSPECIFIED.);
#1288 = CARTESIAN_POINT('',(-9.865181867315E-16,1.570796326795));
#1289 = CARTESIAN_POINT('',(2.908194386043E-16,1.67984107799));
#1290 = CARTESIAN_POINT('',(5.938043578715E-15,1.783818049433));
#1291 = CARTESIAN_POINT('',(-2.443103249173E-14,1.883939988172));
#1292 = CARTESIAN_POINT('',(2.713251937527E-14,1.981158305143));
#1293 = CARTESIAN_POINT('',(-2.089200209092E-14,2.07628449089));
#1294 = CARTESIAN_POINT('',(8.960773714267E-15,2.170043443437));
#1295 = CARTESIAN_POINT('',(-2.741576522403E-15,2.263118975269));
#1296 = CARTESIAN_POINT('',(-5.458958266577E-15,2.449270005145));
#1297 = CARTESIAN_POINT('',(1.784869020629E-14,2.542345536791));
#1298 = CARTESIAN_POINT('',(-4.041155137487E-14,2.636104489644));
#1299 = CARTESIAN_POINT('',(5.54238007423E-14,2.731230673686));
#1300 = CARTESIAN_POINT('',(-5.262715617403E-14,2.828448992319));
#1301 = CARTESIAN_POINT('',(1.84590525894E-14,2.928570930805));
#1302 = CARTESIAN_POINT('',(2.334432610004E-15,3.032547902439));
#1303 = CARTESIAN_POINT('',(0.,3.14159265359));
#1304 = ( GEOMETRIC_REPRESENTATION_CONTEXT(2) 
PARAMETRIC_REPRESENTATION_CONTEXT() REPRESENTATION_CONTEXT('2D SPACE',''
  ) );
#1305 = ORIENTED_EDGE('',*,*,#1306,.F.);
#1306 = EDGE_CURVE('',#1307,#1252,#1309,.T.);
#1307 = VERTEX_POINT('',#1308);
#1308 = CARTESIAN_POINT('',(30.,40.,-4.));
#1309 = SURFACE_CURVE('',#1310,(#1322,#1391),.PCURVE_S1.);
#1310 = B_SPLINE_CURVE_WITH_KNOTS('',10,(#1311,#1312,#1313,#1314,#1315,
    #1316,#1317,#1318,#1319,#1320,#1321),.UNSPECIFIED.,.F.,.F.,(11,11),(
    3.14159265359,6.28318530718),.PIECEWISE_BEZIER_KNOTS.);
#1311 = CARTESIAN_POINT('',(30.,40.,-4.));
#1312 = CARTESIAN_POINT('',(30.000000000002,36.858407346412,-4.));
#1313 = CARTESIAN_POINT('',(31.096619732674,33.716814965695,
    -3.999999999999));
#1314 = CARTESIAN_POINT('',(33.289886367802,31.005862608321,
    -4.000000000002));
#1315 = CARTESIAN_POINT('',(36.386405461158,29.156209854313,
    -3.999999999997));
#1316 = CARTESIAN_POINT('',(40.000000000028,28.497235493844,
    -4.000000000003));
#1317 = CARTESIAN_POINT('',(43.613594538794,29.156209854317,
    -3.999999999997));
#1318 = CARTESIAN_POINT('',(46.71011363223,31.005862608317,
    -4.000000000002));
#1319 = CARTESIAN_POINT('',(48.903380267312,33.716814965697,
    -3.999999999999));
#1320 = CARTESIAN_POINT('',(50.000000000002,36.858407346412,-4.));
#1321 = CARTESIAN_POINT('',(50.,40.,-4.));
#1322 = PCURVE('',#1222,#1323);
#1323 = DEFINITIONAL_REPRESENTATION('',(#1324),#1390);
#1324 = B_SPLINE_CURVE_WITH_KNOTS('',8,(#1325,#1326,#1327,#1328,#1329,
    #1330,#1331,#1332,#1333,#1334,#1335,#1336,#1337,#1338,#1339,#1340,
    #1341,#1342,#1343,#1344,#1345,#1346,#1347,#1348,#1349,#1350,#1351,
    #1352,#1353,#1354,#1355,#1356,#1357,#1358,#1359,#1360,#1361,#1362,
    #1363,#1364,#1365,#1366,#1367,#1368,#1369,#1370,#1371,#1372,#1373,
    #1374,#1375,#1376,#1377,#1378,#1379,#1380,#1381,#1382,#1383,#1384,
    #1385,#1386,#1387,#1388,#1389),.UNSPECIFIED.,.F.,.F.,(9,7,7,7,7,7,7,
    7,7,9),(3.14159265359,3.926990816987,4.516039439535,4.626486056263,
    4.678257907854,4.703334898469,4.709506189128,4.712579781155,
    5.497882544167,6.28318530718),.UNSPECIFIED.);
#1325 = CARTESIAN_POINT('',(3.14159265359,3.14159265359));
#1326 = CARTESIAN_POINT('',(3.250637404853,3.141592653606));
#1327 = CARTESIAN_POINT('',(3.354614355287,3.141592653433));
#1328 = CARTESIAN_POINT('',(3.454736321951,3.141592653487));
#1329 = CARTESIAN_POINT('',(3.551954645298,3.141592652545));
#1330 = CARTESIAN_POINT('',(3.647080819729,3.141592653586));
#1331 = CARTESIAN_POINT('',(3.740839769842,3.14159265349));
#1332 = CARTESIAN_POINT('',(3.833915299697,3.141592653599));
#1333 = CARTESIAN_POINT('',(3.996797452975,3.141592653596));
#1334 = CARTESIAN_POINT('',(4.0666040842,3.141592653584));
#1335 = CARTESIAN_POINT('',(4.136699093277,3.141592653612));
#1336 = CARTESIAN_POINT('',(4.207370756052,3.141592653579));
#1337 = CARTESIAN_POINT('',(4.278917520166,3.141592653561));
#1338 = CARTESIAN_POINT('',(4.351657706279,3.141592653611));
#1339 = CARTESIAN_POINT('',(4.42594201204,3.141592653588));
#1340 = CARTESIAN_POINT('',(4.516465359475,3.14159265359));
#1341 = CARTESIAN_POINT('',(4.530826935006,3.14159265359));
#1342 = CARTESIAN_POINT('',(4.545259566157,3.14159265359));
#1343 = CARTESIAN_POINT('',(4.559765963981,3.14159265359));
#1344 = CARTESIAN_POINT('',(4.574348912305,3.14159265359));
#1345 = CARTESIAN_POINT('',(4.589011267729,3.14159265359));
#1346 = CARTESIAN_POINT('',(4.603755959622,3.14159265359));
#1347 = CARTESIAN_POINT('',(4.625537568067,3.14159265359));
#1348 = CARTESIAN_POINT('',(4.632507898963,3.14159265359));
#1349 = CARTESIAN_POINT('',(4.639497292874,3.14159265359));
#1350 = CARTESIAN_POINT('',(4.646506064143,3.14159265359));
#1351 = CARTESIAN_POINT('',(4.653534531395,3.14159265359));
#1352 = CARTESIAN_POINT('',(4.660583017532,3.14159265359));
#1353 = CARTESIAN_POINT('',(4.667651849742,3.14159265359));
#1354 = CARTESIAN_POINT('',(4.678175341269,3.14159265359));
#1355 = CARTESIAN_POINT('',(4.681614173665,3.14159265359));
#1356 = CARTESIAN_POINT('',(4.685057895023,3.14159265359));
#1357 = CARTESIAN_POINT('',(4.688506543681,3.14159265359));
#1358 = CARTESIAN_POINT('',(4.691960157981,3.14159265359));
#1359 = CARTESIAN_POINT('',(4.695418776263,3.14159265359));
#1360 = CARTESIAN_POINT('',(4.698882436867,3.14159265359));
#1361 = CARTESIAN_POINT('',(4.703204811754,3.14159265359));
#1362 = CARTESIAN_POINT('',(4.704058754864,3.14159265359));
#1363 = CARTESIAN_POINT('',(4.704913007465,3.14159265359));
#1364 = CARTESIAN_POINT('',(4.705767569557,3.14159265359));
#1365 = CARTESIAN_POINT('',(4.706622441141,3.14159265359));
#1366 = CARTESIAN_POINT('',(4.707477622216,3.14159265359));
#1367 = CARTESIAN_POINT('',(4.708333112782,3.14159265359));
#1368 = CARTESIAN_POINT('',(4.709615137924,3.141592653592));
#1369 = CARTESIAN_POINT('',(4.710041471521,3.141592653607));
#1370 = CARTESIAN_POINT('',(4.710467793415,3.141592653585));
#1371 = CARTESIAN_POINT('',(4.710894312965,3.141592653579));
#1372 = CARTESIAN_POINT('',(4.711320869451,3.141592653589));
#1373 = CARTESIAN_POINT('',(4.711747386063,3.141592653589));
#1374 = CARTESIAN_POINT('',(4.712174188405,3.141592653595));
#1375 = CARTESIAN_POINT('',(4.821623785018,3.141592653601));
#1376 = CARTESIAN_POINT('',(4.925581873419,3.141592653482));
#1377 = CARTESIAN_POINT('',(5.025687220158,3.141592653427));
#1378 = CARTESIAN_POINT('',(5.122890633099,3.14159265277));
#1379 = CARTESIAN_POINT('',(5.218003248462,3.141592653744));
#1380 = CARTESIAN_POINT('',(5.311749652647,3.141592653534));
#1381 = CARTESIAN_POINT('',(5.404813382052,3.141592653597));
#1382 = CARTESIAN_POINT('',(5.590941800898,3.141592653625));
#1383 = CARTESIAN_POINT('',(5.684006523167,3.14159265335));
#1384 = CARTESIAN_POINT('',(5.777754914755,3.141592653899));
#1385 = CARTESIAN_POINT('',(5.872870549033,3.141592652341));
#1386 = CARTESIAN_POINT('',(5.970078123347,3.14159265412));
#1387 = CARTESIAN_POINT('',(6.070188865052,3.141592653344));
#1388 = CARTESIAN_POINT('',(6.174153801318,3.141592653618));
#1389 = CARTESIAN_POINT('',(6.28318530718,3.14159265359));
#1390 = ( GEOMETRIC_REPRESENTATION_CONTEXT(2) 
PARAMETRIC_REPRESENTATION_CONTEXT() REPRESENTATION_CONTEXT('2D SPACE',''
  ) );
#1391 = PCURVE('',#1392,#1403);
#1392 = ( BOUNDED_SURFACE() B_SPLINE_SURFACE(2,1,(
    (#1393,#1394)
    ,(#1395,#1396)
    ,(#1397,#1398)
    ,(#1399,#1400)
    ,(#1401,#1402
)),.UNSPECIFIED.,.F.,.F.,.F.) B_SPLINE_SURFACE_WITH_KNOTS((3,2,3),(2,2),
  (3.14159265359,4.712388980385,6.28318530718),(0.,8.),
.PIECEWISE_BEZIER_KNOTS.) GEOMETRIC_REPRESENTATION_ITEM() 
RATIONAL_B_SPLINE_SURFACE((
    (1.,1.)
    ,(0.707106781187,0.707106781187)
    ,(1.,1.)
    ,(0.707106781187,0.707106781187)
,(1.,1.))) REPRESENTATION_ITEM('') SURFACE() );
#1393 = CARTESIAN_POINT('',(30.,40.,-4.));
#1394 = CARTESIAN_POINT('',(30.,40.,-12.));
#1395 = CARTESIAN_POINT('',(30.,30.,-4.));
#1396 = CARTESIAN_POINT('',(30.,30.,-12.));
#1397 = CARTESIAN_POINT('',(40.,30.,-4.));
#1398 = CARTESIAN_POINT('',(40.,30.,-12.));
#1399 = CARTESIAN_POINT('',(50.,30.,-4.));
#1400 = CARTESIAN_POINT('',(50.,30.,-12.));
#1401 = CARTESIAN_POINT('',(50.,40.,-4.));
#1402 = CARTESIAN_POINT('',(50.,40.,-12.));
#1403 = DEFINITIONAL_REPRESENTATION('',(#1404),#1470);
#1404 = B_SPLINE_CURVE_WITH_KNOTS('',8,(#1405,#1406,#1407,#1408,#1409,
    #1410,#1411,#1412,#1413,#1414,#1415,#1416,#1417,#1418,#1419,#1420,
    #1421,#1422,#1423,#1424,#1425,#1426,#1427,#1428,#1429,#1430,#1431,
    #1432,#1433,#1434,#1435,#1436,#1437,#1438,#1439,#1440,#1441,#1442,
    #1443,#1444,#1445,#1446,#1447,#1448,#1449,#1450,#1451,#1452,#1453,
    #1454,#1455,#1456,#1457,#1458,#1459,#1460,#1461,#1462,#1463,#1464,
    #1465,#1466,#1467,#1468,#1469),.UNSPECIFIED.,.F.,.F.,(9,7,7,7,7,7,7,
    7,7,9),(3.14159265359,3.926990816987,4.516039439535,4.626486056263,
    4.678257907854,4.703334898469,4.709506189128,4.721800557237,
    5.502492932209,6.28318530718),.UNSPECIFIED.);
#1405 = CARTESIAN_POINT('',(3.14159265359,-8.881784197001E-16));
#1406 = CARTESIAN_POINT('',(3.250637141629,7.949615540789E-14));
#1407 = CARTESIAN_POINT('',(3.354615424119,1.458655813296E-14));
#1408 = CARTESIAN_POINT('',(3.454734872731,-1.732533155598E-14));
#1409 = CARTESIAN_POINT('',(3.551954980352,-1.258722745E-14));
#1410 = CARTESIAN_POINT('',(3.647081767732,-6.478203485273E-15));
#1411 = CARTESIAN_POINT('',(3.74083890231,-6.463581372832E-15));
#1412 = CARTESIAN_POINT('',(3.833915529235,5.58730180747E-15));
#1413 = CARTESIAN_POINT('',(3.99679742676,4.39803420305E-15));
#1414 = CARTESIAN_POINT('',(4.066604187164,1.736058487001E-15));
#1415 = CARTESIAN_POINT('',(4.136698965839,-2.344226665133E-17));
#1416 = CARTESIAN_POINT('',(4.207370756029,-1.861839696649E-15));
#1417 = CARTESIAN_POINT('',(4.278917647603,-4.274771264018E-15));
#1418 = CARTESIAN_POINT('',(4.35165760336,-5.145493032461E-15));
#1419 = CARTESIAN_POINT('',(4.425942038221,-2.70072987827E-15));
#1420 = CARTESIAN_POINT('',(4.516465359475,-2.817295065314E-15));
#1421 = CARTESIAN_POINT('',(4.530826935006,-2.612602107453E-15));
#1422 = CARTESIAN_POINT('',(4.545259566157,-2.660011142363E-15));
#1423 = CARTESIAN_POINT('',(4.559765963981,-2.739302746732E-15));
#1424 = CARTESIAN_POINT('',(4.574348912305,-2.684971187729E-15));
#1425 = CARTESIAN_POINT('',(4.589011267729,-2.386224423001E-15));
#1426 = CARTESIAN_POINT('',(4.603755959622,-1.786984100676E-15));
#1427 = CARTESIAN_POINT('',(4.625537575684,-1.374411935406E-15));
#1428 = CARTESIAN_POINT('',(4.632507901316,-1.722801510587E-15));
#1429 = CARTESIAN_POINT('',(4.639497287788,-1.931346066253E-15));
#1430 = CARTESIAN_POINT('',(4.646506055863,-2.000337383751E-15));
#1431 = CARTESIAN_POINT('',(4.653534526307,-1.930067244429E-15));
#1432 = CARTESIAN_POINT('',(4.660583019883,-1.720827429636E-15));
#1433 = CARTESIAN_POINT('',(4.667651857357,-1.372909720719E-15));
#1434 = CARTESIAN_POINT('',(4.678175341269,-9.033100398667E-16));
#1435 = CARTESIAN_POINT('',(4.681614173665,-9.560850768101E-16));
#1436 = CARTESIAN_POINT('',(4.685057895023,-1.032461728887E-15));
#1437 = CARTESIAN_POINT('',(4.688506543681,-1.119970715129E-15));
#1438 = CARTESIAN_POINT('',(4.691960157981,-1.206142754566E-15));
#1439 = CARTESIAN_POINT('',(4.695418776263,-1.278508566229E-15));
#1440 = CARTESIAN_POINT('',(4.698882436867,-1.324598869149E-15));
#1441 = CARTESIAN_POINT('',(4.703204811754,-1.260289897909E-15));
#1442 = CARTESIAN_POINT('',(4.704058754864,-1.209117795899E-15));
#1443 = CARTESIAN_POINT('',(4.704913007465,-1.178428076328E-15));
#1444 = CARTESIAN_POINT('',(4.705767569557,-1.168220739195E-15));
#1445 = CARTESIAN_POINT('',(4.706622441141,-1.1784957845E-15));
#1446 = CARTESIAN_POINT('',(4.707477622216,-1.209253212244E-15));
#1447 = CARTESIAN_POINT('',(4.708333112782,-1.260493022426E-15));
#1448 = CARTESIAN_POINT('',(4.710894037536,-3.24877707744E-15));
#1449 = CARTESIAN_POINT('',(4.712598187968,5.639061761892E-15));
#1450 = CARTESIAN_POINT('',(4.714313311291,-8.848446538009E-15));
#1451 = CARTESIAN_POINT('',(4.7160098713,-4.739375838247E-15));
#1452 = CARTESIAN_POINT('',(4.717719322736,1.255384070995E-14));
#1453 = CARTESIAN_POINT('',(4.719419983988,-1.304074898831E-14));
#1454 = CARTESIAN_POINT('',(4.72112205076,1.900580585707E-15));
#1455 = CARTESIAN_POINT('',(4.830794568024,4.617909648627E-16));
#1456 = CARTESIAN_POINT('',(4.933846648874,-3.029394074268E-15));
#1457 = CARTESIAN_POINT('',(5.033149368983,-1.224470252862E-16));
#1458 = CARTESIAN_POINT('',(5.129636738738,1.437624131674E-15));
#1459 = CARTESIAN_POINT('',(5.224095920056,-2.339105962075E-15));
#1460 = CARTESIAN_POINT('',(5.317235251102,-4.814927787403E-15));
#1461 = CARTESIAN_POINT('',(5.409730381996,1.837720900442E-15));
#1462 = CARTESIAN_POINT('',(5.594766656503,6.789449049069E-16));
#1463 = CARTESIAN_POINT('',(5.687310362341,-4.457426801107E-15));
#1464 = CARTESIAN_POINT('',(5.780546765294,-7.375048861766E-16));
#1465 = CARTESIAN_POINT('',(5.875153593833,-6.481317388257E-15));
#1466 = CARTESIAN_POINT('',(5.971843119571,-1.580055327084E-14));
#1467 = CARTESIAN_POINT('',(6.071408734071,2.704912510352E-15));
#1468 = CARTESIAN_POINT('',(6.174794161509,5.224213004073E-14));
#1469 = CARTESIAN_POINT('',(6.28318530718,-8.881784197001E-16));
#1470 = ( GEOMETRIC_REPRESENTATION_CONTEXT(2) 
PARAMETRIC_REPRESENTATION_CONTEXT() REPRESENTATION_CONTEXT('2D SPACE',''
  ) );
#1471 = ORIENTED_EDGE('',*,*,#1472,.F.);
#1472 = EDGE_CURVE('',#1160,#1307,#1473,.T.);
#1473 = SURFACE_CURVE('',#1474,(#1484,#1504),.PCURVE_S1.);
#1474 = B_SPLINE_CURVE_WITH_KNOTS('',8,(#1475,#1476,#1477,#1478,#1479,
    #1480,#1481,#1482,#1483),.UNSPECIFIED.,.F.,.F.,(9,9),(1.570796326795
    ,3.14159265359),.PIECEWISE_BEZIER_KNOTS.);
#1475 = CARTESIAN_POINT('',(24.,40.,2.));
#1476 = CARTESIAN_POINT('',(25.178097245096,40.,2.));
#1477 = CARTESIAN_POINT('',(26.356194861026,40.000000000001,
    1.735635266233));
#1478 = CARTESIAN_POINT('',(27.465079406009,39.999999999999,
    1.206908395229));
#1479 = CARTESIAN_POINT('',(28.435552534681,40.000000000001,
    0.435552534679));
#1480 = CARTESIAN_POINT('',(29.206908395228,39.999999999999,
    -0.53492059399));
#1481 = CARTESIAN_POINT('',(29.735635266233,40.,-1.643805138975));
#1482 = CARTESIAN_POINT('',(30.,40.,-2.821902754904));
#1483 = CARTESIAN_POINT('',(30.,40.,-4.));
#1484 = PCURVE('',#1222,#1485);
#1485 = DEFINITIONAL_REPRESENTATION('',(#1486),#1503);
#1486 = B_SPLINE_CURVE_WITH_KNOTS('',8,(#1487,#1488,#1489,#1490,#1491,
    #1492,#1493,#1494,#1495,#1496,#1497,#1498,#1499,#1500,#1501,#1502),
  .UNSPECIFIED.,.F.,.F.,(9,7,9),(1.570796326795,2.356194490192,
    3.14159265359),.UNSPECIFIED.);
#1487 = CARTESIAN_POINT('',(3.14159265359,1.570796326795));
#1488 = CARTESIAN_POINT('',(3.141592653655,1.679841077996));
#1489 = CARTESIAN_POINT('',(3.141592653138,1.78381804932));
#1490 = CARTESIAN_POINT('',(3.141592654407,1.883939988314));
#1491 = CARTESIAN_POINT('',(3.141592651461,1.981158304713));
#1492 = CARTESIAN_POINT('',(3.141592654365,2.076284491042));
#1493 = CARTESIAN_POINT('',(3.141592653148,2.170043443379));
#1494 = CARTESIAN_POINT('',(3.141592653654,2.263118975288));
#1495 = CARTESIAN_POINT('',(3.141592653623,2.449270005087));
#1496 = CARTESIAN_POINT('',(3.141592653362,2.542345537089));
#1497 = CARTESIAN_POINT('',(3.141592653635,2.636104488799));
#1498 = CARTESIAN_POINT('',(3.141592652385,2.731230674755));
#1499 = CARTESIAN_POINT('',(3.141592653853,2.828448991645));
#1500 = CARTESIAN_POINT('',(3.141592653359,2.928570931118));
#1501 = CARTESIAN_POINT('',(3.141592653616,3.032547902356));
#1502 = CARTESIAN_POINT('',(3.14159265359,3.14159265359));
#1503 = ( GEOMETRIC_REPRESENTATION_CONTEXT(2) 
PARAMETRIC_REPRESENTATION_CONTEXT() REPRESENTATION_CONTEXT('2D SPACE',''
  ) );
#1504 = PCURVE('',#1179,#1505);
#1505 = DEFINITIONAL_REPRESENTATION('',(#1506),#1523);
#1506 = B_SPLINE_CURVE_WITH_KNOTS('',8,(#1507,#1508,#1509,#1510,#1511,
    #1512,#1513,#1514,#1515,#1516,#1517,#1518,#1519,#1520,#1521,#1522),
  .UNSPECIFIED.,.F.,.F.,(9,7,9),(1.570796326795,2.356194490192,
    3.14159265359),.UNSPECIFIED.);
#1507 = CARTESIAN_POINT('',(3.14159265359,1.570796326795));
#1508 = CARTESIAN_POINT('',(3.141592653611,1.679841078003));
#1509 = CARTESIAN_POINT('',(3.141592653371,1.78381804941));
#1510 = CARTESIAN_POINT('',(3.141592653941,1.883939988273));
#1511 = CARTESIAN_POINT('',(3.141592652392,1.981158304815));
#1512 = CARTESIAN_POINT('',(3.141592653899,2.076284490931));
#1513 = CARTESIAN_POINT('',(3.141592653381,2.170043443416));
#1514 = CARTESIAN_POINT('',(3.14159265361,2.263118975282));
#1515 = CARTESIAN_POINT('',(3.141592653622,2.449270005116));
#1516 = CARTESIAN_POINT('',(3.141592653368,2.542345536885));
#1517 = CARTESIAN_POINT('',(3.141592653852,2.636104489265));
#1518 = CARTESIAN_POINT('',(3.141592652407,2.731230674289));
#1519 = CARTESIAN_POINT('',(3.141592653836,2.828448992111));
#1520 = CARTESIAN_POINT('',(3.141592653366,2.928570930885));
#1521 = CARTESIAN_POINT('',(3.141592653615,3.032547902393));
#1522 = CARTESIAN_POINT('',(3.14159265359,3.14159265359));
#1523 = ( GEOMETRIC_REPRESENTATION_CONTEXT(2) 
PARAMETRIC_REPRESENTATION_CONTEXT() REPRESENTATION_CONTEXT('2D SPACE',''
  ) );
#1524 = ADVANCED_FACE('',(#1525),#1179,.T.);
#1525 = FACE_BOUND('',#1526,.T.);
#1526 = EDGE_LOOP('',(#1527,#1691,#1692,#1693));
#1527 = ORIENTED_EDGE('',*,*,#1528,.F.);
#1528 = EDGE_CURVE('',#1252,#1307,#1529,.T.);
#1529 = SURFACE_CURVE('',#1530,(#1542,#1611),.PCURVE_S1.);
#1530 = B_SPLINE_CURVE_WITH_KNOTS('',10,(#1531,#1532,#1533,#1534,#1535,
    #1536,#1537,#1538,#1539,#1540,#1541),.UNSPECIFIED.,.F.,.F.,(11,11),(
    0.,3.14159265359),.PIECEWISE_BEZIER_KNOTS.);
#1531 = CARTESIAN_POINT('',(50.,40.,-4.));
#1532 = CARTESIAN_POINT('',(50.000000000001,43.141592653592,-4.));
#1533 = CARTESIAN_POINT('',(48.903380267314,46.283185034289,-4.));
#1534 = CARTESIAN_POINT('',(46.710113632223,48.994137391714,
    -4.000000000001));
#1535 = CARTESIAN_POINT('',(43.613594538807,50.843790145636,
    -3.999999999999));
#1536 = CARTESIAN_POINT('',(40.000000000008,51.502764506209,
    -4.000000000001));
#1537 = CARTESIAN_POINT('',(36.386405461178,50.843790145641,
    -3.999999999999));
#1538 = CARTESIAN_POINT('',(33.289886367788,48.994137391709,-4.));
#1539 = CARTESIAN_POINT('',(31.096619732681,46.283185034292,-4.));
#1540 = CARTESIAN_POINT('',(30.,43.141592653591,-4.));
#1541 = CARTESIAN_POINT('',(30.,40.,-4.));
#1542 = PCURVE('',#1179,#1543);
#1543 = DEFINITIONAL_REPRESENTATION('',(#1544),#1610);
#1544 = B_SPLINE_CURVE_WITH_KNOTS('',8,(#1545,#1546,#1547,#1548,#1549,
    #1550,#1551,#1552,#1553,#1554,#1555,#1556,#1557,#1558,#1559,#1560,
    #1561,#1562,#1563,#1564,#1565,#1566,#1567,#1568,#1569,#1570,#1571,
    #1572,#1573,#1574,#1575,#1576,#1577,#1578,#1579,#1580,#1581,#1582,
    #1583,#1584,#1585,#1586,#1587,#1588,#1589,#1590,#1591,#1592,#1593,
    #1594,#1595,#1596,#1597,#1598,#1599,#1600,#1601,#1602,#1603,#1604,
    #1605,#1606,#1607,#1608,#1609),.UNSPECIFIED.,.F.,.F.,(9,7,7,7,7,7,7,
    7,7,9),(0.,0.785398163397,1.374446785946,1.484893402673,
    1.536665254264,1.561742244879,1.567913535538,1.570987127565,
    2.356289890578,3.14159265359),.UNSPECIFIED.);
#1545 = CARTESIAN_POINT('',(-7.892145493852E-16,3.14159265359));
#1546 = CARTESIAN_POINT('',(0.109044751264,3.141592653586));
#1547 = CARTESIAN_POINT('',(0.213021701772,3.141592653489));
#1548 = CARTESIAN_POINT('',(0.313143668611,3.141592653412));
#1549 = CARTESIAN_POINT('',(0.410361992491,3.141592653025));
#1550 = CARTESIAN_POINT('',(0.505488166312,3.141592653494));
#1551 = CARTESIAN_POINT('',(0.599247116278,3.141592653541));
#1552 = CARTESIAN_POINT('',(0.692322646103,3.141592653596));
#1553 = CARTESIAN_POINT('',(0.855204799374,3.141592653587));
#1554 = CARTESIAN_POINT('',(0.925011430628,3.141592653611));
#1555 = CARTESIAN_POINT('',(0.995106439669,3.141592653578));
#1556 = CARTESIAN_POINT('',(1.065778102463,3.141592653587));
#1557 = CARTESIAN_POINT('',(1.137324866589,3.141592653602));
#1558 = CARTESIAN_POINT('',(1.210065052657,3.141592653578));
#1559 = CARTESIAN_POINT('',(1.284349358454,3.141592653597));
#1560 = CARTESIAN_POINT('',(1.374872705885,3.14159265359));
#1561 = CARTESIAN_POINT('',(1.389234281416,3.14159265359));
#1562 = CARTESIAN_POINT('',(1.403666912567,3.14159265359));
#1563 = CARTESIAN_POINT('',(1.418173310391,3.14159265359));
#1564 = CARTESIAN_POINT('',(1.432756258716,3.14159265359));
#1565 = CARTESIAN_POINT('',(1.447418614139,3.14159265359));
#1566 = CARTESIAN_POINT('',(1.462163306032,3.14159265359));
#1567 = CARTESIAN_POINT('',(1.483944914478,3.14159265359));
#1568 = CARTESIAN_POINT('',(1.490915245373,3.14159265359));
#1569 = CARTESIAN_POINT('',(1.497904639284,3.14159265359));
#1570 = CARTESIAN_POINT('',(1.504913410554,3.14159265359));
#1571 = CARTESIAN_POINT('',(1.511941877805,3.14159265359));
#1572 = CARTESIAN_POINT('',(1.518990363942,3.14159265359));
#1573 = CARTESIAN_POINT('',(1.526059196152,3.14159265359));
#1574 = CARTESIAN_POINT('',(1.536582687679,3.14159265359));
#1575 = CARTESIAN_POINT('',(1.540021520076,3.14159265359));
#1576 = CARTESIAN_POINT('',(1.543465241433,3.14159265359));
#1577 = CARTESIAN_POINT('',(1.546913890091,3.14159265359));
#1578 = CARTESIAN_POINT('',(1.550367504391,3.14159265359));
#1579 = CARTESIAN_POINT('',(1.553826122673,3.14159265359));
#1580 = CARTESIAN_POINT('',(1.557289783278,3.14159265359));
#1581 = CARTESIAN_POINT('',(1.561612158164,3.14159265359));
#1582 = CARTESIAN_POINT('',(1.562466101274,3.14159265359));
#1583 = CARTESIAN_POINT('',(1.563320353875,3.14159265359));
#1584 = CARTESIAN_POINT('',(1.564174915968,3.14159265359));
#1585 = CARTESIAN_POINT('',(1.565029787551,3.14159265359));
#1586 = CARTESIAN_POINT('',(1.565884968626,3.14159265359));
#1587 = CARTESIAN_POINT('',(1.566740459192,3.14159265359));
#1588 = CARTESIAN_POINT('',(1.56802248433,3.141592653587));
#1589 = CARTESIAN_POINT('',(1.568448817929,3.141592653611));
#1590 = CARTESIAN_POINT('',(1.568875139837,3.141592653578));
#1591 = CARTESIAN_POINT('',(1.569301659371,3.141592653587));
#1592 = CARTESIAN_POINT('',(1.56972821584,3.141592653602));
#1593 = CARTESIAN_POINT('',(1.570154732466,3.141592653578));
#1594 = CARTESIAN_POINT('',(1.57058153481,3.141592653597));
#1595 = CARTESIAN_POINT('',(1.680031131438,3.141592653645));
#1596 = CARTESIAN_POINT('',(1.783989219767,3.14159265325));
#1597 = CARTESIAN_POINT('',(1.884094566786,3.141592653893));
#1598 = CARTESIAN_POINT('',(1.981297979746,3.141592652072));
#1599 = CARTESIAN_POINT('',(2.076410595572,3.141592654209));
#1600 = CARTESIAN_POINT('',(2.170156999004,3.141592653301));
#1601 = CARTESIAN_POINT('',(2.26322072846,3.141592653641));
#1602 = CARTESIAN_POINT('',(2.449349147289,3.141592653618));
#1603 = CARTESIAN_POINT('',(2.542413869635,3.141592653354));
#1604 = CARTESIAN_POINT('',(2.636162261016,3.141592653692));
#1605 = CARTESIAN_POINT('',(2.731277895995,3.141592652494));
#1606 = CARTESIAN_POINT('',(2.828485469834,3.141592653778));
#1607 = CARTESIAN_POINT('',(2.928596211549,3.141592653403));
#1608 = CARTESIAN_POINT('',(3.032561147727,3.141592653615));
#1609 = CARTESIAN_POINT('',(3.14159265359,3.14159265359));
#1610 = ( GEOMETRIC_REPRESENTATION_CONTEXT(2) 
PARAMETRIC_REPRESENTATION_CONTEXT() REPRESENTATION_CONTEXT('2D SPACE',''
  ) );
#1611 = PCURVE('',#1612,#1623);
#1612 = ( BOUNDED_SURFACE() B_SPLINE_SURFACE(2,1,(
    (#1613,#1614)
    ,(#1615,#1616)
    ,(#1617,#1618)
    ,(#1619,#1620)
    ,(#1621,#1622
)),.UNSPECIFIED.,.F.,.F.,.F.) B_SPLINE_SURFACE_WITH_KNOTS((3,2,3),(2,2),
  (0.,1.570796326795,3.14159265359),(0.,8.),.PIECEWISE_BEZIER_KNOTS.) 
GEOMETRIC_REPRESENTATION_ITEM() RATIONAL_B_SPLINE_SURFACE((
    (1.,1.)
    ,(0.707106781187,0.707106781187)
    ,(1.,1.)
    ,(0.707106781187,0.707106781187)
,(1.,1.))) REPRESENTATION_ITEM('') SURFACE() );
#1613 = CARTESIAN_POINT('',(50.,40.,-4.));
#1614 = CARTESIAN_POINT('',(50.,40.,-12.));
#1615 = CARTESIAN_POINT('',(50.,50.,-4.));
#1616 = CARTESIAN_POINT('',(50.,50.,-12.));
#1617 = CARTESIAN_POINT('',(40.,50.,-4.));
#1618 = CARTESIAN_POINT('',(40.,50.,-12.));
#1619 = CARTESIAN_POINT('',(30.,50.,-4.));
#1620 = CARTESIAN_POINT('',(30.,50.,-12.));
#1621 = CARTESIAN_POINT('',(30.,40.,-4.));
#1622 = CARTESIAN_POINT('',(30.,40.,-12.));
#1623 = DEFINITIONAL_REPRESENTATION('',(#1624),#1690);
#1624 = B_SPLINE_CURVE_WITH_KNOTS('',8,(#1625,#1626,#1627,#1628,#1629,
    #1630,#1631,#1632,#1633,#1634,#1635,#1636,#1637,#1638,#1639,#1640,
    #1641,#1642,#1643,#1644,#1645,#1646,#1647,#1648,#1649,#1650,#1651,
    #1652,#1653,#1654,#1655,#1656,#1657,#1658,#1659,#1660,#1661,#1662,
    #1663,#1664,#1665,#1666,#1667,#1668,#1669,#1670,#1671,#1672,#1673,
    #1674,#1675,#1676,#1677,#1678,#1679,#1680,#1681,#1682,#1683,#1684,
    #1685,#1686,#1687,#1688,#1689),.UNSPECIFIED.,.F.,.F.,(9,7,7,7,7,7,7,
    7,7,9),(0.,0.785398163397,1.374446785946,1.484893402673,
    1.536665254264,1.561742244879,1.567913535538,1.580207903648,
    2.360900278619,3.14159265359),.UNSPECIFIED.);
#1625 = CARTESIAN_POINT('',(1.080489178964E-48,-8.881784197001E-16));
#1626 = CARTESIAN_POINT('',(0.109044488039,3.855778057625E-14));
#1627 = CARTESIAN_POINT('',(0.213022770531,7.098790580005E-15));
#1628 = CARTESIAN_POINT('',(0.31314221914,-1.072311217587E-14));
#1629 = CARTESIAN_POINT('',(0.41036232676,-1.051136450542E-14));
#1630 = CARTESIAN_POINT('',(0.505489114142,-7.327778340344E-15));
#1631 = CARTESIAN_POINT('',(0.599246248722,-5.41777252749E-15));
#1632 = CARTESIAN_POINT('',(0.692322875644,1.652065647387E-15));
#1633 = CARTESIAN_POINT('',(0.85520477317,2.497160275836E-15));
#1634 = CARTESIAN_POINT('',(0.925011533575,1.671184139487E-15));
#1635 = CARTESIAN_POINT('',(0.995106312249,1.424263319593E-15));
#1636 = CARTESIAN_POINT('',(1.065778102439,1.636826723658E-15));
#1637 = CARTESIAN_POINT('',(1.137324994012,1.143491524598E-15));
#1638 = CARTESIAN_POINT('',(1.21006494977,-4.941588504442E-16));
#1639 = CARTESIAN_POINT('',(1.284349384631,-1.973880619582E-15));
#1640 = CARTESIAN_POINT('',(1.374872705885,-1.618960946992E-15));
#1641 = CARTESIAN_POINT('',(1.389234281416,-1.389335154529E-15));
#1642 = CARTESIAN_POINT('',(1.403666912567,-5.483252482728E-16));
#1643 = CARTESIAN_POINT('',(1.418173310391,8.865924782435E-17));
#1644 = CARTESIAN_POINT('',(1.432756258716,1.298424775574E-16));
#1645 = CARTESIAN_POINT('',(1.447418614139,-3.929177475312E-16));
#1646 = CARTESIAN_POINT('',(1.462163306032,-1.024129948152E-15));
#1647 = CARTESIAN_POINT('',(1.483944922094,-1.085707800658E-15));
#1648 = CARTESIAN_POINT('',(1.490915247726,-9.877703965579E-16));
#1649 = CARTESIAN_POINT('',(1.497904634198,-6.958173132957E-16));
#1650 = CARTESIAN_POINT('',(1.504913402273,-3.148090992025E-16));
#1651 = CARTESIAN_POINT('',(1.511941872717,5.029369739115E-17));
#1652 = CARTESIAN_POINT('',(1.518990366294,2.945305281548E-16));
#1653 = CARTESIAN_POINT('',(1.526059203767,3.12940844758E-16));
#1654 = CARTESIAN_POINT('',(1.536582687679,5.474709038385E-16));
#1655 = CARTESIAN_POINT('',(1.540021520076,3.890559464498E-16));
#1656 = CARTESIAN_POINT('',(1.543465241433,-1.922214733068E-16));
#1657 = CARTESIAN_POINT('',(1.546913890091,-9.139020554421E-16));
#1658 = CARTESIAN_POINT('',(1.550367504391,-1.493526499967E-15));
#1659 = CARTESIAN_POINT('',(1.553826122673,-1.648635506892E-15));
#1660 = CARTESIAN_POINT('',(1.557289783278,-1.096769776228E-15));
#1661 = CARTESIAN_POINT('',(1.561612158164,1.931148054706E-16));
#1662 = CARTESIAN_POINT('',(1.562466101274,-1.820199865762E-17));
#1663 = CARTESIAN_POINT('',(1.563320353875,-1.8942042037E-16));
#1664 = CARTESIAN_POINT('',(1.564174915968,-3.205404596666E-16));
#1665 = CARTESIAN_POINT('',(1.565029787551,-4.115621165474E-16));
#1666 = CARTESIAN_POINT('',(1.565884968626,-4.624853910123E-16));
#1667 = CARTESIAN_POINT('',(1.566740459192,-4.733102830614E-16));
#1668 = CARTESIAN_POINT('',(1.569301383849,6.21380034755E-15));
#1669 = CARTESIAN_POINT('',(1.571005534856,-2.012124968397E-14));
#1670 = CARTESIAN_POINT('',(1.572720656222,3.573715096962E-14));
#1671 = CARTESIAN_POINT('',(1.574417219985,-4.345984377557E-14));
#1672 = CARTESIAN_POINT('',(1.576126668052,3.124444711956E-14));
#1673 = CARTESIAN_POINT('',(1.57782733084,-1.413721094346E-14));
#1674 = CARTESIAN_POINT('',(1.579529397089,3.204558208619E-15));
#1675 = CARTESIAN_POINT('',(1.689201914434,3.158847189464E-15));
#1676 = CARTESIAN_POINT('',(1.792253995284,-2.987714321576E-15));
#1677 = CARTESIAN_POINT('',(1.891556715393,-1.30117028856E-15));
#1678 = CARTESIAN_POINT('',(1.988044085147,1.875634637512E-15));
#1679 = CARTESIAN_POINT('',(2.082503266466,3.67070074015E-16));
#1680 = CARTESIAN_POINT('',(2.175642597513,-2.432632803239E-15));
#1681 = CARTESIAN_POINT('',(2.268137728406,7.094513664302E-16));
#1682 = CARTESIAN_POINT('',(2.453174002914,-6.111659962644E-16));
#1683 = CARTESIAN_POINT('',(2.545717708748,-2.073631116398E-15));
#1684 = CARTESIAN_POINT('',(2.638954111704,8.710384621738E-16));
#1685 = CARTESIAN_POINT('',(2.733560940244,-1.20499533489E-15));
#1686 = CARTESIAN_POINT('',(2.83025046598,-7.235788378163E-15));
#1687 = CARTESIAN_POINT('',(2.929816080479,-3.648649038745E-15));
#1688 = CARTESIAN_POINT('',(3.033201507919,1.448169839387E-14));
#1689 = CARTESIAN_POINT('',(3.14159265359,-8.881784197001E-16));
#1690 = ( GEOMETRIC_REPRESENTATION_CONTEXT(2) 
PARAMETRIC_REPRESENTATION_CONTEXT() REPRESENTATION_CONTEXT('2D SPACE',''
  ) );
#1691 = ORIENTED_EDGE('',*,*,#1251,.F.);
#1692 = ORIENTED_EDGE('',*,*,#1157,.T.);
#1693 = ORIENTED_EDGE('',*,*,#1472,.T.);
#1694 = ADVANCED_FACE('',(#1695),#1392,.T.);
#1695 = FACE_BOUND('',#1696,.T.);
#1696 = EDGE_LOOP('',(#1697,#1698,#1720,#1821));
#1697 = ORIENTED_EDGE('',*,*,#1306,.T.);
#1698 = ORIENTED_EDGE('',*,*,#1699,.T.);
#1699 = EDGE_CURVE('',#1252,#1700,#1702,.T.);
#1700 = VERTEX_POINT('',#1701);
#1701 = CARTESIAN_POINT('',(50.,40.,-12.));
#1702 = SURFACE_CURVE('',#1703,(#1706,#1713),.PCURVE_S1.);
#1703 = B_SPLINE_CURVE_WITH_KNOTS('',1,(#1704,#1705),.UNSPECIFIED.,.F.,
  .F.,(2,2),(0.,8.),.PIECEWISE_BEZIER_KNOTS.);
#1704 = CARTESIAN_POINT('',(50.,40.,-4.));
#1705 = CARTESIAN_POINT('',(50.,40.,-12.));
#1706 = PCURVE('',#1392,#1707);
#1707 = DEFINITIONAL_REPRESENTATION('',(#1708),#1712);
#1708 = B_SPLINE_CURVE_WITH_KNOTS('',2,(#1709,#1710,#1711),
  .UNSPECIFIED.,.F.,.F.,(3,3),(0.,8.),.PIECEWISE_BEZIER_KNOTS.);
#1709 = CARTESIAN_POINT('',(6.28318530718,0.));
#1710 = CARTESIAN_POINT('',(6.28318530718,4.));
#1711 = CARTESIAN_POINT('',(6.28318530718,8.));
#1712 = ( GEOMETRIC_REPRESENTATION_CONTEXT(2) 
PARAMETRIC_REPRESENTATION_CONTEXT() REPRESENTATION_CONTEXT('2D SPACE',''
  ) );
#1713 = PCURVE('',#1612,#1714);
#1714 = DEFINITIONAL_REPRESENTATION('',(#1715),#1719);
#1715 = B_SPLINE_CURVE_WITH_KNOTS('',2,(#1716,#1717,#1718),
  .UNSPECIFIED.,.F.,.F.,(3,3),(0.,8.),.PIECEWISE_BEZIER_KNOTS.);
#1716 = CARTESIAN_POINT('',(0.,0.));
#1717 = CARTESIAN_POINT('',(0.,4.));
#1718 = CARTESIAN_POINT('',(0.,8.));
#1719 = ( GEOMETRIC_REPRESENTATION_CONTEXT(2) 
PARAMETRIC_REPRESENTATION_CONTEXT() REPRESENTATION_CONTEXT('2D SPACE',''
  ) );
#1720 = ORIENTED_EDGE('',*,*,#1721,.F.);
#1721 = EDGE_CURVE('',#1722,#1700,#1724,.T.);
#1722 = VERTEX_POINT('',#1723);
#1723 = CARTESIAN_POINT('',(30.,40.,-12.));
#1724 = SURFACE_CURVE('',#1725,(#1737,#1806),.PCURVE_S1.);
#1725 = B_SPLINE_CURVE_WITH_KNOTS('',10,(#1726,#1727,#1728,#1729,#1730,
    #1731,#1732,#1733,#1734,#1735,#1736),.UNSPECIFIED.,.F.,.F.,(11,11),(
    3.14159265359,6.28318530718),.PIECEWISE_BEZIER_KNOTS.);
#1726 = CARTESIAN_POINT('',(30.,40.,-12.));
#1727 = CARTESIAN_POINT('',(30.000000000002,36.858407346412,-12.));
#1728 = CARTESIAN_POINT('',(31.096619732674,33.716814965695,
    -11.99999999999));
#1729 = CARTESIAN_POINT('',(33.289886367802,31.005862608321,-12.));
#1730 = CARTESIAN_POINT('',(36.386405461158,29.156209854313,
    -11.99999999998));
#1731 = CARTESIAN_POINT('',(40.000000000028,28.497235493844,
    -12.00000000001));
#1732 = CARTESIAN_POINT('',(43.613594538794,29.156209854317,
    -11.99999999999));
#1733 = CARTESIAN_POINT('',(46.71011363223,31.005862608317,-12.));
#1734 = CARTESIAN_POINT('',(48.903380267312,33.716814965697,
    -11.99999999999));
#1735 = CARTESIAN_POINT('',(50.000000000002,36.858407346412,-12.));
#1736 = CARTESIAN_POINT('',(50.,40.,-12.));
#1737 = PCURVE('',#1392,#1738);
#1738 = DEFINITIONAL_REPRESENTATION('',(#1739),#1805);
#1739 = B_SPLINE_CURVE_WITH_KNOTS('',8,(#1740,#1741,#1742,#1743,#1744,
    #1745,#1746,#1747,#1748,#1749,#1750,#1751,#1752,#1753,#1754,#1755,
    #1756,#1757,#1758,#1759,#1760,#1761,#1762,#1763,#1764,#1765,#1766,
    #1767,#1768,#1769,#1770,#1771,#1772,#1773,#1774,#1775,#1776,#1777,
    #1778,#1779,#1780,#1781,#1782,#1783,#1784,#1785,#1786,#1787,#1788,
    #1789,#1790,#1791,#1792,#1793,#1794,#1795,#1796,#1797,#1798,#1799,
    #1800,#1801,#1802,#1803,#1804),.UNSPECIFIED.,.F.,.F.,(9,7,7,7,7,7,7,
    7,7,9),(3.14159265359,3.926990816987,4.516039439535,4.626486056263,
    4.678257907854,4.703334898469,4.709506189128,4.721800557237,
    5.502492932209,6.28318530718),.UNSPECIFIED.);
#1740 = CARTESIAN_POINT('',(3.14159265359,8.));
#1741 = CARTESIAN_POINT('',(3.250637141629,8.000000000001));
#1742 = CARTESIAN_POINT('',(3.354615424119,8.000000000002));
#1743 = CARTESIAN_POINT('',(3.454734872731,8.000000000001));
#1744 = CARTESIAN_POINT('',(3.551954980352,7.999999999999));
#1745 = CARTESIAN_POINT('',(3.647081767732,7.999999999999));
#1746 = CARTESIAN_POINT('',(3.74083890231,8.));
#1747 = CARTESIAN_POINT('',(3.833915529235,8.));
#1748 = CARTESIAN_POINT('',(3.99679742676,7.999999999999));
#1749 = CARTESIAN_POINT('',(4.066604187164,8.000000000004));
#1750 = CARTESIAN_POINT('',(4.136698965839,7.999999999998));
#1751 = CARTESIAN_POINT('',(4.207370756029,7.999999999994));
#1752 = CARTESIAN_POINT('',(4.278917647603,7.999999999998));
#1753 = CARTESIAN_POINT('',(4.35165760336,8.000000000004));
#1754 = CARTESIAN_POINT('',(4.425942038221,7.999999999999));
#1755 = CARTESIAN_POINT('',(4.516465359475,8.));
#1756 = CARTESIAN_POINT('',(4.530826935006,8.));
#1757 = CARTESIAN_POINT('',(4.545259566157,8.));
#1758 = CARTESIAN_POINT('',(4.559765963981,8.));
#1759 = CARTESIAN_POINT('',(4.574348912305,8.));
#1760 = CARTESIAN_POINT('',(4.589011267729,8.));
#1761 = CARTESIAN_POINT('',(4.603755959622,8.));
#1762 = CARTESIAN_POINT('',(4.625537575684,8.));
#1763 = CARTESIAN_POINT('',(4.632507901316,8.));
#1764 = CARTESIAN_POINT('',(4.639497287788,8.));
#1765 = CARTESIAN_POINT('',(4.646506055863,8.));
#1766 = CARTESIAN_POINT('',(4.653534526307,8.));
#1767 = CARTESIAN_POINT('',(4.660583019883,8.));
#1768 = CARTESIAN_POINT('',(4.667651857357,8.));
#1769 = CARTESIAN_POINT('',(4.678175341269,8.));
#1770 = CARTESIAN_POINT('',(4.681614173665,8.));
#1771 = CARTESIAN_POINT('',(4.685057895023,8.));
#1772 = CARTESIAN_POINT('',(4.688506543681,8.));
#1773 = CARTESIAN_POINT('',(4.691960157981,8.));
#1774 = CARTESIAN_POINT('',(4.695418776263,8.));
#1775 = CARTESIAN_POINT('',(4.698882436867,8.));
#1776 = CARTESIAN_POINT('',(4.703204811754,8.));
#1777 = CARTESIAN_POINT('',(4.704058754864,8.));
#1778 = CARTESIAN_POINT('',(4.704913007465,8.));
#1779 = CARTESIAN_POINT('',(4.705767569557,8.));
#1780 = CARTESIAN_POINT('',(4.706622441141,8.));
#1781 = CARTESIAN_POINT('',(4.707477622216,8.));
#1782 = CARTESIAN_POINT('',(4.708333112782,8.));
#1783 = CARTESIAN_POINT('',(4.710894037536,8.000000000069));
#1784 = CARTESIAN_POINT('',(4.712598187968,7.999999999776));
#1785 = CARTESIAN_POINT('',(4.714313311291,8.000000000673));
#1786 = CARTESIAN_POINT('',(4.7160098713,7.999999996164));
#1787 = CARTESIAN_POINT('',(4.717719322736,8.000000000707));
#1788 = CARTESIAN_POINT('',(4.719419983988,7.999999999734));
#1789 = CARTESIAN_POINT('',(4.72112205076,8.000000000042));
#1790 = CARTESIAN_POINT('',(4.830794568024,8.000000000003));
#1791 = CARTESIAN_POINT('',(4.933846648874,7.999999999995));
#1792 = CARTESIAN_POINT('',(5.033149368983,7.999999999999));
#1793 = CARTESIAN_POINT('',(5.129636738738,8.000000000004));
#1794 = CARTESIAN_POINT('',(5.224095920056,8.));
#1795 = CARTESIAN_POINT('',(5.317235251102,7.999999999994));
#1796 = CARTESIAN_POINT('',(5.409730381996,8.000000000002));
#1797 = CARTESIAN_POINT('',(5.594766656503,8.000000000002));
#1798 = CARTESIAN_POINT('',(5.687310362341,7.999999999997));
#1799 = CARTESIAN_POINT('',(5.780546765294,7.999999999999));
#1800 = CARTESIAN_POINT('',(5.875153593833,8.000000000002));
#1801 = CARTESIAN_POINT('',(5.971843119571,8.000000000001));
#1802 = CARTESIAN_POINT('',(6.071408734071,7.999999999999));
#1803 = CARTESIAN_POINT('',(6.174794161509,8.000000000001));
#1804 = CARTESIAN_POINT('',(6.28318530718,8.));
#1805 = ( GEOMETRIC_REPRESENTATION_CONTEXT(2) 
PARAMETRIC_REPRESENTATION_CONTEXT() REPRESENTATION_CONTEXT('2D SPACE',''
  ) );
#1806 = PCURVE('',#827,#1807);
#1807 = DEFINITIONAL_REPRESENTATION('',(#1808),#1820);
#1808 = B_SPLINE_CURVE_WITH_KNOTS('',10,(#1809,#1810,#1811,#1812,#1813,
    #1814,#1815,#1816,#1817,#1818,#1819),.UNSPECIFIED.,.F.,.F.,(11,11),(
    3.14159265359,6.28318530718),.PIECEWISE_BEZIER_KNOTS.);
#1809 = CARTESIAN_POINT('',(-10.,7.044617866365));
#1810 = CARTESIAN_POINT('',(-9.999999999998,3.903025212777));
#1811 = CARTESIAN_POINT('',(-8.903380267326,0.76143283206));
#1812 = CARTESIAN_POINT('',(-6.710113632198,-1.949519525314));
#1813 = CARTESIAN_POINT('',(-3.613594538842,-3.799172279322));
#1814 = CARTESIAN_POINT('',(2.800959464366E-11,-4.458146639791));
#1815 = CARTESIAN_POINT('',(3.613594538793,-3.799172279318));
#1816 = CARTESIAN_POINT('',(6.71011363223,-1.949519525318));
#1817 = CARTESIAN_POINT('',(8.903380267312,0.761432832062));
#1818 = CARTESIAN_POINT('',(10.000000000002,3.903025212777));
#1819 = CARTESIAN_POINT('',(10.,7.044617866365));
#1820 = ( GEOMETRIC_REPRESENTATION_CONTEXT(2) 
PARAMETRIC_REPRESENTATION_CONTEXT() REPRESENTATION_CONTEXT('2D SPACE',''
  ) );
#1821 = ORIENTED_EDGE('',*,*,#1822,.F.);
#1822 = EDGE_CURVE('',#1307,#1722,#1823,.T.);
#1823 = SURFACE_CURVE('',#1824,(#1827,#1834),.PCURVE_S1.);
#1824 = B_SPLINE_CURVE_WITH_KNOTS('',1,(#1825,#1826),.UNSPECIFIED.,.F.,
  .F.,(2,2),(0.,8.),.PIECEWISE_BEZIER_KNOTS.);
#1825 = CARTESIAN_POINT('',(30.,40.,-4.));
#1826 = CARTESIAN_POINT('',(30.,40.,-12.));
#1827 = PCURVE('',#1392,#1828);
#1828 = DEFINITIONAL_REPRESENTATION('',(#1829),#1833);
#1829 = B_SPLINE_CURVE_WITH_KNOTS('',2,(#1830,#1831,#1832),
  .UNSPECIFIED.,.F.,.F.,(3,3),(0.,8.),.PIECEWISE_BEZIER_KNOTS.);
#1830 = CARTESIAN_POINT('',(3.14159265359,0.));
#1831 = CARTESIAN_POINT('',(3.14159265359,4.));
#1832 = CARTESIAN_POINT('',(3.14159265359,8.));
#1833 = ( GEOMETRIC_REPRESENTATION_CONTEXT(2) 
PARAMETRIC_REPRESENTATION_CONTEXT() REPRESENTATION_CONTEXT('2D SPACE',''
  ) );
#1834 = PCURVE('',#1612,#1835);
#1835 = DEFINITIONAL_REPRESENTATION('',(#1836),#1840);
#1836 = B_SPLINE_CURVE_WITH_KNOTS('',2,(#1837,#1838,#1839),
  .UNSPECIFIED.,.F.,.F.,(3,3),(0.,8.),.PIECEWISE_BEZIER_KNOTS.);
#1837 = CARTESIAN_POINT('',(3.14159265359,0.));
#1838 = CARTESIAN_POINT('',(3.14159265359,4.));
#1839 = CARTESIAN_POINT('',(3.14159265359,8.));
#1840 = ( GEOMETRIC_REPRESENTATION_CONTEXT(2) 
PARAMETRIC_REPRESENTATION_CONTEXT() REPRESENTATION_CONTEXT('2D SPACE',''
  ) );
#1841 = ADVANCED_FACE('',(#1842),#1612,.T.);
#1842 = FACE_BOUND('',#1843,.T.);
#1843 = EDGE_LOOP('',(#1844,#1943,#1944,#1945));
#1844 = ORIENTED_EDGE('',*,*,#1845,.F.);
#1845 = EDGE_CURVE('',#1700,#1722,#1846,.T.);
#1846 = SURFACE_CURVE('',#1847,(#1859,#1928),.PCURVE_S1.);
#1847 = B_SPLINE_CURVE_WITH_KNOTS('',10,(#1848,#1849,#1850,#1851,#1852,
    #1853,#1854,#1855,#1856,#1857,#1858),.UNSPECIFIED.,.F.,.F.,(11,11),(
    0.,3.14159265359),.PIECEWISE_BEZIER_KNOTS.);
#1848 = CARTESIAN_POINT('',(50.,40.,-12.));
#1849 = CARTESIAN_POINT('',(50.000000000001,43.141592653592,-12.));
#1850 = CARTESIAN_POINT('',(48.903380267314,46.283185034289,
    -11.99999999999));
#1851 = CARTESIAN_POINT('',(46.710113632223,48.994137391714,-12.));
#1852 = CARTESIAN_POINT('',(43.613594538807,50.843790145636,
    -11.99999999999));
#1853 = CARTESIAN_POINT('',(40.000000000008,51.502764506209,-12.));
#1854 = CARTESIAN_POINT('',(36.386405461178,50.843790145641,
    -11.99999999999));
#1855 = CARTESIAN_POINT('',(33.289886367788,48.994137391709,-12.));
#1856 = CARTESIAN_POINT('',(31.096619732681,46.283185034292,
    -11.99999999999));
#1857 = CARTESIAN_POINT('',(30.,43.141592653591,-12.));
#1858 = CARTESIAN_POINT('',(30.,40.,-12.));
#1859 = PCURVE('',#1612,#1860);
#1860 = DEFINITIONAL_REPRESENTATION('',(#1861),#1927);
#1861 = B_SPLINE_CURVE_WITH_KNOTS('',8,(#1862,#1863,#1864,#1865,#1866,
    #1867,#1868,#1869,#1870,#1871,#1872,#1873,#1874,#1875,#1876,#1877,
    #1878,#1879,#1880,#1881,#1882,#1883,#1884,#1885,#1886,#1887,#1888,
    #1889,#1890,#1891,#1892,#1893,#1894,#1895,#1896,#1897,#1898,#1899,
    #1900,#1901,#1902,#1903,#1904,#1905,#1906,#1907,#1908,#1909,#1910,
    #1911,#1912,#1913,#1914,#1915,#1916,#1917,#1918,#1919,#1920,#1921,
    #1922,#1923,#1924,#1925,#1926),.UNSPECIFIED.,.F.,.F.,(9,7,7,7,7,7,7,
    7,7,9),(0.,0.785398163397,1.374446785946,1.484893402673,
    1.536665254264,1.561742244879,1.567913535538,1.580207903648,
    2.360900278619,3.14159265359),.UNSPECIFIED.);
#1862 = CARTESIAN_POINT('',(0.,8.));
#1863 = CARTESIAN_POINT('',(0.109044488039,7.999999999998));
#1864 = CARTESIAN_POINT('',(0.213022770531,8.000000000005));
#1865 = CARTESIAN_POINT('',(0.31314221914,8.000000000001));
#1866 = CARTESIAN_POINT('',(0.41036232676,7.999999999997));
#1867 = CARTESIAN_POINT('',(0.505489114142,8.000000000001));
#1868 = CARTESIAN_POINT('',(0.599246248722,8.000000000005));
#1869 = CARTESIAN_POINT('',(0.692322875644,7.999999999999));
#1870 = CARTESIAN_POINT('',(0.85520477317,8.));
#1871 = CARTESIAN_POINT('',(0.925011533575,8.000000000002));
#1872 = CARTESIAN_POINT('',(0.995106312249,8.000000000001));
#1873 = CARTESIAN_POINT('',(1.065778102439,7.999999999999));
#1874 = CARTESIAN_POINT('',(1.137324994012,8.));
#1875 = CARTESIAN_POINT('',(1.21006494977,8.000000000002));
#1876 = CARTESIAN_POINT('',(1.284349384631,8.));
#1877 = CARTESIAN_POINT('',(1.374872705885,8.));
#1878 = CARTESIAN_POINT('',(1.389234281416,8.));
#1879 = CARTESIAN_POINT('',(1.403666912567,8.));
#1880 = CARTESIAN_POINT('',(1.418173310391,8.));
#1881 = CARTESIAN_POINT('',(1.432756258716,8.));
#1882 = CARTESIAN_POINT('',(1.447418614139,8.));
#1883 = CARTESIAN_POINT('',(1.462163306032,8.));
#1884 = CARTESIAN_POINT('',(1.483944922094,8.));
#1885 = CARTESIAN_POINT('',(1.490915247726,8.));
#1886 = CARTESIAN_POINT('',(1.497904634198,8.));
#1887 = CARTESIAN_POINT('',(1.504913402273,8.));
#1888 = CARTESIAN_POINT('',(1.511941872717,8.));
#1889 = CARTESIAN_POINT('',(1.518990366294,8.));
#1890 = CARTESIAN_POINT('',(1.526059203767,8.));
#1891 = CARTESIAN_POINT('',(1.536582687679,8.));
#1892 = CARTESIAN_POINT('',(1.540021520076,8.));
#1893 = CARTESIAN_POINT('',(1.543465241433,8.));
#1894 = CARTESIAN_POINT('',(1.546913890091,8.));
#1895 = CARTESIAN_POINT('',(1.550367504391,8.));
#1896 = CARTESIAN_POINT('',(1.553826122673,8.));
#1897 = CARTESIAN_POINT('',(1.557289783278,8.));
#1898 = CARTESIAN_POINT('',(1.561612158164,8.));
#1899 = CARTESIAN_POINT('',(1.562466101274,8.));
#1900 = CARTESIAN_POINT('',(1.563320353875,8.));
#1901 = CARTESIAN_POINT('',(1.564174915968,8.));
#1902 = CARTESIAN_POINT('',(1.565029787551,8.));
#1903 = CARTESIAN_POINT('',(1.565884968626,8.));
#1904 = CARTESIAN_POINT('',(1.566740459192,8.));
#1905 = CARTESIAN_POINT('',(1.569301383849,8.000000000102));
#1906 = CARTESIAN_POINT('',(1.571005534856,7.999999999456));
#1907 = CARTESIAN_POINT('',(1.572720656222,8.000000001255));
#1908 = CARTESIAN_POINT('',(1.574417219985,7.999999995757));
#1909 = CARTESIAN_POINT('',(1.576126668052,8.000000001231));
#1910 = CARTESIAN_POINT('',(1.57782733084,7.999999999414));
#1911 = CARTESIAN_POINT('',(1.579529397089,8.000000000071));
#1912 = CARTESIAN_POINT('',(1.689201914434,8.000000000003));
#1913 = CARTESIAN_POINT('',(1.792253995284,7.999999999995));
#1914 = CARTESIAN_POINT('',(1.891556715393,8.000000000001));
#1915 = CARTESIAN_POINT('',(1.988044085147,8.000000000006));
#1916 = CARTESIAN_POINT('',(2.082503266466,8.000000000002));
#1917 = CARTESIAN_POINT('',(2.175642597513,7.999999999996));
#1918 = CARTESIAN_POINT('',(2.268137728406,8.000000000002));
#1919 = CARTESIAN_POINT('',(2.453174002914,7.999999999998));
#1920 = CARTESIAN_POINT('',(2.545717708748,8.000000000004));
#1921 = CARTESIAN_POINT('',(2.638954111704,7.999999999999));
#1922 = CARTESIAN_POINT('',(2.733560940244,7.999999999995));
#1923 = CARTESIAN_POINT('',(2.83025046598,7.999999999998));
#1924 = CARTESIAN_POINT('',(2.929816080479,8.000000000003));
#1925 = CARTESIAN_POINT('',(3.033201507919,7.999999999998));
#1926 = CARTESIAN_POINT('',(3.14159265359,8.));
#1927 = ( GEOMETRIC_REPRESENTATION_CONTEXT(2) 
PARAMETRIC_REPRESENTATION_CONTEXT() REPRESENTATION_CONTEXT('2D SPACE',''
  ) );
#1928 = PCURVE('',#956,#1929);
#1929 = DEFINITIONAL_REPRESENTATION('',(#1930),#1942);
#1930 = B_SPLINE_CURVE_WITH_KNOTS('',10,(#1931,#1932,#1933,#1934,#1935,
    #1936,#1937,#1938,#1939,#1940,#1941),.UNSPECIFIED.,.F.,.F.,(11,11),(
    0.,3.14159265359),.PIECEWISE_BEZIER_KNOTS.);
#1931 = CARTESIAN_POINT('',(10.,-7.044617866365));
#1932 = CARTESIAN_POINT('',(10.000000000001,-3.903025212773));
#1933 = CARTESIAN_POINT('',(8.903380267314,-0.761432832076));
#1934 = CARTESIAN_POINT('',(6.710113632223,1.949519525349));
#1935 = CARTESIAN_POINT('',(3.613594538807,3.799172279271));
#1936 = CARTESIAN_POINT('',(8.320455435751E-12,4.458146639844));
#1937 = CARTESIAN_POINT('',(-3.613594538822,3.799172279276));
#1938 = CARTESIAN_POINT('',(-6.710113632212,1.949519525344));
#1939 = CARTESIAN_POINT('',(-8.903380267319,-0.761432832073));
#1940 = CARTESIAN_POINT('',(-10.,-3.903025212774));
#1941 = CARTESIAN_POINT('',(-10.,-7.044617866365));
#1942 = ( GEOMETRIC_REPRESENTATION_CONTEXT(2) 
PARAMETRIC_REPRESENTATION_CONTEXT() REPRESENTATION_CONTEXT('2D SPACE',''
  ) );
#1943 = ORIENTED_EDGE('',*,*,#1699,.F.);
#1944 = ORIENTED_EDGE('',*,*,#1528,.T.);
#1945 = ORIENTED_EDGE('',*,*,#1822,.T.);
#1946 = ADVANCED_FACE('',(#1947),#67,.T.);
#1947 = FACE_BOUND('',#1948,.T.);
#1948 = EDGE_LOOP('',(#1949,#1950,#1968,#1969));
#1949 = ORIENTED_EDGE('',*,*,#53,.T.);
#1950 = ORIENTED_EDGE('',*,*,#1951,.T.);
#1951 = EDGE_CURVE('',#54,#1052,#1952,.T.);
#1952 = SURFACE_CURVE('',#1953,(#1956,#1962),.PCURVE_S1.);
#1953 = B_SPLINE_CURVE_WITH_KNOTS('',1,(#1954,#1955),.UNSPECIFIED.,.F.,
  .F.,(2,2),(0.,4.),.PIECEWISE_BEZIER_KNOTS.);
#1954 = CARTESIAN_POINT('',(80.,80.,-2.));
#1955 = CARTESIAN_POINT('',(80.,80.,2.));
#1956 = PCURVE('',#67,#1957);
#1957 = DEFINITIONAL_REPRESENTATION('',(#1958),#1961);
#1958 = B_SPLINE_CURVE_WITH_KNOTS('',1,(#1959,#1960),.UNSPECIFIED.,.F.,
  .F.,(2,2),(0.,4.),.PIECEWISE_BEZIER_KNOTS.);
#1959 = CARTESIAN_POINT('',(-2.,-40.));
#1960 = CARTESIAN_POINT('',(2.,-40.));
#1961 = ( GEOMETRIC_REPRESENTATION_CONTEXT(2) 
PARAMETRIC_REPRESENTATION_CONTEXT() REPRESENTATION_CONTEXT('2D SPACE',''
  ) );
#1962 = PCURVE('',#92,#1963);
#1963 = DEFINITIONAL_REPRESENTATION('',(#1964),#1967);
#1964 = B_SPLINE_CURVE_WITH_KNOTS('',1,(#1965,#1966),.UNSPECIFIED.,.F.,
  .F.,(2,2),(0.,4.),.PIECEWISE_BEZIER_KNOTS.);
#1965 = CARTESIAN_POINT('',(-2.,40.));
#1966 = CARTESIAN_POINT('',(2.,40.));
#1967 = ( GEOMETRIC_REPRESENTATION_CONTEXT(2) 
PARAMETRIC_REPRESENTATION_CONTEXT() REPRESENTATION_CONTEXT('2D SPACE',''
  ) );
#1968 = ORIENTED_EDGE('',*,*,#1051,.F.);
#1969 = ORIENTED_EDGE('',*,*,#984,.F.);
#1970 = ADVANCED_FACE('',(#1971),#92,.T.);
#1971 = FACE_BOUND('',#1972,.T.);
#1972 = EDGE_LOOP('',(#1973,#1974,#1992,#1993));
#1973 = ORIENTED_EDGE('',*,*,#78,.T.);
#1974 = ORIENTED_EDGE('',*,*,#1975,.T.);
#1975 = EDGE_CURVE('',#79,#1072,#1976,.T.);
#1976 = SURFACE_CURVE('',#1977,(#1980,#1986),.PCURVE_S1.);
#1977 = B_SPLINE_CURVE_WITH_KNOTS('',1,(#1978,#1979),.UNSPECIFIED.,.F.,
  .F.,(2,2),(0.,4.),.PIECEWISE_BEZIER_KNOTS.);
#1978 = CARTESIAN_POINT('',(0.,80.,-2.));
#1979 = CARTESIAN_POINT('',(0.,80.,2.));
#1980 = PCURVE('',#92,#1981);
#1981 = DEFINITIONAL_REPRESENTATION('',(#1982),#1985);
#1982 = B_SPLINE_CURVE_WITH_KNOTS('',1,(#1983,#1984),.UNSPECIFIED.,.F.,
  .F.,(2,2),(0.,4.),.PIECEWISE_BEZIER_KNOTS.);
#1983 = CARTESIAN_POINT('',(-2.,-40.));
#1984 = CARTESIAN_POINT('',(2.,-40.));
#1985 = ( GEOMETRIC_REPRESENTATION_CONTEXT(2) 
PARAMETRIC_REPRESENTATION_CONTEXT() REPRESENTATION_CONTEXT('2D SPACE',''
  ) );
#1986 = PCURVE('',#115,#1987);
#1987 = DEFINITIONAL_REPRESENTATION('',(#1988),#1991);
#1988 = B_SPLINE_CURVE_WITH_KNOTS('',1,(#1989,#1990),.UNSPECIFIED.,.F.,
  .F.,(2,2),(0.,4.),.PIECEWISE_BEZIER_KNOTS.);
#1989 = CARTESIAN_POINT('',(-2.,-40.));
#1990 = CARTESIAN_POINT('',(2.,-40.));
#1991 = ( GEOMETRIC_REPRESENTATION_CONTEXT(2) 
PARAMETRIC_REPRESENTATION_CONTEXT() REPRESENTATION_CONTEXT('2D SPACE',''
  ) );
#1992 = ORIENTED_EDGE('',*,*,#1071,.F.);
#1993 = ORIENTED_EDGE('',*,*,#1951,.F.);
#1994 = ADVANCED_FACE('',(#1995),#115,.F.);
#1995 = FACE_BOUND('',#1996,.T.);
#1996 = EDGE_LOOP('',(#1997,#1998,#1999,#2000));
#1997 = ORIENTED_EDGE('',*,*,#103,.T.);
#1998 = ORIENTED_EDGE('',*,*,#1029,.T.);
#1999 = ORIENTED_EDGE('',*,*,#1091,.F.);
#2000 = ORIENTED_EDGE('',*,*,#1975,.F.);
#2001 = ADVANCED_FACE('',(#2002),#827,.F.);
#2002 = FACE_BOUND('',#2003,.F.);
#2003 = EDGE_LOOP('',(#2004,#2005,#2023,#2024));
#2004 = ORIENTED_EDGE('',*,*,#740,.T.);
#2005 = ORIENTED_EDGE('',*,*,#2006,.T.);
#2006 = EDGE_CURVE('',#719,#1700,#2007,.T.);
#2007 = SURFACE_CURVE('',#2008,(#2011,#2017),.PCURVE_S1.);
#2008 = B_SPLINE_CURVE_WITH_KNOTS('',1,(#2009,#2010),.UNSPECIFIED.,.F.,
  .F.,(2,2),(0.,4.),.PIECEWISE_BEZIER_KNOTS.);
#2009 = CARTESIAN_POINT('',(54.,40.,-12.));
#2010 = CARTESIAN_POINT('',(50.,40.,-12.));
#2011 = PCURVE('',#827,#2012);
#2012 = DEFINITIONAL_REPRESENTATION('',(#2013),#2016);
#2013 = B_SPLINE_CURVE_WITH_KNOTS('',1,(#2014,#2015),.UNSPECIFIED.,.F.,
  .F.,(2,2),(0.,4.),.PIECEWISE_BEZIER_KNOTS.);
#2014 = CARTESIAN_POINT('',(14.,7.044617866365));
#2015 = CARTESIAN_POINT('',(10.,7.044617866365));
#2016 = ( GEOMETRIC_REPRESENTATION_CONTEXT(2) 
PARAMETRIC_REPRESENTATION_CONTEXT() REPRESENTATION_CONTEXT('2D SPACE',''
  ) );
#2017 = PCURVE('',#956,#2018);
#2018 = DEFINITIONAL_REPRESENTATION('',(#2019),#2022);
#2019 = B_SPLINE_CURVE_WITH_KNOTS('',1,(#2020,#2021),.UNSPECIFIED.,.F.,
  .F.,(2,2),(0.,4.),.PIECEWISE_BEZIER_KNOTS.);
#2020 = CARTESIAN_POINT('',(14.,-7.044617866365));
#2021 = CARTESIAN_POINT('',(10.,-7.044617866365));
#2022 = ( GEOMETRIC_REPRESENTATION_CONTEXT(2) 
PARAMETRIC_REPRESENTATION_CONTEXT() REPRESENTATION_CONTEXT('2D SPACE',''
  ) );
#2023 = ORIENTED_EDGE('',*,*,#1721,.F.);
#2024 = ORIENTED_EDGE('',*,*,#2025,.F.);
#2025 = EDGE_CURVE('',#741,#1722,#2026,.T.);
#2026 = SURFACE_CURVE('',#2027,(#2030,#2036),.PCURVE_S1.);
#2027 = B_SPLINE_CURVE_WITH_KNOTS('',1,(#2028,#2029),.UNSPECIFIED.,.F.,
  .F.,(2,2),(0.,4.),.PIECEWISE_BEZIER_KNOTS.);
#2028 = CARTESIAN_POINT('',(26.,40.,-12.));
#2029 = CARTESIAN_POINT('',(30.,40.,-12.));
#2030 = PCURVE('',#827,#2031);
#2031 = DEFINITIONAL_REPRESENTATION('',(#2032),#2035);
#2032 = B_SPLINE_CURVE_WITH_KNOTS('',1,(#2033,#2034),.UNSPECIFIED.,.F.,
  .F.,(2,2),(0.,4.),.PIECEWISE_BEZIER_KNOTS.);
#2033 = CARTESIAN_POINT('',(-14.,7.044617866365));
#2034 = CARTESIAN_POINT('',(-10.,7.044617866365));
#2035 = ( GEOMETRIC_REPRESENTATION_CONTEXT(2) 
PARAMETRIC_REPRESENTATION_CONTEXT() REPRESENTATION_CONTEXT('2D SPACE',''
  ) );
#2036 = PCURVE('',#956,#2037);
#2037 = DEFINITIONAL_REPRESENTATION('',(#2038),#2041);
#2038 = B_SPLINE_CURVE_WITH_KNOTS('',1,(#2039,#2040),.UNSPECIFIED.,.F.,
  .F.,(2,2),(0.,4.),.PIECEWISE_BEZIER_KNOTS.);
#2039 = CARTESIAN_POINT('',(-14.,-7.044617866365));
#2040 = CARTESIAN_POINT('',(-10.,-7.044617866365));
#2041 = ( GEOMETRIC_REPRESENTATION_CONTEXT(2) 
PARAMETRIC_REPRESENTATION_CONTEXT() REPRESENTATION_CONTEXT('2D SPACE',''
  ) );
#2042 = ADVANCED_FACE('',(#2043),#956,.F.);
#2043 = FACE_BOUND('',#2044,.F.);
#2044 = EDGE_LOOP('',(#2045,#2046,#2047,#2048));
#2045 = ORIENTED_EDGE('',*,*,#871,.T.);
#2046 = ORIENTED_EDGE('',*,*,#2025,.T.);
#2047 = ORIENTED_EDGE('',*,*,#1845,.F.);
#2048 = ORIENTED_EDGE('',*,*,#2006,.F.);
#2049 = ( GEOMETRIC_REPRESENTATION_CONTEXT(3) 
GLOBAL_UNCERTAINTY_ASSIGNED_CONTEXT((#2053)) 
GLOBAL_UNIT_ASSIGNED_CONTEXT((#2050,#2051,#2052)) REPRESENTATION_CONTEXT
('Context #1','3D Context with UNIT and UNCERTAINTY') );
#2050 = ( LENGTH_UNIT() NAMED_UNIT(*) SI_UNIT(.MILLI.,.METRE.) );
#2051 = ( NAMED_UNIT(*) PLANE_ANGLE_UNIT() SI_UNIT($,.RADIAN.) );
#2052 = ( NAMED_UNIT(*) SI_UNIT($,.STERADIAN.) SOLID_ANGLE_UNIT() );
#2053 = UNCERTAINTY_MEASURE_WITH_UNIT(LENGTH_MEASURE(5.E-07),#2050,
  'distance_accuracy_value','confusion accuracy');
#2054 = PRODUCT_RELATED_PRODUCT_CATEGORY('part',$,(#7));
ENDSEC;
END-ISO-10303-21;
