ISO-10303-21;
HEADER;
FILE_NAME('Open CASCADE Shape Model','2026-10-02T23:47:22',('Author'),(
    'Open CASCADE'),'Open CASCADE STEP processor 7.9','Open CASCADE 7.9'
  ,'Unknown');
FILE_DESCRIPTION(('Open CASCADE Model'),'2;1');
FILE_SCHEMA((''));
ENDSEC;
DATA;
#1 = APPLICATION_PROTOCOL_DEFINITION('international standard',
  'automotive_design',2000,#2);
#2 = APPLICATION_CONTEXT(
  'core data for automotive mechanical design processes');
#3 = SHAPE_DEFINITION_REPRESENTATION(#4,#10);
#4 = PRODUCT_DEFINITION_SHAPE('','',#5);
#5 = PRODUCT_DEFINITION('design','',#6,#9);
#6 = PRODUCT_DEFINITION_FORMATION('','',#7);
#7 = PRODUCT('Open CASCADE STEP translator 7.9 1',
  'Open CASCADE STEP translator 7.9 1','',(#8));
#8 = PRODUCT_CONTEXT('',#2,'mechanical');
#9 = PRODUCT_DEFINITION_CONTEXT('part definition',#2,'design');
#10 = ADVANCED_BREP_SHAPE_REPRESENTATION('',(#11,#15),#5505);
#11 = AXIS2_PLACEMENT_3D('',#12,#13,#14);
#12 = CARTESIAN_POINT('',(0.,0.,0.));
#13 = DIRECTION('',(0.,0.,1.));
#14 = DIRECTION('',(1.,0.,-0.));
#15 = MANIFOLD_SOLID_BREP('',#16);
#16 = CLOSED_SHELL('',(#17,#1079,#1151,#1208,#1342,#1450,#1502,#1549,
    #1683,#1715,#1787,#1921,#1973,#2107,#2159,#2293,#2345,#2459,#2531,
    #2588,#2722,#2830,#2882,#2929,#3063,#3095,#3167,#3224,#3281,#3389,
    #3497,#3544,#3591,#3623,#3719,#3746,#3828,#3877,#3902,#3971,#4063,
    #4088,#4206,#4298,#4367,#4451,#4520,#4604,#4673,#4713,#4809,#4836,
    #4918,#4967,#4992,#5061,#5143,#5168,#5242,#5269,#5296,#5345,#5370,
    #5419,#5444,#5469,#5478,#5489,#5498));
#17 = ADVANCED_FACE('',(#18,#287,#593,#857),#31,.T.);
#18 = FACE_BOUND('',#19,.T.);
#19 = EDGE_LOOP('',(#20,#52,#82,#107,#137,#162,#213,#238));
#20 = ORIENTED_EDGE('',*,*,#21,.T.);
#21 = EDGE_CURVE('',#22,#24,#26,.T.);
#22 = VERTEX_POINT('',#23);
#23 = CARTESIAN_POINT('',(10.,68.,30.));
#24 = VERTEX_POINT('',#25);
#25 = CARTESIAN_POINT('',(31.,68.,30.));
#26 = SURFACE_CURVE('',#27,(#30,#41),.PCURVE_S1.);
#27 = B_SPLINE_CURVE_WITH_KNOTS('',1,(#28,#29),.UNSPECIFIED.,.F.,.F.,(2,
    2),(10.,31.),.PIECEWISE_BEZIER_KNOTS.);
#28 = CARTESIAN_POINT('',(10.,68.,30.));
#29 = CARTESIAN_POINT('',(31.,68.,30.));
#30 = PCURVE('',#31,#36);
#31 = B_SPLINE_SURFACE_WITH_KNOTS('',1,1,(
    (#32,#33)
    ,(#34,#35
    )),.UNSPECIFIED.,.F.,.F.,.F.,(2,2),(2,2),(-2.,102.),(-37.,37.),
  .PIECEWISE_BEZIER_KNOTS.);
#32 = CARTESIAN_POINT('',(-2.,-2.,30.));
#33 = CARTESIAN_POINT('',(-2.,72.,30.));
#34 = CARTESIAN_POINT('',(102.,-2.,30.));
#35 = CARTESIAN_POINT('',(102.,72.,30.));
#36 = DEFINITIONAL_REPRESENTATION('',(#37),#40);
#37 = B_SPLINE_CURVE_WITH_KNOTS('',1,(#38,#39),.UNSPECIFIED.,.F.,.F.,(2,
    2),(10.,31.),.PIECEWISE_BEZIER_KNOTS.);
#38 = CARTESIAN_POINT('',(10.,33.));
#39 = CARTESIAN_POINT('',(31.,33.));
#40 = ( GEOMETRIC_REPRESENTATION_CONTEXT(2) 
PARAMETRIC_REPRESENTATION_CONTEXT() REPRESENTATION_CONTEXT('2D SPACE',''
  ) );
#41 = PCURVE('',#42,#47);
#42 = B_SPLINE_SURFACE_WITH_KNOTS('',1,1,(
    (#43,#44)
    ,(#45,#46
  )),.UNSPECIFIED.,.F.,.F.,.F.,(2,2),(2,2),(6.,30.),(10.,31.),
  .PIECEWISE_BEZIER_KNOTS.);
#43 = CARTESIAN_POINT('',(10.,68.,6.));
#44 = CARTESIAN_POINT('',(31.,68.,6.));
#45 = CARTESIAN_POINT('',(10.,68.,30.));
#46 = CARTESIAN_POINT('',(31.,68.,30.));
#47 = DEFINITIONAL_REPRESENTATION('',(#48),#51);
#48 = B_SPLINE_CURVE_WITH_KNOTS('',1,(#49,#50),.UNSPECIFIED.,.F.,.F.,(2,
    2),(10.,31.),.PIECEWISE_BEZIER_KNOTS.);
#49 = CARTESIAN_POINT('',(30.,10.));
#50 = CARTESIAN_POINT('',(30.,31.));
#51 = ( GEOMETRIC_REPRESENTATION_CONTEXT(2) 
PARAMETRIC_REPRESENTATION_CONTEXT() REPRESENTATION_CONTEXT('2D SPACE',''
  ) );
#52 = ORIENTED_EDGE('',*,*,#53,.T.);
#53 = EDGE_CURVE('',#24,#54,#56,.T.);
#54 = VERTEX_POINT('',#55);
#55 = CARTESIAN_POINT('',(33.,66.,30.));
#56 = SURFACE_CURVE('',#57,(#61,#68),.PCURVE_S1.);
#57 = ( BOUNDED_CURVE() B_SPLINE_CURVE(2,(#58,#59,#60),.UNSPECIFIED.,.F.
,.F.) B_SPLINE_CURVE_WITH_KNOTS((3,3),(3.14159265359,4.712388980385),
.PIECEWISE_BEZIER_KNOTS.) CURVE() GEOMETRIC_REPRESENTATION_ITEM() 
RATIONAL_B_SPLINE_CURVE((1.,0.707106781187,1.)) REPRESENTATION_ITEM('') 
  );
#58 = CARTESIAN_POINT('',(31.,68.,30.));
#59 = CARTESIAN_POINT('',(33.,68.,30.));
#60 = CARTESIAN_POINT('',(33.,66.,30.));
#61 = PCURVE('',#31,#62);
#62 = DEFINITIONAL_REPRESENTATION('',(#63),#67);
#63 = ( BOUNDED_CURVE() B_SPLINE_CURVE(2,(#64,#65,#66),.UNSPECIFIED.,.F.
,.F.) B_SPLINE_CURVE_WITH_KNOTS((3,3),(3.14159265359,4.712388980385),
.PIECEWISE_BEZIER_KNOTS.) CURVE() GEOMETRIC_REPRESENTATION_ITEM() 
RATIONAL_B_SPLINE_CURVE((1.,0.707106781187,1.)) REPRESENTATION_ITEM('') 
  );
#64 = CARTESIAN_POINT('',(31.,33.));
#65 = CARTESIAN_POINT('',(33.,33.));
#66 = CARTESIAN_POINT('',(33.,31.));
#67 = ( GEOMETRIC_REPRESENTATION_CONTEXT(2) 
PARAMETRIC_REPRESENTATION_CONTEXT() REPRESENTATION_CONTEXT('2D SPACE',''
  ) );
#68 = PCURVE('',#69,#76);
#69 = ( BOUNDED_SURFACE() B_SPLINE_SURFACE(2,1,(
    (#70,#71)
    ,(#72,#73)
,(#74,#75
  )),.UNSPECIFIED.,.F.,.F.,.F.) B_SPLINE_SURFACE_WITH_KNOTS((3,3),(2,2),
  (0.,1.570796326795),(0.,24.),.PIECEWISE_BEZIER_KNOTS.) 
GEOMETRIC_REPRESENTATION_ITEM() RATIONAL_B_SPLINE_SURFACE((
    (1.,1.)
    ,(0.707106781187,0.707106781187)
,(1.,1.))) REPRESENTATION_ITEM('') SURFACE() );
#70 = CARTESIAN_POINT('',(31.,68.,6.));
#71 = CARTESIAN_POINT('',(31.,68.,30.));
#72 = CARTESIAN_POINT('',(33.,68.,6.));
#73 = CARTESIAN_POINT('',(33.,68.,30.));
#74 = CARTESIAN_POINT('',(33.,66.,6.));
#75 = CARTESIAN_POINT('',(33.,66.,30.));
#76 = DEFINITIONAL_REPRESENTATION('',(#77),#81);
#77 = B_SPLINE_CURVE_WITH_KNOTS('',2,(#78,#79,#80),.UNSPECIFIED.,.F.,.F.
  ,(3,3),(3.14159265359,4.712388980385),.PIECEWISE_BEZIER_KNOTS.);
#78 = CARTESIAN_POINT('',(-5.081660842414E-15,24.));
#79 = CARTESIAN_POINT('',(0.785398163397,24.));
#80 = CARTESIAN_POINT('',(1.570796326795,24.));
#81 = ( GEOMETRIC_REPRESENTATION_CONTEXT(2) 
PARAMETRIC_REPRESENTATION_CONTEXT() REPRESENTATION_CONTEXT('2D SPACE',''
  ) );
#82 = ORIENTED_EDGE('',*,*,#83,.T.);
#83 = EDGE_CURVE('',#54,#84,#86,.T.);
#84 = VERTEX_POINT('',#85);
#85 = CARTESIAN_POINT('',(33.,4.,30.));
#86 = SURFACE_CURVE('',#87,(#90,#96),.PCURVE_S1.);
#87 = B_SPLINE_CURVE_WITH_KNOTS('',1,(#88,#89),.UNSPECIFIED.,.F.,.F.,(2,
    2),(4.,66.),.PIECEWISE_BEZIER_KNOTS.);
#88 = CARTESIAN_POINT('',(33.,66.,30.));
#89 = CARTESIAN_POINT('',(33.,4.,30.));
#90 = PCURVE('',#31,#91);
#91 = DEFINITIONAL_REPRESENTATION('',(#92),#95);
#92 = B_SPLINE_CURVE_WITH_KNOTS('',1,(#93,#94),.UNSPECIFIED.,.F.,.F.,(2,
    2),(4.,66.),.PIECEWISE_BEZIER_KNOTS.);
#93 = CARTESIAN_POINT('',(33.,31.));
#94 = CARTESIAN_POINT('',(33.,-31.));
#95 = ( GEOMETRIC_REPRESENTATION_CONTEXT(2) 
PARAMETRIC_REPRESENTATION_CONTEXT() REPRESENTATION_CONTEXT('2D SPACE',''
  ) );
#96 = PCURVE('',#97,#102);
#97 = B_SPLINE_SURFACE_WITH_KNOTS('',1,1,(
    (#98,#99)
    ,(#100,#101
    )),.UNSPECIFIED.,.F.,.F.,.F.,(2,2),(2,2),(-14.55435244383,
    11.445647556166),(-31.,31.),.PIECEWISE_BEZIER_KNOTS.);
#98 = CARTESIAN_POINT('',(33.,4.,30.));
#99 = CARTESIAN_POINT('',(33.,66.,30.));
#100 = CARTESIAN_POINT('',(33.,4.,4.));
#101 = CARTESIAN_POINT('',(33.,66.,4.));
#102 = DEFINITIONAL_REPRESENTATION('',(#103),#106);
#103 = B_SPLINE_CURVE_WITH_KNOTS('',1,(#104,#105),.UNSPECIFIED.,.F.,.F.,
  (2,2),(4.,66.),.PIECEWISE_BEZIER_KNOTS.);
#104 = CARTESIAN_POINT('',(-14.55435244383,31.));
#105 = CARTESIAN_POINT('',(-14.55435244383,-31.));
#106 = ( GEOMETRIC_REPRESENTATION_CONTEXT(2) 
PARAMETRIC_REPRESENTATION_CONTEXT() REPRESENTATION_CONTEXT('2D SPACE',''
  ) );
#107 = ORIENTED_EDGE('',*,*,#108,.F.);
#108 = EDGE_CURVE('',#109,#84,#111,.T.);
#109 = VERTEX_POINT('',#110);
#110 = CARTESIAN_POINT('',(31.,2.,30.));
#111 = SURFACE_CURVE('',#112,(#116,#123),.PCURVE_S1.);
#112 = ( BOUNDED_CURVE() B_SPLINE_CURVE(2,(#113,#114,#115),
.UNSPECIFIED.,.F.,.F.) B_SPLINE_CURVE_WITH_KNOTS((3,3),(3.14159265359,
4.712388980385),.PIECEWISE_BEZIER_KNOTS.) CURVE() 
GEOMETRIC_REPRESENTATION_ITEM() RATIONAL_B_SPLINE_CURVE((1.,
0.707106781187,1.)) REPRESENTATION_ITEM('') );
#113 = CARTESIAN_POINT('',(31.,2.,30.));
#114 = CARTESIAN_POINT('',(33.,2.,30.));
#115 = CARTESIAN_POINT('',(33.,4.,30.));
#116 = PCURVE('',#31,#117);
#117 = DEFINITIONAL_REPRESENTATION('',(#118),#122);
#118 = ( BOUNDED_CURVE() B_SPLINE_CURVE(2,(#119,#120,#121),
.UNSPECIFIED.,.F.,.F.) B_SPLINE_CURVE_WITH_KNOTS((3,3),(3.14159265359,
4.712388980385),.PIECEWISE_BEZIER_KNOTS.) CURVE() 
GEOMETRIC_REPRESENTATION_ITEM() RATIONAL_B_SPLINE_CURVE((1.,
0.707106781187,1.)) REPRESENTATION_ITEM('') );
#119 = CARTESIAN_POINT('',(31.,-33.));
#120 = CARTESIAN_POINT('',(33.,-33.));
#121 = CARTESIAN_POINT('',(33.,-31.));
#122 = ( GEOMETRIC_REPRESENTATION_CONTEXT(2) 
PARAMETRIC_REPRESENTATION_CONTEXT() REPRESENTATION_CONTEXT('2D SPACE',''
  ) );
#123 = PCURVE('',#124,#131);
#124 = ( BOUNDED_SURFACE() B_SPLINE_SURFACE(2,1,(
    (#125,#126)
    ,(#127,#128)
,(#129,#130
    )),.UNSPECIFIED.,.F.,.F.,.F.) B_SPLINE_SURFACE_WITH_KNOTS((3,3),(2,2
    ),(0.,1.570796326795),(0.,24.),.PIECEWISE_BEZIER_KNOTS.) 
GEOMETRIC_REPRESENTATION_ITEM() RATIONAL_B_SPLINE_SURFACE((
    (1.,1.)
    ,(0.707106781187,0.707106781187)
,(1.,1.))) REPRESENTATION_ITEM('') SURFACE() );
#125 = CARTESIAN_POINT('',(31.,2.,30.));
#126 = CARTESIAN_POINT('',(31.,2.,6.));
#127 = CARTESIAN_POINT('',(33.,2.,30.));
#128 = CARTESIAN_POINT('',(33.,2.,6.));
#129 = CARTESIAN_POINT('',(33.,4.,30.));
#130 = CARTESIAN_POINT('',(33.,4.,6.));
#131 = DEFINITIONAL_REPRESENTATION('',(#132),#136);
#132 = B_SPLINE_CURVE_WITH_KNOTS('',2,(#133,#134,#135),.UNSPECIFIED.,.F.
  ,.F.,(3,3),(3.14159265359,4.712388980385),.PIECEWISE_BEZIER_KNOTS.);
#133 = CARTESIAN_POINT('',(8.881784197001E-16,1.06581410364E-14));
#134 = CARTESIAN_POINT('',(0.785398163397,5.428174466134E-16));
#135 = CARTESIAN_POINT('',(1.570796326795,3.552713678801E-15));
#136 = ( GEOMETRIC_REPRESENTATION_CONTEXT(2) 
PARAMETRIC_REPRESENTATION_CONTEXT() REPRESENTATION_CONTEXT('2D SPACE',''
  ) );
#137 = ORIENTED_EDGE('',*,*,#138,.F.);
#138 = EDGE_CURVE('',#139,#109,#141,.T.);
#139 = VERTEX_POINT('',#140);
#140 = CARTESIAN_POINT('',(10.,2.,30.));
#141 = SURFACE_CURVE('',#142,(#145,#151),.PCURVE_S1.);
#142 = B_SPLINE_CURVE_WITH_KNOTS('',1,(#143,#144),.UNSPECIFIED.,.F.,.F.,
  (2,2),(10.,31.),.PIECEWISE_BEZIER_KNOTS.);
#143 = CARTESIAN_POINT('',(10.,2.,30.));
#144 = CARTESIAN_POINT('',(31.,2.,30.));
#145 = PCURVE('',#31,#146);
#146 = DEFINITIONAL_REPRESENTATION('',(#147),#150);
#147 = B_SPLINE_CURVE_WITH_KNOTS('',1,(#148,#149),.UNSPECIFIED.,.F.,.F.,
  (2,2),(10.,31.),.PIECEWISE_BEZIER_KNOTS.);
#148 = CARTESIAN_POINT('',(10.,-33.));
#149 = CARTESIAN_POINT('',(31.,-33.));
#150 = ( GEOMETRIC_REPRESENTATION_CONTEXT(2) 
PARAMETRIC_REPRESENTATION_CONTEXT() REPRESENTATION_CONTEXT('2D SPACE',''
  ) );
#151 = PCURVE('',#152,#157);
#152 = B_SPLINE_SURFACE_WITH_KNOTS('',1,1,(
    (#153,#154)
    ,(#155,#156
    )),.UNSPECIFIED.,.F.,.F.,.F.,(2,2),(2,2),(6.,30.),(10.,31.),
  .PIECEWISE_BEZIER_KNOTS.);
#153 = CARTESIAN_POINT('',(10.,2.,6.));
#154 = CARTESIAN_POINT('',(31.,2.,6.));
#155 = CARTESIAN_POINT('',(10.,2.,30.));
#156 = CARTESIAN_POINT('',(31.,2.,30.));
#157 = DEFINITIONAL_REPRESENTATION('',(#158),#161);
#158 = B_SPLINE_CURVE_WITH_KNOTS('',1,(#159,#160),.UNSPECIFIED.,.F.,.F.,
  (2,2),(10.,31.),.PIECEWISE_BEZIER_KNOTS.);
#159 = CARTESIAN_POINT('',(30.,10.));
#160 = CARTESIAN_POINT('',(30.,31.));
#161 = ( GEOMETRIC_REPRESENTATION_CONTEXT(2) 
PARAMETRIC_REPRESENTATION_CONTEXT() REPRESENTATION_CONTEXT('2D SPACE',''
  ) );
#162 = ORIENTED_EDGE('',*,*,#163,.F.);
#163 = EDGE_CURVE('',#164,#139,#166,.T.);
#164 = VERTEX_POINT('',#165);
#165 = CARTESIAN_POINT('',(2.,10.,30.));
#166 = SURFACE_CURVE('',#167,(#177,#190),.PCURVE_S1.);
#167 = B_SPLINE_CURVE_WITH_KNOTS('',8,(#168,#169,#170,#171,#172,#173,
    #174,#175,#176),.UNSPECIFIED.,.F.,.F.,(9,9),(4.712388980385,
    6.28318530718),.PIECEWISE_BEZIER_KNOTS.);
#168 = CARTESIAN_POINT('',(2.,10.,30.));
#169 = CARTESIAN_POINT('',(2.,8.429203673205,30.));
#170 = CARTESIAN_POINT('',(2.35248631169,6.858406851966,29.999999999999)
  );
#171 = CARTESIAN_POINT('',(3.057455473029,5.37989412532,30.000000000001)
  );
#172 = CARTESIAN_POINT('',(4.085929953761,4.085929953761,29.999999999999
    ));
#173 = CARTESIAN_POINT('',(5.37989412532,3.057455473029,30.000000000001)
  );
#174 = CARTESIAN_POINT('',(6.858406851966,2.35248631169,30.));
#175 = CARTESIAN_POINT('',(8.429203673205,2.,30.));
#176 = CARTESIAN_POINT('',(10.,2.,30.));
#177 = PCURVE('',#31,#178);
#178 = DEFINITIONAL_REPRESENTATION('',(#179),#189);
#179 = B_SPLINE_CURVE_WITH_KNOTS('',8,(#180,#181,#182,#183,#184,#185,
    #186,#187,#188),.UNSPECIFIED.,.F.,.F.,(9,9),(4.712388980385,
    6.28318530718),.PIECEWISE_BEZIER_KNOTS.);
#180 = CARTESIAN_POINT('',(2.,-25.));
#181 = CARTESIAN_POINT('',(2.,-26.57079632679));
#182 = CARTESIAN_POINT('',(2.35248631169,-28.14159314803));
#183 = CARTESIAN_POINT('',(3.057455473029,-29.62010587468));
#184 = CARTESIAN_POINT('',(4.085929953761,-30.91407004623));
#185 = CARTESIAN_POINT('',(5.37989412532,-31.94254452697));
#186 = CARTESIAN_POINT('',(6.858406851966,-32.64751368831));
#187 = CARTESIAN_POINT('',(8.429203673205,-33.));
#188 = CARTESIAN_POINT('',(10.,-33.));
#189 = ( GEOMETRIC_REPRESENTATION_CONTEXT(2) 
PARAMETRIC_REPRESENTATION_CONTEXT() REPRESENTATION_CONTEXT('2D SPACE',''
  ) );
#190 = PCURVE('',#191,#198);
#191 = ( BOUNDED_SURFACE() B_SPLINE_SURFACE(2,1,(
    (#192,#193)
    ,(#194,#195)
,(#196,#197
    )),.UNSPECIFIED.,.F.,.F.,.F.) B_SPLINE_SURFACE_WITH_KNOTS((3,3),(2,2
    ),(0.,1.570796326795),(6.,30.),.PIECEWISE_BEZIER_KNOTS.) 
GEOMETRIC_REPRESENTATION_ITEM() RATIONAL_B_SPLINE_SURFACE((
    (1.,1.)
    ,(0.707106781187,0.707106781187)
,(1.,1.))) REPRESENTATION_ITEM('') SURFACE() );
#192 = CARTESIAN_POINT('',(2.,10.,6.));
#193 = CARTESIAN_POINT('',(2.,10.,30.));
#194 = CARTESIAN_POINT('',(2.,2.,6.));
#195 = CARTESIAN_POINT('',(2.,2.,30.));
#196 = CARTESIAN_POINT('',(10.,2.,6.));
#197 = CARTESIAN_POINT('',(10.,2.,30.));
#198 = DEFINITIONAL_REPRESENTATION('',(#199),#212);
#199 = B_SPLINE_CURVE_WITH_KNOTS('',6,(#200,#201,#202,#203,#204,#205,
    #206,#207,#208,#209,#210,#211),.UNSPECIFIED.,.F.,.F.,(7,5,7),(
    4.712388980385,5.497787143782,6.28318530718),.UNSPECIFIED.);
#200 = CARTESIAN_POINT('',(9.865181867315E-16,30.));
#201 = CARTESIAN_POINT('',(0.145392652579,29.999999999997));
#202 = CARTESIAN_POINT('',(0.281328410979,30.000000000026));
#203 = CARTESIAN_POINT('',(0.411187802302,29.99999999999));
#204 = CARTESIAN_POINT('',(0.537194906025,30.000000000025));
#205 = CARTESIAN_POINT('',(0.661297781031,29.999999999996));
#206 = CARTESIAN_POINT('',(0.909498545764,30.000000000004));
#207 = CARTESIAN_POINT('',(1.033601420771,29.999999999984));
#208 = CARTESIAN_POINT('',(1.159608524492,30.00000000002));
#209 = CARTESIAN_POINT('',(1.289467915816,29.999999999984));
#210 = CARTESIAN_POINT('',(1.425403674216,30.000000000005));
#211 = CARTESIAN_POINT('',(1.570796326795,30.));
#212 = ( GEOMETRIC_REPRESENTATION_CONTEXT(2) 
PARAMETRIC_REPRESENTATION_CONTEXT() REPRESENTATION_CONTEXT('2D SPACE',''
  ) );
#213 = ORIENTED_EDGE('',*,*,#214,.T.);
#214 = EDGE_CURVE('',#164,#215,#217,.T.);
#215 = VERTEX_POINT('',#216);
#216 = CARTESIAN_POINT('',(2.,60.,30.));
#217 = SURFACE_CURVE('',#218,(#221,#227),.PCURVE_S1.);
#218 = B_SPLINE_CURVE_WITH_KNOTS('',1,(#219,#220),.UNSPECIFIED.,.F.,.F.,
  (2,2),(10.,60.),.PIECEWISE_BEZIER_KNOTS.);
#219 = CARTESIAN_POINT('',(2.,10.,30.));
#220 = CARTESIAN_POINT('',(2.,60.,30.));
#221 = PCURVE('',#31,#222);
#222 = DEFINITIONAL_REPRESENTATION('',(#223),#226);
#223 = B_SPLINE_CURVE_WITH_KNOTS('',1,(#224,#225),.UNSPECIFIED.,.F.,.F.,
  (2,2),(10.,60.),.PIECEWISE_BEZIER_KNOTS.);
#224 = CARTESIAN_POINT('',(2.,-25.));
#225 = CARTESIAN_POINT('',(2.,25.));
#226 = ( GEOMETRIC_REPRESENTATION_CONTEXT(2) 
PARAMETRIC_REPRESENTATION_CONTEXT() REPRESENTATION_CONTEXT('2D SPACE',''
  ) );
#227 = PCURVE('',#228,#233);
#228 = B_SPLINE_SURFACE_WITH_KNOTS('',1,1,(
    (#229,#230)
    ,(#231,#232
    )),.UNSPECIFIED.,.F.,.F.,.F.,(2,2),(2,2),(6.,30.),(-60.,-10.),
  .PIECEWISE_BEZIER_KNOTS.);
#229 = CARTESIAN_POINT('',(2.,60.,6.));
#230 = CARTESIAN_POINT('',(2.,10.,6.));
#231 = CARTESIAN_POINT('',(2.,60.,30.));
#232 = CARTESIAN_POINT('',(2.,10.,30.));
#233 = DEFINITIONAL_REPRESENTATION('',(#234),#237);
#234 = B_SPLINE_CURVE_WITH_KNOTS('',1,(#235,#236),.UNSPECIFIED.,.F.,.F.,
  (2,2),(10.,60.),.PIECEWISE_BEZIER_KNOTS.);
#235 = CARTESIAN_POINT('',(30.,-10.));
#236 = CARTESIAN_POINT('',(30.,-60.));
#237 = ( GEOMETRIC_REPRESENTATION_CONTEXT(2) 
PARAMETRIC_REPRESENTATION_CONTEXT() REPRESENTATION_CONTEXT('2D SPACE',''
  ) );
#238 = ORIENTED_EDGE('',*,*,#239,.T.);
#239 = EDGE_CURVE('',#215,#22,#240,.T.);
#240 = SURFACE_CURVE('',#241,(#251,#264),.PCURVE_S1.);
#241 = B_SPLINE_CURVE_WITH_KNOTS('',8,(#242,#243,#244,#245,#246,#247,
    #248,#249,#250),.UNSPECIFIED.,.F.,.F.,(9,9),(1.570796326795,
    3.14159265359),.PIECEWISE_BEZIER_KNOTS.);
#242 = CARTESIAN_POINT('',(2.,60.,30.));
#243 = CARTESIAN_POINT('',(2.,61.570796326795,30.));
#244 = CARTESIAN_POINT('',(2.35248631169,63.141593148032,29.999999999999
    ));
#245 = CARTESIAN_POINT('',(3.057455473029,64.620105874684,
    30.000000000001));
#246 = CARTESIAN_POINT('',(4.085929953761,65.914070046235,
    29.999999999999));
#247 = CARTESIAN_POINT('',(5.37989412532,66.942544526975,30.000000000001
    ));
#248 = CARTESIAN_POINT('',(6.858406851966,67.647513688308,
    29.999999999999));
#249 = CARTESIAN_POINT('',(8.429203673205,68.000000000001,30.));
#250 = CARTESIAN_POINT('',(10.,68.,30.));
#251 = PCURVE('',#31,#252);
#252 = DEFINITIONAL_REPRESENTATION('',(#253),#263);
#253 = B_SPLINE_CURVE_WITH_KNOTS('',8,(#254,#255,#256,#257,#258,#259,
    #260,#261,#262),.UNSPECIFIED.,.F.,.F.,(9,9),(1.570796326795,
    3.14159265359),.PIECEWISE_BEZIER_KNOTS.);
#254 = CARTESIAN_POINT('',(2.,25.));
#255 = CARTESIAN_POINT('',(2.,26.570796326795));
#256 = CARTESIAN_POINT('',(2.35248631169,28.141593148032));
#257 = CARTESIAN_POINT('',(3.057455473029,29.620105874684));
#258 = CARTESIAN_POINT('',(4.085929953761,30.914070046235));
#259 = CARTESIAN_POINT('',(5.37989412532,31.942544526975));
#260 = CARTESIAN_POINT('',(6.858406851966,32.647513688308));
#261 = CARTESIAN_POINT('',(8.429203673205,33.000000000001));
#262 = CARTESIAN_POINT('',(10.,33.));
#263 = ( GEOMETRIC_REPRESENTATION_CONTEXT(2) 
PARAMETRIC_REPRESENTATION_CONTEXT() REPRESENTATION_CONTEXT('2D SPACE',''
  ) );
#264 = PCURVE('',#265,#272);
#265 = ( BOUNDED_SURFACE() B_SPLINE_SURFACE(2,1,(
    (#266,#267)
    ,(#268,#269)
,(#270,#271
    )),.UNSPECIFIED.,.F.,.F.,.F.) B_SPLINE_SURFACE_WITH_KNOTS((3,3),(2,2
    ),(0.,1.570796326795),(6.,30.),.PIECEWISE_BEZIER_KNOTS.) 
GEOMETRIC_REPRESENTATION_ITEM() RATIONAL_B_SPLINE_SURFACE((
    (1.,1.)
    ,(0.707106781187,0.707106781187)
,(1.,1.))) REPRESENTATION_ITEM('') SURFACE() );
#266 = CARTESIAN_POINT('',(2.,60.,6.));
#267 = CARTESIAN_POINT('',(2.,60.,30.));
#268 = CARTESIAN_POINT('',(2.,68.,6.));
#269 = CARTESIAN_POINT('',(2.,68.,30.));
#270 = CARTESIAN_POINT('',(10.,68.,6.));
#271 = CARTESIAN_POINT('',(10.,68.,30.));
#272 = DEFINITIONAL_REPRESENTATION('',(#273),#286);
#273 = B_SPLINE_CURVE_WITH_KNOTS('',6,(#274,#275,#276,#277,#278,#279,
    #280,#281,#282,#283,#284,#285),.UNSPECIFIED.,.F.,.F.,(7,5,7),(
    1.570796326795,2.356194490192,3.14159265359),.UNSPECIFIED.);
#274 = CARTESIAN_POINT('',(2.566195492069E-15,30.));
#275 = CARTESIAN_POINT('',(0.145392652579,30.000000000006));
#276 = CARTESIAN_POINT('',(0.281328410979,29.999999999993));
#277 = CARTESIAN_POINT('',(0.411187802303,30.000000000006));
#278 = CARTESIAN_POINT('',(0.537194906024,30.000000000008));
#279 = CARTESIAN_POINT('',(0.661297781031,30.000000000005));
#280 = CARTESIAN_POINT('',(0.909498545763,29.999999999998));
#281 = CARTESIAN_POINT('',(1.033601420772,30.000000000025));
#282 = CARTESIAN_POINT('',(1.159608524491,29.999999999974));
#283 = CARTESIAN_POINT('',(1.289467915818,30.000000000022));
#284 = CARTESIAN_POINT('',(1.425403674216,29.999999999997));
#285 = CARTESIAN_POINT('',(1.570796326795,30.));
#286 = ( GEOMETRIC_REPRESENTATION_CONTEXT(2) 
PARAMETRIC_REPRESENTATION_CONTEXT() REPRESENTATION_CONTEXT('2D SPACE',''
  ) );
#287 = FACE_BOUND('',#288,.T.);
#288 = EDGE_LOOP('',(#289,#316,#367,#392,#443,#468,#519,#544));
#289 = ORIENTED_EDGE('',*,*,#290,.F.);
#290 = EDGE_CURVE('',#291,#293,#295,.T.);
#291 = VERTEX_POINT('',#292);
#292 = CARTESIAN_POINT('',(-2.,10.,30.));
#293 = VERTEX_POINT('',#294);
#294 = CARTESIAN_POINT('',(-2.,60.,30.));
#295 = SURFACE_CURVE('',#296,(#299,#305),.PCURVE_S1.);
#296 = B_SPLINE_CURVE_WITH_KNOTS('',1,(#297,#298),.UNSPECIFIED.,.F.,.F.,
  (2,2),(10.,60.),.PIECEWISE_BEZIER_KNOTS.);
#297 = CARTESIAN_POINT('',(-2.,10.,30.));
#298 = CARTESIAN_POINT('',(-2.,60.,30.));
#299 = PCURVE('',#31,#300);
#300 = DEFINITIONAL_REPRESENTATION('',(#301),#304);
#301 = B_SPLINE_CURVE_WITH_KNOTS('',1,(#302,#303),.UNSPECIFIED.,.F.,.F.,
  (2,2),(10.,60.),.PIECEWISE_BEZIER_KNOTS.);
#302 = CARTESIAN_POINT('',(-2.,-25.));
#303 = CARTESIAN_POINT('',(-2.,25.));
#304 = ( GEOMETRIC_REPRESENTATION_CONTEXT(2) 
PARAMETRIC_REPRESENTATION_CONTEXT() REPRESENTATION_CONTEXT('2D SPACE',''
  ) );
#305 = PCURVE('',#306,#311);
#306 = B_SPLINE_SURFACE_WITH_KNOTS('',1,1,(
    (#307,#308)
    ,(#309,#310
    )),.UNSPECIFIED.,.F.,.F.,.F.,(2,2),(2,2),(6.,30.),(-60.,-10.),
  .PIECEWISE_BEZIER_KNOTS.);
#307 = CARTESIAN_POINT('',(-2.,60.,6.));
#308 = CARTESIAN_POINT('',(-2.,10.,6.));
#309 = CARTESIAN_POINT('',(-2.,60.,30.));
#310 = CARTESIAN_POINT('',(-2.,10.,30.));
#311 = DEFINITIONAL_REPRESENTATION('',(#312),#315);
#312 = B_SPLINE_CURVE_WITH_KNOTS('',1,(#313,#314),.UNSPECIFIED.,.F.,.F.,
  (2,2),(10.,60.),.PIECEWISE_BEZIER_KNOTS.);
#313 = CARTESIAN_POINT('',(30.,-10.));
#314 = CARTESIAN_POINT('',(30.,-60.));
#315 = ( GEOMETRIC_REPRESENTATION_CONTEXT(2) 
PARAMETRIC_REPRESENTATION_CONTEXT() REPRESENTATION_CONTEXT('2D SPACE',''
  ) );
#316 = ORIENTED_EDGE('',*,*,#317,.T.);
#317 = EDGE_CURVE('',#291,#318,#320,.T.);
#318 = VERTEX_POINT('',#319);
#319 = CARTESIAN_POINT('',(10.,-2.,30.));
#320 = SURFACE_CURVE('',#321,(#331,#344),.PCURVE_S1.);
#321 = B_SPLINE_CURVE_WITH_KNOTS('',8,(#322,#323,#324,#325,#326,#327,
    #328,#329,#330),.UNSPECIFIED.,.F.,.F.,(9,9),(4.712388980385,
    6.28318530718),.PIECEWISE_BEZIER_KNOTS.);
#322 = CARTESIAN_POINT('',(-2.,10.,30.));
#323 = CARTESIAN_POINT('',(-2.,7.643805509808,30.));
#324 = CARTESIAN_POINT('',(-1.471270532466,5.287610277949,
    29.999999999999));
#325 = CARTESIAN_POINT('',(-0.413816790457,3.069841187979,
    30.000000000001));
#326 = CARTESIAN_POINT('',(1.128894930641,1.128894930641,29.999999999999
    ));
#327 = CARTESIAN_POINT('',(3.069841187979,-0.413816790457,
    30.000000000001));
#328 = CARTESIAN_POINT('',(5.287610277949,-1.471270532466,30.));
#329 = CARTESIAN_POINT('',(7.643805509808,-2.,30.));
#330 = CARTESIAN_POINT('',(10.,-2.,30.));
#331 = PCURVE('',#31,#332);
#332 = DEFINITIONAL_REPRESENTATION('',(#333),#343);
#333 = B_SPLINE_CURVE_WITH_KNOTS('',8,(#334,#335,#336,#337,#338,#339,
    #340,#341,#342),.UNSPECIFIED.,.F.,.F.,(9,9),(4.712388980385,
    6.28318530718),.PIECEWISE_BEZIER_KNOTS.);
#334 = CARTESIAN_POINT('',(-2.,-25.));
#335 = CARTESIAN_POINT('',(-2.,-27.35619449019));
#336 = CARTESIAN_POINT('',(-1.471270532466,-29.71238972205));
#337 = CARTESIAN_POINT('',(-0.413816790457,-31.93015881202));
#338 = CARTESIAN_POINT('',(1.128894930641,-33.87110506935));
#339 = CARTESIAN_POINT('',(3.069841187979,-35.41381679045));
#340 = CARTESIAN_POINT('',(5.287610277949,-36.47127053246));
#341 = CARTESIAN_POINT('',(7.643805509808,-37.));
#342 = CARTESIAN_POINT('',(10.,-37.));
#343 = ( GEOMETRIC_REPRESENTATION_CONTEXT(2) 
PARAMETRIC_REPRESENTATION_CONTEXT() REPRESENTATION_CONTEXT('2D SPACE',''
  ) );
#344 = PCURVE('',#345,#352);
#345 = ( BOUNDED_SURFACE() B_SPLINE_SURFACE(2,1,(
    (#346,#347)
    ,(#348,#349)
,(#350,#351
    )),.UNSPECIFIED.,.F.,.F.,.F.) B_SPLINE_SURFACE_WITH_KNOTS((3,3),(2,2
    ),(0.,1.570796326795),(6.,30.),.PIECEWISE_BEZIER_KNOTS.) 
GEOMETRIC_REPRESENTATION_ITEM() RATIONAL_B_SPLINE_SURFACE((
    (1.,1.)
    ,(0.707106781187,0.707106781187)
,(1.,1.))) REPRESENTATION_ITEM('') SURFACE() );
#346 = CARTESIAN_POINT('',(-2.,10.,6.));
#347 = CARTESIAN_POINT('',(-2.,10.,30.));
#348 = CARTESIAN_POINT('',(-2.,-2.,6.));
#349 = CARTESIAN_POINT('',(-2.,-2.,30.));
#350 = CARTESIAN_POINT('',(10.,-2.,6.));
#351 = CARTESIAN_POINT('',(10.,-2.,30.));
#352 = DEFINITIONAL_REPRESENTATION('',(#353),#366);
#353 = B_SPLINE_CURVE_WITH_KNOTS('',6,(#354,#355,#356,#357,#358,#359,
    #360,#361,#362,#363,#364,#365),.UNSPECIFIED.,.F.,.F.,(7,5,7),(
    4.712388980385,5.497787143782,6.28318530718),.UNSPECIFIED.);
#354 = CARTESIAN_POINT('',(6.576787911544E-16,30.));
#355 = CARTESIAN_POINT('',(0.145392652579,29.999999999996));
#356 = CARTESIAN_POINT('',(0.281328410979,30.000000000019));
#357 = CARTESIAN_POINT('',(0.411187802302,29.99999999996));
#358 = CARTESIAN_POINT('',(0.537194906024,30.000000000018));
#359 = CARTESIAN_POINT('',(0.661297781031,29.999999999998));
#360 = CARTESIAN_POINT('',(0.909498545764,30.000000000004));
#361 = CARTESIAN_POINT('',(1.033601420771,29.999999999984));
#362 = CARTESIAN_POINT('',(1.159608524493,30.00000000002));
#363 = CARTESIAN_POINT('',(1.289467915816,29.999999999984));
#364 = CARTESIAN_POINT('',(1.425403674216,30.000000000005));
#365 = CARTESIAN_POINT('',(1.570796326795,30.));
#366 = ( GEOMETRIC_REPRESENTATION_CONTEXT(2) 
PARAMETRIC_REPRESENTATION_CONTEXT() REPRESENTATION_CONTEXT('2D SPACE',''
  ) );
#367 = ORIENTED_EDGE('',*,*,#368,.T.);
#368 = EDGE_CURVE('',#318,#369,#371,.T.);
#369 = VERTEX_POINT('',#370);
#370 = CARTESIAN_POINT('',(90.,-2.,30.));
#371 = SURFACE_CURVE('',#372,(#375,#381),.PCURVE_S1.);
#372 = B_SPLINE_CURVE_WITH_KNOTS('',1,(#373,#374),.UNSPECIFIED.,.F.,.F.,
  (2,2),(10.,90.),.PIECEWISE_BEZIER_KNOTS.);
#373 = CARTESIAN_POINT('',(10.,-2.,30.));
#374 = CARTESIAN_POINT('',(90.,-2.,30.));
#375 = PCURVE('',#31,#376);
#376 = DEFINITIONAL_REPRESENTATION('',(#377),#380);
#377 = B_SPLINE_CURVE_WITH_KNOTS('',1,(#378,#379),.UNSPECIFIED.,.F.,.F.,
  (2,2),(10.,90.),.PIECEWISE_BEZIER_KNOTS.);
#378 = CARTESIAN_POINT('',(10.,-37.));
#379 = CARTESIAN_POINT('',(90.,-37.));
#380 = ( GEOMETRIC_REPRESENTATION_CONTEXT(2) 
PARAMETRIC_REPRESENTATION_CONTEXT() REPRESENTATION_CONTEXT('2D SPACE',''
  ) );
#381 = PCURVE('',#382,#387);
#382 = B_SPLINE_SURFACE_WITH_KNOTS('',1,1,(
    (#383,#384)
    ,(#385,#386
    )),.UNSPECIFIED.,.F.,.F.,.F.,(2,2),(2,2),(6.,30.),(10.,90.),
  .PIECEWISE_BEZIER_KNOTS.);
#383 = CARTESIAN_POINT('',(10.,-2.,6.));
#384 = CARTESIAN_POINT('',(90.,-2.,6.));
#385 = CARTESIAN_POINT('',(10.,-2.,30.));
#386 = CARTESIAN_POINT('',(90.,-2.,30.));
#387 = DEFINITIONAL_REPRESENTATION('',(#388),#391);
#388 = B_SPLINE_CURVE_WITH_KNOTS('',1,(#389,#390),.UNSPECIFIED.,.F.,.F.,
  (2,2),(10.,90.),.PIECEWISE_BEZIER_KNOTS.);
#389 = CARTESIAN_POINT('',(30.,10.));
#390 = CARTESIAN_POINT('',(30.,90.));
#391 = ( GEOMETRIC_REPRESENTATION_CONTEXT(2) 
PARAMETRIC_REPRESENTATION_CONTEXT() REPRESENTATION_CONTEXT('2D SPACE',''
  ) );
#392 = ORIENTED_EDGE('',*,*,#393,.F.);
#393 = EDGE_CURVE('',#394,#369,#396,.T.);
#394 = VERTEX_POINT('',#395);
#395 = CARTESIAN_POINT('',(102.,10.,30.));
#396 = SURFACE_CURVE('',#397,(#407,#420),.PCURVE_S1.);
#397 = B_SPLINE_CURVE_WITH_KNOTS('',8,(#398,#399,#400,#401,#402,#403,
    #404,#405,#406),.UNSPECIFIED.,.F.,.F.,(9,9),(4.712388980385,
    6.28318530718),.PIECEWISE_BEZIER_KNOTS.);
#398 = CARTESIAN_POINT('',(102.,10.,30.));
#399 = CARTESIAN_POINT('',(102.,7.643805509808,30.));
#400 = CARTESIAN_POINT('',(101.47127053246,5.287610277949,
    29.999999999999));
#401 = CARTESIAN_POINT('',(100.41381679046,3.069841187979,
    30.000000000001));
#402 = CARTESIAN_POINT('',(98.871105069354,1.128894930641,
    29.999999999999));
#403 = CARTESIAN_POINT('',(96.930158812024,-0.413816790457,
    30.000000000001));
#404 = CARTESIAN_POINT('',(94.712389722049,-1.471270532466,30.));
#405 = CARTESIAN_POINT('',(92.356194490193,-2.,30.));
#406 = CARTESIAN_POINT('',(90.,-2.,30.));
#407 = PCURVE('',#31,#408);
#408 = DEFINITIONAL_REPRESENTATION('',(#409),#419);
#409 = B_SPLINE_CURVE_WITH_KNOTS('',8,(#410,#411,#412,#413,#414,#415,
    #416,#417,#418),.UNSPECIFIED.,.F.,.F.,(9,9),(4.712388980385,
    6.28318530718),.PIECEWISE_BEZIER_KNOTS.);
#410 = CARTESIAN_POINT('',(102.,-25.));
#411 = CARTESIAN_POINT('',(102.,-27.35619449019));
#412 = CARTESIAN_POINT('',(101.47127053246,-29.71238972205));
#413 = CARTESIAN_POINT('',(100.41381679046,-31.93015881202));
#414 = CARTESIAN_POINT('',(98.871105069354,-33.87110506935));
#415 = CARTESIAN_POINT('',(96.930158812024,-35.41381679045));
#416 = CARTESIAN_POINT('',(94.712389722049,-36.47127053246));
#417 = CARTESIAN_POINT('',(92.356194490193,-37.));
#418 = CARTESIAN_POINT('',(90.,-37.));
#419 = ( GEOMETRIC_REPRESENTATION_CONTEXT(2) 
PARAMETRIC_REPRESENTATION_CONTEXT() REPRESENTATION_CONTEXT('2D SPACE',''
  ) );
#420 = PCURVE('',#421,#428);
#421 = ( BOUNDED_SURFACE() B_SPLINE_SURFACE(2,1,(
    (#422,#423)
    ,(#424,#425)
,(#426,#427
    )),.UNSPECIFIED.,.F.,.F.,.F.) B_SPLINE_SURFACE_WITH_KNOTS((3,3),(2,2
    ),(0.,1.570796326795),(6.,30.),.PIECEWISE_BEZIER_KNOTS.) 
GEOMETRIC_REPRESENTATION_ITEM() RATIONAL_B_SPLINE_SURFACE((
    (1.,1.)
    ,(0.707106781187,0.707106781187)
,(1.,1.))) REPRESENTATION_ITEM('') SURFACE() );
#422 = CARTESIAN_POINT('',(102.,10.,6.));
#423 = CARTESIAN_POINT('',(102.,10.,30.));
#424 = CARTESIAN_POINT('',(102.,-2.,6.));
#425 = CARTESIAN_POINT('',(102.,-2.,30.));
#426 = CARTESIAN_POINT('',(90.,-2.,6.));
#427 = CARTESIAN_POINT('',(90.,-2.,30.));
#428 = DEFINITIONAL_REPRESENTATION('',(#429),#442);
#429 = B_SPLINE_CURVE_WITH_KNOTS('',6,(#430,#431,#432,#433,#434,#435,
    #436,#437,#438,#439,#440,#441),.UNSPECIFIED.,.F.,.F.,(7,5,7),(
    4.712388980385,5.497787143782,6.28318530718),.UNSPECIFIED.);
#430 = CARTESIAN_POINT('',(4.932590933658E-16,30.));
#431 = CARTESIAN_POINT('',(0.145392652579,29.999999999996));
#432 = CARTESIAN_POINT('',(0.281328410979,30.000000000034));
#433 = CARTESIAN_POINT('',(0.411187802302,29.99999999996));
#434 = CARTESIAN_POINT('',(0.537194906025,30.000000000032));
#435 = CARTESIAN_POINT('',(0.661297781031,29.999999999995));
#436 = CARTESIAN_POINT('',(0.909498545764,30.000000000004));
#437 = CARTESIAN_POINT('',(1.033601420771,29.999999999984));
#438 = CARTESIAN_POINT('',(1.159608524491,30.00000000002));
#439 = CARTESIAN_POINT('',(1.289467915816,29.999999999984));
#440 = CARTESIAN_POINT('',(1.425403674216,30.000000000005));
#441 = CARTESIAN_POINT('',(1.570796326795,30.));
#442 = ( GEOMETRIC_REPRESENTATION_CONTEXT(2) 
PARAMETRIC_REPRESENTATION_CONTEXT() REPRESENTATION_CONTEXT('2D SPACE',''
  ) );
#443 = ORIENTED_EDGE('',*,*,#444,.T.);
#444 = EDGE_CURVE('',#394,#445,#447,.T.);
#445 = VERTEX_POINT('',#446);
#446 = CARTESIAN_POINT('',(102.,60.,30.));
#447 = SURFACE_CURVE('',#448,(#451,#457),.PCURVE_S1.);
#448 = B_SPLINE_CURVE_WITH_KNOTS('',1,(#449,#450),.UNSPECIFIED.,.F.,.F.,
  (2,2),(10.,60.),.PIECEWISE_BEZIER_KNOTS.);
#449 = CARTESIAN_POINT('',(102.,10.,30.));
#450 = CARTESIAN_POINT('',(102.,60.,30.));
#451 = PCURVE('',#31,#452);
#452 = DEFINITIONAL_REPRESENTATION('',(#453),#456);
#453 = B_SPLINE_CURVE_WITH_KNOTS('',1,(#454,#455),.UNSPECIFIED.,.F.,.F.,
  (2,2),(10.,60.),.PIECEWISE_BEZIER_KNOTS.);
#454 = CARTESIAN_POINT('',(102.,-25.));
#455 = CARTESIAN_POINT('',(102.,25.));
#456 = ( GEOMETRIC_REPRESENTATION_CONTEXT(2) 
PARAMETRIC_REPRESENTATION_CONTEXT() REPRESENTATION_CONTEXT('2D SPACE',''
  ) );
#457 = PCURVE('',#458,#463);
#458 = B_SPLINE_SURFACE_WITH_KNOTS('',1,1,(
    (#459,#460)
    ,(#461,#462
    )),.UNSPECIFIED.,.F.,.F.,.F.,(2,2),(2,2),(6.,30.),(-60.,-10.),
  .PIECEWISE_BEZIER_KNOTS.);
#459 = CARTESIAN_POINT('',(102.,60.,6.));
#460 = CARTESIAN_POINT('',(102.,10.,6.));
#461 = CARTESIAN_POINT('',(102.,60.,30.));
#462 = CARTESIAN_POINT('',(102.,10.,30.));
#463 = DEFINITIONAL_REPRESENTATION('',(#464),#467);
#464 = B_SPLINE_CURVE_WITH_KNOTS('',1,(#465,#466),.UNSPECIFIED.,.F.,.F.,
  (2,2),(10.,60.),.PIECEWISE_BEZIER_KNOTS.);
#465 = CARTESIAN_POINT('',(30.,-10.));
#466 = CARTESIAN_POINT('',(30.,-60.));
#467 = ( GEOMETRIC_REPRESENTATION_CONTEXT(2) 
PARAMETRIC_REPRESENTATION_CONTEXT() REPRESENTATION_CONTEXT('2D SPACE',''
  ) );
#468 = ORIENTED_EDGE('',*,*,#469,.T.);
#469 = EDGE_CURVE('',#445,#470,#472,.T.);
#470 = VERTEX_POINT('',#471);
#471 = CARTESIAN_POINT('',(90.,72.,30.));
#472 = SURFACE_CURVE('',#473,(#483,#496),.PCURVE_S1.);
#473 = B_SPLINE_CURVE_WITH_KNOTS('',8,(#474,#475,#476,#477,#478,#479,
    #480,#481,#482),.UNSPECIFIED.,.F.,.F.,(9,9),(1.570796326795,
    3.14159265359),.PIECEWISE_BEZIER_KNOTS.);
#474 = CARTESIAN_POINT('',(102.,60.,30.));
#475 = CARTESIAN_POINT('',(102.,62.356194490193,30.));
#476 = CARTESIAN_POINT('',(101.47127053246,64.71238972205,
    29.999999999999));
#477 = CARTESIAN_POINT('',(100.41381679046,66.930158812022,
    30.000000000001));
#478 = CARTESIAN_POINT('',(98.871105069352,68.871105069357,
    29.999999999999));
#479 = CARTESIAN_POINT('',(96.930158812026,70.413816790459,
    30.000000000001));
#480 = CARTESIAN_POINT('',(94.712389722047,71.471270532465,
    29.999999999999));
#481 = CARTESIAN_POINT('',(92.356194490193,72.,30.));
#482 = CARTESIAN_POINT('',(90.,72.,30.));
#483 = PCURVE('',#31,#484);
#484 = DEFINITIONAL_REPRESENTATION('',(#485),#495);
#485 = B_SPLINE_CURVE_WITH_KNOTS('',8,(#486,#487,#488,#489,#490,#491,
    #492,#493,#494),.UNSPECIFIED.,.F.,.F.,(9,9),(1.570796326795,
    3.14159265359),.PIECEWISE_BEZIER_KNOTS.);
#486 = CARTESIAN_POINT('',(102.,25.));
#487 = CARTESIAN_POINT('',(102.,27.356194490193));
#488 = CARTESIAN_POINT('',(101.47127053246,29.71238972205));
#489 = CARTESIAN_POINT('',(100.41381679046,31.930158812022));
#490 = CARTESIAN_POINT('',(98.871105069352,33.871105069357));
#491 = CARTESIAN_POINT('',(96.930158812026,35.413816790459));
#492 = CARTESIAN_POINT('',(94.712389722047,36.471270532465));
#493 = CARTESIAN_POINT('',(92.356194490193,37.));
#494 = CARTESIAN_POINT('',(90.,37.));
#495 = ( GEOMETRIC_REPRESENTATION_CONTEXT(2) 
PARAMETRIC_REPRESENTATION_CONTEXT() REPRESENTATION_CONTEXT('2D SPACE',''
  ) );
#496 = PCURVE('',#497,#504);
#497 = ( BOUNDED_SURFACE() B_SPLINE_SURFACE(2,1,(
    (#498,#499)
    ,(#500,#501)
,(#502,#503
    )),.UNSPECIFIED.,.F.,.F.,.F.) B_SPLINE_SURFACE_WITH_KNOTS((3,3),(2,2
    ),(0.,1.570796326795),(6.,30.),.PIECEWISE_BEZIER_KNOTS.) 
GEOMETRIC_REPRESENTATION_ITEM() RATIONAL_B_SPLINE_SURFACE((
    (1.,1.)
    ,(0.707106781187,0.707106781187)
,(1.,1.))) REPRESENTATION_ITEM('') SURFACE() );
#498 = CARTESIAN_POINT('',(102.,60.,6.));
#499 = CARTESIAN_POINT('',(102.,60.,30.));
#500 = CARTESIAN_POINT('',(102.,72.,6.));
#501 = CARTESIAN_POINT('',(102.,72.,30.));
#502 = CARTESIAN_POINT('',(90.,72.,6.));
#503 = CARTESIAN_POINT('',(90.,72.,30.));
#504 = DEFINITIONAL_REPRESENTATION('',(#505),#518);
#505 = B_SPLINE_CURVE_WITH_KNOTS('',6,(#506,#507,#508,#509,#510,#511,
    #512,#513,#514,#515,#516,#517),.UNSPECIFIED.,.F.,.F.,(7,5,7),(
    1.570796326795,2.356194490192,3.14159265359),.UNSPECIFIED.);
#506 = CARTESIAN_POINT('',(3.552713678801E-15,30.));
#507 = CARTESIAN_POINT('',(0.145392652579,30.000000000003));
#508 = CARTESIAN_POINT('',(0.281328410979,30.000000000003));
#509 = CARTESIAN_POINT('',(0.411187802303,29.999999999984));
#510 = CARTESIAN_POINT('',(0.537194906025,30.000000000003));
#511 = CARTESIAN_POINT('',(0.661297781031,30.000000000003));
#512 = CARTESIAN_POINT('',(0.909498545764,30.000000000002));
#513 = CARTESIAN_POINT('',(1.033601420769,30.000000000008));
#514 = CARTESIAN_POINT('',(1.159608524495,29.999999999996));
#515 = CARTESIAN_POINT('',(1.289467915815,30.00000000002));
#516 = CARTESIAN_POINT('',(1.425403674216,30.000000000001));
#517 = CARTESIAN_POINT('',(1.570796326795,30.));
#518 = ( GEOMETRIC_REPRESENTATION_CONTEXT(2) 
PARAMETRIC_REPRESENTATION_CONTEXT() REPRESENTATION_CONTEXT('2D SPACE',''
  ) );
#519 = ORIENTED_EDGE('',*,*,#520,.F.);
#520 = EDGE_CURVE('',#521,#470,#523,.T.);
#521 = VERTEX_POINT('',#522);
#522 = CARTESIAN_POINT('',(10.,72.,30.));
#523 = SURFACE_CURVE('',#524,(#527,#533),.PCURVE_S1.);
#524 = B_SPLINE_CURVE_WITH_KNOTS('',1,(#525,#526),.UNSPECIFIED.,.F.,.F.,
  (2,2),(10.,90.),.PIECEWISE_BEZIER_KNOTS.);
#525 = CARTESIAN_POINT('',(10.,72.,30.));
#526 = CARTESIAN_POINT('',(90.,72.,30.));
#527 = PCURVE('',#31,#528);
#528 = DEFINITIONAL_REPRESENTATION('',(#529),#532);
#529 = B_SPLINE_CURVE_WITH_KNOTS('',1,(#530,#531),.UNSPECIFIED.,.F.,.F.,
  (2,2),(10.,90.),.PIECEWISE_BEZIER_KNOTS.);
#530 = CARTESIAN_POINT('',(10.,37.));
#531 = CARTESIAN_POINT('',(90.,37.));
#532 = ( GEOMETRIC_REPRESENTATION_CONTEXT(2) 
PARAMETRIC_REPRESENTATION_CONTEXT() REPRESENTATION_CONTEXT('2D SPACE',''
  ) );
#533 = PCURVE('',#534,#539);
#534 = B_SPLINE_SURFACE_WITH_KNOTS('',1,1,(
    (#535,#536)
    ,(#537,#538
    )),.UNSPECIFIED.,.F.,.F.,.F.,(2,2),(2,2),(6.,30.),(10.,90.),
  .PIECEWISE_BEZIER_KNOTS.);
#535 = CARTESIAN_POINT('',(10.,72.,6.));
#536 = CARTESIAN_POINT('',(90.,72.,6.));
#537 = CARTESIAN_POINT('',(10.,72.,30.));
#538 = CARTESIAN_POINT('',(90.,72.,30.));
#539 = DEFINITIONAL_REPRESENTATION('',(#540),#543);
#540 = B_SPLINE_CURVE_WITH_KNOTS('',1,(#541,#542),.UNSPECIFIED.,.F.,.F.,
  (2,2),(10.,90.),.PIECEWISE_BEZIER_KNOTS.);
#541 = CARTESIAN_POINT('',(30.,10.));
#542 = CARTESIAN_POINT('',(30.,90.));
#543 = ( GEOMETRIC_REPRESENTATION_CONTEXT(2) 
PARAMETRIC_REPRESENTATION_CONTEXT() REPRESENTATION_CONTEXT('2D SPACE',''
  ) );
#544 = ORIENTED_EDGE('',*,*,#545,.F.);
#545 = EDGE_CURVE('',#293,#521,#546,.T.);
#546 = SURFACE_CURVE('',#547,(#557,#570),.PCURVE_S1.);
#547 = B_SPLINE_CURVE_WITH_KNOTS('',8,(#548,#549,#550,#551,#552,#553,
    #554,#555,#556),.UNSPECIFIED.,.F.,.F.,(9,9),(1.570796326795,
    3.14159265359),.PIECEWISE_BEZIER_KNOTS.);
#548 = CARTESIAN_POINT('',(-2.,60.,30.));
#549 = CARTESIAN_POINT('',(-2.,62.356194490193,30.));
#550 = CARTESIAN_POINT('',(-1.471270532466,64.71238972205,
    29.999999999999));
#551 = CARTESIAN_POINT('',(-0.413816790457,66.930158812022,
    30.000000000001));
#552 = CARTESIAN_POINT('',(1.128894930641,68.871105069357,
    29.999999999999));
#553 = CARTESIAN_POINT('',(3.069841187979,70.413816790459,
    30.000000000001));
#554 = CARTESIAN_POINT('',(5.287610277949,71.471270532465,
    29.999999999999));
#555 = CARTESIAN_POINT('',(7.643805509808,72.,30.));
#556 = CARTESIAN_POINT('',(10.,72.,30.));
#557 = PCURVE('',#31,#558);
#558 = DEFINITIONAL_REPRESENTATION('',(#559),#569);
#559 = B_SPLINE_CURVE_WITH_KNOTS('',8,(#560,#561,#562,#563,#564,#565,
    #566,#567,#568),.UNSPECIFIED.,.F.,.F.,(9,9),(1.570796326795,
    3.14159265359),.PIECEWISE_BEZIER_KNOTS.);
#560 = CARTESIAN_POINT('',(-2.,25.));
#561 = CARTESIAN_POINT('',(-2.,27.356194490193));
#562 = CARTESIAN_POINT('',(-1.471270532466,29.71238972205));
#563 = CARTESIAN_POINT('',(-0.413816790457,31.930158812022));
#564 = CARTESIAN_POINT('',(1.128894930641,33.871105069357));
#565 = CARTESIAN_POINT('',(3.069841187979,35.413816790459));
#566 = CARTESIAN_POINT('',(5.287610277949,36.471270532465));
#567 = CARTESIAN_POINT('',(7.643805509808,37.));
#568 = CARTESIAN_POINT('',(10.,37.));
#569 = ( GEOMETRIC_REPRESENTATION_CONTEXT(2) 
PARAMETRIC_REPRESENTATION_CONTEXT() REPRESENTATION_CONTEXT('2D SPACE',''
  ) );
#570 = PCURVE('',#571,#578);
#571 = ( BOUNDED_SURFACE() B_SPLINE_SURFACE(2,1,(
    (#572,#573)
    ,(#574,#575)
,(#576,#577
    )),.UNSPECIFIED.,.F.,.F.,.F.) B_SPLINE_SURFACE_WITH_KNOTS((3,3),(2,2
    ),(0.,1.570796326795),(6.,30.),.PIECEWISE_BEZIER_KNOTS.) 
GEOMETRIC_REPRESENTATION_ITEM() RATIONAL_B_SPLINE_SURFACE((
    (1.,1.)
    ,(0.707106781187,0.707106781187)
,(1.,1.))) REPRESENTATION_ITEM('') SURFACE() );
#572 = CARTESIAN_POINT('',(-2.,60.,6.));
#573 = CARTESIAN_POINT('',(-2.,60.,30.));
#574 = CARTESIAN_POINT('',(-2.,72.,6.));
#575 = CARTESIAN_POINT('',(-2.,72.,30.));
#576 = CARTESIAN_POINT('',(10.,72.,6.));
#577 = CARTESIAN_POINT('',(10.,72.,30.));
#578 = DEFINITIONAL_REPRESENTATION('',(#579),#592);
#579 = B_SPLINE_CURVE_WITH_KNOTS('',6,(#580,#581,#582,#583,#584,#585,
    #586,#587,#588,#589,#590,#591),.UNSPECIFIED.,.F.,.F.,(7,5,7),(
    1.570796326795,2.356194490192,3.14159265359),.UNSPECIFIED.);
#580 = CARTESIAN_POINT('',(3.552713678801E-15,30.));
#581 = CARTESIAN_POINT('',(0.145392652579,29.999999999996));
#582 = CARTESIAN_POINT('',(0.281328410979,30.000000000016));
#583 = CARTESIAN_POINT('',(0.411187802302,29.999999999964));
#584 = CARTESIAN_POINT('',(0.537194906025,30.000000000011));
#585 = CARTESIAN_POINT('',(0.661297781031,29.999999999995));
#586 = CARTESIAN_POINT('',(0.909498545764,30.000000000002));
#587 = CARTESIAN_POINT('',(1.033601420771,30.000000000008));
#588 = CARTESIAN_POINT('',(1.159608524492,29.999999999996));
#589 = CARTESIAN_POINT('',(1.289467915816,30.00000000002));
#590 = CARTESIAN_POINT('',(1.425403674216,30.000000000001));
#591 = CARTESIAN_POINT('',(1.570796326795,30.));
#592 = ( GEOMETRIC_REPRESENTATION_CONTEXT(2) 
PARAMETRIC_REPRESENTATION_CONTEXT() REPRESENTATION_CONTEXT('2D SPACE',''
  ) );
#593 = FACE_BOUND('',#594,.T.);
#594 = EDGE_LOOP('',(#595,#622,#673,#698,#749,#774,#804,#829));
#595 = ORIENTED_EDGE('',*,*,#596,.T.);
#596 = EDGE_CURVE('',#597,#599,#601,.T.);
#597 = VERTEX_POINT('',#598);
#598 = CARTESIAN_POINT('',(69.,68.,30.));
#599 = VERTEX_POINT('',#600);
#600 = CARTESIAN_POINT('',(90.,68.,30.));
#601 = SURFACE_CURVE('',#602,(#605,#611),.PCURVE_S1.);
#602 = B_SPLINE_CURVE_WITH_KNOTS('',1,(#603,#604),.UNSPECIFIED.,.F.,.F.,
  (2,2),(69.,90.),.PIECEWISE_BEZIER_KNOTS.);
#603 = CARTESIAN_POINT('',(69.,68.,30.));
#604 = CARTESIAN_POINT('',(90.,68.,30.));
#605 = PCURVE('',#31,#606);
#606 = DEFINITIONAL_REPRESENTATION('',(#607),#610);
#607 = B_SPLINE_CURVE_WITH_KNOTS('',1,(#608,#609),.UNSPECIFIED.,.F.,.F.,
  (2,2),(69.,90.),.PIECEWISE_BEZIER_KNOTS.);
#608 = CARTESIAN_POINT('',(69.,33.));
#609 = CARTESIAN_POINT('',(90.,33.));
#610 = ( GEOMETRIC_REPRESENTATION_CONTEXT(2) 
PARAMETRIC_REPRESENTATION_CONTEXT() REPRESENTATION_CONTEXT('2D SPACE',''
  ) );
#611 = PCURVE('',#612,#617);
#612 = B_SPLINE_SURFACE_WITH_KNOTS('',1,1,(
    (#613,#614)
    ,(#615,#616
    )),.UNSPECIFIED.,.F.,.F.,.F.,(2,2),(2,2),(6.,30.),(69.,90.),
  .PIECEWISE_BEZIER_KNOTS.);
#613 = CARTESIAN_POINT('',(69.,68.,6.));
#614 = CARTESIAN_POINT('',(90.,68.,6.));
#615 = CARTESIAN_POINT('',(69.,68.,30.));
#616 = CARTESIAN_POINT('',(90.,68.,30.));
#617 = DEFINITIONAL_REPRESENTATION('',(#618),#621);
#618 = B_SPLINE_CURVE_WITH_KNOTS('',1,(#619,#620),.UNSPECIFIED.,.F.,.F.,
  (2,2),(69.,90.),.PIECEWISE_BEZIER_KNOTS.);
#619 = CARTESIAN_POINT('',(30.,69.));
#620 = CARTESIAN_POINT('',(30.,90.));
#621 = ( GEOMETRIC_REPRESENTATION_CONTEXT(2) 
PARAMETRIC_REPRESENTATION_CONTEXT() REPRESENTATION_CONTEXT('2D SPACE',''
  ) );
#622 = ORIENTED_EDGE('',*,*,#623,.F.);
#623 = EDGE_CURVE('',#624,#599,#626,.T.);
#624 = VERTEX_POINT('',#625);
#625 = CARTESIAN_POINT('',(98.,60.,30.));
#626 = SURFACE_CURVE('',#627,(#637,#650),.PCURVE_S1.);
#627 = B_SPLINE_CURVE_WITH_KNOTS('',8,(#628,#629,#630,#631,#632,#633,
    #634,#635,#636),.UNSPECIFIED.,.F.,.F.,(9,9),(1.570796326795,
    3.14159265359),.PIECEWISE_BEZIER_KNOTS.);
#628 = CARTESIAN_POINT('',(98.,60.,30.));
#629 = CARTESIAN_POINT('',(98.,61.570796326795,30.));
#630 = CARTESIAN_POINT('',(97.647513688309,63.141593148032,
    29.999999999999));
#631 = CARTESIAN_POINT('',(96.942544526974,64.620105874684,
    30.000000000001));
#632 = CARTESIAN_POINT('',(95.914070046235,65.914070046235,
    29.999999999999));
#633 = CARTESIAN_POINT('',(94.620105874684,66.942544526975,
    30.000000000001));
#634 = CARTESIAN_POINT('',(93.141593148031,67.647513688308,
    29.999999999999));
#635 = CARTESIAN_POINT('',(91.570796326796,68.000000000001,30.));
#636 = CARTESIAN_POINT('',(90.,68.,30.));
#637 = PCURVE('',#31,#638);
#638 = DEFINITIONAL_REPRESENTATION('',(#639),#649);
#639 = B_SPLINE_CURVE_WITH_KNOTS('',8,(#640,#641,#642,#643,#644,#645,
    #646,#647,#648),.UNSPECIFIED.,.F.,.F.,(9,9),(1.570796326795,
    3.14159265359),.PIECEWISE_BEZIER_KNOTS.);
#640 = CARTESIAN_POINT('',(98.,25.));
#641 = CARTESIAN_POINT('',(98.,26.570796326795));
#642 = CARTESIAN_POINT('',(97.647513688309,28.141593148032));
#643 = CARTESIAN_POINT('',(96.942544526974,29.620105874684));
#644 = CARTESIAN_POINT('',(95.914070046235,30.914070046235));
#645 = CARTESIAN_POINT('',(94.620105874684,31.942544526975));
#646 = CARTESIAN_POINT('',(93.141593148031,32.647513688308));
#647 = CARTESIAN_POINT('',(91.570796326796,33.000000000001));
#648 = CARTESIAN_POINT('',(90.,33.));
#649 = ( GEOMETRIC_REPRESENTATION_CONTEXT(2) 
PARAMETRIC_REPRESENTATION_CONTEXT() REPRESENTATION_CONTEXT('2D SPACE',''
  ) );
#650 = PCURVE('',#651,#658);
#651 = ( BOUNDED_SURFACE() B_SPLINE_SURFACE(2,1,(
    (#652,#653)
    ,(#654,#655)
,(#656,#657
    )),.UNSPECIFIED.,.F.,.F.,.F.) B_SPLINE_SURFACE_WITH_KNOTS((3,3),(2,2
    ),(0.,1.570796326795),(6.,30.),.PIECEWISE_BEZIER_KNOTS.) 
GEOMETRIC_REPRESENTATION_ITEM() RATIONAL_B_SPLINE_SURFACE((
    (1.,1.)
    ,(0.707106781187,0.707106781187)
,(1.,1.))) REPRESENTATION_ITEM('') SURFACE() );
#652 = CARTESIAN_POINT('',(98.,60.,6.));
#653 = CARTESIAN_POINT('',(98.,60.,30.));
#654 = CARTESIAN_POINT('',(98.,68.,6.));
#655 = CARTESIAN_POINT('',(98.,68.,30.));
#656 = CARTESIAN_POINT('',(90.,68.,6.));
#657 = CARTESIAN_POINT('',(90.,68.,30.));
#658 = DEFINITIONAL_REPRESENTATION('',(#659),#672);
#659 = B_SPLINE_CURVE_WITH_KNOTS('',6,(#660,#661,#662,#663,#664,#665,
    #666,#667,#668,#669,#670,#671),.UNSPECIFIED.,.F.,.F.,(7,5,7),(
    1.570796326795,2.356194490192,3.14159265359),.UNSPECIFIED.);
#660 = CARTESIAN_POINT('',(3.552713678801E-15,30.));
#661 = CARTESIAN_POINT('',(0.145392652579,30.000000000007));
#662 = CARTESIAN_POINT('',(0.281328410979,29.999999999988));
#663 = CARTESIAN_POINT('',(0.411187802303,30.000000000013));
#664 = CARTESIAN_POINT('',(0.537194906025,30.000000000003));
#665 = CARTESIAN_POINT('',(0.661297781031,30.000000000007));
#666 = CARTESIAN_POINT('',(0.909498545764,30.000000000002));
#667 = CARTESIAN_POINT('',(1.03360142077,30.000000000008));
#668 = CARTESIAN_POINT('',(1.159608524492,29.999999999996));
#669 = CARTESIAN_POINT('',(1.289467915815,30.00000000002));
#670 = CARTESIAN_POINT('',(1.425403674216,30.000000000001));
#671 = CARTESIAN_POINT('',(1.570796326795,30.));
#672 = ( GEOMETRIC_REPRESENTATION_CONTEXT(2) 
PARAMETRIC_REPRESENTATION_CONTEXT() REPRESENTATION_CONTEXT('2D SPACE',''
  ) );
#673 = ORIENTED_EDGE('',*,*,#674,.F.);
#674 = EDGE_CURVE('',#675,#624,#677,.T.);
#675 = VERTEX_POINT('',#676);
#676 = CARTESIAN_POINT('',(98.,10.,30.));
#677 = SURFACE_CURVE('',#678,(#681,#687),.PCURVE_S1.);
#678 = B_SPLINE_CURVE_WITH_KNOTS('',1,(#679,#680),.UNSPECIFIED.,.F.,.F.,
  (2,2),(10.,60.),.PIECEWISE_BEZIER_KNOTS.);
#679 = CARTESIAN_POINT('',(98.,10.,30.));
#680 = CARTESIAN_POINT('',(98.,60.,30.));
#681 = PCURVE('',#31,#682);
#682 = DEFINITIONAL_REPRESENTATION('',(#683),#686);
#683 = B_SPLINE_CURVE_WITH_KNOTS('',1,(#684,#685),.UNSPECIFIED.,.F.,.F.,
  (2,2),(10.,60.),.PIECEWISE_BEZIER_KNOTS.);
#684 = CARTESIAN_POINT('',(98.,-25.));
#685 = CARTESIAN_POINT('',(98.,25.));
#686 = ( GEOMETRIC_REPRESENTATION_CONTEXT(2) 
PARAMETRIC_REPRESENTATION_CONTEXT() REPRESENTATION_CONTEXT('2D SPACE',''
  ) );
#687 = PCURVE('',#688,#693);
#688 = B_SPLINE_SURFACE_WITH_KNOTS('',1,1,(
    (#689,#690)
    ,(#691,#692
    )),.UNSPECIFIED.,.F.,.F.,.F.,(2,2),(2,2),(6.,30.),(-60.,-10.),
  .PIECEWISE_BEZIER_KNOTS.);
#689 = CARTESIAN_POINT('',(98.,60.,6.));
#690 = CARTESIAN_POINT('',(98.,10.,6.));
#691 = CARTESIAN_POINT('',(98.,60.,30.));
#692 = CARTESIAN_POINT('',(98.,10.,30.));
#693 = DEFINITIONAL_REPRESENTATION('',(#694),#697);
#694 = B_SPLINE_CURVE_WITH_KNOTS('',1,(#695,#696),.UNSPECIFIED.,.F.,.F.,
  (2,2),(10.,60.),.PIECEWISE_BEZIER_KNOTS.);
#695 = CARTESIAN_POINT('',(30.,-10.));
#696 = CARTESIAN_POINT('',(30.,-60.));
#697 = ( GEOMETRIC_REPRESENTATION_CONTEXT(2) 
PARAMETRIC_REPRESENTATION_CONTEXT() REPRESENTATION_CONTEXT('2D SPACE',''
  ) );
#698 = ORIENTED_EDGE('',*,*,#699,.T.);
#699 = EDGE_CURVE('',#675,#700,#702,.T.);
#700 = VERTEX_POINT('',#701);
#701 = CARTESIAN_POINT('',(90.,2.,30.));
#702 = SURFACE_CURVE('',#703,(#713,#726),.PCURVE_S1.);
#703 = B_SPLINE_CURVE_WITH_KNOTS('',8,(#704,#705,#706,#707,#708,#709,
    #710,#711,#712),.UNSPECIFIED.,.F.,.F.,(9,9),(4.712388980385,
    6.28318530718),.PIECEWISE_BEZIER_KNOTS.);
#704 = CARTESIAN_POINT('',(98.,10.,30.));
#705 = CARTESIAN_POINT('',(98.,8.429203673205,30.));
#706 = CARTESIAN_POINT('',(97.647513688309,6.858406851966,
    29.999999999999));
#707 = CARTESIAN_POINT('',(96.942544526974,5.37989412532,30.000000000001
    ));
#708 = CARTESIAN_POINT('',(95.914070046236,4.085929953761,
    29.999999999999));
#709 = CARTESIAN_POINT('',(94.620105874683,3.057455473029,
    30.000000000001));
#710 = CARTESIAN_POINT('',(93.141593148032,2.35248631169,30.));
#711 = CARTESIAN_POINT('',(91.570796326795,2.,30.));
#712 = CARTESIAN_POINT('',(90.,2.,30.));
#713 = PCURVE('',#31,#714);
#714 = DEFINITIONAL_REPRESENTATION('',(#715),#725);
#715 = B_SPLINE_CURVE_WITH_KNOTS('',8,(#716,#717,#718,#719,#720,#721,
    #722,#723,#724),.UNSPECIFIED.,.F.,.F.,(9,9),(4.712388980385,
    6.28318530718),.PIECEWISE_BEZIER_KNOTS.);
#716 = CARTESIAN_POINT('',(98.,-25.));
#717 = CARTESIAN_POINT('',(98.,-26.57079632679));
#718 = CARTESIAN_POINT('',(97.647513688309,-28.14159314803));
#719 = CARTESIAN_POINT('',(96.942544526974,-29.62010587468));
#720 = CARTESIAN_POINT('',(95.914070046236,-30.91407004623));
#721 = CARTESIAN_POINT('',(94.620105874683,-31.94254452697));
#722 = CARTESIAN_POINT('',(93.141593148032,-32.64751368831));
#723 = CARTESIAN_POINT('',(91.570796326795,-33.));
#724 = CARTESIAN_POINT('',(90.,-33.));
#725 = ( GEOMETRIC_REPRESENTATION_CONTEXT(2) 
PARAMETRIC_REPRESENTATION_CONTEXT() REPRESENTATION_CONTEXT('2D SPACE',''
  ) );
#726 = PCURVE('',#727,#734);
#727 = ( BOUNDED_SURFACE() B_SPLINE_SURFACE(2,1,(
    (#728,#729)
    ,(#730,#731)
,(#732,#733
    )),.UNSPECIFIED.,.F.,.F.,.F.) B_SPLINE_SURFACE_WITH_KNOTS((3,3),(2,2
    ),(0.,1.570796326795),(6.,30.),.PIECEWISE_BEZIER_KNOTS.) 
GEOMETRIC_REPRESENTATION_ITEM() RATIONAL_B_SPLINE_SURFACE((
    (1.,1.)
    ,(0.707106781187,0.707106781187)
,(1.,1.))) REPRESENTATION_ITEM('') SURFACE() );
#728 = CARTESIAN_POINT('',(98.,10.,6.));
#729 = CARTESIAN_POINT('',(98.,10.,30.));
#730 = CARTESIAN_POINT('',(98.,2.,6.));
#731 = CARTESIAN_POINT('',(98.,2.,30.));
#732 = CARTESIAN_POINT('',(90.,2.,6.));
#733 = CARTESIAN_POINT('',(90.,2.,30.));
#734 = DEFINITIONAL_REPRESENTATION('',(#735),#748);
#735 = B_SPLINE_CURVE_WITH_KNOTS('',6,(#736,#737,#738,#739,#740,#741,
    #742,#743,#744,#745,#746,#747),.UNSPECIFIED.,.F.,.F.,(7,5,7),(
    4.712388980385,5.497787143782,6.28318530718),.UNSPECIFIED.);
#736 = CARTESIAN_POINT('',(9.865181867315E-16,30.));
#737 = CARTESIAN_POINT('',(0.145392652579,29.999999999996));
#738 = CARTESIAN_POINT('',(0.281328410979,30.000000000019));
#739 = CARTESIAN_POINT('',(0.411187802303,29.99999999996));
#740 = CARTESIAN_POINT('',(0.537194906025,30.000000000018));
#741 = CARTESIAN_POINT('',(0.661297781031,29.999999999998));
#742 = CARTESIAN_POINT('',(0.909498545763,30.000000000001));
#743 = CARTESIAN_POINT('',(1.033601420771,30.000000000002));
#744 = CARTESIAN_POINT('',(1.159608524492,30.000000000005));
#745 = CARTESIAN_POINT('',(1.289467915817,29.999999999993));
#746 = CARTESIAN_POINT('',(1.425403674216,30.000000000001));
#747 = CARTESIAN_POINT('',(1.570796326795,30.));
#748 = ( GEOMETRIC_REPRESENTATION_CONTEXT(2) 
PARAMETRIC_REPRESENTATION_CONTEXT() REPRESENTATION_CONTEXT('2D SPACE',''
  ) );
#749 = ORIENTED_EDGE('',*,*,#750,.F.);
#750 = EDGE_CURVE('',#751,#700,#753,.T.);
#751 = VERTEX_POINT('',#752);
#752 = CARTESIAN_POINT('',(69.,2.,30.));
#753 = SURFACE_CURVE('',#754,(#757,#763),.PCURVE_S1.);
#754 = B_SPLINE_CURVE_WITH_KNOTS('',1,(#755,#756),.UNSPECIFIED.,.F.,.F.,
  (2,2),(69.,90.),.PIECEWISE_BEZIER_KNOTS.);
#755 = CARTESIAN_POINT('',(69.,2.,30.));
#756 = CARTESIAN_POINT('',(90.,2.,30.));
#757 = PCURVE('',#31,#758);
#758 = DEFINITIONAL_REPRESENTATION('',(#759),#762);
#759 = B_SPLINE_CURVE_WITH_KNOTS('',1,(#760,#761),.UNSPECIFIED.,.F.,.F.,
  (2,2),(69.,90.),.PIECEWISE_BEZIER_KNOTS.);
#760 = CARTESIAN_POINT('',(69.,-33.));
#761 = CARTESIAN_POINT('',(90.,-33.));
#762 = ( GEOMETRIC_REPRESENTATION_CONTEXT(2) 
PARAMETRIC_REPRESENTATION_CONTEXT() REPRESENTATION_CONTEXT('2D SPACE',''
  ) );
#763 = PCURVE('',#764,#769);
#764 = B_SPLINE_SURFACE_WITH_KNOTS('',1,1,(
    (#765,#766)
    ,(#767,#768
    )),.UNSPECIFIED.,.F.,.F.,.F.,(2,2),(2,2),(6.,30.),(69.,90.),
  .PIECEWISE_BEZIER_KNOTS.);
#765 = CARTESIAN_POINT('',(69.,2.,6.));
#766 = CARTESIAN_POINT('',(90.,2.,6.));
#767 = CARTESIAN_POINT('',(69.,2.,30.));
#768 = CARTESIAN_POINT('',(90.,2.,30.));
#769 = DEFINITIONAL_REPRESENTATION('',(#770),#773);
#770 = B_SPLINE_CURVE_WITH_KNOTS('',1,(#771,#772),.UNSPECIFIED.,.F.,.F.,
  (2,2),(69.,90.),.PIECEWISE_BEZIER_KNOTS.);
#771 = CARTESIAN_POINT('',(30.,69.));
#772 = CARTESIAN_POINT('',(30.,90.));
#773 = ( GEOMETRIC_REPRESENTATION_CONTEXT(2) 
PARAMETRIC_REPRESENTATION_CONTEXT() REPRESENTATION_CONTEXT('2D SPACE',''
  ) );
#774 = ORIENTED_EDGE('',*,*,#775,.T.);
#775 = EDGE_CURVE('',#751,#776,#778,.T.);
#776 = VERTEX_POINT('',#777);
#777 = CARTESIAN_POINT('',(67.,4.,30.));
#778 = SURFACE_CURVE('',#779,(#783,#790),.PCURVE_S1.);
#779 = ( BOUNDED_CURVE() B_SPLINE_CURVE(2,(#780,#781,#782),
.UNSPECIFIED.,.F.,.F.) B_SPLINE_CURVE_WITH_KNOTS((3,3),(3.14159265359,
4.712388980385),.PIECEWISE_BEZIER_KNOTS.) CURVE() 
GEOMETRIC_REPRESENTATION_ITEM() RATIONAL_B_SPLINE_CURVE((1.,
0.707106781187,1.)) REPRESENTATION_ITEM('') );
#780 = CARTESIAN_POINT('',(69.,2.,30.));
#781 = CARTESIAN_POINT('',(67.,2.,30.));
#782 = CARTESIAN_POINT('',(67.,4.,30.));
#783 = PCURVE('',#31,#784);
#784 = DEFINITIONAL_REPRESENTATION('',(#785),#789);
#785 = ( BOUNDED_CURVE() B_SPLINE_CURVE(2,(#786,#787,#788),
.UNSPECIFIED.,.F.,.F.) B_SPLINE_CURVE_WITH_KNOTS((3,3),(3.14159265359,
4.712388980385),.PIECEWISE_BEZIER_KNOTS.) CURVE() 
GEOMETRIC_REPRESENTATION_ITEM() RATIONAL_B_SPLINE_CURVE((1.,
0.707106781187,1.)) REPRESENTATION_ITEM('') );
#786 = CARTESIAN_POINT('',(69.,-33.));
#787 = CARTESIAN_POINT('',(67.,-33.));
#788 = CARTESIAN_POINT('',(67.,-31.));
#789 = ( GEOMETRIC_REPRESENTATION_CONTEXT(2) 
PARAMETRIC_REPRESENTATION_CONTEXT() REPRESENTATION_CONTEXT('2D SPACE',''
  ) );
#790 = PCURVE('',#791,#798);
#791 = ( BOUNDED_SURFACE() B_SPLINE_SURFACE(2,1,(
    (#792,#793)
    ,(#794,#795)
,(#796,#797
    )),.UNSPECIFIED.,.F.,.F.,.F.) B_SPLINE_SURFACE_WITH_KNOTS((3,3),(2,2
    ),(0.,1.570796326795),(0.,24.),.PIECEWISE_BEZIER_KNOTS.) 
GEOMETRIC_REPRESENTATION_ITEM() RATIONAL_B_SPLINE_SURFACE((
    (1.,1.)
    ,(0.707106781187,0.707106781187)
,(1.,1.))) REPRESENTATION_ITEM('') SURFACE() );
#792 = CARTESIAN_POINT('',(69.,2.,30.));
#793 = CARTESIAN_POINT('',(69.,2.,6.));
#794 = CARTESIAN_POINT('',(67.,2.,30.));
#795 = CARTESIAN_POINT('',(67.,2.,6.));
#796 = CARTESIAN_POINT('',(67.,4.,30.));
#797 = CARTESIAN_POINT('',(67.,4.,6.));
#798 = DEFINITIONAL_REPRESENTATION('',(#799),#803);
#799 = B_SPLINE_CURVE_WITH_KNOTS('',2,(#800,#801,#802),.UNSPECIFIED.,.F.
  ,.F.,(3,3),(3.14159265359,4.712388980385),.PIECEWISE_BEZIER_KNOTS.);
#800 = CARTESIAN_POINT('',(1.267566651875E-14,7.105427357601E-15));
#801 = CARTESIAN_POINT('',(0.785398163397,5.138304465907E-15));
#802 = CARTESIAN_POINT('',(1.570796326795,3.552713678801E-15));
#803 = ( GEOMETRIC_REPRESENTATION_CONTEXT(2) 
PARAMETRIC_REPRESENTATION_CONTEXT() REPRESENTATION_CONTEXT('2D SPACE',''
  ) );
#804 = ORIENTED_EDGE('',*,*,#805,.F.);
#805 = EDGE_CURVE('',#806,#776,#808,.T.);
#806 = VERTEX_POINT('',#807);
#807 = CARTESIAN_POINT('',(67.,66.,30.));
#808 = SURFACE_CURVE('',#809,(#812,#818),.PCURVE_S1.);
#809 = B_SPLINE_CURVE_WITH_KNOTS('',1,(#810,#811),.UNSPECIFIED.,.F.,.F.,
  (2,2),(4.,66.),.PIECEWISE_BEZIER_KNOTS.);
#810 = CARTESIAN_POINT('',(67.,66.,30.));
#811 = CARTESIAN_POINT('',(67.,4.,30.));
#812 = PCURVE('',#31,#813);
#813 = DEFINITIONAL_REPRESENTATION('',(#814),#817);
#814 = B_SPLINE_CURVE_WITH_KNOTS('',1,(#815,#816),.UNSPECIFIED.,.F.,.F.,
  (2,2),(4.,66.),.PIECEWISE_BEZIER_KNOTS.);
#815 = CARTESIAN_POINT('',(67.,31.));
#816 = CARTESIAN_POINT('',(67.,-31.));
#817 = ( GEOMETRIC_REPRESENTATION_CONTEXT(2) 
PARAMETRIC_REPRESENTATION_CONTEXT() REPRESENTATION_CONTEXT('2D SPACE',''
  ) );
#818 = PCURVE('',#819,#824);
#819 = B_SPLINE_SURFACE_WITH_KNOTS('',1,1,(
    (#820,#821)
    ,(#822,#823
    )),.UNSPECIFIED.,.F.,.F.,.F.,(2,2),(2,2),(-14.55435244383,
    11.445647556166),(-31.,31.),.PIECEWISE_BEZIER_KNOTS.);
#820 = CARTESIAN_POINT('',(67.,4.,30.));
#821 = CARTESIAN_POINT('',(67.,66.,30.));
#822 = CARTESIAN_POINT('',(67.,4.,4.));
#823 = CARTESIAN_POINT('',(67.,66.,4.));
#824 = DEFINITIONAL_REPRESENTATION('',(#825),#828);
#825 = B_SPLINE_CURVE_WITH_KNOTS('',1,(#826,#827),.UNSPECIFIED.,.F.,.F.,
  (2,2),(4.,66.),.PIECEWISE_BEZIER_KNOTS.);
#826 = CARTESIAN_POINT('',(-14.55435244383,31.));
#827 = CARTESIAN_POINT('',(-14.55435244383,-31.));
#828 = ( GEOMETRIC_REPRESENTATION_CONTEXT(2) 
PARAMETRIC_REPRESENTATION_CONTEXT() REPRESENTATION_CONTEXT('2D SPACE',''
  ) );
#829 = ORIENTED_EDGE('',*,*,#830,.F.);
#830 = EDGE_CURVE('',#597,#806,#831,.T.);
#831 = SURFACE_CURVE('',#832,(#836,#843),.PCURVE_S1.);
#832 = ( BOUNDED_CURVE() B_SPLINE_CURVE(2,(#833,#834,#835),
.UNSPECIFIED.,.F.,.F.) B_SPLINE_CURVE_WITH_KNOTS((3,3),(3.14159265359,
4.712388980385),.PIECEWISE_BEZIER_KNOTS.) CURVE() 
GEOMETRIC_REPRESENTATION_ITEM() RATIONAL_B_SPLINE_CURVE((1.,
0.707106781187,1.)) REPRESENTATION_ITEM('') );
#833 = CARTESIAN_POINT('',(69.,68.,30.));
#834 = CARTESIAN_POINT('',(67.,68.,30.));
#835 = CARTESIAN_POINT('',(67.,66.,30.));
#836 = PCURVE('',#31,#837);
#837 = DEFINITIONAL_REPRESENTATION('',(#838),#842);
#838 = ( BOUNDED_CURVE() B_SPLINE_CURVE(2,(#839,#840,#841),
.UNSPECIFIED.,.F.,.F.) B_SPLINE_CURVE_WITH_KNOTS((3,3),(3.14159265359,
4.712388980385),.PIECEWISE_BEZIER_KNOTS.) CURVE() 
GEOMETRIC_REPRESENTATION_ITEM() RATIONAL_B_SPLINE_CURVE((1.,
0.707106781187,1.)) REPRESENTATION_ITEM('') );
#839 = CARTESIAN_POINT('',(69.,33.));
#840 = CARTESIAN_POINT('',(67.,33.));
#841 = CARTESIAN_POINT('',(67.,31.));
#842 = ( GEOMETRIC_REPRESENTATION_CONTEXT(2) 
PARAMETRIC_REPRESENTATION_CONTEXT() REPRESENTATION_CONTEXT('2D SPACE',''
  ) );
#843 = PCURVE('',#844,#851);
#844 = ( BOUNDED_SURFACE() B_SPLINE_SURFACE(2,1,(
    (#845,#846)
    ,(#847,#848)
,(#849,#850
    )),.UNSPECIFIED.,.F.,.F.,.F.) B_SPLINE_SURFACE_WITH_KNOTS((3,3),(2,2
    ),(0.,1.570796326795),(0.,24.),.PIECEWISE_BEZIER_KNOTS.) 
GEOMETRIC_REPRESENTATION_ITEM() RATIONAL_B_SPLINE_SURFACE((
    (1.,1.)
    ,(0.707106781187,0.707106781187)
,(1.,1.))) REPRESENTATION_ITEM('') SURFACE() );
#845 = CARTESIAN_POINT('',(69.,68.,6.));
#846 = CARTESIAN_POINT('',(69.,68.,30.));
#847 = CARTESIAN_POINT('',(67.,68.,6.));
#848 = CARTESIAN_POINT('',(67.,68.,30.));
#849 = CARTESIAN_POINT('',(67.,66.,6.));
#850 = CARTESIAN_POINT('',(67.,66.,30.));
#851 = DEFINITIONAL_REPRESENTATION('',(#852),#856);
#852 = B_SPLINE_CURVE_WITH_KNOTS('',2,(#853,#854,#855),.UNSPECIFIED.,.F.
  ,.F.,(3,3),(3.14159265359,4.712388980385),.PIECEWISE_BEZIER_KNOTS.);
#853 = CARTESIAN_POINT('',(1.267566651875E-14,24.));
#854 = CARTESIAN_POINT('',(0.785398163397,24.));
#855 = CARTESIAN_POINT('',(1.570796326795,24.));
#856 = ( GEOMETRIC_REPRESENTATION_CONTEXT(2) 
PARAMETRIC_REPRESENTATION_CONTEXT() REPRESENTATION_CONTEXT('2D SPACE',''
  ) );
#857 = FACE_BOUND('',#858,.T.);
#858 = EDGE_LOOP('',(#859,#886,#916,#941,#971,#996,#1026,#1051));
#859 = ORIENTED_EDGE('',*,*,#860,.T.);
#860 = EDGE_CURVE('',#861,#863,#865,.T.);
#861 = VERTEX_POINT('',#862);
#862 = CARTESIAN_POINT('',(39.,68.,30.));
#863 = VERTEX_POINT('',#864);
#864 = CARTESIAN_POINT('',(61.,68.,30.));
#865 = SURFACE_CURVE('',#866,(#869,#875),.PCURVE_S1.);
#866 = B_SPLINE_CURVE_WITH_KNOTS('',1,(#867,#868),.UNSPECIFIED.,.F.,.F.,
  (2,2),(39.,61.),.PIECEWISE_BEZIER_KNOTS.);
#867 = CARTESIAN_POINT('',(39.,68.,30.));
#868 = CARTESIAN_POINT('',(61.,68.,30.));
#869 = PCURVE('',#31,#870);
#870 = DEFINITIONAL_REPRESENTATION('',(#871),#874);
#871 = B_SPLINE_CURVE_WITH_KNOTS('',1,(#872,#873),.UNSPECIFIED.,.F.,.F.,
  (2,2),(39.,61.),.PIECEWISE_BEZIER_KNOTS.);
#872 = CARTESIAN_POINT('',(39.,33.));
#873 = CARTESIAN_POINT('',(61.,33.));
#874 = ( GEOMETRIC_REPRESENTATION_CONTEXT(2) 
PARAMETRIC_REPRESENTATION_CONTEXT() REPRESENTATION_CONTEXT('2D SPACE',''
  ) );
#875 = PCURVE('',#876,#881);
#876 = B_SPLINE_SURFACE_WITH_KNOTS('',1,1,(
    (#877,#878)
    ,(#879,#880
    )),.UNSPECIFIED.,.F.,.F.,.F.,(2,2),(2,2),(6.,30.),(39.,61.),
  .PIECEWISE_BEZIER_KNOTS.);
#877 = CARTESIAN_POINT('',(39.,68.,6.));
#878 = CARTESIAN_POINT('',(61.,68.,6.));
#879 = CARTESIAN_POINT('',(39.,68.,30.));
#880 = CARTESIAN_POINT('',(61.,68.,30.));
#881 = DEFINITIONAL_REPRESENTATION('',(#882),#885);
#882 = B_SPLINE_CURVE_WITH_KNOTS('',1,(#883,#884),.UNSPECIFIED.,.F.,.F.,
  (2,2),(39.,61.),.PIECEWISE_BEZIER_KNOTS.);
#883 = CARTESIAN_POINT('',(30.,39.));
#884 = CARTESIAN_POINT('',(30.,61.));
#885 = ( GEOMETRIC_REPRESENTATION_CONTEXT(2) 
PARAMETRIC_REPRESENTATION_CONTEXT() REPRESENTATION_CONTEXT('2D SPACE',''
  ) );
#886 = ORIENTED_EDGE('',*,*,#887,.T.);
#887 = EDGE_CURVE('',#863,#888,#890,.T.);
#888 = VERTEX_POINT('',#889);
#889 = CARTESIAN_POINT('',(63.,66.,30.));
#890 = SURFACE_CURVE('',#891,(#895,#902),.PCURVE_S1.);
#891 = ( BOUNDED_CURVE() B_SPLINE_CURVE(2,(#892,#893,#894),
.UNSPECIFIED.,.F.,.F.) B_SPLINE_CURVE_WITH_KNOTS((3,3),(3.14159265359,
4.712388980385),.PIECEWISE_BEZIER_KNOTS.) CURVE() 
GEOMETRIC_REPRESENTATION_ITEM() RATIONAL_B_SPLINE_CURVE((1.,
0.707106781187,1.)) REPRESENTATION_ITEM('') );
#892 = CARTESIAN_POINT('',(61.,68.,30.));
#893 = CARTESIAN_POINT('',(63.,68.,30.));
#894 = CARTESIAN_POINT('',(63.,66.,30.));
#895 = PCURVE('',#31,#896);
#896 = DEFINITIONAL_REPRESENTATION('',(#897),#901);
#897 = ( BOUNDED_CURVE() B_SPLINE_CURVE(2,(#898,#899,#900),
.UNSPECIFIED.,.F.,.F.) B_SPLINE_CURVE_WITH_KNOTS((3,3),(3.14159265359,
4.712388980385),.PIECEWISE_BEZIER_KNOTS.) CURVE() 
GEOMETRIC_REPRESENTATION_ITEM() RATIONAL_B_SPLINE_CURVE((1.,
0.707106781187,1.)) REPRESENTATION_ITEM('') );
#898 = CARTESIAN_POINT('',(61.,33.));
#899 = CARTESIAN_POINT('',(63.,33.));
#900 = CARTESIAN_POINT('',(63.,31.));
#901 = ( GEOMETRIC_REPRESENTATION_CONTEXT(2) 
PARAMETRIC_REPRESENTATION_CONTEXT() REPRESENTATION_CONTEXT('2D SPACE',''
  ) );
#902 = PCURVE('',#903,#910);
#903 = ( BOUNDED_SURFACE() B_SPLINE_SURFACE(2,1,(
    (#904,#905)
    ,(#906,#907)
,(#908,#909
    )),.UNSPECIFIED.,.F.,.F.,.F.) B_SPLINE_SURFACE_WITH_KNOTS((3,3),(2,2
    ),(0.,1.570796326795),(0.,24.),.PIECEWISE_BEZIER_KNOTS.) 
GEOMETRIC_REPRESENTATION_ITEM() RATIONAL_B_SPLINE_SURFACE((
    (1.,1.)
    ,(0.707106781187,0.707106781187)
,(1.,1.))) REPRESENTATION_ITEM('') SURFACE() );
#904 = CARTESIAN_POINT('',(61.,68.,6.));
#905 = CARTESIAN_POINT('',(61.,68.,30.));
#906 = CARTESIAN_POINT('',(63.,68.,6.));
#907 = CARTESIAN_POINT('',(63.,68.,30.));
#908 = CARTESIAN_POINT('',(63.,66.,6.));
#909 = CARTESIAN_POINT('',(63.,66.,30.));
#910 = DEFINITIONAL_REPRESENTATION('',(#911),#915);
#911 = B_SPLINE_CURVE_WITH_KNOTS('',2,(#912,#913,#914),.UNSPECIFIED.,.F.
  ,.F.,(3,3),(3.14159265359,4.712388980385),.PIECEWISE_BEZIER_KNOTS.);
#912 = CARTESIAN_POINT('',(-7.003967074152E-15,24.));
#913 = CARTESIAN_POINT('',(0.785398163397,24.));
#914 = CARTESIAN_POINT('',(1.570796326795,24.));
#915 = ( GEOMETRIC_REPRESENTATION_CONTEXT(2) 
PARAMETRIC_REPRESENTATION_CONTEXT() REPRESENTATION_CONTEXT('2D SPACE',''
  ) );
#916 = ORIENTED_EDGE('',*,*,#917,.T.);
#917 = EDGE_CURVE('',#888,#918,#920,.T.);
#918 = VERTEX_POINT('',#919);
#919 = CARTESIAN_POINT('',(63.,4.,30.));
#920 = SURFACE_CURVE('',#921,(#924,#930),.PCURVE_S1.);
#921 = B_SPLINE_CURVE_WITH_KNOTS('',1,(#922,#923),.UNSPECIFIED.,.F.,.F.,
  (2,2),(4.,66.),.PIECEWISE_BEZIER_KNOTS.);
#922 = CARTESIAN_POINT('',(63.,66.,30.));
#923 = CARTESIAN_POINT('',(63.,4.,30.));
#924 = PCURVE('',#31,#925);
#925 = DEFINITIONAL_REPRESENTATION('',(#926),#929);
#926 = B_SPLINE_CURVE_WITH_KNOTS('',1,(#927,#928),.UNSPECIFIED.,.F.,.F.,
  (2,2),(4.,66.),.PIECEWISE_BEZIER_KNOTS.);
#927 = CARTESIAN_POINT('',(63.,31.));
#928 = CARTESIAN_POINT('',(63.,-31.));
#929 = ( GEOMETRIC_REPRESENTATION_CONTEXT(2) 
PARAMETRIC_REPRESENTATION_CONTEXT() REPRESENTATION_CONTEXT('2D SPACE',''
  ) );
#930 = PCURVE('',#931,#936);
#931 = B_SPLINE_SURFACE_WITH_KNOTS('',1,1,(
    (#932,#933)
    ,(#934,#935
    )),.UNSPECIFIED.,.F.,.F.,.F.,(2,2),(2,2),(-14.55435244383,
    11.445647556166),(-31.,31.),.PIECEWISE_BEZIER_KNOTS.);
#932 = CARTESIAN_POINT('',(63.,4.,30.));
#933 = CARTESIAN_POINT('',(63.,66.,30.));
#934 = CARTESIAN_POINT('',(63.,4.,4.));
#935 = CARTESIAN_POINT('',(63.,66.,4.));
#936 = DEFINITIONAL_REPRESENTATION('',(#937),#940);
#937 = B_SPLINE_CURVE_WITH_KNOTS('',1,(#938,#939),.UNSPECIFIED.,.F.,.F.,
  (2,2),(4.,66.),.PIECEWISE_BEZIER_KNOTS.);
#938 = CARTESIAN_POINT('',(-14.55435244383,31.));
#939 = CARTESIAN_POINT('',(-14.55435244383,-31.));
#940 = ( GEOMETRIC_REPRESENTATION_CONTEXT(2) 
PARAMETRIC_REPRESENTATION_CONTEXT() REPRESENTATION_CONTEXT('2D SPACE',''
  ) );
#941 = ORIENTED_EDGE('',*,*,#942,.F.);
#942 = EDGE_CURVE('',#943,#918,#945,.T.);
#943 = VERTEX_POINT('',#944);
#944 = CARTESIAN_POINT('',(61.,2.,30.));
#945 = SURFACE_CURVE('',#946,(#950,#957),.PCURVE_S1.);
#946 = ( BOUNDED_CURVE() B_SPLINE_CURVE(2,(#947,#948,#949),
.UNSPECIFIED.,.F.,.F.) B_SPLINE_CURVE_WITH_KNOTS((3,3),(3.14159265359,
4.712388980385),.PIECEWISE_BEZIER_KNOTS.) CURVE() 
GEOMETRIC_REPRESENTATION_ITEM() RATIONAL_B_SPLINE_CURVE((1.,
0.707106781187,1.)) REPRESENTATION_ITEM('') );
#947 = CARTESIAN_POINT('',(61.,2.,30.));
#948 = CARTESIAN_POINT('',(63.,2.,30.));
#949 = CARTESIAN_POINT('',(63.,4.,30.));
#950 = PCURVE('',#31,#951);
#951 = DEFINITIONAL_REPRESENTATION('',(#952),#956);
#952 = ( BOUNDED_CURVE() B_SPLINE_CURVE(2,(#953,#954,#955),
.UNSPECIFIED.,.F.,.F.) B_SPLINE_CURVE_WITH_KNOTS((3,3),(3.14159265359,
4.712388980385),.PIECEWISE_BEZIER_KNOTS.) CURVE() 
GEOMETRIC_REPRESENTATION_ITEM() RATIONAL_B_SPLINE_CURVE((1.,
0.707106781187,1.)) REPRESENTATION_ITEM('') );
#953 = CARTESIAN_POINT('',(61.,-33.));
#954 = CARTESIAN_POINT('',(63.,-33.));
#955 = CARTESIAN_POINT('',(63.,-31.));
#956 = ( GEOMETRIC_REPRESENTATION_CONTEXT(2) 
PARAMETRIC_REPRESENTATION_CONTEXT() REPRESENTATION_CONTEXT('2D SPACE',''
  ) );
#957 = PCURVE('',#958,#965);
#958 = ( BOUNDED_SURFACE() B_SPLINE_SURFACE(2,1,(
    (#959,#960)
    ,(#961,#962)
,(#963,#964
    )),.UNSPECIFIED.,.F.,.F.,.F.) B_SPLINE_SURFACE_WITH_KNOTS((3,3),(2,2
    ),(0.,1.570796326795),(0.,24.),.PIECEWISE_BEZIER_KNOTS.) 
GEOMETRIC_REPRESENTATION_ITEM() RATIONAL_B_SPLINE_SURFACE((
    (1.,1.)
    ,(0.707106781187,0.707106781187)
,(1.,1.))) REPRESENTATION_ITEM('') SURFACE() );
#959 = CARTESIAN_POINT('',(61.,2.,30.));
#960 = CARTESIAN_POINT('',(61.,2.,6.));
#961 = CARTESIAN_POINT('',(63.,2.,30.));
#962 = CARTESIAN_POINT('',(63.,2.,6.));
#963 = CARTESIAN_POINT('',(63.,4.,30.));
#964 = CARTESIAN_POINT('',(63.,4.,6.));
#965 = DEFINITIONAL_REPRESENTATION('',(#966),#970);
#966 = B_SPLINE_CURVE_WITH_KNOTS('',2,(#967,#968,#969),.UNSPECIFIED.,.F.
  ,.F.,(3,3),(3.14159265359,4.712388980385),.PIECEWISE_BEZIER_KNOTS.);
#967 = CARTESIAN_POINT('',(-6.953236932428E-15,1.06581410364E-14));
#968 = CARTESIAN_POINT('',(0.785398163397,-8.268240776644E-16));
#969 = CARTESIAN_POINT('',(1.570796326795,3.552713678801E-15));
#970 = ( GEOMETRIC_REPRESENTATION_CONTEXT(2) 
PARAMETRIC_REPRESENTATION_CONTEXT() REPRESENTATION_CONTEXT('2D SPACE',''
  ) );
#971 = ORIENTED_EDGE('',*,*,#972,.F.);
#972 = EDGE_CURVE('',#973,#943,#975,.T.);
#973 = VERTEX_POINT('',#974);
#974 = CARTESIAN_POINT('',(39.,2.,30.));
#975 = SURFACE_CURVE('',#976,(#979,#985),.PCURVE_S1.);
#976 = B_SPLINE_CURVE_WITH_KNOTS('',1,(#977,#978),.UNSPECIFIED.,.F.,.F.,
  (2,2),(39.,61.),.PIECEWISE_BEZIER_KNOTS.);
#977 = CARTESIAN_POINT('',(39.,2.,30.));
#978 = CARTESIAN_POINT('',(61.,2.,30.));
#979 = PCURVE('',#31,#980);
#980 = DEFINITIONAL_REPRESENTATION('',(#981),#984);
#981 = B_SPLINE_CURVE_WITH_KNOTS('',1,(#982,#983),.UNSPECIFIED.,.F.,.F.,
  (2,2),(39.,61.),.PIECEWISE_BEZIER_KNOTS.);
#982 = CARTESIAN_POINT('',(39.,-33.));
#983 = CARTESIAN_POINT('',(61.,-33.));
#984 = ( GEOMETRIC_REPRESENTATION_CONTEXT(2) 
PARAMETRIC_REPRESENTATION_CONTEXT() REPRESENTATION_CONTEXT('2D SPACE',''
  ) );
#985 = PCURVE('',#986,#991);
#986 = B_SPLINE_SURFACE_WITH_KNOTS('',1,1,(
    (#987,#988)
    ,(#989,#990
    )),.UNSPECIFIED.,.F.,.F.,.F.,(2,2),(2,2),(6.,30.),(39.,61.),
  .PIECEWISE_BEZIER_KNOTS.);
#987 = CARTESIAN_POINT('',(39.,2.,6.));
#988 = CARTESIAN_POINT('',(61.,2.,6.));
#989 = CARTESIAN_POINT('',(39.,2.,30.));
#990 = CARTESIAN_POINT('',(61.,2.,30.));
#991 = DEFINITIONAL_REPRESENTATION('',(#992),#995);
#992 = B_SPLINE_CURVE_WITH_KNOTS('',1,(#993,#994),.UNSPECIFIED.,.F.,.F.,
  (2,2),(39.,61.),.PIECEWISE_BEZIER_KNOTS.);
#993 = CARTESIAN_POINT('',(30.,39.));
#994 = CARTESIAN_POINT('',(30.,61.));
#995 = ( GEOMETRIC_REPRESENTATION_CONTEXT(2) 
PARAMETRIC_REPRESENTATION_CONTEXT() REPRESENTATION_CONTEXT('2D SPACE',''
  ) );
#996 = ORIENTED_EDGE('',*,*,#997,.T.);
#997 = EDGE_CURVE('',#973,#998,#1000,.T.);
#998 = VERTEX_POINT('',#999);
#999 = CARTESIAN_POINT('',(37.,4.,30.));
#1000 = SURFACE_CURVE('',#1001,(#1005,#1012),.PCURVE_S1.);
#1001 = ( BOUNDED_CURVE() B_SPLINE_CURVE(2,(#1002,#1003,#1004),
.UNSPECIFIED.,.F.,.F.) B_SPLINE_CURVE_WITH_KNOTS((3,3),(3.14159265359,
4.712388980385),.PIECEWISE_BEZIER_KNOTS.) CURVE() 
GEOMETRIC_REPRESENTATION_ITEM() RATIONAL_B_SPLINE_CURVE((1.,
0.707106781187,1.)) REPRESENTATION_ITEM('') );
#1002 = CARTESIAN_POINT('',(39.,2.,30.));
#1003 = CARTESIAN_POINT('',(37.,2.,30.));
#1004 = CARTESIAN_POINT('',(37.,4.,30.));
#1005 = PCURVE('',#31,#1006);
#1006 = DEFINITIONAL_REPRESENTATION('',(#1007),#1011);
#1007 = ( BOUNDED_CURVE() B_SPLINE_CURVE(2,(#1008,#1009,#1010),
.UNSPECIFIED.,.F.,.F.) B_SPLINE_CURVE_WITH_KNOTS((3,3),(3.14159265359,
4.712388980385),.PIECEWISE_BEZIER_KNOTS.) CURVE() 
GEOMETRIC_REPRESENTATION_ITEM() RATIONAL_B_SPLINE_CURVE((1.,
0.707106781187,1.)) REPRESENTATION_ITEM('') );
#1008 = CARTESIAN_POINT('',(39.,-33.));
#1009 = CARTESIAN_POINT('',(37.,-33.));
#1010 = CARTESIAN_POINT('',(37.,-31.));
#1011 = ( GEOMETRIC_REPRESENTATION_CONTEXT(2) 
PARAMETRIC_REPRESENTATION_CONTEXT() REPRESENTATION_CONTEXT('2D SPACE',''
  ) );
#1012 = PCURVE('',#1013,#1020);
#1013 = ( BOUNDED_SURFACE() B_SPLINE_SURFACE(2,1,(
    (#1014,#1015)
    ,(#1016,#1017)
    ,(#1018,#1019
)),.UNSPECIFIED.,.F.,.F.,.F.) B_SPLINE_SURFACE_WITH_KNOTS((3,3),(2,2),(
    0.,1.570796326795),(0.,24.),.PIECEWISE_BEZIER_KNOTS.) 
GEOMETRIC_REPRESENTATION_ITEM() RATIONAL_B_SPLINE_SURFACE((
    (1.,1.)
    ,(0.707106781187,0.707106781187)
,(1.,1.))) REPRESENTATION_ITEM('') SURFACE() );
#1014 = CARTESIAN_POINT('',(39.,2.,30.));
#1015 = CARTESIAN_POINT('',(39.,2.,6.));
#1016 = CARTESIAN_POINT('',(37.,2.,30.));
#1017 = CARTESIAN_POINT('',(37.,2.,6.));
#1018 = CARTESIAN_POINT('',(37.,4.,30.));
#1019 = CARTESIAN_POINT('',(37.,4.,6.));
#1020 = DEFINITIONAL_REPRESENTATION('',(#1021),#1025);
#1021 = B_SPLINE_CURVE_WITH_KNOTS('',2,(#1022,#1023,#1024),
  .UNSPECIFIED.,.F.,.F.,(3,3),(3.14159265359,4.712388980385),
  .PIECEWISE_BEZIER_KNOTS.);
#1022 = CARTESIAN_POINT('',(-3.10862446895E-15,0.));
#1023 = CARTESIAN_POINT('',(0.785398163397,9.517842222372E-15));
#1024 = CARTESIAN_POINT('',(1.570796326795,3.552713678801E-15));
#1025 = ( GEOMETRIC_REPRESENTATION_CONTEXT(2) 
PARAMETRIC_REPRESENTATION_CONTEXT() REPRESENTATION_CONTEXT('2D SPACE',''
  ) );
#1026 = ORIENTED_EDGE('',*,*,#1027,.F.);
#1027 = EDGE_CURVE('',#1028,#998,#1030,.T.);
#1028 = VERTEX_POINT('',#1029);
#1029 = CARTESIAN_POINT('',(37.,66.,30.));
#1030 = SURFACE_CURVE('',#1031,(#1034,#1040),.PCURVE_S1.);
#1031 = B_SPLINE_CURVE_WITH_KNOTS('',1,(#1032,#1033),.UNSPECIFIED.,.F.,
  .F.,(2,2),(4.,66.),.PIECEWISE_BEZIER_KNOTS.);
#1032 = CARTESIAN_POINT('',(37.,66.,30.));
#1033 = CARTESIAN_POINT('',(37.,4.,30.));
#1034 = PCURVE('',#31,#1035);
#1035 = DEFINITIONAL_REPRESENTATION('',(#1036),#1039);
#1036 = B_SPLINE_CURVE_WITH_KNOTS('',1,(#1037,#1038),.UNSPECIFIED.,.F.,
  .F.,(2,2),(4.,66.),.PIECEWISE_BEZIER_KNOTS.);
#1037 = CARTESIAN_POINT('',(37.,31.));
#1038 = CARTESIAN_POINT('',(37.,-31.));
#1039 = ( GEOMETRIC_REPRESENTATION_CONTEXT(2) 
PARAMETRIC_REPRESENTATION_CONTEXT() REPRESENTATION_CONTEXT('2D SPACE',''
  ) );
#1040 = PCURVE('',#1041,#1046);
#1041 = B_SPLINE_SURFACE_WITH_KNOTS('',1,1,(
    (#1042,#1043)
    ,(#1044,#1045
    )),.UNSPECIFIED.,.F.,.F.,.F.,(2,2),(2,2),(-14.55435244383,
    11.445647556166),(-31.,31.),.PIECEWISE_BEZIER_KNOTS.);
#1042 = CARTESIAN_POINT('',(37.,4.,30.));
#1043 = CARTESIAN_POINT('',(37.,66.,30.));
#1044 = CARTESIAN_POINT('',(37.,4.,4.));
#1045 = CARTESIAN_POINT('',(37.,66.,4.));
#1046 = DEFINITIONAL_REPRESENTATION('',(#1047),#1050);
#1047 = B_SPLINE_CURVE_WITH_KNOTS('',1,(#1048,#1049),.UNSPECIFIED.,.F.,
  .F.,(2,2),(4.,66.),.PIECEWISE_BEZIER_KNOTS.);
#1048 = CARTESIAN_POINT('',(-14.55435244383,31.));
#1049 = CARTESIAN_POINT('',(-14.55435244383,-31.));
#1050 = ( GEOMETRIC_REPRESENTATION_CONTEXT(2) 
PARAMETRIC_REPRESENTATION_CONTEXT() REPRESENTATION_CONTEXT('2D SPACE',''
  ) );
#1051 = ORIENTED_EDGE('',*,*,#1052,.F.);
#1052 = EDGE_CURVE('',#861,#1028,#1053,.T.);
#1053 = SURFACE_CURVE('',#1054,(#1058,#1065),.PCURVE_S1.);
#1054 = ( BOUNDED_CURVE() B_SPLINE_CURVE(2,(#1055,#1056,#1057),
.UNSPECIFIED.,.F.,.F.) B_SPLINE_CURVE_WITH_KNOTS((3,3),(3.14159265359,
4.712388980385),.PIECEWISE_BEZIER_KNOTS.) CURVE() 
GEOMETRIC_REPRESENTATION_ITEM() RATIONAL_B_SPLINE_CURVE((1.,
0.707106781187,1.)) REPRESENTATION_ITEM('') );
#1055 = CARTESIAN_POINT('',(39.,68.,30.));
#1056 = CARTESIAN_POINT('',(37.,68.,30.));
#1057 = CARTESIAN_POINT('',(37.,66.,30.));
#1058 = PCURVE('',#31,#1059);
#1059 = DEFINITIONAL_REPRESENTATION('',(#1060),#1064);
#1060 = ( BOUNDED_CURVE() B_SPLINE_CURVE(2,(#1061,#1062,#1063),
.UNSPECIFIED.,.F.,.F.) B_SPLINE_CURVE_WITH_KNOTS((3,3),(3.14159265359,
4.712388980385),.PIECEWISE_BEZIER_KNOTS.) CURVE() 
GEOMETRIC_REPRESENTATION_ITEM() RATIONAL_B_SPLINE_CURVE((1.,
0.707106781187,1.)) REPRESENTATION_ITEM('') );
#1061 = CARTESIAN_POINT('',(39.,33.));
#1062 = CARTESIAN_POINT('',(37.,33.));
#1063 = CARTESIAN_POINT('',(37.,31.));
#1064 = ( GEOMETRIC_REPRESENTATION_CONTEXT(2) 
PARAMETRIC_REPRESENTATION_CONTEXT() REPRESENTATION_CONTEXT('2D SPACE',''
  ) );
#1065 = PCURVE('',#1066,#1073);
#1066 = ( BOUNDED_SURFACE() B_SPLINE_SURFACE(2,1,(
    (#1067,#1068)
    ,(#1069,#1070)
    ,(#1071,#1072
)),.UNSPECIFIED.,.F.,.F.,.F.) B_SPLINE_SURFACE_WITH_KNOTS((3,3),(2,2),(
    0.,1.570796326795),(0.,24.),.PIECEWISE_BEZIER_KNOTS.) 
GEOMETRIC_REPRESENTATION_ITEM() RATIONAL_B_SPLINE_SURFACE((
    (1.,1.)
    ,(0.707106781187,0.707106781187)
,(1.,1.))) REPRESENTATION_ITEM('') SURFACE() );
#1067 = CARTESIAN_POINT('',(39.,68.,6.));
#1068 = CARTESIAN_POINT('',(39.,68.,30.));
#1069 = CARTESIAN_POINT('',(37.,68.,6.));
#1070 = CARTESIAN_POINT('',(37.,68.,30.));
#1071 = CARTESIAN_POINT('',(37.,66.,6.));
#1072 = CARTESIAN_POINT('',(37.,66.,30.));
#1073 = DEFINITIONAL_REPRESENTATION('',(#1074),#1078);
#1074 = B_SPLINE_CURVE_WITH_KNOTS('',2,(#1075,#1076,#1077),
  .UNSPECIFIED.,.F.,.F.,(3,3),(3.14159265359,4.712388980385),
  .PIECEWISE_BEZIER_KNOTS.);
#1075 = CARTESIAN_POINT('',(8.881784197001E-15,24.));
#1076 = CARTESIAN_POINT('',(0.785398163397,24.));
#1077 = CARTESIAN_POINT('',(1.570796326795,24.));
#1078 = ( GEOMETRIC_REPRESENTATION_CONTEXT(2) 
PARAMETRIC_REPRESENTATION_CONTEXT() REPRESENTATION_CONTEXT('2D SPACE',''
  ) );
#1079 = ADVANCED_FACE('',(#1080),#42,.F.);
#1080 = FACE_BOUND('',#1081,.F.);
#1081 = EDGE_LOOP('',(#1082,#1112,#1131,#1132));
#1082 = ORIENTED_EDGE('',*,*,#1083,.F.);
#1083 = EDGE_CURVE('',#1084,#1086,#1088,.T.);
#1084 = VERTEX_POINT('',#1085);
#1085 = CARTESIAN_POINT('',(10.,68.,6.));
#1086 = VERTEX_POINT('',#1087);
#1087 = CARTESIAN_POINT('',(31.,68.,6.));
#1088 = SURFACE_CURVE('',#1089,(#1092,#1098),.PCURVE_S1.);
#1089 = B_SPLINE_CURVE_WITH_KNOTS('',1,(#1090,#1091),.UNSPECIFIED.,.F.,
  .F.,(2,2),(0.,21.),.PIECEWISE_BEZIER_KNOTS.);
#1090 = CARTESIAN_POINT('',(10.,68.,6.));
#1091 = CARTESIAN_POINT('',(31.,68.,6.));
#1092 = PCURVE('',#42,#1093);
#1093 = DEFINITIONAL_REPRESENTATION('',(#1094),#1097);
#1094 = B_SPLINE_CURVE_WITH_KNOTS('',1,(#1095,#1096),.UNSPECIFIED.,.F.,
  .F.,(2,2),(0.,21.),.PIECEWISE_BEZIER_KNOTS.);
#1095 = CARTESIAN_POINT('',(6.,10.));
#1096 = CARTESIAN_POINT('',(6.,31.));
#1097 = ( GEOMETRIC_REPRESENTATION_CONTEXT(2) 
PARAMETRIC_REPRESENTATION_CONTEXT() REPRESENTATION_CONTEXT('2D SPACE',''
  ) );
#1098 = PCURVE('',#1099,#1106);
#1099 = ( BOUNDED_SURFACE() B_SPLINE_SURFACE(2,1,(
    (#1100,#1101)
    ,(#1102,#1103)
    ,(#1104,#1105
)),.UNSPECIFIED.,.F.,.F.,.F.) B_SPLINE_SURFACE_WITH_KNOTS((3,3),(2,2),(
    0.,1.570796326795),(0.,21.),.PIECEWISE_BEZIER_KNOTS.) 
GEOMETRIC_REPRESENTATION_ITEM() RATIONAL_B_SPLINE_SURFACE((
    (1.,1.)
    ,(0.707106781187,0.707106781187)
,(1.,1.))) REPRESENTATION_ITEM('') SURFACE() );
#1100 = CARTESIAN_POINT('',(10.,68.,6.));
#1101 = CARTESIAN_POINT('',(31.,68.,6.));
#1102 = CARTESIAN_POINT('',(10.,68.,2.));
#1103 = CARTESIAN_POINT('',(31.,68.,2.));
#1104 = CARTESIAN_POINT('',(10.,64.,2.));
#1105 = CARTESIAN_POINT('',(31.,64.,2.));
#1106 = DEFINITIONAL_REPRESENTATION('',(#1107),#1111);
#1107 = B_SPLINE_CURVE_WITH_KNOTS('',2,(#1108,#1109,#1110),
  .UNSPECIFIED.,.F.,.F.,(3,3),(1.7763568394E-15,21.),
  .PIECEWISE_BEZIER_KNOTS.);
#1108 = CARTESIAN_POINT('',(0.,1.7763568394E-15));
#1109 = CARTESIAN_POINT('',(-4.3614805567E-48,10.5));
#1110 = CARTESIAN_POINT('',(0.,21.));
#1111 = ( GEOMETRIC_REPRESENTATION_CONTEXT(2) 
PARAMETRIC_REPRESENTATION_CONTEXT() REPRESENTATION_CONTEXT('2D SPACE',''
  ) );
#1112 = ORIENTED_EDGE('',*,*,#1113,.T.);
#1113 = EDGE_CURVE('',#1084,#22,#1114,.T.);
#1114 = SURFACE_CURVE('',#1115,(#1118,#1124),.PCURVE_S1.);
#1115 = B_SPLINE_CURVE_WITH_KNOTS('',1,(#1116,#1117),.UNSPECIFIED.,.F.,
  .F.,(2,2),(6.,30.),.PIECEWISE_BEZIER_KNOTS.);
#1116 = CARTESIAN_POINT('',(10.,68.,6.));
#1117 = CARTESIAN_POINT('',(10.,68.,30.));
#1118 = PCURVE('',#42,#1119);
#1119 = DEFINITIONAL_REPRESENTATION('',(#1120),#1123);
#1120 = B_SPLINE_CURVE_WITH_KNOTS('',1,(#1121,#1122),.UNSPECIFIED.,.F.,
  .F.,(2,2),(6.,30.),.PIECEWISE_BEZIER_KNOTS.);
#1121 = CARTESIAN_POINT('',(6.,10.));
#1122 = CARTESIAN_POINT('',(30.,10.));
#1123 = ( GEOMETRIC_REPRESENTATION_CONTEXT(2) 
PARAMETRIC_REPRESENTATION_CONTEXT() REPRESENTATION_CONTEXT('2D SPACE',''
  ) );
#1124 = PCURVE('',#265,#1125);
#1125 = DEFINITIONAL_REPRESENTATION('',(#1126),#1130);
#1126 = B_SPLINE_CURVE_WITH_KNOTS('',2,(#1127,#1128,#1129),
  .UNSPECIFIED.,.F.,.F.,(3,3),(6.,30.),.PIECEWISE_BEZIER_KNOTS.);
#1127 = CARTESIAN_POINT('',(1.570796326795,6.));
#1128 = CARTESIAN_POINT('',(1.570796326795,18.));
#1129 = CARTESIAN_POINT('',(1.570796326795,30.));
#1130 = ( GEOMETRIC_REPRESENTATION_CONTEXT(2) 
PARAMETRIC_REPRESENTATION_CONTEXT() REPRESENTATION_CONTEXT('2D SPACE',''
  ) );
#1131 = ORIENTED_EDGE('',*,*,#21,.T.);
#1132 = ORIENTED_EDGE('',*,*,#1133,.F.);
#1133 = EDGE_CURVE('',#1086,#24,#1134,.T.);
#1134 = SURFACE_CURVE('',#1135,(#1138,#1144),.PCURVE_S1.);
#1135 = B_SPLINE_CURVE_WITH_KNOTS('',1,(#1136,#1137),.UNSPECIFIED.,.F.,
  .F.,(2,2),(0.,24.),.PIECEWISE_BEZIER_KNOTS.);
#1136 = CARTESIAN_POINT('',(31.,68.,6.));
#1137 = CARTESIAN_POINT('',(31.,68.,30.));
#1138 = PCURVE('',#42,#1139);
#1139 = DEFINITIONAL_REPRESENTATION('',(#1140),#1143);
#1140 = B_SPLINE_CURVE_WITH_KNOTS('',1,(#1141,#1142),.UNSPECIFIED.,.F.,
  .F.,(2,2),(0.,24.),.PIECEWISE_BEZIER_KNOTS.);
#1141 = CARTESIAN_POINT('',(6.,31.));
#1142 = CARTESIAN_POINT('',(30.,31.));
#1143 = ( GEOMETRIC_REPRESENTATION_CONTEXT(2) 
PARAMETRIC_REPRESENTATION_CONTEXT() REPRESENTATION_CONTEXT('2D SPACE',''
  ) );
#1144 = PCURVE('',#69,#1145);
#1145 = DEFINITIONAL_REPRESENTATION('',(#1146),#1150);
#1146 = B_SPLINE_CURVE_WITH_KNOTS('',2,(#1147,#1148,#1149),
  .UNSPECIFIED.,.F.,.F.,(3,3),(1.06581410364E-14,24.),
  .PIECEWISE_BEZIER_KNOTS.);
#1147 = CARTESIAN_POINT('',(0.,1.06581410364E-14));
#1148 = CARTESIAN_POINT('',(0.,12.));
#1149 = CARTESIAN_POINT('',(0.,24.));
#1150 = ( GEOMETRIC_REPRESENTATION_CONTEXT(2) 
PARAMETRIC_REPRESENTATION_CONTEXT() REPRESENTATION_CONTEXT('2D SPACE',''
  ) );
#1151 = ADVANCED_FACE('',(#1152),#69,.T.);
#1152 = FACE_BOUND('',#1153,.T.);
#1153 = EDGE_LOOP('',(#1154,#1187,#1206,#1207));
#1154 = ORIENTED_EDGE('',*,*,#1155,.T.);
#1155 = EDGE_CURVE('',#1086,#1156,#1158,.T.);
#1156 = VERTEX_POINT('',#1157);
#1157 = CARTESIAN_POINT('',(33.,66.,6.));
#1158 = SURFACE_CURVE('',#1159,(#1163,#1170),.PCURVE_S1.);
#1159 = ( BOUNDED_CURVE() B_SPLINE_CURVE(2,(#1160,#1161,#1162),
.UNSPECIFIED.,.F.,.F.) B_SPLINE_CURVE_WITH_KNOTS((3,3),(0.,
1.570796326795),.PIECEWISE_BEZIER_KNOTS.) CURVE() 
GEOMETRIC_REPRESENTATION_ITEM() RATIONAL_B_SPLINE_CURVE((1.,
0.707106781187,1.)) REPRESENTATION_ITEM('') );
#1160 = CARTESIAN_POINT('',(31.,68.,6.));
#1161 = CARTESIAN_POINT('',(33.,68.,6.));
#1162 = CARTESIAN_POINT('',(33.,66.,6.));
#1163 = PCURVE('',#69,#1164);
#1164 = DEFINITIONAL_REPRESENTATION('',(#1165),#1169);
#1165 = B_SPLINE_CURVE_WITH_KNOTS('',2,(#1166,#1167,#1168),
  .UNSPECIFIED.,.F.,.F.,(3,3),(0.,1.570796326795),
  .PIECEWISE_BEZIER_KNOTS.);
#1166 = CARTESIAN_POINT('',(-3.946072746926E-15,7.105427357601E-15));
#1167 = CARTESIAN_POINT('',(0.785398163397,1.569516129213E-15));
#1168 = CARTESIAN_POINT('',(1.570796326795,3.5527136788E-15));
#1169 = ( GEOMETRIC_REPRESENTATION_CONTEXT(2) 
PARAMETRIC_REPRESENTATION_CONTEXT() REPRESENTATION_CONTEXT('2D SPACE',''
  ) );
#1170 = PCURVE('',#1171,#1181);
#1171 = ( BOUNDED_SURFACE() B_SPLINE_SURFACE(2,2,(
    (#1172,#1173,#1174)
    ,(#1175,#1176,#1177)
    ,(#1178,#1179,#1180
)),.UNSPECIFIED.,.F.,.F.,.F.) B_SPLINE_SURFACE_WITH_KNOTS((3,3),(3,3),(
    0.,1.570796326795),(0.,1.570796326795),.PIECEWISE_BEZIER_KNOTS.) 
GEOMETRIC_REPRESENTATION_ITEM() RATIONAL_B_SPLINE_SURFACE((
    (1.,0.707106781187,1.)
    ,(0.707106781187,0.5,0.707106781187)
,(1.,0.707106781187,1.))) REPRESENTATION_ITEM('') SURFACE() );
#1172 = CARTESIAN_POINT('',(31.,64.,2.));
#1173 = CARTESIAN_POINT('',(33.,64.,2.));
#1174 = CARTESIAN_POINT('',(33.,64.,4.));
#1175 = CARTESIAN_POINT('',(31.,68.,2.));
#1176 = CARTESIAN_POINT('',(33.,68.,2.));
#1177 = CARTESIAN_POINT('',(33.,66.,4.));
#1178 = CARTESIAN_POINT('',(31.,68.,6.));
#1179 = CARTESIAN_POINT('',(33.,68.,6.));
#1180 = CARTESIAN_POINT('',(33.,66.,6.));
#1181 = DEFINITIONAL_REPRESENTATION('',(#1182),#1186);
#1182 = B_SPLINE_CURVE_WITH_KNOTS('',2,(#1183,#1184,#1185),
  .UNSPECIFIED.,.F.,.F.,(3,3),(0.,1.570796326795),
  .PIECEWISE_BEZIER_KNOTS.);
#1183 = CARTESIAN_POINT('',(1.570796326795,1.973036373463E-15));
#1184 = CARTESIAN_POINT('',(1.570796326795,0.785398163397));
#1185 = CARTESIAN_POINT('',(1.570796326795,1.570796326795));
#1186 = ( GEOMETRIC_REPRESENTATION_CONTEXT(2) 
PARAMETRIC_REPRESENTATION_CONTEXT() REPRESENTATION_CONTEXT('2D SPACE',''
  ) );
#1187 = ORIENTED_EDGE('',*,*,#1188,.T.);
#1188 = EDGE_CURVE('',#1156,#54,#1189,.T.);
#1189 = SURFACE_CURVE('',#1190,(#1193,#1200),.PCURVE_S1.);
#1190 = B_SPLINE_CURVE_WITH_KNOTS('',1,(#1191,#1192),.UNSPECIFIED.,.F.,
  .F.,(2,2),(0.,24.),.PIECEWISE_BEZIER_KNOTS.);
#1191 = CARTESIAN_POINT('',(33.,66.,6.));
#1192 = CARTESIAN_POINT('',(33.,66.,30.));
#1193 = PCURVE('',#69,#1194);
#1194 = DEFINITIONAL_REPRESENTATION('',(#1195),#1199);
#1195 = B_SPLINE_CURVE_WITH_KNOTS('',2,(#1196,#1197,#1198),
  .UNSPECIFIED.,.F.,.F.,(3,3),(8.881784197001E-16,24.),
  .PIECEWISE_BEZIER_KNOTS.);
#1196 = CARTESIAN_POINT('',(1.570796326795,6.705317694379E-30));
#1197 = CARTESIAN_POINT('',(1.570796326795,12.));
#1198 = CARTESIAN_POINT('',(1.570796326795,24.));
#1199 = ( GEOMETRIC_REPRESENTATION_CONTEXT(2) 
PARAMETRIC_REPRESENTATION_CONTEXT() REPRESENTATION_CONTEXT('2D SPACE',''
  ) );
#1200 = PCURVE('',#97,#1201);
#1201 = DEFINITIONAL_REPRESENTATION('',(#1202),#1205);
#1202 = B_SPLINE_CURVE_WITH_KNOTS('',1,(#1203,#1204),.UNSPECIFIED.,.F.,
  .F.,(2,2),(0.,24.),.PIECEWISE_BEZIER_KNOTS.);
#1203 = CARTESIAN_POINT('',(9.445647556166,31.));
#1204 = CARTESIAN_POINT('',(-14.55435244383,31.));
#1205 = ( GEOMETRIC_REPRESENTATION_CONTEXT(2) 
PARAMETRIC_REPRESENTATION_CONTEXT() REPRESENTATION_CONTEXT('2D SPACE',''
  ) );
#1206 = ORIENTED_EDGE('',*,*,#53,.F.);
#1207 = ORIENTED_EDGE('',*,*,#1133,.F.);
#1208 = ADVANCED_FACE('',(#1209),#265,.T.);
#1209 = FACE_BOUND('',#1210,.T.);
#1210 = EDGE_LOOP('',(#1211,#1212,#1213,#1234));
#1211 = ORIENTED_EDGE('',*,*,#1113,.T.);
#1212 = ORIENTED_EDGE('',*,*,#239,.F.);
#1213 = ORIENTED_EDGE('',*,*,#1214,.F.);
#1214 = EDGE_CURVE('',#1215,#215,#1217,.T.);
#1215 = VERTEX_POINT('',#1216);
#1216 = CARTESIAN_POINT('',(2.,60.,6.));
#1217 = SURFACE_CURVE('',#1218,(#1221,#1228),.PCURVE_S1.);
#1218 = B_SPLINE_CURVE_WITH_KNOTS('',1,(#1219,#1220),.UNSPECIFIED.,.F.,
  .F.,(2,2),(6.,30.),.PIECEWISE_BEZIER_KNOTS.);
#1219 = CARTESIAN_POINT('',(2.,60.,6.));
#1220 = CARTESIAN_POINT('',(2.,60.,30.));
#1221 = PCURVE('',#265,#1222);
#1222 = DEFINITIONAL_REPRESENTATION('',(#1223),#1227);
#1223 = B_SPLINE_CURVE_WITH_KNOTS('',2,(#1224,#1225,#1226),
  .UNSPECIFIED.,.F.,.F.,(3,3),(6.,30.),.PIECEWISE_BEZIER_KNOTS.);
#1224 = CARTESIAN_POINT('',(0.,6.));
#1225 = CARTESIAN_POINT('',(0.,18.));
#1226 = CARTESIAN_POINT('',(0.,30.));
#1227 = ( GEOMETRIC_REPRESENTATION_CONTEXT(2) 
PARAMETRIC_REPRESENTATION_CONTEXT() REPRESENTATION_CONTEXT('2D SPACE',''
  ) );
#1228 = PCURVE('',#228,#1229);
#1229 = DEFINITIONAL_REPRESENTATION('',(#1230),#1233);
#1230 = B_SPLINE_CURVE_WITH_KNOTS('',1,(#1231,#1232),.UNSPECIFIED.,.F.,
  .F.,(2,2),(6.,30.),.PIECEWISE_BEZIER_KNOTS.);
#1231 = CARTESIAN_POINT('',(6.,-60.));
#1232 = CARTESIAN_POINT('',(30.,-60.));
#1233 = ( GEOMETRIC_REPRESENTATION_CONTEXT(2) 
PARAMETRIC_REPRESENTATION_CONTEXT() REPRESENTATION_CONTEXT('2D SPACE',''
  ) );
#1234 = ORIENTED_EDGE('',*,*,#1235,.T.);
#1235 = EDGE_CURVE('',#1215,#1084,#1236,.T.);
#1236 = SURFACE_CURVE('',#1237,(#1247,#1263),.PCURVE_S1.);
#1237 = B_SPLINE_CURVE_WITH_KNOTS('',8,(#1238,#1239,#1240,#1241,#1242,
    #1243,#1244,#1245,#1246),.UNSPECIFIED.,.F.,.F.,(9,9),(0.,
    1.570796326795),.PIECEWISE_BEZIER_KNOTS.);
#1238 = CARTESIAN_POINT('',(2.,60.,6.));
#1239 = CARTESIAN_POINT('',(2.,61.570796326795,6.));
#1240 = CARTESIAN_POINT('',(2.35248631169,63.141593148033,6.));
#1241 = CARTESIAN_POINT('',(3.057455473029,64.620105874682,6.));
#1242 = CARTESIAN_POINT('',(4.085929953761,65.914070046238,6.));
#1243 = CARTESIAN_POINT('',(5.37989412532,66.942544526973,6.));
#1244 = CARTESIAN_POINT('',(6.858406851966,67.64751368831,6.));
#1245 = CARTESIAN_POINT('',(8.429203673205,68.,6.));
#1246 = CARTESIAN_POINT('',(10.,68.,6.));
#1247 = PCURVE('',#265,#1248);
#1248 = DEFINITIONAL_REPRESENTATION('',(#1249),#1262);
#1249 = B_SPLINE_CURVE_WITH_KNOTS('',6,(#1250,#1251,#1252,#1253,#1254,
    #1255,#1256,#1257,#1258,#1259,#1260,#1261),.UNSPECIFIED.,.F.,.F.,(7,
    5,7),(0.,0.785398163397,1.570796326795),.UNSPECIFIED.);
#1250 = CARTESIAN_POINT('',(0.,6.));
#1251 = CARTESIAN_POINT('',(0.145392652579,5.999999999999));
#1252 = CARTESIAN_POINT('',(0.281328410979,6.000000000006));
#1253 = CARTESIAN_POINT('',(0.411187802303,5.999999999983));
#1254 = CARTESIAN_POINT('',(0.537194906024,6.000000000008));
#1255 = CARTESIAN_POINT('',(0.661297781031,5.999999999998));
#1256 = CARTESIAN_POINT('',(0.909498545764,6.));
#1257 = CARTESIAN_POINT('',(1.033601420771,6.));
#1258 = CARTESIAN_POINT('',(1.159608524492,5.999999999992));
#1259 = CARTESIAN_POINT('',(1.289467915815,6.000000000001));
#1260 = CARTESIAN_POINT('',(1.425403674216,6.));
#1261 = CARTESIAN_POINT('',(1.570796326795,6.));
#1262 = ( GEOMETRIC_REPRESENTATION_CONTEXT(2) 
PARAMETRIC_REPRESENTATION_CONTEXT() REPRESENTATION_CONTEXT('2D SPACE',''
  ) );
#1263 = PCURVE('',#1264,#1329);
#1264 = B_SPLINE_SURFACE_WITH_KNOTS('',7,7,(
    (#1265,#1266,#1267,#1268,#1269,#1270,#1271,#1272)
    ,(#1273,#1274,#1275,#1276,#1277,#1278,#1279,#1280)
    ,(#1281,#1282,#1283,#1284,#1285,#1286,#1287,#1288)
    ,(#1289,#1290,#1291,#1292,#1293,#1294,#1295,#1296)
    ,(#1297,#1298,#1299,#1300,#1301,#1302,#1303,#1304)
    ,(#1305,#1306,#1307,#1308,#1309,#1310,#1311,#1312)
    ,(#1313,#1314,#1315,#1316,#1317,#1318,#1319,#1320)
    ,(#1321,#1322,#1323,#1324,#1325,#1326,#1327,#1328
  )),.UNSPECIFIED.,.F.,.F.,.F.,(8,8),(8,8),(0.,1.570796326795),(0.,
    1.570796326795),.PIECEWISE_BEZIER_KNOTS.);
#1265 = CARTESIAN_POINT('',(2.,60.,6.));
#1266 = CARTESIAN_POINT('',(2.,60.,5.102402098974));
#1267 = CARTESIAN_POINT('',(2.234990580978,59.999999999999,
    4.204804197949));
#1268 = CARTESIAN_POINT('',(2.704953581862,60.000000000002,
    3.381015211914));
#1269 = CARTESIAN_POINT('',(3.381015211914,59.999999999999,
    2.704953581862));
#1270 = CARTESIAN_POINT('',(4.204804197949,60.000000000001,
    2.234990580978));
#1271 = CARTESIAN_POINT('',(5.102402098974,60.,2.));
#1272 = CARTESIAN_POINT('',(6.,60.,2.));
#1273 = CARTESIAN_POINT('',(2.,61.795195802052,6.));
#1274 = CARTESIAN_POINT('',(2.,61.795195802054,5.102402098974));
#1275 = CARTESIAN_POINT('',(2.234990580979,61.742464038981,
    4.204804197949));
#1276 = CARTESIAN_POINT('',(2.704953581862,61.637004588217,
    3.381015211914));
#1277 = CARTESIAN_POINT('',(3.381015211914,61.485296713162,
    2.704953581862));
#1278 = CARTESIAN_POINT('',(4.204804197948,61.300438896997,
    2.234990580978));
#1279 = CARTESIAN_POINT('',(5.102402098975,61.099018399005,2.));
#1280 = CARTESIAN_POINT('',(6.,60.897597901026,2.));
#1281 = CARTESIAN_POINT('',(2.469981161957,63.590391604101,6.));
#1282 = CARTESIAN_POINT('',(2.469981161957,63.590391604096,
    5.102402098974));
#1283 = CARTESIAN_POINT('',(2.691166599647,63.484928077998,
    4.204804197948));
#1284 = CARTESIAN_POINT('',(3.133520380879,63.274009176368,
    3.381015211914));
#1285 = CARTESIAN_POINT('',(3.769864982123,62.970593426385,
    2.704953581862));
#1286 = CARTESIAN_POINT('',(4.545258305051,62.600877793957,
    2.234990580978));
#1287 = CARTESIAN_POINT('',(5.390124443014,62.198036798018,2.));
#1288 = CARTESIAN_POINT('',(6.234990580978,61.79519580205,2.));
#1289 = CARTESIAN_POINT('',(3.409907163725,65.237969576176,6.));
#1290 = CARTESIAN_POINT('',(3.409907163724,65.237969576181,
    5.102402098974));
#1291 = CARTESIAN_POINT('',(3.603483381763,65.084110386917,
    4.204804197949));
#1292 = CARTESIAN_POINT('',(3.990620857441,64.776403899419,
    3.381015211914));
#1293 = CARTESIAN_POINT('',(4.547534470578,64.333755118102,
    2.704953581863));
#1294 = CARTESIAN_POINT('',(5.22614020751,63.794382412416,2.234990580978
    ));
#1295 = CARTESIAN_POINT('',(5.965546894688,63.206683600233,2.));
#1296 = CARTESIAN_POINT('',(6.704953581862,62.618984788089,2.));
#1297 = CARTESIAN_POINT('',(4.762030423827,66.590092836273,6.));
#1298 = CARTESIAN_POINT('',(4.762030423828,66.59009283627,5.102402098974
    ));
#1299 = CARTESIAN_POINT('',(4.915889613058,66.396516618254,
    4.204804197949));
#1300 = CARTESIAN_POINT('',(5.223596100629,66.009379142526,
    3.381015211913));
#1301 = CARTESIAN_POINT('',(5.666244881856,65.452465529449,
    2.704953581863));
#1302 = CARTESIAN_POINT('',(6.205617587612,64.773859792471,
    2.234990580978));
#1303 = CARTESIAN_POINT('',(6.793316399762,64.034453105315,2.));
#1304 = CARTESIAN_POINT('',(7.381015211914,63.295046418135,2.));
#1305 = CARTESIAN_POINT('',(6.409608395897,67.530018838045,6.));
#1306 = CARTESIAN_POINT('',(6.409608395897,67.530018838045,
    5.102402098975));
#1307 = CARTESIAN_POINT('',(6.515071922021,67.308833400346,
    4.204804197948));
#1308 = CARTESIAN_POINT('',(6.725990823599,66.866479619135,
    3.381015211914));
#1309 = CARTESIAN_POINT('',(7.029406573645,66.230135017868,
    2.704953581862));
#1310 = CARTESIAN_POINT('',(7.399122206024,65.454741694956,
    2.234990580979));
#1311 = CARTESIAN_POINT('',(7.801963201986,64.609875556986,2.));
#1312 = CARTESIAN_POINT('',(8.204804197949,63.765009419023,2.));
#1313 = CARTESIAN_POINT('',(8.204804197949,68.,6.));
#1314 = CARTESIAN_POINT('',(8.204804197949,68.,5.102402098974));
#1315 = CARTESIAN_POINT('',(8.257535961011,67.765009419022,
    4.204804197949));
#1316 = CARTESIAN_POINT('',(8.362995411798,67.295046418136,
    3.381015211913));
#1317 = CARTESIAN_POINT('',(8.514703286824,66.618984788087,
    2.704953581862));
#1318 = CARTESIAN_POINT('',(8.699561103011,65.795195802051,
    2.234990580978));
#1319 = CARTESIAN_POINT('',(8.900981600993,64.897597901025,2.));
#1320 = CARTESIAN_POINT('',(9.102402098974,64.,2.));
#1321 = CARTESIAN_POINT('',(10.,68.,6.));
#1322 = CARTESIAN_POINT('',(10.,68.,5.102402098974));
#1323 = CARTESIAN_POINT('',(10.,67.76500941902,4.204804197949));
#1324 = CARTESIAN_POINT('',(10.,67.29504641814,3.381015211914));
#1325 = CARTESIAN_POINT('',(10.,66.618984788084,2.704953581862));
#1326 = CARTESIAN_POINT('',(10.,65.795195802053,2.234990580978));
#1327 = CARTESIAN_POINT('',(10.,64.897597901025,2.));
#1328 = CARTESIAN_POINT('',(10.,64.,2.));
#1329 = DEFINITIONAL_REPRESENTATION('',(#1330),#1341);
#1330 = B_SPLINE_CURVE_WITH_KNOTS('',5,(#1331,#1332,#1333,#1334,#1335,
    #1336,#1337,#1338,#1339,#1340),.UNSPECIFIED.,.F.,.F.,(6,4,6),(0.,
    0.785398163397,1.570796326795),.UNSPECIFIED.);
#1331 = CARTESIAN_POINT('',(-8.881784196999E-16,-2.22044604925E-16));
#1332 = CARTESIAN_POINT('',(0.157079696735,-3.146844680394E-15));
#1333 = CARTESIAN_POINT('',(0.314158856355,1.190300812577E-16));
#1334 = CARTESIAN_POINT('',(0.471238943546,1.432015727497E-15));
#1335 = CARTESIAN_POINT('',(0.628318572325,-3.313757936557E-16));
#1336 = CARTESIAN_POINT('',(0.94247775447,-1.464746490854E-16));
#1337 = CARTESIAN_POINT('',(1.099557383249,-2.342646163862E-16));
#1338 = CARTESIAN_POINT('',(1.256637470439,1.055970755299E-15));
#1339 = CARTESIAN_POINT('',(1.41371663006,-2.373281594682E-15));
#1340 = CARTESIAN_POINT('',(1.570796326795,7.03086229871E-30));
#1341 = ( GEOMETRIC_REPRESENTATION_CONTEXT(2) 
PARAMETRIC_REPRESENTATION_CONTEXT() REPRESENTATION_CONTEXT('2D SPACE',''
  ) );
#1342 = ADVANCED_FACE('',(#1343),#97,.F.);
#1343 = FACE_BOUND('',#1344,.F.);
#1344 = EDGE_LOOP('',(#1345,#1346,#1367,#1400,#1428,#1449));
#1345 = ORIENTED_EDGE('',*,*,#83,.T.);
#1346 = ORIENTED_EDGE('',*,*,#1347,.T.);
#1347 = EDGE_CURVE('',#84,#1348,#1350,.T.);
#1348 = VERTEX_POINT('',#1349);
#1349 = CARTESIAN_POINT('',(33.,4.,6.));
#1350 = SURFACE_CURVE('',#1351,(#1354,#1360),.PCURVE_S1.);
#1351 = B_SPLINE_CURVE_WITH_KNOTS('',1,(#1352,#1353),.UNSPECIFIED.,.F.,
  .F.,(2,2),(0.,24.),.PIECEWISE_BEZIER_KNOTS.);
#1352 = CARTESIAN_POINT('',(33.,4.,30.));
#1353 = CARTESIAN_POINT('',(33.,4.,6.));
#1354 = PCURVE('',#97,#1355);
#1355 = DEFINITIONAL_REPRESENTATION('',(#1356),#1359);
#1356 = B_SPLINE_CURVE_WITH_KNOTS('',1,(#1357,#1358),.UNSPECIFIED.,.F.,
  .F.,(2,2),(0.,24.),.PIECEWISE_BEZIER_KNOTS.);
#1357 = CARTESIAN_POINT('',(-14.55435244383,-31.));
#1358 = CARTESIAN_POINT('',(9.445647556166,-31.));
#1359 = ( GEOMETRIC_REPRESENTATION_CONTEXT(2) 
PARAMETRIC_REPRESENTATION_CONTEXT() REPRESENTATION_CONTEXT('2D SPACE',''
  ) );
#1360 = PCURVE('',#124,#1361);
#1361 = DEFINITIONAL_REPRESENTATION('',(#1362),#1366);
#1362 = B_SPLINE_CURVE_WITH_KNOTS('',2,(#1363,#1364,#1365),
  .UNSPECIFIED.,.F.,.F.,(3,3),(0.,24.),.PIECEWISE_BEZIER_KNOTS.);
#1363 = CARTESIAN_POINT('',(1.570796326795,3.552713678801E-15));
#1364 = CARTESIAN_POINT('',(1.570796326795,12.));
#1365 = CARTESIAN_POINT('',(1.570796326795,24.));
#1366 = ( GEOMETRIC_REPRESENTATION_CONTEXT(2) 
PARAMETRIC_REPRESENTATION_CONTEXT() REPRESENTATION_CONTEXT('2D SPACE',''
  ) );
#1367 = ORIENTED_EDGE('',*,*,#1368,.T.);
#1368 = EDGE_CURVE('',#1348,#1369,#1371,.T.);
#1369 = VERTEX_POINT('',#1370);
#1370 = CARTESIAN_POINT('',(33.,6.,4.));
#1371 = SURFACE_CURVE('',#1372,(#1376,#1383),.PCURVE_S1.);
#1372 = ( BOUNDED_CURVE() B_SPLINE_CURVE(2,(#1373,#1374,#1375),
.UNSPECIFIED.,.F.,.F.) B_SPLINE_CURVE_WITH_KNOTS((3,3),(0.,
1.570796326795),.PIECEWISE_BEZIER_KNOTS.) CURVE() 
GEOMETRIC_REPRESENTATION_ITEM() RATIONAL_B_SPLINE_CURVE((1.,
0.707106781187,1.)) REPRESENTATION_ITEM('') );
#1373 = CARTESIAN_POINT('',(33.,4.,6.));
#1374 = CARTESIAN_POINT('',(33.,4.,4.));
#1375 = CARTESIAN_POINT('',(33.,6.,4.));
#1376 = PCURVE('',#97,#1377);
#1377 = DEFINITIONAL_REPRESENTATION('',(#1378),#1382);
#1378 = ( BOUNDED_CURVE() B_SPLINE_CURVE(2,(#1379,#1380,#1381),
.UNSPECIFIED.,.F.,.F.) B_SPLINE_CURVE_WITH_KNOTS((3,3),(0.,
1.570796326795),.PIECEWISE_BEZIER_KNOTS.) CURVE() 
GEOMETRIC_REPRESENTATION_ITEM() RATIONAL_B_SPLINE_CURVE((1.,
0.707106781187,1.)) REPRESENTATION_ITEM('') );
#1379 = CARTESIAN_POINT('',(9.445647556166,-31.));
#1380 = CARTESIAN_POINT('',(11.445647556166,-31.));
#1381 = CARTESIAN_POINT('',(11.445647556166,-29.));
#1382 = ( GEOMETRIC_REPRESENTATION_CONTEXT(2) 
PARAMETRIC_REPRESENTATION_CONTEXT() REPRESENTATION_CONTEXT('2D SPACE',''
  ) );
#1383 = PCURVE('',#1384,#1394);
#1384 = ( BOUNDED_SURFACE() B_SPLINE_SURFACE(2,2,(
    (#1385,#1386,#1387)
    ,(#1388,#1389,#1390)
    ,(#1391,#1392,#1393
)),.UNSPECIFIED.,.F.,.F.,.F.) B_SPLINE_SURFACE_WITH_KNOTS((3,3),(3,3),(
    0.,1.570796326795),(0.,1.570796326795),.PIECEWISE_BEZIER_KNOTS.) 
GEOMETRIC_REPRESENTATION_ITEM() RATIONAL_B_SPLINE_SURFACE((
    (1.,0.707106781187,1.)
    ,(0.707106781187,0.5,0.707106781187)
,(1.,0.707106781187,1.))) REPRESENTATION_ITEM('') SURFACE() );
#1385 = CARTESIAN_POINT('',(31.,2.,6.));
#1386 = CARTESIAN_POINT('',(33.,2.,6.));
#1387 = CARTESIAN_POINT('',(33.,4.,6.));
#1388 = CARTESIAN_POINT('',(31.,2.,2.));
#1389 = CARTESIAN_POINT('',(33.,2.,2.));
#1390 = CARTESIAN_POINT('',(33.,4.,4.));
#1391 = CARTESIAN_POINT('',(31.,6.,2.));
#1392 = CARTESIAN_POINT('',(33.,6.,2.));
#1393 = CARTESIAN_POINT('',(33.,6.,4.));
#1394 = DEFINITIONAL_REPRESENTATION('',(#1395),#1399);
#1395 = B_SPLINE_CURVE_WITH_KNOTS('',2,(#1396,#1397,#1398),
  .UNSPECIFIED.,.F.,.F.,(3,3),(0.,1.570796326795),
  .PIECEWISE_BEZIER_KNOTS.);
#1396 = CARTESIAN_POINT('',(0.,1.570796326795));
#1397 = CARTESIAN_POINT('',(0.785398163397,1.570796326795));
#1398 = CARTESIAN_POINT('',(1.570796326795,1.570796326795));
#1399 = ( GEOMETRIC_REPRESENTATION_CONTEXT(2) 
PARAMETRIC_REPRESENTATION_CONTEXT() REPRESENTATION_CONTEXT('2D SPACE',''
  ) );
#1400 = ORIENTED_EDGE('',*,*,#1401,.T.);
#1401 = EDGE_CURVE('',#1369,#1402,#1404,.T.);
#1402 = VERTEX_POINT('',#1403);
#1403 = CARTESIAN_POINT('',(33.,64.,4.));
#1404 = SURFACE_CURVE('',#1405,(#1408,#1414),.PCURVE_S1.);
#1405 = B_SPLINE_CURVE_WITH_KNOTS('',1,(#1406,#1407),.UNSPECIFIED.,.F.,
  .F.,(2,2),(8.881784197001E-16,58.),.PIECEWISE_BEZIER_KNOTS.);
#1406 = CARTESIAN_POINT('',(33.,6.,4.));
#1407 = CARTESIAN_POINT('',(33.,64.,4.));
#1408 = PCURVE('',#97,#1409);
#1409 = DEFINITIONAL_REPRESENTATION('',(#1410),#1413);
#1410 = B_SPLINE_CURVE_WITH_KNOTS('',1,(#1411,#1412),.UNSPECIFIED.,.F.,
  .F.,(2,2),(8.881784197001E-16,58.),.PIECEWISE_BEZIER_KNOTS.);
#1411 = CARTESIAN_POINT('',(11.445647556166,-29.));
#1412 = CARTESIAN_POINT('',(11.445647556166,29.));
#1413 = ( GEOMETRIC_REPRESENTATION_CONTEXT(2) 
PARAMETRIC_REPRESENTATION_CONTEXT() REPRESENTATION_CONTEXT('2D SPACE',''
  ) );
#1414 = PCURVE('',#1415,#1422);
#1415 = ( BOUNDED_SURFACE() B_SPLINE_SURFACE(2,1,(
    (#1416,#1417)
    ,(#1418,#1419)
    ,(#1420,#1421
)),.UNSPECIFIED.,.F.,.F.,.F.) B_SPLINE_SURFACE_WITH_KNOTS((3,3),(2,2),(
    0.,1.570796326795),(8.881784197001E-16,58.),
.PIECEWISE_BEZIER_KNOTS.) GEOMETRIC_REPRESENTATION_ITEM() 
RATIONAL_B_SPLINE_SURFACE((
    (1.,1.)
    ,(0.707106781187,0.707106781187)
,(1.,1.))) REPRESENTATION_ITEM('') SURFACE() );
#1416 = CARTESIAN_POINT('',(31.,6.,2.));
#1417 = CARTESIAN_POINT('',(31.,64.,2.));
#1418 = CARTESIAN_POINT('',(33.,6.,2.));
#1419 = CARTESIAN_POINT('',(33.,64.,2.));
#1420 = CARTESIAN_POINT('',(33.,6.,4.));
#1421 = CARTESIAN_POINT('',(33.,64.,4.));
#1422 = DEFINITIONAL_REPRESENTATION('',(#1423),#1427);
#1423 = B_SPLINE_CURVE_WITH_KNOTS('',2,(#1424,#1425,#1426),
  .UNSPECIFIED.,.F.,.F.,(3,3),(1.7763568394E-15,58.),
  .PIECEWISE_BEZIER_KNOTS.);
#1424 = CARTESIAN_POINT('',(1.570796326795,1.7763568394E-15));
#1425 = CARTESIAN_POINT('',(1.570796326795,29.));
#1426 = CARTESIAN_POINT('',(1.570796326795,58.));
#1427 = ( GEOMETRIC_REPRESENTATION_CONTEXT(2) 
PARAMETRIC_REPRESENTATION_CONTEXT() REPRESENTATION_CONTEXT('2D SPACE',''
  ) );
#1428 = ORIENTED_EDGE('',*,*,#1429,.T.);
#1429 = EDGE_CURVE('',#1402,#1156,#1430,.T.);
#1430 = SURFACE_CURVE('',#1431,(#1435,#1442),.PCURVE_S1.);
#1431 = ( BOUNDED_CURVE() B_SPLINE_CURVE(2,(#1432,#1433,#1434),
.UNSPECIFIED.,.F.,.F.) B_SPLINE_CURVE_WITH_KNOTS((3,3),(
3.552713678801E-15,1.570796326795),.PIECEWISE_BEZIER_KNOTS.) CURVE() 
GEOMETRIC_REPRESENTATION_ITEM() RATIONAL_B_SPLINE_CURVE((1.,
0.707106781187,1.)) REPRESENTATION_ITEM('') );
#1432 = CARTESIAN_POINT('',(33.,64.,4.));
#1433 = CARTESIAN_POINT('',(33.,66.,4.));
#1434 = CARTESIAN_POINT('',(33.,66.,6.));
#1435 = PCURVE('',#97,#1436);
#1436 = DEFINITIONAL_REPRESENTATION('',(#1437),#1441);
#1437 = ( BOUNDED_CURVE() B_SPLINE_CURVE(2,(#1438,#1439,#1440),
.UNSPECIFIED.,.F.,.F.) B_SPLINE_CURVE_WITH_KNOTS((3,3),(
3.552713678801E-15,1.570796326795),.PIECEWISE_BEZIER_KNOTS.) CURVE() 
GEOMETRIC_REPRESENTATION_ITEM() RATIONAL_B_SPLINE_CURVE((1.,
0.707106781187,1.)) REPRESENTATION_ITEM('') );
#1438 = CARTESIAN_POINT('',(11.445647556166,29.));
#1439 = CARTESIAN_POINT('',(11.445647556166,31.));
#1440 = CARTESIAN_POINT('',(9.445647556166,31.));
#1441 = ( GEOMETRIC_REPRESENTATION_CONTEXT(2) 
PARAMETRIC_REPRESENTATION_CONTEXT() REPRESENTATION_CONTEXT('2D SPACE',''
  ) );
#1442 = PCURVE('',#1171,#1443);
#1443 = DEFINITIONAL_REPRESENTATION('',(#1444),#1448);
#1444 = B_SPLINE_CURVE_WITH_KNOTS('',2,(#1445,#1446,#1447),
  .UNSPECIFIED.,.F.,.F.,(3,3),(3.552713678801E-15,1.570796326795),
  .PIECEWISE_BEZIER_KNOTS.);
#1445 = CARTESIAN_POINT('',(7.498786425727E-15,1.570796326795));
#1446 = CARTESIAN_POINT('',(0.785398163397,1.570796326795));
#1447 = CARTESIAN_POINT('',(1.570796326795,1.570796326795));
#1448 = ( GEOMETRIC_REPRESENTATION_CONTEXT(2) 
PARAMETRIC_REPRESENTATION_CONTEXT() REPRESENTATION_CONTEXT('2D SPACE',''
  ) );
#1449 = ORIENTED_EDGE('',*,*,#1188,.T.);
#1450 = ADVANCED_FACE('',(#1451),#228,.T.);
#1451 = FACE_BOUND('',#1452,.T.);
#1452 = EDGE_LOOP('',(#1453,#1474,#1500,#1501));
#1453 = ORIENTED_EDGE('',*,*,#1454,.F.);
#1454 = EDGE_CURVE('',#1455,#164,#1457,.T.);
#1455 = VERTEX_POINT('',#1456);
#1456 = CARTESIAN_POINT('',(2.,10.,6.));
#1457 = SURFACE_CURVE('',#1458,(#1461,#1467),.PCURVE_S1.);
#1458 = B_SPLINE_CURVE_WITH_KNOTS('',1,(#1459,#1460),.UNSPECIFIED.,.F.,
  .F.,(2,2),(6.,30.),.PIECEWISE_BEZIER_KNOTS.);
#1459 = CARTESIAN_POINT('',(2.,10.,6.));
#1460 = CARTESIAN_POINT('',(2.,10.,30.));
#1461 = PCURVE('',#228,#1462);
#1462 = DEFINITIONAL_REPRESENTATION('',(#1463),#1466);
#1463 = B_SPLINE_CURVE_WITH_KNOTS('',1,(#1464,#1465),.UNSPECIFIED.,.F.,
  .F.,(2,2),(6.,30.),.PIECEWISE_BEZIER_KNOTS.);
#1464 = CARTESIAN_POINT('',(6.,-10.));
#1465 = CARTESIAN_POINT('',(30.,-10.));
#1466 = ( GEOMETRIC_REPRESENTATION_CONTEXT(2) 
PARAMETRIC_REPRESENTATION_CONTEXT() REPRESENTATION_CONTEXT('2D SPACE',''
  ) );
#1467 = PCURVE('',#191,#1468);
#1468 = DEFINITIONAL_REPRESENTATION('',(#1469),#1473);
#1469 = B_SPLINE_CURVE_WITH_KNOTS('',2,(#1470,#1471,#1472),
  .UNSPECIFIED.,.F.,.F.,(3,3),(6.,30.),.PIECEWISE_BEZIER_KNOTS.);
#1470 = CARTESIAN_POINT('',(0.,6.));
#1471 = CARTESIAN_POINT('',(0.,18.));
#1472 = CARTESIAN_POINT('',(0.,30.));
#1473 = ( GEOMETRIC_REPRESENTATION_CONTEXT(2) 
PARAMETRIC_REPRESENTATION_CONTEXT() REPRESENTATION_CONTEXT('2D SPACE',''
  ) );
#1474 = ORIENTED_EDGE('',*,*,#1475,.T.);
#1475 = EDGE_CURVE('',#1455,#1215,#1476,.T.);
#1476 = SURFACE_CURVE('',#1477,(#1480,#1486),.PCURVE_S1.);
#1477 = B_SPLINE_CURVE_WITH_KNOTS('',1,(#1478,#1479),.UNSPECIFIED.,.F.,
  .F.,(2,2),(-0.,50.),.PIECEWISE_BEZIER_KNOTS.);
#1478 = CARTESIAN_POINT('',(2.,10.,6.));
#1479 = CARTESIAN_POINT('',(2.,60.,6.));
#1480 = PCURVE('',#228,#1481);
#1481 = DEFINITIONAL_REPRESENTATION('',(#1482),#1485);
#1482 = B_SPLINE_CURVE_WITH_KNOTS('',1,(#1483,#1484),.UNSPECIFIED.,.F.,
  .F.,(2,2),(-0.,50.),.PIECEWISE_BEZIER_KNOTS.);
#1483 = CARTESIAN_POINT('',(6.,-10.));
#1484 = CARTESIAN_POINT('',(6.,-60.));
#1485 = ( GEOMETRIC_REPRESENTATION_CONTEXT(2) 
PARAMETRIC_REPRESENTATION_CONTEXT() REPRESENTATION_CONTEXT('2D SPACE',''
  ) );
#1486 = PCURVE('',#1487,#1494);
#1487 = ( BOUNDED_SURFACE() B_SPLINE_SURFACE(2,1,(
    (#1488,#1489)
    ,(#1490,#1491)
    ,(#1492,#1493
)),.UNSPECIFIED.,.F.,.F.,.F.) B_SPLINE_SURFACE_WITH_KNOTS((3,3),(2,2),(
    0.,1.570796326795),(0.,50.),.PIECEWISE_BEZIER_KNOTS.) 
GEOMETRIC_REPRESENTATION_ITEM() RATIONAL_B_SPLINE_SURFACE((
    (1.,1.)
    ,(0.707106781187,0.707106781187)
,(1.,1.))) REPRESENTATION_ITEM('') SURFACE() );
#1488 = CARTESIAN_POINT('',(2.,10.,6.));
#1489 = CARTESIAN_POINT('',(2.,60.,6.));
#1490 = CARTESIAN_POINT('',(2.,10.,2.));
#1491 = CARTESIAN_POINT('',(2.,60.,2.));
#1492 = CARTESIAN_POINT('',(6.,10.,2.));
#1493 = CARTESIAN_POINT('',(6.,60.,2.));
#1494 = DEFINITIONAL_REPRESENTATION('',(#1495),#1499);
#1495 = B_SPLINE_CURVE_WITH_KNOTS('',2,(#1496,#1497,#1498),
  .UNSPECIFIED.,.F.,.F.,(3,3),(1.7763568394E-15,50.),
  .PIECEWISE_BEZIER_KNOTS.);
#1496 = CARTESIAN_POINT('',(0.,1.7763568394E-15));
#1497 = CARTESIAN_POINT('',(1.200088477874E-32,25.));
#1498 = CARTESIAN_POINT('',(0.,50.));
#1499 = ( GEOMETRIC_REPRESENTATION_CONTEXT(2) 
PARAMETRIC_REPRESENTATION_CONTEXT() REPRESENTATION_CONTEXT('2D SPACE',''
  ) );
#1500 = ORIENTED_EDGE('',*,*,#1214,.T.);
#1501 = ORIENTED_EDGE('',*,*,#214,.F.);
#1502 = ADVANCED_FACE('',(#1503),#124,.T.);
#1503 = FACE_BOUND('',#1504,.T.);
#1504 = EDGE_LOOP('',(#1505,#1506,#1507,#1530));
#1505 = ORIENTED_EDGE('',*,*,#108,.T.);
#1506 = ORIENTED_EDGE('',*,*,#1347,.T.);
#1507 = ORIENTED_EDGE('',*,*,#1508,.F.);
#1508 = EDGE_CURVE('',#1509,#1348,#1511,.T.);
#1509 = VERTEX_POINT('',#1510);
#1510 = CARTESIAN_POINT('',(31.,2.,6.));
#1511 = SURFACE_CURVE('',#1512,(#1516,#1523),.PCURVE_S1.);
#1512 = ( BOUNDED_CURVE() B_SPLINE_CURVE(2,(#1513,#1514,#1515),
.UNSPECIFIED.,.F.,.F.) B_SPLINE_CURVE_WITH_KNOTS((3,3),(0.,
1.570796326795),.PIECEWISE_BEZIER_KNOTS.) CURVE() 
GEOMETRIC_REPRESENTATION_ITEM() RATIONAL_B_SPLINE_CURVE((1.,
0.707106781187,1.)) REPRESENTATION_ITEM('') );
#1513 = CARTESIAN_POINT('',(31.,2.,6.));
#1514 = CARTESIAN_POINT('',(33.,2.,6.));
#1515 = CARTESIAN_POINT('',(33.,4.,6.));
#1516 = PCURVE('',#124,#1517);
#1517 = DEFINITIONAL_REPRESENTATION('',(#1518),#1522);
#1518 = B_SPLINE_CURVE_WITH_KNOTS('',2,(#1519,#1520,#1521),
  .UNSPECIFIED.,.F.,.F.,(3,3),(0.,1.570796326795),
  .PIECEWISE_BEZIER_KNOTS.);
#1519 = CARTESIAN_POINT('',(0.,24.));
#1520 = CARTESIAN_POINT('',(0.785398163397,24.));
#1521 = CARTESIAN_POINT('',(1.570796326795,24.));
#1522 = ( GEOMETRIC_REPRESENTATION_CONTEXT(2) 
PARAMETRIC_REPRESENTATION_CONTEXT() REPRESENTATION_CONTEXT('2D SPACE',''
  ) );
#1523 = PCURVE('',#1384,#1524);
#1524 = DEFINITIONAL_REPRESENTATION('',(#1525),#1529);
#1525 = B_SPLINE_CURVE_WITH_KNOTS('',2,(#1526,#1527,#1528),
  .UNSPECIFIED.,.F.,.F.,(3,3),(0.,1.570796326795),
  .PIECEWISE_BEZIER_KNOTS.);
#1526 = CARTESIAN_POINT('',(-2.22044604925E-16,0.));
#1527 = CARTESIAN_POINT('',(4.059647381292E-16,0.785398163397));
#1528 = CARTESIAN_POINT('',(-7.153036982908E-16,1.570796326795));
#1529 = ( GEOMETRIC_REPRESENTATION_CONTEXT(2) 
PARAMETRIC_REPRESENTATION_CONTEXT() REPRESENTATION_CONTEXT('2D SPACE',''
  ) );
#1530 = ORIENTED_EDGE('',*,*,#1531,.F.);
#1531 = EDGE_CURVE('',#109,#1509,#1532,.T.);
#1532 = SURFACE_CURVE('',#1533,(#1536,#1543),.PCURVE_S1.);
#1533 = B_SPLINE_CURVE_WITH_KNOTS('',1,(#1534,#1535),.UNSPECIFIED.,.F.,
  .F.,(2,2),(-0.,24.),.PIECEWISE_BEZIER_KNOTS.);
#1534 = CARTESIAN_POINT('',(31.,2.,30.));
#1535 = CARTESIAN_POINT('',(31.,2.,6.));
#1536 = PCURVE('',#124,#1537);
#1537 = DEFINITIONAL_REPRESENTATION('',(#1538),#1542);
#1538 = B_SPLINE_CURVE_WITH_KNOTS('',2,(#1539,#1540,#1541),
  .UNSPECIFIED.,.F.,.F.,(3,3),(-0.,24.),.PIECEWISE_BEZIER_KNOTS.);
#1539 = CARTESIAN_POINT('',(0.,0.));
#1540 = CARTESIAN_POINT('',(0.,12.));
#1541 = CARTESIAN_POINT('',(0.,24.));
#1542 = ( GEOMETRIC_REPRESENTATION_CONTEXT(2) 
PARAMETRIC_REPRESENTATION_CONTEXT() REPRESENTATION_CONTEXT('2D SPACE',''
  ) );
#1543 = PCURVE('',#152,#1544);
#1544 = DEFINITIONAL_REPRESENTATION('',(#1545),#1548);
#1545 = B_SPLINE_CURVE_WITH_KNOTS('',1,(#1546,#1547),.UNSPECIFIED.,.F.,
  .F.,(2,2),(-0.,24.),.PIECEWISE_BEZIER_KNOTS.);
#1546 = CARTESIAN_POINT('',(30.,31.));
#1547 = CARTESIAN_POINT('',(6.,31.));
#1548 = ( GEOMETRIC_REPRESENTATION_CONTEXT(2) 
PARAMETRIC_REPRESENTATION_CONTEXT() REPRESENTATION_CONTEXT('2D SPACE',''
  ) );
#1549 = ADVANCED_FACE('',(#1550),#191,.F.);
#1550 = FACE_BOUND('',#1551,.F.);
#1551 = EDGE_LOOP('',(#1552,#1573,#1574,#1575));
#1552 = ORIENTED_EDGE('',*,*,#1553,.T.);
#1553 = EDGE_CURVE('',#1554,#139,#1556,.T.);
#1554 = VERTEX_POINT('',#1555);
#1555 = CARTESIAN_POINT('',(10.,2.,6.));
#1556 = SURFACE_CURVE('',#1557,(#1560,#1567),.PCURVE_S1.);
#1557 = B_SPLINE_CURVE_WITH_KNOTS('',1,(#1558,#1559),.UNSPECIFIED.,.F.,
  .F.,(2,2),(6.,30.),.PIECEWISE_BEZIER_KNOTS.);
#1558 = CARTESIAN_POINT('',(10.,2.,6.));
#1559 = CARTESIAN_POINT('',(10.,2.,30.));
#1560 = PCURVE('',#191,#1561);
#1561 = DEFINITIONAL_REPRESENTATION('',(#1562),#1566);
#1562 = B_SPLINE_CURVE_WITH_KNOTS('',2,(#1563,#1564,#1565),
  .UNSPECIFIED.,.F.,.F.,(3,3),(6.,30.),.PIECEWISE_BEZIER_KNOTS.);
#1563 = CARTESIAN_POINT('',(1.570796326795,6.));
#1564 = CARTESIAN_POINT('',(1.570796326795,18.));
#1565 = CARTESIAN_POINT('',(1.570796326795,30.));
#1566 = ( GEOMETRIC_REPRESENTATION_CONTEXT(2) 
PARAMETRIC_REPRESENTATION_CONTEXT() REPRESENTATION_CONTEXT('2D SPACE',''
  ) );
#1567 = PCURVE('',#152,#1568);
#1568 = DEFINITIONAL_REPRESENTATION('',(#1569),#1572);
#1569 = B_SPLINE_CURVE_WITH_KNOTS('',1,(#1570,#1571),.UNSPECIFIED.,.F.,
  .F.,(2,2),(6.,30.),.PIECEWISE_BEZIER_KNOTS.);
#1570 = CARTESIAN_POINT('',(6.,10.));
#1571 = CARTESIAN_POINT('',(30.,10.));
#1572 = ( GEOMETRIC_REPRESENTATION_CONTEXT(2) 
PARAMETRIC_REPRESENTATION_CONTEXT() REPRESENTATION_CONTEXT('2D SPACE',''
  ) );
#1573 = ORIENTED_EDGE('',*,*,#163,.F.);
#1574 = ORIENTED_EDGE('',*,*,#1454,.F.);
#1575 = ORIENTED_EDGE('',*,*,#1576,.F.);
#1576 = EDGE_CURVE('',#1554,#1455,#1577,.T.);
#1577 = SURFACE_CURVE('',#1578,(#1588,#1604),.PCURVE_S1.);
#1578 = B_SPLINE_CURVE_WITH_KNOTS('',8,(#1579,#1580,#1581,#1582,#1583,
    #1584,#1585,#1586,#1587),.UNSPECIFIED.,.F.,.F.,(9,9),(
    -2.22044604925E-16,1.570796326795),.PIECEWISE_BEZIER_KNOTS.);
#1579 = CARTESIAN_POINT('',(10.,2.,6.));
#1580 = CARTESIAN_POINT('',(8.429203673205,2.,6.));
#1581 = CARTESIAN_POINT('',(6.858406851966,2.35248631169,6.));
#1582 = CARTESIAN_POINT('',(5.379894125319,3.057455473029,6.));
#1583 = CARTESIAN_POINT('',(4.085929953761,4.085929953761,6.));
#1584 = CARTESIAN_POINT('',(3.057455473029,5.37989412532,6.));
#1585 = CARTESIAN_POINT('',(2.35248631169,6.858406851966,6.));
#1586 = CARTESIAN_POINT('',(2.,8.429203673205,6.));
#1587 = CARTESIAN_POINT('',(2.,10.,6.));
#1588 = PCURVE('',#191,#1589);
#1589 = DEFINITIONAL_REPRESENTATION('',(#1590),#1603);
#1590 = B_SPLINE_CURVE_WITH_KNOTS('',6,(#1591,#1592,#1593,#1594,#1595,
    #1596,#1597,#1598,#1599,#1600,#1601,#1602),.UNSPECIFIED.,.F.,.F.,(7,
    5,7),(-2.22044604925E-16,0.785398163397,1.570796326795),
  .UNSPECIFIED.);
#1591 = CARTESIAN_POINT('',(1.570796326795,6.));
#1592 = CARTESIAN_POINT('',(1.425403674216,6.));
#1593 = CARTESIAN_POINT('',(1.289467915817,6.000000000002));
#1594 = CARTESIAN_POINT('',(1.159608524493,5.999999999997));
#1595 = CARTESIAN_POINT('',(1.033601420771,6.000000000004));
#1596 = CARTESIAN_POINT('',(0.909498545764,6.));
#1597 = CARTESIAN_POINT('',(0.661297781031,6.));
#1598 = CARTESIAN_POINT('',(0.537194906024,6.000000000001));
#1599 = CARTESIAN_POINT('',(0.411187802303,5.999999999992));
#1600 = CARTESIAN_POINT('',(0.281328410979,6.000000000002));
#1601 = CARTESIAN_POINT('',(0.145392652579,6.));
#1602 = CARTESIAN_POINT('',(-4.021387830408E-15,6.));
#1603 = ( GEOMETRIC_REPRESENTATION_CONTEXT(2) 
PARAMETRIC_REPRESENTATION_CONTEXT() REPRESENTATION_CONTEXT('2D SPACE',''
  ) );
#1604 = PCURVE('',#1605,#1670);
#1605 = B_SPLINE_SURFACE_WITH_KNOTS('',7,7,(
    (#1606,#1607,#1608,#1609,#1610,#1611,#1612,#1613)
    ,(#1614,#1615,#1616,#1617,#1618,#1619,#1620,#1621)
    ,(#1622,#1623,#1624,#1625,#1626,#1627,#1628,#1629)
    ,(#1630,#1631,#1632,#1633,#1634,#1635,#1636,#1637)
    ,(#1638,#1639,#1640,#1641,#1642,#1643,#1644,#1645)
    ,(#1646,#1647,#1648,#1649,#1650,#1651,#1652,#1653)
    ,(#1654,#1655,#1656,#1657,#1658,#1659,#1660,#1661)
    ,(#1662,#1663,#1664,#1665,#1666,#1667,#1668,#1669
  )),.UNSPECIFIED.,.F.,.F.,.F.,(8,8),(8,8),(0.,1.570796326795),(0.,
    1.570796326795),.PIECEWISE_BEZIER_KNOTS.);
#1606 = CARTESIAN_POINT('',(10.,2.,6.));
#1607 = CARTESIAN_POINT('',(10.,2.,5.102402098974));
#1608 = CARTESIAN_POINT('',(10.,2.234990580978,4.204804197949));
#1609 = CARTESIAN_POINT('',(10.,2.704953581862,3.381015211914));
#1610 = CARTESIAN_POINT('',(10.,3.381015211914,2.704953581862));
#1611 = CARTESIAN_POINT('',(10.,4.204804197949,2.234990580978));
#1612 = CARTESIAN_POINT('',(10.,5.102402098974,2.));
#1613 = CARTESIAN_POINT('',(10.,6.,2.));
#1614 = CARTESIAN_POINT('',(8.204804197949,2.,6.));
#1615 = CARTESIAN_POINT('',(8.204804197949,2.,5.102402098974));
#1616 = CARTESIAN_POINT('',(8.257535961009,2.234990580978,4.204804197949
    ));
#1617 = CARTESIAN_POINT('',(8.3629954118,2.704953581863,3.381015211913)
  );
#1618 = CARTESIAN_POINT('',(8.514703286822,3.381015211913,2.704953581862
    ));
#1619 = CARTESIAN_POINT('',(8.699561103012,4.204804197949,2.234990580978
    ));
#1620 = CARTESIAN_POINT('',(8.900981600993,5.102402098974,2.));
#1621 = CARTESIAN_POINT('',(9.102402098974,6.,2.));
#1622 = CARTESIAN_POINT('',(6.409608395897,2.469981161957,6.));
#1623 = CARTESIAN_POINT('',(6.409608395896,2.469981161957,5.102402098974
    ));
#1624 = CARTESIAN_POINT('',(6.515071922023,2.691166599648,4.204804197948
    ));
#1625 = CARTESIAN_POINT('',(6.725990823594,3.133520380877,3.381015211914
    ));
#1626 = CARTESIAN_POINT('',(7.029406573648,3.769864982124,2.704953581862
    ));
#1627 = CARTESIAN_POINT('',(7.399122206022,4.54525830505,2.234990580978)
  );
#1628 = CARTESIAN_POINT('',(7.801963201986,5.390124443014,2.));
#1629 = CARTESIAN_POINT('',(8.204804197949,6.234990580978,2.));
#1630 = CARTESIAN_POINT('',(4.762030423827,3.409907163725,6.));
#1631 = CARTESIAN_POINT('',(4.762030423829,3.409907163724,5.102402098974
    ));
#1632 = CARTESIAN_POINT('',(4.915889613055,3.603483381762,4.204804197949
    ));
#1633 = CARTESIAN_POINT('',(5.223596100633,3.990620857443,3.381015211913
    ));
#1634 = CARTESIAN_POINT('',(5.666244881853,4.547534470576,2.704953581863
    ));
#1635 = CARTESIAN_POINT('',(6.205617587612,5.226140207512,2.234990580978
    ));
#1636 = CARTESIAN_POINT('',(6.793316399763,5.965546894687,2.));
#1637 = CARTESIAN_POINT('',(7.381015211914,6.704953581863,2.));
#1638 = CARTESIAN_POINT('',(3.409907163725,4.762030423827,6.));
#1639 = CARTESIAN_POINT('',(3.409907163723,4.762030423828,5.102402098974
    ));
#1640 = CARTESIAN_POINT('',(3.603483381765,4.915889613057,4.204804197949
    ));
#1641 = CARTESIAN_POINT('',(3.990620857438,5.223596100629,3.381015211914
    ));
#1642 = CARTESIAN_POINT('',(4.54753447058,5.666244881857,2.704953581862)
  );
#1643 = CARTESIAN_POINT('',(5.22614020751,6.205617587611,2.234990580978)
  );
#1644 = CARTESIAN_POINT('',(5.965546894687,6.793316399762,2.));
#1645 = CARTESIAN_POINT('',(6.704953581862,7.381015211913,2.));
#1646 = CARTESIAN_POINT('',(2.469981161957,6.409608395897,6.));
#1647 = CARTESIAN_POINT('',(2.469981161957,6.409608395897,5.102402098974
    ));
#1648 = CARTESIAN_POINT('',(2.691166599646,6.515071922022,4.204804197949
    ));
#1649 = CARTESIAN_POINT('',(3.13352038088,6.725990823596,3.381015211913)
  );
#1650 = CARTESIAN_POINT('',(3.769864982122,7.029406573647,2.704953581863
    ));
#1651 = CARTESIAN_POINT('',(4.545258305051,7.399122206023,2.234990580978
    ));
#1652 = CARTESIAN_POINT('',(5.390124443014,7.801963201986,2.));
#1653 = CARTESIAN_POINT('',(6.234990580978,8.204804197949,2.));
#1654 = CARTESIAN_POINT('',(2.,8.204804197949,6.));
#1655 = CARTESIAN_POINT('',(2.,8.204804197949,5.102402098974));
#1656 = CARTESIAN_POINT('',(2.234990580979,8.25753596101,4.204804197949)
  );
#1657 = CARTESIAN_POINT('',(2.704953581862,8.3629954118,3.381015211914)
  );
#1658 = CARTESIAN_POINT('',(3.381015211914,8.514703286822,2.704953581862
    ));
#1659 = CARTESIAN_POINT('',(4.204804197948,8.699561103012,2.234990580978
    ));
#1660 = CARTESIAN_POINT('',(5.102402098974,8.900981600993,2.));
#1661 = CARTESIAN_POINT('',(6.,9.102402098974,2.));
#1662 = CARTESIAN_POINT('',(2.,10.,6.));
#1663 = CARTESIAN_POINT('',(2.,10.,5.102402098974));
#1664 = CARTESIAN_POINT('',(2.234990580978,10.,4.204804197949));
#1665 = CARTESIAN_POINT('',(2.704953581862,10.,3.381015211914));
#1666 = CARTESIAN_POINT('',(3.381015211914,10.,2.704953581862));
#1667 = CARTESIAN_POINT('',(4.204804197949,10.,2.234990580978));
#1668 = CARTESIAN_POINT('',(5.102402098974,10.,2.));
#1669 = CARTESIAN_POINT('',(6.,10.,2.));
#1670 = DEFINITIONAL_REPRESENTATION('',(#1671),#1682);
#1671 = B_SPLINE_CURVE_WITH_KNOTS('',5,(#1672,#1673,#1674,#1675,#1676,
    #1677,#1678,#1679,#1680,#1681),.UNSPECIFIED.,.F.,.F.,(6,4,6),(
    -2.22044604925E-16,0.785398163397,1.570796326795),.UNSPECIFIED.);
#1672 = CARTESIAN_POINT('',(-4.440892098501E-16,-8.284353975201E-31));
#1673 = CARTESIAN_POINT('',(0.157079696735,-3.636895929092E-16));
#1674 = CARTESIAN_POINT('',(0.314158856355,-3.206489869812E-15));
#1675 = CARTESIAN_POINT('',(0.471238943546,3.047273330776E-15));
#1676 = CARTESIAN_POINT('',(0.628318572325,-6.576017682411E-16));
#1677 = CARTESIAN_POINT('',(0.94247775447,9.009611441748E-17));
#1678 = CARTESIAN_POINT('',(1.099557383249,-2.610535413618E-15));
#1679 = CARTESIAN_POINT('',(1.25663747044,3.36255392731E-15));
#1680 = CARTESIAN_POINT('',(1.41371663006,-2.246589746723E-15));
#1681 = CARTESIAN_POINT('',(1.570796326795,0.));
#1682 = ( GEOMETRIC_REPRESENTATION_CONTEXT(2) 
PARAMETRIC_REPRESENTATION_CONTEXT() REPRESENTATION_CONTEXT('2D SPACE',''
  ) );
#1683 = ADVANCED_FACE('',(#1684),#152,.T.);
#1684 = FACE_BOUND('',#1685,.T.);
#1685 = EDGE_LOOP('',(#1686,#1712,#1713,#1714));
#1686 = ORIENTED_EDGE('',*,*,#1687,.T.);
#1687 = EDGE_CURVE('',#1509,#1554,#1688,.T.);
#1688 = SURFACE_CURVE('',#1689,(#1692,#1698),.PCURVE_S1.);
#1689 = B_SPLINE_CURVE_WITH_KNOTS('',1,(#1690,#1691),.UNSPECIFIED.,.F.,
  .F.,(2,2),(59.,80.),.PIECEWISE_BEZIER_KNOTS.);
#1690 = CARTESIAN_POINT('',(31.,2.,6.));
#1691 = CARTESIAN_POINT('',(10.,2.,6.));
#1692 = PCURVE('',#152,#1693);
#1693 = DEFINITIONAL_REPRESENTATION('',(#1694),#1697);
#1694 = B_SPLINE_CURVE_WITH_KNOTS('',1,(#1695,#1696),.UNSPECIFIED.,.F.,
  .F.,(2,2),(59.,80.),.PIECEWISE_BEZIER_KNOTS.);
#1695 = CARTESIAN_POINT('',(6.,31.));
#1696 = CARTESIAN_POINT('',(6.,10.));
#1697 = ( GEOMETRIC_REPRESENTATION_CONTEXT(2) 
PARAMETRIC_REPRESENTATION_CONTEXT() REPRESENTATION_CONTEXT('2D SPACE',''
  ) );
#1698 = PCURVE('',#1699,#1706);
#1699 = ( BOUNDED_SURFACE() B_SPLINE_SURFACE(2,1,(
    (#1700,#1701)
    ,(#1702,#1703)
    ,(#1704,#1705
)),.UNSPECIFIED.,.F.,.F.,.F.) B_SPLINE_SURFACE_WITH_KNOTS((3,3),(2,2),(
    0.,1.570796326795),(59.,80.),.PIECEWISE_BEZIER_KNOTS.) 
GEOMETRIC_REPRESENTATION_ITEM() RATIONAL_B_SPLINE_SURFACE((
    (1.,1.)
    ,(0.707106781187,0.707106781187)
,(1.,1.))) REPRESENTATION_ITEM('') SURFACE() );
#1700 = CARTESIAN_POINT('',(31.,2.,6.));
#1701 = CARTESIAN_POINT('',(10.,2.,6.));
#1702 = CARTESIAN_POINT('',(31.,2.,2.));
#1703 = CARTESIAN_POINT('',(10.,2.,2.));
#1704 = CARTESIAN_POINT('',(31.,6.,2.));
#1705 = CARTESIAN_POINT('',(10.,6.,2.));
#1706 = DEFINITIONAL_REPRESENTATION('',(#1707),#1711);
#1707 = B_SPLINE_CURVE_WITH_KNOTS('',2,(#1708,#1709,#1710),
  .UNSPECIFIED.,.F.,.F.,(3,3),(59.,80.),.PIECEWISE_BEZIER_KNOTS.);
#1708 = CARTESIAN_POINT('',(0.,59.));
#1709 = CARTESIAN_POINT('',(0.,69.5));
#1710 = CARTESIAN_POINT('',(0.,80.));
#1711 = ( GEOMETRIC_REPRESENTATION_CONTEXT(2) 
PARAMETRIC_REPRESENTATION_CONTEXT() REPRESENTATION_CONTEXT('2D SPACE',''
  ) );
#1712 = ORIENTED_EDGE('',*,*,#1553,.T.);
#1713 = ORIENTED_EDGE('',*,*,#138,.T.);
#1714 = ORIENTED_EDGE('',*,*,#1531,.T.);
#1715 = ADVANCED_FACE('',(#1716),#306,.F.);
#1716 = FACE_BOUND('',#1717,.F.);
#1717 = EDGE_LOOP('',(#1718,#1739,#1767,#1786));
#1718 = ORIENTED_EDGE('',*,*,#1719,.F.);
#1719 = EDGE_CURVE('',#1720,#291,#1722,.T.);
#1720 = VERTEX_POINT('',#1721);
#1721 = CARTESIAN_POINT('',(-2.,10.,6.));
#1722 = SURFACE_CURVE('',#1723,(#1726,#1732),.PCURVE_S1.);
#1723 = B_SPLINE_CURVE_WITH_KNOTS('',1,(#1724,#1725),.UNSPECIFIED.,.F.,
  .F.,(2,2),(6.,30.),.PIECEWISE_BEZIER_KNOTS.);
#1724 = CARTESIAN_POINT('',(-2.,10.,6.));
#1725 = CARTESIAN_POINT('',(-2.,10.,30.));
#1726 = PCURVE('',#306,#1727);
#1727 = DEFINITIONAL_REPRESENTATION('',(#1728),#1731);
#1728 = B_SPLINE_CURVE_WITH_KNOTS('',1,(#1729,#1730),.UNSPECIFIED.,.F.,
  .F.,(2,2),(6.,30.),.PIECEWISE_BEZIER_KNOTS.);
#1729 = CARTESIAN_POINT('',(6.,-10.));
#1730 = CARTESIAN_POINT('',(30.,-10.));
#1731 = ( GEOMETRIC_REPRESENTATION_CONTEXT(2) 
PARAMETRIC_REPRESENTATION_CONTEXT() REPRESENTATION_CONTEXT('2D SPACE',''
  ) );
#1732 = PCURVE('',#345,#1733);
#1733 = DEFINITIONAL_REPRESENTATION('',(#1734),#1738);
#1734 = B_SPLINE_CURVE_WITH_KNOTS('',2,(#1735,#1736,#1737),
  .UNSPECIFIED.,.F.,.F.,(3,3),(6.,30.),.PIECEWISE_BEZIER_KNOTS.);
#1735 = CARTESIAN_POINT('',(0.,6.));
#1736 = CARTESIAN_POINT('',(0.,18.));
#1737 = CARTESIAN_POINT('',(0.,30.));
#1738 = ( GEOMETRIC_REPRESENTATION_CONTEXT(2) 
PARAMETRIC_REPRESENTATION_CONTEXT() REPRESENTATION_CONTEXT('2D SPACE',''
  ) );
#1739 = ORIENTED_EDGE('',*,*,#1740,.T.);
#1740 = EDGE_CURVE('',#1720,#1741,#1743,.T.);
#1741 = VERTEX_POINT('',#1742);
#1742 = CARTESIAN_POINT('',(-2.,60.,6.));
#1743 = SURFACE_CURVE('',#1744,(#1747,#1753),.PCURVE_S1.);
#1744 = B_SPLINE_CURVE_WITH_KNOTS('',1,(#1745,#1746),.UNSPECIFIED.,.F.,
  .F.,(2,2),(-0.,50.),.PIECEWISE_BEZIER_KNOTS.);
#1745 = CARTESIAN_POINT('',(-2.,10.,6.));
#1746 = CARTESIAN_POINT('',(-2.,60.,6.));
#1747 = PCURVE('',#306,#1748);
#1748 = DEFINITIONAL_REPRESENTATION('',(#1749),#1752);
#1749 = B_SPLINE_CURVE_WITH_KNOTS('',1,(#1750,#1751),.UNSPECIFIED.,.F.,
  .F.,(2,2),(-0.,50.),.PIECEWISE_BEZIER_KNOTS.);
#1750 = CARTESIAN_POINT('',(6.,-10.));
#1751 = CARTESIAN_POINT('',(6.,-60.));
#1752 = ( GEOMETRIC_REPRESENTATION_CONTEXT(2) 
PARAMETRIC_REPRESENTATION_CONTEXT() REPRESENTATION_CONTEXT('2D SPACE',''
  ) );
#1753 = PCURVE('',#1754,#1761);
#1754 = ( BOUNDED_SURFACE() B_SPLINE_SURFACE(2,1,(
    (#1755,#1756)
    ,(#1757,#1758)
    ,(#1759,#1760
)),.UNSPECIFIED.,.F.,.F.,.F.) B_SPLINE_SURFACE_WITH_KNOTS((3,3),(2,2),(
    0.,1.570796326795),(0.,50.),.PIECEWISE_BEZIER_KNOTS.) 
GEOMETRIC_REPRESENTATION_ITEM() RATIONAL_B_SPLINE_SURFACE((
    (1.,1.)
    ,(0.707106781187,0.707106781187)
,(1.,1.))) REPRESENTATION_ITEM('') SURFACE() );
#1755 = CARTESIAN_POINT('',(-2.,10.,6.));
#1756 = CARTESIAN_POINT('',(-2.,60.,6.));
#1757 = CARTESIAN_POINT('',(-2.,10.,-2.));
#1758 = CARTESIAN_POINT('',(-2.,60.,-2.));
#1759 = CARTESIAN_POINT('',(6.,10.,-2.));
#1760 = CARTESIAN_POINT('',(6.,60.,-2.));
#1761 = DEFINITIONAL_REPRESENTATION('',(#1762),#1766);
#1762 = B_SPLINE_CURVE_WITH_KNOTS('',2,(#1763,#1764,#1765),
  .UNSPECIFIED.,.F.,.F.,(3,3),(1.7763568394E-15,50.),
  .PIECEWISE_BEZIER_KNOTS.);
#1763 = CARTESIAN_POINT('',(0.,1.7763568394E-15));
#1764 = CARTESIAN_POINT('',(0.,25.));
#1765 = CARTESIAN_POINT('',(0.,50.));
#1766 = ( GEOMETRIC_REPRESENTATION_CONTEXT(2) 
PARAMETRIC_REPRESENTATION_CONTEXT() REPRESENTATION_CONTEXT('2D SPACE',''
  ) );
#1767 = ORIENTED_EDGE('',*,*,#1768,.T.);
#1768 = EDGE_CURVE('',#1741,#293,#1769,.T.);
#1769 = SURFACE_CURVE('',#1770,(#1773,#1779),.PCURVE_S1.);
#1770 = B_SPLINE_CURVE_WITH_KNOTS('',1,(#1771,#1772),.UNSPECIFIED.,.F.,
  .F.,(2,2),(6.,30.),.PIECEWISE_BEZIER_KNOTS.);
#1771 = CARTESIAN_POINT('',(-2.,60.,6.));
#1772 = CARTESIAN_POINT('',(-2.,60.,30.));
#1773 = PCURVE('',#306,#1774);
#1774 = DEFINITIONAL_REPRESENTATION('',(#1775),#1778);
#1775 = B_SPLINE_CURVE_WITH_KNOTS('',1,(#1776,#1777),.UNSPECIFIED.,.F.,
  .F.,(2,2),(6.,30.),.PIECEWISE_BEZIER_KNOTS.);
#1776 = CARTESIAN_POINT('',(6.,-60.));
#1777 = CARTESIAN_POINT('',(30.,-60.));
#1778 = ( GEOMETRIC_REPRESENTATION_CONTEXT(2) 
PARAMETRIC_REPRESENTATION_CONTEXT() REPRESENTATION_CONTEXT('2D SPACE',''
  ) );
#1779 = PCURVE('',#571,#1780);
#1780 = DEFINITIONAL_REPRESENTATION('',(#1781),#1785);
#1781 = B_SPLINE_CURVE_WITH_KNOTS('',2,(#1782,#1783,#1784),
  .UNSPECIFIED.,.F.,.F.,(3,3),(6.,30.),.PIECEWISE_BEZIER_KNOTS.);
#1782 = CARTESIAN_POINT('',(0.,6.));
#1783 = CARTESIAN_POINT('',(0.,18.));
#1784 = CARTESIAN_POINT('',(0.,30.));
#1785 = ( GEOMETRIC_REPRESENTATION_CONTEXT(2) 
PARAMETRIC_REPRESENTATION_CONTEXT() REPRESENTATION_CONTEXT('2D SPACE',''
  ) );
#1786 = ORIENTED_EDGE('',*,*,#290,.F.);
#1787 = ADVANCED_FACE('',(#1788),#345,.T.);
#1788 = FACE_BOUND('',#1789,.T.);
#1789 = EDGE_LOOP('',(#1790,#1811,#1812,#1813));
#1790 = ORIENTED_EDGE('',*,*,#1791,.T.);
#1791 = EDGE_CURVE('',#1792,#318,#1794,.T.);
#1792 = VERTEX_POINT('',#1793);
#1793 = CARTESIAN_POINT('',(10.,-2.,6.));
#1794 = SURFACE_CURVE('',#1795,(#1798,#1805),.PCURVE_S1.);
#1795 = B_SPLINE_CURVE_WITH_KNOTS('',1,(#1796,#1797),.UNSPECIFIED.,.F.,
  .F.,(2,2),(6.,30.),.PIECEWISE_BEZIER_KNOTS.);
#1796 = CARTESIAN_POINT('',(10.,-2.,6.));
#1797 = CARTESIAN_POINT('',(10.,-2.,30.));
#1798 = PCURVE('',#345,#1799);
#1799 = DEFINITIONAL_REPRESENTATION('',(#1800),#1804);
#1800 = B_SPLINE_CURVE_WITH_KNOTS('',2,(#1801,#1802,#1803),
  .UNSPECIFIED.,.F.,.F.,(3,3),(6.,30.),.PIECEWISE_BEZIER_KNOTS.);
#1801 = CARTESIAN_POINT('',(1.570796326795,6.));
#1802 = CARTESIAN_POINT('',(1.570796326795,18.));
#1803 = CARTESIAN_POINT('',(1.570796326795,30.));
#1804 = ( GEOMETRIC_REPRESENTATION_CONTEXT(2) 
PARAMETRIC_REPRESENTATION_CONTEXT() REPRESENTATION_CONTEXT('2D SPACE',''
  ) );
#1805 = PCURVE('',#382,#1806);
#1806 = DEFINITIONAL_REPRESENTATION('',(#1807),#1810);
#1807 = B_SPLINE_CURVE_WITH_KNOTS('',1,(#1808,#1809),.UNSPECIFIED.,.F.,
  .F.,(2,2),(6.,30.),.PIECEWISE_BEZIER_KNOTS.);
#1808 = CARTESIAN_POINT('',(6.,10.));
#1809 = CARTESIAN_POINT('',(30.,10.));
#1810 = ( GEOMETRIC_REPRESENTATION_CONTEXT(2) 
PARAMETRIC_REPRESENTATION_CONTEXT() REPRESENTATION_CONTEXT('2D SPACE',''
  ) );
#1811 = ORIENTED_EDGE('',*,*,#317,.F.);
#1812 = ORIENTED_EDGE('',*,*,#1719,.F.);
#1813 = ORIENTED_EDGE('',*,*,#1814,.F.);
#1814 = EDGE_CURVE('',#1792,#1720,#1815,.T.);
#1815 = SURFACE_CURVE('',#1816,(#1826,#1842),.PCURVE_S1.);
#1816 = B_SPLINE_CURVE_WITH_KNOTS('',8,(#1817,#1818,#1819,#1820,#1821,
    #1822,#1823,#1824,#1825),.UNSPECIFIED.,.F.,.F.,(9,9),(
    -2.22044604925E-16,1.570796326795),.PIECEWISE_BEZIER_KNOTS.);
#1817 = CARTESIAN_POINT('',(10.,-2.,6.));
#1818 = CARTESIAN_POINT('',(7.643805509808,-2.,6.));
#1819 = CARTESIAN_POINT('',(5.287610277949,-1.471270532466,6.));
#1820 = CARTESIAN_POINT('',(3.069841187979,-0.413816790457,6.));
#1821 = CARTESIAN_POINT('',(1.128894930641,1.128894930641,6.));
#1822 = CARTESIAN_POINT('',(-0.413816790457,3.069841187979,6.));
#1823 = CARTESIAN_POINT('',(-1.471270532466,5.28761027795,6.));
#1824 = CARTESIAN_POINT('',(-2.,7.643805509808,6.));
#1825 = CARTESIAN_POINT('',(-2.,10.,6.));
#1826 = PCURVE('',#345,#1827);
#1827 = DEFINITIONAL_REPRESENTATION('',(#1828),#1841);
#1828 = B_SPLINE_CURVE_WITH_KNOTS('',6,(#1829,#1830,#1831,#1832,#1833,
    #1834,#1835,#1836,#1837,#1838,#1839,#1840),.UNSPECIFIED.,.F.,.F.,(7,
    5,7),(-2.22044604925E-16,0.785398163397,1.570796326795),
  .UNSPECIFIED.);
#1829 = CARTESIAN_POINT('',(1.570796326795,6.));
#1830 = CARTESIAN_POINT('',(1.425403674215,5.999999999999));
#1831 = CARTESIAN_POINT('',(1.289467915818,6.000000000004));
#1832 = CARTESIAN_POINT('',(1.15960852449,5.999999999987));
#1833 = CARTESIAN_POINT('',(1.033601420773,6.000000000004));
#1834 = CARTESIAN_POINT('',(0.909498545763,5.999999999999));
#1835 = CARTESIAN_POINT('',(0.661297781031,6.));
#1836 = CARTESIAN_POINT('',(0.537194906024,6.));
#1837 = CARTESIAN_POINT('',(0.411187802303,5.999999999996));
#1838 = CARTESIAN_POINT('',(0.281328410979,6.000000000002));
#1839 = CARTESIAN_POINT('',(0.145392652579,6.));
#1840 = CARTESIAN_POINT('',(-4.268017377091E-15,6.));
#1841 = ( GEOMETRIC_REPRESENTATION_CONTEXT(2) 
PARAMETRIC_REPRESENTATION_CONTEXT() REPRESENTATION_CONTEXT('2D SPACE',''
  ) );
#1842 = PCURVE('',#1843,#1908);
#1843 = B_SPLINE_SURFACE_WITH_KNOTS('',7,7,(
    (#1844,#1845,#1846,#1847,#1848,#1849,#1850,#1851)
    ,(#1852,#1853,#1854,#1855,#1856,#1857,#1858,#1859)
    ,(#1860,#1861,#1862,#1863,#1864,#1865,#1866,#1867)
    ,(#1868,#1869,#1870,#1871,#1872,#1873,#1874,#1875)
    ,(#1876,#1877,#1878,#1879,#1880,#1881,#1882,#1883)
    ,(#1884,#1885,#1886,#1887,#1888,#1889,#1890,#1891)
    ,(#1892,#1893,#1894,#1895,#1896,#1897,#1898,#1899)
    ,(#1900,#1901,#1902,#1903,#1904,#1905,#1906,#1907
  )),.UNSPECIFIED.,.F.,.F.,.F.,(8,8),(8,8),(0.,1.570796326795),(0.,
    1.570796326795),.PIECEWISE_BEZIER_KNOTS.);
#1844 = CARTESIAN_POINT('',(10.,-2.,6.));
#1845 = CARTESIAN_POINT('',(10.,-2.,4.204804197949));
#1846 = CARTESIAN_POINT('',(10.,-1.530018838043,2.409608395897));
#1847 = CARTESIAN_POINT('',(10.,-0.590092836275,0.762030423827));
#1848 = CARTESIAN_POINT('',(10.,0.762030423827,-0.590092836275));
#1849 = CARTESIAN_POINT('',(10.,2.409608395897,-1.530018838043));
#1850 = CARTESIAN_POINT('',(10.,4.204804197949,-2.));
#1851 = CARTESIAN_POINT('',(10.,6.,-2.));
#1852 = CARTESIAN_POINT('',(7.307206296923,-2.,6.));
#1853 = CARTESIAN_POINT('',(7.307206296923,-2.,4.204804197949));
#1854 = CARTESIAN_POINT('',(7.412669823046,-1.530018838043,
    2.409608395897));
#1855 = CARTESIAN_POINT('',(7.623588724624,-0.590092836276,
    0.762030423827));
#1856 = CARTESIAN_POINT('',(7.927004474671,0.762030423828,
    -0.590092836275));
#1857 = CARTESIAN_POINT('',(8.296720107049,2.409608395897,
    -1.530018838043));
#1858 = CARTESIAN_POINT('',(8.699561103011,4.204804197949,-2.));
#1859 = CARTESIAN_POINT('',(9.102402098974,6.,-2.));
#1860 = CARTESIAN_POINT('',(4.614412593846,-1.295028257065,6.));
#1861 = CARTESIAN_POINT('',(4.614412593846,-1.295028257065,
    4.204804197949));
#1862 = CARTESIAN_POINT('',(4.825339646094,-0.852657381684,
    2.409608395897));
#1863 = CARTESIAN_POINT('',(5.247177449245,3.205018077981E-02,
    0.762030423827));
#1864 = CARTESIAN_POINT('',(5.854008949347,1.304739383266,
    -0.590092836275));
#1865 = CARTESIAN_POINT('',(6.593440214095,2.855526029125,
    -1.530018838044));
#1866 = CARTESIAN_POINT('',(7.399122206024,4.545258305049,-2.));
#1867 = CARTESIAN_POINT('',(8.204804197949,6.234990580978,-2.));
#1868 = CARTESIAN_POINT('',(2.143045635741,0.114860745587,6.));
#1869 = CARTESIAN_POINT('',(2.143045635741,0.114860745586,4.204804197949
    ));
#1870 = CARTESIAN_POINT('',(2.450764014202,0.502013181664,2.409608395897
    ));
#1871 = CARTESIAN_POINT('',(3.066176989346,1.276288133017,0.762030423828
    ));
#1872 = CARTESIAN_POINT('',(3.951474551796,2.390115359297,
    -0.590092836276));
#1873 = CARTESIAN_POINT('',(5.030219963313,3.747326833157,
    -1.530018838043));
#1874 = CARTESIAN_POINT('',(6.20561758761,5.226140207513,-2.));
#1875 = CARTESIAN_POINT('',(7.381015211914,6.704953581862,-2.));
#1876 = CARTESIAN_POINT('',(0.114860745587,2.143045635741,6.));
#1877 = CARTESIAN_POINT('',(0.114860745587,2.143045635742,4.204804197949
    ));
#1878 = CARTESIAN_POINT('',(0.502013181662,2.450764014201,2.409608395897
    ));
#1879 = CARTESIAN_POINT('',(1.276288133019,3.066176989347,0.762030423827
    ));
#1880 = CARTESIAN_POINT('',(2.390115359295,3.951474551795,
    -0.590092836275));
#1881 = CARTESIAN_POINT('',(3.747326833156,5.030219963312,
    -1.530018838043));
#1882 = CARTESIAN_POINT('',(5.226140207512,6.20561758761,-2.));
#1883 = CARTESIAN_POINT('',(6.704953581862,7.381015211914,-2.));
#1884 = CARTESIAN_POINT('',(-1.295028257065,4.614412593846,6.));
#1885 = CARTESIAN_POINT('',(-1.295028257065,4.614412593845,
    4.204804197949));
#1886 = CARTESIAN_POINT('',(-0.852657381683,4.825339646095,
    2.409608395898));
#1887 = CARTESIAN_POINT('',(3.205018077873E-02,5.247177449244,
    0.762030423827));
#1888 = CARTESIAN_POINT('',(1.304739383266,5.854008949347,
    -0.590092836275));
#1889 = CARTESIAN_POINT('',(2.855526029125,6.593440214096,
    -1.530018838043));
#1890 = CARTESIAN_POINT('',(4.54525830505,7.399122206024,-2.));
#1891 = CARTESIAN_POINT('',(6.234990580978,8.204804197949,-2.));
#1892 = CARTESIAN_POINT('',(-2.,7.307206296923,6.));
#1893 = CARTESIAN_POINT('',(-2.,7.307206296923,4.204804197949));
#1894 = CARTESIAN_POINT('',(-1.530018838043,7.412669823046,
    2.409608395897));
#1895 = CARTESIAN_POINT('',(-0.590092836276,7.623588724624,
    0.762030423827));
#1896 = CARTESIAN_POINT('',(0.762030423828,7.927004474671,
    -0.590092836275));
#1897 = CARTESIAN_POINT('',(2.409608395897,8.296720107049,
    -1.530018838043));
#1898 = CARTESIAN_POINT('',(4.204804197949,8.699561103011,-2.));
#1899 = CARTESIAN_POINT('',(6.,9.102402098974,-2.));
#1900 = CARTESIAN_POINT('',(-2.,10.,6.));
#1901 = CARTESIAN_POINT('',(-2.,10.,4.204804197949));
#1902 = CARTESIAN_POINT('',(-1.530018838043,10.,2.409608395897));
#1903 = CARTESIAN_POINT('',(-0.590092836275,10.,0.762030423827));
#1904 = CARTESIAN_POINT('',(0.762030423827,10.,-0.590092836275));
#1905 = CARTESIAN_POINT('',(2.409608395897,10.,-1.530018838043));
#1906 = CARTESIAN_POINT('',(4.204804197949,10.,-2.));
#1907 = CARTESIAN_POINT('',(6.,10.,-2.));
#1908 = DEFINITIONAL_REPRESENTATION('',(#1909),#1920);
#1909 = B_SPLINE_CURVE_WITH_KNOTS('',5,(#1910,#1911,#1912,#1913,#1914,
    #1915,#1916,#1917,#1918,#1919),.UNSPECIFIED.,.F.,.F.,(6,4,6),(
    -2.22044604925E-16,0.785398163397,1.570796326795),.UNSPECIFIED.);
#1910 = CARTESIAN_POINT('',(-2.22044604925E-16,0.));
#1911 = CARTESIAN_POINT('',(0.157079696735,1.889595576598E-16));
#1912 = CARTESIAN_POINT('',(0.314158856355,-1.742624152569E-15));
#1913 = CARTESIAN_POINT('',(0.471238943546,7.341122500673E-16));
#1914 = CARTESIAN_POINT('',(0.628318572325,3.475081120082E-16));
#1915 = CARTESIAN_POINT('',(0.94247775447,7.409770573709E-17));
#1916 = CARTESIAN_POINT('',(1.099557383249,-1.048658199791E-15));
#1917 = CARTESIAN_POINT('',(1.25663747044,1.985639147122E-15));
#1918 = CARTESIAN_POINT('',(1.41371663006,-1.261341433414E-15));
#1919 = CARTESIAN_POINT('',(1.570796326795,-1.110223024625E-16));
#1920 = ( GEOMETRIC_REPRESENTATION_CONTEXT(2) 
PARAMETRIC_REPRESENTATION_CONTEXT() REPRESENTATION_CONTEXT('2D SPACE',''
  ) );
#1921 = ADVANCED_FACE('',(#1922),#382,.F.);
#1922 = FACE_BOUND('',#1923,.F.);
#1923 = EDGE_LOOP('',(#1924,#1925,#1926,#1947));
#1924 = ORIENTED_EDGE('',*,*,#1791,.T.);
#1925 = ORIENTED_EDGE('',*,*,#368,.T.);
#1926 = ORIENTED_EDGE('',*,*,#1927,.F.);
#1927 = EDGE_CURVE('',#1928,#369,#1930,.T.);
#1928 = VERTEX_POINT('',#1929);
#1929 = CARTESIAN_POINT('',(90.,-2.,6.));
#1930 = SURFACE_CURVE('',#1931,(#1934,#1940),.PCURVE_S1.);
#1931 = B_SPLINE_CURVE_WITH_KNOTS('',1,(#1932,#1933),.UNSPECIFIED.,.F.,
  .F.,(2,2),(6.,30.),.PIECEWISE_BEZIER_KNOTS.);
#1932 = CARTESIAN_POINT('',(90.,-2.,6.));
#1933 = CARTESIAN_POINT('',(90.,-2.,30.));
#1934 = PCURVE('',#382,#1935);
#1935 = DEFINITIONAL_REPRESENTATION('',(#1936),#1939);
#1936 = B_SPLINE_CURVE_WITH_KNOTS('',1,(#1937,#1938),.UNSPECIFIED.,.F.,
  .F.,(2,2),(6.,30.),.PIECEWISE_BEZIER_KNOTS.);
#1937 = CARTESIAN_POINT('',(6.,90.));
#1938 = CARTESIAN_POINT('',(30.,90.));
#1939 = ( GEOMETRIC_REPRESENTATION_CONTEXT(2) 
PARAMETRIC_REPRESENTATION_CONTEXT() REPRESENTATION_CONTEXT('2D SPACE',''
  ) );
#1940 = PCURVE('',#421,#1941);
#1941 = DEFINITIONAL_REPRESENTATION('',(#1942),#1946);
#1942 = B_SPLINE_CURVE_WITH_KNOTS('',2,(#1943,#1944,#1945),
  .UNSPECIFIED.,.F.,.F.,(3,3),(6.,30.),.PIECEWISE_BEZIER_KNOTS.);
#1943 = CARTESIAN_POINT('',(1.570796326795,6.));
#1944 = CARTESIAN_POINT('',(1.570796326795,18.));
#1945 = CARTESIAN_POINT('',(1.570796326795,30.));
#1946 = ( GEOMETRIC_REPRESENTATION_CONTEXT(2) 
PARAMETRIC_REPRESENTATION_CONTEXT() REPRESENTATION_CONTEXT('2D SPACE',''
  ) );
#1947 = ORIENTED_EDGE('',*,*,#1948,.T.);
#1948 = EDGE_CURVE('',#1928,#1792,#1949,.T.);
#1949 = SURFACE_CURVE('',#1950,(#1953,#1959),.PCURVE_S1.);
#1950 = B_SPLINE_CURVE_WITH_KNOTS('',1,(#1951,#1952),.UNSPECIFIED.,.F.,
  .F.,(2,2),(-0.,80.),.PIECEWISE_BEZIER_KNOTS.);
#1951 = CARTESIAN_POINT('',(90.,-2.,6.));
#1952 = CARTESIAN_POINT('',(10.,-2.,6.));
#1953 = PCURVE('',#382,#1954);
#1954 = DEFINITIONAL_REPRESENTATION('',(#1955),#1958);
#1955 = B_SPLINE_CURVE_WITH_KNOTS('',1,(#1956,#1957),.UNSPECIFIED.,.F.,
  .F.,(2,2),(-0.,80.),.PIECEWISE_BEZIER_KNOTS.);
#1956 = CARTESIAN_POINT('',(6.,90.));
#1957 = CARTESIAN_POINT('',(6.,10.));
#1958 = ( GEOMETRIC_REPRESENTATION_CONTEXT(2) 
PARAMETRIC_REPRESENTATION_CONTEXT() REPRESENTATION_CONTEXT('2D SPACE',''
  ) );
#1959 = PCURVE('',#1960,#1967);
#1960 = ( BOUNDED_SURFACE() B_SPLINE_SURFACE(2,1,(
    (#1961,#1962)
    ,(#1963,#1964)
    ,(#1965,#1966
)),.UNSPECIFIED.,.F.,.F.,.F.) B_SPLINE_SURFACE_WITH_KNOTS((3,3),(2,2),(
    0.,1.570796326795),(0.,80.),.PIECEWISE_BEZIER_KNOTS.) 
GEOMETRIC_REPRESENTATION_ITEM() RATIONAL_B_SPLINE_SURFACE((
    (1.,1.)
    ,(0.707106781187,0.707106781187)
,(1.,1.))) REPRESENTATION_ITEM('') SURFACE() );
#1961 = CARTESIAN_POINT('',(90.,-2.,6.));
#1962 = CARTESIAN_POINT('',(10.,-2.,6.));
#1963 = CARTESIAN_POINT('',(90.,-2.,-2.));
#1964 = CARTESIAN_POINT('',(10.,-2.,-2.));
#1965 = CARTESIAN_POINT('',(90.,6.,-2.));
#1966 = CARTESIAN_POINT('',(10.,6.,-2.));
#1967 = DEFINITIONAL_REPRESENTATION('',(#1968),#1972);
#1968 = B_SPLINE_CURVE_WITH_KNOTS('',2,(#1969,#1970,#1971),
  .UNSPECIFIED.,.F.,.F.,(3,3),(-0.,80.),.PIECEWISE_BEZIER_KNOTS.);
#1969 = CARTESIAN_POINT('',(0.,0.));
#1970 = CARTESIAN_POINT('',(0.,40.));
#1971 = CARTESIAN_POINT('',(0.,80.));
#1972 = ( GEOMETRIC_REPRESENTATION_CONTEXT(2) 
PARAMETRIC_REPRESENTATION_CONTEXT() REPRESENTATION_CONTEXT('2D SPACE',''
  ) );
#1973 = ADVANCED_FACE('',(#1974),#421,.F.);
#1974 = FACE_BOUND('',#1975,.F.);
#1975 = EDGE_LOOP('',(#1976,#1977,#1978,#1999));
#1976 = ORIENTED_EDGE('',*,*,#1927,.T.);
#1977 = ORIENTED_EDGE('',*,*,#393,.F.);
#1978 = ORIENTED_EDGE('',*,*,#1979,.F.);
#1979 = EDGE_CURVE('',#1980,#394,#1982,.T.);
#1980 = VERTEX_POINT('',#1981);
#1981 = CARTESIAN_POINT('',(102.,10.,6.));
#1982 = SURFACE_CURVE('',#1983,(#1986,#1993),.PCURVE_S1.);
#1983 = B_SPLINE_CURVE_WITH_KNOTS('',1,(#1984,#1985),.UNSPECIFIED.,.F.,
  .F.,(2,2),(6.,30.),.PIECEWISE_BEZIER_KNOTS.);
#1984 = CARTESIAN_POINT('',(102.,10.,6.));
#1985 = CARTESIAN_POINT('',(102.,10.,30.));
#1986 = PCURVE('',#421,#1987);
#1987 = DEFINITIONAL_REPRESENTATION('',(#1988),#1992);
#1988 = B_SPLINE_CURVE_WITH_KNOTS('',2,(#1989,#1990,#1991),
  .UNSPECIFIED.,.F.,.F.,(3,3),(6.,30.),.PIECEWISE_BEZIER_KNOTS.);
#1989 = CARTESIAN_POINT('',(0.,6.));
#1990 = CARTESIAN_POINT('',(0.,18.));
#1991 = CARTESIAN_POINT('',(0.,30.));
#1992 = ( GEOMETRIC_REPRESENTATION_CONTEXT(2) 
PARAMETRIC_REPRESENTATION_CONTEXT() REPRESENTATION_CONTEXT('2D SPACE',''
  ) );
#1993 = PCURVE('',#458,#1994);
#1994 = DEFINITIONAL_REPRESENTATION('',(#1995),#1998);
#1995 = B_SPLINE_CURVE_WITH_KNOTS('',1,(#1996,#1997),.UNSPECIFIED.,.F.,
  .F.,(2,2),(6.,30.),.PIECEWISE_BEZIER_KNOTS.);
#1996 = CARTESIAN_POINT('',(6.,-10.));
#1997 = CARTESIAN_POINT('',(30.,-10.));
#1998 = ( GEOMETRIC_REPRESENTATION_CONTEXT(2) 
PARAMETRIC_REPRESENTATION_CONTEXT() REPRESENTATION_CONTEXT('2D SPACE',''
  ) );
#1999 = ORIENTED_EDGE('',*,*,#2000,.T.);
#2000 = EDGE_CURVE('',#1980,#1928,#2001,.T.);
#2001 = SURFACE_CURVE('',#2002,(#2012,#2028),.PCURVE_S1.);
#2002 = B_SPLINE_CURVE_WITH_KNOTS('',8,(#2003,#2004,#2005,#2006,#2007,
    #2008,#2009,#2010,#2011),.UNSPECIFIED.,.F.,.F.,(9,9),(0.,
    1.570796326795),.PIECEWISE_BEZIER_KNOTS.);
#2003 = CARTESIAN_POINT('',(102.,10.,6.));
#2004 = CARTESIAN_POINT('',(102.,7.643805509808,6.));
#2005 = CARTESIAN_POINT('',(101.47127053246,5.287610277949,6.));
#2006 = CARTESIAN_POINT('',(100.41381679045,3.069841187979,6.));
#2007 = CARTESIAN_POINT('',(98.871105069357,1.128894930641,6.));
#2008 = CARTESIAN_POINT('',(96.930158812022,-0.413816790457,6.));
#2009 = CARTESIAN_POINT('',(94.71238972205,-1.471270532466,6.));
#2010 = CARTESIAN_POINT('',(92.356194490192,-2.,6.));
#2011 = CARTESIAN_POINT('',(90.,-2.,6.));
#2012 = PCURVE('',#421,#2013);
#2013 = DEFINITIONAL_REPRESENTATION('',(#2014),#2027);
#2014 = B_SPLINE_CURVE_WITH_KNOTS('',6,(#2015,#2016,#2017,#2018,#2019,
    #2020,#2021,#2022,#2023,#2024,#2025,#2026),.UNSPECIFIED.,.F.,.F.,(7,
    5,7),(0.,0.785398163397,1.570796326795),.UNSPECIFIED.);
#2015 = CARTESIAN_POINT('',(0.,6.));
#2016 = CARTESIAN_POINT('',(0.145392652579,6.));
#2017 = CARTESIAN_POINT('',(0.281328410979,6.000000000002));
#2018 = CARTESIAN_POINT('',(0.411187802302,5.999999999988));
#2019 = CARTESIAN_POINT('',(0.537194906025,6.000000000003));
#2020 = CARTESIAN_POINT('',(0.661297781031,5.999999999999));
#2021 = CARTESIAN_POINT('',(0.909498545764,5.999999999999));
#2022 = CARTESIAN_POINT('',(1.033601420771,6.000000000005));
#2023 = CARTESIAN_POINT('',(1.159608524493,5.999999999985));
#2024 = CARTESIAN_POINT('',(1.289467915817,6.000000000006));
#2025 = CARTESIAN_POINT('',(1.425403674216,5.999999999999));
#2026 = CARTESIAN_POINT('',(1.570796326795,6.));
#2027 = ( GEOMETRIC_REPRESENTATION_CONTEXT(2) 
PARAMETRIC_REPRESENTATION_CONTEXT() REPRESENTATION_CONTEXT('2D SPACE',''
  ) );
#2028 = PCURVE('',#2029,#2094);
#2029 = B_SPLINE_SURFACE_WITH_KNOTS('',7,7,(
    (#2030,#2031,#2032,#2033,#2034,#2035,#2036,#2037)
    ,(#2038,#2039,#2040,#2041,#2042,#2043,#2044,#2045)
    ,(#2046,#2047,#2048,#2049,#2050,#2051,#2052,#2053)
    ,(#2054,#2055,#2056,#2057,#2058,#2059,#2060,#2061)
    ,(#2062,#2063,#2064,#2065,#2066,#2067,#2068,#2069)
    ,(#2070,#2071,#2072,#2073,#2074,#2075,#2076,#2077)
    ,(#2078,#2079,#2080,#2081,#2082,#2083,#2084,#2085)
    ,(#2086,#2087,#2088,#2089,#2090,#2091,#2092,#2093
  )),.UNSPECIFIED.,.F.,.F.,.F.,(8,8),(8,8),(0.,1.570796326795),(0.,
    1.570796326795),.PIECEWISE_BEZIER_KNOTS.);
#2030 = CARTESIAN_POINT('',(102.,10.,6.));
#2031 = CARTESIAN_POINT('',(102.,10.,4.204804197949));
#2032 = CARTESIAN_POINT('',(101.53001883804,10.,2.409608395897));
#2033 = CARTESIAN_POINT('',(100.59009283627,10.,0.762030423827));
#2034 = CARTESIAN_POINT('',(99.237969576171,10.,-0.590092836275));
#2035 = CARTESIAN_POINT('',(97.590391604103,10.,-1.530018838043));
#2036 = CARTESIAN_POINT('',(95.795195802051,10.,-2.));
#2037 = CARTESIAN_POINT('',(94.,10.,-2.));
#2038 = CARTESIAN_POINT('',(102.,7.307206296923,6.));
#2039 = CARTESIAN_POINT('',(102.,7.307206296923,4.204804197949));
#2040 = CARTESIAN_POINT('',(101.53001883803,7.412669823046,
    2.409608395897));
#2041 = CARTESIAN_POINT('',(100.59009283629,7.623588724625,
    0.762030423827));
#2042 = CARTESIAN_POINT('',(99.23796957615,7.92700447467,-0.590092836275
    ));
#2043 = CARTESIAN_POINT('',(97.590391604121,8.29672010705,
    -1.530018838043));
#2044 = CARTESIAN_POINT('',(95.795195802046,8.699561103011,-2.));
#2045 = CARTESIAN_POINT('',(94.,9.102402098974,-2.));
#2046 = CARTESIAN_POINT('',(101.29502825706,4.614412593846,6.));
#2047 = CARTESIAN_POINT('',(101.29502825706,4.614412593845,
    4.204804197949));
#2048 = CARTESIAN_POINT('',(100.85265738168,4.825339646095,
    2.409608395898));
#2049 = CARTESIAN_POINT('',(99.967949819192,5.247177449243,
    0.762030423827));
#2050 = CARTESIAN_POINT('',(98.695260616779,5.854008949348,
    -0.590092836275));
#2051 = CARTESIAN_POINT('',(97.144473970836,6.593440214094,
    -1.530018838044));
#2052 = CARTESIAN_POINT('',(95.454741694963,7.399122206024,-2.));
#2053 = CARTESIAN_POINT('',(93.765009419021,8.204804197949,-2.));
#2054 = CARTESIAN_POINT('',(99.885139254415,2.143045635741,6.));
#2055 = CARTESIAN_POINT('',(99.885139254414,2.143045635742,
    4.204804197949));
#2056 = CARTESIAN_POINT('',(99.497986818338,2.450764014201,
    2.409608395897));
#2057 = CARTESIAN_POINT('',(98.723711867015,3.066176989348,
    0.762030423828));
#2058 = CARTESIAN_POINT('',(97.609884640647,3.951474551794,
    -0.590092836276));
#2059 = CARTESIAN_POINT('',(96.252673166899,5.030219963313,
    -1.530018838043));
#2060 = CARTESIAN_POINT('',(94.773859792471,6.20561758761,-2.));
#2061 = CARTESIAN_POINT('',(93.295046418139,7.381015211914,-2.));
#2062 = CARTESIAN_POINT('',(97.856954364257,0.114860745587,6.));
#2063 = CARTESIAN_POINT('',(97.856954364258,0.114860745586,
    4.204804197948));
#2064 = CARTESIAN_POINT('',(97.549235985793,0.502013181664,
    2.409608395898));
#2065 = CARTESIAN_POINT('',(96.933823010629,1.276288133017,
    0.762030423826));
#2066 = CARTESIAN_POINT('',(96.048525448252,2.390115359296,
    -0.590092836275));
#2067 = CARTESIAN_POINT('',(94.969780036639,3.747326833156,
    -1.530018838044));
#2068 = CARTESIAN_POINT('',(93.794382412405,5.226140207512,-2.));
#2069 = CARTESIAN_POINT('',(92.618984788085,6.704953581862,-2.));
#2070 = CARTESIAN_POINT('',(95.385587406155,-1.295028257065,6.));
#2071 = CARTESIAN_POINT('',(95.385587406156,-1.295028257065,
    4.204804197949));
#2072 = CARTESIAN_POINT('',(95.174660353903,-0.852657381684,
    2.409608395897));
#2073 = CARTESIAN_POINT('',(94.752822550781,3.205018077954E-02,
    0.762030423828));
#2074 = CARTESIAN_POINT('',(94.145991050615,1.304739383266,
    -0.590092836276));
#2075 = CARTESIAN_POINT('',(93.406559785939,2.855526029125,
    -1.530018838043));
#2076 = CARTESIAN_POINT('',(92.600877793966,4.54525830505,-2.));
#2077 = CARTESIAN_POINT('',(91.795195802052,6.234990580978,-2.));
#2078 = CARTESIAN_POINT('',(92.692793703077,-2.,6.));
#2079 = CARTESIAN_POINT('',(92.692793703075,-2.,4.204804197949));
#2080 = CARTESIAN_POINT('',(92.587330176957,-1.530018838043,
    2.409608395897));
#2081 = CARTESIAN_POINT('',(92.376411275366,-0.590092836276,
    0.762030423827));
#2082 = CARTESIAN_POINT('',(92.072995525344,0.762030423828,
    -0.590092836275));
#2083 = CARTESIAN_POINT('',(91.703279892938,2.409608395897,
    -1.530018838043));
#2084 = CARTESIAN_POINT('',(91.300438896993,4.204804197949,-2.));
#2085 = CARTESIAN_POINT('',(90.897597901025,6.,-2.));
#2086 = CARTESIAN_POINT('',(90.,-2.,6.));
#2087 = CARTESIAN_POINT('',(90.,-2.,4.204804197949));
#2088 = CARTESIAN_POINT('',(89.999999999999,-1.530018838043,
    2.409608395897));
#2089 = CARTESIAN_POINT('',(90.000000000003,-0.590092836275,
    0.762030423827));
#2090 = CARTESIAN_POINT('',(89.999999999998,0.762030423827,
    -0.590092836275));
#2091 = CARTESIAN_POINT('',(90.000000000001,2.409608395897,
    -1.530018838043));
#2092 = CARTESIAN_POINT('',(90.,4.204804197949,-2.));
#2093 = CARTESIAN_POINT('',(90.,6.,-2.));
#2094 = DEFINITIONAL_REPRESENTATION('',(#2095),#2106);
#2095 = B_SPLINE_CURVE_WITH_KNOTS('',5,(#2096,#2097,#2098,#2099,#2100,
    #2101,#2102,#2103,#2104,#2105),.UNSPECIFIED.,.F.,.F.,(6,4,6),(0.,
    0.785398163397,1.570796326795),.UNSPECIFIED.);
#2096 = CARTESIAN_POINT('',(-1.685635467097E-28,1.110223024625E-16));
#2097 = CARTESIAN_POINT('',(0.157079696735,-2.67198129978E-16));
#2098 = CARTESIAN_POINT('',(0.314158856355,-7.69832742845E-16));
#2099 = CARTESIAN_POINT('',(0.471238943546,1.004900815751E-15));
#2100 = CARTESIAN_POINT('',(0.628318572325,1.371609861602E-16));
#2101 = CARTESIAN_POINT('',(0.94247775447,5.26691386275E-16));
#2102 = CARTESIAN_POINT('',(1.099557383249,-9.098063961993E-16));
#2103 = CARTESIAN_POINT('',(1.25663747044,2.008863218476E-15));
#2104 = CARTESIAN_POINT('',(1.41371663006,-1.408637018816E-15));
#2105 = CARTESIAN_POINT('',(1.570796326795,4.967017898364E-29));
#2106 = ( GEOMETRIC_REPRESENTATION_CONTEXT(2) 
PARAMETRIC_REPRESENTATION_CONTEXT() REPRESENTATION_CONTEXT('2D SPACE',''
  ) );
#2107 = ADVANCED_FACE('',(#2108),#458,.T.);
#2108 = FACE_BOUND('',#2109,.T.);
#2109 = EDGE_LOOP('',(#2110,#2111,#2139,#2158));
#2110 = ORIENTED_EDGE('',*,*,#1979,.F.);
#2111 = ORIENTED_EDGE('',*,*,#2112,.F.);
#2112 = EDGE_CURVE('',#2113,#1980,#2115,.T.);
#2113 = VERTEX_POINT('',#2114);
#2114 = CARTESIAN_POINT('',(102.,60.,6.));
#2115 = SURFACE_CURVE('',#2116,(#2119,#2125),.PCURVE_S1.);
#2116 = B_SPLINE_CURVE_WITH_KNOTS('',1,(#2117,#2118),.UNSPECIFIED.,.F.,
  .F.,(2,2),(0.,50.),.PIECEWISE_BEZIER_KNOTS.);
#2117 = CARTESIAN_POINT('',(102.,60.,6.));
#2118 = CARTESIAN_POINT('',(102.,10.,6.));
#2119 = PCURVE('',#458,#2120);
#2120 = DEFINITIONAL_REPRESENTATION('',(#2121),#2124);
#2121 = B_SPLINE_CURVE_WITH_KNOTS('',1,(#2122,#2123),.UNSPECIFIED.,.F.,
  .F.,(2,2),(0.,50.),.PIECEWISE_BEZIER_KNOTS.);
#2122 = CARTESIAN_POINT('',(6.,-60.));
#2123 = CARTESIAN_POINT('',(6.,-10.));
#2124 = ( GEOMETRIC_REPRESENTATION_CONTEXT(2) 
PARAMETRIC_REPRESENTATION_CONTEXT() REPRESENTATION_CONTEXT('2D SPACE',''
  ) );
#2125 = PCURVE('',#2126,#2133);
#2126 = ( BOUNDED_SURFACE() B_SPLINE_SURFACE(2,1,(
    (#2127,#2128)
    ,(#2129,#2130)
    ,(#2131,#2132
)),.UNSPECIFIED.,.F.,.F.,.F.) B_SPLINE_SURFACE_WITH_KNOTS((3,3),(2,2),(
    0.,1.570796326795),(0.,50.),.PIECEWISE_BEZIER_KNOTS.) 
GEOMETRIC_REPRESENTATION_ITEM() RATIONAL_B_SPLINE_SURFACE((
    (1.,1.)
    ,(0.707106781187,0.707106781187)
,(1.,1.))) REPRESENTATION_ITEM('') SURFACE() );
#2127 = CARTESIAN_POINT('',(102.,60.,6.));
#2128 = CARTESIAN_POINT('',(102.,10.,6.));
#2129 = CARTESIAN_POINT('',(102.,60.,-2.));
#2130 = CARTESIAN_POINT('',(102.,10.,-2.));
#2131 = CARTESIAN_POINT('',(94.,60.,-2.));
#2132 = CARTESIAN_POINT('',(94.,10.,-2.));
#2133 = DEFINITIONAL_REPRESENTATION('',(#2134),#2138);
#2134 = B_SPLINE_CURVE_WITH_KNOTS('',2,(#2135,#2136,#2137),
  .UNSPECIFIED.,.F.,.F.,(3,3),(0.,50.),.PIECEWISE_BEZIER_KNOTS.);
#2135 = CARTESIAN_POINT('',(0.,0.));
#2136 = CARTESIAN_POINT('',(0.,25.));
#2137 = CARTESIAN_POINT('',(0.,50.));
#2138 = ( GEOMETRIC_REPRESENTATION_CONTEXT(2) 
PARAMETRIC_REPRESENTATION_CONTEXT() REPRESENTATION_CONTEXT('2D SPACE',''
  ) );
#2139 = ORIENTED_EDGE('',*,*,#2140,.T.);
#2140 = EDGE_CURVE('',#2113,#445,#2141,.T.);
#2141 = SURFACE_CURVE('',#2142,(#2145,#2151),.PCURVE_S1.);
#2142 = B_SPLINE_CURVE_WITH_KNOTS('',1,(#2143,#2144),.UNSPECIFIED.,.F.,
  .F.,(2,2),(6.,30.),.PIECEWISE_BEZIER_KNOTS.);
#2143 = CARTESIAN_POINT('',(102.,60.,6.));
#2144 = CARTESIAN_POINT('',(102.,60.,30.));
#2145 = PCURVE('',#458,#2146);
#2146 = DEFINITIONAL_REPRESENTATION('',(#2147),#2150);
#2147 = B_SPLINE_CURVE_WITH_KNOTS('',1,(#2148,#2149),.UNSPECIFIED.,.F.,
  .F.,(2,2),(6.,30.),.PIECEWISE_BEZIER_KNOTS.);
#2148 = CARTESIAN_POINT('',(6.,-60.));
#2149 = CARTESIAN_POINT('',(30.,-60.));
#2150 = ( GEOMETRIC_REPRESENTATION_CONTEXT(2) 
PARAMETRIC_REPRESENTATION_CONTEXT() REPRESENTATION_CONTEXT('2D SPACE',''
  ) );
#2151 = PCURVE('',#497,#2152);
#2152 = DEFINITIONAL_REPRESENTATION('',(#2153),#2157);
#2153 = B_SPLINE_CURVE_WITH_KNOTS('',2,(#2154,#2155,#2156),
  .UNSPECIFIED.,.F.,.F.,(3,3),(6.,30.),.PIECEWISE_BEZIER_KNOTS.);
#2154 = CARTESIAN_POINT('',(0.,6.));
#2155 = CARTESIAN_POINT('',(0.,18.));
#2156 = CARTESIAN_POINT('',(0.,30.));
#2157 = ( GEOMETRIC_REPRESENTATION_CONTEXT(2) 
PARAMETRIC_REPRESENTATION_CONTEXT() REPRESENTATION_CONTEXT('2D SPACE',''
  ) );
#2158 = ORIENTED_EDGE('',*,*,#444,.F.);
#2159 = ADVANCED_FACE('',(#2160),#497,.T.);
#2160 = FACE_BOUND('',#2161,.T.);
#2161 = EDGE_LOOP('',(#2162,#2183,#2184,#2185));
#2162 = ORIENTED_EDGE('',*,*,#2163,.T.);
#2163 = EDGE_CURVE('',#2164,#470,#2166,.T.);
#2164 = VERTEX_POINT('',#2165);
#2165 = CARTESIAN_POINT('',(90.,72.,6.));
#2166 = SURFACE_CURVE('',#2167,(#2170,#2177),.PCURVE_S1.);
#2167 = B_SPLINE_CURVE_WITH_KNOTS('',1,(#2168,#2169),.UNSPECIFIED.,.F.,
  .F.,(2,2),(6.,30.),.PIECEWISE_BEZIER_KNOTS.);
#2168 = CARTESIAN_POINT('',(90.,72.,6.));
#2169 = CARTESIAN_POINT('',(90.,72.,30.));
#2170 = PCURVE('',#497,#2171);
#2171 = DEFINITIONAL_REPRESENTATION('',(#2172),#2176);
#2172 = B_SPLINE_CURVE_WITH_KNOTS('',2,(#2173,#2174,#2175),
  .UNSPECIFIED.,.F.,.F.,(3,3),(6.,30.),.PIECEWISE_BEZIER_KNOTS.);
#2173 = CARTESIAN_POINT('',(1.570796326795,6.));
#2174 = CARTESIAN_POINT('',(1.570796326795,18.));
#2175 = CARTESIAN_POINT('',(1.570796326795,30.));
#2176 = ( GEOMETRIC_REPRESENTATION_CONTEXT(2) 
PARAMETRIC_REPRESENTATION_CONTEXT() REPRESENTATION_CONTEXT('2D SPACE',''
  ) );
#2177 = PCURVE('',#534,#2178);
#2178 = DEFINITIONAL_REPRESENTATION('',(#2179),#2182);
#2179 = B_SPLINE_CURVE_WITH_KNOTS('',1,(#2180,#2181),.UNSPECIFIED.,.F.,
  .F.,(2,2),(6.,30.),.PIECEWISE_BEZIER_KNOTS.);
#2180 = CARTESIAN_POINT('',(6.,90.));
#2181 = CARTESIAN_POINT('',(30.,90.));
#2182 = ( GEOMETRIC_REPRESENTATION_CONTEXT(2) 
PARAMETRIC_REPRESENTATION_CONTEXT() REPRESENTATION_CONTEXT('2D SPACE',''
  ) );
#2183 = ORIENTED_EDGE('',*,*,#469,.F.);
#2184 = ORIENTED_EDGE('',*,*,#2140,.F.);
#2185 = ORIENTED_EDGE('',*,*,#2186,.F.);
#2186 = EDGE_CURVE('',#2164,#2113,#2187,.T.);
#2187 = SURFACE_CURVE('',#2188,(#2198,#2214),.PCURVE_S1.);
#2188 = B_SPLINE_CURVE_WITH_KNOTS('',8,(#2189,#2190,#2191,#2192,#2193,
    #2194,#2195,#2196,#2197),.UNSPECIFIED.,.F.,.F.,(9,9),(-0.,
    1.570796326795),.PIECEWISE_BEZIER_KNOTS.);
#2189 = CARTESIAN_POINT('',(90.,72.,6.));
#2190 = CARTESIAN_POINT('',(92.356194490192,72.,6.));
#2191 = CARTESIAN_POINT('',(94.712389722051,71.471270532465,6.));
#2192 = CARTESIAN_POINT('',(96.93015881202,70.413816790458,6.));
#2193 = CARTESIAN_POINT('',(98.871105069359,68.871105069358,6.));
#2194 = CARTESIAN_POINT('',(100.41381679045,66.930158812021,6.));
#2195 = CARTESIAN_POINT('',(101.47127053246,64.712389722051,6.));
#2196 = CARTESIAN_POINT('',(102.,62.356194490192,6.));
#2197 = CARTESIAN_POINT('',(102.,60.,6.));
#2198 = PCURVE('',#497,#2199);
#2199 = DEFINITIONAL_REPRESENTATION('',(#2200),#2213);
#2200 = B_SPLINE_CURVE_WITH_KNOTS('',6,(#2201,#2202,#2203,#2204,#2205,
    #2206,#2207,#2208,#2209,#2210,#2211,#2212),.UNSPECIFIED.,.F.,.F.,(7,
    5,7),(-0.,0.785398163397,1.570796326795),.UNSPECIFIED.);
#2201 = CARTESIAN_POINT('',(1.570796326795,6.));
#2202 = CARTESIAN_POINT('',(1.425403674216,6.));
#2203 = CARTESIAN_POINT('',(1.289467915815,6.000000000003));
#2204 = CARTESIAN_POINT('',(1.159608524494,5.999999999997));
#2205 = CARTESIAN_POINT('',(1.03360142077,6.000000000005));
#2206 = CARTESIAN_POINT('',(0.909498545764,6.));
#2207 = CARTESIAN_POINT('',(0.661297781031,5.999999999999));
#2208 = CARTESIAN_POINT('',(0.537194906024,6.000000000002));
#2209 = CARTESIAN_POINT('',(0.411187802303,5.999999999997));
#2210 = CARTESIAN_POINT('',(0.281328410978,6.000000000004));
#2211 = CARTESIAN_POINT('',(0.145392652579,5.999999999999));
#2212 = CARTESIAN_POINT('',(-3.552713678801E-15,6.));
#2213 = ( GEOMETRIC_REPRESENTATION_CONTEXT(2) 
PARAMETRIC_REPRESENTATION_CONTEXT() REPRESENTATION_CONTEXT('2D SPACE',''
  ) );
#2214 = PCURVE('',#2215,#2280);
#2215 = B_SPLINE_SURFACE_WITH_KNOTS('',7,7,(
    (#2216,#2217,#2218,#2219,#2220,#2221,#2222,#2223)
    ,(#2224,#2225,#2226,#2227,#2228,#2229,#2230,#2231)
    ,(#2232,#2233,#2234,#2235,#2236,#2237,#2238,#2239)
    ,(#2240,#2241,#2242,#2243,#2244,#2245,#2246,#2247)
    ,(#2248,#2249,#2250,#2251,#2252,#2253,#2254,#2255)
    ,(#2256,#2257,#2258,#2259,#2260,#2261,#2262,#2263)
    ,(#2264,#2265,#2266,#2267,#2268,#2269,#2270,#2271)
    ,(#2272,#2273,#2274,#2275,#2276,#2277,#2278,#2279
  )),.UNSPECIFIED.,.F.,.F.,.F.,(8,8),(8,8),(0.,1.570796326795),(0.,
    1.570796326795),.PIECEWISE_BEZIER_KNOTS.);
#2216 = CARTESIAN_POINT('',(90.,72.,6.));
#2217 = CARTESIAN_POINT('',(90.,72.,4.204804197949));
#2218 = CARTESIAN_POINT('',(89.999999999999,71.530018838043,
    2.409608395897));
#2219 = CARTESIAN_POINT('',(90.000000000002,70.590092836276,
    0.762030423827));
#2220 = CARTESIAN_POINT('',(89.999999999998,69.237969576172,
    -0.590092836275));
#2221 = CARTESIAN_POINT('',(90.000000000001,67.590391604103,
    -1.530018838043));
#2222 = CARTESIAN_POINT('',(90.,65.795195802051,-2.));
#2223 = CARTESIAN_POINT('',(90.,64.,-2.));
#2224 = CARTESIAN_POINT('',(92.692793703077,72.,6.));
#2225 = CARTESIAN_POINT('',(92.69279370308,72.000000000003,
    4.204804197949));
#2226 = CARTESIAN_POINT('',(92.587330176944,71.530018838034,
    2.409608395897));
#2227 = CARTESIAN_POINT('',(92.376411275392,70.59009283629,
    0.762030423827));
#2228 = CARTESIAN_POINT('',(92.072995525315,69.237969576162,
    -0.590092836275));
#2229 = CARTESIAN_POINT('',(91.703279892959,67.590391604105,
    -1.530018838043));
#2230 = CARTESIAN_POINT('',(91.300438896986,65.795195802051,-2.));
#2231 = CARTESIAN_POINT('',(90.897597901026,64.,-2.));
#2232 = CARTESIAN_POINT('',(95.385587406153,71.295028257065,6.));
#2233 = CARTESIAN_POINT('',(95.385587406144,71.29502825706,
    4.204804197949));
#2234 = CARTESIAN_POINT('',(95.174660353933,70.852657381698,
    2.409608395897));
#2235 = CARTESIAN_POINT('',(94.752822550713,69.967949819201,
    0.762030423827));
#2236 = CARTESIAN_POINT('',(94.145991050692,68.695260616739,
    -0.590092836275));
#2237 = CARTESIAN_POINT('',(93.406559785878,67.144473970883,
    -1.530018838043));
#2238 = CARTESIAN_POINT('',(92.600877793984,65.454741694946,-2.));
#2239 = CARTESIAN_POINT('',(91.79519580205,63.765009419022,-2.));
#2240 = CARTESIAN_POINT('',(97.856954364262,69.885139254414,6.));
#2241 = CARTESIAN_POINT('',(97.856954364276,69.885139254419,
    4.204804197949));
#2242 = CARTESIAN_POINT('',(97.549235985752,69.49798681832,
    2.409608395897));
#2243 = CARTESIAN_POINT('',(96.933823010731,68.723711867003,
    0.762030423827));
#2244 = CARTESIAN_POINT('',(96.048525448133,67.609884640708,
    -0.590092836276));
#2245 = CARTESIAN_POINT('',(94.969780036737,66.252673166825,
    -1.530018838043));
#2246 = CARTESIAN_POINT('',(93.794382412376,64.773859792496,-2.));
#2247 = CARTESIAN_POINT('',(92.618984788089,63.295046418138,-2.));
#2248 = CARTESIAN_POINT('',(99.885139254411,67.856954364258,6.));
#2249 = CARTESIAN_POINT('',(99.885139254397,67.856954364255,
    4.204804197949));
#2250 = CARTESIAN_POINT('',(99.497986818381,67.549235985807,
    2.409608395897));
#2251 = CARTESIAN_POINT('',(98.723711866908,66.933823010644,
    0.762030423827));
#2252 = CARTESIAN_POINT('',(97.609884640772,66.04852544819,
    -0.590092836275));
#2253 = CARTESIAN_POINT('',(96.252673166796,64.96978003671,
    -1.530018838043));
#2254 = CARTESIAN_POINT('',(94.7738597925,63.79438241238,-2.));
#2255 = CARTESIAN_POINT('',(93.295046418135,62.618984788086,-2.));
#2256 = CARTESIAN_POINT('',(101.29502825706,65.385587406154,6.));
#2257 = CARTESIAN_POINT('',(101.29502825707,65.385587406155,
    4.204804197949));
#2258 = CARTESIAN_POINT('',(100.85265738165,65.174660353902,
    2.409608395897));
#2259 = CARTESIAN_POINT('',(99.967949819269,64.75282255076,
    0.762030423827));
#2260 = CARTESIAN_POINT('',(98.69526061669,64.145991050662,
    -0.590092836275));
#2261 = CARTESIAN_POINT('',(97.144473970905,63.406559785892,
    -1.530018838043));
#2262 = CARTESIAN_POINT('',(95.454741694943,62.600877793981,-2.));
#2263 = CARTESIAN_POINT('',(93.765009419023,61.795195802052,-2.));
#2264 = CARTESIAN_POINT('',(102.,62.692793703077,6.));
#2265 = CARTESIAN_POINT('',(101.99999999999,62.692793703077,
    4.204804197949));
#2266 = CARTESIAN_POINT('',(101.53001883805,62.587330176953,
    2.409608395897));
#2267 = CARTESIAN_POINT('',(100.59009283626,62.376411275378,
    0.762030423827));
#2268 = CARTESIAN_POINT('',(99.237969576183,62.072995525324,
    -0.590092836275));
#2269 = CARTESIAN_POINT('',(97.590391604096,61.703279892955,
    -1.530018838043));
#2270 = CARTESIAN_POINT('',(95.795195802053,61.300438896987,-2.));
#2271 = CARTESIAN_POINT('',(94.,60.897597901026,-2.));
#2272 = CARTESIAN_POINT('',(102.,60.,6.));
#2273 = CARTESIAN_POINT('',(102.,60.,4.204804197949));
#2274 = CARTESIAN_POINT('',(101.53001883804,60.,2.409608395897));
#2275 = CARTESIAN_POINT('',(100.59009283627,60.000000000001,
    0.762030423827));
#2276 = CARTESIAN_POINT('',(99.237969576172,59.999999999999,
    -0.590092836275));
#2277 = CARTESIAN_POINT('',(97.590391604103,60.,-1.530018838043));
#2278 = CARTESIAN_POINT('',(95.795195802051,60.,-2.));
#2279 = CARTESIAN_POINT('',(94.,60.,-2.));
#2280 = DEFINITIONAL_REPRESENTATION('',(#2281),#2292);
#2281 = B_SPLINE_CURVE_WITH_KNOTS('',5,(#2282,#2283,#2284,#2285,#2286,
    #2287,#2288,#2289,#2290,#2291),.UNSPECIFIED.,.F.,.F.,(6,4,6),(-0.,
    0.785398163397,1.570796326795),.UNSPECIFIED.);
#2282 = CARTESIAN_POINT('',(-2.368475785867E-15,2.175518537011E-28));
#2283 = CARTESIAN_POINT('',(0.157079696735,-1.330066389375E-15));
#2284 = CARTESIAN_POINT('',(0.314158856355,-1.673169216249E-16));
#2285 = CARTESIAN_POINT('',(0.471238943546,7.687051444675E-16));
#2286 = CARTESIAN_POINT('',(0.628318572325,-5.617708614317E-17));
#2287 = CARTESIAN_POINT('',(0.94247775447,4.706512378266E-16));
#2288 = CARTESIAN_POINT('',(1.099557383249,-8.690950950902E-16));
#2289 = CARTESIAN_POINT('',(1.25663747044,9.539710679444E-16));
#2290 = CARTESIAN_POINT('',(1.41371663006,-8.456266998416E-16));
#2291 = CARTESIAN_POINT('',(1.570796326795,-2.22044604925E-16));
#2292 = ( GEOMETRIC_REPRESENTATION_CONTEXT(2) 
PARAMETRIC_REPRESENTATION_CONTEXT() REPRESENTATION_CONTEXT('2D SPACE',''
  ) );
#2293 = ADVANCED_FACE('',(#2294),#534,.T.);
#2294 = FACE_BOUND('',#2295,.T.);
#2295 = EDGE_LOOP('',(#2296,#2317,#2318,#2319));
#2296 = ORIENTED_EDGE('',*,*,#2297,.T.);
#2297 = EDGE_CURVE('',#2298,#521,#2300,.T.);
#2298 = VERTEX_POINT('',#2299);
#2299 = CARTESIAN_POINT('',(10.,72.,6.));
#2300 = SURFACE_CURVE('',#2301,(#2304,#2310),.PCURVE_S1.);
#2301 = B_SPLINE_CURVE_WITH_KNOTS('',1,(#2302,#2303),.UNSPECIFIED.,.F.,
  .F.,(2,2),(6.,30.),.PIECEWISE_BEZIER_KNOTS.);
#2302 = CARTESIAN_POINT('',(10.,72.,6.));
#2303 = CARTESIAN_POINT('',(10.,72.,30.));
#2304 = PCURVE('',#534,#2305);
#2305 = DEFINITIONAL_REPRESENTATION('',(#2306),#2309);
#2306 = B_SPLINE_CURVE_WITH_KNOTS('',1,(#2307,#2308),.UNSPECIFIED.,.F.,
  .F.,(2,2),(6.,30.),.PIECEWISE_BEZIER_KNOTS.);
#2307 = CARTESIAN_POINT('',(6.,10.));
#2308 = CARTESIAN_POINT('',(30.,10.));
#2309 = ( GEOMETRIC_REPRESENTATION_CONTEXT(2) 
PARAMETRIC_REPRESENTATION_CONTEXT() REPRESENTATION_CONTEXT('2D SPACE',''
  ) );
#2310 = PCURVE('',#571,#2311);
#2311 = DEFINITIONAL_REPRESENTATION('',(#2312),#2316);
#2312 = B_SPLINE_CURVE_WITH_KNOTS('',2,(#2313,#2314,#2315),
  .UNSPECIFIED.,.F.,.F.,(3,3),(6.,30.),.PIECEWISE_BEZIER_KNOTS.);
#2313 = CARTESIAN_POINT('',(1.570796326795,6.));
#2314 = CARTESIAN_POINT('',(1.570796326795,18.));
#2315 = CARTESIAN_POINT('',(1.570796326795,30.));
#2316 = ( GEOMETRIC_REPRESENTATION_CONTEXT(2) 
PARAMETRIC_REPRESENTATION_CONTEXT() REPRESENTATION_CONTEXT('2D SPACE',''
  ) );
#2317 = ORIENTED_EDGE('',*,*,#520,.T.);
#2318 = ORIENTED_EDGE('',*,*,#2163,.F.);
#2319 = ORIENTED_EDGE('',*,*,#2320,.F.);
#2320 = EDGE_CURVE('',#2298,#2164,#2321,.T.);
#2321 = SURFACE_CURVE('',#2322,(#2325,#2331),.PCURVE_S1.);
#2322 = B_SPLINE_CURVE_WITH_KNOTS('',1,(#2323,#2324),.UNSPECIFIED.,.F.,
  .F.,(2,2),(0.,80.),.PIECEWISE_BEZIER_KNOTS.);
#2323 = CARTESIAN_POINT('',(10.,72.,6.));
#2324 = CARTESIAN_POINT('',(90.,72.,6.));
#2325 = PCURVE('',#534,#2326);
#2326 = DEFINITIONAL_REPRESENTATION('',(#2327),#2330);
#2327 = B_SPLINE_CURVE_WITH_KNOTS('',1,(#2328,#2329),.UNSPECIFIED.,.F.,
  .F.,(2,2),(0.,80.),.PIECEWISE_BEZIER_KNOTS.);
#2328 = CARTESIAN_POINT('',(6.,10.));
#2329 = CARTESIAN_POINT('',(6.,90.));
#2330 = ( GEOMETRIC_REPRESENTATION_CONTEXT(2) 
PARAMETRIC_REPRESENTATION_CONTEXT() REPRESENTATION_CONTEXT('2D SPACE',''
  ) );
#2331 = PCURVE('',#2332,#2339);
#2332 = ( BOUNDED_SURFACE() B_SPLINE_SURFACE(2,1,(
    (#2333,#2334)
    ,(#2335,#2336)
    ,(#2337,#2338
)),.UNSPECIFIED.,.F.,.F.,.F.) B_SPLINE_SURFACE_WITH_KNOTS((3,3),(2,2),(
    0.,1.570796326795),(0.,80.),.PIECEWISE_BEZIER_KNOTS.) 
GEOMETRIC_REPRESENTATION_ITEM() RATIONAL_B_SPLINE_SURFACE((
    (1.,1.)
    ,(0.707106781187,0.707106781187)
,(1.,1.))) REPRESENTATION_ITEM('') SURFACE() );
#2333 = CARTESIAN_POINT('',(10.,72.,6.));
#2334 = CARTESIAN_POINT('',(90.,72.,6.));
#2335 = CARTESIAN_POINT('',(10.,72.,-2.));
#2336 = CARTESIAN_POINT('',(90.,72.,-2.));
#2337 = CARTESIAN_POINT('',(10.,64.,-2.));
#2338 = CARTESIAN_POINT('',(90.,64.,-2.));
#2339 = DEFINITIONAL_REPRESENTATION('',(#2340),#2344);
#2340 = B_SPLINE_CURVE_WITH_KNOTS('',2,(#2341,#2342,#2343),
  .UNSPECIFIED.,.F.,.F.,(3,3),(1.7763568394E-15,80.),
  .PIECEWISE_BEZIER_KNOTS.);
#2341 = CARTESIAN_POINT('',(0.,1.7763568394E-15));
#2342 = CARTESIAN_POINT('',(-8.736188042994E-17,40.));
#2343 = CARTESIAN_POINT('',(0.,80.));
#2344 = ( GEOMETRIC_REPRESENTATION_CONTEXT(2) 
PARAMETRIC_REPRESENTATION_CONTEXT() REPRESENTATION_CONTEXT('2D SPACE',''
  ) );
#2345 = ADVANCED_FACE('',(#2346),#571,.F.);
#2346 = FACE_BOUND('',#2347,.F.);
#2347 = EDGE_LOOP('',(#2348,#2349,#2350,#2351));
#2348 = ORIENTED_EDGE('',*,*,#2297,.T.);
#2349 = ORIENTED_EDGE('',*,*,#545,.F.);
#2350 = ORIENTED_EDGE('',*,*,#1768,.F.);
#2351 = ORIENTED_EDGE('',*,*,#2352,.T.);
#2352 = EDGE_CURVE('',#1741,#2298,#2353,.T.);
#2353 = SURFACE_CURVE('',#2354,(#2364,#2380),.PCURVE_S1.);
#2354 = B_SPLINE_CURVE_WITH_KNOTS('',8,(#2355,#2356,#2357,#2358,#2359,
    #2360,#2361,#2362,#2363),.UNSPECIFIED.,.F.,.F.,(9,9),(0.,
    1.570796326795),.PIECEWISE_BEZIER_KNOTS.);
#2355 = CARTESIAN_POINT('',(-2.,60.,6.));
#2356 = CARTESIAN_POINT('',(-2.,62.356194490193,6.));
#2357 = CARTESIAN_POINT('',(-1.471270532466,64.712389722049,6.));
#2358 = CARTESIAN_POINT('',(-0.413816790457,66.930158812023,6.));
#2359 = CARTESIAN_POINT('',(1.128894930641,68.871105069356,6.));
#2360 = CARTESIAN_POINT('',(3.069841187979,70.41381679046,6.));
#2361 = CARTESIAN_POINT('',(5.28761027795,71.471270532464,6.));
#2362 = CARTESIAN_POINT('',(7.643805509808,72.,6.));
#2363 = CARTESIAN_POINT('',(10.,72.,6.));
#2364 = PCURVE('',#571,#2365);
#2365 = DEFINITIONAL_REPRESENTATION('',(#2366),#2379);
#2366 = B_SPLINE_CURVE_WITH_KNOTS('',6,(#2367,#2368,#2369,#2370,#2371,
    #2372,#2373,#2374,#2375,#2376,#2377,#2378),.UNSPECIFIED.,.F.,.F.,(7,
    5,7),(0.,0.785398163397,1.570796326795),.UNSPECIFIED.);
#2367 = CARTESIAN_POINT('',(1.315357582309E-15,6.));
#2368 = CARTESIAN_POINT('',(0.145392652579,5.999999999999));
#2369 = CARTESIAN_POINT('',(0.281328410979,6.000000000006));
#2370 = CARTESIAN_POINT('',(0.411187802303,5.999999999988));
#2371 = CARTESIAN_POINT('',(0.537194906024,6.000000000003));
#2372 = CARTESIAN_POINT('',(0.661297781031,5.999999999999));
#2373 = CARTESIAN_POINT('',(0.909498545764,5.999999999999));
#2374 = CARTESIAN_POINT('',(1.03360142077,6.000000000006));
#2375 = CARTESIAN_POINT('',(1.159608524493,5.999999999988));
#2376 = CARTESIAN_POINT('',(1.289467915815,6.000000000003));
#2377 = CARTESIAN_POINT('',(1.425403674216,5.999999999999));
#2378 = CARTESIAN_POINT('',(1.570796326795,6.));
#2379 = ( GEOMETRIC_REPRESENTATION_CONTEXT(2) 
PARAMETRIC_REPRESENTATION_CONTEXT() REPRESENTATION_CONTEXT('2D SPACE',''
  ) );
#2380 = PCURVE('',#2381,#2446);
#2381 = B_SPLINE_SURFACE_WITH_KNOTS('',7,7,(
    (#2382,#2383,#2384,#2385,#2386,#2387,#2388,#2389)
    ,(#2390,#2391,#2392,#2393,#2394,#2395,#2396,#2397)
    ,(#2398,#2399,#2400,#2401,#2402,#2403,#2404,#2405)
    ,(#2406,#2407,#2408,#2409,#2410,#2411,#2412,#2413)
    ,(#2414,#2415,#2416,#2417,#2418,#2419,#2420,#2421)
    ,(#2422,#2423,#2424,#2425,#2426,#2427,#2428,#2429)
    ,(#2430,#2431,#2432,#2433,#2434,#2435,#2436,#2437)
    ,(#2438,#2439,#2440,#2441,#2442,#2443,#2444,#2445
  )),.UNSPECIFIED.,.F.,.F.,.F.,(8,8),(8,8),(0.,1.570796326795),(0.,
    1.570796326795),.PIECEWISE_BEZIER_KNOTS.);
#2382 = CARTESIAN_POINT('',(-2.,60.,6.));
#2383 = CARTESIAN_POINT('',(-2.,60.,4.204804197949));
#2384 = CARTESIAN_POINT('',(-1.530018838043,59.999999999999,
    2.409608395897));
#2385 = CARTESIAN_POINT('',(-0.590092836275,60.000000000002,
    0.762030423827));
#2386 = CARTESIAN_POINT('',(0.762030423827,59.999999999999,
    -0.590092836275));
#2387 = CARTESIAN_POINT('',(2.409608395897,60.000000000001,
    -1.530018838043));
#2388 = CARTESIAN_POINT('',(4.204804197949,60.,-2.));
#2389 = CARTESIAN_POINT('',(6.,60.,-2.));
#2390 = CARTESIAN_POINT('',(-2.,62.692793703077,6.));
#2391 = CARTESIAN_POINT('',(-2.,62.692793703077,4.204804197949));
#2392 = CARTESIAN_POINT('',(-1.530018838043,62.587330176952,
    2.409608395897));
#2393 = CARTESIAN_POINT('',(-0.590092836275,62.376411275379,
    0.762030423827));
#2394 = CARTESIAN_POINT('',(0.762030423827,62.072995525325,
    -0.590092836275));
#2395 = CARTESIAN_POINT('',(2.409608395897,61.703279892954,
    -1.530018838043));
#2396 = CARTESIAN_POINT('',(4.204804197949,61.300438896988,-2.));
#2397 = CARTESIAN_POINT('',(6.,60.897597901026,-2.));
#2398 = CARTESIAN_POINT('',(-1.295028257065,65.385587406154,6.));
#2399 = CARTESIAN_POINT('',(-1.295028257065,65.385587406153,
    4.204804197949));
#2400 = CARTESIAN_POINT('',(-0.852657381682,65.174660353908,
    2.409608395898));
#2401 = CARTESIAN_POINT('',(3.205018077697E-02,64.75282255075,
    0.762030423827));
#2402 = CARTESIAN_POINT('',(1.304739383269,64.145991050664,
    -0.590092836275));
#2403 = CARTESIAN_POINT('',(2.855526029123,63.406559785892,
    -1.530018838044));
#2404 = CARTESIAN_POINT('',(4.54525830505,62.600877793979,-2.));
#2405 = CARTESIAN_POINT('',(6.234990580978,61.79519580205,-2.));
#2406 = CARTESIAN_POINT('',(0.114860745587,67.85695436426,6.));
#2407 = CARTESIAN_POINT('',(0.114860745587,67.856954364262,
    4.204804197949));
#2408 = CARTESIAN_POINT('',(0.50201318166,67.549235985793,2.409608395897
    ));
#2409 = CARTESIAN_POINT('',(1.276288133023,66.933823010669,
    0.762030423828));
#2410 = CARTESIAN_POINT('',(2.390115359291,66.04852544818,
    -0.590092836276));
#2411 = CARTESIAN_POINT('',(3.74732683316,64.969780036714,
    -1.530018838043));
#2412 = CARTESIAN_POINT('',(5.226140207511,63.794382412383,-2.));
#2413 = CARTESIAN_POINT('',(6.704953581862,62.618984788088,-2.));
#2414 = CARTESIAN_POINT('',(2.143045635741,69.885139254412,6.));
#2415 = CARTESIAN_POINT('',(2.14304563574,69.885139254411,4.204804197948
    ));
#2416 = CARTESIAN_POINT('',(2.450764014205,69.49798681834,2.409608395898
    ));
#2417 = CARTESIAN_POINT('',(3.066176989341,68.72371186697,0.762030423826
    ));
#2418 = CARTESIAN_POINT('',(3.951474551801,67.609884640728,
    -0.590092836275));
#2419 = CARTESIAN_POINT('',(5.030219963308,66.252673166816,
    -1.530018838044));
#2420 = CARTESIAN_POINT('',(6.205617587612,64.773859792497,-2.));
#2421 = CARTESIAN_POINT('',(7.381015211914,63.295046418136,-2.));
#2422 = CARTESIAN_POINT('',(4.614412593846,71.295028257065,6.));
#2423 = CARTESIAN_POINT('',(4.614412593847,71.295028257065,
    4.204804197949));
#2424 = CARTESIAN_POINT('',(4.825339646092,70.852657381684,
    2.409608395897));
#2425 = CARTESIAN_POINT('',(5.247177449248,69.967949819225,
    0.762030423828));
#2426 = CARTESIAN_POINT('',(5.854008949342,68.695260616723,
    -0.590092836276));
#2427 = CARTESIAN_POINT('',(6.593440214098,67.144473970891,
    -1.530018838043));
#2428 = CARTESIAN_POINT('',(7.399122206023,65.454741694944,-2.));
#2429 = CARTESIAN_POINT('',(8.204804197949,63.765009419023,-2.));
#2430 = CARTESIAN_POINT('',(7.307206296923,72.,6.));
#2431 = CARTESIAN_POINT('',(7.307206296923,72.000000000001,
    4.204804197949));
#2432 = CARTESIAN_POINT('',(7.412669823047,71.530018838039,
    2.409608395897));
#2433 = CARTESIAN_POINT('',(7.623588724623,70.590092836282,
    0.762030423827));
#2434 = CARTESIAN_POINT('',(7.927004474673,69.237969576168,
    -0.590092836275));
#2435 = CARTESIAN_POINT('',(8.296720107048,67.590391604103,
    -1.530018838043));
#2436 = CARTESIAN_POINT('',(8.699561103012,65.795195802052,-2.));
#2437 = CARTESIAN_POINT('',(9.102402098974,64.,-2.));
#2438 = CARTESIAN_POINT('',(10.,72.,6.));
#2439 = CARTESIAN_POINT('',(10.,72.,4.204804197949));
#2440 = CARTESIAN_POINT('',(10.,71.530018838043,2.409608395897));
#2441 = CARTESIAN_POINT('',(10.,70.590092836276,0.762030423827));
#2442 = CARTESIAN_POINT('',(10.,69.237969576172,-0.590092836275));
#2443 = CARTESIAN_POINT('',(10.,67.590391604103,-1.530018838043));
#2444 = CARTESIAN_POINT('',(10.,65.795195802051,-2.));
#2445 = CARTESIAN_POINT('',(10.,64.,-2.));
#2446 = DEFINITIONAL_REPRESENTATION('',(#2447),#2458);
#2447 = B_SPLINE_CURVE_WITH_KNOTS('',5,(#2448,#2449,#2450,#2451,#2452,
    #2453,#2454,#2455,#2456,#2457),.UNSPECIFIED.,.F.,.F.,(6,4,6),(0.,
    0.785398163397,1.570796326795),.UNSPECIFIED.);
#2448 = CARTESIAN_POINT('',(2.368475785867E-15,1.110223024625E-16));
#2449 = CARTESIAN_POINT('',(0.157079696735,-2.785078280933E-16));
#2450 = CARTESIAN_POINT('',(0.314158856355,-9.913713115013E-16));
#2451 = CARTESIAN_POINT('',(0.471238943546,1.223822716629E-15));
#2452 = CARTESIAN_POINT('',(0.628318572325,7.307089701003E-17));
#2453 = CARTESIAN_POINT('',(0.94247775447,5.264119649375E-16));
#2454 = CARTESIAN_POINT('',(1.099557383249,-9.092079443941E-16));
#2455 = CARTESIAN_POINT('',(1.25663747044,2.00827670384E-15));
#2456 = CARTESIAN_POINT('',(1.41371663006,-1.408544859565E-15));
#2457 = CARTESIAN_POINT('',(1.570796326795,-1.18502892135E-28));
#2458 = ( GEOMETRIC_REPRESENTATION_CONTEXT(2) 
PARAMETRIC_REPRESENTATION_CONTEXT() REPRESENTATION_CONTEXT('2D SPACE',''
  ) );
#2459 = ADVANCED_FACE('',(#2460),#612,.F.);
#2460 = FACE_BOUND('',#2461,.F.);
#2461 = EDGE_LOOP('',(#2462,#2492,#2511,#2512));
#2462 = ORIENTED_EDGE('',*,*,#2463,.F.);
#2463 = EDGE_CURVE('',#2464,#2466,#2468,.T.);
#2464 = VERTEX_POINT('',#2465);
#2465 = CARTESIAN_POINT('',(69.,68.,6.));
#2466 = VERTEX_POINT('',#2467);
#2467 = CARTESIAN_POINT('',(90.,68.,6.));
#2468 = SURFACE_CURVE('',#2469,(#2472,#2478),.PCURVE_S1.);
#2469 = B_SPLINE_CURVE_WITH_KNOTS('',1,(#2470,#2471),.UNSPECIFIED.,.F.,
  .F.,(2,2),(59.,80.),.PIECEWISE_BEZIER_KNOTS.);
#2470 = CARTESIAN_POINT('',(69.,68.,6.));
#2471 = CARTESIAN_POINT('',(90.,68.,6.));
#2472 = PCURVE('',#612,#2473);
#2473 = DEFINITIONAL_REPRESENTATION('',(#2474),#2477);
#2474 = B_SPLINE_CURVE_WITH_KNOTS('',1,(#2475,#2476),.UNSPECIFIED.,.F.,
  .F.,(2,2),(59.,80.),.PIECEWISE_BEZIER_KNOTS.);
#2475 = CARTESIAN_POINT('',(6.,69.));
#2476 = CARTESIAN_POINT('',(6.,90.));
#2477 = ( GEOMETRIC_REPRESENTATION_CONTEXT(2) 
PARAMETRIC_REPRESENTATION_CONTEXT() REPRESENTATION_CONTEXT('2D SPACE',''
  ) );
#2478 = PCURVE('',#2479,#2486);
#2479 = ( BOUNDED_SURFACE() B_SPLINE_SURFACE(2,1,(
    (#2480,#2481)
    ,(#2482,#2483)
    ,(#2484,#2485
)),.UNSPECIFIED.,.F.,.F.,.F.) B_SPLINE_SURFACE_WITH_KNOTS((3,3),(2,2),(
    0.,1.570796326795),(59.,80.),.PIECEWISE_BEZIER_KNOTS.) 
GEOMETRIC_REPRESENTATION_ITEM() RATIONAL_B_SPLINE_SURFACE((
    (1.,1.)
    ,(0.707106781187,0.707106781187)
,(1.,1.))) REPRESENTATION_ITEM('') SURFACE() );
#2480 = CARTESIAN_POINT('',(69.,68.,6.));
#2481 = CARTESIAN_POINT('',(90.,68.,6.));
#2482 = CARTESIAN_POINT('',(69.,68.,2.));
#2483 = CARTESIAN_POINT('',(90.,68.,2.));
#2484 = CARTESIAN_POINT('',(69.,64.,2.));
#2485 = CARTESIAN_POINT('',(90.,64.,2.));
#2486 = DEFINITIONAL_REPRESENTATION('',(#2487),#2491);
#2487 = B_SPLINE_CURVE_WITH_KNOTS('',2,(#2488,#2489,#2490),
  .UNSPECIFIED.,.F.,.F.,(3,3),(59.,80.),.PIECEWISE_BEZIER_KNOTS.);
#2488 = CARTESIAN_POINT('',(0.,59.));
#2489 = CARTESIAN_POINT('',(-1.116539022515E-45,69.5));
#2490 = CARTESIAN_POINT('',(0.,80.));
#2491 = ( GEOMETRIC_REPRESENTATION_CONTEXT(2) 
PARAMETRIC_REPRESENTATION_CONTEXT() REPRESENTATION_CONTEXT('2D SPACE',''
  ) );
#2492 = ORIENTED_EDGE('',*,*,#2493,.T.);
#2493 = EDGE_CURVE('',#2464,#597,#2494,.T.);
#2494 = SURFACE_CURVE('',#2495,(#2498,#2504),.PCURVE_S1.);
#2495 = B_SPLINE_CURVE_WITH_KNOTS('',1,(#2496,#2497),.UNSPECIFIED.,.F.,
  .F.,(2,2),(0.,24.),.PIECEWISE_BEZIER_KNOTS.);
#2496 = CARTESIAN_POINT('',(69.,68.,6.));
#2497 = CARTESIAN_POINT('',(69.,68.,30.));
#2498 = PCURVE('',#612,#2499);
#2499 = DEFINITIONAL_REPRESENTATION('',(#2500),#2503);
#2500 = B_SPLINE_CURVE_WITH_KNOTS('',1,(#2501,#2502),.UNSPECIFIED.,.F.,
  .F.,(2,2),(0.,24.),.PIECEWISE_BEZIER_KNOTS.);
#2501 = CARTESIAN_POINT('',(6.,69.));
#2502 = CARTESIAN_POINT('',(30.,69.));
#2503 = ( GEOMETRIC_REPRESENTATION_CONTEXT(2) 
PARAMETRIC_REPRESENTATION_CONTEXT() REPRESENTATION_CONTEXT('2D SPACE',''
  ) );
#2504 = PCURVE('',#844,#2505);
#2505 = DEFINITIONAL_REPRESENTATION('',(#2506),#2510);
#2506 = B_SPLINE_CURVE_WITH_KNOTS('',2,(#2507,#2508,#2509),
  .UNSPECIFIED.,.F.,.F.,(3,3),(1.06581410364E-14,24.),
  .PIECEWISE_BEZIER_KNOTS.);
#2507 = CARTESIAN_POINT('',(0.,1.06581410364E-14));
#2508 = CARTESIAN_POINT('',(0.,12.));
#2509 = CARTESIAN_POINT('',(0.,24.));
#2510 = ( GEOMETRIC_REPRESENTATION_CONTEXT(2) 
PARAMETRIC_REPRESENTATION_CONTEXT() REPRESENTATION_CONTEXT('2D SPACE',''
  ) );
#2511 = ORIENTED_EDGE('',*,*,#596,.T.);
#2512 = ORIENTED_EDGE('',*,*,#2513,.F.);
#2513 = EDGE_CURVE('',#2466,#599,#2514,.T.);
#2514 = SURFACE_CURVE('',#2515,(#2518,#2524),.PCURVE_S1.);
#2515 = B_SPLINE_CURVE_WITH_KNOTS('',1,(#2516,#2517),.UNSPECIFIED.,.F.,
  .F.,(2,2),(6.,30.),.PIECEWISE_BEZIER_KNOTS.);
#2516 = CARTESIAN_POINT('',(90.,68.,6.));
#2517 = CARTESIAN_POINT('',(90.,68.,30.));
#2518 = PCURVE('',#612,#2519);
#2519 = DEFINITIONAL_REPRESENTATION('',(#2520),#2523);
#2520 = B_SPLINE_CURVE_WITH_KNOTS('',1,(#2521,#2522),.UNSPECIFIED.,.F.,
  .F.,(2,2),(6.,30.),.PIECEWISE_BEZIER_KNOTS.);
#2521 = CARTESIAN_POINT('',(6.,90.));
#2522 = CARTESIAN_POINT('',(30.,90.));
#2523 = ( GEOMETRIC_REPRESENTATION_CONTEXT(2) 
PARAMETRIC_REPRESENTATION_CONTEXT() REPRESENTATION_CONTEXT('2D SPACE',''
  ) );
#2524 = PCURVE('',#651,#2525);
#2525 = DEFINITIONAL_REPRESENTATION('',(#2526),#2530);
#2526 = B_SPLINE_CURVE_WITH_KNOTS('',2,(#2527,#2528,#2529),
  .UNSPECIFIED.,.F.,.F.,(3,3),(6.,30.),.PIECEWISE_BEZIER_KNOTS.);
#2527 = CARTESIAN_POINT('',(1.570796326795,6.));
#2528 = CARTESIAN_POINT('',(1.570796326795,18.));
#2529 = CARTESIAN_POINT('',(1.570796326795,30.));
#2530 = ( GEOMETRIC_REPRESENTATION_CONTEXT(2) 
PARAMETRIC_REPRESENTATION_CONTEXT() REPRESENTATION_CONTEXT('2D SPACE',''
  ) );
#2531 = ADVANCED_FACE('',(#2532),#844,.F.);
#2532 = FACE_BOUND('',#2533,.F.);
#2533 = EDGE_LOOP('',(#2534,#2567,#2586,#2587));
#2534 = ORIENTED_EDGE('',*,*,#2535,.T.);
#2535 = EDGE_CURVE('',#2464,#2536,#2538,.T.);
#2536 = VERTEX_POINT('',#2537);
#2537 = CARTESIAN_POINT('',(67.,66.,6.));
#2538 = SURFACE_CURVE('',#2539,(#2543,#2550),.PCURVE_S1.);
#2539 = ( BOUNDED_CURVE() B_SPLINE_CURVE(2,(#2540,#2541,#2542),
.UNSPECIFIED.,.F.,.F.) B_SPLINE_CURVE_WITH_KNOTS((3,3),(0.,
1.570796326795),.PIECEWISE_BEZIER_KNOTS.) CURVE() 
GEOMETRIC_REPRESENTATION_ITEM() RATIONAL_B_SPLINE_CURVE((1.,
0.707106781187,1.)) REPRESENTATION_ITEM('') );
#2540 = CARTESIAN_POINT('',(69.,68.,6.));
#2541 = CARTESIAN_POINT('',(67.,68.,6.));
#2542 = CARTESIAN_POINT('',(67.,66.,6.));
#2543 = PCURVE('',#844,#2544);
#2544 = DEFINITIONAL_REPRESENTATION('',(#2545),#2549);
#2545 = B_SPLINE_CURVE_WITH_KNOTS('',2,(#2546,#2547,#2548),
  .UNSPECIFIED.,.F.,.F.,(3,3),(0.,1.570796326795),
  .PIECEWISE_BEZIER_KNOTS.);
#2546 = CARTESIAN_POINT('',(0.,7.105427357601E-15));
#2547 = CARTESIAN_POINT('',(0.785398163397,-3.751112987727E-15));
#2548 = CARTESIAN_POINT('',(1.570796326795,3.552713678801E-15));
#2549 = ( GEOMETRIC_REPRESENTATION_CONTEXT(2) 
PARAMETRIC_REPRESENTATION_CONTEXT() REPRESENTATION_CONTEXT('2D SPACE',''
  ) );
#2550 = PCURVE('',#2551,#2561);
#2551 = ( BOUNDED_SURFACE() B_SPLINE_SURFACE(2,2,(
    (#2552,#2553,#2554)
    ,(#2555,#2556,#2557)
    ,(#2558,#2559,#2560
)),.UNSPECIFIED.,.F.,.F.,.F.) B_SPLINE_SURFACE_WITH_KNOTS((3,3),(3,3),(
    0.,1.570796326795),(0.,1.570796326795),.PIECEWISE_BEZIER_KNOTS.) 
GEOMETRIC_REPRESENTATION_ITEM() RATIONAL_B_SPLINE_SURFACE((
    (1.,0.707106781187,1.)
    ,(0.707106781187,0.5,0.707106781187)
,(1.,0.707106781187,1.))) REPRESENTATION_ITEM('') SURFACE() );
#2552 = CARTESIAN_POINT('',(69.,64.,2.));
#2553 = CARTESIAN_POINT('',(67.,64.,2.));
#2554 = CARTESIAN_POINT('',(67.,64.,4.));
#2555 = CARTESIAN_POINT('',(69.,68.,2.));
#2556 = CARTESIAN_POINT('',(67.,68.,2.));
#2557 = CARTESIAN_POINT('',(67.,66.,4.));
#2558 = CARTESIAN_POINT('',(69.,68.,6.));
#2559 = CARTESIAN_POINT('',(67.,68.,6.));
#2560 = CARTESIAN_POINT('',(67.,66.,6.));
#2561 = DEFINITIONAL_REPRESENTATION('',(#2562),#2566);
#2562 = B_SPLINE_CURVE_WITH_KNOTS('',2,(#2563,#2564,#2565),
  .UNSPECIFIED.,.F.,.F.,(3,3),(0.,1.570796326795),
  .PIECEWISE_BEZIER_KNOTS.);
#2563 = CARTESIAN_POINT('',(1.570796326795,-1.568286324908E-30));
#2564 = CARTESIAN_POINT('',(1.570796326795,0.785398163397));
#2565 = CARTESIAN_POINT('',(1.570796326795,1.570796326795));
#2566 = ( GEOMETRIC_REPRESENTATION_CONTEXT(2) 
PARAMETRIC_REPRESENTATION_CONTEXT() REPRESENTATION_CONTEXT('2D SPACE',''
  ) );
#2567 = ORIENTED_EDGE('',*,*,#2568,.T.);
#2568 = EDGE_CURVE('',#2536,#806,#2569,.T.);
#2569 = SURFACE_CURVE('',#2570,(#2573,#2580),.PCURVE_S1.);
#2570 = B_SPLINE_CURVE_WITH_KNOTS('',1,(#2571,#2572),.UNSPECIFIED.,.F.,
  .F.,(2,2),(0.,24.),.PIECEWISE_BEZIER_KNOTS.);
#2571 = CARTESIAN_POINT('',(67.,66.,6.));
#2572 = CARTESIAN_POINT('',(67.,66.,30.));
#2573 = PCURVE('',#844,#2574);
#2574 = DEFINITIONAL_REPRESENTATION('',(#2575),#2579);
#2575 = B_SPLINE_CURVE_WITH_KNOTS('',2,(#2576,#2577,#2578),
  .UNSPECIFIED.,.F.,.F.,(3,3),(8.881784197001E-16,24.),
  .PIECEWISE_BEZIER_KNOTS.);
#2576 = CARTESIAN_POINT('',(1.570796326795,6.705317694379E-30));
#2577 = CARTESIAN_POINT('',(1.570796326795,12.));
#2578 = CARTESIAN_POINT('',(1.570796326795,24.));
#2579 = ( GEOMETRIC_REPRESENTATION_CONTEXT(2) 
PARAMETRIC_REPRESENTATION_CONTEXT() REPRESENTATION_CONTEXT('2D SPACE',''
  ) );
#2580 = PCURVE('',#819,#2581);
#2581 = DEFINITIONAL_REPRESENTATION('',(#2582),#2585);
#2582 = B_SPLINE_CURVE_WITH_KNOTS('',1,(#2583,#2584),.UNSPECIFIED.,.F.,
  .F.,(2,2),(0.,24.),.PIECEWISE_BEZIER_KNOTS.);
#2583 = CARTESIAN_POINT('',(9.445647556166,31.));
#2584 = CARTESIAN_POINT('',(-14.55435244383,31.));
#2585 = ( GEOMETRIC_REPRESENTATION_CONTEXT(2) 
PARAMETRIC_REPRESENTATION_CONTEXT() REPRESENTATION_CONTEXT('2D SPACE',''
  ) );
#2586 = ORIENTED_EDGE('',*,*,#830,.F.);
#2587 = ORIENTED_EDGE('',*,*,#2493,.F.);
#2588 = ADVANCED_FACE('',(#2589),#651,.F.);
#2589 = FACE_BOUND('',#2590,.F.);
#2590 = EDGE_LOOP('',(#2591,#2592,#2593,#2614));
#2591 = ORIENTED_EDGE('',*,*,#2513,.T.);
#2592 = ORIENTED_EDGE('',*,*,#623,.F.);
#2593 = ORIENTED_EDGE('',*,*,#2594,.F.);
#2594 = EDGE_CURVE('',#2595,#624,#2597,.T.);
#2595 = VERTEX_POINT('',#2596);
#2596 = CARTESIAN_POINT('',(98.,60.,6.));
#2597 = SURFACE_CURVE('',#2598,(#2601,#2608),.PCURVE_S1.);
#2598 = B_SPLINE_CURVE_WITH_KNOTS('',1,(#2599,#2600),.UNSPECIFIED.,.F.,
  .F.,(2,2),(6.,30.),.PIECEWISE_BEZIER_KNOTS.);
#2599 = CARTESIAN_POINT('',(98.,60.,6.));
#2600 = CARTESIAN_POINT('',(98.,60.,30.));
#2601 = PCURVE('',#651,#2602);
#2602 = DEFINITIONAL_REPRESENTATION('',(#2603),#2607);
#2603 = B_SPLINE_CURVE_WITH_KNOTS('',2,(#2604,#2605,#2606),
  .UNSPECIFIED.,.F.,.F.,(3,3),(6.,30.),.PIECEWISE_BEZIER_KNOTS.);
#2604 = CARTESIAN_POINT('',(0.,6.));
#2605 = CARTESIAN_POINT('',(-1.465777068742E-47,18.));
#2606 = CARTESIAN_POINT('',(0.,30.));
#2607 = ( GEOMETRIC_REPRESENTATION_CONTEXT(2) 
PARAMETRIC_REPRESENTATION_CONTEXT() REPRESENTATION_CONTEXT('2D SPACE',''
  ) );
#2608 = PCURVE('',#688,#2609);
#2609 = DEFINITIONAL_REPRESENTATION('',(#2610),#2613);
#2610 = B_SPLINE_CURVE_WITH_KNOTS('',1,(#2611,#2612),.UNSPECIFIED.,.F.,
  .F.,(2,2),(6.,30.),.PIECEWISE_BEZIER_KNOTS.);
#2611 = CARTESIAN_POINT('',(6.,-60.));
#2612 = CARTESIAN_POINT('',(30.,-60.));
#2613 = ( GEOMETRIC_REPRESENTATION_CONTEXT(2) 
PARAMETRIC_REPRESENTATION_CONTEXT() REPRESENTATION_CONTEXT('2D SPACE',''
  ) );
#2614 = ORIENTED_EDGE('',*,*,#2615,.F.);
#2615 = EDGE_CURVE('',#2466,#2595,#2616,.T.);
#2616 = SURFACE_CURVE('',#2617,(#2627,#2643),.PCURVE_S1.);
#2617 = B_SPLINE_CURVE_WITH_KNOTS('',8,(#2618,#2619,#2620,#2621,#2622,
    #2623,#2624,#2625,#2626),.UNSPECIFIED.,.F.,.F.,(9,9),(-0.,
    1.570796326795),.PIECEWISE_BEZIER_KNOTS.);
#2618 = CARTESIAN_POINT('',(90.,68.,6.));
#2619 = CARTESIAN_POINT('',(91.570796326795,68.,6.));
#2620 = CARTESIAN_POINT('',(93.141593148033,67.64751368831,6.));
#2621 = CARTESIAN_POINT('',(94.620105874681,66.942544526972,6.));
#2622 = CARTESIAN_POINT('',(95.914070046239,65.914070046238,6.));
#2623 = CARTESIAN_POINT('',(96.942544526971,64.620105874682,6.));
#2624 = CARTESIAN_POINT('',(97.647513688311,63.141593148033,6.));
#2625 = CARTESIAN_POINT('',(98.,61.570796326795,6.));
#2626 = CARTESIAN_POINT('',(98.,60.,6.));
#2627 = PCURVE('',#651,#2628);
#2628 = DEFINITIONAL_REPRESENTATION('',(#2629),#2642);
#2629 = B_SPLINE_CURVE_WITH_KNOTS('',6,(#2630,#2631,#2632,#2633,#2634,
    #2635,#2636,#2637,#2638,#2639,#2640,#2641),.UNSPECIFIED.,.F.,.F.,(7,
    5,7),(-0.,0.785398163397,1.570796326795),.UNSPECIFIED.);
#2630 = CARTESIAN_POINT('',(1.570796326795,6.));
#2631 = CARTESIAN_POINT('',(1.425403674216,5.999999999998));
#2632 = CARTESIAN_POINT('',(1.289467915815,6.00000000001));
#2633 = CARTESIAN_POINT('',(1.159608524494,5.999999999984));
#2634 = CARTESIAN_POINT('',(1.03360142077,6.000000000011));
#2635 = CARTESIAN_POINT('',(0.909498545764,5.999999999997));
#2636 = CARTESIAN_POINT('',(0.661297781031,6.000000000001));
#2637 = CARTESIAN_POINT('',(0.537194906025,5.999999999999));
#2638 = CARTESIAN_POINT('',(0.411187802302,6.000000000005));
#2639 = CARTESIAN_POINT('',(0.281328410979,6.));
#2640 = CARTESIAN_POINT('',(0.145392652579,6.000000000001));
#2641 = CARTESIAN_POINT('',(-3.552713678801E-15,6.));
#2642 = ( GEOMETRIC_REPRESENTATION_CONTEXT(2) 
PARAMETRIC_REPRESENTATION_CONTEXT() REPRESENTATION_CONTEXT('2D SPACE',''
  ) );
#2643 = PCURVE('',#2644,#2709);
#2644 = B_SPLINE_SURFACE_WITH_KNOTS('',7,7,(
    (#2645,#2646,#2647,#2648,#2649,#2650,#2651,#2652)
    ,(#2653,#2654,#2655,#2656,#2657,#2658,#2659,#2660)
    ,(#2661,#2662,#2663,#2664,#2665,#2666,#2667,#2668)
    ,(#2669,#2670,#2671,#2672,#2673,#2674,#2675,#2676)
    ,(#2677,#2678,#2679,#2680,#2681,#2682,#2683,#2684)
    ,(#2685,#2686,#2687,#2688,#2689,#2690,#2691,#2692)
    ,(#2693,#2694,#2695,#2696,#2697,#2698,#2699,#2700)
    ,(#2701,#2702,#2703,#2704,#2705,#2706,#2707,#2708
  )),.UNSPECIFIED.,.F.,.F.,.F.,(8,8),(8,8),(0.,1.570796326795),(0.,
    1.570796326795),.PIECEWISE_BEZIER_KNOTS.);
#2645 = CARTESIAN_POINT('',(90.,68.,6.));
#2646 = CARTESIAN_POINT('',(90.,68.,5.102402098974));
#2647 = CARTESIAN_POINT('',(89.999999999999,67.765009419021,
    4.204804197949));
#2648 = CARTESIAN_POINT('',(90.000000000002,67.29504641814,
    3.381015211914));
#2649 = CARTESIAN_POINT('',(89.999999999998,66.618984788084,
    2.704953581862));
#2650 = CARTESIAN_POINT('',(90.000000000001,65.795195802052,
    2.234990580978));
#2651 = CARTESIAN_POINT('',(90.,64.897597901025,2.));
#2652 = CARTESIAN_POINT('',(90.,64.,2.));
#2653 = CARTESIAN_POINT('',(91.795195802051,68.,6.));
#2654 = CARTESIAN_POINT('',(91.795195802054,68.,5.102402098974));
#2655 = CARTESIAN_POINT('',(91.742464038978,67.765009419022,
    4.204804197948));
#2656 = CARTESIAN_POINT('',(91.637004588219,67.295046418138,
    3.381015211914));
#2657 = CARTESIAN_POINT('',(91.485296713162,66.618984788088,
    2.704953581862));
#2658 = CARTESIAN_POINT('',(91.300438896995,65.79519580205,
    2.234990580979));
#2659 = CARTESIAN_POINT('',(91.099018399006,64.897597901026,2.));
#2660 = CARTESIAN_POINT('',(90.897597901026,64.,2.));
#2661 = CARTESIAN_POINT('',(93.590391604102,67.530018838042,6.));
#2662 = CARTESIAN_POINT('',(93.590391604093,67.530018838043,
    5.102402098974));
#2663 = CARTESIAN_POINT('',(93.484928078011,67.308833400349,
    4.204804197949));
#2664 = CARTESIAN_POINT('',(93.274009176353,66.866479619124,
    3.381015211913));
#2665 = CARTESIAN_POINT('',(92.970593426394,66.23013501787,
    2.704953581863));
#2666 = CARTESIAN_POINT('',(92.600877793958,65.454741694954,
    2.234990580978));
#2667 = CARTESIAN_POINT('',(92.198036798016,64.609875556984,2.));
#2668 = CARTESIAN_POINT('',(91.79519580205,63.765009419022,2.));
#2669 = CARTESIAN_POINT('',(95.237969576174,66.590092836277,6.));
#2670 = CARTESIAN_POINT('',(95.237969576192,66.590092836276,
    5.102402098975));
#2671 = CARTESIAN_POINT('',(95.084110386883,66.396516618244,
    4.204804197948));
#2672 = CARTESIAN_POINT('',(94.776403899464,66.009379142554,
    3.381015211915));
#2673 = CARTESIAN_POINT('',(94.333755118068,65.452465529435,
    2.704953581861));
#2674 = CARTESIAN_POINT('',(93.794382412427,64.773859792481,
    2.234990580979));
#2675 = CARTESIAN_POINT('',(93.206683600233,64.034453105315,2.));
#2676 = CARTESIAN_POINT('',(92.618984788089,63.295046418138,2.));
#2677 = CARTESIAN_POINT('',(96.590092836274,65.237969576171,6.));
#2678 = CARTESIAN_POINT('',(96.590092836257,65.237969576173,
    5.102402098974));
#2679 = CARTESIAN_POINT('',(96.396516618293,65.084110386931,
    4.20480419795));
#2680 = CARTESIAN_POINT('',(96.009379142473,64.776403899385,
    3.381015211912));
#2681 = CARTESIAN_POINT('',(95.452465529492,64.333755118122,
    2.704953581863));
#2682 = CARTESIAN_POINT('',(94.773859792455,63.794382412402,
    2.234990580978));
#2683 = CARTESIAN_POINT('',(94.034453105317,63.206683600234,2.));
#2684 = CARTESIAN_POINT('',(93.295046418135,62.618984788086,2.));
#2685 = CARTESIAN_POINT('',(97.530018838044,63.590391604104,6.));
#2686 = CARTESIAN_POINT('',(97.530018838055,63.590391604101,
    5.102402098975));
#2687 = CARTESIAN_POINT('',(97.308833400315,63.484928077988,
    4.204804197948));
#2688 = CARTESIAN_POINT('',(96.866479619178,63.274009176389,
    3.381015211915));
#2689 = CARTESIAN_POINT('',(96.230135017831,62.970593426372,
    2.704953581862));
#2690 = CARTESIAN_POINT('',(95.454741694973,62.600877793965,
    2.234990580979));
#2691 = CARTESIAN_POINT('',(94.609875556982,62.198036798018,2.));
#2692 = CARTESIAN_POINT('',(93.765009419023,61.795195802052,2.));
#2693 = CARTESIAN_POINT('',(98.,61.795195802051,6.));
#2694 = CARTESIAN_POINT('',(97.999999999996,61.795195802053,
    5.102402098974));
#2695 = CARTESIAN_POINT('',(97.765009419035,61.742464038983,
    4.204804197949));
#2696 = CARTESIAN_POINT('',(97.295046418119,61.637004588212,
    3.381015211913));
#2697 = CARTESIAN_POINT('',(96.618984788101,61.485296713165,
    2.704953581863));
#2698 = CARTESIAN_POINT('',(95.795195802044,61.300438896996,
    2.234990580978));
#2699 = CARTESIAN_POINT('',(94.897597901027,61.099018399005,2.));
#2700 = CARTESIAN_POINT('',(94.,60.897597901026,2.));
#2701 = CARTESIAN_POINT('',(98.,60.,6.));
#2702 = CARTESIAN_POINT('',(98.,60.,5.102402098974));
#2703 = CARTESIAN_POINT('',(97.76500941902,59.999999999999,
    4.204804197949));
#2704 = CARTESIAN_POINT('',(97.29504641814,60.000000000001,
    3.381015211914));
#2705 = CARTESIAN_POINT('',(96.618984788084,59.999999999999,
    2.704953581862));
#2706 = CARTESIAN_POINT('',(95.795195802052,60.000000000001,
    2.234990580978));
#2707 = CARTESIAN_POINT('',(94.897597901025,60.,2.));
#2708 = CARTESIAN_POINT('',(94.,60.,2.));
#2709 = DEFINITIONAL_REPRESENTATION('',(#2710),#2721);
#2710 = B_SPLINE_CURVE_WITH_KNOTS('',5,(#2711,#2712,#2713,#2714,#2715,
    #2716,#2717,#2718,#2719,#2720),.UNSPECIFIED.,.F.,.F.,(6,4,6),(-0.,
    0.785398163397,1.570796326795),.UNSPECIFIED.);
#2711 = CARTESIAN_POINT('',(-5.329070518201E-15,-6.661338147751E-16));
#2712 = CARTESIAN_POINT('',(0.157079696735,-1.654130286367E-15));
#2713 = CARTESIAN_POINT('',(0.314158856355,-2.531977485395E-15));
#2714 = CARTESIAN_POINT('',(0.471238943546,9.096960964945E-16));
#2715 = CARTESIAN_POINT('',(0.628318572325,-1.268088863103E-16));
#2716 = CARTESIAN_POINT('',(0.94247775447,5.279674980029E-17));
#2717 = CARTESIAN_POINT('',(1.099557383249,-3.846287014135E-15));
#2718 = CARTESIAN_POINT('',(1.25663747044,5.938928052626E-15));
#2719 = CARTESIAN_POINT('',(1.41371663006,-3.831571114461E-15));
#2720 = CARTESIAN_POINT('',(1.570796326795,-2.220446049257E-16));
#2721 = ( GEOMETRIC_REPRESENTATION_CONTEXT(2) 
PARAMETRIC_REPRESENTATION_CONTEXT() REPRESENTATION_CONTEXT('2D SPACE',''
  ) );
#2722 = ADVANCED_FACE('',(#2723),#819,.T.);
#2723 = FACE_BOUND('',#2724,.T.);
#2724 = EDGE_LOOP('',(#2725,#2726,#2747,#2780,#2808,#2829));
#2725 = ORIENTED_EDGE('',*,*,#805,.T.);
#2726 = ORIENTED_EDGE('',*,*,#2727,.T.);
#2727 = EDGE_CURVE('',#776,#2728,#2730,.T.);
#2728 = VERTEX_POINT('',#2729);
#2729 = CARTESIAN_POINT('',(67.,4.,6.));
#2730 = SURFACE_CURVE('',#2731,(#2734,#2740),.PCURVE_S1.);
#2731 = B_SPLINE_CURVE_WITH_KNOTS('',1,(#2732,#2733),.UNSPECIFIED.,.F.,
  .F.,(2,2),(0.,24.),.PIECEWISE_BEZIER_KNOTS.);
#2732 = CARTESIAN_POINT('',(67.,4.,30.));
#2733 = CARTESIAN_POINT('',(67.,4.,6.));
#2734 = PCURVE('',#819,#2735);
#2735 = DEFINITIONAL_REPRESENTATION('',(#2736),#2739);
#2736 = B_SPLINE_CURVE_WITH_KNOTS('',1,(#2737,#2738),.UNSPECIFIED.,.F.,
  .F.,(2,2),(0.,24.),.PIECEWISE_BEZIER_KNOTS.);
#2737 = CARTESIAN_POINT('',(-14.55435244383,-31.));
#2738 = CARTESIAN_POINT('',(9.445647556166,-31.));
#2739 = ( GEOMETRIC_REPRESENTATION_CONTEXT(2) 
PARAMETRIC_REPRESENTATION_CONTEXT() REPRESENTATION_CONTEXT('2D SPACE',''
  ) );
#2740 = PCURVE('',#791,#2741);
#2741 = DEFINITIONAL_REPRESENTATION('',(#2742),#2746);
#2742 = B_SPLINE_CURVE_WITH_KNOTS('',2,(#2743,#2744,#2745),
  .UNSPECIFIED.,.F.,.F.,(3,3),(0.,24.),.PIECEWISE_BEZIER_KNOTS.);
#2743 = CARTESIAN_POINT('',(1.570796326795,3.552713678801E-15));
#2744 = CARTESIAN_POINT('',(1.570796326795,12.));
#2745 = CARTESIAN_POINT('',(1.570796326795,24.));
#2746 = ( GEOMETRIC_REPRESENTATION_CONTEXT(2) 
PARAMETRIC_REPRESENTATION_CONTEXT() REPRESENTATION_CONTEXT('2D SPACE',''
  ) );
#2747 = ORIENTED_EDGE('',*,*,#2748,.T.);
#2748 = EDGE_CURVE('',#2728,#2749,#2751,.T.);
#2749 = VERTEX_POINT('',#2750);
#2750 = CARTESIAN_POINT('',(67.,6.,4.));
#2751 = SURFACE_CURVE('',#2752,(#2756,#2763),.PCURVE_S1.);
#2752 = ( BOUNDED_CURVE() B_SPLINE_CURVE(2,(#2753,#2754,#2755),
.UNSPECIFIED.,.F.,.F.) B_SPLINE_CURVE_WITH_KNOTS((3,3),(0.,
1.570796326795),.PIECEWISE_BEZIER_KNOTS.) CURVE() 
GEOMETRIC_REPRESENTATION_ITEM() RATIONAL_B_SPLINE_CURVE((1.,
0.707106781187,1.)) REPRESENTATION_ITEM('') );
#2753 = CARTESIAN_POINT('',(67.,4.,6.));
#2754 = CARTESIAN_POINT('',(67.,4.,4.));
#2755 = CARTESIAN_POINT('',(67.,6.,4.));
#2756 = PCURVE('',#819,#2757);
#2757 = DEFINITIONAL_REPRESENTATION('',(#2758),#2762);
#2758 = ( BOUNDED_CURVE() B_SPLINE_CURVE(2,(#2759,#2760,#2761),
.UNSPECIFIED.,.F.,.F.) B_SPLINE_CURVE_WITH_KNOTS((3,3),(0.,
1.570796326795),.PIECEWISE_BEZIER_KNOTS.) CURVE() 
GEOMETRIC_REPRESENTATION_ITEM() RATIONAL_B_SPLINE_CURVE((1.,
0.707106781187,1.)) REPRESENTATION_ITEM('') );
#2759 = CARTESIAN_POINT('',(9.445647556166,-31.));
#2760 = CARTESIAN_POINT('',(11.445647556166,-31.));
#2761 = CARTESIAN_POINT('',(11.445647556166,-29.));
#2762 = ( GEOMETRIC_REPRESENTATION_CONTEXT(2) 
PARAMETRIC_REPRESENTATION_CONTEXT() REPRESENTATION_CONTEXT('2D SPACE',''
  ) );
#2763 = PCURVE('',#2764,#2774);
#2764 = ( BOUNDED_SURFACE() B_SPLINE_SURFACE(2,2,(
    (#2765,#2766,#2767)
    ,(#2768,#2769,#2770)
    ,(#2771,#2772,#2773
)),.UNSPECIFIED.,.F.,.F.,.F.) B_SPLINE_SURFACE_WITH_KNOTS((3,3),(3,3),(
    0.,1.570796326795),(0.,1.570796326795),.PIECEWISE_BEZIER_KNOTS.) 
GEOMETRIC_REPRESENTATION_ITEM() RATIONAL_B_SPLINE_SURFACE((
    (1.,0.707106781187,1.)
    ,(0.707106781187,0.5,0.707106781187)
,(1.,0.707106781187,1.))) REPRESENTATION_ITEM('') SURFACE() );
#2765 = CARTESIAN_POINT('',(69.,2.,6.));
#2766 = CARTESIAN_POINT('',(67.,2.,6.));
#2767 = CARTESIAN_POINT('',(67.,4.,6.));
#2768 = CARTESIAN_POINT('',(69.,2.,2.));
#2769 = CARTESIAN_POINT('',(67.,2.,2.));
#2770 = CARTESIAN_POINT('',(67.,4.,4.));
#2771 = CARTESIAN_POINT('',(69.,6.,2.));
#2772 = CARTESIAN_POINT('',(67.,6.,2.));
#2773 = CARTESIAN_POINT('',(67.,6.,4.));
#2774 = DEFINITIONAL_REPRESENTATION('',(#2775),#2779);
#2775 = B_SPLINE_CURVE_WITH_KNOTS('',2,(#2776,#2777,#2778),
  .UNSPECIFIED.,.F.,.F.,(3,3),(0.,1.570796326795),
  .PIECEWISE_BEZIER_KNOTS.);
#2776 = CARTESIAN_POINT('',(0.,1.570796326795));
#2777 = CARTESIAN_POINT('',(0.785398163397,1.570796326795));
#2778 = CARTESIAN_POINT('',(1.570796326795,1.570796326795));
#2779 = ( GEOMETRIC_REPRESENTATION_CONTEXT(2) 
PARAMETRIC_REPRESENTATION_CONTEXT() REPRESENTATION_CONTEXT('2D SPACE',''
  ) );
#2780 = ORIENTED_EDGE('',*,*,#2781,.T.);
#2781 = EDGE_CURVE('',#2749,#2782,#2784,.T.);
#2782 = VERTEX_POINT('',#2783);
#2783 = CARTESIAN_POINT('',(67.,64.,4.));
#2784 = SURFACE_CURVE('',#2785,(#2788,#2794),.PCURVE_S1.);
#2785 = B_SPLINE_CURVE_WITH_KNOTS('',1,(#2786,#2787),.UNSPECIFIED.,.F.,
  .F.,(2,2),(8.881784197001E-16,58.),.PIECEWISE_BEZIER_KNOTS.);
#2786 = CARTESIAN_POINT('',(67.,6.,4.));
#2787 = CARTESIAN_POINT('',(67.,64.,4.));
#2788 = PCURVE('',#819,#2789);
#2789 = DEFINITIONAL_REPRESENTATION('',(#2790),#2793);
#2790 = B_SPLINE_CURVE_WITH_KNOTS('',1,(#2791,#2792),.UNSPECIFIED.,.F.,
  .F.,(2,2),(8.881784197001E-16,58.),.PIECEWISE_BEZIER_KNOTS.);
#2791 = CARTESIAN_POINT('',(11.445647556166,-29.));
#2792 = CARTESIAN_POINT('',(11.445647556166,29.));
#2793 = ( GEOMETRIC_REPRESENTATION_CONTEXT(2) 
PARAMETRIC_REPRESENTATION_CONTEXT() REPRESENTATION_CONTEXT('2D SPACE',''
  ) );
#2794 = PCURVE('',#2795,#2802);
#2795 = ( BOUNDED_SURFACE() B_SPLINE_SURFACE(2,1,(
    (#2796,#2797)
    ,(#2798,#2799)
    ,(#2800,#2801
)),.UNSPECIFIED.,.F.,.F.,.F.) B_SPLINE_SURFACE_WITH_KNOTS((3,3),(2,2),(
    0.,1.570796326795),(8.881784197001E-16,58.),
.PIECEWISE_BEZIER_KNOTS.) GEOMETRIC_REPRESENTATION_ITEM() 
RATIONAL_B_SPLINE_SURFACE((
    (1.,1.)
    ,(0.707106781187,0.707106781187)
,(1.,1.))) REPRESENTATION_ITEM('') SURFACE() );
#2796 = CARTESIAN_POINT('',(69.,6.,2.));
#2797 = CARTESIAN_POINT('',(69.,64.,2.));
#2798 = CARTESIAN_POINT('',(67.,6.,2.));
#2799 = CARTESIAN_POINT('',(67.,64.,2.));
#2800 = CARTESIAN_POINT('',(67.,6.,4.));
#2801 = CARTESIAN_POINT('',(67.,64.,4.));
#2802 = DEFINITIONAL_REPRESENTATION('',(#2803),#2807);
#2803 = B_SPLINE_CURVE_WITH_KNOTS('',2,(#2804,#2805,#2806),
  .UNSPECIFIED.,.F.,.F.,(3,3),(1.7763568394E-15,58.),
  .PIECEWISE_BEZIER_KNOTS.);
#2804 = CARTESIAN_POINT('',(1.570796326795,1.7763568394E-15));
#2805 = CARTESIAN_POINT('',(1.570796326795,29.));
#2806 = CARTESIAN_POINT('',(1.570796326795,58.));
#2807 = ( GEOMETRIC_REPRESENTATION_CONTEXT(2) 
PARAMETRIC_REPRESENTATION_CONTEXT() REPRESENTATION_CONTEXT('2D SPACE',''
  ) );
#2808 = ORIENTED_EDGE('',*,*,#2809,.T.);
#2809 = EDGE_CURVE('',#2782,#2536,#2810,.T.);
#2810 = SURFACE_CURVE('',#2811,(#2815,#2822),.PCURVE_S1.);
#2811 = ( BOUNDED_CURVE() B_SPLINE_CURVE(2,(#2812,#2813,#2814),
.UNSPECIFIED.,.F.,.F.) B_SPLINE_CURVE_WITH_KNOTS((3,3),(
3.552713678801E-15,1.570796326795),.PIECEWISE_BEZIER_KNOTS.) CURVE() 
GEOMETRIC_REPRESENTATION_ITEM() RATIONAL_B_SPLINE_CURVE((1.,
0.707106781187,1.)) REPRESENTATION_ITEM('') );
#2812 = CARTESIAN_POINT('',(67.,64.,4.));
#2813 = CARTESIAN_POINT('',(67.,66.,4.));
#2814 = CARTESIAN_POINT('',(67.,66.,6.));
#2815 = PCURVE('',#819,#2816);
#2816 = DEFINITIONAL_REPRESENTATION('',(#2817),#2821);
#2817 = ( BOUNDED_CURVE() B_SPLINE_CURVE(2,(#2818,#2819,#2820),
.UNSPECIFIED.,.F.,.F.) B_SPLINE_CURVE_WITH_KNOTS((3,3),(
3.552713678801E-15,1.570796326795),.PIECEWISE_BEZIER_KNOTS.) CURVE() 
GEOMETRIC_REPRESENTATION_ITEM() RATIONAL_B_SPLINE_CURVE((1.,
0.707106781187,1.)) REPRESENTATION_ITEM('') );
#2818 = CARTESIAN_POINT('',(11.445647556166,29.));
#2819 = CARTESIAN_POINT('',(11.445647556166,31.));
#2820 = CARTESIAN_POINT('',(9.445647556166,31.));
#2821 = ( GEOMETRIC_REPRESENTATION_CONTEXT(2) 
PARAMETRIC_REPRESENTATION_CONTEXT() REPRESENTATION_CONTEXT('2D SPACE',''
  ) );
#2822 = PCURVE('',#2551,#2823);
#2823 = DEFINITIONAL_REPRESENTATION('',(#2824),#2828);
#2824 = B_SPLINE_CURVE_WITH_KNOTS('',2,(#2825,#2826,#2827),
  .UNSPECIFIED.,.F.,.F.,(3,3),(7.498786425727E-15,1.570796326795),
  .PIECEWISE_BEZIER_KNOTS.);
#2825 = CARTESIAN_POINT('',(7.498786425727E-15,1.570796326795));
#2826 = CARTESIAN_POINT('',(0.785398163397,1.570796326795));
#2827 = CARTESIAN_POINT('',(1.570796326795,1.570796326795));
#2828 = ( GEOMETRIC_REPRESENTATION_CONTEXT(2) 
PARAMETRIC_REPRESENTATION_CONTEXT() REPRESENTATION_CONTEXT('2D SPACE',''
  ) );
#2829 = ORIENTED_EDGE('',*,*,#2568,.T.);
#2830 = ADVANCED_FACE('',(#2831),#688,.F.);
#2831 = FACE_BOUND('',#2832,.F.);
#2832 = EDGE_LOOP('',(#2833,#2854,#2880,#2881));
#2833 = ORIENTED_EDGE('',*,*,#2834,.F.);
#2834 = EDGE_CURVE('',#2835,#675,#2837,.T.);
#2835 = VERTEX_POINT('',#2836);
#2836 = CARTESIAN_POINT('',(98.,10.,6.));
#2837 = SURFACE_CURVE('',#2838,(#2841,#2847),.PCURVE_S1.);
#2838 = B_SPLINE_CURVE_WITH_KNOTS('',1,(#2839,#2840),.UNSPECIFIED.,.F.,
  .F.,(2,2),(6.,30.),.PIECEWISE_BEZIER_KNOTS.);
#2839 = CARTESIAN_POINT('',(98.,10.,6.));
#2840 = CARTESIAN_POINT('',(98.,10.,30.));
#2841 = PCURVE('',#688,#2842);
#2842 = DEFINITIONAL_REPRESENTATION('',(#2843),#2846);
#2843 = B_SPLINE_CURVE_WITH_KNOTS('',1,(#2844,#2845),.UNSPECIFIED.,.F.,
  .F.,(2,2),(6.,30.),.PIECEWISE_BEZIER_KNOTS.);
#2844 = CARTESIAN_POINT('',(6.,-10.));
#2845 = CARTESIAN_POINT('',(30.,-10.));
#2846 = ( GEOMETRIC_REPRESENTATION_CONTEXT(2) 
PARAMETRIC_REPRESENTATION_CONTEXT() REPRESENTATION_CONTEXT('2D SPACE',''
  ) );
#2847 = PCURVE('',#727,#2848);
#2848 = DEFINITIONAL_REPRESENTATION('',(#2849),#2853);
#2849 = B_SPLINE_CURVE_WITH_KNOTS('',2,(#2850,#2851,#2852),
  .UNSPECIFIED.,.F.,.F.,(3,3),(6.,30.),.PIECEWISE_BEZIER_KNOTS.);
#2850 = CARTESIAN_POINT('',(0.,6.));
#2851 = CARTESIAN_POINT('',(0.,18.));
#2852 = CARTESIAN_POINT('',(0.,30.));
#2853 = ( GEOMETRIC_REPRESENTATION_CONTEXT(2) 
PARAMETRIC_REPRESENTATION_CONTEXT() REPRESENTATION_CONTEXT('2D SPACE',''
  ) );
#2854 = ORIENTED_EDGE('',*,*,#2855,.F.);
#2855 = EDGE_CURVE('',#2595,#2835,#2856,.T.);
#2856 = SURFACE_CURVE('',#2857,(#2860,#2866),.PCURVE_S1.);
#2857 = B_SPLINE_CURVE_WITH_KNOTS('',1,(#2858,#2859),.UNSPECIFIED.,.F.,
  .F.,(2,2),(0.,50.),.PIECEWISE_BEZIER_KNOTS.);
#2858 = CARTESIAN_POINT('',(98.,60.,6.));
#2859 = CARTESIAN_POINT('',(98.,10.,6.));
#2860 = PCURVE('',#688,#2861);
#2861 = DEFINITIONAL_REPRESENTATION('',(#2862),#2865);
#2862 = B_SPLINE_CURVE_WITH_KNOTS('',1,(#2863,#2864),.UNSPECIFIED.,.F.,
  .F.,(2,2),(0.,50.),.PIECEWISE_BEZIER_KNOTS.);
#2863 = CARTESIAN_POINT('',(6.,-60.));
#2864 = CARTESIAN_POINT('',(6.,-10.));
#2865 = ( GEOMETRIC_REPRESENTATION_CONTEXT(2) 
PARAMETRIC_REPRESENTATION_CONTEXT() REPRESENTATION_CONTEXT('2D SPACE',''
  ) );
#2866 = PCURVE('',#2867,#2874);
#2867 = ( BOUNDED_SURFACE() B_SPLINE_SURFACE(2,1,(
    (#2868,#2869)
    ,(#2870,#2871)
    ,(#2872,#2873
)),.UNSPECIFIED.,.F.,.F.,.F.) B_SPLINE_SURFACE_WITH_KNOTS((3,3),(2,2),(
    0.,1.570796326795),(0.,50.),.PIECEWISE_BEZIER_KNOTS.) 
GEOMETRIC_REPRESENTATION_ITEM() RATIONAL_B_SPLINE_SURFACE((
    (1.,1.)
    ,(0.707106781187,0.707106781187)
,(1.,1.))) REPRESENTATION_ITEM('') SURFACE() );
#2868 = CARTESIAN_POINT('',(98.,60.,6.));
#2869 = CARTESIAN_POINT('',(98.,10.,6.));
#2870 = CARTESIAN_POINT('',(98.,60.,2.));
#2871 = CARTESIAN_POINT('',(98.,10.,2.));
#2872 = CARTESIAN_POINT('',(94.,60.,2.));
#2873 = CARTESIAN_POINT('',(94.,10.,2.));
#2874 = DEFINITIONAL_REPRESENTATION('',(#2875),#2879);
#2875 = B_SPLINE_CURVE_WITH_KNOTS('',2,(#2876,#2877,#2878),
  .UNSPECIFIED.,.F.,.F.,(3,3),(0.,50.),.PIECEWISE_BEZIER_KNOTS.);
#2876 = CARTESIAN_POINT('',(0.,0.));
#2877 = CARTESIAN_POINT('',(-1.77185147616E-48,25.));
#2878 = CARTESIAN_POINT('',(0.,50.));
#2879 = ( GEOMETRIC_REPRESENTATION_CONTEXT(2) 
PARAMETRIC_REPRESENTATION_CONTEXT() REPRESENTATION_CONTEXT('2D SPACE',''
  ) );
#2880 = ORIENTED_EDGE('',*,*,#2594,.T.);
#2881 = ORIENTED_EDGE('',*,*,#674,.F.);
#2882 = ADVANCED_FACE('',(#2883),#791,.F.);
#2883 = FACE_BOUND('',#2884,.F.);
#2884 = EDGE_LOOP('',(#2885,#2886,#2887,#2910));
#2885 = ORIENTED_EDGE('',*,*,#775,.T.);
#2886 = ORIENTED_EDGE('',*,*,#2727,.T.);
#2887 = ORIENTED_EDGE('',*,*,#2888,.F.);
#2888 = EDGE_CURVE('',#2889,#2728,#2891,.T.);
#2889 = VERTEX_POINT('',#2890);
#2890 = CARTESIAN_POINT('',(69.,2.,6.));
#2891 = SURFACE_CURVE('',#2892,(#2896,#2903),.PCURVE_S1.);
#2892 = ( BOUNDED_CURVE() B_SPLINE_CURVE(2,(#2893,#2894,#2895),
.UNSPECIFIED.,.F.,.F.) B_SPLINE_CURVE_WITH_KNOTS((3,3),(0.,
1.570796326795),.PIECEWISE_BEZIER_KNOTS.) CURVE() 
GEOMETRIC_REPRESENTATION_ITEM() RATIONAL_B_SPLINE_CURVE((1.,
0.707106781187,1.)) REPRESENTATION_ITEM('') );
#2893 = CARTESIAN_POINT('',(69.,2.,6.));
#2894 = CARTESIAN_POINT('',(67.,2.,6.));
#2895 = CARTESIAN_POINT('',(67.,4.,6.));
#2896 = PCURVE('',#791,#2897);
#2897 = DEFINITIONAL_REPRESENTATION('',(#2898),#2902);
#2898 = B_SPLINE_CURVE_WITH_KNOTS('',2,(#2899,#2900,#2901),
  .UNSPECIFIED.,.F.,.F.,(3,3),(0.,1.570796326795),
  .PIECEWISE_BEZIER_KNOTS.);
#2899 = CARTESIAN_POINT('',(0.,24.));
#2900 = CARTESIAN_POINT('',(0.785398163397,24.));
#2901 = CARTESIAN_POINT('',(1.570796326795,24.));
#2902 = ( GEOMETRIC_REPRESENTATION_CONTEXT(2) 
PARAMETRIC_REPRESENTATION_CONTEXT() REPRESENTATION_CONTEXT('2D SPACE',''
  ) );
#2903 = PCURVE('',#2764,#2904);
#2904 = DEFINITIONAL_REPRESENTATION('',(#2905),#2909);
#2905 = B_SPLINE_CURVE_WITH_KNOTS('',2,(#2906,#2907,#2908),
  .UNSPECIFIED.,.F.,.F.,(3,3),(0.,1.570796326795),
  .PIECEWISE_BEZIER_KNOTS.);
#2906 = CARTESIAN_POINT('',(-2.22044604925E-16,0.));
#2907 = CARTESIAN_POINT('',(2.888965627702E-18,0.785398163397));
#2908 = CARTESIAN_POINT('',(-7.153036982908E-16,1.570796326795));
#2909 = ( GEOMETRIC_REPRESENTATION_CONTEXT(2) 
PARAMETRIC_REPRESENTATION_CONTEXT() REPRESENTATION_CONTEXT('2D SPACE',''
  ) );
#2910 = ORIENTED_EDGE('',*,*,#2911,.F.);
#2911 = EDGE_CURVE('',#751,#2889,#2912,.T.);
#2912 = SURFACE_CURVE('',#2913,(#2916,#2923),.PCURVE_S1.);
#2913 = B_SPLINE_CURVE_WITH_KNOTS('',1,(#2914,#2915),.UNSPECIFIED.,.F.,
  .F.,(2,2),(-0.,24.),.PIECEWISE_BEZIER_KNOTS.);
#2914 = CARTESIAN_POINT('',(69.,2.,30.));
#2915 = CARTESIAN_POINT('',(69.,2.,6.));
#2916 = PCURVE('',#791,#2917);
#2917 = DEFINITIONAL_REPRESENTATION('',(#2918),#2922);
#2918 = B_SPLINE_CURVE_WITH_KNOTS('',2,(#2919,#2920,#2921),
  .UNSPECIFIED.,.F.,.F.,(3,3),(-0.,24.),.PIECEWISE_BEZIER_KNOTS.);
#2919 = CARTESIAN_POINT('',(0.,0.));
#2920 = CARTESIAN_POINT('',(0.,12.));
#2921 = CARTESIAN_POINT('',(0.,24.));
#2922 = ( GEOMETRIC_REPRESENTATION_CONTEXT(2) 
PARAMETRIC_REPRESENTATION_CONTEXT() REPRESENTATION_CONTEXT('2D SPACE',''
  ) );
#2923 = PCURVE('',#764,#2924);
#2924 = DEFINITIONAL_REPRESENTATION('',(#2925),#2928);
#2925 = B_SPLINE_CURVE_WITH_KNOTS('',1,(#2926,#2927),.UNSPECIFIED.,.F.,
  .F.,(2,2),(-0.,24.),.PIECEWISE_BEZIER_KNOTS.);
#2926 = CARTESIAN_POINT('',(30.,69.));
#2927 = CARTESIAN_POINT('',(6.,69.));
#2928 = ( GEOMETRIC_REPRESENTATION_CONTEXT(2) 
PARAMETRIC_REPRESENTATION_CONTEXT() REPRESENTATION_CONTEXT('2D SPACE',''
  ) );
#2929 = ADVANCED_FACE('',(#2930),#727,.T.);
#2930 = FACE_BOUND('',#2931,.T.);
#2931 = EDGE_LOOP('',(#2932,#2953,#2954,#2955));
#2932 = ORIENTED_EDGE('',*,*,#2933,.T.);
#2933 = EDGE_CURVE('',#2934,#700,#2936,.T.);
#2934 = VERTEX_POINT('',#2935);
#2935 = CARTESIAN_POINT('',(90.,2.,6.));
#2936 = SURFACE_CURVE('',#2937,(#2940,#2947),.PCURVE_S1.);
#2937 = B_SPLINE_CURVE_WITH_KNOTS('',1,(#2938,#2939),.UNSPECIFIED.,.F.,
  .F.,(2,2),(6.,30.),.PIECEWISE_BEZIER_KNOTS.);
#2938 = CARTESIAN_POINT('',(90.,2.,6.));
#2939 = CARTESIAN_POINT('',(90.,2.,30.));
#2940 = PCURVE('',#727,#2941);
#2941 = DEFINITIONAL_REPRESENTATION('',(#2942),#2946);
#2942 = B_SPLINE_CURVE_WITH_KNOTS('',2,(#2943,#2944,#2945),
  .UNSPECIFIED.,.F.,.F.,(3,3),(6.,30.),.PIECEWISE_BEZIER_KNOTS.);
#2943 = CARTESIAN_POINT('',(1.570796326795,6.));
#2944 = CARTESIAN_POINT('',(1.570796326795,18.));
#2945 = CARTESIAN_POINT('',(1.570796326795,30.));
#2946 = ( GEOMETRIC_REPRESENTATION_CONTEXT(2) 
PARAMETRIC_REPRESENTATION_CONTEXT() REPRESENTATION_CONTEXT('2D SPACE',''
  ) );
#2947 = PCURVE('',#764,#2948);
#2948 = DEFINITIONAL_REPRESENTATION('',(#2949),#2952);
#2949 = B_SPLINE_CURVE_WITH_KNOTS('',1,(#2950,#2951),.UNSPECIFIED.,.F.,
  .F.,(2,2),(6.,30.),.PIECEWISE_BEZIER_KNOTS.);
#2950 = CARTESIAN_POINT('',(6.,90.));
#2951 = CARTESIAN_POINT('',(30.,90.));
#2952 = ( GEOMETRIC_REPRESENTATION_CONTEXT(2) 
PARAMETRIC_REPRESENTATION_CONTEXT() REPRESENTATION_CONTEXT('2D SPACE',''
  ) );
#2953 = ORIENTED_EDGE('',*,*,#699,.F.);
#2954 = ORIENTED_EDGE('',*,*,#2834,.F.);
#2955 = ORIENTED_EDGE('',*,*,#2956,.T.);
#2956 = EDGE_CURVE('',#2835,#2934,#2957,.T.);
#2957 = SURFACE_CURVE('',#2958,(#2968,#2984),.PCURVE_S1.);
#2958 = B_SPLINE_CURVE_WITH_KNOTS('',8,(#2959,#2960,#2961,#2962,#2963,
    #2964,#2965,#2966,#2967),.UNSPECIFIED.,.F.,.F.,(9,9),(0.,
    1.570796326795),.PIECEWISE_BEZIER_KNOTS.);
#2959 = CARTESIAN_POINT('',(98.,10.,6.));
#2960 = CARTESIAN_POINT('',(98.,8.429203673205,6.));
#2961 = CARTESIAN_POINT('',(97.647513688311,6.858406851966,6.));
#2962 = CARTESIAN_POINT('',(96.942544526971,5.379894125319,6.));
#2963 = CARTESIAN_POINT('',(95.914070046239,4.085929953761,6.));
#2964 = CARTESIAN_POINT('',(94.620105874681,3.057455473029,6.));
#2965 = CARTESIAN_POINT('',(93.141593148033,2.35248631169,6.));
#2966 = CARTESIAN_POINT('',(91.570796326795,2.,6.));
#2967 = CARTESIAN_POINT('',(90.,2.,6.));
#2968 = PCURVE('',#727,#2969);
#2969 = DEFINITIONAL_REPRESENTATION('',(#2970),#2983);
#2970 = B_SPLINE_CURVE_WITH_KNOTS('',6,(#2971,#2972,#2973,#2974,#2975,
    #2976,#2977,#2978,#2979,#2980,#2981,#2982),.UNSPECIFIED.,.F.,.F.,(7,
    5,7),(0.,0.785398163397,1.570796326795),.UNSPECIFIED.);
#2971 = CARTESIAN_POINT('',(0.,6.));
#2972 = CARTESIAN_POINT('',(0.145392652579,6.000000000001));
#2973 = CARTESIAN_POINT('',(0.28132841098,5.999999999996));
#2974 = CARTESIAN_POINT('',(0.411187802302,6.000000000008));
#2975 = CARTESIAN_POINT('',(0.537194906025,5.999999999997));
#2976 = CARTESIAN_POINT('',(0.661297781031,6.000000000001));
#2977 = CARTESIAN_POINT('',(0.909498545764,5.999999999999));
#2978 = CARTESIAN_POINT('',(1.03360142077,6.000000000004));
#2979 = CARTESIAN_POINT('',(1.159608524494,5.999999999992));
#2980 = CARTESIAN_POINT('',(1.289467915816,6.000000000005));
#2981 = CARTESIAN_POINT('',(1.425403674216,5.999999999999));
#2982 = CARTESIAN_POINT('',(1.570796326795,6.));
#2983 = ( GEOMETRIC_REPRESENTATION_CONTEXT(2) 
PARAMETRIC_REPRESENTATION_CONTEXT() REPRESENTATION_CONTEXT('2D SPACE',''
  ) );
#2984 = PCURVE('',#2985,#3050);
#2985 = B_SPLINE_SURFACE_WITH_KNOTS('',7,7,(
    (#2986,#2987,#2988,#2989,#2990,#2991,#2992,#2993)
    ,(#2994,#2995,#2996,#2997,#2998,#2999,#3000,#3001)
    ,(#3002,#3003,#3004,#3005,#3006,#3007,#3008,#3009)
    ,(#3010,#3011,#3012,#3013,#3014,#3015,#3016,#3017)
    ,(#3018,#3019,#3020,#3021,#3022,#3023,#3024,#3025)
    ,(#3026,#3027,#3028,#3029,#3030,#3031,#3032,#3033)
    ,(#3034,#3035,#3036,#3037,#3038,#3039,#3040,#3041)
    ,(#3042,#3043,#3044,#3045,#3046,#3047,#3048,#3049
  )),.UNSPECIFIED.,.F.,.F.,.F.,(8,8),(8,8),(0.,1.570796326795),(0.,
    1.570796326795),.PIECEWISE_BEZIER_KNOTS.);
#2986 = CARTESIAN_POINT('',(98.,10.,6.));
#2987 = CARTESIAN_POINT('',(98.,10.,5.102402098974));
#2988 = CARTESIAN_POINT('',(97.76500941902,10.,4.204804197949));
#2989 = CARTESIAN_POINT('',(97.29504641814,10.,3.381015211914));
#2990 = CARTESIAN_POINT('',(96.618984788084,10.,2.704953581862));
#2991 = CARTESIAN_POINT('',(95.795195802052,10.,2.234990580978));
#2992 = CARTESIAN_POINT('',(94.897597901025,10.,2.));
#2993 = CARTESIAN_POINT('',(94.,10.,2.));
#2994 = CARTESIAN_POINT('',(98.,8.204804197949,6.));
#2995 = CARTESIAN_POINT('',(98.000000000002,8.204804197949,
    5.102402098974));
#2996 = CARTESIAN_POINT('',(97.765009419016,8.25753596101,4.204804197949
    ));
#2997 = CARTESIAN_POINT('',(97.295046418148,8.362995411799,
    3.381015211914));
#2998 = CARTESIAN_POINT('',(96.618984788077,8.514703286823,
    2.704953581862));
#2999 = CARTESIAN_POINT('',(95.795195802059,8.699561103011,
    2.234990580978));
#3000 = CARTESIAN_POINT('',(94.897597901023,8.900981600993,2.));
#3001 = CARTESIAN_POINT('',(94.,9.102402098974,2.));
#3002 = CARTESIAN_POINT('',(97.530018838042,6.409608395897,6.));
#3003 = CARTESIAN_POINT('',(97.530018838036,6.409608395897,
    5.102402098974));
#3004 = CARTESIAN_POINT('',(97.308833400371,6.515071922022,
    4.204804197948));
#3005 = CARTESIAN_POINT('',(96.866479619092,6.725990823596,
    3.381015211914));
#3006 = CARTESIAN_POINT('',(96.230135017906,7.029406573648,
    2.704953581862));
#3007 = CARTESIAN_POINT('',(95.454741694925,7.399122206023,
    2.234990580978));
#3008 = CARTESIAN_POINT('',(94.609875556993,7.801963201986,2.));
#3009 = CARTESIAN_POINT('',(93.765009419021,8.204804197949,2.));
#3010 = CARTESIAN_POINT('',(96.590092836278,4.762030423827,6.));
#3011 = CARTESIAN_POINT('',(96.590092836288,4.762030423828,
    5.102402098974));
#3012 = CARTESIAN_POINT('',(96.396516618202,4.915889613057,
    4.204804197949));
#3013 = CARTESIAN_POINT('',(96.009379142618,5.223596100631,
    3.381015211914));
#3014 = CARTESIAN_POINT('',(95.452465529363,5.666244881854,
    2.704953581863));
#3015 = CARTESIAN_POINT('',(94.773859792539,6.205617587613,
    2.234990580978));
#3016 = CARTESIAN_POINT('',(94.034453105298,6.793316399763,2.));
#3017 = CARTESIAN_POINT('',(93.295046418139,7.381015211914,2.));
#3018 = CARTESIAN_POINT('',(95.23796957617,3.409907163725,6.));
#3019 = CARTESIAN_POINT('',(95.237969576158,3.409907163724,
    5.102402098974));
#3020 = CARTESIAN_POINT('',(95.084110386982,3.603483381763,
    4.204804197949));
#3021 = CARTESIAN_POINT('',(94.776403899305,3.990620857439,
    3.381015211913));
#3022 = CARTESIAN_POINT('',(94.333755118212,4.547534470579,
    2.704953581863));
#3023 = CARTESIAN_POINT('',(93.794382412333,5.22614020751,2.234990580978
    ));
#3024 = CARTESIAN_POINT('',(93.206683600255,5.965546894687,2.));
#3025 = CARTESIAN_POINT('',(92.618984788085,6.704953581862,2.));
#3026 = CARTESIAN_POINT('',(93.590391604104,2.469981161957,6.));
#3027 = CARTESIAN_POINT('',(93.590391604113,2.469981161957,
    5.102402098975));
#3028 = CARTESIAN_POINT('',(93.484928077949,2.691166599647,
    4.204804197948));
#3029 = CARTESIAN_POINT('',(93.274009176453,3.13352038088,3.381015211914
    ));
#3030 = CARTESIAN_POINT('',(92.9705934263,3.769864982122,2.704953581862)
  );
#3031 = CARTESIAN_POINT('',(92.600877794019,4.545258305051,
    2.234990580979));
#3032 = CARTESIAN_POINT('',(92.198036798001,5.390124443014,2.));
#3033 = CARTESIAN_POINT('',(91.795195802052,6.234990580978,2.));
#3034 = CARTESIAN_POINT('',(91.795195802051,2.,6.));
#3035 = CARTESIAN_POINT('',(91.795195802048,2.,5.102402098974));
#3036 = CARTESIAN_POINT('',(91.742464038999,2.234990580979,
    4.204804197949));
#3037 = CARTESIAN_POINT('',(91.637004588186,2.704953581862,
    3.381015211913));
#3038 = CARTESIAN_POINT('',(91.485296713193,3.381015211914,
    2.704953581862));
#3039 = CARTESIAN_POINT('',(91.300438896975,4.204804197949,
    2.234990580978));
#3040 = CARTESIAN_POINT('',(91.099018399011,5.102402098974,2.));
#3041 = CARTESIAN_POINT('',(90.897597901026,6.,2.));
#3042 = CARTESIAN_POINT('',(90.,2.,6.));
#3043 = CARTESIAN_POINT('',(90.,2.,5.102402098974));
#3044 = CARTESIAN_POINT('',(89.999999999999,2.234990580978,
    4.204804197949));
#3045 = CARTESIAN_POINT('',(90.000000000002,2.704953581862,
    3.381015211914));
#3046 = CARTESIAN_POINT('',(89.999999999998,3.381015211914,
    2.704953581862));
#3047 = CARTESIAN_POINT('',(90.000000000001,4.204804197949,
    2.234990580978));
#3048 = CARTESIAN_POINT('',(90.,5.102402098974,2.));
#3049 = CARTESIAN_POINT('',(90.,6.,2.));
#3050 = DEFINITIONAL_REPRESENTATION('',(#3051),#3062);
#3051 = B_SPLINE_CURVE_WITH_KNOTS('',5,(#3052,#3053,#3054,#3055,#3056,
    #3057,#3058,#3059,#3060,#3061),.UNSPECIFIED.,.F.,.F.,(6,4,6),(0.,
    0.785398163397,1.570796326795),.UNSPECIFIED.);
#3052 = CARTESIAN_POINT('',(2.220446049253E-16,-2.220446049239E-16));
#3053 = CARTESIAN_POINT('',(0.157079696735,-3.146926698755E-15));
#3054 = CARTESIAN_POINT('',(0.314158856355,1.190569594648E-16));
#3055 = CARTESIAN_POINT('',(0.471238943546,1.431851849798E-15));
#3056 = CARTESIAN_POINT('',(0.628318572325,-3.312942347317E-16));
#3057 = CARTESIAN_POINT('',(0.94247775447,-1.462915782362E-16));
#3058 = CARTESIAN_POINT('',(1.099557383249,-2.348942538233E-16));
#3059 = CARTESIAN_POINT('',(1.25663747044,1.056280193119E-15));
#3060 = CARTESIAN_POINT('',(1.41371663006,-2.373245741086E-15));
#3061 = CARTESIAN_POINT('',(1.570796326795,-2.874719507617E-29));
#3062 = ( GEOMETRIC_REPRESENTATION_CONTEXT(2) 
PARAMETRIC_REPRESENTATION_CONTEXT() REPRESENTATION_CONTEXT('2D SPACE',''
  ) );
#3063 = ADVANCED_FACE('',(#3064),#764,.T.);
#3064 = FACE_BOUND('',#3065,.T.);
#3065 = EDGE_LOOP('',(#3066,#3092,#3093,#3094));
#3066 = ORIENTED_EDGE('',*,*,#3067,.T.);
#3067 = EDGE_CURVE('',#2934,#2889,#3068,.T.);
#3068 = SURFACE_CURVE('',#3069,(#3072,#3078),.PCURVE_S1.);
#3069 = B_SPLINE_CURVE_WITH_KNOTS('',1,(#3070,#3071),.UNSPECIFIED.,.F.,
  .F.,(2,2),(-0.,21.),.PIECEWISE_BEZIER_KNOTS.);
#3070 = CARTESIAN_POINT('',(90.,2.,6.));
#3071 = CARTESIAN_POINT('',(69.,2.,6.));
#3072 = PCURVE('',#764,#3073);
#3073 = DEFINITIONAL_REPRESENTATION('',(#3074),#3077);
#3074 = B_SPLINE_CURVE_WITH_KNOTS('',1,(#3075,#3076),.UNSPECIFIED.,.F.,
  .F.,(2,2),(-0.,21.),.PIECEWISE_BEZIER_KNOTS.);
#3075 = CARTESIAN_POINT('',(6.,90.));
#3076 = CARTESIAN_POINT('',(6.,69.));
#3077 = ( GEOMETRIC_REPRESENTATION_CONTEXT(2) 
PARAMETRIC_REPRESENTATION_CONTEXT() REPRESENTATION_CONTEXT('2D SPACE',''
  ) );
#3078 = PCURVE('',#3079,#3086);
#3079 = ( BOUNDED_SURFACE() B_SPLINE_SURFACE(2,1,(
    (#3080,#3081)
    ,(#3082,#3083)
    ,(#3084,#3085
)),.UNSPECIFIED.,.F.,.F.,.F.) B_SPLINE_SURFACE_WITH_KNOTS((3,3),(2,2),(
    0.,1.570796326795),(0.,21.),.PIECEWISE_BEZIER_KNOTS.) 
GEOMETRIC_REPRESENTATION_ITEM() RATIONAL_B_SPLINE_SURFACE((
    (1.,1.)
    ,(0.707106781187,0.707106781187)
,(1.,1.))) REPRESENTATION_ITEM('') SURFACE() );
#3080 = CARTESIAN_POINT('',(90.,2.,6.));
#3081 = CARTESIAN_POINT('',(69.,2.,6.));
#3082 = CARTESIAN_POINT('',(90.,2.,2.));
#3083 = CARTESIAN_POINT('',(69.,2.,2.));
#3084 = CARTESIAN_POINT('',(90.,6.,2.));
#3085 = CARTESIAN_POINT('',(69.,6.,2.));
#3086 = DEFINITIONAL_REPRESENTATION('',(#3087),#3091);
#3087 = B_SPLINE_CURVE_WITH_KNOTS('',2,(#3088,#3089,#3090),
  .UNSPECIFIED.,.F.,.F.,(3,3),(-0.,21.),.PIECEWISE_BEZIER_KNOTS.);
#3088 = CARTESIAN_POINT('',(0.,0.));
#3089 = CARTESIAN_POINT('',(-3.630010419828E-33,10.5));
#3090 = CARTESIAN_POINT('',(0.,21.));
#3091 = ( GEOMETRIC_REPRESENTATION_CONTEXT(2) 
PARAMETRIC_REPRESENTATION_CONTEXT() REPRESENTATION_CONTEXT('2D SPACE',''
  ) );
#3092 = ORIENTED_EDGE('',*,*,#2911,.F.);
#3093 = ORIENTED_EDGE('',*,*,#750,.T.);
#3094 = ORIENTED_EDGE('',*,*,#2933,.F.);
#3095 = ADVANCED_FACE('',(#3096),#876,.F.);
#3096 = FACE_BOUND('',#3097,.F.);
#3097 = EDGE_LOOP('',(#3098,#3128,#3147,#3148));
#3098 = ORIENTED_EDGE('',*,*,#3099,.F.);
#3099 = EDGE_CURVE('',#3100,#3102,#3104,.T.);
#3100 = VERTEX_POINT('',#3101);
#3101 = CARTESIAN_POINT('',(39.,68.,6.));
#3102 = VERTEX_POINT('',#3103);
#3103 = CARTESIAN_POINT('',(61.,68.,6.));
#3104 = SURFACE_CURVE('',#3105,(#3108,#3114),.PCURVE_S1.);
#3105 = B_SPLINE_CURVE_WITH_KNOTS('',1,(#3106,#3107),.UNSPECIFIED.,.F.,
  .F.,(2,2),(29.,51.),.PIECEWISE_BEZIER_KNOTS.);
#3106 = CARTESIAN_POINT('',(39.,68.,6.));
#3107 = CARTESIAN_POINT('',(61.,68.,6.));
#3108 = PCURVE('',#876,#3109);
#3109 = DEFINITIONAL_REPRESENTATION('',(#3110),#3113);
#3110 = B_SPLINE_CURVE_WITH_KNOTS('',1,(#3111,#3112),.UNSPECIFIED.,.F.,
  .F.,(2,2),(29.,51.),.PIECEWISE_BEZIER_KNOTS.);
#3111 = CARTESIAN_POINT('',(6.,39.));
#3112 = CARTESIAN_POINT('',(6.,61.));
#3113 = ( GEOMETRIC_REPRESENTATION_CONTEXT(2) 
PARAMETRIC_REPRESENTATION_CONTEXT() REPRESENTATION_CONTEXT('2D SPACE',''
  ) );
#3114 = PCURVE('',#3115,#3122);
#3115 = ( BOUNDED_SURFACE() B_SPLINE_SURFACE(2,1,(
    (#3116,#3117)
    ,(#3118,#3119)
    ,(#3120,#3121
)),.UNSPECIFIED.,.F.,.F.,.F.) B_SPLINE_SURFACE_WITH_KNOTS((3,3),(2,2),(
    0.,1.570796326795),(29.,51.),.PIECEWISE_BEZIER_KNOTS.) 
GEOMETRIC_REPRESENTATION_ITEM() RATIONAL_B_SPLINE_SURFACE((
    (1.,1.)
    ,(0.707106781187,0.707106781187)
,(1.,1.))) REPRESENTATION_ITEM('') SURFACE() );
#3116 = CARTESIAN_POINT('',(39.,68.,6.));
#3117 = CARTESIAN_POINT('',(61.,68.,6.));
#3118 = CARTESIAN_POINT('',(39.,68.,2.));
#3119 = CARTESIAN_POINT('',(61.,68.,2.));
#3120 = CARTESIAN_POINT('',(39.,64.,2.));
#3121 = CARTESIAN_POINT('',(61.,64.,2.));
#3122 = DEFINITIONAL_REPRESENTATION('',(#3123),#3127);
#3123 = B_SPLINE_CURVE_WITH_KNOTS('',2,(#3124,#3125,#3126),
  .UNSPECIFIED.,.F.,.F.,(3,3),(29.,51.),.PIECEWISE_BEZIER_KNOTS.);
#3124 = CARTESIAN_POINT('',(0.,29.));
#3125 = CARTESIAN_POINT('',(0.,40.));
#3126 = CARTESIAN_POINT('',(0.,51.));
#3127 = ( GEOMETRIC_REPRESENTATION_CONTEXT(2) 
PARAMETRIC_REPRESENTATION_CONTEXT() REPRESENTATION_CONTEXT('2D SPACE',''
  ) );
#3128 = ORIENTED_EDGE('',*,*,#3129,.T.);
#3129 = EDGE_CURVE('',#3100,#861,#3130,.T.);
#3130 = SURFACE_CURVE('',#3131,(#3134,#3140),.PCURVE_S1.);
#3131 = B_SPLINE_CURVE_WITH_KNOTS('',1,(#3132,#3133),.UNSPECIFIED.,.F.,
  .F.,(2,2),(0.,24.),.PIECEWISE_BEZIER_KNOTS.);
#3132 = CARTESIAN_POINT('',(39.,68.,6.));
#3133 = CARTESIAN_POINT('',(39.,68.,30.));
#3134 = PCURVE('',#876,#3135);
#3135 = DEFINITIONAL_REPRESENTATION('',(#3136),#3139);
#3136 = B_SPLINE_CURVE_WITH_KNOTS('',1,(#3137,#3138),.UNSPECIFIED.,.F.,
  .F.,(2,2),(0.,24.),.PIECEWISE_BEZIER_KNOTS.);
#3137 = CARTESIAN_POINT('',(6.,39.));
#3138 = CARTESIAN_POINT('',(30.,39.));
#3139 = ( GEOMETRIC_REPRESENTATION_CONTEXT(2) 
PARAMETRIC_REPRESENTATION_CONTEXT() REPRESENTATION_CONTEXT('2D SPACE',''
  ) );
#3140 = PCURVE('',#1066,#3141);
#3141 = DEFINITIONAL_REPRESENTATION('',(#3142),#3146);
#3142 = B_SPLINE_CURVE_WITH_KNOTS('',2,(#3143,#3144,#3145),
  .UNSPECIFIED.,.F.,.F.,(3,3),(1.06581410364E-14,24.),
  .PIECEWISE_BEZIER_KNOTS.);
#3143 = CARTESIAN_POINT('',(0.,1.06581410364E-14));
#3144 = CARTESIAN_POINT('',(0.,12.));
#3145 = CARTESIAN_POINT('',(0.,24.));
#3146 = ( GEOMETRIC_REPRESENTATION_CONTEXT(2) 
PARAMETRIC_REPRESENTATION_CONTEXT() REPRESENTATION_CONTEXT('2D SPACE',''
  ) );
#3147 = ORIENTED_EDGE('',*,*,#860,.T.);
#3148 = ORIENTED_EDGE('',*,*,#3149,.F.);
#3149 = EDGE_CURVE('',#3102,#863,#3150,.T.);
#3150 = SURFACE_CURVE('',#3151,(#3154,#3160),.PCURVE_S1.);
#3151 = B_SPLINE_CURVE_WITH_KNOTS('',1,(#3152,#3153),.UNSPECIFIED.,.F.,
  .F.,(2,2),(0.,24.),.PIECEWISE_BEZIER_KNOTS.);
#3152 = CARTESIAN_POINT('',(61.,68.,6.));
#3153 = CARTESIAN_POINT('',(61.,68.,30.));
#3154 = PCURVE('',#876,#3155);
#3155 = DEFINITIONAL_REPRESENTATION('',(#3156),#3159);
#3156 = B_SPLINE_CURVE_WITH_KNOTS('',1,(#3157,#3158),.UNSPECIFIED.,.F.,
  .F.,(2,2),(0.,24.),.PIECEWISE_BEZIER_KNOTS.);
#3157 = CARTESIAN_POINT('',(6.,61.));
#3158 = CARTESIAN_POINT('',(30.,61.));
#3159 = ( GEOMETRIC_REPRESENTATION_CONTEXT(2) 
PARAMETRIC_REPRESENTATION_CONTEXT() REPRESENTATION_CONTEXT('2D SPACE',''
  ) );
#3160 = PCURVE('',#903,#3161);
#3161 = DEFINITIONAL_REPRESENTATION('',(#3162),#3166);
#3162 = B_SPLINE_CURVE_WITH_KNOTS('',2,(#3163,#3164,#3165),
  .UNSPECIFIED.,.F.,.F.,(3,3),(1.06581410364E-14,24.),
  .PIECEWISE_BEZIER_KNOTS.);
#3163 = CARTESIAN_POINT('',(0.,1.06581410364E-14));
#3164 = CARTESIAN_POINT('',(0.,12.));
#3165 = CARTESIAN_POINT('',(0.,24.));
#3166 = ( GEOMETRIC_REPRESENTATION_CONTEXT(2) 
PARAMETRIC_REPRESENTATION_CONTEXT() REPRESENTATION_CONTEXT('2D SPACE',''
  ) );
#3167 = ADVANCED_FACE('',(#3168),#1066,.F.);
#3168 = FACE_BOUND('',#3169,.F.);
#3169 = EDGE_LOOP('',(#3170,#3203,#3222,#3223));
#3170 = ORIENTED_EDGE('',*,*,#3171,.T.);
#3171 = EDGE_CURVE('',#3100,#3172,#3174,.T.);
#3172 = VERTEX_POINT('',#3173);
#3173 = CARTESIAN_POINT('',(37.,66.,6.));
#3174 = SURFACE_CURVE('',#3175,(#3179,#3186),.PCURVE_S1.);
#3175 = ( BOUNDED_CURVE() B_SPLINE_CURVE(2,(#3176,#3177,#3178),
.UNSPECIFIED.,.F.,.F.) B_SPLINE_CURVE_WITH_KNOTS((3,3),(0.,
1.570796326795),.PIECEWISE_BEZIER_KNOTS.) CURVE() 
GEOMETRIC_REPRESENTATION_ITEM() RATIONAL_B_SPLINE_CURVE((1.,
0.707106781187,1.)) REPRESENTATION_ITEM('') );
#3176 = CARTESIAN_POINT('',(39.,68.,6.));
#3177 = CARTESIAN_POINT('',(37.,68.,6.));
#3178 = CARTESIAN_POINT('',(37.,66.,6.));
#3179 = PCURVE('',#1066,#3180);
#3180 = DEFINITIONAL_REPRESENTATION('',(#3181),#3185);
#3181 = B_SPLINE_CURVE_WITH_KNOTS('',2,(#3182,#3183,#3184),
  .UNSPECIFIED.,.F.,.F.,(3,3),(0.,1.570796326795),
  .PIECEWISE_BEZIER_KNOTS.);
#3182 = CARTESIAN_POINT('',(7.892145493852E-15,1.42108547152E-14));
#3183 = CARTESIAN_POINT('',(0.785398163397,-8.306278671514E-15));
#3184 = CARTESIAN_POINT('',(1.570796326795,3.552713678801E-15));
#3185 = ( GEOMETRIC_REPRESENTATION_CONTEXT(2) 
PARAMETRIC_REPRESENTATION_CONTEXT() REPRESENTATION_CONTEXT('2D SPACE',''
  ) );
#3186 = PCURVE('',#3187,#3197);
#3187 = ( BOUNDED_SURFACE() B_SPLINE_SURFACE(2,2,(
    (#3188,#3189,#3190)
    ,(#3191,#3192,#3193)
    ,(#3194,#3195,#3196
)),.UNSPECIFIED.,.F.,.F.,.F.) B_SPLINE_SURFACE_WITH_KNOTS((3,3),(3,3),(
    0.,1.570796326795),(0.,1.570796326795),.PIECEWISE_BEZIER_KNOTS.) 
GEOMETRIC_REPRESENTATION_ITEM() RATIONAL_B_SPLINE_SURFACE((
    (1.,0.707106781187,1.)
    ,(0.707106781187,0.5,0.707106781187)
,(1.,0.707106781187,1.))) REPRESENTATION_ITEM('') SURFACE() );
#3188 = CARTESIAN_POINT('',(39.,64.,2.));
#3189 = CARTESIAN_POINT('',(37.,64.,2.));
#3190 = CARTESIAN_POINT('',(37.,64.,4.));
#3191 = CARTESIAN_POINT('',(39.,68.,2.));
#3192 = CARTESIAN_POINT('',(37.,68.,2.));
#3193 = CARTESIAN_POINT('',(37.,66.,4.));
#3194 = CARTESIAN_POINT('',(39.,68.,6.));
#3195 = CARTESIAN_POINT('',(37.,68.,6.));
#3196 = CARTESIAN_POINT('',(37.,66.,6.));
#3197 = DEFINITIONAL_REPRESENTATION('',(#3198),#3202);
#3198 = B_SPLINE_CURVE_WITH_KNOTS('',2,(#3199,#3200,#3201),
  .UNSPECIFIED.,.F.,.F.,(3,3),(0.,1.570796326795),
  .PIECEWISE_BEZIER_KNOTS.);
#3199 = CARTESIAN_POINT('',(1.570796326795,-2.540923912038E-30));
#3200 = CARTESIAN_POINT('',(1.570796326795,0.785398163397));
#3201 = CARTESIAN_POINT('',(1.570796326795,1.570796326795));
#3202 = ( GEOMETRIC_REPRESENTATION_CONTEXT(2) 
PARAMETRIC_REPRESENTATION_CONTEXT() REPRESENTATION_CONTEXT('2D SPACE',''
  ) );
#3203 = ORIENTED_EDGE('',*,*,#3204,.T.);
#3204 = EDGE_CURVE('',#3172,#1028,#3205,.T.);
#3205 = SURFACE_CURVE('',#3206,(#3209,#3216),.PCURVE_S1.);
#3206 = B_SPLINE_CURVE_WITH_KNOTS('',1,(#3207,#3208),.UNSPECIFIED.,.F.,
  .F.,(2,2),(0.,24.),.PIECEWISE_BEZIER_KNOTS.);
#3207 = CARTESIAN_POINT('',(37.,66.,6.));
#3208 = CARTESIAN_POINT('',(37.,66.,30.));
#3209 = PCURVE('',#1066,#3210);
#3210 = DEFINITIONAL_REPRESENTATION('',(#3211),#3215);
#3211 = B_SPLINE_CURVE_WITH_KNOTS('',2,(#3212,#3213,#3214),
  .UNSPECIFIED.,.F.,.F.,(3,3),(8.881784197001E-16,24.),
  .PIECEWISE_BEZIER_KNOTS.);
#3212 = CARTESIAN_POINT('',(1.570796326795,6.705317694379E-30));
#3213 = CARTESIAN_POINT('',(1.570796326795,12.));
#3214 = CARTESIAN_POINT('',(1.570796326795,24.));
#3215 = ( GEOMETRIC_REPRESENTATION_CONTEXT(2) 
PARAMETRIC_REPRESENTATION_CONTEXT() REPRESENTATION_CONTEXT('2D SPACE',''
  ) );
#3216 = PCURVE('',#1041,#3217);
#3217 = DEFINITIONAL_REPRESENTATION('',(#3218),#3221);
#3218 = B_SPLINE_CURVE_WITH_KNOTS('',1,(#3219,#3220),.UNSPECIFIED.,.F.,
  .F.,(2,2),(0.,24.),.PIECEWISE_BEZIER_KNOTS.);
#3219 = CARTESIAN_POINT('',(9.445647556166,31.));
#3220 = CARTESIAN_POINT('',(-14.55435244383,31.));
#3221 = ( GEOMETRIC_REPRESENTATION_CONTEXT(2) 
PARAMETRIC_REPRESENTATION_CONTEXT() REPRESENTATION_CONTEXT('2D SPACE',''
  ) );
#3222 = ORIENTED_EDGE('',*,*,#1052,.F.);
#3223 = ORIENTED_EDGE('',*,*,#3129,.F.);
#3224 = ADVANCED_FACE('',(#3225),#903,.T.);
#3225 = FACE_BOUND('',#3226,.T.);
#3226 = EDGE_LOOP('',(#3227,#3260,#3279,#3280));
#3227 = ORIENTED_EDGE('',*,*,#3228,.T.);
#3228 = EDGE_CURVE('',#3102,#3229,#3231,.T.);
#3229 = VERTEX_POINT('',#3230);
#3230 = CARTESIAN_POINT('',(63.,66.,6.));
#3231 = SURFACE_CURVE('',#3232,(#3236,#3243),.PCURVE_S1.);
#3232 = ( BOUNDED_CURVE() B_SPLINE_CURVE(2,(#3233,#3234,#3235),
.UNSPECIFIED.,.F.,.F.) B_SPLINE_CURVE_WITH_KNOTS((3,3),(0.,
1.570796326795),.PIECEWISE_BEZIER_KNOTS.) CURVE() 
GEOMETRIC_REPRESENTATION_ITEM() RATIONAL_B_SPLINE_CURVE((1.,
0.707106781187,1.)) REPRESENTATION_ITEM('') );
#3233 = CARTESIAN_POINT('',(61.,68.,6.));
#3234 = CARTESIAN_POINT('',(63.,68.,6.));
#3235 = CARTESIAN_POINT('',(63.,66.,6.));
#3236 = PCURVE('',#903,#3237);
#3237 = DEFINITIONAL_REPRESENTATION('',(#3238),#3242);
#3238 = B_SPLINE_CURVE_WITH_KNOTS('',2,(#3239,#3240,#3241),
  .UNSPECIFIED.,.F.,.F.,(3,3),(0.,1.570796326795),
  .PIECEWISE_BEZIER_KNOTS.);
#3239 = CARTESIAN_POINT('',(0.,7.105427357601E-15));
#3240 = CARTESIAN_POINT('',(0.785398163397,1.282699899392E-15));
#3241 = CARTESIAN_POINT('',(1.570796326795,3.5527136788E-15));
#3242 = ( GEOMETRIC_REPRESENTATION_CONTEXT(2) 
PARAMETRIC_REPRESENTATION_CONTEXT() REPRESENTATION_CONTEXT('2D SPACE',''
  ) );
#3243 = PCURVE('',#3244,#3254);
#3244 = ( BOUNDED_SURFACE() B_SPLINE_SURFACE(2,2,(
    (#3245,#3246,#3247)
    ,(#3248,#3249,#3250)
    ,(#3251,#3252,#3253
)),.UNSPECIFIED.,.F.,.F.,.F.) B_SPLINE_SURFACE_WITH_KNOTS((3,3),(3,3),(
    0.,1.570796326795),(0.,1.570796326795),.PIECEWISE_BEZIER_KNOTS.) 
GEOMETRIC_REPRESENTATION_ITEM() RATIONAL_B_SPLINE_SURFACE((
    (1.,0.707106781187,1.)
    ,(0.707106781187,0.5,0.707106781187)
,(1.,0.707106781187,1.))) REPRESENTATION_ITEM('') SURFACE() );
#3245 = CARTESIAN_POINT('',(61.,64.,2.));
#3246 = CARTESIAN_POINT('',(63.,64.,2.));
#3247 = CARTESIAN_POINT('',(63.,64.,4.));
#3248 = CARTESIAN_POINT('',(61.,68.,2.));
#3249 = CARTESIAN_POINT('',(63.,68.,2.));
#3250 = CARTESIAN_POINT('',(63.,66.,4.));
#3251 = CARTESIAN_POINT('',(61.,68.,6.));
#3252 = CARTESIAN_POINT('',(63.,68.,6.));
#3253 = CARTESIAN_POINT('',(63.,66.,6.));
#3254 = DEFINITIONAL_REPRESENTATION('',(#3255),#3259);
#3255 = B_SPLINE_CURVE_WITH_KNOTS('',2,(#3256,#3257,#3258),
  .UNSPECIFIED.,.F.,.F.,(3,3),(0.,1.570796326795),
  .PIECEWISE_BEZIER_KNOTS.);
#3256 = CARTESIAN_POINT('',(1.570796326795,0.));
#3257 = CARTESIAN_POINT('',(1.570796326795,0.785398163397));
#3258 = CARTESIAN_POINT('',(1.570796326795,1.570796326795));
#3259 = ( GEOMETRIC_REPRESENTATION_CONTEXT(2) 
PARAMETRIC_REPRESENTATION_CONTEXT() REPRESENTATION_CONTEXT('2D SPACE',''
  ) );
#3260 = ORIENTED_EDGE('',*,*,#3261,.T.);
#3261 = EDGE_CURVE('',#3229,#888,#3262,.T.);
#3262 = SURFACE_CURVE('',#3263,(#3266,#3273),.PCURVE_S1.);
#3263 = B_SPLINE_CURVE_WITH_KNOTS('',1,(#3264,#3265),.UNSPECIFIED.,.F.,
  .F.,(2,2),(0.,24.),.PIECEWISE_BEZIER_KNOTS.);
#3264 = CARTESIAN_POINT('',(63.,66.,6.));
#3265 = CARTESIAN_POINT('',(63.,66.,30.));
#3266 = PCURVE('',#903,#3267);
#3267 = DEFINITIONAL_REPRESENTATION('',(#3268),#3272);
#3268 = B_SPLINE_CURVE_WITH_KNOTS('',2,(#3269,#3270,#3271),
  .UNSPECIFIED.,.F.,.F.,(3,3),(8.881784197001E-16,24.),
  .PIECEWISE_BEZIER_KNOTS.);
#3269 = CARTESIAN_POINT('',(1.570796326795,6.705317694379E-30));
#3270 = CARTESIAN_POINT('',(1.570796326795,12.));
#3271 = CARTESIAN_POINT('',(1.570796326795,24.));
#3272 = ( GEOMETRIC_REPRESENTATION_CONTEXT(2) 
PARAMETRIC_REPRESENTATION_CONTEXT() REPRESENTATION_CONTEXT('2D SPACE',''
  ) );
#3273 = PCURVE('',#931,#3274);
#3274 = DEFINITIONAL_REPRESENTATION('',(#3275),#3278);
#3275 = B_SPLINE_CURVE_WITH_KNOTS('',1,(#3276,#3277),.UNSPECIFIED.,.F.,
  .F.,(2,2),(0.,24.),.PIECEWISE_BEZIER_KNOTS.);
#3276 = CARTESIAN_POINT('',(9.445647556166,31.));
#3277 = CARTESIAN_POINT('',(-14.55435244383,31.));
#3278 = ( GEOMETRIC_REPRESENTATION_CONTEXT(2) 
PARAMETRIC_REPRESENTATION_CONTEXT() REPRESENTATION_CONTEXT('2D SPACE',''
  ) );
#3279 = ORIENTED_EDGE('',*,*,#887,.F.);
#3280 = ORIENTED_EDGE('',*,*,#3149,.F.);
#3281 = ADVANCED_FACE('',(#3282),#1041,.T.);
#3282 = FACE_BOUND('',#3283,.T.);
#3283 = EDGE_LOOP('',(#3284,#3285,#3306,#3339,#3367,#3388));
#3284 = ORIENTED_EDGE('',*,*,#1027,.T.);
#3285 = ORIENTED_EDGE('',*,*,#3286,.T.);
#3286 = EDGE_CURVE('',#998,#3287,#3289,.T.);
#3287 = VERTEX_POINT('',#3288);
#3288 = CARTESIAN_POINT('',(37.,4.,6.));
#3289 = SURFACE_CURVE('',#3290,(#3293,#3299),.PCURVE_S1.);
#3290 = B_SPLINE_CURVE_WITH_KNOTS('',1,(#3291,#3292),.UNSPECIFIED.,.F.,
  .F.,(2,2),(0.,24.),.PIECEWISE_BEZIER_KNOTS.);
#3291 = CARTESIAN_POINT('',(37.,4.,30.));
#3292 = CARTESIAN_POINT('',(37.,4.,6.));
#3293 = PCURVE('',#1041,#3294);
#3294 = DEFINITIONAL_REPRESENTATION('',(#3295),#3298);
#3295 = B_SPLINE_CURVE_WITH_KNOTS('',1,(#3296,#3297),.UNSPECIFIED.,.F.,
  .F.,(2,2),(0.,24.),.PIECEWISE_BEZIER_KNOTS.);
#3296 = CARTESIAN_POINT('',(-14.55435244383,-31.));
#3297 = CARTESIAN_POINT('',(9.445647556166,-31.));
#3298 = ( GEOMETRIC_REPRESENTATION_CONTEXT(2) 
PARAMETRIC_REPRESENTATION_CONTEXT() REPRESENTATION_CONTEXT('2D SPACE',''
  ) );
#3299 = PCURVE('',#1013,#3300);
#3300 = DEFINITIONAL_REPRESENTATION('',(#3301),#3305);
#3301 = B_SPLINE_CURVE_WITH_KNOTS('',2,(#3302,#3303,#3304),
  .UNSPECIFIED.,.F.,.F.,(3,3),(0.,24.),.PIECEWISE_BEZIER_KNOTS.);
#3302 = CARTESIAN_POINT('',(1.570796326795,3.552713678801E-15));
#3303 = CARTESIAN_POINT('',(1.570796326795,12.));
#3304 = CARTESIAN_POINT('',(1.570796326795,24.));
#3305 = ( GEOMETRIC_REPRESENTATION_CONTEXT(2) 
PARAMETRIC_REPRESENTATION_CONTEXT() REPRESENTATION_CONTEXT('2D SPACE',''
  ) );
#3306 = ORIENTED_EDGE('',*,*,#3307,.T.);
#3307 = EDGE_CURVE('',#3287,#3308,#3310,.T.);
#3308 = VERTEX_POINT('',#3309);
#3309 = CARTESIAN_POINT('',(37.,6.,4.));
#3310 = SURFACE_CURVE('',#3311,(#3315,#3322),.PCURVE_S1.);
#3311 = ( BOUNDED_CURVE() B_SPLINE_CURVE(2,(#3312,#3313,#3314),
.UNSPECIFIED.,.F.,.F.) B_SPLINE_CURVE_WITH_KNOTS((3,3),(0.,
1.570796326795),.PIECEWISE_BEZIER_KNOTS.) CURVE() 
GEOMETRIC_REPRESENTATION_ITEM() RATIONAL_B_SPLINE_CURVE((1.,
0.707106781187,1.)) REPRESENTATION_ITEM('') );
#3312 = CARTESIAN_POINT('',(37.,4.,6.));
#3313 = CARTESIAN_POINT('',(37.,4.,4.));
#3314 = CARTESIAN_POINT('',(37.,6.,4.));
#3315 = PCURVE('',#1041,#3316);
#3316 = DEFINITIONAL_REPRESENTATION('',(#3317),#3321);
#3317 = ( BOUNDED_CURVE() B_SPLINE_CURVE(2,(#3318,#3319,#3320),
.UNSPECIFIED.,.F.,.F.) B_SPLINE_CURVE_WITH_KNOTS((3,3),(0.,
1.570796326795),.PIECEWISE_BEZIER_KNOTS.) CURVE() 
GEOMETRIC_REPRESENTATION_ITEM() RATIONAL_B_SPLINE_CURVE((1.,
0.707106781187,1.)) REPRESENTATION_ITEM('') );
#3318 = CARTESIAN_POINT('',(9.445647556166,-31.));
#3319 = CARTESIAN_POINT('',(11.445647556166,-31.));
#3320 = CARTESIAN_POINT('',(11.445647556166,-29.));
#3321 = ( GEOMETRIC_REPRESENTATION_CONTEXT(2) 
PARAMETRIC_REPRESENTATION_CONTEXT() REPRESENTATION_CONTEXT('2D SPACE',''
  ) );
#3322 = PCURVE('',#3323,#3333);
#3323 = ( BOUNDED_SURFACE() B_SPLINE_SURFACE(2,2,(
    (#3324,#3325,#3326)
    ,(#3327,#3328,#3329)
    ,(#3330,#3331,#3332
)),.UNSPECIFIED.,.F.,.F.,.F.) B_SPLINE_SURFACE_WITH_KNOTS((3,3),(3,3),(
    0.,1.570796326795),(0.,1.570796326795),.PIECEWISE_BEZIER_KNOTS.) 
GEOMETRIC_REPRESENTATION_ITEM() RATIONAL_B_SPLINE_SURFACE((
    (1.,0.707106781187,1.)
    ,(0.707106781187,0.5,0.707106781187)
,(1.,0.707106781187,1.))) REPRESENTATION_ITEM('') SURFACE() );
#3324 = CARTESIAN_POINT('',(39.,2.,6.));
#3325 = CARTESIAN_POINT('',(37.,2.,6.));
#3326 = CARTESIAN_POINT('',(37.,4.,6.));
#3327 = CARTESIAN_POINT('',(39.,2.,2.));
#3328 = CARTESIAN_POINT('',(37.,2.,2.));
#3329 = CARTESIAN_POINT('',(37.,4.,4.));
#3330 = CARTESIAN_POINT('',(39.,6.,2.));
#3331 = CARTESIAN_POINT('',(37.,6.,2.));
#3332 = CARTESIAN_POINT('',(37.,6.,4.));
#3333 = DEFINITIONAL_REPRESENTATION('',(#3334),#3338);
#3334 = B_SPLINE_CURVE_WITH_KNOTS('',2,(#3335,#3336,#3337),
  .UNSPECIFIED.,.F.,.F.,(3,3),(0.,1.570796326795),
  .PIECEWISE_BEZIER_KNOTS.);
#3335 = CARTESIAN_POINT('',(0.,1.570796326795));
#3336 = CARTESIAN_POINT('',(0.785398163397,1.570796326795));
#3337 = CARTESIAN_POINT('',(1.570796326795,1.570796326795));
#3338 = ( GEOMETRIC_REPRESENTATION_CONTEXT(2) 
PARAMETRIC_REPRESENTATION_CONTEXT() REPRESENTATION_CONTEXT('2D SPACE',''
  ) );
#3339 = ORIENTED_EDGE('',*,*,#3340,.T.);
#3340 = EDGE_CURVE('',#3308,#3341,#3343,.T.);
#3341 = VERTEX_POINT('',#3342);
#3342 = CARTESIAN_POINT('',(37.,64.,4.));
#3343 = SURFACE_CURVE('',#3344,(#3347,#3353),.PCURVE_S1.);
#3344 = B_SPLINE_CURVE_WITH_KNOTS('',1,(#3345,#3346),.UNSPECIFIED.,.F.,
  .F.,(2,2),(8.881784197001E-16,58.),.PIECEWISE_BEZIER_KNOTS.);
#3345 = CARTESIAN_POINT('',(37.,6.,4.));
#3346 = CARTESIAN_POINT('',(37.,64.,4.));
#3347 = PCURVE('',#1041,#3348);
#3348 = DEFINITIONAL_REPRESENTATION('',(#3349),#3352);
#3349 = B_SPLINE_CURVE_WITH_KNOTS('',1,(#3350,#3351),.UNSPECIFIED.,.F.,
  .F.,(2,2),(8.881784197001E-16,58.),.PIECEWISE_BEZIER_KNOTS.);
#3350 = CARTESIAN_POINT('',(11.445647556166,-29.));
#3351 = CARTESIAN_POINT('',(11.445647556166,29.));
#3352 = ( GEOMETRIC_REPRESENTATION_CONTEXT(2) 
PARAMETRIC_REPRESENTATION_CONTEXT() REPRESENTATION_CONTEXT('2D SPACE',''
  ) );
#3353 = PCURVE('',#3354,#3361);
#3354 = ( BOUNDED_SURFACE() B_SPLINE_SURFACE(2,1,(
    (#3355,#3356)
    ,(#3357,#3358)
    ,(#3359,#3360
)),.UNSPECIFIED.,.F.,.F.,.F.) B_SPLINE_SURFACE_WITH_KNOTS((3,3),(2,2),(
    0.,1.570796326795),(8.881784197001E-16,58.),
.PIECEWISE_BEZIER_KNOTS.) GEOMETRIC_REPRESENTATION_ITEM() 
RATIONAL_B_SPLINE_SURFACE((
    (1.,1.)
    ,(0.707106781187,0.707106781187)
,(1.,1.))) REPRESENTATION_ITEM('') SURFACE() );
#3355 = CARTESIAN_POINT('',(39.,6.,2.));
#3356 = CARTESIAN_POINT('',(39.,64.,2.));
#3357 = CARTESIAN_POINT('',(37.,6.,2.));
#3358 = CARTESIAN_POINT('',(37.,64.,2.));
#3359 = CARTESIAN_POINT('',(37.,6.,4.));
#3360 = CARTESIAN_POINT('',(37.,64.,4.));
#3361 = DEFINITIONAL_REPRESENTATION('',(#3362),#3366);
#3362 = B_SPLINE_CURVE_WITH_KNOTS('',2,(#3363,#3364,#3365),
  .UNSPECIFIED.,.F.,.F.,(3,3),(1.7763568394E-15,58.),
  .PIECEWISE_BEZIER_KNOTS.);
#3363 = CARTESIAN_POINT('',(1.570796326795,1.7763568394E-15));
#3364 = CARTESIAN_POINT('',(1.570796326795,29.));
#3365 = CARTESIAN_POINT('',(1.570796326795,58.));
#3366 = ( GEOMETRIC_REPRESENTATION_CONTEXT(2) 
PARAMETRIC_REPRESENTATION_CONTEXT() REPRESENTATION_CONTEXT('2D SPACE',''
  ) );
#3367 = ORIENTED_EDGE('',*,*,#3368,.T.);
#3368 = EDGE_CURVE('',#3341,#3172,#3369,.T.);
#3369 = SURFACE_CURVE('',#3370,(#3374,#3381),.PCURVE_S1.);
#3370 = ( BOUNDED_CURVE() B_SPLINE_CURVE(2,(#3371,#3372,#3373),
.UNSPECIFIED.,.F.,.F.) B_SPLINE_CURVE_WITH_KNOTS((3,3),(
3.552713678801E-15,1.570796326795),.PIECEWISE_BEZIER_KNOTS.) CURVE() 
GEOMETRIC_REPRESENTATION_ITEM() RATIONAL_B_SPLINE_CURVE((1.,
0.707106781187,1.)) REPRESENTATION_ITEM('') );
#3371 = CARTESIAN_POINT('',(37.,64.,4.));
#3372 = CARTESIAN_POINT('',(37.,66.,4.));
#3373 = CARTESIAN_POINT('',(37.,66.,6.));
#3374 = PCURVE('',#1041,#3375);
#3375 = DEFINITIONAL_REPRESENTATION('',(#3376),#3380);
#3376 = ( BOUNDED_CURVE() B_SPLINE_CURVE(2,(#3377,#3378,#3379),
.UNSPECIFIED.,.F.,.F.) B_SPLINE_CURVE_WITH_KNOTS((3,3),(
3.552713678801E-15,1.570796326795),.PIECEWISE_BEZIER_KNOTS.) CURVE() 
GEOMETRIC_REPRESENTATION_ITEM() RATIONAL_B_SPLINE_CURVE((1.,
0.707106781187,1.)) REPRESENTATION_ITEM('') );
#3377 = CARTESIAN_POINT('',(11.445647556166,29.));
#3378 = CARTESIAN_POINT('',(11.445647556166,31.));
#3379 = CARTESIAN_POINT('',(9.445647556166,31.));
#3380 = ( GEOMETRIC_REPRESENTATION_CONTEXT(2) 
PARAMETRIC_REPRESENTATION_CONTEXT() REPRESENTATION_CONTEXT('2D SPACE',''
  ) );
#3381 = PCURVE('',#3187,#3382);
#3382 = DEFINITIONAL_REPRESENTATION('',(#3383),#3387);
#3383 = B_SPLINE_CURVE_WITH_KNOTS('',2,(#3384,#3385,#3386),
  .UNSPECIFIED.,.F.,.F.,(3,3),(7.498786425727E-15,1.570796326795),
  .PIECEWISE_BEZIER_KNOTS.);
#3384 = CARTESIAN_POINT('',(7.498786425727E-15,1.570796326795));
#3385 = CARTESIAN_POINT('',(0.785398163397,1.570796326795));
#3386 = CARTESIAN_POINT('',(1.570796326795,1.570796326795));
#3387 = ( GEOMETRIC_REPRESENTATION_CONTEXT(2) 
PARAMETRIC_REPRESENTATION_CONTEXT() REPRESENTATION_CONTEXT('2D SPACE',''
  ) );
#3388 = ORIENTED_EDGE('',*,*,#3204,.T.);
#3389 = ADVANCED_FACE('',(#3390),#931,.F.);
#3390 = FACE_BOUND('',#3391,.F.);
#3391 = EDGE_LOOP('',(#3392,#3393,#3414,#3447,#3475,#3496));
#3392 = ORIENTED_EDGE('',*,*,#917,.T.);
#3393 = ORIENTED_EDGE('',*,*,#3394,.T.);
#3394 = EDGE_CURVE('',#918,#3395,#3397,.T.);
#3395 = VERTEX_POINT('',#3396);
#3396 = CARTESIAN_POINT('',(63.,4.,6.));
#3397 = SURFACE_CURVE('',#3398,(#3401,#3407),.PCURVE_S1.);
#3398 = B_SPLINE_CURVE_WITH_KNOTS('',1,(#3399,#3400),.UNSPECIFIED.,.F.,
  .F.,(2,2),(0.,24.),.PIECEWISE_BEZIER_KNOTS.);
#3399 = CARTESIAN_POINT('',(63.,4.,30.));
#3400 = CARTESIAN_POINT('',(63.,4.,6.));
#3401 = PCURVE('',#931,#3402);
#3402 = DEFINITIONAL_REPRESENTATION('',(#3403),#3406);
#3403 = B_SPLINE_CURVE_WITH_KNOTS('',1,(#3404,#3405),.UNSPECIFIED.,.F.,
  .F.,(2,2),(0.,24.),.PIECEWISE_BEZIER_KNOTS.);
#3404 = CARTESIAN_POINT('',(-14.55435244383,-31.));
#3405 = CARTESIAN_POINT('',(9.445647556166,-31.));
#3406 = ( GEOMETRIC_REPRESENTATION_CONTEXT(2) 
PARAMETRIC_REPRESENTATION_CONTEXT() REPRESENTATION_CONTEXT('2D SPACE',''
  ) );
#3407 = PCURVE('',#958,#3408);
#3408 = DEFINITIONAL_REPRESENTATION('',(#3409),#3413);
#3409 = B_SPLINE_CURVE_WITH_KNOTS('',2,(#3410,#3411,#3412),
  .UNSPECIFIED.,.F.,.F.,(3,3),(0.,24.),.PIECEWISE_BEZIER_KNOTS.);
#3410 = CARTESIAN_POINT('',(1.570796326795,3.552713678801E-15));
#3411 = CARTESIAN_POINT('',(1.570796326795,12.));
#3412 = CARTESIAN_POINT('',(1.570796326795,24.));
#3413 = ( GEOMETRIC_REPRESENTATION_CONTEXT(2) 
PARAMETRIC_REPRESENTATION_CONTEXT() REPRESENTATION_CONTEXT('2D SPACE',''
  ) );
#3414 = ORIENTED_EDGE('',*,*,#3415,.T.);
#3415 = EDGE_CURVE('',#3395,#3416,#3418,.T.);
#3416 = VERTEX_POINT('',#3417);
#3417 = CARTESIAN_POINT('',(63.,6.,4.));
#3418 = SURFACE_CURVE('',#3419,(#3423,#3430),.PCURVE_S1.);
#3419 = ( BOUNDED_CURVE() B_SPLINE_CURVE(2,(#3420,#3421,#3422),
.UNSPECIFIED.,.F.,.F.) B_SPLINE_CURVE_WITH_KNOTS((3,3),(0.,
1.570796326795),.PIECEWISE_BEZIER_KNOTS.) CURVE() 
GEOMETRIC_REPRESENTATION_ITEM() RATIONAL_B_SPLINE_CURVE((1.,
0.707106781187,1.)) REPRESENTATION_ITEM('') );
#3420 = CARTESIAN_POINT('',(63.,4.,6.));
#3421 = CARTESIAN_POINT('',(63.,4.,4.));
#3422 = CARTESIAN_POINT('',(63.,6.,4.));
#3423 = PCURVE('',#931,#3424);
#3424 = DEFINITIONAL_REPRESENTATION('',(#3425),#3429);
#3425 = ( BOUNDED_CURVE() B_SPLINE_CURVE(2,(#3426,#3427,#3428),
.UNSPECIFIED.,.F.,.F.) B_SPLINE_CURVE_WITH_KNOTS((3,3),(0.,
1.570796326795),.PIECEWISE_BEZIER_KNOTS.) CURVE() 
GEOMETRIC_REPRESENTATION_ITEM() RATIONAL_B_SPLINE_CURVE((1.,
0.707106781187,1.)) REPRESENTATION_ITEM('') );
#3426 = CARTESIAN_POINT('',(9.445647556166,-31.));
#3427 = CARTESIAN_POINT('',(11.445647556166,-31.));
#3428 = CARTESIAN_POINT('',(11.445647556166,-29.));
#3429 = ( GEOMETRIC_REPRESENTATION_CONTEXT(2) 
PARAMETRIC_REPRESENTATION_CONTEXT() REPRESENTATION_CONTEXT('2D SPACE',''
  ) );
#3430 = PCURVE('',#3431,#3441);
#3431 = ( BOUNDED_SURFACE() B_SPLINE_SURFACE(2,2,(
    (#3432,#3433,#3434)
    ,(#3435,#3436,#3437)
    ,(#3438,#3439,#3440
)),.UNSPECIFIED.,.F.,.F.,.F.) B_SPLINE_SURFACE_WITH_KNOTS((3,3),(3,3),(
    0.,1.570796326795),(0.,1.570796326795),.PIECEWISE_BEZIER_KNOTS.) 
GEOMETRIC_REPRESENTATION_ITEM() RATIONAL_B_SPLINE_SURFACE((
    (1.,0.707106781187,1.)
    ,(0.707106781187,0.5,0.707106781187)
,(1.,0.707106781187,1.))) REPRESENTATION_ITEM('') SURFACE() );
#3432 = CARTESIAN_POINT('',(61.,2.,6.));
#3433 = CARTESIAN_POINT('',(63.,2.,6.));
#3434 = CARTESIAN_POINT('',(63.,4.,6.));
#3435 = CARTESIAN_POINT('',(61.,2.,2.));
#3436 = CARTESIAN_POINT('',(63.,2.,2.));
#3437 = CARTESIAN_POINT('',(63.,4.,4.));
#3438 = CARTESIAN_POINT('',(61.,6.,2.));
#3439 = CARTESIAN_POINT('',(63.,6.,2.));
#3440 = CARTESIAN_POINT('',(63.,6.,4.));
#3441 = DEFINITIONAL_REPRESENTATION('',(#3442),#3446);
#3442 = B_SPLINE_CURVE_WITH_KNOTS('',2,(#3443,#3444,#3445),
  .UNSPECIFIED.,.F.,.F.,(3,3),(0.,1.570796326795),
  .PIECEWISE_BEZIER_KNOTS.);
#3443 = CARTESIAN_POINT('',(0.,1.570796326795));
#3444 = CARTESIAN_POINT('',(0.785398163397,1.570796326795));
#3445 = CARTESIAN_POINT('',(1.570796326795,1.570796326795));
#3446 = ( GEOMETRIC_REPRESENTATION_CONTEXT(2) 
PARAMETRIC_REPRESENTATION_CONTEXT() REPRESENTATION_CONTEXT('2D SPACE',''
  ) );
#3447 = ORIENTED_EDGE('',*,*,#3448,.T.);
#3448 = EDGE_CURVE('',#3416,#3449,#3451,.T.);
#3449 = VERTEX_POINT('',#3450);
#3450 = CARTESIAN_POINT('',(63.,64.,4.));
#3451 = SURFACE_CURVE('',#3452,(#3455,#3461),.PCURVE_S1.);
#3452 = B_SPLINE_CURVE_WITH_KNOTS('',1,(#3453,#3454),.UNSPECIFIED.,.F.,
  .F.,(2,2),(8.881784197001E-16,58.),.PIECEWISE_BEZIER_KNOTS.);
#3453 = CARTESIAN_POINT('',(63.,6.,4.));
#3454 = CARTESIAN_POINT('',(63.,64.,4.));
#3455 = PCURVE('',#931,#3456);
#3456 = DEFINITIONAL_REPRESENTATION('',(#3457),#3460);
#3457 = B_SPLINE_CURVE_WITH_KNOTS('',1,(#3458,#3459),.UNSPECIFIED.,.F.,
  .F.,(2,2),(8.881784197001E-16,58.),.PIECEWISE_BEZIER_KNOTS.);
#3458 = CARTESIAN_POINT('',(11.445647556166,-29.));
#3459 = CARTESIAN_POINT('',(11.445647556166,29.));
#3460 = ( GEOMETRIC_REPRESENTATION_CONTEXT(2) 
PARAMETRIC_REPRESENTATION_CONTEXT() REPRESENTATION_CONTEXT('2D SPACE',''
  ) );
#3461 = PCURVE('',#3462,#3469);
#3462 = ( BOUNDED_SURFACE() B_SPLINE_SURFACE(2,1,(
    (#3463,#3464)
    ,(#3465,#3466)
    ,(#3467,#3468
)),.UNSPECIFIED.,.F.,.F.,.F.) B_SPLINE_SURFACE_WITH_KNOTS((3,3),(2,2),(
    0.,1.570796326795),(8.881784197001E-16,58.),
.PIECEWISE_BEZIER_KNOTS.) GEOMETRIC_REPRESENTATION_ITEM() 
RATIONAL_B_SPLINE_SURFACE((
    (1.,1.)
    ,(0.707106781187,0.707106781187)
,(1.,1.))) REPRESENTATION_ITEM('') SURFACE() );
#3463 = CARTESIAN_POINT('',(61.,6.,2.));
#3464 = CARTESIAN_POINT('',(61.,64.,2.));
#3465 = CARTESIAN_POINT('',(63.,6.,2.));
#3466 = CARTESIAN_POINT('',(63.,64.,2.));
#3467 = CARTESIAN_POINT('',(63.,6.,4.));
#3468 = CARTESIAN_POINT('',(63.,64.,4.));
#3469 = DEFINITIONAL_REPRESENTATION('',(#3470),#3474);
#3470 = B_SPLINE_CURVE_WITH_KNOTS('',2,(#3471,#3472,#3473),
  .UNSPECIFIED.,.F.,.F.,(3,3),(1.7763568394E-15,58.),
  .PIECEWISE_BEZIER_KNOTS.);
#3471 = CARTESIAN_POINT('',(1.570796326795,1.7763568394E-15));
#3472 = CARTESIAN_POINT('',(1.570796326795,29.));
#3473 = CARTESIAN_POINT('',(1.570796326795,58.));
#3474 = ( GEOMETRIC_REPRESENTATION_CONTEXT(2) 
PARAMETRIC_REPRESENTATION_CONTEXT() REPRESENTATION_CONTEXT('2D SPACE',''
  ) );
#3475 = ORIENTED_EDGE('',*,*,#3476,.T.);
#3476 = EDGE_CURVE('',#3449,#3229,#3477,.T.);
#3477 = SURFACE_CURVE('',#3478,(#3482,#3489),.PCURVE_S1.);
#3478 = ( BOUNDED_CURVE() B_SPLINE_CURVE(2,(#3479,#3480,#3481),
.UNSPECIFIED.,.F.,.F.) B_SPLINE_CURVE_WITH_KNOTS((3,3),(
3.552713678801E-15,1.570796326795),.PIECEWISE_BEZIER_KNOTS.) CURVE() 
GEOMETRIC_REPRESENTATION_ITEM() RATIONAL_B_SPLINE_CURVE((1.,
0.707106781187,1.)) REPRESENTATION_ITEM('') );
#3479 = CARTESIAN_POINT('',(63.,64.,4.));
#3480 = CARTESIAN_POINT('',(63.,66.,4.));
#3481 = CARTESIAN_POINT('',(63.,66.,6.));
#3482 = PCURVE('',#931,#3483);
#3483 = DEFINITIONAL_REPRESENTATION('',(#3484),#3488);
#3484 = ( BOUNDED_CURVE() B_SPLINE_CURVE(2,(#3485,#3486,#3487),
.UNSPECIFIED.,.F.,.F.) B_SPLINE_CURVE_WITH_KNOTS((3,3),(
3.552713678801E-15,1.570796326795),.PIECEWISE_BEZIER_KNOTS.) CURVE() 
GEOMETRIC_REPRESENTATION_ITEM() RATIONAL_B_SPLINE_CURVE((1.,
0.707106781187,1.)) REPRESENTATION_ITEM('') );
#3485 = CARTESIAN_POINT('',(11.445647556166,29.));
#3486 = CARTESIAN_POINT('',(11.445647556166,31.));
#3487 = CARTESIAN_POINT('',(9.445647556166,31.));
#3488 = ( GEOMETRIC_REPRESENTATION_CONTEXT(2) 
PARAMETRIC_REPRESENTATION_CONTEXT() REPRESENTATION_CONTEXT('2D SPACE',''
  ) );
#3489 = PCURVE('',#3244,#3490);
#3490 = DEFINITIONAL_REPRESENTATION('',(#3491),#3495);
#3491 = B_SPLINE_CURVE_WITH_KNOTS('',2,(#3492,#3493,#3494),
  .UNSPECIFIED.,.F.,.F.,(3,3),(3.552713678801E-15,1.570796326795),
  .PIECEWISE_BEZIER_KNOTS.);
#3492 = CARTESIAN_POINT('',(7.498786425727E-15,1.570796326795));
#3493 = CARTESIAN_POINT('',(0.785398163397,1.570796326795));
#3494 = CARTESIAN_POINT('',(1.570796326795,1.570796326795));
#3495 = ( GEOMETRIC_REPRESENTATION_CONTEXT(2) 
PARAMETRIC_REPRESENTATION_CONTEXT() REPRESENTATION_CONTEXT('2D SPACE',''
  ) );
#3496 = ORIENTED_EDGE('',*,*,#3261,.T.);
#3497 = ADVANCED_FACE('',(#3498),#1013,.F.);
#3498 = FACE_BOUND('',#3499,.F.);
#3499 = EDGE_LOOP('',(#3500,#3501,#3502,#3525));
#3500 = ORIENTED_EDGE('',*,*,#997,.T.);
#3501 = ORIENTED_EDGE('',*,*,#3286,.T.);
#3502 = ORIENTED_EDGE('',*,*,#3503,.F.);
#3503 = EDGE_CURVE('',#3504,#3287,#3506,.T.);
#3504 = VERTEX_POINT('',#3505);
#3505 = CARTESIAN_POINT('',(39.,2.,6.));
#3506 = SURFACE_CURVE('',#3507,(#3511,#3518),.PCURVE_S1.);
#3507 = ( BOUNDED_CURVE() B_SPLINE_CURVE(2,(#3508,#3509,#3510),
.UNSPECIFIED.,.F.,.F.) B_SPLINE_CURVE_WITH_KNOTS((3,3),(0.,
1.570796326795),.PIECEWISE_BEZIER_KNOTS.) CURVE() 
GEOMETRIC_REPRESENTATION_ITEM() RATIONAL_B_SPLINE_CURVE((1.,
0.707106781187,1.)) REPRESENTATION_ITEM('') );
#3508 = CARTESIAN_POINT('',(39.,2.,6.));
#3509 = CARTESIAN_POINT('',(37.,2.,6.));
#3510 = CARTESIAN_POINT('',(37.,4.,6.));
#3511 = PCURVE('',#1013,#3512);
#3512 = DEFINITIONAL_REPRESENTATION('',(#3513),#3517);
#3513 = B_SPLINE_CURVE_WITH_KNOTS('',2,(#3514,#3515,#3516),
  .UNSPECIFIED.,.F.,.F.,(3,3),(0.,1.570796326795),
  .PIECEWISE_BEZIER_KNOTS.);
#3514 = CARTESIAN_POINT('',(0.,24.));
#3515 = CARTESIAN_POINT('',(0.785398163397,24.));
#3516 = CARTESIAN_POINT('',(1.570796326795,24.));
#3517 = ( GEOMETRIC_REPRESENTATION_CONTEXT(2) 
PARAMETRIC_REPRESENTATION_CONTEXT() REPRESENTATION_CONTEXT('2D SPACE',''
  ) );
#3518 = PCURVE('',#3323,#3519);
#3519 = DEFINITIONAL_REPRESENTATION('',(#3520),#3524);
#3520 = B_SPLINE_CURVE_WITH_KNOTS('',2,(#3521,#3522,#3523),
  .UNSPECIFIED.,.F.,.F.,(3,3),(0.,1.570796326795),
  .PIECEWISE_BEZIER_KNOTS.);
#3521 = CARTESIAN_POINT('',(-4.686741516079E-16,7.892145493852E-15));
#3522 = CARTESIAN_POINT('',(4.96082604534E-16,0.785398163397));
#3523 = CARTESIAN_POINT('',(-7.153036982908E-16,1.570796326795));
#3524 = ( GEOMETRIC_REPRESENTATION_CONTEXT(2) 
PARAMETRIC_REPRESENTATION_CONTEXT() REPRESENTATION_CONTEXT('2D SPACE',''
  ) );
#3525 = ORIENTED_EDGE('',*,*,#3526,.F.);
#3526 = EDGE_CURVE('',#973,#3504,#3527,.T.);
#3527 = SURFACE_CURVE('',#3528,(#3531,#3538),.PCURVE_S1.);
#3528 = B_SPLINE_CURVE_WITH_KNOTS('',1,(#3529,#3530),.UNSPECIFIED.,.F.,
  .F.,(2,2),(-0.,24.),.PIECEWISE_BEZIER_KNOTS.);
#3529 = CARTESIAN_POINT('',(39.,2.,30.));
#3530 = CARTESIAN_POINT('',(39.,2.,6.));
#3531 = PCURVE('',#1013,#3532);
#3532 = DEFINITIONAL_REPRESENTATION('',(#3533),#3537);
#3533 = B_SPLINE_CURVE_WITH_KNOTS('',2,(#3534,#3535,#3536),
  .UNSPECIFIED.,.F.,.F.,(3,3),(-0.,24.),.PIECEWISE_BEZIER_KNOTS.);
#3534 = CARTESIAN_POINT('',(0.,0.));
#3535 = CARTESIAN_POINT('',(0.,12.));
#3536 = CARTESIAN_POINT('',(0.,24.));
#3537 = ( GEOMETRIC_REPRESENTATION_CONTEXT(2) 
PARAMETRIC_REPRESENTATION_CONTEXT() REPRESENTATION_CONTEXT('2D SPACE',''
  ) );
#3538 = PCURVE('',#986,#3539);
#3539 = DEFINITIONAL_REPRESENTATION('',(#3540),#3543);
#3540 = B_SPLINE_CURVE_WITH_KNOTS('',1,(#3541,#3542),.UNSPECIFIED.,.F.,
  .F.,(2,2),(-0.,24.),.PIECEWISE_BEZIER_KNOTS.);
#3541 = CARTESIAN_POINT('',(30.,39.));
#3542 = CARTESIAN_POINT('',(6.,39.));
#3543 = ( GEOMETRIC_REPRESENTATION_CONTEXT(2) 
PARAMETRIC_REPRESENTATION_CONTEXT() REPRESENTATION_CONTEXT('2D SPACE',''
  ) );
#3544 = ADVANCED_FACE('',(#3545),#958,.T.);
#3545 = FACE_BOUND('',#3546,.T.);
#3546 = EDGE_LOOP('',(#3547,#3548,#3549,#3572));
#3547 = ORIENTED_EDGE('',*,*,#942,.T.);
#3548 = ORIENTED_EDGE('',*,*,#3394,.T.);
#3549 = ORIENTED_EDGE('',*,*,#3550,.F.);
#3550 = EDGE_CURVE('',#3551,#3395,#3553,.T.);
#3551 = VERTEX_POINT('',#3552);
#3552 = CARTESIAN_POINT('',(61.,2.,6.));
#3553 = SURFACE_CURVE('',#3554,(#3558,#3565),.PCURVE_S1.);
#3554 = ( BOUNDED_CURVE() B_SPLINE_CURVE(2,(#3555,#3556,#3557),
.UNSPECIFIED.,.F.,.F.) B_SPLINE_CURVE_WITH_KNOTS((3,3),(0.,
1.570796326795),.PIECEWISE_BEZIER_KNOTS.) CURVE() 
GEOMETRIC_REPRESENTATION_ITEM() RATIONAL_B_SPLINE_CURVE((1.,
0.707106781187,1.)) REPRESENTATION_ITEM('') );
#3555 = CARTESIAN_POINT('',(61.,2.,6.));
#3556 = CARTESIAN_POINT('',(63.,2.,6.));
#3557 = CARTESIAN_POINT('',(63.,4.,6.));
#3558 = PCURVE('',#958,#3559);
#3559 = DEFINITIONAL_REPRESENTATION('',(#3560),#3564);
#3560 = B_SPLINE_CURVE_WITH_KNOTS('',2,(#3561,#3562,#3563),
  .UNSPECIFIED.,.F.,.F.,(3,3),(3.946072746926E-15,1.570796326795),
  .PIECEWISE_BEZIER_KNOTS.);
#3561 = CARTESIAN_POINT('',(3.946072746926E-15,24.));
#3562 = CARTESIAN_POINT('',(0.785398163397,24.));
#3563 = CARTESIAN_POINT('',(1.570796326795,24.));
#3564 = ( GEOMETRIC_REPRESENTATION_CONTEXT(2) 
PARAMETRIC_REPRESENTATION_CONTEXT() REPRESENTATION_CONTEXT('2D SPACE',''
  ) );
#3565 = PCURVE('',#3431,#3566);
#3566 = DEFINITIONAL_REPRESENTATION('',(#3567),#3571);
#3567 = B_SPLINE_CURVE_WITH_KNOTS('',2,(#3568,#3569,#3570),
  .UNSPECIFIED.,.F.,.F.,(3,3),(3.946072746926E-15,1.570796326795),
  .PIECEWISE_BEZIER_KNOTS.);
#3568 = CARTESIAN_POINT('',(-7.153036982908E-16,-3.946072746926E-15));
#3569 = CARTESIAN_POINT('',(8.847162111019E-16,0.785398163397));
#3570 = CARTESIAN_POINT('',(-7.153036982908E-16,1.570796326795));
#3571 = ( GEOMETRIC_REPRESENTATION_CONTEXT(2) 
PARAMETRIC_REPRESENTATION_CONTEXT() REPRESENTATION_CONTEXT('2D SPACE',''
  ) );
#3572 = ORIENTED_EDGE('',*,*,#3573,.F.);
#3573 = EDGE_CURVE('',#943,#3551,#3574,.T.);
#3574 = SURFACE_CURVE('',#3575,(#3578,#3585),.PCURVE_S1.);
#3575 = B_SPLINE_CURVE_WITH_KNOTS('',1,(#3576,#3577),.UNSPECIFIED.,.F.,
  .F.,(2,2),(-0.,24.),.PIECEWISE_BEZIER_KNOTS.);
#3576 = CARTESIAN_POINT('',(61.,2.,30.));
#3577 = CARTESIAN_POINT('',(61.,2.,6.));
#3578 = PCURVE('',#958,#3579);
#3579 = DEFINITIONAL_REPRESENTATION('',(#3580),#3584);
#3580 = B_SPLINE_CURVE_WITH_KNOTS('',2,(#3581,#3582,#3583),
  .UNSPECIFIED.,.F.,.F.,(3,3),(-0.,24.),.PIECEWISE_BEZIER_KNOTS.);
#3581 = CARTESIAN_POINT('',(0.,0.));
#3582 = CARTESIAN_POINT('',(0.,12.));
#3583 = CARTESIAN_POINT('',(0.,24.));
#3584 = ( GEOMETRIC_REPRESENTATION_CONTEXT(2) 
PARAMETRIC_REPRESENTATION_CONTEXT() REPRESENTATION_CONTEXT('2D SPACE',''
  ) );
#3585 = PCURVE('',#986,#3586);
#3586 = DEFINITIONAL_REPRESENTATION('',(#3587),#3590);
#3587 = B_SPLINE_CURVE_WITH_KNOTS('',1,(#3588,#3589),.UNSPECIFIED.,.F.,
  .F.,(2,2),(-0.,24.),.PIECEWISE_BEZIER_KNOTS.);
#3588 = CARTESIAN_POINT('',(30.,61.));
#3589 = CARTESIAN_POINT('',(6.,61.));
#3590 = ( GEOMETRIC_REPRESENTATION_CONTEXT(2) 
PARAMETRIC_REPRESENTATION_CONTEXT() REPRESENTATION_CONTEXT('2D SPACE',''
  ) );
#3591 = ADVANCED_FACE('',(#3592),#986,.T.);
#3592 = FACE_BOUND('',#3593,.T.);
#3593 = EDGE_LOOP('',(#3594,#3620,#3621,#3622));
#3594 = ORIENTED_EDGE('',*,*,#3595,.T.);
#3595 = EDGE_CURVE('',#3551,#3504,#3596,.T.);
#3596 = SURFACE_CURVE('',#3597,(#3600,#3606),.PCURVE_S1.);
#3597 = B_SPLINE_CURVE_WITH_KNOTS('',1,(#3598,#3599),.UNSPECIFIED.,.F.,
  .F.,(2,2),(29.,51.),.PIECEWISE_BEZIER_KNOTS.);
#3598 = CARTESIAN_POINT('',(61.,2.,6.));
#3599 = CARTESIAN_POINT('',(39.,2.,6.));
#3600 = PCURVE('',#986,#3601);
#3601 = DEFINITIONAL_REPRESENTATION('',(#3602),#3605);
#3602 = B_SPLINE_CURVE_WITH_KNOTS('',1,(#3603,#3604),.UNSPECIFIED.,.F.,
  .F.,(2,2),(29.,51.),.PIECEWISE_BEZIER_KNOTS.);
#3603 = CARTESIAN_POINT('',(6.,61.));
#3604 = CARTESIAN_POINT('',(6.,39.));
#3605 = ( GEOMETRIC_REPRESENTATION_CONTEXT(2) 
PARAMETRIC_REPRESENTATION_CONTEXT() REPRESENTATION_CONTEXT('2D SPACE',''
  ) );
#3606 = PCURVE('',#3607,#3614);
#3607 = ( BOUNDED_SURFACE() B_SPLINE_SURFACE(2,1,(
    (#3608,#3609)
    ,(#3610,#3611)
    ,(#3612,#3613
)),.UNSPECIFIED.,.F.,.F.,.F.) B_SPLINE_SURFACE_WITH_KNOTS((3,3),(2,2),(
    0.,1.570796326795),(29.,51.),.PIECEWISE_BEZIER_KNOTS.) 
GEOMETRIC_REPRESENTATION_ITEM() RATIONAL_B_SPLINE_SURFACE((
    (1.,1.)
    ,(0.707106781187,0.707106781187)
,(1.,1.))) REPRESENTATION_ITEM('') SURFACE() );
#3608 = CARTESIAN_POINT('',(61.,2.,6.));
#3609 = CARTESIAN_POINT('',(39.,2.,6.));
#3610 = CARTESIAN_POINT('',(61.,2.,2.));
#3611 = CARTESIAN_POINT('',(39.,2.,2.));
#3612 = CARTESIAN_POINT('',(61.,6.,2.));
#3613 = CARTESIAN_POINT('',(39.,6.,2.));
#3614 = DEFINITIONAL_REPRESENTATION('',(#3615),#3619);
#3615 = B_SPLINE_CURVE_WITH_KNOTS('',2,(#3616,#3617,#3618),
  .UNSPECIFIED.,.F.,.F.,(3,3),(29.,51.),.PIECEWISE_BEZIER_KNOTS.);
#3616 = CARTESIAN_POINT('',(0.,29.));
#3617 = CARTESIAN_POINT('',(0.,40.));
#3618 = CARTESIAN_POINT('',(0.,51.));
#3619 = ( GEOMETRIC_REPRESENTATION_CONTEXT(2) 
PARAMETRIC_REPRESENTATION_CONTEXT() REPRESENTATION_CONTEXT('2D SPACE',''
  ) );
#3620 = ORIENTED_EDGE('',*,*,#3526,.F.);
#3621 = ORIENTED_EDGE('',*,*,#972,.T.);
#3622 = ORIENTED_EDGE('',*,*,#3573,.T.);
#3623 = ADVANCED_FACE('',(#3624),#1099,.T.);
#3624 = FACE_BOUND('',#3625,.T.);
#3625 = EDGE_LOOP('',(#3626,#3627,#3672,#3698));
#3626 = ORIENTED_EDGE('',*,*,#1083,.F.);
#3627 = ORIENTED_EDGE('',*,*,#3628,.T.);
#3628 = EDGE_CURVE('',#1084,#3629,#3631,.T.);
#3629 = VERTEX_POINT('',#3630);
#3630 = CARTESIAN_POINT('',(10.,64.,2.));
#3631 = SURFACE_CURVE('',#3632,(#3642,#3658),.PCURVE_S1.);
#3632 = B_SPLINE_CURVE_WITH_KNOTS('',8,(#3633,#3634,#3635,#3636,#3637,
    #3638,#3639,#3640,#3641),.UNSPECIFIED.,.F.,.F.,(9,9),(0.,
    1.570796326795),.PIECEWISE_BEZIER_KNOTS.);
#3633 = CARTESIAN_POINT('',(10.,68.,6.));
#3634 = CARTESIAN_POINT('',(10.,68.,5.214601836603));
#3635 = CARTESIAN_POINT('',(10.,67.823756844155,4.429203425983));
#3636 = CARTESIAN_POINT('',(10.,67.471272263487,3.68994706266));
#3637 = CARTESIAN_POINT('',(10.,66.957035023118,3.04296497688));
#3638 = CARTESIAN_POINT('',(10.,66.310052937341,2.528727736514));
#3639 = CARTESIAN_POINT('',(10.,65.570796574016,2.176243155845));
#3640 = CARTESIAN_POINT('',(10.,64.785398163398,2.));
#3641 = CARTESIAN_POINT('',(10.,64.,2.));
#3642 = PCURVE('',#1099,#3643);
#3643 = DEFINITIONAL_REPRESENTATION('',(#3644),#3657);
#3644 = B_SPLINE_CURVE_WITH_KNOTS('',6,(#3645,#3646,#3647,#3648,#3649,
    #3650,#3651,#3652,#3653,#3654,#3655,#3656),.UNSPECIFIED.,.F.,.F.,(7,
    5,7),(0.,0.785398163397,1.570796326795),.UNSPECIFIED.);
#3645 = CARTESIAN_POINT('',(-2.466295466829E-16,1.7763568394E-15));
#3646 = CARTESIAN_POINT('',(0.145392652579,2.163954812607E-14));
#3647 = CARTESIAN_POINT('',(0.28132841098,-4.22297459195E-14));
#3648 = CARTESIAN_POINT('',(0.411187802302,3.908858351215E-14));
#3649 = CARTESIAN_POINT('',(0.537194906025,-1.95944239398E-14));
#3650 = CARTESIAN_POINT('',(0.661297781031,5.830202394906E-15));
#3651 = CARTESIAN_POINT('',(0.909498545764,6.221185132573E-15));
#3652 = CARTESIAN_POINT('',(1.033601420769,-1.434211805807E-14));
#3653 = CARTESIAN_POINT('',(1.159608524494,3.950988165747E-14));
#3654 = CARTESIAN_POINT('',(1.289467915814,-4.75989906101E-14));
#3655 = CARTESIAN_POINT('',(1.425403674216,2.605862985035E-14));
#3656 = CARTESIAN_POINT('',(1.570796326795,1.7763568394E-15));
#3657 = ( GEOMETRIC_REPRESENTATION_CONTEXT(2) 
PARAMETRIC_REPRESENTATION_CONTEXT() REPRESENTATION_CONTEXT('2D SPACE',''
  ) );
#3658 = PCURVE('',#1264,#3659);
#3659 = DEFINITIONAL_REPRESENTATION('',(#3660),#3671);
#3660 = B_SPLINE_CURVE_WITH_KNOTS('',5,(#3661,#3662,#3663,#3664,#3665,
    #3666,#3667,#3668,#3669,#3670),.UNSPECIFIED.,.F.,.F.,(6,4,6),(0.,
    0.785398163397,1.570796326795),.UNSPECIFIED.);
#3661 = CARTESIAN_POINT('',(1.570796326795,0.));
#3662 = CARTESIAN_POINT('',(1.570796326795,0.157079696735));
#3663 = CARTESIAN_POINT('',(1.570796326795,0.314158856355));
#3664 = CARTESIAN_POINT('',(1.570796326795,0.471238943546));
#3665 = CARTESIAN_POINT('',(1.570796326795,0.628318572325));
#3666 = CARTESIAN_POINT('',(1.570796326795,0.94247775447));
#3667 = CARTESIAN_POINT('',(1.570796326795,1.099557383249));
#3668 = CARTESIAN_POINT('',(1.570796326795,1.25663747044));
#3669 = CARTESIAN_POINT('',(1.570796326795,1.41371663006));
#3670 = CARTESIAN_POINT('',(1.570796326795,1.570796326795));
#3671 = ( GEOMETRIC_REPRESENTATION_CONTEXT(2) 
PARAMETRIC_REPRESENTATION_CONTEXT() REPRESENTATION_CONTEXT('2D SPACE',''
  ) );
#3672 = ORIENTED_EDGE('',*,*,#3673,.T.);
#3673 = EDGE_CURVE('',#3629,#3674,#3676,.T.);
#3674 = VERTEX_POINT('',#3675);
#3675 = CARTESIAN_POINT('',(31.,64.,2.));
#3676 = SURFACE_CURVE('',#3677,(#3680,#3687),.PCURVE_S1.);
#3677 = B_SPLINE_CURVE_WITH_KNOTS('',1,(#3678,#3679),.UNSPECIFIED.,.F.,
  .F.,(2,2),(0.,21.),.PIECEWISE_BEZIER_KNOTS.);
#3678 = CARTESIAN_POINT('',(10.,64.,2.));
#3679 = CARTESIAN_POINT('',(31.,64.,2.));
#3680 = PCURVE('',#1099,#3681);
#3681 = DEFINITIONAL_REPRESENTATION('',(#3682),#3686);
#3682 = B_SPLINE_CURVE_WITH_KNOTS('',2,(#3683,#3684,#3685),
  .UNSPECIFIED.,.F.,.F.,(3,3),(1.7763568394E-15,21.),
  .PIECEWISE_BEZIER_KNOTS.);
#3683 = CARTESIAN_POINT('',(1.570796326795,1.045240699418E-29));
#3684 = CARTESIAN_POINT('',(1.570796326795,10.5));
#3685 = CARTESIAN_POINT('',(1.570796326795,21.));
#3686 = ( GEOMETRIC_REPRESENTATION_CONTEXT(2) 
PARAMETRIC_REPRESENTATION_CONTEXT() REPRESENTATION_CONTEXT('2D SPACE',''
  ) );
#3687 = PCURVE('',#3688,#3693);
#3688 = B_SPLINE_SURFACE_WITH_KNOTS('',1,1,(
    (#3689,#3690)
    ,(#3691,#3692
    )),.UNSPECIFIED.,.F.,.F.,.F.,(2,2),(2,2),(6.,31.),(6.,64.),
  .PIECEWISE_BEZIER_KNOTS.);
#3689 = CARTESIAN_POINT('',(6.,6.,2.));
#3690 = CARTESIAN_POINT('',(6.,64.,2.));
#3691 = CARTESIAN_POINT('',(31.,6.,2.));
#3692 = CARTESIAN_POINT('',(31.,64.,2.));
#3693 = DEFINITIONAL_REPRESENTATION('',(#3694),#3697);
#3694 = B_SPLINE_CURVE_WITH_KNOTS('',1,(#3695,#3696),.UNSPECIFIED.,.F.,
  .F.,(2,2),(0.,21.),.PIECEWISE_BEZIER_KNOTS.);
#3695 = CARTESIAN_POINT('',(10.,64.));
#3696 = CARTESIAN_POINT('',(31.,64.));
#3697 = ( GEOMETRIC_REPRESENTATION_CONTEXT(2) 
PARAMETRIC_REPRESENTATION_CONTEXT() REPRESENTATION_CONTEXT('2D SPACE',''
  ) );
#3698 = ORIENTED_EDGE('',*,*,#3699,.T.);
#3699 = EDGE_CURVE('',#3674,#1086,#3700,.T.);
#3700 = SURFACE_CURVE('',#3701,(#3705,#3712),.PCURVE_S1.);
#3701 = ( BOUNDED_CURVE() B_SPLINE_CURVE(2,(#3702,#3703,#3704),
.UNSPECIFIED.,.F.,.F.) B_SPLINE_CURVE_WITH_KNOTS((3,3),(
3.552713678801E-15,1.570796326795),.PIECEWISE_BEZIER_KNOTS.) CURVE() 
GEOMETRIC_REPRESENTATION_ITEM() RATIONAL_B_SPLINE_CURVE((1.,
0.707106781187,1.)) REPRESENTATION_ITEM('') );
#3702 = CARTESIAN_POINT('',(31.,64.,2.));
#3703 = CARTESIAN_POINT('',(31.,68.,2.));
#3704 = CARTESIAN_POINT('',(31.,68.,6.));
#3705 = PCURVE('',#1099,#3706);
#3706 = DEFINITIONAL_REPRESENTATION('',(#3707),#3711);
#3707 = B_SPLINE_CURVE_WITH_KNOTS('',2,(#3708,#3709,#3710),
  .UNSPECIFIED.,.F.,.F.,(3,3),(3.552713678801E-15,1.570796326795),
  .PIECEWISE_BEZIER_KNOTS.);
#3708 = CARTESIAN_POINT('',(1.570796326795,21.));
#3709 = CARTESIAN_POINT('',(0.785398163397,21.));
#3710 = CARTESIAN_POINT('',(-2.219665920146E-15,21.));
#3711 = ( GEOMETRIC_REPRESENTATION_CONTEXT(2) 
PARAMETRIC_REPRESENTATION_CONTEXT() REPRESENTATION_CONTEXT('2D SPACE',''
  ) );
#3712 = PCURVE('',#1171,#3713);
#3713 = DEFINITIONAL_REPRESENTATION('',(#3714),#3718);
#3714 = B_SPLINE_CURVE_WITH_KNOTS('',2,(#3715,#3716,#3717),
  .UNSPECIFIED.,.F.,.F.,(3,3),(3.552713678801E-15,1.570796326795),
  .PIECEWISE_BEZIER_KNOTS.);
#3715 = CARTESIAN_POINT('',(-3.933590681256E-16,-1.973036373463E-15));
#3716 = CARTESIAN_POINT('',(0.785398163397,3.466354099261E-15));
#3717 = CARTESIAN_POINT('',(1.570796326795,1.973036373463E-15));
#3718 = ( GEOMETRIC_REPRESENTATION_CONTEXT(2) 
PARAMETRIC_REPRESENTATION_CONTEXT() REPRESENTATION_CONTEXT('2D SPACE',''
  ) );
#3719 = ADVANCED_FACE('',(#3720),#1171,.F.);
#3720 = FACE_BOUND('',#3721,.F.);
#3721 = EDGE_LOOP('',(#3722,#3743,#3744,#3745));
#3722 = ORIENTED_EDGE('',*,*,#3723,.F.);
#3723 = EDGE_CURVE('',#3674,#1402,#3724,.T.);
#3724 = SURFACE_CURVE('',#3725,(#3729,#3736),.PCURVE_S1.);
#3725 = ( BOUNDED_CURVE() B_SPLINE_CURVE(2,(#3726,#3727,#3728),
.UNSPECIFIED.,.F.,.F.) B_SPLINE_CURVE_WITH_KNOTS((3,3),(0.,
1.570796326795),.PIECEWISE_BEZIER_KNOTS.) CURVE() 
GEOMETRIC_REPRESENTATION_ITEM() RATIONAL_B_SPLINE_CURVE((1.,
0.707106781187,1.)) REPRESENTATION_ITEM('') );
#3726 = CARTESIAN_POINT('',(31.,64.,2.));
#3727 = CARTESIAN_POINT('',(33.,64.,2.));
#3728 = CARTESIAN_POINT('',(33.,64.,4.));
#3729 = PCURVE('',#1171,#3730);
#3730 = DEFINITIONAL_REPRESENTATION('',(#3731),#3735);
#3731 = B_SPLINE_CURVE_WITH_KNOTS('',2,(#3732,#3733,#3734),
  .UNSPECIFIED.,.F.,.F.,(3,3),(0.,1.570796326795),
  .PIECEWISE_BEZIER_KNOTS.);
#3732 = CARTESIAN_POINT('',(-3.933590681256E-16,-1.973036373463E-15));
#3733 = CARTESIAN_POINT('',(9.469590692325E-15,0.785398163397));
#3734 = CARTESIAN_POINT('',(3.5527136788E-15,1.570796326795));
#3735 = ( GEOMETRIC_REPRESENTATION_CONTEXT(2) 
PARAMETRIC_REPRESENTATION_CONTEXT() REPRESENTATION_CONTEXT('2D SPACE',''
  ) );
#3736 = PCURVE('',#1415,#3737);
#3737 = DEFINITIONAL_REPRESENTATION('',(#3738),#3742);
#3738 = B_SPLINE_CURVE_WITH_KNOTS('',2,(#3739,#3740,#3741),
  .UNSPECIFIED.,.F.,.F.,(3,3),(0.,1.570796326795),
  .PIECEWISE_BEZIER_KNOTS.);
#3739 = CARTESIAN_POINT('',(0.,58.));
#3740 = CARTESIAN_POINT('',(0.785398163397,58.));
#3741 = CARTESIAN_POINT('',(1.570796326795,58.));
#3742 = ( GEOMETRIC_REPRESENTATION_CONTEXT(2) 
PARAMETRIC_REPRESENTATION_CONTEXT() REPRESENTATION_CONTEXT('2D SPACE',''
  ) );
#3743 = ORIENTED_EDGE('',*,*,#3699,.T.);
#3744 = ORIENTED_EDGE('',*,*,#1155,.T.);
#3745 = ORIENTED_EDGE('',*,*,#1429,.F.);
#3746 = ADVANCED_FACE('',(#3747),#1264,.F.);
#3747 = FACE_BOUND('',#3748,.F.);
#3748 = EDGE_LOOP('',(#3749,#3794,#3795,#3796));
#3749 = ORIENTED_EDGE('',*,*,#3750,.F.);
#3750 = EDGE_CURVE('',#1215,#3751,#3753,.T.);
#3751 = VERTEX_POINT('',#3752);
#3752 = CARTESIAN_POINT('',(6.,60.,2.));
#3753 = SURFACE_CURVE('',#3754,(#3764,#3778),.PCURVE_S1.);
#3754 = B_SPLINE_CURVE_WITH_KNOTS('',8,(#3755,#3756,#3757,#3758,#3759,
    #3760,#3761,#3762,#3763),.UNSPECIFIED.,.F.,.F.,(9,9),(0.,
    1.570796326795),.PIECEWISE_BEZIER_KNOTS.);
#3755 = CARTESIAN_POINT('',(2.,60.,6.));
#3756 = CARTESIAN_POINT('',(2.,60.,5.214601836603));
#3757 = CARTESIAN_POINT('',(2.176243155845,60.,4.429203425983));
#3758 = CARTESIAN_POINT('',(2.528727736514,60.000000000001,3.68994706266
    ));
#3759 = CARTESIAN_POINT('',(3.04296497688,59.999999999999,3.04296497688)
  );
#3760 = CARTESIAN_POINT('',(3.68994706266,60.000000000001,2.528727736514
    ));
#3761 = CARTESIAN_POINT('',(4.429203425983,60.,2.176243155845));
#3762 = CARTESIAN_POINT('',(5.214601836603,60.,2.));
#3763 = CARTESIAN_POINT('',(6.,60.,2.));
#3764 = PCURVE('',#1264,#3765);
#3765 = DEFINITIONAL_REPRESENTATION('',(#3766),#3777);
#3766 = B_SPLINE_CURVE_WITH_KNOTS('',5,(#3767,#3768,#3769,#3770,#3771,
    #3772,#3773,#3774,#3775,#3776),.UNSPECIFIED.,.F.,.F.,(6,4,6),(0.,
    0.785398163397,1.570796326795),.UNSPECIFIED.);
#3767 = CARTESIAN_POINT('',(-8.881784196999E-16,2.22044604925E-16));
#3768 = CARTESIAN_POINT('',(-4.143210554534E-15,0.157079696735));
#3769 = CARTESIAN_POINT('',(1.428248050646E-14,0.314158856355));
#3770 = CARTESIAN_POINT('',(-2.4760511479E-15,0.471238943546));
#3771 = CARTESIAN_POINT('',(-7.510277993706E-15,0.628318572325));
#3772 = CARTESIAN_POINT('',(-6.170883364953E-15,0.94247775447));
#3773 = CARTESIAN_POINT('',(4.236951955122E-14,1.099557383249));
#3774 = CARTESIAN_POINT('',(-8.008096554193E-14,1.25663747044));
#3775 = CARTESIAN_POINT('',(5.093039346858E-14,1.41371663006));
#3776 = CARTESIAN_POINT('',(-1.7763568394E-15,1.570796326795));
#3777 = ( GEOMETRIC_REPRESENTATION_CONTEXT(2) 
PARAMETRIC_REPRESENTATION_CONTEXT() REPRESENTATION_CONTEXT('2D SPACE',''
  ) );
#3778 = PCURVE('',#1487,#3779);
#3779 = DEFINITIONAL_REPRESENTATION('',(#3780),#3793);
#3780 = B_SPLINE_CURVE_WITH_KNOTS('',6,(#3781,#3782,#3783,#3784,#3785,
    #3786,#3787,#3788,#3789,#3790,#3791,#3792),.UNSPECIFIED.,.F.,.F.,(7,
    5,7),(0.,0.785398163397,1.570796326795),.UNSPECIFIED.);
#3781 = CARTESIAN_POINT('',(0.,50.));
#3782 = CARTESIAN_POINT('',(0.145392652579,49.999999999994));
#3783 = CARTESIAN_POINT('',(0.281328410979,50.000000000027));
#3784 = CARTESIAN_POINT('',(0.411187802303,49.999999999938));
#3785 = CARTESIAN_POINT('',(0.537194906024,50.000000000046));
#3786 = CARTESIAN_POINT('',(0.661297781031,49.99999999999));
#3787 = CARTESIAN_POINT('',(0.909498545764,49.999999999989));
#3788 = CARTESIAN_POINT('',(1.033601420768,50.000000000047));
#3789 = CARTESIAN_POINT('',(1.159608524496,49.999999999952));
#3790 = CARTESIAN_POINT('',(1.289467915814,50.000000000036));
#3791 = CARTESIAN_POINT('',(1.425403674216,49.999999999993));
#3792 = CARTESIAN_POINT('',(1.570796326795,50.));
#3793 = ( GEOMETRIC_REPRESENTATION_CONTEXT(2) 
PARAMETRIC_REPRESENTATION_CONTEXT() REPRESENTATION_CONTEXT('2D SPACE',''
  ) );
#3794 = ORIENTED_EDGE('',*,*,#1235,.T.);
#3795 = ORIENTED_EDGE('',*,*,#3628,.T.);
#3796 = ORIENTED_EDGE('',*,*,#3797,.F.);
#3797 = EDGE_CURVE('',#3751,#3629,#3798,.T.);
#3798 = SURFACE_CURVE('',#3799,(#3803,#3821),.PCURVE_S1.);
#3799 = ( BOUNDED_CURVE() B_SPLINE_CURVE(2,(#3800,#3801,#3802),
.UNSPECIFIED.,.F.,.F.) B_SPLINE_CURVE_WITH_KNOTS((3,3),(0.,
1.570796326795),.PIECEWISE_BEZIER_KNOTS.) CURVE() 
GEOMETRIC_REPRESENTATION_ITEM() RATIONAL_B_SPLINE_CURVE((1.,
0.707106781187,1.)) REPRESENTATION_ITEM('') );
#3800 = CARTESIAN_POINT('',(6.,60.,2.));
#3801 = CARTESIAN_POINT('',(6.,64.,2.));
#3802 = CARTESIAN_POINT('',(10.,64.,2.));
#3803 = PCURVE('',#1264,#3804);
#3804 = DEFINITIONAL_REPRESENTATION('',(#3805),#3820);
#3805 = B_SPLINE_CURVE_WITH_KNOTS('',7,(#3806,#3807,#3808,#3809,#3810,
    #3811,#3812,#3813,#3814,#3815,#3816,#3817,#3818,#3819),
  .UNSPECIFIED.,.F.,.F.,(8,6,8),(0.,0.785398163397,1.570796326795),
  .UNSPECIFIED.);
#3806 = CARTESIAN_POINT('',(-9.448505908409E-29,1.570796326795));
#3807 = CARTESIAN_POINT('',(0.101015197761,1.570796330616));
#3808 = CARTESIAN_POINT('',(0.206962028775,1.570796299875));
#3809 = CARTESIAN_POINT('',(0.31742888099,1.570796827826));
#3810 = CARTESIAN_POINT('',(0.431710179154,1.570796854298));
#3811 = CARTESIAN_POINT('',(0.548705156716,1.570796290844));
#3812 = CARTESIAN_POINT('',(0.667051392867,1.570796096389));
#3813 = CARTESIAN_POINT('',(0.903744933931,1.570796096396));
#3814 = CARTESIAN_POINT('',(1.022091170071,1.570796290797));
#3815 = CARTESIAN_POINT('',(1.139086147646,1.570796854395));
#3816 = CARTESIAN_POINT('',(1.253367445788,1.570796827746));
#3817 = CARTESIAN_POINT('',(1.363834298031,1.570796299925));
#3818 = CARTESIAN_POINT('',(1.469781129034,1.570796330607));
#3819 = CARTESIAN_POINT('',(1.570796326795,1.570796326795));
#3820 = ( GEOMETRIC_REPRESENTATION_CONTEXT(2) 
PARAMETRIC_REPRESENTATION_CONTEXT() REPRESENTATION_CONTEXT('2D SPACE',''
  ) );
#3821 = PCURVE('',#3688,#3822);
#3822 = DEFINITIONAL_REPRESENTATION('',(#3823),#3827);
#3823 = ( BOUNDED_CURVE() B_SPLINE_CURVE(2,(#3824,#3825,#3826),
.UNSPECIFIED.,.F.,.F.) B_SPLINE_CURVE_WITH_KNOTS((3,3),(0.,
1.570796326795),.PIECEWISE_BEZIER_KNOTS.) CURVE() 
GEOMETRIC_REPRESENTATION_ITEM() RATIONAL_B_SPLINE_CURVE((1.,
0.707106781187,1.)) REPRESENTATION_ITEM('') );
#3824 = CARTESIAN_POINT('',(6.,60.));
#3825 = CARTESIAN_POINT('',(6.,64.));
#3826 = CARTESIAN_POINT('',(10.,64.));
#3827 = ( GEOMETRIC_REPRESENTATION_CONTEXT(2) 
PARAMETRIC_REPRESENTATION_CONTEXT() REPRESENTATION_CONTEXT('2D SPACE',''
  ) );
#3828 = ADVANCED_FACE('',(#3829),#1384,.F.);
#3829 = FACE_BOUND('',#3830,.F.);
#3830 = EDGE_LOOP('',(#3831,#3832,#3855,#3876));
#3831 = ORIENTED_EDGE('',*,*,#1508,.F.);
#3832 = ORIENTED_EDGE('',*,*,#3833,.T.);
#3833 = EDGE_CURVE('',#1509,#3834,#3836,.T.);
#3834 = VERTEX_POINT('',#3835);
#3835 = CARTESIAN_POINT('',(31.,6.,2.));
#3836 = SURFACE_CURVE('',#3837,(#3841,#3848),.PCURVE_S1.);
#3837 = ( BOUNDED_CURVE() B_SPLINE_CURVE(2,(#3838,#3839,#3840),
.UNSPECIFIED.,.F.,.F.) B_SPLINE_CURVE_WITH_KNOTS((3,3),(0.,
1.570796326795),.PIECEWISE_BEZIER_KNOTS.) CURVE() 
GEOMETRIC_REPRESENTATION_ITEM() RATIONAL_B_SPLINE_CURVE((1.,
0.707106781187,1.)) REPRESENTATION_ITEM('') );
#3838 = CARTESIAN_POINT('',(31.,2.,6.));
#3839 = CARTESIAN_POINT('',(31.,2.,2.));
#3840 = CARTESIAN_POINT('',(31.,6.,2.));
#3841 = PCURVE('',#1384,#3842);
#3842 = DEFINITIONAL_REPRESENTATION('',(#3843),#3847);
#3843 = B_SPLINE_CURVE_WITH_KNOTS('',2,(#3844,#3845,#3846),
  .UNSPECIFIED.,.F.,.F.,(3,3),(0.,1.570796326795),
  .PIECEWISE_BEZIER_KNOTS.);
#3844 = CARTESIAN_POINT('',(0.,0.));
#3845 = CARTESIAN_POINT('',(0.785398163397,-1.818288422603E-16));
#3846 = CARTESIAN_POINT('',(1.570796326795,1.973036373463E-15));
#3847 = ( GEOMETRIC_REPRESENTATION_CONTEXT(2) 
PARAMETRIC_REPRESENTATION_CONTEXT() REPRESENTATION_CONTEXT('2D SPACE',''
  ) );
#3848 = PCURVE('',#1699,#3849);
#3849 = DEFINITIONAL_REPRESENTATION('',(#3850),#3854);
#3850 = B_SPLINE_CURVE_WITH_KNOTS('',2,(#3851,#3852,#3853),
  .UNSPECIFIED.,.F.,.F.,(3,3),(0.,1.570796326795),
  .PIECEWISE_BEZIER_KNOTS.);
#3851 = CARTESIAN_POINT('',(2.22044604925E-16,59.));
#3852 = CARTESIAN_POINT('',(0.785398163397,59.));
#3853 = CARTESIAN_POINT('',(1.570796326795,59.));
#3854 = ( GEOMETRIC_REPRESENTATION_CONTEXT(2) 
PARAMETRIC_REPRESENTATION_CONTEXT() REPRESENTATION_CONTEXT('2D SPACE',''
  ) );
#3855 = ORIENTED_EDGE('',*,*,#3856,.T.);
#3856 = EDGE_CURVE('',#3834,#1369,#3857,.T.);
#3857 = SURFACE_CURVE('',#3858,(#3862,#3869),.PCURVE_S1.);
#3858 = ( BOUNDED_CURVE() B_SPLINE_CURVE(2,(#3859,#3860,#3861),
.UNSPECIFIED.,.F.,.F.) B_SPLINE_CURVE_WITH_KNOTS((3,3),(0.,
1.570796326795),.PIECEWISE_BEZIER_KNOTS.) CURVE() 
GEOMETRIC_REPRESENTATION_ITEM() RATIONAL_B_SPLINE_CURVE((1.,
0.707106781187,1.)) REPRESENTATION_ITEM('') );
#3859 = CARTESIAN_POINT('',(31.,6.,2.));
#3860 = CARTESIAN_POINT('',(33.,6.,2.));
#3861 = CARTESIAN_POINT('',(33.,6.,4.));
#3862 = PCURVE('',#1384,#3863);
#3863 = DEFINITIONAL_REPRESENTATION('',(#3864),#3868);
#3864 = B_SPLINE_CURVE_WITH_KNOTS('',2,(#3865,#3866,#3867),
  .UNSPECIFIED.,.F.,.F.,(3,3),(0.,1.570796326795),
  .PIECEWISE_BEZIER_KNOTS.);
#3865 = CARTESIAN_POINT('',(1.570796326795,-1.973036373463E-15));
#3866 = CARTESIAN_POINT('',(1.570796326795,0.785398163397));
#3867 = CARTESIAN_POINT('',(1.570796326795,1.570796326795));
#3868 = ( GEOMETRIC_REPRESENTATION_CONTEXT(2) 
PARAMETRIC_REPRESENTATION_CONTEXT() REPRESENTATION_CONTEXT('2D SPACE',''
  ) );
#3869 = PCURVE('',#1415,#3870);
#3870 = DEFINITIONAL_REPRESENTATION('',(#3871),#3875);
#3871 = B_SPLINE_CURVE_WITH_KNOTS('',2,(#3872,#3873,#3874),
  .UNSPECIFIED.,.F.,.F.,(3,3),(0.,1.570796326795),
  .PIECEWISE_BEZIER_KNOTS.);
#3872 = CARTESIAN_POINT('',(3.946072746926E-15,8.881784197001E-16));
#3873 = CARTESIAN_POINT('',(0.785398163397,-4.087631638476E-15));
#3874 = CARTESIAN_POINT('',(1.570796326795,-3.5527136788E-15));
#3875 = ( GEOMETRIC_REPRESENTATION_CONTEXT(2) 
PARAMETRIC_REPRESENTATION_CONTEXT() REPRESENTATION_CONTEXT('2D SPACE',''
  ) );
#3876 = ORIENTED_EDGE('',*,*,#1368,.F.);
#3877 = ADVANCED_FACE('',(#3878),#1415,.T.);
#3878 = FACE_BOUND('',#3879,.T.);
#3879 = EDGE_LOOP('',(#3880,#3881,#3882,#3883));
#3880 = ORIENTED_EDGE('',*,*,#3856,.T.);
#3881 = ORIENTED_EDGE('',*,*,#1401,.T.);
#3882 = ORIENTED_EDGE('',*,*,#3723,.F.);
#3883 = ORIENTED_EDGE('',*,*,#3884,.F.);
#3884 = EDGE_CURVE('',#3834,#3674,#3885,.T.);
#3885 = SURFACE_CURVE('',#3886,(#3889,#3896),.PCURVE_S1.);
#3886 = B_SPLINE_CURVE_WITH_KNOTS('',1,(#3887,#3888),.UNSPECIFIED.,.F.,
  .F.,(2,2),(8.881784197001E-16,58.),.PIECEWISE_BEZIER_KNOTS.);
#3887 = CARTESIAN_POINT('',(31.,6.,2.));
#3888 = CARTESIAN_POINT('',(31.,64.,2.));
#3889 = PCURVE('',#1415,#3890);
#3890 = DEFINITIONAL_REPRESENTATION('',(#3891),#3895);
#3891 = B_SPLINE_CURVE_WITH_KNOTS('',2,(#3892,#3893,#3894),
  .UNSPECIFIED.,.F.,.F.,(3,3),(1.7763568394E-15,58.),
  .PIECEWISE_BEZIER_KNOTS.);
#3892 = CARTESIAN_POINT('',(0.,1.7763568394E-15));
#3893 = CARTESIAN_POINT('',(0.,29.));
#3894 = CARTESIAN_POINT('',(0.,58.));
#3895 = ( GEOMETRIC_REPRESENTATION_CONTEXT(2) 
PARAMETRIC_REPRESENTATION_CONTEXT() REPRESENTATION_CONTEXT('2D SPACE',''
  ) );
#3896 = PCURVE('',#3688,#3897);
#3897 = DEFINITIONAL_REPRESENTATION('',(#3898),#3901);
#3898 = B_SPLINE_CURVE_WITH_KNOTS('',1,(#3899,#3900),.UNSPECIFIED.,.F.,
  .F.,(2,2),(8.881784197001E-16,58.),.PIECEWISE_BEZIER_KNOTS.);
#3899 = CARTESIAN_POINT('',(31.,6.));
#3900 = CARTESIAN_POINT('',(31.,64.));
#3901 = ( GEOMETRIC_REPRESENTATION_CONTEXT(2) 
PARAMETRIC_REPRESENTATION_CONTEXT() REPRESENTATION_CONTEXT('2D SPACE',''
  ) );
#3902 = ADVANCED_FACE('',(#3903),#1487,.T.);
#3903 = FACE_BOUND('',#3904,.T.);
#3904 = EDGE_LOOP('',(#3905,#3950,#3969,#3970));
#3905 = ORIENTED_EDGE('',*,*,#3906,.T.);
#3906 = EDGE_CURVE('',#1455,#3907,#3909,.T.);
#3907 = VERTEX_POINT('',#3908);
#3908 = CARTESIAN_POINT('',(6.,10.,2.));
#3909 = SURFACE_CURVE('',#3910,(#3920,#3936),.PCURVE_S1.);
#3910 = B_SPLINE_CURVE_WITH_KNOTS('',8,(#3911,#3912,#3913,#3914,#3915,
    #3916,#3917,#3918,#3919),.UNSPECIFIED.,.F.,.F.,(9,9),(0.,
    1.570796326795),.PIECEWISE_BEZIER_KNOTS.);
#3911 = CARTESIAN_POINT('',(2.,10.,6.));
#3912 = CARTESIAN_POINT('',(2.,10.,5.214601836603));
#3913 = CARTESIAN_POINT('',(2.176243155845,10.,4.429203425983));
#3914 = CARTESIAN_POINT('',(2.528727736514,10.,3.68994706266));
#3915 = CARTESIAN_POINT('',(3.04296497688,10.,3.04296497688));
#3916 = CARTESIAN_POINT('',(3.68994706266,10.,2.528727736514));
#3917 = CARTESIAN_POINT('',(4.429203425983,10.,2.176243155845));
#3918 = CARTESIAN_POINT('',(5.214601836603,10.,2.));
#3919 = CARTESIAN_POINT('',(6.,10.,2.));
#3920 = PCURVE('',#1487,#3921);
#3921 = DEFINITIONAL_REPRESENTATION('',(#3922),#3935);
#3922 = B_SPLINE_CURVE_WITH_KNOTS('',6,(#3923,#3924,#3925,#3926,#3927,
    #3928,#3929,#3930,#3931,#3932,#3933,#3934),.UNSPECIFIED.,.F.,.F.,(7,
    5,7),(0.,0.785398163397,1.570796326795),.UNSPECIFIED.);
#3923 = CARTESIAN_POINT('',(0.,0.));
#3924 = CARTESIAN_POINT('',(0.145392652579,-1.068346393588E-14));
#3925 = CARTESIAN_POINT('',(0.281328410979,2.192175671293E-14));
#3926 = CARTESIAN_POINT('',(0.411187802303,-3.772296622328E-14));
#3927 = CARTESIAN_POINT('',(0.537194906024,2.057084846831E-14));
#3928 = CARTESIAN_POINT('',(0.661297781031,-1.09599857884E-14));
#3929 = CARTESIAN_POINT('',(0.909498545764,-1.16910616707E-14));
#3930 = CARTESIAN_POINT('',(1.033601420768,2.299696839076E-14));
#3931 = CARTESIAN_POINT('',(1.159608524496,-1.595247003551E-14));
#3932 = CARTESIAN_POINT('',(1.289467915814,-2.331191782994E-14));
#3933 = CARTESIAN_POINT('',(1.425403674216,1.960836263929E-14));
#3934 = CARTESIAN_POINT('',(1.570796326795,0.));
#3935 = ( GEOMETRIC_REPRESENTATION_CONTEXT(2) 
PARAMETRIC_REPRESENTATION_CONTEXT() REPRESENTATION_CONTEXT('2D SPACE',''
  ) );
#3936 = PCURVE('',#1605,#3937);
#3937 = DEFINITIONAL_REPRESENTATION('',(#3938),#3949);
#3938 = B_SPLINE_CURVE_WITH_KNOTS('',5,(#3939,#3940,#3941,#3942,#3943,
    #3944,#3945,#3946,#3947,#3948),.UNSPECIFIED.,.F.,.F.,(6,4,6),(0.,
    0.785398163397,1.570796326795),.UNSPECIFIED.);
#3939 = CARTESIAN_POINT('',(1.570796326795,2.22044604925E-16));
#3940 = CARTESIAN_POINT('',(1.570796326795,0.157079696735));
#3941 = CARTESIAN_POINT('',(1.570796326795,0.314158856355));
#3942 = CARTESIAN_POINT('',(1.570796326795,0.471238943546));
#3943 = CARTESIAN_POINT('',(1.570796326795,0.628318572325));
#3944 = CARTESIAN_POINT('',(1.570796326795,0.94247775447));
#3945 = CARTESIAN_POINT('',(1.570796326795,1.09955738325));
#3946 = CARTESIAN_POINT('',(1.570796326795,1.256637470439));
#3947 = CARTESIAN_POINT('',(1.570796326795,1.41371663006));
#3948 = CARTESIAN_POINT('',(1.570796326795,1.570796326795));
#3949 = ( GEOMETRIC_REPRESENTATION_CONTEXT(2) 
PARAMETRIC_REPRESENTATION_CONTEXT() REPRESENTATION_CONTEXT('2D SPACE',''
  ) );
#3950 = ORIENTED_EDGE('',*,*,#3951,.T.);
#3951 = EDGE_CURVE('',#3907,#3751,#3952,.T.);
#3952 = SURFACE_CURVE('',#3953,(#3956,#3963),.PCURVE_S1.);
#3953 = B_SPLINE_CURVE_WITH_KNOTS('',1,(#3954,#3955),.UNSPECIFIED.,.F.,
  .F.,(2,2),(-0.,50.),.PIECEWISE_BEZIER_KNOTS.);
#3954 = CARTESIAN_POINT('',(6.,10.,2.));
#3955 = CARTESIAN_POINT('',(6.,60.,2.));
#3956 = PCURVE('',#1487,#3957);
#3957 = DEFINITIONAL_REPRESENTATION('',(#3958),#3962);
#3958 = B_SPLINE_CURVE_WITH_KNOTS('',2,(#3959,#3960,#3961),
  .UNSPECIFIED.,.F.,.F.,(3,3),(-0.,50.),.PIECEWISE_BEZIER_KNOTS.);
#3959 = CARTESIAN_POINT('',(1.570796326795,-3.552713678801E-15));
#3960 = CARTESIAN_POINT('',(1.570796326795,25.));
#3961 = CARTESIAN_POINT('',(1.570796326795,50.));
#3962 = ( GEOMETRIC_REPRESENTATION_CONTEXT(2) 
PARAMETRIC_REPRESENTATION_CONTEXT() REPRESENTATION_CONTEXT('2D SPACE',''
  ) );
#3963 = PCURVE('',#3688,#3964);
#3964 = DEFINITIONAL_REPRESENTATION('',(#3965),#3968);
#3965 = B_SPLINE_CURVE_WITH_KNOTS('',1,(#3966,#3967),.UNSPECIFIED.,.F.,
  .F.,(2,2),(-0.,50.),.PIECEWISE_BEZIER_KNOTS.);
#3966 = CARTESIAN_POINT('',(6.,10.));
#3967 = CARTESIAN_POINT('',(6.,60.));
#3968 = ( GEOMETRIC_REPRESENTATION_CONTEXT(2) 
PARAMETRIC_REPRESENTATION_CONTEXT() REPRESENTATION_CONTEXT('2D SPACE',''
  ) );
#3969 = ORIENTED_EDGE('',*,*,#3750,.F.);
#3970 = ORIENTED_EDGE('',*,*,#1475,.F.);
#3971 = ADVANCED_FACE('',(#3972),#1605,.F.);
#3972 = FACE_BOUND('',#3973,.F.);
#3973 = EDGE_LOOP('',(#3974,#4019,#4020,#4021));
#3974 = ORIENTED_EDGE('',*,*,#3975,.F.);
#3975 = EDGE_CURVE('',#1554,#3976,#3978,.T.);
#3976 = VERTEX_POINT('',#3977);
#3977 = CARTESIAN_POINT('',(10.,6.,2.));
#3978 = SURFACE_CURVE('',#3979,(#3989,#4003),.PCURVE_S1.);
#3979 = B_SPLINE_CURVE_WITH_KNOTS('',8,(#3980,#3981,#3982,#3983,#3984,
    #3985,#3986,#3987,#3988),.UNSPECIFIED.,.F.,.F.,(9,9),(0.,
    1.570796326795),.PIECEWISE_BEZIER_KNOTS.);
#3980 = CARTESIAN_POINT('',(10.,2.,6.));
#3981 = CARTESIAN_POINT('',(10.,2.,5.214601836603));
#3982 = CARTESIAN_POINT('',(10.,2.176243155845,4.429203425983));
#3983 = CARTESIAN_POINT('',(10.,2.528727736514,3.68994706266));
#3984 = CARTESIAN_POINT('',(10.,3.04296497688,3.04296497688));
#3985 = CARTESIAN_POINT('',(10.,3.68994706266,2.528727736514));
#3986 = CARTESIAN_POINT('',(10.,4.429203425983,2.176243155845));
#3987 = CARTESIAN_POINT('',(10.,5.214601836603,2.));
#3988 = CARTESIAN_POINT('',(10.,6.,2.));
#3989 = PCURVE('',#1605,#3990);
#3990 = DEFINITIONAL_REPRESENTATION('',(#3991),#4002);
#3991 = B_SPLINE_CURVE_WITH_KNOTS('',5,(#3992,#3993,#3994,#3995,#3996,
    #3997,#3998,#3999,#4000,#4001),.UNSPECIFIED.,.F.,.F.,(6,4,6),(0.,
    0.785398163397,1.570796326795),.UNSPECIFIED.);
#3992 = CARTESIAN_POINT('',(-4.440892098501E-16,-1.437156348204E-30));
#3993 = CARTESIAN_POINT('',(-2.129902249477E-15,0.157079696735));
#3994 = CARTESIAN_POINT('',(2.249976635518E-15,0.314158856355));
#3995 = CARTESIAN_POINT('',(-1.677986325388E-15,0.471238943546));
#3996 = CARTESIAN_POINT('',(9.193603787608E-16,0.628318572325));
#3997 = CARTESIAN_POINT('',(9.944332146845E-16,0.94247775447));
#3998 = CARTESIAN_POINT('',(-6.468054587881E-15,1.099557383249));
#3999 = CARTESIAN_POINT('',(8.310873960944E-15,1.25663747044));
#4000 = CARTESIAN_POINT('',(-4.500034900948E-15,1.41371663006));
#4001 = CARTESIAN_POINT('',(-2.22044604925E-16,1.570796326795));
#4002 = ( GEOMETRIC_REPRESENTATION_CONTEXT(2) 
PARAMETRIC_REPRESENTATION_CONTEXT() REPRESENTATION_CONTEXT('2D SPACE',''
  ) );
#4003 = PCURVE('',#1699,#4004);
#4004 = DEFINITIONAL_REPRESENTATION('',(#4005),#4018);
#4005 = B_SPLINE_CURVE_WITH_KNOTS('',6,(#4006,#4007,#4008,#4009,#4010,
    #4011,#4012,#4013,#4014,#4015,#4016,#4017),.UNSPECIFIED.,.F.,.F.,(7,
    5,7),(0.,0.785398163397,1.570796326795),.UNSPECIFIED.);
#4006 = CARTESIAN_POINT('',(0.,80.));
#4007 = CARTESIAN_POINT('',(0.145392652579,79.999999999986));
#4008 = CARTESIAN_POINT('',(0.281328410979,79.999999999999));
#4009 = CARTESIAN_POINT('',(0.411187802303,79.999999999967));
#4010 = CARTESIAN_POINT('',(0.537194906025,80.000000000034));
#4011 = CARTESIAN_POINT('',(0.661297781031,79.999999999984));
#4012 = CARTESIAN_POINT('',(0.909498545764,79.999999999986));
#4013 = CARTESIAN_POINT('',(1.033601420769,79.999999999999));
#4014 = CARTESIAN_POINT('',(1.159608524495,79.999999999967));
#4015 = CARTESIAN_POINT('',(1.289467915814,80.000000000034));
#4016 = CARTESIAN_POINT('',(1.425403674216,79.999999999984));
#4017 = CARTESIAN_POINT('',(1.570796326795,80.));
#4018 = ( GEOMETRIC_REPRESENTATION_CONTEXT(2) 
PARAMETRIC_REPRESENTATION_CONTEXT() REPRESENTATION_CONTEXT('2D SPACE',''
  ) );
#4019 = ORIENTED_EDGE('',*,*,#1576,.T.);
#4020 = ORIENTED_EDGE('',*,*,#3906,.T.);
#4021 = ORIENTED_EDGE('',*,*,#4022,.F.);
#4022 = EDGE_CURVE('',#3976,#3907,#4023,.T.);
#4023 = SURFACE_CURVE('',#4024,(#4034,#4050),.PCURVE_S1.);
#4024 = B_SPLINE_CURVE_WITH_KNOTS('',8,(#4025,#4026,#4027,#4028,#4029,
    #4030,#4031,#4032,#4033),.UNSPECIFIED.,.F.,.F.,(9,9),(
    -2.22044604925E-16,1.570796326795),.PIECEWISE_BEZIER_KNOTS.);
#4025 = CARTESIAN_POINT('',(10.,6.,2.));
#4026 = CARTESIAN_POINT('',(9.214601836603,6.,2.));
#4027 = CARTESIAN_POINT('',(8.429203425983,6.176243155845,2.));
#4028 = CARTESIAN_POINT('',(7.68994706266,6.528727736514,2.));
#4029 = CARTESIAN_POINT('',(7.04296497688,7.04296497688,2.));
#4030 = CARTESIAN_POINT('',(6.528727736515,7.68994706266,2.));
#4031 = CARTESIAN_POINT('',(6.176243155845,8.429203425983,2.));
#4032 = CARTESIAN_POINT('',(6.,9.214601836603,2.));
#4033 = CARTESIAN_POINT('',(6.,10.,2.));
#4034 = PCURVE('',#1605,#4035);
#4035 = DEFINITIONAL_REPRESENTATION('',(#4036),#4049);
#4036 = B_SPLINE_CURVE_WITH_KNOTS('',6,(#4037,#4038,#4039,#4040,#4041,
    #4042,#4043,#4044,#4045,#4046,#4047,#4048),.UNSPECIFIED.,.F.,.F.,(7,
    5,7),(-2.22044604925E-16,0.785398163397,1.570796326795),
  .UNSPECIFIED.);
#4037 = CARTESIAN_POINT('',(2.22044604925E-16,1.570796326795));
#4038 = CARTESIAN_POINT('',(0.130899719454,1.570796319922));
#4039 = CARTESIAN_POINT('',(0.261799245905,1.57079638627));
#4040 = CARTESIAN_POINT('',(0.392698736129,1.570797186373));
#4041 = CARTESIAN_POINT('',(0.523598930302,1.57079630234));
#4042 = CARTESIAN_POINT('',(0.654498475765,1.570796103924));
#4043 = CARTESIAN_POINT('',(0.91629785103,1.570796103924));
#4044 = CARTESIAN_POINT('',(1.047197396494,1.57079630234));
#4045 = CARTESIAN_POINT('',(1.178097590665,1.570797186374));
#4046 = CARTESIAN_POINT('',(1.30899708089,1.570796386269));
#4047 = CARTESIAN_POINT('',(1.439896607341,1.570796319922));
#4048 = CARTESIAN_POINT('',(1.570796326795,1.570796326795));
#4049 = ( GEOMETRIC_REPRESENTATION_CONTEXT(2) 
PARAMETRIC_REPRESENTATION_CONTEXT() REPRESENTATION_CONTEXT('2D SPACE',''
  ) );
#4050 = PCURVE('',#3688,#4051);
#4051 = DEFINITIONAL_REPRESENTATION('',(#4052),#4062);
#4052 = B_SPLINE_CURVE_WITH_KNOTS('',8,(#4053,#4054,#4055,#4056,#4057,
    #4058,#4059,#4060,#4061),.UNSPECIFIED.,.F.,.F.,(9,9),(
    -2.22044604925E-16,1.570796326795),.PIECEWISE_BEZIER_KNOTS.);
#4053 = CARTESIAN_POINT('',(10.,6.));
#4054 = CARTESIAN_POINT('',(9.214601836603,6.));
#4055 = CARTESIAN_POINT('',(8.429203425983,6.176243155845));
#4056 = CARTESIAN_POINT('',(7.68994706266,6.528727736514));
#4057 = CARTESIAN_POINT('',(7.04296497688,7.04296497688));
#4058 = CARTESIAN_POINT('',(6.528727736515,7.68994706266));
#4059 = CARTESIAN_POINT('',(6.176243155845,8.429203425983));
#4060 = CARTESIAN_POINT('',(6.,9.214601836603));
#4061 = CARTESIAN_POINT('',(6.,10.));
#4062 = ( GEOMETRIC_REPRESENTATION_CONTEXT(2) 
PARAMETRIC_REPRESENTATION_CONTEXT() REPRESENTATION_CONTEXT('2D SPACE',''
  ) );
#4063 = ADVANCED_FACE('',(#4064),#1699,.T.);
#4064 = FACE_BOUND('',#4065,.T.);
#4065 = EDGE_LOOP('',(#4066,#4067,#4068,#4087));
#4066 = ORIENTED_EDGE('',*,*,#1687,.F.);
#4067 = ORIENTED_EDGE('',*,*,#3833,.T.);
#4068 = ORIENTED_EDGE('',*,*,#4069,.T.);
#4069 = EDGE_CURVE('',#3834,#3976,#4070,.T.);
#4070 = SURFACE_CURVE('',#4071,(#4074,#4081),.PCURVE_S1.);
#4071 = B_SPLINE_CURVE_WITH_KNOTS('',1,(#4072,#4073),.UNSPECIFIED.,.F.,
  .F.,(2,2),(59.,80.),.PIECEWISE_BEZIER_KNOTS.);
#4072 = CARTESIAN_POINT('',(31.,6.,2.));
#4073 = CARTESIAN_POINT('',(10.,6.,2.));
#4074 = PCURVE('',#1699,#4075);
#4075 = DEFINITIONAL_REPRESENTATION('',(#4076),#4080);
#4076 = B_SPLINE_CURVE_WITH_KNOTS('',2,(#4077,#4078,#4079),
  .UNSPECIFIED.,.F.,.F.,(3,3),(59.,80.),.PIECEWISE_BEZIER_KNOTS.);
#4077 = CARTESIAN_POINT('',(1.570796326795,59.));
#4078 = CARTESIAN_POINT('',(1.570796326795,69.5));
#4079 = CARTESIAN_POINT('',(1.570796326795,80.));
#4080 = ( GEOMETRIC_REPRESENTATION_CONTEXT(2) 
PARAMETRIC_REPRESENTATION_CONTEXT() REPRESENTATION_CONTEXT('2D SPACE',''
  ) );
#4081 = PCURVE('',#3688,#4082);
#4082 = DEFINITIONAL_REPRESENTATION('',(#4083),#4086);
#4083 = B_SPLINE_CURVE_WITH_KNOTS('',1,(#4084,#4085),.UNSPECIFIED.,.F.,
  .F.,(2,2),(59.,80.),.PIECEWISE_BEZIER_KNOTS.);
#4084 = CARTESIAN_POINT('',(31.,6.));
#4085 = CARTESIAN_POINT('',(10.,6.));
#4086 = ( GEOMETRIC_REPRESENTATION_CONTEXT(2) 
PARAMETRIC_REPRESENTATION_CONTEXT() REPRESENTATION_CONTEXT('2D SPACE',''
  ) );
#4087 = ORIENTED_EDGE('',*,*,#3975,.F.);
#4088 = ADVANCED_FACE('',(#4089),#1754,.F.);
#4089 = FACE_BOUND('',#4090,.F.);
#4090 = EDGE_LOOP('',(#4091,#4136,#4162,#4205));
#4091 = ORIENTED_EDGE('',*,*,#4092,.T.);
#4092 = EDGE_CURVE('',#1720,#4093,#4095,.T.);
#4093 = VERTEX_POINT('',#4094);
#4094 = CARTESIAN_POINT('',(6.,10.,-2.));
#4095 = SURFACE_CURVE('',#4096,(#4106,#4122),.PCURVE_S1.);
#4096 = B_SPLINE_CURVE_WITH_KNOTS('',8,(#4097,#4098,#4099,#4100,#4101,
    #4102,#4103,#4104,#4105),.UNSPECIFIED.,.F.,.F.,(9,9),(0.,
    1.570796326795),.PIECEWISE_BEZIER_KNOTS.);
#4097 = CARTESIAN_POINT('',(-2.,10.,6.));
#4098 = CARTESIAN_POINT('',(-2.,10.,4.429203673205));
#4099 = CARTESIAN_POINT('',(-1.64751368831,10.,2.858406851966));
#4100 = CARTESIAN_POINT('',(-0.942544526971,10.,1.379894125319));
#4101 = CARTESIAN_POINT('',(8.592995376089E-02,10.,8.592995376085E-02));
#4102 = CARTESIAN_POINT('',(1.37989412532,10.,-0.942544526971));
#4103 = CARTESIAN_POINT('',(2.858406851966,10.,-1.64751368831));
#4104 = CARTESIAN_POINT('',(4.429203673205,10.,-2.));
#4105 = CARTESIAN_POINT('',(6.,10.,-2.));
#4106 = PCURVE('',#1754,#4107);
#4107 = DEFINITIONAL_REPRESENTATION('',(#4108),#4121);
#4108 = B_SPLINE_CURVE_WITH_KNOTS('',6,(#4109,#4110,#4111,#4112,#4113,
    #4114,#4115,#4116,#4117,#4118,#4119,#4120),.UNSPECIFIED.,.F.,.F.,(7,
    5,7),(0.,0.785398163397,1.570796326795),.UNSPECIFIED.);
#4109 = CARTESIAN_POINT('',(0.,0.));
#4110 = CARTESIAN_POINT('',(0.145392652579,-1.461871642423E-14));
#4111 = CARTESIAN_POINT('',(0.28132841098,3.284706776043E-14));
#4112 = CARTESIAN_POINT('',(0.411187802302,-6.461135243735E-14));
#4113 = CARTESIAN_POINT('',(0.537194906025,3.565852338442E-14));
#4114 = CARTESIAN_POINT('',(0.661297781031,-1.381856910393E-14));
#4115 = CARTESIAN_POINT('',(0.909498545764,-9.284072463978E-15));
#4116 = CARTESIAN_POINT('',(1.033601420771,2.024454445181E-14));
#4117 = CARTESIAN_POINT('',(1.159608524491,-2.003470168972E-14));
#4118 = CARTESIAN_POINT('',(1.289467915816,-1.059084816987E-14));
#4119 = CARTESIAN_POINT('',(1.425403674216,1.465478914014E-14));
#4120 = CARTESIAN_POINT('',(1.570796326795,-1.7763568394E-15));
#4121 = ( GEOMETRIC_REPRESENTATION_CONTEXT(2) 
PARAMETRIC_REPRESENTATION_CONTEXT() REPRESENTATION_CONTEXT('2D SPACE',''
  ) );
#4122 = PCURVE('',#1843,#4123);
#4123 = DEFINITIONAL_REPRESENTATION('',(#4124),#4135);
#4124 = B_SPLINE_CURVE_WITH_KNOTS('',5,(#4125,#4126,#4127,#4128,#4129,
    #4130,#4131,#4132,#4133,#4134),.UNSPECIFIED.,.F.,.F.,(6,4,6),(0.,
    0.785398163397,1.570796326795),.UNSPECIFIED.);
#4125 = CARTESIAN_POINT('',(1.570796326795,1.535676355582E-31));
#4126 = CARTESIAN_POINT('',(1.570796326795,0.157079696735));
#4127 = CARTESIAN_POINT('',(1.570796326795,0.314158856355));
#4128 = CARTESIAN_POINT('',(1.570796326795,0.471238943546));
#4129 = CARTESIAN_POINT('',(1.570796326795,0.628318572325));
#4130 = CARTESIAN_POINT('',(1.570796326795,0.94247775447));
#4131 = CARTESIAN_POINT('',(1.570796326795,1.099557383249));
#4132 = CARTESIAN_POINT('',(1.570796326795,1.25663747044));
#4133 = CARTESIAN_POINT('',(1.570796326795,1.41371663006));
#4134 = CARTESIAN_POINT('',(1.570796326795,1.570796326795));
#4135 = ( GEOMETRIC_REPRESENTATION_CONTEXT(2) 
PARAMETRIC_REPRESENTATION_CONTEXT() REPRESENTATION_CONTEXT('2D SPACE',''
  ) );
#4136 = ORIENTED_EDGE('',*,*,#4137,.T.);
#4137 = EDGE_CURVE('',#4093,#4138,#4140,.T.);
#4138 = VERTEX_POINT('',#4139);
#4139 = CARTESIAN_POINT('',(6.,60.,-2.));
#4140 = SURFACE_CURVE('',#4141,(#4144,#4151),.PCURVE_S1.);
#4141 = B_SPLINE_CURVE_WITH_KNOTS('',1,(#4142,#4143),.UNSPECIFIED.,.F.,
  .F.,(2,2),(-0.,50.),.PIECEWISE_BEZIER_KNOTS.);
#4142 = CARTESIAN_POINT('',(6.,10.,-2.));
#4143 = CARTESIAN_POINT('',(6.,60.,-2.));
#4144 = PCURVE('',#1754,#4145);
#4145 = DEFINITIONAL_REPRESENTATION('',(#4146),#4150);
#4146 = B_SPLINE_CURVE_WITH_KNOTS('',2,(#4147,#4148,#4149),
  .UNSPECIFIED.,.F.,.F.,(3,3),(-0.,50.),.PIECEWISE_BEZIER_KNOTS.);
#4147 = CARTESIAN_POINT('',(1.570796326795,-3.552713678801E-15));
#4148 = CARTESIAN_POINT('',(1.570796326795,25.));
#4149 = CARTESIAN_POINT('',(1.570796326795,50.));
#4150 = ( GEOMETRIC_REPRESENTATION_CONTEXT(2) 
PARAMETRIC_REPRESENTATION_CONTEXT() REPRESENTATION_CONTEXT('2D SPACE',''
  ) );
#4151 = PCURVE('',#4152,#4157);
#4152 = B_SPLINE_SURFACE_WITH_KNOTS('',1,1,(
    (#4153,#4154)
    ,(#4155,#4156
    )),.UNSPECIFIED.,.F.,.F.,.F.,(2,2),(2,2),(6.,94.),(6.,64.),
  .PIECEWISE_BEZIER_KNOTS.);
#4153 = CARTESIAN_POINT('',(6.,6.,-2.));
#4154 = CARTESIAN_POINT('',(6.,64.,-2.));
#4155 = CARTESIAN_POINT('',(94.,6.,-2.));
#4156 = CARTESIAN_POINT('',(94.,64.,-2.));
#4157 = DEFINITIONAL_REPRESENTATION('',(#4158),#4161);
#4158 = B_SPLINE_CURVE_WITH_KNOTS('',1,(#4159,#4160),.UNSPECIFIED.,.F.,
  .F.,(2,2),(-0.,50.),.PIECEWISE_BEZIER_KNOTS.);
#4159 = CARTESIAN_POINT('',(6.,10.));
#4160 = CARTESIAN_POINT('',(6.,60.));
#4161 = ( GEOMETRIC_REPRESENTATION_CONTEXT(2) 
PARAMETRIC_REPRESENTATION_CONTEXT() REPRESENTATION_CONTEXT('2D SPACE',''
  ) );
#4162 = ORIENTED_EDGE('',*,*,#4163,.F.);
#4163 = EDGE_CURVE('',#1741,#4138,#4164,.T.);
#4164 = SURFACE_CURVE('',#4165,(#4175,#4191),.PCURVE_S1.);
#4165 = B_SPLINE_CURVE_WITH_KNOTS('',8,(#4166,#4167,#4168,#4169,#4170,
    #4171,#4172,#4173,#4174),.UNSPECIFIED.,.F.,.F.,(9,9),(0.,
    1.570796326795),.PIECEWISE_BEZIER_KNOTS.);
#4166 = CARTESIAN_POINT('',(-2.,60.,6.));
#4167 = CARTESIAN_POINT('',(-2.,60.,4.429203673205));
#4168 = CARTESIAN_POINT('',(-1.64751368831,60.,2.858406851966));
#4169 = CARTESIAN_POINT('',(-0.942544526971,60.000000000001,
    1.379894125319));
#4170 = CARTESIAN_POINT('',(8.592995376089E-02,59.999999999999,
    8.592995376085E-02));
#4171 = CARTESIAN_POINT('',(1.37989412532,60.000000000001,
    -0.942544526971));
#4172 = CARTESIAN_POINT('',(2.858406851966,60.,-1.64751368831));
#4173 = CARTESIAN_POINT('',(4.429203673205,60.,-2.));
#4174 = CARTESIAN_POINT('',(6.,60.,-2.));
#4175 = PCURVE('',#1754,#4176);
#4176 = DEFINITIONAL_REPRESENTATION('',(#4177),#4190);
#4177 = B_SPLINE_CURVE_WITH_KNOTS('',6,(#4178,#4179,#4180,#4181,#4182,
    #4183,#4184,#4185,#4186,#4187,#4188,#4189),.UNSPECIFIED.,.F.,.F.,(7,
    5,7),(0.,0.785398163397,1.570796326795),.UNSPECIFIED.);
#4178 = CARTESIAN_POINT('',(0.,50.));
#4179 = CARTESIAN_POINT('',(0.145392652579,49.999999999994));
#4180 = CARTESIAN_POINT('',(0.28132841098,50.000000000027));
#4181 = CARTESIAN_POINT('',(0.411187802302,49.999999999938));
#4182 = CARTESIAN_POINT('',(0.537194906025,50.000000000046));
#4183 = CARTESIAN_POINT('',(0.661297781031,49.99999999999));
#4184 = CARTESIAN_POINT('',(0.909498545764,49.999999999989));
#4185 = CARTESIAN_POINT('',(1.033601420771,50.000000000047));
#4186 = CARTESIAN_POINT('',(1.159608524491,49.999999999952));
#4187 = CARTESIAN_POINT('',(1.289467915816,50.000000000036));
#4188 = CARTESIAN_POINT('',(1.425403674216,49.999999999993));
#4189 = CARTESIAN_POINT('',(1.570796326795,50.));
#4190 = ( GEOMETRIC_REPRESENTATION_CONTEXT(2) 
PARAMETRIC_REPRESENTATION_CONTEXT() REPRESENTATION_CONTEXT('2D SPACE',''
  ) );
#4191 = PCURVE('',#2381,#4192);
#4192 = DEFINITIONAL_REPRESENTATION('',(#4193),#4204);
#4193 = B_SPLINE_CURVE_WITH_KNOTS('',5,(#4194,#4195,#4196,#4197,#4198,
    #4199,#4200,#4201,#4202,#4203),.UNSPECIFIED.,.F.,.F.,(6,4,6),(0.,
    0.785398163397,1.570796326795),.UNSPECIFIED.);
#4194 = CARTESIAN_POINT('',(1.184237892933E-15,2.22044604925E-16));
#4195 = CARTESIAN_POINT('',(6.361528995824E-16,0.157079696735));
#4196 = CARTESIAN_POINT('',(1.512593849461E-14,0.314158856355));
#4197 = CARTESIAN_POINT('',(-4.185482345133E-15,0.471238943546));
#4198 = CARTESIAN_POINT('',(-1.952353437038E-15,0.628318572325));
#4199 = CARTESIAN_POINT('',(-1.008092094048E-14,0.94247775447));
#4200 = CARTESIAN_POINT('',(5.585756016894E-14,1.099557383249));
#4201 = CARTESIAN_POINT('',(-8.192121077628E-14,1.25663747044));
#4202 = CARTESIAN_POINT('',(5.067231606908E-14,1.41371663006));
#4203 = CARTESIAN_POINT('',(5.329070518199E-15,1.570796326795));
#4204 = ( GEOMETRIC_REPRESENTATION_CONTEXT(2) 
PARAMETRIC_REPRESENTATION_CONTEXT() REPRESENTATION_CONTEXT('2D SPACE',''
  ) );
#4205 = ORIENTED_EDGE('',*,*,#1740,.F.);
#4206 = ADVANCED_FACE('',(#4207),#1843,.T.);
#4207 = FACE_BOUND('',#4208,.T.);
#4208 = EDGE_LOOP('',(#4209,#4254,#4255,#4256));
#4209 = ORIENTED_EDGE('',*,*,#4210,.F.);
#4210 = EDGE_CURVE('',#1792,#4211,#4213,.T.);
#4211 = VERTEX_POINT('',#4212);
#4212 = CARTESIAN_POINT('',(10.,6.,-2.));
#4213 = SURFACE_CURVE('',#4214,(#4224,#4238),.PCURVE_S1.);
#4214 = B_SPLINE_CURVE_WITH_KNOTS('',8,(#4215,#4216,#4217,#4218,#4219,
    #4220,#4221,#4222,#4223),.UNSPECIFIED.,.F.,.F.,(9,9),(0.,
    1.570796326795),.PIECEWISE_BEZIER_KNOTS.);
#4215 = CARTESIAN_POINT('',(10.,-2.,6.));
#4216 = CARTESIAN_POINT('',(10.,-2.,4.429203673205));
#4217 = CARTESIAN_POINT('',(10.,-1.64751368831,2.858406851966));
#4218 = CARTESIAN_POINT('',(10.,-0.942544526971,1.379894125319));
#4219 = CARTESIAN_POINT('',(10.,8.592995376091E-02,8.592995376087E-02));
#4220 = CARTESIAN_POINT('',(10.,1.379894125319,-0.942544526971));
#4221 = CARTESIAN_POINT('',(10.,2.858406851966,-1.64751368831));
#4222 = CARTESIAN_POINT('',(10.,4.429203673205,-2.));
#4223 = CARTESIAN_POINT('',(10.,6.,-2.));
#4224 = PCURVE('',#1843,#4225);
#4225 = DEFINITIONAL_REPRESENTATION('',(#4226),#4237);
#4226 = B_SPLINE_CURVE_WITH_KNOTS('',5,(#4227,#4228,#4229,#4230,#4231,
    #4232,#4233,#4234,#4235,#4236),.UNSPECIFIED.,.F.,.F.,(6,4,6),(0.,
    0.785398163397,1.570796326795),.UNSPECIFIED.);
#4227 = CARTESIAN_POINT('',(-2.22044604925E-16,-1.110223024625E-16));
#4228 = CARTESIAN_POINT('',(-6.877491352203E-16,0.157079696735));
#4229 = CARTESIAN_POINT('',(-5.553010407342E-16,0.314158856355));
#4230 = CARTESIAN_POINT('',(8.683895539365E-16,0.471238943546));
#4231 = CARTESIAN_POINT('',(3.445945963479E-16,0.628318572325));
#4232 = CARTESIAN_POINT('',(2.517529724927E-15,0.94247775447));
#4233 = CARTESIAN_POINT('',(-1.07212518288E-14,1.099557383249));
#4234 = CARTESIAN_POINT('',(1.565711724112E-14,1.25663747044));
#4235 = CARTESIAN_POINT('',(-8.513406847703E-15,1.41371663006));
#4236 = CARTESIAN_POINT('',(6.661338147751E-16,1.570796326795));
#4237 = ( GEOMETRIC_REPRESENTATION_CONTEXT(2) 
PARAMETRIC_REPRESENTATION_CONTEXT() REPRESENTATION_CONTEXT('2D SPACE',''
  ) );
#4238 = PCURVE('',#1960,#4239);
#4239 = DEFINITIONAL_REPRESENTATION('',(#4240),#4253);
#4240 = B_SPLINE_CURVE_WITH_KNOTS('',6,(#4241,#4242,#4243,#4244,#4245,
    #4246,#4247,#4248,#4249,#4250,#4251,#4252),.UNSPECIFIED.,.F.,.F.,(7,
    5,7),(0.,0.785398163397,1.570796326795),.UNSPECIFIED.);
#4241 = CARTESIAN_POINT('',(-2.466295466829E-16,80.));
#4242 = CARTESIAN_POINT('',(0.145392652579,79.999999999986));
#4243 = CARTESIAN_POINT('',(0.281328410979,79.999999999999));
#4244 = CARTESIAN_POINT('',(0.411187802302,79.999999999967));
#4245 = CARTESIAN_POINT('',(0.537194906025,80.000000000034));
#4246 = CARTESIAN_POINT('',(0.661297781031,79.999999999984));
#4247 = CARTESIAN_POINT('',(0.909498545764,79.999999999986));
#4248 = CARTESIAN_POINT('',(1.033601420769,79.999999999999));
#4249 = CARTESIAN_POINT('',(1.159608524495,79.999999999967));
#4250 = CARTESIAN_POINT('',(1.289467915815,80.000000000034));
#4251 = CARTESIAN_POINT('',(1.425403674216,79.999999999984));
#4252 = CARTESIAN_POINT('',(1.570796326795,80.));
#4253 = ( GEOMETRIC_REPRESENTATION_CONTEXT(2) 
PARAMETRIC_REPRESENTATION_CONTEXT() REPRESENTATION_CONTEXT('2D SPACE',''
  ) );
#4254 = ORIENTED_EDGE('',*,*,#1814,.T.);
#4255 = ORIENTED_EDGE('',*,*,#4092,.T.);
#4256 = ORIENTED_EDGE('',*,*,#4257,.F.);
#4257 = EDGE_CURVE('',#4211,#4093,#4258,.T.);
#4258 = SURFACE_CURVE('',#4259,(#4269,#4285),.PCURVE_S1.);
#4259 = B_SPLINE_CURVE_WITH_KNOTS('',8,(#4260,#4261,#4262,#4263,#4264,
    #4265,#4266,#4267,#4268),.UNSPECIFIED.,.F.,.F.,(9,9),(
    -2.22044604925E-16,1.570796326795),.PIECEWISE_BEZIER_KNOTS.);
#4260 = CARTESIAN_POINT('',(10.,6.,-2.));
#4261 = CARTESIAN_POINT('',(9.214601836603,6.,-2.));
#4262 = CARTESIAN_POINT('',(8.429203425983,6.176243155845,-2.));
#4263 = CARTESIAN_POINT('',(7.68994706266,6.528727736514,-2.));
#4264 = CARTESIAN_POINT('',(7.04296497688,7.04296497688,-2.));
#4265 = CARTESIAN_POINT('',(6.528727736515,7.68994706266,-2.));
#4266 = CARTESIAN_POINT('',(6.176243155845,8.429203425983,-2.));
#4267 = CARTESIAN_POINT('',(6.,9.214601836603,-2.));
#4268 = CARTESIAN_POINT('',(6.,10.,-2.));
#4269 = PCURVE('',#1843,#4270);
#4270 = DEFINITIONAL_REPRESENTATION('',(#4271),#4284);
#4271 = B_SPLINE_CURVE_WITH_KNOTS('',6,(#4272,#4273,#4274,#4275,#4276,
    #4277,#4278,#4279,#4280,#4281,#4282,#4283),.UNSPECIFIED.,.F.,.F.,(7,
    5,7),(-2.22044604925E-16,0.785398163397,1.570796326795),
  .UNSPECIFIED.);
#4272 = CARTESIAN_POINT('',(1.110223024625E-15,1.570796326795));
#4273 = CARTESIAN_POINT('',(0.130899719454,1.570796323358));
#4274 = CARTESIAN_POINT('',(0.261799245905,1.570796356532));
#4275 = CARTESIAN_POINT('',(0.392698736129,1.570796756583));
#4276 = CARTESIAN_POINT('',(0.523598930302,1.570796314568));
#4277 = CARTESIAN_POINT('',(0.654498475765,1.57079621536));
#4278 = CARTESIAN_POINT('',(0.916297851031,1.57079621536));
#4279 = CARTESIAN_POINT('',(1.047197396493,1.570796314568));
#4280 = CARTESIAN_POINT('',(1.178097590666,1.570796756585));
#4281 = CARTESIAN_POINT('',(1.30899708089,1.570796356532));
#4282 = CARTESIAN_POINT('',(1.439896607342,1.570796323359));
#4283 = CARTESIAN_POINT('',(1.570796326795,1.570796326795));
#4284 = ( GEOMETRIC_REPRESENTATION_CONTEXT(2) 
PARAMETRIC_REPRESENTATION_CONTEXT() REPRESENTATION_CONTEXT('2D SPACE',''
  ) );
#4285 = PCURVE('',#4152,#4286);
#4286 = DEFINITIONAL_REPRESENTATION('',(#4287),#4297);
#4287 = B_SPLINE_CURVE_WITH_KNOTS('',8,(#4288,#4289,#4290,#4291,#4292,
    #4293,#4294,#4295,#4296),.UNSPECIFIED.,.F.,.F.,(9,9),(
    -2.22044604925E-16,1.570796326795),.PIECEWISE_BEZIER_KNOTS.);
#4288 = CARTESIAN_POINT('',(10.,6.));
#4289 = CARTESIAN_POINT('',(9.214601836603,6.));
#4290 = CARTESIAN_POINT('',(8.429203425983,6.176243155845));
#4291 = CARTESIAN_POINT('',(7.68994706266,6.528727736514));
#4292 = CARTESIAN_POINT('',(7.04296497688,7.04296497688));
#4293 = CARTESIAN_POINT('',(6.528727736515,7.68994706266));
#4294 = CARTESIAN_POINT('',(6.176243155845,8.429203425983));
#4295 = CARTESIAN_POINT('',(6.,9.214601836603));
#4296 = CARTESIAN_POINT('',(6.,10.));
#4297 = ( GEOMETRIC_REPRESENTATION_CONTEXT(2) 
PARAMETRIC_REPRESENTATION_CONTEXT() REPRESENTATION_CONTEXT('2D SPACE',''
  ) );
#4298 = ADVANCED_FACE('',(#4299),#1960,.F.);
#4299 = FACE_BOUND('',#4300,.F.);
#4300 = EDGE_LOOP('',(#4301,#4346,#4365,#4366));
#4301 = ORIENTED_EDGE('',*,*,#4302,.T.);
#4302 = EDGE_CURVE('',#1928,#4303,#4305,.T.);
#4303 = VERTEX_POINT('',#4304);
#4304 = CARTESIAN_POINT('',(90.,6.,-2.));
#4305 = SURFACE_CURVE('',#4306,(#4316,#4332),.PCURVE_S1.);
#4306 = B_SPLINE_CURVE_WITH_KNOTS('',8,(#4307,#4308,#4309,#4310,#4311,
    #4312,#4313,#4314,#4315),.UNSPECIFIED.,.F.,.F.,(9,9),(0.,
    1.570796326795),.PIECEWISE_BEZIER_KNOTS.);
#4307 = CARTESIAN_POINT('',(90.,-2.,6.));
#4308 = CARTESIAN_POINT('',(90.,-2.,4.429203673205));
#4309 = CARTESIAN_POINT('',(89.999999999999,-1.64751368831,
    2.858406851966));
#4310 = CARTESIAN_POINT('',(90.000000000001,-0.942544526971,
    1.379894125319));
#4311 = CARTESIAN_POINT('',(89.999999999998,8.592995376089E-02,
    8.592995376085E-02));
#4312 = CARTESIAN_POINT('',(90.000000000001,1.37989412532,
    -0.942544526971));
#4313 = CARTESIAN_POINT('',(89.999999999999,2.858406851966,
    -1.64751368831));
#4314 = CARTESIAN_POINT('',(90.,4.429203673205,-2.));
#4315 = CARTESIAN_POINT('',(90.,6.,-2.));
#4316 = PCURVE('',#1960,#4317);
#4317 = DEFINITIONAL_REPRESENTATION('',(#4318),#4331);
#4318 = B_SPLINE_CURVE_WITH_KNOTS('',6,(#4319,#4320,#4321,#4322,#4323,
    #4324,#4325,#4326,#4327,#4328,#4329,#4330),.UNSPECIFIED.,.F.,.F.,(7,
    5,7),(0.,0.785398163397,1.570796326795),.UNSPECIFIED.);
#4319 = CARTESIAN_POINT('',(0.,0.));
#4320 = CARTESIAN_POINT('',(0.145392652579,-5.22484786874E-14));
#4321 = CARTESIAN_POINT('',(0.28132841098,1.129413665095E-13));
#4322 = CARTESIAN_POINT('',(0.411187802302,-8.803588731981E-14));
#4323 = CARTESIAN_POINT('',(0.537194906025,6.868090492195E-14));
#4324 = CARTESIAN_POINT('',(0.661297781031,1.341237804326E-14));
#4325 = CARTESIAN_POINT('',(0.909498545764,8.534875872872E-15));
#4326 = CARTESIAN_POINT('',(1.033601420771,-7.190884962725E-14));
#4327 = CARTESIAN_POINT('',(1.159608524491,1.156036588155E-13));
#4328 = CARTESIAN_POINT('',(1.289467915816,-7.717573413233E-14));
#4329 = CARTESIAN_POINT('',(1.425403674216,-1.48176150144E-14));
#4330 = CARTESIAN_POINT('',(1.570796326795,2.022057246168E-30));
#4331 = ( GEOMETRIC_REPRESENTATION_CONTEXT(2) 
PARAMETRIC_REPRESENTATION_CONTEXT() REPRESENTATION_CONTEXT('2D SPACE',''
  ) );
#4332 = PCURVE('',#2029,#4333);
#4333 = DEFINITIONAL_REPRESENTATION('',(#4334),#4345);
#4334 = B_SPLINE_CURVE_WITH_KNOTS('',5,(#4335,#4336,#4337,#4338,#4339,
    #4340,#4341,#4342,#4343,#4344),.UNSPECIFIED.,.F.,.F.,(6,4,6),(0.,
    0.785398163397,1.570796326795),.UNSPECIFIED.);
#4335 = CARTESIAN_POINT('',(1.570796326795,1.110223024626E-16));
#4336 = CARTESIAN_POINT('',(1.570796326795,0.157079696735));
#4337 = CARTESIAN_POINT('',(1.570796326795,0.314158856355));
#4338 = CARTESIAN_POINT('',(1.570796326795,0.471238943546));
#4339 = CARTESIAN_POINT('',(1.570796326795,0.628318572325));
#4340 = CARTESIAN_POINT('',(1.570796326795,0.94247775447));
#4341 = CARTESIAN_POINT('',(1.570796326795,1.099557383249));
#4342 = CARTESIAN_POINT('',(1.570796326795,1.25663747044));
#4343 = CARTESIAN_POINT('',(1.570796326795,1.41371663006));
#4344 = CARTESIAN_POINT('',(1.570796326795,1.570796326795));
#4345 = ( GEOMETRIC_REPRESENTATION_CONTEXT(2) 
PARAMETRIC_REPRESENTATION_CONTEXT() REPRESENTATION_CONTEXT('2D SPACE',''
  ) );
#4346 = ORIENTED_EDGE('',*,*,#4347,.T.);
#4347 = EDGE_CURVE('',#4303,#4211,#4348,.T.);
#4348 = SURFACE_CURVE('',#4349,(#4352,#4359),.PCURVE_S1.);
#4349 = B_SPLINE_CURVE_WITH_KNOTS('',1,(#4350,#4351),.UNSPECIFIED.,.F.,
  .F.,(2,2),(-0.,80.),.PIECEWISE_BEZIER_KNOTS.);
#4350 = CARTESIAN_POINT('',(90.,6.,-2.));
#4351 = CARTESIAN_POINT('',(10.,6.,-2.));
#4352 = PCURVE('',#1960,#4353);
#4353 = DEFINITIONAL_REPRESENTATION('',(#4354),#4358);
#4354 = B_SPLINE_CURVE_WITH_KNOTS('',2,(#4355,#4356,#4357),
  .UNSPECIFIED.,.F.,.F.,(3,3),(-0.,80.),.PIECEWISE_BEZIER_KNOTS.);
#4355 = CARTESIAN_POINT('',(1.570796326795,2.84217094304E-14));
#4356 = CARTESIAN_POINT('',(1.570796326795,40.));
#4357 = CARTESIAN_POINT('',(1.570796326795,80.));
#4358 = ( GEOMETRIC_REPRESENTATION_CONTEXT(2) 
PARAMETRIC_REPRESENTATION_CONTEXT() REPRESENTATION_CONTEXT('2D SPACE',''
  ) );
#4359 = PCURVE('',#4152,#4360);
#4360 = DEFINITIONAL_REPRESENTATION('',(#4361),#4364);
#4361 = B_SPLINE_CURVE_WITH_KNOTS('',1,(#4362,#4363),.UNSPECIFIED.,.F.,
  .F.,(2,2),(-0.,80.),.PIECEWISE_BEZIER_KNOTS.);
#4362 = CARTESIAN_POINT('',(90.,6.));
#4363 = CARTESIAN_POINT('',(10.,6.));
#4364 = ( GEOMETRIC_REPRESENTATION_CONTEXT(2) 
PARAMETRIC_REPRESENTATION_CONTEXT() REPRESENTATION_CONTEXT('2D SPACE',''
  ) );
#4365 = ORIENTED_EDGE('',*,*,#4210,.F.);
#4366 = ORIENTED_EDGE('',*,*,#1948,.F.);
#4367 = ADVANCED_FACE('',(#4368),#2029,.T.);
#4368 = FACE_BOUND('',#4369,.T.);
#4369 = EDGE_LOOP('',(#4370,#4415,#4416,#4417));
#4370 = ORIENTED_EDGE('',*,*,#4371,.F.);
#4371 = EDGE_CURVE('',#1980,#4372,#4374,.T.);
#4372 = VERTEX_POINT('',#4373);
#4373 = CARTESIAN_POINT('',(94.,10.,-2.));
#4374 = SURFACE_CURVE('',#4375,(#4385,#4399),.PCURVE_S1.);
#4375 = B_SPLINE_CURVE_WITH_KNOTS('',8,(#4376,#4377,#4378,#4379,#4380,
    #4381,#4382,#4383,#4384),.UNSPECIFIED.,.F.,.F.,(9,9),(0.,
    1.570796326795),.PIECEWISE_BEZIER_KNOTS.);
#4376 = CARTESIAN_POINT('',(102.,10.,6.));
#4377 = CARTESIAN_POINT('',(102.,10.,4.429203673205));
#4378 = CARTESIAN_POINT('',(101.64751368831,10.,2.858406851966));
#4379 = CARTESIAN_POINT('',(100.94254452697,10.,1.379894125319));
#4380 = CARTESIAN_POINT('',(99.914070046237,10.,8.592995376087E-02));
#4381 = CARTESIAN_POINT('',(98.620105874683,10.,-0.942544526971));
#4382 = CARTESIAN_POINT('',(97.141593148032,10.,-1.64751368831));
#4383 = CARTESIAN_POINT('',(95.570796326795,10.,-2.));
#4384 = CARTESIAN_POINT('',(94.,10.,-2.));
#4385 = PCURVE('',#2029,#4386);
#4386 = DEFINITIONAL_REPRESENTATION('',(#4387),#4398);
#4387 = B_SPLINE_CURVE_WITH_KNOTS('',5,(#4388,#4389,#4390,#4391,#4392,
    #4393,#4394,#4395,#4396,#4397),.UNSPECIFIED.,.F.,.F.,(6,4,6),(0.,
    0.785398163397,1.570796326795),.UNSPECIFIED.);
#4388 = CARTESIAN_POINT('',(-1.685635467097E-28,1.110223024625E-16));
#4389 = CARTESIAN_POINT('',(-1.7055428205E-15,0.157079696735));
#4390 = CARTESIAN_POINT('',(1.615397377808E-15,0.314158856355));
#4391 = CARTESIAN_POINT('',(-1.294339607435E-15,0.471238943546));
#4392 = CARTESIAN_POINT('',(1.461471355182E-15,0.628318572325));
#4393 = CARTESIAN_POINT('',(2.232949201201E-15,0.94247775447));
#4394 = CARTESIAN_POINT('',(-9.6842581841E-15,1.099557383249));
#4395 = CARTESIAN_POINT('',(1.493244229762E-14,1.25663747044));
#4396 = CARTESIAN_POINT('',(-7.841386111707E-15,1.41371663006));
#4397 = CARTESIAN_POINT('',(1.33226762955E-15,1.570796326795));
#4398 = ( GEOMETRIC_REPRESENTATION_CONTEXT(2) 
PARAMETRIC_REPRESENTATION_CONTEXT() REPRESENTATION_CONTEXT('2D SPACE',''
  ) );
#4399 = PCURVE('',#2126,#4400);
#4400 = DEFINITIONAL_REPRESENTATION('',(#4401),#4414);
#4401 = B_SPLINE_CURVE_WITH_KNOTS('',6,(#4402,#4403,#4404,#4405,#4406,
    #4407,#4408,#4409,#4410,#4411,#4412,#4413),.UNSPECIFIED.,.F.,.F.,(7,
    5,7),(0.,0.785398163397,1.570796326795),.UNSPECIFIED.);
#4402 = CARTESIAN_POINT('',(-2.466295466829E-16,50.));
#4403 = CARTESIAN_POINT('',(0.145392652579,49.999999999986));
#4404 = CARTESIAN_POINT('',(0.281328410979,50.000000000091));
#4405 = CARTESIAN_POINT('',(0.411187802302,49.99999999985));
#4406 = CARTESIAN_POINT('',(0.537194906025,50.000000000087));
#4407 = CARTESIAN_POINT('',(0.661297781031,49.999999999986));
#4408 = CARTESIAN_POINT('',(0.909498545763,49.999999999995));
#4409 = CARTESIAN_POINT('',(1.033601420771,50.000000000055));
#4410 = CARTESIAN_POINT('',(1.159608524491,49.999999999894));
#4411 = CARTESIAN_POINT('',(1.289467915817,50.00000000005));
#4412 = CARTESIAN_POINT('',(1.425403674216,49.999999999996));
#4413 = CARTESIAN_POINT('',(1.570796326795,50.));
#4414 = ( GEOMETRIC_REPRESENTATION_CONTEXT(2) 
PARAMETRIC_REPRESENTATION_CONTEXT() REPRESENTATION_CONTEXT('2D SPACE',''
  ) );
#4415 = ORIENTED_EDGE('',*,*,#2000,.T.);
#4416 = ORIENTED_EDGE('',*,*,#4302,.T.);
#4417 = ORIENTED_EDGE('',*,*,#4418,.F.);
#4418 = EDGE_CURVE('',#4372,#4303,#4419,.T.);
#4419 = SURFACE_CURVE('',#4420,(#4424,#4444),.PCURVE_S1.);
#4420 = ( BOUNDED_CURVE() B_SPLINE_CURVE(2,(#4421,#4422,#4423),
.UNSPECIFIED.,.F.,.F.) B_SPLINE_CURVE_WITH_KNOTS((3,3),(0.,
1.570796326795),.PIECEWISE_BEZIER_KNOTS.) CURVE() 
GEOMETRIC_REPRESENTATION_ITEM() RATIONAL_B_SPLINE_CURVE((1.,
0.707106781187,1.)) REPRESENTATION_ITEM('') );
#4421 = CARTESIAN_POINT('',(94.,10.,-2.));
#4422 = CARTESIAN_POINT('',(94.,6.,-2.));
#4423 = CARTESIAN_POINT('',(90.,6.,-2.));
#4424 = PCURVE('',#2029,#4425);
#4425 = DEFINITIONAL_REPRESENTATION('',(#4426),#4443);
#4426 = B_SPLINE_CURVE_WITH_KNOTS('',8,(#4427,#4428,#4429,#4430,#4431,
    #4432,#4433,#4434,#4435,#4436,#4437,#4438,#4439,#4440,#4441,#4442),
  .UNSPECIFIED.,.F.,.F.,(9,7,9),(0.,0.785398163397,1.570796326795),
  .UNSPECIFIED.);
#4427 = CARTESIAN_POINT('',(1.33226762955E-15,1.570796326795));
#4428 = CARTESIAN_POINT('',(8.838834872759E-02,1.570796326749));
#4429 = CARTESIAN_POINT('',(0.180475020505,1.570796327335));
#4430 = CARTESIAN_POINT('',(0.276004557694,1.570796453042));
#4431 = CARTESIAN_POINT('',(0.374568537042,1.570796617159));
#4432 = CARTESIAN_POINT('',(0.47558404199,1.570796459587));
#4433 = CARTESIAN_POINT('',(0.578291415281,1.570796294629));
#4434 = CARTESIAN_POINT('',(0.681844789861,1.570796209638));
#4435 = CARTESIAN_POINT('',(0.888951536904,1.570796209639));
#4436 = CARTESIAN_POINT('',(0.992504911691,1.570796294685));
#4437 = CARTESIAN_POINT('',(1.095212284277,1.570796459652));
#4438 = CARTESIAN_POINT('',(1.196227790105,1.570796617134));
#4439 = CARTESIAN_POINT('',(1.294791768563,1.570796453025));
#4440 = CARTESIAN_POINT('',(1.39032130644,1.57079632739));
#4441 = CARTESIAN_POINT('',(1.482407978034,1.570796326745));
#4442 = CARTESIAN_POINT('',(1.570796326795,1.570796326795));
#4443 = ( GEOMETRIC_REPRESENTATION_CONTEXT(2) 
PARAMETRIC_REPRESENTATION_CONTEXT() REPRESENTATION_CONTEXT('2D SPACE',''
  ) );
#4444 = PCURVE('',#4152,#4445);
#4445 = DEFINITIONAL_REPRESENTATION('',(#4446),#4450);
#4446 = ( BOUNDED_CURVE() B_SPLINE_CURVE(2,(#4447,#4448,#4449),
.UNSPECIFIED.,.F.,.F.) B_SPLINE_CURVE_WITH_KNOTS((3,3),(0.,
1.570796326795),.PIECEWISE_BEZIER_KNOTS.) CURVE() 
GEOMETRIC_REPRESENTATION_ITEM() RATIONAL_B_SPLINE_CURVE((1.,
0.707106781187,1.)) REPRESENTATION_ITEM('') );
#4447 = CARTESIAN_POINT('',(94.,10.));
#4448 = CARTESIAN_POINT('',(94.,6.));
#4449 = CARTESIAN_POINT('',(90.,6.));
#4450 = ( GEOMETRIC_REPRESENTATION_CONTEXT(2) 
PARAMETRIC_REPRESENTATION_CONTEXT() REPRESENTATION_CONTEXT('2D SPACE',''
  ) );
#4451 = ADVANCED_FACE('',(#4452),#2126,.F.);
#4452 = FACE_BOUND('',#4453,.F.);
#4453 = EDGE_LOOP('',(#4454,#4499,#4518,#4519));
#4454 = ORIENTED_EDGE('',*,*,#4455,.T.);
#4455 = EDGE_CURVE('',#2113,#4456,#4458,.T.);
#4456 = VERTEX_POINT('',#4457);
#4457 = CARTESIAN_POINT('',(94.,60.,-2.));
#4458 = SURFACE_CURVE('',#4459,(#4469,#4485),.PCURVE_S1.);
#4459 = B_SPLINE_CURVE_WITH_KNOTS('',8,(#4460,#4461,#4462,#4463,#4464,
    #4465,#4466,#4467,#4468),.UNSPECIFIED.,.F.,.F.,(9,9),(0.,
    1.570796326795),.PIECEWISE_BEZIER_KNOTS.);
#4460 = CARTESIAN_POINT('',(102.,60.,6.));
#4461 = CARTESIAN_POINT('',(102.,60.,4.429203673205));
#4462 = CARTESIAN_POINT('',(101.64751368831,60.,2.858406851966));
#4463 = CARTESIAN_POINT('',(100.94254452697,60.000000000001,
    1.379894125319));
#4464 = CARTESIAN_POINT('',(99.914070046237,59.999999999999,
    8.592995376087E-02));
#4465 = CARTESIAN_POINT('',(98.620105874683,60.000000000001,
    -0.942544526971));
#4466 = CARTESIAN_POINT('',(97.141593148032,60.,-1.64751368831));
#4467 = CARTESIAN_POINT('',(95.570796326795,60.,-2.));
#4468 = CARTESIAN_POINT('',(94.,60.,-2.));
#4469 = PCURVE('',#2126,#4470);
#4470 = DEFINITIONAL_REPRESENTATION('',(#4471),#4484);
#4471 = B_SPLINE_CURVE_WITH_KNOTS('',6,(#4472,#4473,#4474,#4475,#4476,
    #4477,#4478,#4479,#4480,#4481,#4482,#4483),.UNSPECIFIED.,.F.,.F.,(7,
    5,7),(0.,0.785398163397,1.570796326795),.UNSPECIFIED.);
#4472 = CARTESIAN_POINT('',(-2.466295466829E-16,-1.394522238737E-31));
#4473 = CARTESIAN_POINT('',(0.145392652579,-5.06066193368E-14));
#4474 = CARTESIAN_POINT('',(0.281328410979,3.64960060696E-14));
#4475 = CARTESIAN_POINT('',(0.411187802302,6.316772651326E-14));
#4476 = CARTESIAN_POINT('',(0.537194906025,-6.617088997556E-14));
#4477 = CARTESIAN_POINT('',(0.661297781031,2.778594037962E-14));
#4478 = CARTESIAN_POINT('',(0.909498545763,2.092697087102E-14));
#4479 = CARTESIAN_POINT('',(1.033601420771,-1.657112822935E-14));
#4480 = CARTESIAN_POINT('',(1.159608524491,-1.162457525988E-14));
#4481 = CARTESIAN_POINT('',(1.289467915817,9.657931486759E-14));
#4482 = CARTESIAN_POINT('',(1.425403674216,-9.986523268006E-14));
#4483 = CARTESIAN_POINT('',(1.570796326795,0.));
#4484 = ( GEOMETRIC_REPRESENTATION_CONTEXT(2) 
PARAMETRIC_REPRESENTATION_CONTEXT() REPRESENTATION_CONTEXT('2D SPACE',''
  ) );
#4485 = PCURVE('',#2215,#4486);
#4486 = DEFINITIONAL_REPRESENTATION('',(#4487),#4498);
#4487 = B_SPLINE_CURVE_WITH_KNOTS('',5,(#4488,#4489,#4490,#4491,#4492,
    #4493,#4494,#4495,#4496,#4497),.UNSPECIFIED.,.F.,.F.,(6,4,6),(0.,
    0.785398163397,1.570796326795),.UNSPECIFIED.);
#4488 = CARTESIAN_POINT('',(1.570796326795,-2.22044604925E-16));
#4489 = CARTESIAN_POINT('',(1.570796326795,0.157079696735));
#4490 = CARTESIAN_POINT('',(1.570796326795,0.314158856355));
#4491 = CARTESIAN_POINT('',(1.570796326795,0.471238943546));
#4492 = CARTESIAN_POINT('',(1.570796326795,0.628318572325));
#4493 = CARTESIAN_POINT('',(1.570796326795,0.94247775447));
#4494 = CARTESIAN_POINT('',(1.570796326795,1.099557383249));
#4495 = CARTESIAN_POINT('',(1.570796326795,1.25663747044));
#4496 = CARTESIAN_POINT('',(1.570796326795,1.41371663006));
#4497 = CARTESIAN_POINT('',(1.570796326795,1.570796326795));
#4498 = ( GEOMETRIC_REPRESENTATION_CONTEXT(2) 
PARAMETRIC_REPRESENTATION_CONTEXT() REPRESENTATION_CONTEXT('2D SPACE',''
  ) );
#4499 = ORIENTED_EDGE('',*,*,#4500,.T.);
#4500 = EDGE_CURVE('',#4456,#4372,#4501,.T.);
#4501 = SURFACE_CURVE('',#4502,(#4505,#4512),.PCURVE_S1.);
#4502 = B_SPLINE_CURVE_WITH_KNOTS('',1,(#4503,#4504),.UNSPECIFIED.,.F.,
  .F.,(2,2),(0.,50.),.PIECEWISE_BEZIER_KNOTS.);
#4503 = CARTESIAN_POINT('',(94.,60.,-2.));
#4504 = CARTESIAN_POINT('',(94.,10.,-2.));
#4505 = PCURVE('',#2126,#4506);
#4506 = DEFINITIONAL_REPRESENTATION('',(#4507),#4511);
#4507 = B_SPLINE_CURVE_WITH_KNOTS('',2,(#4508,#4509,#4510),
  .UNSPECIFIED.,.F.,.F.,(3,3),(0.,50.),.PIECEWISE_BEZIER_KNOTS.);
#4508 = CARTESIAN_POINT('',(1.570796326795,7.105427357601E-15));
#4509 = CARTESIAN_POINT('',(1.570796326795,25.));
#4510 = CARTESIAN_POINT('',(1.570796326795,50.));
#4511 = ( GEOMETRIC_REPRESENTATION_CONTEXT(2) 
PARAMETRIC_REPRESENTATION_CONTEXT() REPRESENTATION_CONTEXT('2D SPACE',''
  ) );
#4512 = PCURVE('',#4152,#4513);
#4513 = DEFINITIONAL_REPRESENTATION('',(#4514),#4517);
#4514 = B_SPLINE_CURVE_WITH_KNOTS('',1,(#4515,#4516),.UNSPECIFIED.,.F.,
  .F.,(2,2),(0.,50.),.PIECEWISE_BEZIER_KNOTS.);
#4515 = CARTESIAN_POINT('',(94.,60.));
#4516 = CARTESIAN_POINT('',(94.,10.));
#4517 = ( GEOMETRIC_REPRESENTATION_CONTEXT(2) 
PARAMETRIC_REPRESENTATION_CONTEXT() REPRESENTATION_CONTEXT('2D SPACE',''
  ) );
#4518 = ORIENTED_EDGE('',*,*,#4371,.F.);
#4519 = ORIENTED_EDGE('',*,*,#2112,.F.);
#4520 = ADVANCED_FACE('',(#4521),#2215,.T.);
#4521 = FACE_BOUND('',#4522,.T.);
#4522 = EDGE_LOOP('',(#4523,#4568,#4569,#4570));
#4523 = ORIENTED_EDGE('',*,*,#4524,.F.);
#4524 = EDGE_CURVE('',#2164,#4525,#4527,.T.);
#4525 = VERTEX_POINT('',#4526);
#4526 = CARTESIAN_POINT('',(90.,64.,-2.));
#4527 = SURFACE_CURVE('',#4528,(#4538,#4552),.PCURVE_S1.);
#4528 = B_SPLINE_CURVE_WITH_KNOTS('',8,(#4529,#4530,#4531,#4532,#4533,
    #4534,#4535,#4536,#4537),.UNSPECIFIED.,.F.,.F.,(9,9),(0.,
    1.570796326795),.PIECEWISE_BEZIER_KNOTS.);
#4529 = CARTESIAN_POINT('',(90.,72.,6.));
#4530 = CARTESIAN_POINT('',(90.,72.,4.429203673205));
#4531 = CARTESIAN_POINT('',(89.999999999999,71.647513688311,
    2.858406851966));
#4532 = CARTESIAN_POINT('',(90.000000000001,70.942544526971,
    1.379894125319));
#4533 = CARTESIAN_POINT('',(89.999999999998,69.91407004624,
    8.592995376085E-02));
#4534 = CARTESIAN_POINT('',(90.000000000001,68.62010587468,
    -0.942544526971));
#4535 = CARTESIAN_POINT('',(89.999999999999,67.141593148034,
    -1.64751368831));
#4536 = CARTESIAN_POINT('',(90.,65.570796326795,-2.));
#4537 = CARTESIAN_POINT('',(90.,64.,-2.));
#4538 = PCURVE('',#2215,#4539);
#4539 = DEFINITIONAL_REPRESENTATION('',(#4540),#4551);
#4540 = B_SPLINE_CURVE_WITH_KNOTS('',5,(#4541,#4542,#4543,#4544,#4545,
    #4546,#4547,#4548,#4549,#4550),.UNSPECIFIED.,.F.,.F.,(6,4,6),(0.,
    0.785398163397,1.570796326795),.UNSPECIFIED.);
#4541 = CARTESIAN_POINT('',(-2.368475785867E-15,1.110223024627E-16));
#4542 = CARTESIAN_POINT('',(-4.44623066754E-15,0.157079696735));
#4543 = CARTESIAN_POINT('',(1.706891084655E-14,0.314158856355));
#4544 = CARTESIAN_POINT('',(-1.256708245341E-14,0.471238943546));
#4545 = CARTESIAN_POINT('',(-6.718456896196E-15,0.628318572325));
#4546 = CARTESIAN_POINT('',(-1.237480562994E-14,0.94247775447));
#4547 = CARTESIAN_POINT('',(6.055567157064E-14,1.099557383249));
#4548 = CARTESIAN_POINT('',(-1.092205695163E-13,1.25663747044));
#4549 = CARTESIAN_POINT('',(6.715764135423E-14,1.41371663006));
#4550 = CARTESIAN_POINT('',(-7.105427357599E-15,1.570796326795));
#4551 = ( GEOMETRIC_REPRESENTATION_CONTEXT(2) 
PARAMETRIC_REPRESENTATION_CONTEXT() REPRESENTATION_CONTEXT('2D SPACE',''
  ) );
#4552 = PCURVE('',#2332,#4553);
#4553 = DEFINITIONAL_REPRESENTATION('',(#4554),#4567);
#4554 = B_SPLINE_CURVE_WITH_KNOTS('',6,(#4555,#4556,#4557,#4558,#4559,
    #4560,#4561,#4562,#4563,#4564,#4565,#4566),.UNSPECIFIED.,.F.,.F.,(7,
    5,7),(0.,0.785398163397,1.570796326795),.UNSPECIFIED.);
#4555 = CARTESIAN_POINT('',(0.,80.));
#4556 = CARTESIAN_POINT('',(0.145392652579,79.999999999986));
#4557 = CARTESIAN_POINT('',(0.281328410979,80.000000000117));
#4558 = CARTESIAN_POINT('',(0.411187802302,79.999999999911));
#4559 = CARTESIAN_POINT('',(0.537194906025,80.000000000083));
#4560 = CARTESIAN_POINT('',(0.661297781031,79.999999999989));
#4561 = CARTESIAN_POINT('',(0.909498545763,79.999999999976));
#4562 = CARTESIAN_POINT('',(1.033601420773,80.000000000156));
#4563 = CARTESIAN_POINT('',(1.159608524489,79.999999999762));
#4564 = CARTESIAN_POINT('',(1.289467915818,80.000000000131));
#4565 = CARTESIAN_POINT('',(1.425403674215,79.999999999975));
#4566 = CARTESIAN_POINT('',(1.570796326795,80.));
#4567 = ( GEOMETRIC_REPRESENTATION_CONTEXT(2) 
PARAMETRIC_REPRESENTATION_CONTEXT() REPRESENTATION_CONTEXT('2D SPACE',''
  ) );
#4568 = ORIENTED_EDGE('',*,*,#2186,.T.);
#4569 = ORIENTED_EDGE('',*,*,#4455,.T.);
#4570 = ORIENTED_EDGE('',*,*,#4571,.F.);
#4571 = EDGE_CURVE('',#4525,#4456,#4572,.T.);
#4572 = SURFACE_CURVE('',#4573,(#4577,#4597),.PCURVE_S1.);
#4573 = ( BOUNDED_CURVE() B_SPLINE_CURVE(2,(#4574,#4575,#4576),
.UNSPECIFIED.,.F.,.F.) B_SPLINE_CURVE_WITH_KNOTS((3,3),(0.,
1.570796326795),.PIECEWISE_BEZIER_KNOTS.) CURVE() 
GEOMETRIC_REPRESENTATION_ITEM() RATIONAL_B_SPLINE_CURVE((1.,
0.707106781187,1.)) REPRESENTATION_ITEM('') );
#4574 = CARTESIAN_POINT('',(90.,64.,-2.));
#4575 = CARTESIAN_POINT('',(94.,64.,-2.));
#4576 = CARTESIAN_POINT('',(94.,60.,-2.));
#4577 = PCURVE('',#2215,#4578);
#4578 = DEFINITIONAL_REPRESENTATION('',(#4579),#4596);
#4579 = B_SPLINE_CURVE_WITH_KNOTS('',8,(#4580,#4581,#4582,#4583,#4584,
    #4585,#4586,#4587,#4588,#4589,#4590,#4591,#4592,#4593,#4594,#4595),
  .UNSPECIFIED.,.F.,.F.,(9,7,9),(0.,0.785398163397,1.570796326795),
  .UNSPECIFIED.);
#4580 = CARTESIAN_POINT('',(-7.105427357599E-15,1.570796326795));
#4581 = CARTESIAN_POINT('',(8.838834873612E-02,1.570796326733));
#4582 = CARTESIAN_POINT('',(0.180475020465,1.570796327401));
#4583 = CARTESIAN_POINT('',(0.276004557802,1.570796452828));
#4584 = CARTESIAN_POINT('',(0.374568536903,1.570796617388));
#4585 = CARTESIAN_POINT('',(0.475584042087,1.570796459413));
#4586 = CARTESIAN_POINT('',(0.578291415249,1.570796294731));
#4587 = CARTESIAN_POINT('',(0.681844789869,1.570796209624));
#4588 = CARTESIAN_POINT('',(0.888951536938,1.570796209625));
#4589 = CARTESIAN_POINT('',(0.992504911489,1.570796294733));
#4590 = CARTESIAN_POINT('',(1.095212284777,1.570796459405));
#4591 = CARTESIAN_POINT('',(1.196227789304,1.570796617457));
#4592 = CARTESIAN_POINT('',(1.294791769067,1.570796452785));
#4593 = CARTESIAN_POINT('',(1.390321306272,1.570796327434));
#4594 = CARTESIAN_POINT('',(1.482407978071,1.570796326737));
#4595 = CARTESIAN_POINT('',(1.570796326795,1.570796326795));
#4596 = ( GEOMETRIC_REPRESENTATION_CONTEXT(2) 
PARAMETRIC_REPRESENTATION_CONTEXT() REPRESENTATION_CONTEXT('2D SPACE',''
  ) );
#4597 = PCURVE('',#4152,#4598);
#4598 = DEFINITIONAL_REPRESENTATION('',(#4599),#4603);
#4599 = ( BOUNDED_CURVE() B_SPLINE_CURVE(2,(#4600,#4601,#4602),
.UNSPECIFIED.,.F.,.F.) B_SPLINE_CURVE_WITH_KNOTS((3,3),(0.,
1.570796326795),.PIECEWISE_BEZIER_KNOTS.) CURVE() 
GEOMETRIC_REPRESENTATION_ITEM() RATIONAL_B_SPLINE_CURVE((1.,
0.707106781187,1.)) REPRESENTATION_ITEM('') );
#4600 = CARTESIAN_POINT('',(90.,64.));
#4601 = CARTESIAN_POINT('',(94.,64.));
#4602 = CARTESIAN_POINT('',(94.,60.));
#4603 = ( GEOMETRIC_REPRESENTATION_CONTEXT(2) 
PARAMETRIC_REPRESENTATION_CONTEXT() REPRESENTATION_CONTEXT('2D SPACE',''
  ) );
#4604 = ADVANCED_FACE('',(#4605),#2332,.F.);
#4605 = FACE_BOUND('',#4606,.F.);
#4606 = EDGE_LOOP('',(#4607,#4652,#4671,#4672));
#4607 = ORIENTED_EDGE('',*,*,#4608,.T.);
#4608 = EDGE_CURVE('',#2298,#4609,#4611,.T.);
#4609 = VERTEX_POINT('',#4610);
#4610 = CARTESIAN_POINT('',(10.,64.,-2.));
#4611 = SURFACE_CURVE('',#4612,(#4622,#4638),.PCURVE_S1.);
#4612 = B_SPLINE_CURVE_WITH_KNOTS('',8,(#4613,#4614,#4615,#4616,#4617,
    #4618,#4619,#4620,#4621),.UNSPECIFIED.,.F.,.F.,(9,9),(0.,
    1.570796326795),.PIECEWISE_BEZIER_KNOTS.);
#4613 = CARTESIAN_POINT('',(10.,72.,6.));
#4614 = CARTESIAN_POINT('',(10.,72.,4.429203673205));
#4615 = CARTESIAN_POINT('',(10.,71.64751368831,2.858406851966));
#4616 = CARTESIAN_POINT('',(10.,70.942544526972,1.379894125319));
#4617 = CARTESIAN_POINT('',(10.,69.914070046238,8.592995376087E-02));
#4618 = CARTESIAN_POINT('',(10.,68.620105874682,-0.942544526971));
#4619 = CARTESIAN_POINT('',(10.,67.141593148033,-1.64751368831));
#4620 = CARTESIAN_POINT('',(10.,65.570796326795,-2.));
#4621 = CARTESIAN_POINT('',(10.,64.,-2.));
#4622 = PCURVE('',#2332,#4623);
#4623 = DEFINITIONAL_REPRESENTATION('',(#4624),#4637);
#4624 = B_SPLINE_CURVE_WITH_KNOTS('',6,(#4625,#4626,#4627,#4628,#4629,
    #4630,#4631,#4632,#4633,#4634,#4635,#4636),.UNSPECIFIED.,.F.,.F.,(7,
    5,7),(0.,0.785398163397,1.570796326795),.UNSPECIFIED.);
#4625 = CARTESIAN_POINT('',(-2.466295466829E-16,-1.7763568394E-15));
#4626 = CARTESIAN_POINT('',(0.145392652579,-1.077328667239E-14));
#4627 = CARTESIAN_POINT('',(0.281328410979,2.087669890407E-14));
#4628 = CARTESIAN_POINT('',(0.411187802302,-5.517160737311E-14));
#4629 = CARTESIAN_POINT('',(0.537194906024,4.685681753572E-14));
#4630 = CARTESIAN_POINT('',(0.661297781031,-3.779255044537E-14));
#4631 = CARTESIAN_POINT('',(0.909498545763,-6.481189221248E-14));
#4632 = CARTESIAN_POINT('',(1.033601420772,1.103853888617E-13));
#4633 = CARTESIAN_POINT('',(1.159608524491,-8.318254158949E-14));
#4634 = CARTESIAN_POINT('',(1.289467915817,-4.517873929044E-15));
#4635 = CARTESIAN_POINT('',(1.425403674216,9.75958689622E-15));
#4636 = CARTESIAN_POINT('',(1.570796326795,0.));
#4637 = ( GEOMETRIC_REPRESENTATION_CONTEXT(2) 
PARAMETRIC_REPRESENTATION_CONTEXT() REPRESENTATION_CONTEXT('2D SPACE',''
  ) );
#4638 = PCURVE('',#2381,#4639);
#4639 = DEFINITIONAL_REPRESENTATION('',(#4640),#4651);
#4640 = B_SPLINE_CURVE_WITH_KNOTS('',5,(#4641,#4642,#4643,#4644,#4645,
    #4646,#4647,#4648,#4649,#4650),.UNSPECIFIED.,.F.,.F.,(6,4,6),(0.,
    0.785398163397,1.570796326795),.UNSPECIFIED.);
#4641 = CARTESIAN_POINT('',(1.570796326795,-1.185028921349E-28));
#4642 = CARTESIAN_POINT('',(1.570796326795,0.157079696735));
#4643 = CARTESIAN_POINT('',(1.570796326795,0.314158856355));
#4644 = CARTESIAN_POINT('',(1.570796326795,0.471238943546));
#4645 = CARTESIAN_POINT('',(1.570796326795,0.628318572325));
#4646 = CARTESIAN_POINT('',(1.570796326795,0.94247775447));
#4647 = CARTESIAN_POINT('',(1.570796326795,1.099557383249));
#4648 = CARTESIAN_POINT('',(1.570796326795,1.25663747044));
#4649 = CARTESIAN_POINT('',(1.570796326795,1.41371663006));
#4650 = CARTESIAN_POINT('',(1.570796326795,1.570796326795));
#4651 = ( GEOMETRIC_REPRESENTATION_CONTEXT(2) 
PARAMETRIC_REPRESENTATION_CONTEXT() REPRESENTATION_CONTEXT('2D SPACE',''
  ) );
#4652 = ORIENTED_EDGE('',*,*,#4653,.T.);
#4653 = EDGE_CURVE('',#4609,#4525,#4654,.T.);
#4654 = SURFACE_CURVE('',#4655,(#4658,#4665),.PCURVE_S1.);
#4655 = B_SPLINE_CURVE_WITH_KNOTS('',1,(#4656,#4657),.UNSPECIFIED.,.F.,
  .F.,(2,2),(0.,80.),.PIECEWISE_BEZIER_KNOTS.);
#4656 = CARTESIAN_POINT('',(10.,64.,-2.));
#4657 = CARTESIAN_POINT('',(90.,64.,-2.));
#4658 = PCURVE('',#2332,#4659);
#4659 = DEFINITIONAL_REPRESENTATION('',(#4660),#4664);
#4660 = B_SPLINE_CURVE_WITH_KNOTS('',2,(#4661,#4662,#4663),
  .UNSPECIFIED.,.F.,.F.,(3,3),(1.7763568394E-15,80.),
  .PIECEWISE_BEZIER_KNOTS.);
#4661 = CARTESIAN_POINT('',(1.570796326795,-8.881784197001E-15));
#4662 = CARTESIAN_POINT('',(1.570796326795,40.));
#4663 = CARTESIAN_POINT('',(1.570796326795,80.));
#4664 = ( GEOMETRIC_REPRESENTATION_CONTEXT(2) 
PARAMETRIC_REPRESENTATION_CONTEXT() REPRESENTATION_CONTEXT('2D SPACE',''
  ) );
#4665 = PCURVE('',#4152,#4666);
#4666 = DEFINITIONAL_REPRESENTATION('',(#4667),#4670);
#4667 = B_SPLINE_CURVE_WITH_KNOTS('',1,(#4668,#4669),.UNSPECIFIED.,.F.,
  .F.,(2,2),(0.,80.),.PIECEWISE_BEZIER_KNOTS.);
#4668 = CARTESIAN_POINT('',(10.,64.));
#4669 = CARTESIAN_POINT('',(90.,64.));
#4670 = ( GEOMETRIC_REPRESENTATION_CONTEXT(2) 
PARAMETRIC_REPRESENTATION_CONTEXT() REPRESENTATION_CONTEXT('2D SPACE',''
  ) );
#4671 = ORIENTED_EDGE('',*,*,#4524,.F.);
#4672 = ORIENTED_EDGE('',*,*,#2320,.F.);
#4673 = ADVANCED_FACE('',(#4674),#2381,.T.);
#4674 = FACE_BOUND('',#4675,.T.);
#4675 = EDGE_LOOP('',(#4676,#4677,#4678,#4679));
#4676 = ORIENTED_EDGE('',*,*,#4163,.F.);
#4677 = ORIENTED_EDGE('',*,*,#2352,.T.);
#4678 = ORIENTED_EDGE('',*,*,#4608,.T.);
#4679 = ORIENTED_EDGE('',*,*,#4680,.F.);
#4680 = EDGE_CURVE('',#4138,#4609,#4681,.T.);
#4681 = SURFACE_CURVE('',#4682,(#4686,#4706),.PCURVE_S1.);
#4682 = ( BOUNDED_CURVE() B_SPLINE_CURVE(2,(#4683,#4684,#4685),
.UNSPECIFIED.,.F.,.F.) B_SPLINE_CURVE_WITH_KNOTS((3,3),(0.,
1.570796326795),.PIECEWISE_BEZIER_KNOTS.) CURVE() 
GEOMETRIC_REPRESENTATION_ITEM() RATIONAL_B_SPLINE_CURVE((1.,
0.707106781187,1.)) REPRESENTATION_ITEM('') );
#4683 = CARTESIAN_POINT('',(6.,60.,-2.));
#4684 = CARTESIAN_POINT('',(6.,64.,-2.));
#4685 = CARTESIAN_POINT('',(10.,64.,-2.));
#4686 = PCURVE('',#2381,#4687);
#4687 = DEFINITIONAL_REPRESENTATION('',(#4688),#4705);
#4688 = B_SPLINE_CURVE_WITH_KNOTS('',8,(#4689,#4690,#4691,#4692,#4693,
    #4694,#4695,#4696,#4697,#4698,#4699,#4700,#4701,#4702,#4703,#4704),
  .UNSPECIFIED.,.F.,.F.,(9,7,9),(0.,0.785398163397,1.570796326795),
  .UNSPECIFIED.);
#4689 = CARTESIAN_POINT('',(5.329070518199E-15,1.570796326795));
#4690 = CARTESIAN_POINT('',(8.838834874148E-02,1.570796326744));
#4691 = CARTESIAN_POINT('',(0.180475020443,1.570796327344));
#4692 = CARTESIAN_POINT('',(0.276004557876,1.570796452914));
#4693 = CARTESIAN_POINT('',(0.374568536792,1.570796617271));
#4694 = CARTESIAN_POINT('',(0.475584042163,1.570796459509));
#4695 = CARTESIAN_POINT('',(0.578291415208,1.570796294658));
#4696 = CARTESIAN_POINT('',(0.681844789874,1.570796209628));
#4697 = CARTESIAN_POINT('',(0.888951536943,1.570796209627));
#4698 = CARTESIAN_POINT('',(0.992504911482,1.570796294772));
#4699 = CARTESIAN_POINT('',(1.095212284796,1.570796459441));
#4700 = CARTESIAN_POINT('',(1.196227789354,1.57079661745));
#4701 = CARTESIAN_POINT('',(1.294791769086,1.570796452768));
#4702 = CARTESIAN_POINT('',(1.390321306233,1.570796327434));
#4703 = CARTESIAN_POINT('',(1.482407978077,1.57079632674));
#4704 = CARTESIAN_POINT('',(1.570796326795,1.570796326795));
#4705 = ( GEOMETRIC_REPRESENTATION_CONTEXT(2) 
PARAMETRIC_REPRESENTATION_CONTEXT() REPRESENTATION_CONTEXT('2D SPACE',''
  ) );
#4706 = PCURVE('',#4152,#4707);
#4707 = DEFINITIONAL_REPRESENTATION('',(#4708),#4712);
#4708 = ( BOUNDED_CURVE() B_SPLINE_CURVE(2,(#4709,#4710,#4711),
.UNSPECIFIED.,.F.,.F.) B_SPLINE_CURVE_WITH_KNOTS((3,3),(0.,
1.570796326795),.PIECEWISE_BEZIER_KNOTS.) CURVE() 
GEOMETRIC_REPRESENTATION_ITEM() RATIONAL_B_SPLINE_CURVE((1.,
0.707106781187,1.)) REPRESENTATION_ITEM('') );
#4709 = CARTESIAN_POINT('',(6.,60.));
#4710 = CARTESIAN_POINT('',(6.,64.));
#4711 = CARTESIAN_POINT('',(10.,64.));
#4712 = ( GEOMETRIC_REPRESENTATION_CONTEXT(2) 
PARAMETRIC_REPRESENTATION_CONTEXT() REPRESENTATION_CONTEXT('2D SPACE',''
  ) );
#4713 = ADVANCED_FACE('',(#4714),#2479,.T.);
#4714 = FACE_BOUND('',#4715,.T.);
#4715 = EDGE_LOOP('',(#4716,#4717,#4740,#4766));
#4716 = ORIENTED_EDGE('',*,*,#2463,.F.);
#4717 = ORIENTED_EDGE('',*,*,#4718,.F.);
#4718 = EDGE_CURVE('',#4719,#2464,#4721,.T.);
#4719 = VERTEX_POINT('',#4720);
#4720 = CARTESIAN_POINT('',(69.,64.,2.));
#4721 = SURFACE_CURVE('',#4722,(#4726,#4733),.PCURVE_S1.);
#4722 = ( BOUNDED_CURVE() B_SPLINE_CURVE(2,(#4723,#4724,#4725),
.UNSPECIFIED.,.F.,.F.) B_SPLINE_CURVE_WITH_KNOTS((3,3),(
3.552713678801E-15,1.570796326795),.PIECEWISE_BEZIER_KNOTS.) CURVE() 
GEOMETRIC_REPRESENTATION_ITEM() RATIONAL_B_SPLINE_CURVE((1.,
0.707106781187,1.)) REPRESENTATION_ITEM('') );
#4723 = CARTESIAN_POINT('',(69.,64.,2.));
#4724 = CARTESIAN_POINT('',(69.,68.,2.));
#4725 = CARTESIAN_POINT('',(69.,68.,6.));
#4726 = PCURVE('',#2479,#4727);
#4727 = DEFINITIONAL_REPRESENTATION('',(#4728),#4732);
#4728 = B_SPLINE_CURVE_WITH_KNOTS('',2,(#4729,#4730,#4731),
  .UNSPECIFIED.,.F.,.F.,(3,3),(3.552713678801E-15,1.570796326795),
  .PIECEWISE_BEZIER_KNOTS.);
#4729 = CARTESIAN_POINT('',(1.570796326795,59.));
#4730 = CARTESIAN_POINT('',(0.785398163397,59.));
#4731 = CARTESIAN_POINT('',(-1.973036373463E-15,59.));
#4732 = ( GEOMETRIC_REPRESENTATION_CONTEXT(2) 
PARAMETRIC_REPRESENTATION_CONTEXT() REPRESENTATION_CONTEXT('2D SPACE',''
  ) );
#4733 = PCURVE('',#2551,#4734);
#4734 = DEFINITIONAL_REPRESENTATION('',(#4735),#4739);
#4735 = B_SPLINE_CURVE_WITH_KNOTS('',2,(#4736,#4737,#4738),
  .UNSPECIFIED.,.F.,.F.,(3,3),(3.552713678801E-15,1.570796326795),
  .PIECEWISE_BEZIER_KNOTS.);
#4736 = CARTESIAN_POINT('',(-3.933590681256E-16,7.892145493852E-15));
#4737 = CARTESIAN_POINT('',(0.785398163397,-5.11144169985E-15));
#4738 = CARTESIAN_POINT('',(1.570796326795,-1.045524216606E-30));
#4739 = ( GEOMETRIC_REPRESENTATION_CONTEXT(2) 
PARAMETRIC_REPRESENTATION_CONTEXT() REPRESENTATION_CONTEXT('2D SPACE',''
  ) );
#4740 = ORIENTED_EDGE('',*,*,#4741,.T.);
#4741 = EDGE_CURVE('',#4719,#4742,#4744,.T.);
#4742 = VERTEX_POINT('',#4743);
#4743 = CARTESIAN_POINT('',(90.,64.,2.));
#4744 = SURFACE_CURVE('',#4745,(#4748,#4755),.PCURVE_S1.);
#4745 = B_SPLINE_CURVE_WITH_KNOTS('',1,(#4746,#4747),.UNSPECIFIED.,.F.,
  .F.,(2,2),(59.,80.),.PIECEWISE_BEZIER_KNOTS.);
#4746 = CARTESIAN_POINT('',(69.,64.,2.));
#4747 = CARTESIAN_POINT('',(90.,64.,2.));
#4748 = PCURVE('',#2479,#4749);
#4749 = DEFINITIONAL_REPRESENTATION('',(#4750),#4754);
#4750 = B_SPLINE_CURVE_WITH_KNOTS('',2,(#4751,#4752,#4753),
  .UNSPECIFIED.,.F.,.F.,(3,3),(59.,80.),.PIECEWISE_BEZIER_KNOTS.);
#4751 = CARTESIAN_POINT('',(1.570796326795,59.));
#4752 = CARTESIAN_POINT('',(1.570796326795,69.5));
#4753 = CARTESIAN_POINT('',(1.570796326795,80.));
#4754 = ( GEOMETRIC_REPRESENTATION_CONTEXT(2) 
PARAMETRIC_REPRESENTATION_CONTEXT() REPRESENTATION_CONTEXT('2D SPACE',''
  ) );
#4755 = PCURVE('',#4756,#4761);
#4756 = B_SPLINE_SURFACE_WITH_KNOTS('',1,1,(
    (#4757,#4758)
    ,(#4759,#4760
    )),.UNSPECIFIED.,.F.,.F.,.F.,(2,2),(2,2),(69.,94.),(6.,64.),
  .PIECEWISE_BEZIER_KNOTS.);
#4757 = CARTESIAN_POINT('',(69.,6.,2.));
#4758 = CARTESIAN_POINT('',(69.,64.,2.));
#4759 = CARTESIAN_POINT('',(94.,6.,2.));
#4760 = CARTESIAN_POINT('',(94.,64.,2.));
#4761 = DEFINITIONAL_REPRESENTATION('',(#4762),#4765);
#4762 = B_SPLINE_CURVE_WITH_KNOTS('',1,(#4763,#4764),.UNSPECIFIED.,.F.,
  .F.,(2,2),(59.,80.),.PIECEWISE_BEZIER_KNOTS.);
#4763 = CARTESIAN_POINT('',(69.,64.));
#4764 = CARTESIAN_POINT('',(90.,64.));
#4765 = ( GEOMETRIC_REPRESENTATION_CONTEXT(2) 
PARAMETRIC_REPRESENTATION_CONTEXT() REPRESENTATION_CONTEXT('2D SPACE',''
  ) );
#4766 = ORIENTED_EDGE('',*,*,#4767,.F.);
#4767 = EDGE_CURVE('',#2466,#4742,#4768,.T.);
#4768 = SURFACE_CURVE('',#4769,(#4779,#4795),.PCURVE_S1.);
#4769 = B_SPLINE_CURVE_WITH_KNOTS('',8,(#4770,#4771,#4772,#4773,#4774,
    #4775,#4776,#4777,#4778),.UNSPECIFIED.,.F.,.F.,(9,9),(0.,
    1.570796326795),.PIECEWISE_BEZIER_KNOTS.);
#4770 = CARTESIAN_POINT('',(90.,68.,6.));
#4771 = CARTESIAN_POINT('',(90.,68.,5.214601836603));
#4772 = CARTESIAN_POINT('',(89.999999999999,67.823756844155,
    4.429203425983));
#4773 = CARTESIAN_POINT('',(90.000000000001,67.471272263487,
    3.68994706266));
#4774 = CARTESIAN_POINT('',(89.999999999998,66.957035023118,
    3.04296497688));
#4775 = CARTESIAN_POINT('',(90.000000000001,66.310052937341,
    2.528727736514));
#4776 = CARTESIAN_POINT('',(89.999999999999,65.570796574016,
    2.176243155845));
#4777 = CARTESIAN_POINT('',(90.,64.785398163398,2.));
#4778 = CARTESIAN_POINT('',(90.,64.,2.));
#4779 = PCURVE('',#2479,#4780);
#4780 = DEFINITIONAL_REPRESENTATION('',(#4781),#4794);
#4781 = B_SPLINE_CURVE_WITH_KNOTS('',6,(#4782,#4783,#4784,#4785,#4786,
    #4787,#4788,#4789,#4790,#4791,#4792,#4793),.UNSPECIFIED.,.F.,.F.,(7,
    5,7),(0.,0.785398163397,1.570796326795),.UNSPECIFIED.);
#4782 = CARTESIAN_POINT('',(0.,80.));
#4783 = CARTESIAN_POINT('',(0.145392652579,79.999999999957));
#4784 = CARTESIAN_POINT('',(0.281328410979,80.000000000248));
#4785 = CARTESIAN_POINT('',(0.411187802303,79.999999999679));
#4786 = CARTESIAN_POINT('',(0.537194906024,80.000000000214));
#4787 = CARTESIAN_POINT('',(0.661297781031,79.999999999956));
#4788 = CARTESIAN_POINT('',(0.909498545764,80.000000000009));
#4789 = CARTESIAN_POINT('',(1.033601420772,79.999999999923));
#4790 = CARTESIAN_POINT('',(1.159608524492,80.000000000082));
#4791 = CARTESIAN_POINT('',(1.289467915818,79.999999999942));
#4792 = CARTESIAN_POINT('',(1.425403674216,80.000000000011));
#4793 = CARTESIAN_POINT('',(1.570796326795,80.));
#4794 = ( GEOMETRIC_REPRESENTATION_CONTEXT(2) 
PARAMETRIC_REPRESENTATION_CONTEXT() REPRESENTATION_CONTEXT('2D SPACE',''
  ) );
#4795 = PCURVE('',#2644,#4796);
#4796 = DEFINITIONAL_REPRESENTATION('',(#4797),#4808);
#4797 = B_SPLINE_CURVE_WITH_KNOTS('',5,(#4798,#4799,#4800,#4801,#4802,
    #4803,#4804,#4805,#4806,#4807),.UNSPECIFIED.,.F.,.F.,(6,4,6),(0.,
    0.785398163397,1.570796326795),.UNSPECIFIED.);
#4798 = CARTESIAN_POINT('',(-7.105427357601E-15,-2.220446049258E-16));
#4799 = CARTESIAN_POINT('',(-1.215533555988E-14,0.157079696735));
#4800 = CARTESIAN_POINT('',(2.994444954897E-14,0.314158856355));
#4801 = CARTESIAN_POINT('',(-1.655704704419E-14,0.471238943546));
#4802 = CARTESIAN_POINT('',(-9.700985829772E-15,0.628318572325));
#4803 = CARTESIAN_POINT('',(-1.179509711971E-14,0.94247775447));
#4804 = CARTESIAN_POINT('',(5.436449965E-14,1.099557383249));
#4805 = CARTESIAN_POINT('',(-1.061145936538E-13,1.25663747044));
#4806 = CARTESIAN_POINT('',(6.757732471899E-14,1.41371663006));
#4807 = CARTESIAN_POINT('',(-1.214885531212E-27,1.570796326795));
#4808 = ( GEOMETRIC_REPRESENTATION_CONTEXT(2) 
PARAMETRIC_REPRESENTATION_CONTEXT() REPRESENTATION_CONTEXT('2D SPACE',''
  ) );
#4809 = ADVANCED_FACE('',(#4810),#2551,.T.);
#4810 = FACE_BOUND('',#4811,.T.);
#4811 = EDGE_LOOP('',(#4812,#4833,#4834,#4835));
#4812 = ORIENTED_EDGE('',*,*,#4813,.F.);
#4813 = EDGE_CURVE('',#4719,#2782,#4814,.T.);
#4814 = SURFACE_CURVE('',#4815,(#4819,#4826),.PCURVE_S1.);
#4815 = ( BOUNDED_CURVE() B_SPLINE_CURVE(2,(#4816,#4817,#4818),
.UNSPECIFIED.,.F.,.F.) B_SPLINE_CURVE_WITH_KNOTS((3,3),(0.,
1.570796326795),.PIECEWISE_BEZIER_KNOTS.) CURVE() 
GEOMETRIC_REPRESENTATION_ITEM() RATIONAL_B_SPLINE_CURVE((1.,
0.707106781187,1.)) REPRESENTATION_ITEM('') );
#4816 = CARTESIAN_POINT('',(69.,64.,2.));
#4817 = CARTESIAN_POINT('',(67.,64.,2.));
#4818 = CARTESIAN_POINT('',(67.,64.,4.));
#4819 = PCURVE('',#2551,#4820);
#4820 = DEFINITIONAL_REPRESENTATION('',(#4821),#4825);
#4821 = B_SPLINE_CURVE_WITH_KNOTS('',2,(#4822,#4823,#4824),
  .UNSPECIFIED.,.F.,.F.,(3,3),(0.,1.570796326795),
  .PIECEWISE_BEZIER_KNOTS.);
#4822 = CARTESIAN_POINT('',(-3.933590681256E-16,7.892145493852E-15));
#4823 = CARTESIAN_POINT('',(4.994599541277E-15,0.785398163397));
#4824 = CARTESIAN_POINT('',(3.5527136788E-15,1.570796326795));
#4825 = ( GEOMETRIC_REPRESENTATION_CONTEXT(2) 
PARAMETRIC_REPRESENTATION_CONTEXT() REPRESENTATION_CONTEXT('2D SPACE',''
  ) );
#4826 = PCURVE('',#2795,#4827);
#4827 = DEFINITIONAL_REPRESENTATION('',(#4828),#4832);
#4828 = B_SPLINE_CURVE_WITH_KNOTS('',2,(#4829,#4830,#4831),
  .UNSPECIFIED.,.F.,.F.,(3,3),(0.,1.570796326795),
  .PIECEWISE_BEZIER_KNOTS.);
#4829 = CARTESIAN_POINT('',(0.,58.));
#4830 = CARTESIAN_POINT('',(0.785398163397,58.));
#4831 = CARTESIAN_POINT('',(1.570796326795,58.));
#4832 = ( GEOMETRIC_REPRESENTATION_CONTEXT(2) 
PARAMETRIC_REPRESENTATION_CONTEXT() REPRESENTATION_CONTEXT('2D SPACE',''
  ) );
#4833 = ORIENTED_EDGE('',*,*,#4718,.T.);
#4834 = ORIENTED_EDGE('',*,*,#2535,.T.);
#4835 = ORIENTED_EDGE('',*,*,#2809,.F.);
#4836 = ADVANCED_FACE('',(#4837),#2644,.F.);
#4837 = FACE_BOUND('',#4838,.F.);
#4838 = EDGE_LOOP('',(#4839,#4840,#4841,#4886));
#4839 = ORIENTED_EDGE('',*,*,#4767,.F.);
#4840 = ORIENTED_EDGE('',*,*,#2615,.T.);
#4841 = ORIENTED_EDGE('',*,*,#4842,.T.);
#4842 = EDGE_CURVE('',#2595,#4843,#4845,.T.);
#4843 = VERTEX_POINT('',#4844);
#4844 = CARTESIAN_POINT('',(94.,60.,2.));
#4845 = SURFACE_CURVE('',#4846,(#4856,#4870),.PCURVE_S1.);
#4846 = B_SPLINE_CURVE_WITH_KNOTS('',8,(#4847,#4848,#4849,#4850,#4851,
    #4852,#4853,#4854,#4855),.UNSPECIFIED.,.F.,.F.,(9,9),(0.,
    1.570796326795),.PIECEWISE_BEZIER_KNOTS.);
#4847 = CARTESIAN_POINT('',(98.,60.,6.));
#4848 = CARTESIAN_POINT('',(98.,60.,5.214601836603));
#4849 = CARTESIAN_POINT('',(97.823756844154,60.,4.429203425983));
#4850 = CARTESIAN_POINT('',(97.471272263488,60.000000000001,
    3.68994706266));
#4851 = CARTESIAN_POINT('',(96.957035023117,59.999999999999,
    3.04296497688));
#4852 = CARTESIAN_POINT('',(96.310052937342,60.000000000001,
    2.528727736514));
#4853 = CARTESIAN_POINT('',(95.570796574016,60.,2.176243155845));
#4854 = CARTESIAN_POINT('',(94.785398163398,60.,2.));
#4855 = CARTESIAN_POINT('',(94.,60.,2.));
#4856 = PCURVE('',#2644,#4857);
#4857 = DEFINITIONAL_REPRESENTATION('',(#4858),#4869);
#4858 = B_SPLINE_CURVE_WITH_KNOTS('',5,(#4859,#4860,#4861,#4862,#4863,
    #4864,#4865,#4866,#4867,#4868),.UNSPECIFIED.,.F.,.F.,(6,4,6),(0.,
    0.785398163397,1.570796326795),.UNSPECIFIED.);
#4859 = CARTESIAN_POINT('',(1.570796326795,-2.220446049273E-16));
#4860 = CARTESIAN_POINT('',(1.570796326795,0.157079696735));
#4861 = CARTESIAN_POINT('',(1.570796326795,0.314158856355));
#4862 = CARTESIAN_POINT('',(1.570796326795,0.471238943546));
#4863 = CARTESIAN_POINT('',(1.570796326795,0.628318572325));
#4864 = CARTESIAN_POINT('',(1.570796326795,0.94247775447));
#4865 = CARTESIAN_POINT('',(1.570796326795,1.099557383249));
#4866 = CARTESIAN_POINT('',(1.570796326795,1.25663747044));
#4867 = CARTESIAN_POINT('',(1.570796326795,1.41371663006));
#4868 = CARTESIAN_POINT('',(1.570796326795,1.570796326795));
#4869 = ( GEOMETRIC_REPRESENTATION_CONTEXT(2) 
PARAMETRIC_REPRESENTATION_CONTEXT() REPRESENTATION_CONTEXT('2D SPACE',''
  ) );
#4870 = PCURVE('',#2867,#4871);
#4871 = DEFINITIONAL_REPRESENTATION('',(#4872),#4885);
#4872 = B_SPLINE_CURVE_WITH_KNOTS('',6,(#4873,#4874,#4875,#4876,#4877,
    #4878,#4879,#4880,#4881,#4882,#4883,#4884),.UNSPECIFIED.,.F.,.F.,(7,
    5,7),(0.,0.785398163397,1.570796326795),.UNSPECIFIED.);
#4873 = CARTESIAN_POINT('',(0.,0.));
#4874 = CARTESIAN_POINT('',(0.145392652579,-6.653079336721E-14));
#4875 = CARTESIAN_POINT('',(0.281328410979,7.997498127438E-14));
#4876 = CARTESIAN_POINT('',(0.411187802302,7.478154761665E-15));
#4877 = CARTESIAN_POINT('',(0.537194906025,-4.180621222306E-14));
#4878 = CARTESIAN_POINT('',(0.661297781031,3.897942877711E-14));
#4879 = CARTESIAN_POINT('',(0.909498545764,1.019080180633E-14));
#4880 = CARTESIAN_POINT('',(1.033601420769,-2.52273282043E-15));
#4881 = CARTESIAN_POINT('',(1.159608524493,-3.637623063554E-14));
#4882 = CARTESIAN_POINT('',(1.289467915815,1.124830596968E-13));
#4883 = CARTESIAN_POINT('',(1.425403674216,-1.034115356474E-13));
#4884 = CARTESIAN_POINT('',(1.570796326795,0.));
#4885 = ( GEOMETRIC_REPRESENTATION_CONTEXT(2) 
PARAMETRIC_REPRESENTATION_CONTEXT() REPRESENTATION_CONTEXT('2D SPACE',''
  ) );
#4886 = ORIENTED_EDGE('',*,*,#4887,.F.);
#4887 = EDGE_CURVE('',#4742,#4843,#4888,.T.);
#4888 = SURFACE_CURVE('',#4889,(#4893,#4911),.PCURVE_S1.);
#4889 = ( BOUNDED_CURVE() B_SPLINE_CURVE(2,(#4890,#4891,#4892),
.UNSPECIFIED.,.F.,.F.) B_SPLINE_CURVE_WITH_KNOTS((3,3),(0.,
1.570796326795),.PIECEWISE_BEZIER_KNOTS.) CURVE() 
GEOMETRIC_REPRESENTATION_ITEM() RATIONAL_B_SPLINE_CURVE((1.,
0.707106781187,1.)) REPRESENTATION_ITEM('') );
#4890 = CARTESIAN_POINT('',(90.,64.,2.));
#4891 = CARTESIAN_POINT('',(94.,64.,2.));
#4892 = CARTESIAN_POINT('',(94.,60.,2.));
#4893 = PCURVE('',#2644,#4894);
#4894 = DEFINITIONAL_REPRESENTATION('',(#4895),#4910);
#4895 = B_SPLINE_CURVE_WITH_KNOTS('',7,(#4896,#4897,#4898,#4899,#4900,
    #4901,#4902,#4903,#4904,#4905,#4906,#4907,#4908,#4909),
  .UNSPECIFIED.,.F.,.F.,(8,6,8),(0.,0.785398163397,1.570796326795),
  .UNSPECIFIED.);
#4896 = CARTESIAN_POINT('',(6.065609652143E-28,1.570796326795));
#4897 = CARTESIAN_POINT('',(0.10101519776,1.570796330619));
#4898 = CARTESIAN_POINT('',(0.206962028777,1.570796299864));
#4899 = CARTESIAN_POINT('',(0.317428880987,1.570796827863));
#4900 = CARTESIAN_POINT('',(0.43171017916,1.57079685429));
#4901 = CARTESIAN_POINT('',(0.548705156712,1.570796290859));
#4902 = CARTESIAN_POINT('',(0.667051392868,1.570796096385));
#4903 = CARTESIAN_POINT('',(0.903744933931,1.570796096387));
#4904 = CARTESIAN_POINT('',(1.022091170073,1.570796290852));
#4905 = CARTESIAN_POINT('',(1.139086147659,1.570796854282));
#4906 = CARTESIAN_POINT('',(1.253367445773,1.570796827846));
#4907 = CARTESIAN_POINT('',(1.363834298028,1.570796299874));
#4908 = CARTESIAN_POINT('',(1.469781129033,1.570796330618));
#4909 = CARTESIAN_POINT('',(1.570796326795,1.570796326795));
#4910 = ( GEOMETRIC_REPRESENTATION_CONTEXT(2) 
PARAMETRIC_REPRESENTATION_CONTEXT() REPRESENTATION_CONTEXT('2D SPACE',''
  ) );
#4911 = PCURVE('',#4756,#4912);
#4912 = DEFINITIONAL_REPRESENTATION('',(#4913),#4917);
#4913 = ( BOUNDED_CURVE() B_SPLINE_CURVE(2,(#4914,#4915,#4916),
.UNSPECIFIED.,.F.,.F.) B_SPLINE_CURVE_WITH_KNOTS((3,3),(0.,
1.570796326795),.PIECEWISE_BEZIER_KNOTS.) CURVE() 
GEOMETRIC_REPRESENTATION_ITEM() RATIONAL_B_SPLINE_CURVE((1.,
0.707106781187,1.)) REPRESENTATION_ITEM('') );
#4914 = CARTESIAN_POINT('',(90.,64.));
#4915 = CARTESIAN_POINT('',(94.,64.));
#4916 = CARTESIAN_POINT('',(94.,60.));
#4917 = ( GEOMETRIC_REPRESENTATION_CONTEXT(2) 
PARAMETRIC_REPRESENTATION_CONTEXT() REPRESENTATION_CONTEXT('2D SPACE',''
  ) );
#4918 = ADVANCED_FACE('',(#4919),#2764,.T.);
#4919 = FACE_BOUND('',#4920,.T.);
#4920 = EDGE_LOOP('',(#4921,#4922,#4945,#4966));
#4921 = ORIENTED_EDGE('',*,*,#2888,.F.);
#4922 = ORIENTED_EDGE('',*,*,#4923,.T.);
#4923 = EDGE_CURVE('',#2889,#4924,#4926,.T.);
#4924 = VERTEX_POINT('',#4925);
#4925 = CARTESIAN_POINT('',(69.,6.,2.));
#4926 = SURFACE_CURVE('',#4927,(#4931,#4938),.PCURVE_S1.);
#4927 = ( BOUNDED_CURVE() B_SPLINE_CURVE(2,(#4928,#4929,#4930),
.UNSPECIFIED.,.F.,.F.) B_SPLINE_CURVE_WITH_KNOTS((3,3),(0.,
1.570796326795),.PIECEWISE_BEZIER_KNOTS.) CURVE() 
GEOMETRIC_REPRESENTATION_ITEM() RATIONAL_B_SPLINE_CURVE((1.,
0.707106781187,1.)) REPRESENTATION_ITEM('') );
#4928 = CARTESIAN_POINT('',(69.,2.,6.));
#4929 = CARTESIAN_POINT('',(69.,2.,2.));
#4930 = CARTESIAN_POINT('',(69.,6.,2.));
#4931 = PCURVE('',#2764,#4932);
#4932 = DEFINITIONAL_REPRESENTATION('',(#4933),#4937);
#4933 = B_SPLINE_CURVE_WITH_KNOTS('',2,(#4934,#4935,#4936),
  .UNSPECIFIED.,.F.,.F.,(3,3),(0.,1.570796326795),
  .PIECEWISE_BEZIER_KNOTS.);
#4934 = CARTESIAN_POINT('',(0.,0.));
#4935 = CARTESIAN_POINT('',(0.785398163397,2.548581867712E-15));
#4936 = CARTESIAN_POINT('',(1.570796326795,0.));
#4937 = ( GEOMETRIC_REPRESENTATION_CONTEXT(2) 
PARAMETRIC_REPRESENTATION_CONTEXT() REPRESENTATION_CONTEXT('2D SPACE',''
  ) );
#4938 = PCURVE('',#3079,#4939);
#4939 = DEFINITIONAL_REPRESENTATION('',(#4940),#4944);
#4940 = B_SPLINE_CURVE_WITH_KNOTS('',2,(#4941,#4942,#4943),
  .UNSPECIFIED.,.F.,.F.,(3,3),(0.,1.570796326795),
  .PIECEWISE_BEZIER_KNOTS.);
#4941 = CARTESIAN_POINT('',(2.22044604925E-16,21.));
#4942 = CARTESIAN_POINT('',(0.785398163397,21.));
#4943 = CARTESIAN_POINT('',(1.570796326795,21.));
#4944 = ( GEOMETRIC_REPRESENTATION_CONTEXT(2) 
PARAMETRIC_REPRESENTATION_CONTEXT() REPRESENTATION_CONTEXT('2D SPACE',''
  ) );
#4945 = ORIENTED_EDGE('',*,*,#4946,.T.);
#4946 = EDGE_CURVE('',#4924,#2749,#4947,.T.);
#4947 = SURFACE_CURVE('',#4948,(#4952,#4959),.PCURVE_S1.);
#4948 = ( BOUNDED_CURVE() B_SPLINE_CURVE(2,(#4949,#4950,#4951),
.UNSPECIFIED.,.F.,.F.) B_SPLINE_CURVE_WITH_KNOTS((3,3),(0.,
1.570796326795),.PIECEWISE_BEZIER_KNOTS.) CURVE() 
GEOMETRIC_REPRESENTATION_ITEM() RATIONAL_B_SPLINE_CURVE((1.,
0.707106781187,1.)) REPRESENTATION_ITEM('') );
#4949 = CARTESIAN_POINT('',(69.,6.,2.));
#4950 = CARTESIAN_POINT('',(67.,6.,2.));
#4951 = CARTESIAN_POINT('',(67.,6.,4.));
#4952 = PCURVE('',#2764,#4953);
#4953 = DEFINITIONAL_REPRESENTATION('',(#4954),#4958);
#4954 = B_SPLINE_CURVE_WITH_KNOTS('',2,(#4955,#4956,#4957),
  .UNSPECIFIED.,.F.,.F.,(3,3),(0.,1.570796326795),
  .PIECEWISE_BEZIER_KNOTS.);
#4955 = CARTESIAN_POINT('',(1.570796326795,7.892145493852E-15));
#4956 = CARTESIAN_POINT('',(1.570796326795,0.785398163397));
#4957 = CARTESIAN_POINT('',(1.570796326795,1.570796326795));
#4958 = ( GEOMETRIC_REPRESENTATION_CONTEXT(2) 
PARAMETRIC_REPRESENTATION_CONTEXT() REPRESENTATION_CONTEXT('2D SPACE',''
  ) );
#4959 = PCURVE('',#2795,#4960);
#4960 = DEFINITIONAL_REPRESENTATION('',(#4961),#4965);
#4961 = B_SPLINE_CURVE_WITH_KNOTS('',2,(#4962,#4963,#4964),
  .UNSPECIFIED.,.F.,.F.,(3,3),(0.,1.570796326795),
  .PIECEWISE_BEZIER_KNOTS.);
#4962 = CARTESIAN_POINT('',(0.,8.881784197001E-16));
#4963 = CARTESIAN_POINT('',(0.785398163397,-1.348490762417E-14));
#4964 = CARTESIAN_POINT('',(1.570796326795,-3.5527136788E-15));
#4965 = ( GEOMETRIC_REPRESENTATION_CONTEXT(2) 
PARAMETRIC_REPRESENTATION_CONTEXT() REPRESENTATION_CONTEXT('2D SPACE',''
  ) );
#4966 = ORIENTED_EDGE('',*,*,#2748,.F.);
#4967 = ADVANCED_FACE('',(#4968),#2795,.F.);
#4968 = FACE_BOUND('',#4969,.F.);
#4969 = EDGE_LOOP('',(#4970,#4971,#4972,#4973));
#4970 = ORIENTED_EDGE('',*,*,#4946,.T.);
#4971 = ORIENTED_EDGE('',*,*,#2781,.T.);
#4972 = ORIENTED_EDGE('',*,*,#4813,.F.);
#4973 = ORIENTED_EDGE('',*,*,#4974,.F.);
#4974 = EDGE_CURVE('',#4924,#4719,#4975,.T.);
#4975 = SURFACE_CURVE('',#4976,(#4979,#4986),.PCURVE_S1.);
#4976 = B_SPLINE_CURVE_WITH_KNOTS('',1,(#4977,#4978),.UNSPECIFIED.,.F.,
  .F.,(2,2),(8.881784197001E-16,58.),.PIECEWISE_BEZIER_KNOTS.);
#4977 = CARTESIAN_POINT('',(69.,6.,2.));
#4978 = CARTESIAN_POINT('',(69.,64.,2.));
#4979 = PCURVE('',#2795,#4980);
#4980 = DEFINITIONAL_REPRESENTATION('',(#4981),#4985);
#4981 = B_SPLINE_CURVE_WITH_KNOTS('',2,(#4982,#4983,#4984),
  .UNSPECIFIED.,.F.,.F.,(3,3),(1.7763568394E-15,58.),
  .PIECEWISE_BEZIER_KNOTS.);
#4982 = CARTESIAN_POINT('',(0.,1.7763568394E-15));
#4983 = CARTESIAN_POINT('',(0.,29.));
#4984 = CARTESIAN_POINT('',(0.,58.));
#4985 = ( GEOMETRIC_REPRESENTATION_CONTEXT(2) 
PARAMETRIC_REPRESENTATION_CONTEXT() REPRESENTATION_CONTEXT('2D SPACE',''
  ) );
#4986 = PCURVE('',#4756,#4987);
#4987 = DEFINITIONAL_REPRESENTATION('',(#4988),#4991);
#4988 = B_SPLINE_CURVE_WITH_KNOTS('',1,(#4989,#4990),.UNSPECIFIED.,.F.,
  .F.,(2,2),(8.881784197001E-16,58.),.PIECEWISE_BEZIER_KNOTS.);
#4989 = CARTESIAN_POINT('',(69.,6.));
#4990 = CARTESIAN_POINT('',(69.,64.));
#4991 = ( GEOMETRIC_REPRESENTATION_CONTEXT(2) 
PARAMETRIC_REPRESENTATION_CONTEXT() REPRESENTATION_CONTEXT('2D SPACE',''
  ) );
#4992 = ADVANCED_FACE('',(#4993),#2867,.T.);
#4993 = FACE_BOUND('',#4994,.T.);
#4994 = EDGE_LOOP('',(#4995,#4996,#5017,#5060));
#4995 = ORIENTED_EDGE('',*,*,#4842,.T.);
#4996 = ORIENTED_EDGE('',*,*,#4997,.T.);
#4997 = EDGE_CURVE('',#4843,#4998,#5000,.T.);
#4998 = VERTEX_POINT('',#4999);
#4999 = CARTESIAN_POINT('',(94.,10.,2.));
#5000 = SURFACE_CURVE('',#5001,(#5004,#5011),.PCURVE_S1.);
#5001 = B_SPLINE_CURVE_WITH_KNOTS('',1,(#5002,#5003),.UNSPECIFIED.,.F.,
  .F.,(2,2),(0.,50.),.PIECEWISE_BEZIER_KNOTS.);
#5002 = CARTESIAN_POINT('',(94.,60.,2.));
#5003 = CARTESIAN_POINT('',(94.,10.,2.));
#5004 = PCURVE('',#2867,#5005);
#5005 = DEFINITIONAL_REPRESENTATION('',(#5006),#5010);
#5006 = B_SPLINE_CURVE_WITH_KNOTS('',2,(#5007,#5008,#5009),
  .UNSPECIFIED.,.F.,.F.,(3,3),(0.,50.),.PIECEWISE_BEZIER_KNOTS.);
#5007 = CARTESIAN_POINT('',(1.570796326795,7.105427357601E-15));
#5008 = CARTESIAN_POINT('',(1.570796326795,25.));
#5009 = CARTESIAN_POINT('',(1.570796326795,50.));
#5010 = ( GEOMETRIC_REPRESENTATION_CONTEXT(2) 
PARAMETRIC_REPRESENTATION_CONTEXT() REPRESENTATION_CONTEXT('2D SPACE',''
  ) );
#5011 = PCURVE('',#4756,#5012);
#5012 = DEFINITIONAL_REPRESENTATION('',(#5013),#5016);
#5013 = B_SPLINE_CURVE_WITH_KNOTS('',1,(#5014,#5015),.UNSPECIFIED.,.F.,
  .F.,(2,2),(0.,50.),.PIECEWISE_BEZIER_KNOTS.);
#5014 = CARTESIAN_POINT('',(94.,60.));
#5015 = CARTESIAN_POINT('',(94.,10.));
#5016 = ( GEOMETRIC_REPRESENTATION_CONTEXT(2) 
PARAMETRIC_REPRESENTATION_CONTEXT() REPRESENTATION_CONTEXT('2D SPACE',''
  ) );
#5017 = ORIENTED_EDGE('',*,*,#5018,.F.);
#5018 = EDGE_CURVE('',#2835,#4998,#5019,.T.);
#5019 = SURFACE_CURVE('',#5020,(#5030,#5046),.PCURVE_S1.);
#5020 = B_SPLINE_CURVE_WITH_KNOTS('',8,(#5021,#5022,#5023,#5024,#5025,
    #5026,#5027,#5028,#5029),.UNSPECIFIED.,.F.,.F.,(9,9),(0.,
    1.570796326795),.PIECEWISE_BEZIER_KNOTS.);
#5021 = CARTESIAN_POINT('',(98.,10.,6.));
#5022 = CARTESIAN_POINT('',(98.,10.,5.214601836603));
#5023 = CARTESIAN_POINT('',(97.823756844154,10.,4.429203425983));
#5024 = CARTESIAN_POINT('',(97.471272263488,10.,3.68994706266));
#5025 = CARTESIAN_POINT('',(96.957035023117,10.,3.04296497688));
#5026 = CARTESIAN_POINT('',(96.310052937342,10.,2.528727736514));
#5027 = CARTESIAN_POINT('',(95.570796574016,10.,2.176243155845));
#5028 = CARTESIAN_POINT('',(94.785398163398,10.,2.));
#5029 = CARTESIAN_POINT('',(94.,10.,2.));
#5030 = PCURVE('',#2867,#5031);
#5031 = DEFINITIONAL_REPRESENTATION('',(#5032),#5045);
#5032 = B_SPLINE_CURVE_WITH_KNOTS('',6,(#5033,#5034,#5035,#5036,#5037,
    #5038,#5039,#5040,#5041,#5042,#5043,#5044),.UNSPECIFIED.,.F.,.F.,(7,
    5,7),(0.,0.785398163397,1.570796326795),.UNSPECIFIED.);
#5033 = CARTESIAN_POINT('',(0.,50.));
#5034 = CARTESIAN_POINT('',(0.145392652579,49.999999999986));
#5035 = CARTESIAN_POINT('',(0.281328410979,50.000000000091));
#5036 = CARTESIAN_POINT('',(0.411187802302,49.99999999985));
#5037 = CARTESIAN_POINT('',(0.537194906025,50.000000000087));
#5038 = CARTESIAN_POINT('',(0.661297781031,49.999999999986));
#5039 = CARTESIAN_POINT('',(0.909498545764,49.999999999993));
#5040 = CARTESIAN_POINT('',(1.033601420769,50.000000000092));
#5041 = CARTESIAN_POINT('',(1.159608524493,49.99999999988));
#5042 = CARTESIAN_POINT('',(1.289467915815,50.000000000089));
#5043 = CARTESIAN_POINT('',(1.425403674216,49.999999999986));
#5044 = CARTESIAN_POINT('',(1.570796326795,50.));
#5045 = ( GEOMETRIC_REPRESENTATION_CONTEXT(2) 
PARAMETRIC_REPRESENTATION_CONTEXT() REPRESENTATION_CONTEXT('2D SPACE',''
  ) );
#5046 = PCURVE('',#2985,#5047);
#5047 = DEFINITIONAL_REPRESENTATION('',(#5048),#5059);
#5048 = B_SPLINE_CURVE_WITH_KNOTS('',5,(#5049,#5050,#5051,#5052,#5053,
    #5054,#5055,#5056,#5057,#5058),.UNSPECIFIED.,.F.,.F.,(6,4,6),(0.,
    0.785398163397,1.570796326795),.UNSPECIFIED.);
#5049 = CARTESIAN_POINT('',(2.22044604925E-16,-2.22044604925E-16));
#5050 = CARTESIAN_POINT('',(2.499919725626E-16,0.157079696735));
#5051 = CARTESIAN_POINT('',(-3.06116804014E-15,0.314158856355));
#5052 = CARTESIAN_POINT('',(2.08833252467E-15,0.471238943546));
#5053 = CARTESIAN_POINT('',(1.385497931269E-15,0.628318572325));
#5054 = CARTESIAN_POINT('',(1.788848365265E-15,0.94247775447));
#5055 = CARTESIAN_POINT('',(-9.105599664076E-15,1.099557383249));
#5056 = CARTESIAN_POINT('',(1.839778185881E-14,1.25663747044));
#5057 = CARTESIAN_POINT('',(-1.006876986792E-14,1.41371663006));
#5058 = CARTESIAN_POINT('',(8.881784197005E-16,1.570796326795));
#5059 = ( GEOMETRIC_REPRESENTATION_CONTEXT(2) 
PARAMETRIC_REPRESENTATION_CONTEXT() REPRESENTATION_CONTEXT('2D SPACE',''
  ) );
#5060 = ORIENTED_EDGE('',*,*,#2855,.F.);
#5061 = ADVANCED_FACE('',(#5062),#2985,.F.);
#5062 = FACE_BOUND('',#5063,.F.);
#5063 = EDGE_LOOP('',(#5064,#5065,#5066,#5111));
#5064 = ORIENTED_EDGE('',*,*,#5018,.F.);
#5065 = ORIENTED_EDGE('',*,*,#2956,.T.);
#5066 = ORIENTED_EDGE('',*,*,#5067,.T.);
#5067 = EDGE_CURVE('',#2934,#5068,#5070,.T.);
#5068 = VERTEX_POINT('',#5069);
#5069 = CARTESIAN_POINT('',(90.,6.,2.));
#5070 = SURFACE_CURVE('',#5071,(#5081,#5095),.PCURVE_S1.);
#5071 = B_SPLINE_CURVE_WITH_KNOTS('',8,(#5072,#5073,#5074,#5075,#5076,
    #5077,#5078,#5079,#5080),.UNSPECIFIED.,.F.,.F.,(9,9),(0.,
    1.570796326795),.PIECEWISE_BEZIER_KNOTS.);
#5072 = CARTESIAN_POINT('',(90.,2.,6.));
#5073 = CARTESIAN_POINT('',(90.,2.,5.214601836603));
#5074 = CARTESIAN_POINT('',(89.999999999999,2.176243155845,
    4.429203425983));
#5075 = CARTESIAN_POINT('',(90.000000000001,2.528727736514,3.68994706266
    ));
#5076 = CARTESIAN_POINT('',(89.999999999998,3.04296497688,3.04296497688)
  );
#5077 = CARTESIAN_POINT('',(90.000000000001,3.68994706266,2.528727736514
    ));
#5078 = CARTESIAN_POINT('',(89.999999999999,4.429203425983,
    2.176243155845));
#5079 = CARTESIAN_POINT('',(90.,5.214601836603,2.));
#5080 = CARTESIAN_POINT('',(90.,6.,2.));
#5081 = PCURVE('',#2985,#5082);
#5082 = DEFINITIONAL_REPRESENTATION('',(#5083),#5094);
#5083 = B_SPLINE_CURVE_WITH_KNOTS('',5,(#5084,#5085,#5086,#5087,#5088,
    #5089,#5090,#5091,#5092,#5093),.UNSPECIFIED.,.F.,.F.,(6,4,6),(0.,
    0.785398163397,1.570796326795),.UNSPECIFIED.);
#5084 = CARTESIAN_POINT('',(1.570796326795,4.4408920985E-16));
#5085 = CARTESIAN_POINT('',(1.570796326795,0.157079696735));
#5086 = CARTESIAN_POINT('',(1.570796326795,0.314158856355));
#5087 = CARTESIAN_POINT('',(1.570796326795,0.471238943546));
#5088 = CARTESIAN_POINT('',(1.570796326795,0.628318572325));
#5089 = CARTESIAN_POINT('',(1.570796326795,0.94247775447));
#5090 = CARTESIAN_POINT('',(1.570796326795,1.09955738325));
#5091 = CARTESIAN_POINT('',(1.570796326795,1.256637470439));
#5092 = CARTESIAN_POINT('',(1.570796326795,1.41371663006));
#5093 = CARTESIAN_POINT('',(1.570796326795,1.570796326795));
#5094 = ( GEOMETRIC_REPRESENTATION_CONTEXT(2) 
PARAMETRIC_REPRESENTATION_CONTEXT() REPRESENTATION_CONTEXT('2D SPACE',''
  ) );
#5095 = PCURVE('',#3079,#5096);
#5096 = DEFINITIONAL_REPRESENTATION('',(#5097),#5110);
#5097 = B_SPLINE_CURVE_WITH_KNOTS('',6,(#5098,#5099,#5100,#5101,#5102,
    #5103,#5104,#5105,#5106,#5107,#5108,#5109),.UNSPECIFIED.,.F.,.F.,(7,
    5,7),(0.,0.785398163397,1.570796326795),.UNSPECIFIED.);
#5098 = CARTESIAN_POINT('',(0.,0.));
#5099 = CARTESIAN_POINT('',(0.145392652579,3.913435293142E-14));
#5100 = CARTESIAN_POINT('',(0.281328410979,-9.195105833273E-14));
#5101 = CARTESIAN_POINT('',(0.411187802303,3.076580459908E-13));
#5102 = CARTESIAN_POINT('',(0.537194906024,-2.270708816725E-13));
#5103 = CARTESIAN_POINT('',(0.661297781031,1.052633848439E-13));
#5104 = CARTESIAN_POINT('',(0.909498545764,6.265111612811E-14));
#5105 = CARTESIAN_POINT('',(1.033601420771,-1.064325338361E-13));
#5106 = CARTESIAN_POINT('',(1.159608524492,8.942868006965E-14));
#5107 = CARTESIAN_POINT('',(1.289467915816,-1.490807996412E-14));
#5108 = CARTESIAN_POINT('',(1.425403674216,-3.403845225787E-14));
#5109 = CARTESIAN_POINT('',(1.570796326795,1.42108547152E-14));
#5110 = ( GEOMETRIC_REPRESENTATION_CONTEXT(2) 
PARAMETRIC_REPRESENTATION_CONTEXT() REPRESENTATION_CONTEXT('2D SPACE',''
  ) );
#5111 = ORIENTED_EDGE('',*,*,#5112,.F.);
#5112 = EDGE_CURVE('',#4998,#5068,#5113,.T.);
#5113 = SURFACE_CURVE('',#5114,(#5118,#5136),.PCURVE_S1.);
#5114 = ( BOUNDED_CURVE() B_SPLINE_CURVE(2,(#5115,#5116,#5117),
.UNSPECIFIED.,.F.,.F.) B_SPLINE_CURVE_WITH_KNOTS((3,3),(0.,
1.570796326795),.PIECEWISE_BEZIER_KNOTS.) CURVE() 
GEOMETRIC_REPRESENTATION_ITEM() RATIONAL_B_SPLINE_CURVE((1.,
0.707106781187,1.)) REPRESENTATION_ITEM('') );
#5115 = CARTESIAN_POINT('',(94.,10.,2.));
#5116 = CARTESIAN_POINT('',(94.,6.,2.));
#5117 = CARTESIAN_POINT('',(90.,6.,2.));
#5118 = PCURVE('',#2985,#5119);
#5119 = DEFINITIONAL_REPRESENTATION('',(#5120),#5135);
#5120 = B_SPLINE_CURVE_WITH_KNOTS('',7,(#5121,#5122,#5123,#5124,#5125,
    #5126,#5127,#5128,#5129,#5130,#5131,#5132,#5133,#5134),
  .UNSPECIFIED.,.F.,.F.,(8,6,8),(0.,0.785398163397,1.570796326795),
  .UNSPECIFIED.);
#5121 = CARTESIAN_POINT('',(1.33226762955E-15,1.570796326795));
#5122 = CARTESIAN_POINT('',(0.10101519776,1.570796330622));
#5123 = CARTESIAN_POINT('',(0.206962028779,1.570796299852));
#5124 = CARTESIAN_POINT('',(0.317428880982,1.570796827894));
#5125 = CARTESIAN_POINT('',(0.431710179166,1.570796854252));
#5126 = CARTESIAN_POINT('',(0.54870515671,1.570796290871));
#5127 = CARTESIAN_POINT('',(0.667051392868,1.570796096383));
#5128 = CARTESIAN_POINT('',(0.90374493393,1.57079609639));
#5129 = CARTESIAN_POINT('',(1.022091170076,1.570796290835));
#5130 = CARTESIAN_POINT('',(1.139086147639,1.57079685432));
#5131 = CARTESIAN_POINT('',(1.253367445808,1.570796827825));
#5132 = CARTESIAN_POINT('',(1.363834298016,1.570796299889));
#5133 = CARTESIAN_POINT('',(1.469781129036,1.570796330614));
#5134 = CARTESIAN_POINT('',(1.570796326795,1.570796326795));
#5135 = ( GEOMETRIC_REPRESENTATION_CONTEXT(2) 
PARAMETRIC_REPRESENTATION_CONTEXT() REPRESENTATION_CONTEXT('2D SPACE',''
  ) );
#5136 = PCURVE('',#4756,#5137);
#5137 = DEFINITIONAL_REPRESENTATION('',(#5138),#5142);
#5138 = ( BOUNDED_CURVE() B_SPLINE_CURVE(2,(#5139,#5140,#5141),
.UNSPECIFIED.,.F.,.F.) B_SPLINE_CURVE_WITH_KNOTS((3,3),(0.,
1.570796326795),.PIECEWISE_BEZIER_KNOTS.) CURVE() 
GEOMETRIC_REPRESENTATION_ITEM() RATIONAL_B_SPLINE_CURVE((1.,
0.707106781187,1.)) REPRESENTATION_ITEM('') );
#5139 = CARTESIAN_POINT('',(94.,10.));
#5140 = CARTESIAN_POINT('',(94.,6.));
#5141 = CARTESIAN_POINT('',(90.,6.));
#5142 = ( GEOMETRIC_REPRESENTATION_CONTEXT(2) 
PARAMETRIC_REPRESENTATION_CONTEXT() REPRESENTATION_CONTEXT('2D SPACE',''
  ) );
#5143 = ADVANCED_FACE('',(#5144),#3079,.T.);
#5144 = FACE_BOUND('',#5145,.T.);
#5145 = EDGE_LOOP('',(#5146,#5147,#5148,#5167));
#5146 = ORIENTED_EDGE('',*,*,#3067,.F.);
#5147 = ORIENTED_EDGE('',*,*,#5067,.T.);
#5148 = ORIENTED_EDGE('',*,*,#5149,.T.);
#5149 = EDGE_CURVE('',#5068,#4924,#5150,.T.);
#5150 = SURFACE_CURVE('',#5151,(#5154,#5161),.PCURVE_S1.);
#5151 = B_SPLINE_CURVE_WITH_KNOTS('',1,(#5152,#5153),.UNSPECIFIED.,.F.,
  .F.,(2,2),(-0.,21.),.PIECEWISE_BEZIER_KNOTS.);
#5152 = CARTESIAN_POINT('',(90.,6.,2.));
#5153 = CARTESIAN_POINT('',(69.,6.,2.));
#5154 = PCURVE('',#3079,#5155);
#5155 = DEFINITIONAL_REPRESENTATION('',(#5156),#5160);
#5156 = B_SPLINE_CURVE_WITH_KNOTS('',2,(#5157,#5158,#5159),
  .UNSPECIFIED.,.F.,.F.,(3,3),(-0.,21.),.PIECEWISE_BEZIER_KNOTS.);
#5157 = CARTESIAN_POINT('',(1.570796326795,2.84217094304E-14));
#5158 = CARTESIAN_POINT('',(1.570796326795,10.5));
#5159 = CARTESIAN_POINT('',(1.570796326795,21.));
#5160 = ( GEOMETRIC_REPRESENTATION_CONTEXT(2) 
PARAMETRIC_REPRESENTATION_CONTEXT() REPRESENTATION_CONTEXT('2D SPACE',''
  ) );
#5161 = PCURVE('',#4756,#5162);
#5162 = DEFINITIONAL_REPRESENTATION('',(#5163),#5166);
#5163 = B_SPLINE_CURVE_WITH_KNOTS('',1,(#5164,#5165),.UNSPECIFIED.,.F.,
  .F.,(2,2),(-0.,21.),.PIECEWISE_BEZIER_KNOTS.);
#5164 = CARTESIAN_POINT('',(90.,6.));
#5165 = CARTESIAN_POINT('',(69.,6.));
#5166 = ( GEOMETRIC_REPRESENTATION_CONTEXT(2) 
PARAMETRIC_REPRESENTATION_CONTEXT() REPRESENTATION_CONTEXT('2D SPACE',''
  ) );
#5167 = ORIENTED_EDGE('',*,*,#4923,.F.);
#5168 = ADVANCED_FACE('',(#5169),#3115,.T.);
#5169 = FACE_BOUND('',#5170,.T.);
#5170 = EDGE_LOOP('',(#5171,#5172,#5195,#5221));
#5171 = ORIENTED_EDGE('',*,*,#3099,.F.);
#5172 = ORIENTED_EDGE('',*,*,#5173,.F.);
#5173 = EDGE_CURVE('',#5174,#3100,#5176,.T.);
#5174 = VERTEX_POINT('',#5175);
#5175 = CARTESIAN_POINT('',(39.,64.,2.));
#5176 = SURFACE_CURVE('',#5177,(#5181,#5188),.PCURVE_S1.);
#5177 = ( BOUNDED_CURVE() B_SPLINE_CURVE(2,(#5178,#5179,#5180),
.UNSPECIFIED.,.F.,.F.) B_SPLINE_CURVE_WITH_KNOTS((3,3),(
3.552713678801E-15,1.570796326795),.PIECEWISE_BEZIER_KNOTS.) CURVE() 
GEOMETRIC_REPRESENTATION_ITEM() RATIONAL_B_SPLINE_CURVE((1.,
0.707106781187,1.)) REPRESENTATION_ITEM('') );
#5178 = CARTESIAN_POINT('',(39.,64.,2.));
#5179 = CARTESIAN_POINT('',(39.,68.,2.));
#5180 = CARTESIAN_POINT('',(39.,68.,6.));
#5181 = PCURVE('',#3115,#5182);
#5182 = DEFINITIONAL_REPRESENTATION('',(#5183),#5187);
#5183 = B_SPLINE_CURVE_WITH_KNOTS('',2,(#5184,#5185,#5186),
  .UNSPECIFIED.,.F.,.F.,(3,3),(3.552713678801E-15,1.570796326795),
  .PIECEWISE_BEZIER_KNOTS.);
#5184 = CARTESIAN_POINT('',(1.570796326795,29.));
#5185 = CARTESIAN_POINT('',(0.785398163397,29.));
#5186 = CARTESIAN_POINT('',(-1.973036373463E-15,29.));
#5187 = ( GEOMETRIC_REPRESENTATION_CONTEXT(2) 
PARAMETRIC_REPRESENTATION_CONTEXT() REPRESENTATION_CONTEXT('2D SPACE',''
  ) );
#5188 = PCURVE('',#3187,#5189);
#5189 = DEFINITIONAL_REPRESENTATION('',(#5190),#5194);
#5190 = B_SPLINE_CURVE_WITH_KNOTS('',2,(#5191,#5192,#5193),
  .UNSPECIFIED.,.F.,.F.,(3,3),(3.552713678801E-15,1.570796326795),
  .PIECEWISE_BEZIER_KNOTS.);
#5191 = CARTESIAN_POINT('',(-3.933590681256E-16,7.892145493852E-15));
#5192 = CARTESIAN_POINT('',(0.785398163397,-1.237983606879E-16));
#5193 = CARTESIAN_POINT('',(1.570796326795,-1.693949274692E-30));
#5194 = ( GEOMETRIC_REPRESENTATION_CONTEXT(2) 
PARAMETRIC_REPRESENTATION_CONTEXT() REPRESENTATION_CONTEXT('2D SPACE',''
  ) );
#5195 = ORIENTED_EDGE('',*,*,#5196,.T.);
#5196 = EDGE_CURVE('',#5174,#5197,#5199,.T.);
#5197 = VERTEX_POINT('',#5198);
#5198 = CARTESIAN_POINT('',(61.,64.,2.));
#5199 = SURFACE_CURVE('',#5200,(#5203,#5210),.PCURVE_S1.);
#5200 = B_SPLINE_CURVE_WITH_KNOTS('',1,(#5201,#5202),.UNSPECIFIED.,.F.,
  .F.,(2,2),(29.,51.),.PIECEWISE_BEZIER_KNOTS.);
#5201 = CARTESIAN_POINT('',(39.,64.,2.));
#5202 = CARTESIAN_POINT('',(61.,64.,2.));
#5203 = PCURVE('',#3115,#5204);
#5204 = DEFINITIONAL_REPRESENTATION('',(#5205),#5209);
#5205 = B_SPLINE_CURVE_WITH_KNOTS('',2,(#5206,#5207,#5208),
  .UNSPECIFIED.,.F.,.F.,(3,3),(29.,51.),.PIECEWISE_BEZIER_KNOTS.);
#5206 = CARTESIAN_POINT('',(1.570796326795,29.));
#5207 = CARTESIAN_POINT('',(1.570796326795,40.));
#5208 = CARTESIAN_POINT('',(1.570796326795,51.));
#5209 = ( GEOMETRIC_REPRESENTATION_CONTEXT(2) 
PARAMETRIC_REPRESENTATION_CONTEXT() REPRESENTATION_CONTEXT('2D SPACE',''
  ) );
#5210 = PCURVE('',#5211,#5216);
#5211 = B_SPLINE_SURFACE_WITH_KNOTS('',1,1,(
    (#5212,#5213)
    ,(#5214,#5215
    )),.UNSPECIFIED.,.F.,.F.,.F.,(2,2),(2,2),(39.,61.),(6.,64.),
  .PIECEWISE_BEZIER_KNOTS.);
#5212 = CARTESIAN_POINT('',(39.,6.,2.));
#5213 = CARTESIAN_POINT('',(39.,64.,2.));
#5214 = CARTESIAN_POINT('',(61.,6.,2.));
#5215 = CARTESIAN_POINT('',(61.,64.,2.));
#5216 = DEFINITIONAL_REPRESENTATION('',(#5217),#5220);
#5217 = B_SPLINE_CURVE_WITH_KNOTS('',1,(#5218,#5219),.UNSPECIFIED.,.F.,
  .F.,(2,2),(29.,51.),.PIECEWISE_BEZIER_KNOTS.);
#5218 = CARTESIAN_POINT('',(39.,64.));
#5219 = CARTESIAN_POINT('',(61.,64.));
#5220 = ( GEOMETRIC_REPRESENTATION_CONTEXT(2) 
PARAMETRIC_REPRESENTATION_CONTEXT() REPRESENTATION_CONTEXT('2D SPACE',''
  ) );
#5221 = ORIENTED_EDGE('',*,*,#5222,.T.);
#5222 = EDGE_CURVE('',#5197,#3102,#5223,.T.);
#5223 = SURFACE_CURVE('',#5224,(#5228,#5235),.PCURVE_S1.);
#5224 = ( BOUNDED_CURVE() B_SPLINE_CURVE(2,(#5225,#5226,#5227),
.UNSPECIFIED.,.F.,.F.) B_SPLINE_CURVE_WITH_KNOTS((3,3),(
3.552713678801E-15,1.570796326795),.PIECEWISE_BEZIER_KNOTS.) CURVE() 
GEOMETRIC_REPRESENTATION_ITEM() RATIONAL_B_SPLINE_CURVE((1.,
0.707106781187,1.)) REPRESENTATION_ITEM('') );
#5225 = CARTESIAN_POINT('',(61.,64.,2.));
#5226 = CARTESIAN_POINT('',(61.,68.,2.));
#5227 = CARTESIAN_POINT('',(61.,68.,6.));
#5228 = PCURVE('',#3115,#5229);
#5229 = DEFINITIONAL_REPRESENTATION('',(#5230),#5234);
#5230 = B_SPLINE_CURVE_WITH_KNOTS('',2,(#5231,#5232,#5233),
  .UNSPECIFIED.,.F.,.F.,(3,3),(3.552713678801E-15,1.570796326795),
  .PIECEWISE_BEZIER_KNOTS.);
#5231 = CARTESIAN_POINT('',(1.570796326795,51.));
#5232 = CARTESIAN_POINT('',(0.785398163397,51.));
#5233 = CARTESIAN_POINT('',(-2.219665920146E-15,51.));
#5234 = ( GEOMETRIC_REPRESENTATION_CONTEXT(2) 
PARAMETRIC_REPRESENTATION_CONTEXT() REPRESENTATION_CONTEXT('2D SPACE',''
  ) );
#5235 = PCURVE('',#3244,#5236);
#5236 = DEFINITIONAL_REPRESENTATION('',(#5237),#5241);
#5237 = B_SPLINE_CURVE_WITH_KNOTS('',2,(#5238,#5239,#5240),
  .UNSPECIFIED.,.F.,.F.,(3,3),(3.552713678801E-15,1.570796326795),
  .PIECEWISE_BEZIER_KNOTS.);
#5238 = CARTESIAN_POINT('',(-3.933590681256E-16,-7.892145493852E-15));
#5239 = CARTESIAN_POINT('',(0.785398163397,8.330797493065E-15));
#5240 = CARTESIAN_POINT('',(1.570796326795,0.));
#5241 = ( GEOMETRIC_REPRESENTATION_CONTEXT(2) 
PARAMETRIC_REPRESENTATION_CONTEXT() REPRESENTATION_CONTEXT('2D SPACE',''
  ) );
#5242 = ADVANCED_FACE('',(#5243),#3187,.T.);
#5243 = FACE_BOUND('',#5244,.T.);
#5244 = EDGE_LOOP('',(#5245,#5266,#5267,#5268));
#5245 = ORIENTED_EDGE('',*,*,#5246,.F.);
#5246 = EDGE_CURVE('',#5174,#3341,#5247,.T.);
#5247 = SURFACE_CURVE('',#5248,(#5252,#5259),.PCURVE_S1.);
#5248 = ( BOUNDED_CURVE() B_SPLINE_CURVE(2,(#5249,#5250,#5251),
.UNSPECIFIED.,.F.,.F.) B_SPLINE_CURVE_WITH_KNOTS((3,3),(0.,
1.570796326795),.PIECEWISE_BEZIER_KNOTS.) CURVE() 
GEOMETRIC_REPRESENTATION_ITEM() RATIONAL_B_SPLINE_CURVE((1.,
0.707106781187,1.)) REPRESENTATION_ITEM('') );
#5249 = CARTESIAN_POINT('',(39.,64.,2.));
#5250 = CARTESIAN_POINT('',(37.,64.,2.));
#5251 = CARTESIAN_POINT('',(37.,64.,4.));
#5252 = PCURVE('',#3187,#5253);
#5253 = DEFINITIONAL_REPRESENTATION('',(#5254),#5258);
#5254 = B_SPLINE_CURVE_WITH_KNOTS('',2,(#5255,#5256,#5257),
  .UNSPECIFIED.,.F.,.F.,(3,3),(0.,1.570796326795),
  .PIECEWISE_BEZIER_KNOTS.);
#5255 = CARTESIAN_POINT('',(-3.933590681256E-16,7.892145493852E-15));
#5256 = CARTESIAN_POINT('',(4.994599541277E-15,0.785398163397));
#5257 = CARTESIAN_POINT('',(3.552713678801E-15,1.570796326795));
#5258 = ( GEOMETRIC_REPRESENTATION_CONTEXT(2) 
PARAMETRIC_REPRESENTATION_CONTEXT() REPRESENTATION_CONTEXT('2D SPACE',''
  ) );
#5259 = PCURVE('',#3354,#5260);
#5260 = DEFINITIONAL_REPRESENTATION('',(#5261),#5265);
#5261 = B_SPLINE_CURVE_WITH_KNOTS('',2,(#5262,#5263,#5264),
  .UNSPECIFIED.,.F.,.F.,(3,3),(0.,1.570796326795),
  .PIECEWISE_BEZIER_KNOTS.);
#5262 = CARTESIAN_POINT('',(0.,58.));
#5263 = CARTESIAN_POINT('',(0.785398163397,58.));
#5264 = CARTESIAN_POINT('',(1.570796326795,58.));
#5265 = ( GEOMETRIC_REPRESENTATION_CONTEXT(2) 
PARAMETRIC_REPRESENTATION_CONTEXT() REPRESENTATION_CONTEXT('2D SPACE',''
  ) );
#5266 = ORIENTED_EDGE('',*,*,#5173,.T.);
#5267 = ORIENTED_EDGE('',*,*,#3171,.T.);
#5268 = ORIENTED_EDGE('',*,*,#3368,.F.);
#5269 = ADVANCED_FACE('',(#5270),#3244,.F.);
#5270 = FACE_BOUND('',#5271,.F.);
#5271 = EDGE_LOOP('',(#5272,#5293,#5294,#5295));
#5272 = ORIENTED_EDGE('',*,*,#5273,.F.);
#5273 = EDGE_CURVE('',#5197,#3449,#5274,.T.);
#5274 = SURFACE_CURVE('',#5275,(#5279,#5286),.PCURVE_S1.);
#5275 = ( BOUNDED_CURVE() B_SPLINE_CURVE(2,(#5276,#5277,#5278),
.UNSPECIFIED.,.F.,.F.) B_SPLINE_CURVE_WITH_KNOTS((3,3),(0.,
1.570796326795),.PIECEWISE_BEZIER_KNOTS.) CURVE() 
GEOMETRIC_REPRESENTATION_ITEM() RATIONAL_B_SPLINE_CURVE((1.,
0.707106781187,1.)) REPRESENTATION_ITEM('') );
#5276 = CARTESIAN_POINT('',(61.,64.,2.));
#5277 = CARTESIAN_POINT('',(63.,64.,2.));
#5278 = CARTESIAN_POINT('',(63.,64.,4.));
#5279 = PCURVE('',#3244,#5280);
#5280 = DEFINITIONAL_REPRESENTATION('',(#5281),#5285);
#5281 = B_SPLINE_CURVE_WITH_KNOTS('',2,(#5282,#5283,#5284),
  .UNSPECIFIED.,.F.,.F.,(3,3),(0.,1.570796326795),
  .PIECEWISE_BEZIER_KNOTS.);
#5282 = CARTESIAN_POINT('',(3.552713678801E-15,0.));
#5283 = CARTESIAN_POINT('',(3.552713678801E-15,0.785398163397));
#5284 = CARTESIAN_POINT('',(3.5527136788E-15,1.570796326795));
#5285 = ( GEOMETRIC_REPRESENTATION_CONTEXT(2) 
PARAMETRIC_REPRESENTATION_CONTEXT() REPRESENTATION_CONTEXT('2D SPACE',''
  ) );
#5286 = PCURVE('',#3462,#5287);
#5287 = DEFINITIONAL_REPRESENTATION('',(#5288),#5292);
#5288 = B_SPLINE_CURVE_WITH_KNOTS('',2,(#5289,#5290,#5291),
  .UNSPECIFIED.,.F.,.F.,(3,3),(0.,1.570796326795),
  .PIECEWISE_BEZIER_KNOTS.);
#5289 = CARTESIAN_POINT('',(3.946072746926E-15,58.));
#5290 = CARTESIAN_POINT('',(0.785398163397,58.));
#5291 = CARTESIAN_POINT('',(1.570796326795,58.));
#5292 = ( GEOMETRIC_REPRESENTATION_CONTEXT(2) 
PARAMETRIC_REPRESENTATION_CONTEXT() REPRESENTATION_CONTEXT('2D SPACE',''
  ) );
#5293 = ORIENTED_EDGE('',*,*,#5222,.T.);
#5294 = ORIENTED_EDGE('',*,*,#3228,.T.);
#5295 = ORIENTED_EDGE('',*,*,#3476,.F.);
#5296 = ADVANCED_FACE('',(#5297),#3323,.T.);
#5297 = FACE_BOUND('',#5298,.T.);
#5298 = EDGE_LOOP('',(#5299,#5300,#5323,#5344));
#5299 = ORIENTED_EDGE('',*,*,#3503,.F.);
#5300 = ORIENTED_EDGE('',*,*,#5301,.T.);
#5301 = EDGE_CURVE('',#3504,#5302,#5304,.T.);
#5302 = VERTEX_POINT('',#5303);
#5303 = CARTESIAN_POINT('',(39.,6.,2.));
#5304 = SURFACE_CURVE('',#5305,(#5309,#5316),.PCURVE_S1.);
#5305 = ( BOUNDED_CURVE() B_SPLINE_CURVE(2,(#5306,#5307,#5308),
.UNSPECIFIED.,.F.,.F.) B_SPLINE_CURVE_WITH_KNOTS((3,3),(0.,
1.570796326795),.PIECEWISE_BEZIER_KNOTS.) CURVE() 
GEOMETRIC_REPRESENTATION_ITEM() RATIONAL_B_SPLINE_CURVE((1.,
0.707106781187,1.)) REPRESENTATION_ITEM('') );
#5306 = CARTESIAN_POINT('',(39.,2.,6.));
#5307 = CARTESIAN_POINT('',(39.,2.,2.));
#5308 = CARTESIAN_POINT('',(39.,6.,2.));
#5309 = PCURVE('',#3323,#5310);
#5310 = DEFINITIONAL_REPRESENTATION('',(#5311),#5315);
#5311 = B_SPLINE_CURVE_WITH_KNOTS('',2,(#5312,#5313,#5314),
  .UNSPECIFIED.,.F.,.F.,(3,3),(0.,1.570796326795),
  .PIECEWISE_BEZIER_KNOTS.);
#5312 = CARTESIAN_POINT('',(0.,0.));
#5313 = CARTESIAN_POINT('',(0.785398163397,1.761148563735E-15));
#5314 = CARTESIAN_POINT('',(1.570796326795,3.946072746926E-15));
#5315 = ( GEOMETRIC_REPRESENTATION_CONTEXT(2) 
PARAMETRIC_REPRESENTATION_CONTEXT() REPRESENTATION_CONTEXT('2D SPACE',''
  ) );
#5316 = PCURVE('',#3607,#5317);
#5317 = DEFINITIONAL_REPRESENTATION('',(#5318),#5322);
#5318 = B_SPLINE_CURVE_WITH_KNOTS('',2,(#5319,#5320,#5321),
  .UNSPECIFIED.,.F.,.F.,(3,3),(0.,1.570796326795),
  .PIECEWISE_BEZIER_KNOTS.);
#5319 = CARTESIAN_POINT('',(2.22044604925E-16,51.));
#5320 = CARTESIAN_POINT('',(0.785398163397,51.));
#5321 = CARTESIAN_POINT('',(1.570796326795,51.));
#5322 = ( GEOMETRIC_REPRESENTATION_CONTEXT(2) 
PARAMETRIC_REPRESENTATION_CONTEXT() REPRESENTATION_CONTEXT('2D SPACE',''
  ) );
#5323 = ORIENTED_EDGE('',*,*,#5324,.T.);
#5324 = EDGE_CURVE('',#5302,#3308,#5325,.T.);
#5325 = SURFACE_CURVE('',#5326,(#5330,#5337),.PCURVE_S1.);
#5326 = ( BOUNDED_CURVE() B_SPLINE_CURVE(2,(#5327,#5328,#5329),
.UNSPECIFIED.,.F.,.F.) B_SPLINE_CURVE_WITH_KNOTS((3,3),(0.,
1.570796326795),.PIECEWISE_BEZIER_KNOTS.) CURVE() 
GEOMETRIC_REPRESENTATION_ITEM() RATIONAL_B_SPLINE_CURVE((1.,
0.707106781187,1.)) REPRESENTATION_ITEM('') );
#5327 = CARTESIAN_POINT('',(39.,6.,2.));
#5328 = CARTESIAN_POINT('',(37.,6.,2.));
#5329 = CARTESIAN_POINT('',(37.,6.,4.));
#5330 = PCURVE('',#3323,#5331);
#5331 = DEFINITIONAL_REPRESENTATION('',(#5332),#5336);
#5332 = B_SPLINE_CURVE_WITH_KNOTS('',2,(#5333,#5334,#5335),
  .UNSPECIFIED.,.F.,.F.,(3,3),(0.,1.570796326795),
  .PIECEWISE_BEZIER_KNOTS.);
#5333 = CARTESIAN_POINT('',(1.570796326795,0.));
#5334 = CARTESIAN_POINT('',(1.570796326795,0.785398163397));
#5335 = CARTESIAN_POINT('',(1.570796326795,1.570796326795));
#5336 = ( GEOMETRIC_REPRESENTATION_CONTEXT(2) 
PARAMETRIC_REPRESENTATION_CONTEXT() REPRESENTATION_CONTEXT('2D SPACE',''
  ) );
#5337 = PCURVE('',#3354,#5338);
#5338 = DEFINITIONAL_REPRESENTATION('',(#5339),#5343);
#5339 = B_SPLINE_CURVE_WITH_KNOTS('',2,(#5340,#5341,#5342),
  .UNSPECIFIED.,.F.,.F.,(3,3),(0.,1.570796326795),
  .PIECEWISE_BEZIER_KNOTS.);
#5340 = CARTESIAN_POINT('',(-3.946072746926E-15,8.881784197001E-16));
#5341 = CARTESIAN_POINT('',(0.785398163397,-7.066982239179E-15));
#5342 = CARTESIAN_POINT('',(1.570796326795,-3.5527136788E-15));
#5343 = ( GEOMETRIC_REPRESENTATION_CONTEXT(2) 
PARAMETRIC_REPRESENTATION_CONTEXT() REPRESENTATION_CONTEXT('2D SPACE',''
  ) );
#5344 = ORIENTED_EDGE('',*,*,#3307,.F.);
#5345 = ADVANCED_FACE('',(#5346),#3354,.F.);
#5346 = FACE_BOUND('',#5347,.F.);
#5347 = EDGE_LOOP('',(#5348,#5349,#5350,#5351));
#5348 = ORIENTED_EDGE('',*,*,#5324,.T.);
#5349 = ORIENTED_EDGE('',*,*,#3340,.T.);
#5350 = ORIENTED_EDGE('',*,*,#5246,.F.);
#5351 = ORIENTED_EDGE('',*,*,#5352,.F.);
#5352 = EDGE_CURVE('',#5302,#5174,#5353,.T.);
#5353 = SURFACE_CURVE('',#5354,(#5357,#5364),.PCURVE_S1.);
#5354 = B_SPLINE_CURVE_WITH_KNOTS('',1,(#5355,#5356),.UNSPECIFIED.,.F.,
  .F.,(2,2),(8.881784197001E-16,58.),.PIECEWISE_BEZIER_KNOTS.);
#5355 = CARTESIAN_POINT('',(39.,6.,2.));
#5356 = CARTESIAN_POINT('',(39.,64.,2.));
#5357 = PCURVE('',#3354,#5358);
#5358 = DEFINITIONAL_REPRESENTATION('',(#5359),#5363);
#5359 = B_SPLINE_CURVE_WITH_KNOTS('',2,(#5360,#5361,#5362),
  .UNSPECIFIED.,.F.,.F.,(3,3),(1.7763568394E-15,58.),
  .PIECEWISE_BEZIER_KNOTS.);
#5360 = CARTESIAN_POINT('',(0.,1.7763568394E-15));
#5361 = CARTESIAN_POINT('',(0.,29.));
#5362 = CARTESIAN_POINT('',(0.,58.));
#5363 = ( GEOMETRIC_REPRESENTATION_CONTEXT(2) 
PARAMETRIC_REPRESENTATION_CONTEXT() REPRESENTATION_CONTEXT('2D SPACE',''
  ) );
#5364 = PCURVE('',#5211,#5365);
#5365 = DEFINITIONAL_REPRESENTATION('',(#5366),#5369);
#5366 = B_SPLINE_CURVE_WITH_KNOTS('',1,(#5367,#5368),.UNSPECIFIED.,.F.,
  .F.,(2,2),(8.881784197001E-16,58.),.PIECEWISE_BEZIER_KNOTS.);
#5367 = CARTESIAN_POINT('',(39.,6.));
#5368 = CARTESIAN_POINT('',(39.,64.));
#5369 = ( GEOMETRIC_REPRESENTATION_CONTEXT(2) 
PARAMETRIC_REPRESENTATION_CONTEXT() REPRESENTATION_CONTEXT('2D SPACE',''
  ) );
#5370 = ADVANCED_FACE('',(#5371),#3431,.F.);
#5371 = FACE_BOUND('',#5372,.F.);
#5372 = EDGE_LOOP('',(#5373,#5374,#5397,#5418));
#5373 = ORIENTED_EDGE('',*,*,#3550,.F.);
#5374 = ORIENTED_EDGE('',*,*,#5375,.T.);
#5375 = EDGE_CURVE('',#3551,#5376,#5378,.T.);
#5376 = VERTEX_POINT('',#5377);
#5377 = CARTESIAN_POINT('',(61.,6.,2.));
#5378 = SURFACE_CURVE('',#5379,(#5383,#5390),.PCURVE_S1.);
#5379 = ( BOUNDED_CURVE() B_SPLINE_CURVE(2,(#5380,#5381,#5382),
.UNSPECIFIED.,.F.,.F.) B_SPLINE_CURVE_WITH_KNOTS((3,3),(0.,
1.570796326795),.PIECEWISE_BEZIER_KNOTS.) CURVE() 
GEOMETRIC_REPRESENTATION_ITEM() RATIONAL_B_SPLINE_CURVE((1.,
0.707106781187,1.)) REPRESENTATION_ITEM('') );
#5380 = CARTESIAN_POINT('',(61.,2.,6.));
#5381 = CARTESIAN_POINT('',(61.,2.,2.));
#5382 = CARTESIAN_POINT('',(61.,6.,2.));
#5383 = PCURVE('',#3431,#5384);
#5384 = DEFINITIONAL_REPRESENTATION('',(#5385),#5389);
#5385 = B_SPLINE_CURVE_WITH_KNOTS('',2,(#5386,#5387,#5388),
  .UNSPECIFIED.,.F.,.F.,(3,3),(0.,1.570796326795),
  .PIECEWISE_BEZIER_KNOTS.);
#5386 = CARTESIAN_POINT('',(0.,0.));
#5387 = CARTESIAN_POINT('',(0.785398163397,6.022074949186E-15));
#5388 = CARTESIAN_POINT('',(1.570796326795,-3.946072746926E-15));
#5389 = ( GEOMETRIC_REPRESENTATION_CONTEXT(2) 
PARAMETRIC_REPRESENTATION_CONTEXT() REPRESENTATION_CONTEXT('2D SPACE',''
  ) );
#5390 = PCURVE('',#3607,#5391);
#5391 = DEFINITIONAL_REPRESENTATION('',(#5392),#5396);
#5392 = B_SPLINE_CURVE_WITH_KNOTS('',2,(#5393,#5394,#5395),
  .UNSPECIFIED.,.F.,.F.,(3,3),(0.,1.570796326795),
  .PIECEWISE_BEZIER_KNOTS.);
#5393 = CARTESIAN_POINT('',(2.22044604925E-16,29.));
#5394 = CARTESIAN_POINT('',(0.785398163397,29.));
#5395 = CARTESIAN_POINT('',(1.570796326795,29.));
#5396 = ( GEOMETRIC_REPRESENTATION_CONTEXT(2) 
PARAMETRIC_REPRESENTATION_CONTEXT() REPRESENTATION_CONTEXT('2D SPACE',''
  ) );
#5397 = ORIENTED_EDGE('',*,*,#5398,.T.);
#5398 = EDGE_CURVE('',#5376,#3416,#5399,.T.);
#5399 = SURFACE_CURVE('',#5400,(#5404,#5411),.PCURVE_S1.);
#5400 = ( BOUNDED_CURVE() B_SPLINE_CURVE(2,(#5401,#5402,#5403),
.UNSPECIFIED.,.F.,.F.) B_SPLINE_CURVE_WITH_KNOTS((3,3),(0.,
1.570796326795),.PIECEWISE_BEZIER_KNOTS.) CURVE() 
GEOMETRIC_REPRESENTATION_ITEM() RATIONAL_B_SPLINE_CURVE((1.,
0.707106781187,1.)) REPRESENTATION_ITEM('') );
#5401 = CARTESIAN_POINT('',(61.,6.,2.));
#5402 = CARTESIAN_POINT('',(63.,6.,2.));
#5403 = CARTESIAN_POINT('',(63.,6.,4.));
#5404 = PCURVE('',#3431,#5405);
#5405 = DEFINITIONAL_REPRESENTATION('',(#5406),#5410);
#5406 = B_SPLINE_CURVE_WITH_KNOTS('',2,(#5407,#5408,#5409),
  .UNSPECIFIED.,.F.,.F.,(3,3),(0.,1.570796326795),
  .PIECEWISE_BEZIER_KNOTS.);
#5407 = CARTESIAN_POINT('',(1.570796326795,-3.946072746926E-15));
#5408 = CARTESIAN_POINT('',(1.570796326795,0.785398163397));
#5409 = CARTESIAN_POINT('',(1.570796326795,1.570796326795));
#5410 = ( GEOMETRIC_REPRESENTATION_CONTEXT(2) 
PARAMETRIC_REPRESENTATION_CONTEXT() REPRESENTATION_CONTEXT('2D SPACE',''
  ) );
#5411 = PCURVE('',#3462,#5412);
#5412 = DEFINITIONAL_REPRESENTATION('',(#5413),#5417);
#5413 = B_SPLINE_CURVE_WITH_KNOTS('',2,(#5414,#5415,#5416),
  .UNSPECIFIED.,.F.,.F.,(3,3),(0.,1.570796326795),
  .PIECEWISE_BEZIER_KNOTS.);
#5414 = CARTESIAN_POINT('',(0.,8.881784197001E-16));
#5415 = CARTESIAN_POINT('',(0.785398163397,-1.21007951263E-14));
#5416 = CARTESIAN_POINT('',(1.570796326795,-3.552713678801E-15));
#5417 = ( GEOMETRIC_REPRESENTATION_CONTEXT(2) 
PARAMETRIC_REPRESENTATION_CONTEXT() REPRESENTATION_CONTEXT('2D SPACE',''
  ) );
#5418 = ORIENTED_EDGE('',*,*,#3415,.F.);
#5419 = ADVANCED_FACE('',(#5420),#3462,.T.);
#5420 = FACE_BOUND('',#5421,.T.);
#5421 = EDGE_LOOP('',(#5422,#5423,#5424,#5425));
#5422 = ORIENTED_EDGE('',*,*,#5398,.T.);
#5423 = ORIENTED_EDGE('',*,*,#3448,.T.);
#5424 = ORIENTED_EDGE('',*,*,#5273,.F.);
#5425 = ORIENTED_EDGE('',*,*,#5426,.F.);
#5426 = EDGE_CURVE('',#5376,#5197,#5427,.T.);
#5427 = SURFACE_CURVE('',#5428,(#5431,#5438),.PCURVE_S1.);
#5428 = B_SPLINE_CURVE_WITH_KNOTS('',1,(#5429,#5430),.UNSPECIFIED.,.F.,
  .F.,(2,2),(8.881784197001E-16,58.),.PIECEWISE_BEZIER_KNOTS.);
#5429 = CARTESIAN_POINT('',(61.,6.,2.));
#5430 = CARTESIAN_POINT('',(61.,64.,2.));
#5431 = PCURVE('',#3462,#5432);
#5432 = DEFINITIONAL_REPRESENTATION('',(#5433),#5437);
#5433 = B_SPLINE_CURVE_WITH_KNOTS('',2,(#5434,#5435,#5436),
  .UNSPECIFIED.,.F.,.F.,(3,3),(1.7763568394E-15,58.),
  .PIECEWISE_BEZIER_KNOTS.);
#5434 = CARTESIAN_POINT('',(0.,1.7763568394E-15));
#5435 = CARTESIAN_POINT('',(2.398593238328E-16,29.));
#5436 = CARTESIAN_POINT('',(3.946072746926E-15,58.));
#5437 = ( GEOMETRIC_REPRESENTATION_CONTEXT(2) 
PARAMETRIC_REPRESENTATION_CONTEXT() REPRESENTATION_CONTEXT('2D SPACE',''
  ) );
#5438 = PCURVE('',#5211,#5439);
#5439 = DEFINITIONAL_REPRESENTATION('',(#5440),#5443);
#5440 = B_SPLINE_CURVE_WITH_KNOTS('',1,(#5441,#5442),.UNSPECIFIED.,.F.,
  .F.,(2,2),(8.881784197001E-16,58.),.PIECEWISE_BEZIER_KNOTS.);
#5441 = CARTESIAN_POINT('',(61.,6.));
#5442 = CARTESIAN_POINT('',(61.,64.));
#5443 = ( GEOMETRIC_REPRESENTATION_CONTEXT(2) 
PARAMETRIC_REPRESENTATION_CONTEXT() REPRESENTATION_CONTEXT('2D SPACE',''
  ) );
#5444 = ADVANCED_FACE('',(#5445),#3607,.T.);
#5445 = FACE_BOUND('',#5446,.T.);
#5446 = EDGE_LOOP('',(#5447,#5448,#5449,#5468));
#5447 = ORIENTED_EDGE('',*,*,#3595,.F.);
#5448 = ORIENTED_EDGE('',*,*,#5375,.T.);
#5449 = ORIENTED_EDGE('',*,*,#5450,.T.);
#5450 = EDGE_CURVE('',#5376,#5302,#5451,.T.);
#5451 = SURFACE_CURVE('',#5452,(#5455,#5462),.PCURVE_S1.);
#5452 = B_SPLINE_CURVE_WITH_KNOTS('',1,(#5453,#5454),.UNSPECIFIED.,.F.,
  .F.,(2,2),(29.,51.),.PIECEWISE_BEZIER_KNOTS.);
#5453 = CARTESIAN_POINT('',(61.,6.,2.));
#5454 = CARTESIAN_POINT('',(39.,6.,2.));
#5455 = PCURVE('',#3607,#5456);
#5456 = DEFINITIONAL_REPRESENTATION('',(#5457),#5461);
#5457 = B_SPLINE_CURVE_WITH_KNOTS('',2,(#5458,#5459,#5460),
  .UNSPECIFIED.,.F.,.F.,(3,3),(29.,51.),.PIECEWISE_BEZIER_KNOTS.);
#5458 = CARTESIAN_POINT('',(1.570796326795,29.));
#5459 = CARTESIAN_POINT('',(1.570796326795,40.));
#5460 = CARTESIAN_POINT('',(1.570796326795,51.));
#5461 = ( GEOMETRIC_REPRESENTATION_CONTEXT(2) 
PARAMETRIC_REPRESENTATION_CONTEXT() REPRESENTATION_CONTEXT('2D SPACE',''
  ) );
#5462 = PCURVE('',#5211,#5463);
#5463 = DEFINITIONAL_REPRESENTATION('',(#5464),#5467);
#5464 = B_SPLINE_CURVE_WITH_KNOTS('',1,(#5465,#5466),.UNSPECIFIED.,.F.,
  .F.,(2,2),(29.,51.),.PIECEWISE_BEZIER_KNOTS.);
#5465 = CARTESIAN_POINT('',(61.,6.));
#5466 = CARTESIAN_POINT('',(39.,6.));
#5467 = ( GEOMETRIC_REPRESENTATION_CONTEXT(2) 
PARAMETRIC_REPRESENTATION_CONTEXT() REPRESENTATION_CONTEXT('2D SPACE',''
  ) );
#5468 = ORIENTED_EDGE('',*,*,#5301,.F.);
#5469 = ADVANCED_FACE('',(#5470),#3688,.T.);
#5470 = FACE_BOUND('',#5471,.T.);
#5471 = EDGE_LOOP('',(#5472,#5473,#5474,#5475,#5476,#5477));
#5472 = ORIENTED_EDGE('',*,*,#3673,.F.);
#5473 = ORIENTED_EDGE('',*,*,#3797,.F.);
#5474 = ORIENTED_EDGE('',*,*,#3951,.F.);
#5475 = ORIENTED_EDGE('',*,*,#4022,.F.);
#5476 = ORIENTED_EDGE('',*,*,#4069,.F.);
#5477 = ORIENTED_EDGE('',*,*,#3884,.T.);
#5478 = ADVANCED_FACE('',(#5479),#4152,.F.);
#5479 = FACE_BOUND('',#5480,.F.);
#5480 = EDGE_LOOP('',(#5481,#5482,#5483,#5484,#5485,#5486,#5487,#5488));
#5481 = ORIENTED_EDGE('',*,*,#4137,.F.);
#5482 = ORIENTED_EDGE('',*,*,#4257,.F.);
#5483 = ORIENTED_EDGE('',*,*,#4347,.F.);
#5484 = ORIENTED_EDGE('',*,*,#4418,.F.);
#5485 = ORIENTED_EDGE('',*,*,#4500,.F.);
#5486 = ORIENTED_EDGE('',*,*,#4571,.F.);
#5487 = ORIENTED_EDGE('',*,*,#4653,.F.);
#5488 = ORIENTED_EDGE('',*,*,#4680,.F.);
#5489 = ADVANCED_FACE('',(#5490),#4756,.T.);
#5490 = FACE_BOUND('',#5491,.T.);
#5491 = EDGE_LOOP('',(#5492,#5493,#5494,#5495,#5496,#5497));
#5492 = ORIENTED_EDGE('',*,*,#4741,.F.);
#5493 = ORIENTED_EDGE('',*,*,#4974,.F.);
#5494 = ORIENTED_EDGE('',*,*,#5149,.F.);
#5495 = ORIENTED_EDGE('',*,*,#5112,.F.);
#5496 = ORIENTED_EDGE('',*,*,#4997,.F.);
#5497 = ORIENTED_EDGE('',*,*,#4887,.F.);
#5498 = ADVANCED_FACE('',(#5499),#5211,.T.);
#5499 = FACE_BOUND('',#5500,.T.);
#5500 = EDGE_LOOP('',(#5501,#5502,#5503,#5504));
#5501 = ORIENTED_EDGE('',*,*,#5196,.F.);
#5502 = ORIENTED_EDGE('',*,*,#5352,.F.);
#5503 = ORIENTED_EDGE('',*,*,#5450,.F.);
#5504 = ORIENTED_EDGE('',*,*,#5426,.T.);
#5505 = ( GEOMETRIC_REPRESENTATION_CONTEXT(3) 
GLOBAL_UNCERTAINTY_ASSIGNED_CONTEXT((#5509)) 
GLOBAL_UNIT_ASSIGNED_CONTEXT((#5506,#5507,#5508)) REPRESENTATION_CONTEXT
('Context #1','3D Context with UNIT and UNCERTAINTY') );
#5506 = ( LENGTH_UNIT() NAMED_UNIT(*) SI_UNIT(.MILLI.,.METRE.) );
#5507 = ( NAMED_UNIT(*) PLANE_ANGLE_UNIT() SI_UNIT($,.RADIAN.) );
#5508 = ( NAMED_UNIT(*) SI_UNIT($,.STERADIAN.) SOLID_ANGLE_UNIT() );
#5509 = UNCERTAINTY_MEASURE_WITH_UNIT(LENGTH_MEASURE(5.E-07),#5506,
  'distance_accuracy_value','confusion accuracy');
#5510 = PRODUCT_RELATED_PRODUCT_CATEGORY('part',$,(#7));
ENDSEC;
END-ISO-10303-21;
