ISO-10303-21;
HEADER;
FILE_NAME('Open CASCADE Shape Model','2026-10-02T23:47:05',('Author'),(
    'Open CASCADE'),'Open CASCADE STEP processor 7.9','Open CASCADE 7.9'
  ,'Unknown');
FILE_DESCRIPTION(('Open CASCADE Model'),'2;1');
FILE_SCHEMA((''));
ENDSEC;
DATA;
#1 = APPLICATION_PROTOCOL_DEFINITION('international standard',
  'automotive_design',2000,#2);
#2 = APPLICATION_CONTEXT(
  'core data for automotive mechanical design processes');
#3 = SHAPE_DEFINITION_REPRESENTATION(#4,#10);
#4 = PRODUCT_DEFINITION_SHAPE('','',#5);
#5 = PRODUCT_DEFINITION('design','',#6,#9);
#6 = PRODUCT_DEFINITION_FORMATION('','',#7);
#7 = PRODUCT('Open CASCADE STEP translator 7.9 1',
  'Open CASCADE STEP translator 7.9 1','',(#8));
#8 = PRODUCT_CONTEXT('',#2,'mechanical');
#9 = PRODUCT_DEFINITION_CONTEXT('part definition',#2,'design');
#10 = ADVANCED_BREP_SHAPE_REPRESENTATION('',(#11,#15),#1969);
#11 = AXIS2_PLACEMENT_3D('',#12,#13,#14);
#12 = CARTESIAN_POINT('',(0.,0.,0.));
#13 = DIRECTION('',(0.,0.,1.));
#14 = DIRECTION('',(1.,0.,-0.));
#15 = MANIFOLD_SOLID_BREP('',#16);
#16 = CLOSED_SHELL('',(#17,#131,#257,#337,#463,#543,#669,#742,#841,#908,
    #986,#1102,#1172,#1288,#1358,#1474,#1537,#1626,#1650,#1674,#1698,
    #1722,#1746,#1770,#1777,#1818,#1842,#1866,#1890,#1914,#1938,#1962));
#17 = ADVANCED_FACE('',(#18),#31,.F.);
#18 = FACE_BOUND('',#19,.F.);
#19 = EDGE_LOOP('',(#20,#55,#80,#108));
#20 = ORIENTED_EDGE('',*,*,#21,.T.);
#21 = EDGE_CURVE('',#22,#24,#26,.T.);
#22 = VERTEX_POINT('',#23);
#23 = CARTESIAN_POINT('',(-22.,-12.,0.));
#24 = VERTEX_POINT('',#25);
#25 = CARTESIAN_POINT('',(-22.,-12.,100.));
#26 = SURFACE_CURVE('',#27,(#30,#41),.PCURVE_S1.);
#27 = B_SPLINE_CURVE_WITH_KNOTS('',1,(#28,#29),.UNSPECIFIED.,.F.,.F.,(2,
    2),(0.,100.),.PIECEWISE_BEZIER_KNOTS.);
#28 = CARTESIAN_POINT('',(-22.,-12.,0.));
#29 = CARTESIAN_POINT('',(-22.,-12.,100.));
#30 = PCURVE('',#31,#36);
#31 = B_SPLINE_SURFACE_WITH_KNOTS('',1,1,(
    (#32,#33)
    ,(#34,#35
    )),.UNSPECIFIED.,.F.,.F.,.F.,(2,2),(2,2),(0.,44.),(-100.,0.),
  .PIECEWISE_BEZIER_KNOTS.);
#32 = CARTESIAN_POINT('',(-22.,-12.,100.));
#33 = CARTESIAN_POINT('',(-22.,-12.,0.));
#34 = CARTESIAN_POINT('',(22.,-12.,100.));
#35 = CARTESIAN_POINT('',(22.,-12.,0.));
#36 = DEFINITIONAL_REPRESENTATION('',(#37),#40);
#37 = B_SPLINE_CURVE_WITH_KNOTS('',1,(#38,#39),.UNSPECIFIED.,.F.,.F.,(2,
    2),(0.,100.),.PIECEWISE_BEZIER_KNOTS.);
#38 = CARTESIAN_POINT('',(0.,0.));
#39 = CARTESIAN_POINT('',(0.,-100.));
#40 = ( GEOMETRIC_REPRESENTATION_CONTEXT(2) 
PARAMETRIC_REPRESENTATION_CONTEXT() REPRESENTATION_CONTEXT('2D SPACE',''
  ) );
#41 = PCURVE('',#42,#49);
#42 = ( BOUNDED_SURFACE() B_SPLINE_SURFACE(2,1,(
    (#43,#44)
    ,(#45,#46)
,(#47,#48
  )),.UNSPECIFIED.,.F.,.F.,.F.) B_SPLINE_SURFACE_WITH_KNOTS((3,3),(2,2),
  (3.14159265359,4.712388980385),(-100.,0.),.PIECEWISE_BEZIER_KNOTS.) 
GEOMETRIC_REPRESENTATION_ITEM() RATIONAL_B_SPLINE_SURFACE((
    (1.,1.)
    ,(0.707106781187,0.707106781187)
,(1.,1.))) REPRESENTATION_ITEM('') SURFACE() );
#43 = CARTESIAN_POINT('',(-32.,-2.,100.));
#44 = CARTESIAN_POINT('',(-32.,-2.,0.));
#45 = CARTESIAN_POINT('',(-32.,-12.,100.));
#46 = CARTESIAN_POINT('',(-32.,-12.,0.));
#47 = CARTESIAN_POINT('',(-22.,-12.,100.));
#48 = CARTESIAN_POINT('',(-22.,-12.,0.));
#49 = DEFINITIONAL_REPRESENTATION('',(#50),#54);
#50 = B_SPLINE_CURVE_WITH_KNOTS('',2,(#51,#52,#53),.UNSPECIFIED.,.F.,.F.
  ,(3,3),(0.,100.),.PIECEWISE_BEZIER_KNOTS.);
#51 = CARTESIAN_POINT('',(4.712388980385,0.));
#52 = CARTESIAN_POINT('',(4.712388980385,-50.));
#53 = CARTESIAN_POINT('',(4.712388980385,-100.));
#54 = ( GEOMETRIC_REPRESENTATION_CONTEXT(2) 
PARAMETRIC_REPRESENTATION_CONTEXT() REPRESENTATION_CONTEXT('2D SPACE',''
  ) );
#55 = ORIENTED_EDGE('',*,*,#56,.T.);
#56 = EDGE_CURVE('',#24,#57,#59,.T.);
#57 = VERTEX_POINT('',#58);
#58 = CARTESIAN_POINT('',(22.,-12.,100.));
#59 = SURFACE_CURVE('',#60,(#63,#69),.PCURVE_S1.);
#60 = B_SPLINE_CURVE_WITH_KNOTS('',1,(#61,#62),.UNSPECIFIED.,.F.,.F.,(2,
    2),(0.,44.),.PIECEWISE_BEZIER_KNOTS.);
#61 = CARTESIAN_POINT('',(-22.,-12.,100.));
#62 = CARTESIAN_POINT('',(22.,-12.,100.));
#63 = PCURVE('',#31,#64);
#64 = DEFINITIONAL_REPRESENTATION('',(#65),#68);
#65 = B_SPLINE_CURVE_WITH_KNOTS('',1,(#66,#67),.UNSPECIFIED.,.F.,.F.,(2,
    2),(0.,44.),.PIECEWISE_BEZIER_KNOTS.);
#66 = CARTESIAN_POINT('',(0.,-100.));
#67 = CARTESIAN_POINT('',(44.,-100.));
#68 = ( GEOMETRIC_REPRESENTATION_CONTEXT(2) 
PARAMETRIC_REPRESENTATION_CONTEXT() REPRESENTATION_CONTEXT('2D SPACE',''
  ) );
#69 = PCURVE('',#70,#75);
#70 = B_SPLINE_SURFACE_WITH_KNOTS('',1,1,(
    (#71,#72)
    ,(#73,#74
    )),.UNSPECIFIED.,.F.,.F.,.F.,(2,2),(2,2),(-22.,22.),(-2.,2.),
  .PIECEWISE_BEZIER_KNOTS.);
#71 = CARTESIAN_POINT('',(-22.,-12.,100.));
#72 = CARTESIAN_POINT('',(-22.,-8.,100.));
#73 = CARTESIAN_POINT('',(22.,-12.,100.));
#74 = CARTESIAN_POINT('',(22.,-8.,100.));
#75 = DEFINITIONAL_REPRESENTATION('',(#76),#79);
#76 = B_SPLINE_CURVE_WITH_KNOTS('',1,(#77,#78),.UNSPECIFIED.,.F.,.F.,(2,
    2),(0.,44.),.PIECEWISE_BEZIER_KNOTS.);
#77 = CARTESIAN_POINT('',(-22.,-2.));
#78 = CARTESIAN_POINT('',(22.,-2.));
#79 = ( GEOMETRIC_REPRESENTATION_CONTEXT(2) 
PARAMETRIC_REPRESENTATION_CONTEXT() REPRESENTATION_CONTEXT('2D SPACE',''
  ) );
#80 = ORIENTED_EDGE('',*,*,#81,.F.);
#81 = EDGE_CURVE('',#82,#57,#84,.T.);
#82 = VERTEX_POINT('',#83);
#83 = CARTESIAN_POINT('',(22.,-12.,0.));
#84 = SURFACE_CURVE('',#85,(#88,#94),.PCURVE_S1.);
#85 = B_SPLINE_CURVE_WITH_KNOTS('',1,(#86,#87),.UNSPECIFIED.,.F.,.F.,(2,
    2),(0.,100.),.PIECEWISE_BEZIER_KNOTS.);
#86 = CARTESIAN_POINT('',(22.,-12.,0.));
#87 = CARTESIAN_POINT('',(22.,-12.,100.));
#88 = PCURVE('',#31,#89);
#89 = DEFINITIONAL_REPRESENTATION('',(#90),#93);
#90 = B_SPLINE_CURVE_WITH_KNOTS('',1,(#91,#92),.UNSPECIFIED.,.F.,.F.,(2,
    2),(0.,100.),.PIECEWISE_BEZIER_KNOTS.);
#91 = CARTESIAN_POINT('',(44.,0.));
#92 = CARTESIAN_POINT('',(44.,-100.));
#93 = ( GEOMETRIC_REPRESENTATION_CONTEXT(2) 
PARAMETRIC_REPRESENTATION_CONTEXT() REPRESENTATION_CONTEXT('2D SPACE',''
  ) );
#94 = PCURVE('',#95,#102);
#95 = ( BOUNDED_SURFACE() B_SPLINE_SURFACE(2,1,(
    (#96,#97)
    ,(#98,#99)
,(#100,#101
    )),.UNSPECIFIED.,.F.,.F.,.F.) B_SPLINE_SURFACE_WITH_KNOTS((3,3),(2,2
    ),(4.712388980385,6.28318530718),(-100.,0.),
.PIECEWISE_BEZIER_KNOTS.) GEOMETRIC_REPRESENTATION_ITEM() 
RATIONAL_B_SPLINE_SURFACE((
    (1.,1.)
    ,(0.707106781187,0.707106781187)
,(1.,1.))) REPRESENTATION_ITEM('') SURFACE() );
#96 = CARTESIAN_POINT('',(22.,-12.,100.));
#97 = CARTESIAN_POINT('',(22.,-12.,0.));
#98 = CARTESIAN_POINT('',(32.,-12.,100.));
#99 = CARTESIAN_POINT('',(32.,-12.,0.));
#100 = CARTESIAN_POINT('',(32.,-2.,100.));
#101 = CARTESIAN_POINT('',(32.,-2.,0.));
#102 = DEFINITIONAL_REPRESENTATION('',(#103),#107);
#103 = B_SPLINE_CURVE_WITH_KNOTS('',2,(#104,#105,#106),.UNSPECIFIED.,.F.
  ,.F.,(3,3),(0.,100.),.PIECEWISE_BEZIER_KNOTS.);
#104 = CARTESIAN_POINT('',(4.712388980385,0.));
#105 = CARTESIAN_POINT('',(4.712388980385,-50.));
#106 = CARTESIAN_POINT('',(4.712388980385,-100.));
#107 = ( GEOMETRIC_REPRESENTATION_CONTEXT(2) 
PARAMETRIC_REPRESENTATION_CONTEXT() REPRESENTATION_CONTEXT('2D SPACE',''
  ) );
#108 = ORIENTED_EDGE('',*,*,#109,.F.);
#109 = EDGE_CURVE('',#22,#82,#110,.T.);
#110 = SURFACE_CURVE('',#111,(#114,#120),.PCURVE_S1.);
#111 = B_SPLINE_CURVE_WITH_KNOTS('',1,(#112,#113),.UNSPECIFIED.,.F.,.F.,
  (2,2),(0.,44.),.PIECEWISE_BEZIER_KNOTS.);
#112 = CARTESIAN_POINT('',(-22.,-12.,0.));
#113 = CARTESIAN_POINT('',(22.,-12.,0.));
#114 = PCURVE('',#31,#115);
#115 = DEFINITIONAL_REPRESENTATION('',(#116),#119);
#116 = B_SPLINE_CURVE_WITH_KNOTS('',1,(#117,#118),.UNSPECIFIED.,.F.,.F.,
  (2,2),(0.,44.),.PIECEWISE_BEZIER_KNOTS.);
#117 = CARTESIAN_POINT('',(0.,0.));
#118 = CARTESIAN_POINT('',(44.,0.));
#119 = ( GEOMETRIC_REPRESENTATION_CONTEXT(2) 
PARAMETRIC_REPRESENTATION_CONTEXT() REPRESENTATION_CONTEXT('2D SPACE',''
  ) );
#120 = PCURVE('',#121,#126);
#121 = B_SPLINE_SURFACE_WITH_KNOTS('',1,1,(
    (#122,#123)
    ,(#124,#125
    )),.UNSPECIFIED.,.F.,.F.,.F.,(2,2),(2,2),(-22.,22.),(-2.,2.),
  .PIECEWISE_BEZIER_KNOTS.);
#122 = CARTESIAN_POINT('',(-22.,-12.,0.));
#123 = CARTESIAN_POINT('',(-22.,-8.,0.));
#124 = CARTESIAN_POINT('',(22.,-12.,0.));
#125 = CARTESIAN_POINT('',(22.,-8.,0.));
#126 = DEFINITIONAL_REPRESENTATION('',(#127),#130);
#127 = B_SPLINE_CURVE_WITH_KNOTS('',1,(#128,#129),.UNSPECIFIED.,.F.,.F.,
  (2,2),(0.,44.),.PIECEWISE_BEZIER_KNOTS.);
#128 = CARTESIAN_POINT('',(-22.,-2.));
#129 = CARTESIAN_POINT('',(22.,-2.));
#130 = ( GEOMETRIC_REPRESENTATION_CONTEXT(2) 
PARAMETRIC_REPRESENTATION_CONTEXT() REPRESENTATION_CONTEXT('2D SPACE',''
  ) );
#131 = ADVANCED_FACE('',(#132),#95,.F.);
#132 = FACE_BOUND('',#133,.F.);
#133 = EDGE_LOOP('',(#134,#135,#184,#210));
#134 = ORIENTED_EDGE('',*,*,#81,.T.);
#135 = ORIENTED_EDGE('',*,*,#136,.T.);
#136 = EDGE_CURVE('',#57,#137,#139,.T.);
#137 = VERTEX_POINT('',#138);
#138 = CARTESIAN_POINT('',(32.,-2.,100.));
#139 = SURFACE_CURVE('',#140,(#150,#166),.PCURVE_S1.);
#140 = B_SPLINE_CURVE_WITH_KNOTS('',8,(#141,#142,#143,#144,#145,#146,
    #147,#148,#149),.UNSPECIFIED.,.F.,.F.,(9,9),(4.712388980385,
    6.28318530718),.PIECEWISE_BEZIER_KNOTS.);
#141 = CARTESIAN_POINT('',(22.,-12.,100.));
#142 = CARTESIAN_POINT('',(23.963495408494,-12.,100.));
#143 = CARTESIAN_POINT('',(25.926991435042,-11.55939211038,
    99.999999999999));
#144 = CARTESIAN_POINT('',(27.775132343352,-10.67818065871,100.));
#145 = CARTESIAN_POINT('',(29.392587557798,-9.392587557799,
    99.999999999997));
#146 = CARTESIAN_POINT('',(30.678180658715,-7.775132343351,100.));
#147 = CARTESIAN_POINT('',(31.559392110387,-5.926991435042,
    99.999999999999));
#148 = CARTESIAN_POINT('',(32.,-3.963495408494,100.));
#149 = CARTESIAN_POINT('',(32.,-2.,100.));
#150 = PCURVE('',#95,#151);
#151 = DEFINITIONAL_REPRESENTATION('',(#152),#165);
#152 = B_SPLINE_CURVE_WITH_KNOTS('',6,(#153,#154,#155,#156,#157,#158,
    #159,#160,#161,#162,#163,#164),.UNSPECIFIED.,.F.,.F.,(7,5,7),(
    4.712388980385,5.497787143782,6.28318530718),.UNSPECIFIED.);
#153 = CARTESIAN_POINT('',(4.712388980385,-100.));
#154 = CARTESIAN_POINT('',(4.857781632964,-100.));
#155 = CARTESIAN_POINT('',(4.993717391365,-99.99999999999));
#156 = CARTESIAN_POINT('',(5.123576782685,-99.99999999996));
#157 = CARTESIAN_POINT('',(5.249583886411,-99.99999999997));
#158 = CARTESIAN_POINT('',(5.373686761416,-100.));
#159 = CARTESIAN_POINT('',(5.62188752615,-99.99999999999));
#160 = CARTESIAN_POINT('',(5.745990401149,-100.));
#161 = CARTESIAN_POINT('',(5.871997504889,-99.99999999999));
#162 = CARTESIAN_POINT('',(6.001856896193,-99.99999999999));
#163 = CARTESIAN_POINT('',(6.137792654603,-100.));
#164 = CARTESIAN_POINT('',(6.28318530718,-100.));
#165 = ( GEOMETRIC_REPRESENTATION_CONTEXT(2) 
PARAMETRIC_REPRESENTATION_CONTEXT() REPRESENTATION_CONTEXT('2D SPACE',''
  ) );
#166 = PCURVE('',#167,#172);
#167 = B_SPLINE_SURFACE_WITH_KNOTS('',1,1,(
    (#168,#169)
    ,(#170,#171
    )),.UNSPECIFIED.,.F.,.F.,.F.,(2,2),(2,2),(-5.056906838957,
    4.943093161043),(-4.943093161043,5.056906838957),
  .PIECEWISE_BEZIER_KNOTS.);
#168 = CARTESIAN_POINT('',(22.,-12.,100.));
#169 = CARTESIAN_POINT('',(22.,-2.,100.));
#170 = CARTESIAN_POINT('',(32.,-12.,100.));
#171 = CARTESIAN_POINT('',(32.,-2.,100.));
#172 = DEFINITIONAL_REPRESENTATION('',(#173),#183);
#173 = B_SPLINE_CURVE_WITH_KNOTS('',8,(#174,#175,#176,#177,#178,#179,
    #180,#181,#182),.UNSPECIFIED.,.F.,.F.,(9,9),(4.712388980385,
    6.28318530718),.PIECEWISE_BEZIER_KNOTS.);
#174 = CARTESIAN_POINT('',(-5.056906838957,-4.943093161043));
#175 = CARTESIAN_POINT('',(-3.093411430463,-4.943093161043));
#176 = CARTESIAN_POINT('',(-1.129915403915,-4.502485271431));
#177 = CARTESIAN_POINT('',(0.718225504395,-3.621273819758));
#178 = CARTESIAN_POINT('',(2.335680718841,-2.335680718842));
#179 = CARTESIAN_POINT('',(3.621273819758,-0.718225504394));
#180 = CARTESIAN_POINT('',(4.50248527143,1.129915403915));
#181 = CARTESIAN_POINT('',(4.943093161043,3.093411430463));
#182 = CARTESIAN_POINT('',(4.943093161043,5.056906838957));
#183 = ( GEOMETRIC_REPRESENTATION_CONTEXT(2) 
PARAMETRIC_REPRESENTATION_CONTEXT() REPRESENTATION_CONTEXT('2D SPACE',''
  ) );
#184 = ORIENTED_EDGE('',*,*,#185,.F.);
#185 = EDGE_CURVE('',#186,#137,#188,.T.);
#186 = VERTEX_POINT('',#187);
#187 = CARTESIAN_POINT('',(32.,-2.,0.));
#188 = SURFACE_CURVE('',#189,(#192,#199),.PCURVE_S1.);
#189 = B_SPLINE_CURVE_WITH_KNOTS('',1,(#190,#191),.UNSPECIFIED.,.F.,.F.,
  (2,2),(0.,100.),.PIECEWISE_BEZIER_KNOTS.);
#190 = CARTESIAN_POINT('',(32.,-2.,0.));
#191 = CARTESIAN_POINT('',(32.,-2.,100.));
#192 = PCURVE('',#95,#193);
#193 = DEFINITIONAL_REPRESENTATION('',(#194),#198);
#194 = B_SPLINE_CURVE_WITH_KNOTS('',2,(#195,#196,#197),.UNSPECIFIED.,.F.
  ,.F.,(3,3),(0.,100.),.PIECEWISE_BEZIER_KNOTS.);
#195 = CARTESIAN_POINT('',(6.28318530718,0.));
#196 = CARTESIAN_POINT('',(6.28318530718,-50.));
#197 = CARTESIAN_POINT('',(6.28318530718,-100.));
#198 = ( GEOMETRIC_REPRESENTATION_CONTEXT(2) 
PARAMETRIC_REPRESENTATION_CONTEXT() REPRESENTATION_CONTEXT('2D SPACE',''
  ) );
#199 = PCURVE('',#200,#205);
#200 = B_SPLINE_SURFACE_WITH_KNOTS('',1,1,(
    (#201,#202)
    ,(#203,#204
    )),.UNSPECIFIED.,.F.,.F.,.F.,(2,2),(2,2),(0.,4.),(-100.,0.),
  .PIECEWISE_BEZIER_KNOTS.);
#201 = CARTESIAN_POINT('',(32.,-2.,100.));
#202 = CARTESIAN_POINT('',(32.,-2.,0.));
#203 = CARTESIAN_POINT('',(32.,2.,100.));
#204 = CARTESIAN_POINT('',(32.,2.,0.));
#205 = DEFINITIONAL_REPRESENTATION('',(#206),#209);
#206 = B_SPLINE_CURVE_WITH_KNOTS('',1,(#207,#208),.UNSPECIFIED.,.F.,.F.,
  (2,2),(0.,100.),.PIECEWISE_BEZIER_KNOTS.);
#207 = CARTESIAN_POINT('',(-2.6645352591E-15,0.));
#208 = CARTESIAN_POINT('',(-2.6645352591E-15,-100.));
#209 = ( GEOMETRIC_REPRESENTATION_CONTEXT(2) 
PARAMETRIC_REPRESENTATION_CONTEXT() REPRESENTATION_CONTEXT('2D SPACE',''
  ) );
#210 = ORIENTED_EDGE('',*,*,#211,.F.);
#211 = EDGE_CURVE('',#82,#186,#212,.T.);
#212 = SURFACE_CURVE('',#213,(#223,#239),.PCURVE_S1.);
#213 = B_SPLINE_CURVE_WITH_KNOTS('',8,(#214,#215,#216,#217,#218,#219,
    #220,#221,#222),.UNSPECIFIED.,.F.,.F.,(9,9),(4.712388980385,
    6.28318530718),.PIECEWISE_BEZIER_KNOTS.);
#214 = CARTESIAN_POINT('',(22.,-12.,0.));
#215 = CARTESIAN_POINT('',(23.963495408494,-12.,0.));
#216 = CARTESIAN_POINT('',(25.926991435042,-11.55939211038,0.));
#217 = CARTESIAN_POINT('',(27.775132343352,-10.67818065871,0.));
#218 = CARTESIAN_POINT('',(29.392587557798,-9.392587557799,0.));
#219 = CARTESIAN_POINT('',(30.678180658715,-7.775132343351,0.));
#220 = CARTESIAN_POINT('',(31.559392110387,-5.926991435042,0.));
#221 = CARTESIAN_POINT('',(32.,-3.963495408494,0.));
#222 = CARTESIAN_POINT('',(32.,-2.,0.));
#223 = PCURVE('',#95,#224);
#224 = DEFINITIONAL_REPRESENTATION('',(#225),#238);
#225 = B_SPLINE_CURVE_WITH_KNOTS('',6,(#226,#227,#228,#229,#230,#231,
    #232,#233,#234,#235,#236,#237),.UNSPECIFIED.,.F.,.F.,(7,5,7),(
    4.712388980385,5.497787143782,6.28318530718),.UNSPECIFIED.);
#226 = CARTESIAN_POINT('',(4.712388980385,0.));
#227 = CARTESIAN_POINT('',(4.857781632964,-3.723687352421E-15));
#228 = CARTESIAN_POINT('',(4.993717391365,8.905765793556E-15));
#229 = CARTESIAN_POINT('',(5.123576782685,-7.391490499242E-15));
#230 = CARTESIAN_POINT('',(5.249583886411,-9.158467074566E-15));
#231 = CARTESIAN_POINT('',(5.373686761416,3.895348936332E-15));
#232 = CARTESIAN_POINT('',(5.62188752615,-1.000325699531E-14));
#233 = CARTESIAN_POINT('',(5.745990401149,4.678312793835E-14));
#234 = CARTESIAN_POINT('',(5.871997504889,-8.061835750319E-14));
#235 = CARTESIAN_POINT('',(6.001856896193,5.110811544664E-14));
#236 = CARTESIAN_POINT('',(6.137792654603,-8.438343786579E-15));
#237 = CARTESIAN_POINT('',(6.28318530718,0.));
#238 = ( GEOMETRIC_REPRESENTATION_CONTEXT(2) 
PARAMETRIC_REPRESENTATION_CONTEXT() REPRESENTATION_CONTEXT('2D SPACE',''
  ) );
#239 = PCURVE('',#240,#245);
#240 = B_SPLINE_SURFACE_WITH_KNOTS('',1,1,(
    (#241,#242)
    ,(#243,#244
    )),.UNSPECIFIED.,.F.,.F.,.F.,(2,2),(2,2),(-5.056906838957,
    4.943093161043),(-4.943093161043,5.056906838957),
  .PIECEWISE_BEZIER_KNOTS.);
#241 = CARTESIAN_POINT('',(22.,-12.,0.));
#242 = CARTESIAN_POINT('',(22.,-2.,0.));
#243 = CARTESIAN_POINT('',(32.,-12.,0.));
#244 = CARTESIAN_POINT('',(32.,-2.,0.));
#245 = DEFINITIONAL_REPRESENTATION('',(#246),#256);
#246 = B_SPLINE_CURVE_WITH_KNOTS('',8,(#247,#248,#249,#250,#251,#252,
    #253,#254,#255),.UNSPECIFIED.,.F.,.F.,(9,9),(4.712388980385,
    6.28318530718),.PIECEWISE_BEZIER_KNOTS.);
#247 = CARTESIAN_POINT('',(-5.056906838957,-4.943093161043));
#248 = CARTESIAN_POINT('',(-3.093411430463,-4.943093161043));
#249 = CARTESIAN_POINT('',(-1.129915403915,-4.502485271431));
#250 = CARTESIAN_POINT('',(0.718225504395,-3.621273819758));
#251 = CARTESIAN_POINT('',(2.335680718841,-2.335680718842));
#252 = CARTESIAN_POINT('',(3.621273819758,-0.718225504394));
#253 = CARTESIAN_POINT('',(4.50248527143,1.129915403915));
#254 = CARTESIAN_POINT('',(4.943093161043,3.093411430463));
#255 = CARTESIAN_POINT('',(4.943093161043,5.056906838957));
#256 = ( GEOMETRIC_REPRESENTATION_CONTEXT(2) 
PARAMETRIC_REPRESENTATION_CONTEXT() REPRESENTATION_CONTEXT('2D SPACE',''
  ) );
#257 = ADVANCED_FACE('',(#258),#200,.F.);
#258 = FACE_BOUND('',#259,.F.);
#259 = EDGE_LOOP('',(#260,#261,#286,#314));
#260 = ORIENTED_EDGE('',*,*,#185,.T.);
#261 = ORIENTED_EDGE('',*,*,#262,.T.);
#262 = EDGE_CURVE('',#137,#263,#265,.T.);
#263 = VERTEX_POINT('',#264);
#264 = CARTESIAN_POINT('',(32.,2.,100.));
#265 = SURFACE_CURVE('',#266,(#269,#275),.PCURVE_S1.);
#266 = B_SPLINE_CURVE_WITH_KNOTS('',1,(#267,#268),.UNSPECIFIED.,.F.,.F.,
  (2,2),(0.,4.),.PIECEWISE_BEZIER_KNOTS.);
#267 = CARTESIAN_POINT('',(32.,-2.,100.));
#268 = CARTESIAN_POINT('',(32.,2.,100.));
#269 = PCURVE('',#200,#270);
#270 = DEFINITIONAL_REPRESENTATION('',(#271),#274);
#271 = B_SPLINE_CURVE_WITH_KNOTS('',1,(#272,#273),.UNSPECIFIED.,.F.,.F.,
  (2,2),(0.,4.),.PIECEWISE_BEZIER_KNOTS.);
#272 = CARTESIAN_POINT('',(0.,-100.));
#273 = CARTESIAN_POINT('',(4.,-100.));
#274 = ( GEOMETRIC_REPRESENTATION_CONTEXT(2) 
PARAMETRIC_REPRESENTATION_CONTEXT() REPRESENTATION_CONTEXT('2D SPACE',''
  ) );
#275 = PCURVE('',#276,#281);
#276 = B_SPLINE_SURFACE_WITH_KNOTS('',1,1,(
    (#277,#278)
    ,(#279,#280
    )),.UNSPECIFIED.,.F.,.F.,.F.,(2,2),(2,2),(-2.,2.),(-2.,2.),
  .PIECEWISE_BEZIER_KNOTS.);
#277 = CARTESIAN_POINT('',(28.,-2.,100.));
#278 = CARTESIAN_POINT('',(28.,2.,100.));
#279 = CARTESIAN_POINT('',(32.,-2.,100.));
#280 = CARTESIAN_POINT('',(32.,2.,100.));
#281 = DEFINITIONAL_REPRESENTATION('',(#282),#285);
#282 = B_SPLINE_CURVE_WITH_KNOTS('',1,(#283,#284),.UNSPECIFIED.,.F.,.F.,
  (2,2),(0.,4.),.PIECEWISE_BEZIER_KNOTS.);
#283 = CARTESIAN_POINT('',(2.,-2.));
#284 = CARTESIAN_POINT('',(2.,2.));
#285 = ( GEOMETRIC_REPRESENTATION_CONTEXT(2) 
PARAMETRIC_REPRESENTATION_CONTEXT() REPRESENTATION_CONTEXT('2D SPACE',''
  ) );
#286 = ORIENTED_EDGE('',*,*,#287,.F.);
#287 = EDGE_CURVE('',#288,#263,#290,.T.);
#288 = VERTEX_POINT('',#289);
#289 = CARTESIAN_POINT('',(32.,2.,0.));
#290 = SURFACE_CURVE('',#291,(#294,#300),.PCURVE_S1.);
#291 = B_SPLINE_CURVE_WITH_KNOTS('',1,(#292,#293),.UNSPECIFIED.,.F.,.F.,
  (2,2),(0.,100.),.PIECEWISE_BEZIER_KNOTS.);
#292 = CARTESIAN_POINT('',(32.,2.,0.));
#293 = CARTESIAN_POINT('',(32.,2.,100.));
#294 = PCURVE('',#200,#295);
#295 = DEFINITIONAL_REPRESENTATION('',(#296),#299);
#296 = B_SPLINE_CURVE_WITH_KNOTS('',1,(#297,#298),.UNSPECIFIED.,.F.,.F.,
  (2,2),(0.,100.),.PIECEWISE_BEZIER_KNOTS.);
#297 = CARTESIAN_POINT('',(4.,0.));
#298 = CARTESIAN_POINT('',(4.,-100.));
#299 = ( GEOMETRIC_REPRESENTATION_CONTEXT(2) 
PARAMETRIC_REPRESENTATION_CONTEXT() REPRESENTATION_CONTEXT('2D SPACE',''
  ) );
#300 = PCURVE('',#301,#308);
#301 = ( BOUNDED_SURFACE() B_SPLINE_SURFACE(2,1,(
    (#302,#303)
    ,(#304,#305)
,(#306,#307
    )),.UNSPECIFIED.,.F.,.F.,.F.) B_SPLINE_SURFACE_WITH_KNOTS((3,3),(2,2
    ),(0.,1.570796326795),(-100.,0.),.PIECEWISE_BEZIER_KNOTS.) 
GEOMETRIC_REPRESENTATION_ITEM() RATIONAL_B_SPLINE_SURFACE((
    (1.,1.)
    ,(0.707106781187,0.707106781187)
,(1.,1.))) REPRESENTATION_ITEM('') SURFACE() );
#302 = CARTESIAN_POINT('',(32.,2.,100.));
#303 = CARTESIAN_POINT('',(32.,2.,0.));
#304 = CARTESIAN_POINT('',(32.,12.,100.));
#305 = CARTESIAN_POINT('',(32.,12.,0.));
#306 = CARTESIAN_POINT('',(22.,12.,100.));
#307 = CARTESIAN_POINT('',(22.,12.,0.));
#308 = DEFINITIONAL_REPRESENTATION('',(#309),#313);
#309 = B_SPLINE_CURVE_WITH_KNOTS('',2,(#310,#311,#312),.UNSPECIFIED.,.F.
  ,.F.,(3,3),(0.,100.),.PIECEWISE_BEZIER_KNOTS.);
#310 = CARTESIAN_POINT('',(0.,0.));
#311 = CARTESIAN_POINT('',(0.,-50.));
#312 = CARTESIAN_POINT('',(0.,-100.));
#313 = ( GEOMETRIC_REPRESENTATION_CONTEXT(2) 
PARAMETRIC_REPRESENTATION_CONTEXT() REPRESENTATION_CONTEXT('2D SPACE',''
  ) );
#314 = ORIENTED_EDGE('',*,*,#315,.F.);
#315 = EDGE_CURVE('',#186,#288,#316,.T.);
#316 = SURFACE_CURVE('',#317,(#320,#326),.PCURVE_S1.);
#317 = B_SPLINE_CURVE_WITH_KNOTS('',1,(#318,#319),.UNSPECIFIED.,.F.,.F.,
  (2,2),(0.,4.),.PIECEWISE_BEZIER_KNOTS.);
#318 = CARTESIAN_POINT('',(32.,-2.,0.));
#319 = CARTESIAN_POINT('',(32.,2.,0.));
#320 = PCURVE('',#200,#321);
#321 = DEFINITIONAL_REPRESENTATION('',(#322),#325);
#322 = B_SPLINE_CURVE_WITH_KNOTS('',1,(#323,#324),.UNSPECIFIED.,.F.,.F.,
  (2,2),(0.,4.),.PIECEWISE_BEZIER_KNOTS.);
#323 = CARTESIAN_POINT('',(0.,0.));
#324 = CARTESIAN_POINT('',(4.,0.));
#325 = ( GEOMETRIC_REPRESENTATION_CONTEXT(2) 
PARAMETRIC_REPRESENTATION_CONTEXT() REPRESENTATION_CONTEXT('2D SPACE',''
  ) );
#326 = PCURVE('',#327,#332);
#327 = B_SPLINE_SURFACE_WITH_KNOTS('',1,1,(
    (#328,#329)
    ,(#330,#331
    )),.UNSPECIFIED.,.F.,.F.,.F.,(2,2),(2,2),(-2.,2.),(-2.,2.),
  .PIECEWISE_BEZIER_KNOTS.);
#328 = CARTESIAN_POINT('',(28.,-2.,0.));
#329 = CARTESIAN_POINT('',(28.,2.,0.));
#330 = CARTESIAN_POINT('',(32.,-2.,0.));
#331 = CARTESIAN_POINT('',(32.,2.,0.));
#332 = DEFINITIONAL_REPRESENTATION('',(#333),#336);
#333 = B_SPLINE_CURVE_WITH_KNOTS('',1,(#334,#335),.UNSPECIFIED.,.F.,.F.,
  (2,2),(0.,4.),.PIECEWISE_BEZIER_KNOTS.);
#334 = CARTESIAN_POINT('',(2.,-2.));
#335 = CARTESIAN_POINT('',(2.,2.));
#336 = ( GEOMETRIC_REPRESENTATION_CONTEXT(2) 
PARAMETRIC_REPRESENTATION_CONTEXT() REPRESENTATION_CONTEXT('2D SPACE',''
  ) );
#337 = ADVANCED_FACE('',(#338),#301,.F.);
#338 = FACE_BOUND('',#339,.F.);
#339 = EDGE_LOOP('',(#340,#341,#390,#416));
#340 = ORIENTED_EDGE('',*,*,#287,.T.);
#341 = ORIENTED_EDGE('',*,*,#342,.T.);
#342 = EDGE_CURVE('',#263,#343,#345,.T.);
#343 = VERTEX_POINT('',#344);
#344 = CARTESIAN_POINT('',(22.,12.,100.));
#345 = SURFACE_CURVE('',#346,(#356,#372),.PCURVE_S1.);
#346 = B_SPLINE_CURVE_WITH_KNOTS('',8,(#347,#348,#349,#350,#351,#352,
    #353,#354,#355),.UNSPECIFIED.,.F.,.F.,(9,9),(0.,1.570796326795),
  .PIECEWISE_BEZIER_KNOTS.);
#347 = CARTESIAN_POINT('',(32.,2.,100.));
#348 = CARTESIAN_POINT('',(32.,3.963495408494,100.));
#349 = CARTESIAN_POINT('',(31.559392110388,5.926991435042,100.));
#350 = CARTESIAN_POINT('',(30.678180658714,7.775132343351,100.));
#351 = CARTESIAN_POINT('',(29.392587557799,9.392587557799,100.));
#352 = CARTESIAN_POINT('',(27.77513234335,10.678180658714,
    99.999999999999));
#353 = CARTESIAN_POINT('',(25.926991435042,11.559392110388,100.));
#354 = CARTESIAN_POINT('',(23.963495408493,12.,100.));
#355 = CARTESIAN_POINT('',(22.,12.,100.));
#356 = PCURVE('',#301,#357);
#357 = DEFINITIONAL_REPRESENTATION('',(#358),#371);
#358 = B_SPLINE_CURVE_WITH_KNOTS('',6,(#359,#360,#361,#362,#363,#364,
    #365,#366,#367,#368,#369,#370),.UNSPECIFIED.,.F.,.F.,(7,5,7),(0.,
    0.785398163397,1.570796326795),.UNSPECIFIED.);
#359 = CARTESIAN_POINT('',(0.,-100.));
#360 = CARTESIAN_POINT('',(0.145392652579,-99.99999999997));
#361 = CARTESIAN_POINT('',(0.281328410978,-100.0000000001));
#362 = CARTESIAN_POINT('',(0.411187802303,-99.99999999985));
#363 = CARTESIAN_POINT('',(0.537194906024,-100.0000000001));
#364 = CARTESIAN_POINT('',(0.661297781031,-99.99999999997));
#365 = CARTESIAN_POINT('',(0.909498545764,-99.99999999998));
#366 = CARTESIAN_POINT('',(1.03360142077,-100.));
#367 = CARTESIAN_POINT('',(1.159608524494,-99.99999999993));
#368 = CARTESIAN_POINT('',(1.289467915815,-100.));
#369 = CARTESIAN_POINT('',(1.425403674216,-99.99999999998));
#370 = CARTESIAN_POINT('',(1.570796326795,-100.));
#371 = ( GEOMETRIC_REPRESENTATION_CONTEXT(2) 
PARAMETRIC_REPRESENTATION_CONTEXT() REPRESENTATION_CONTEXT('2D SPACE',''
  ) );
#372 = PCURVE('',#373,#378);
#373 = B_SPLINE_SURFACE_WITH_KNOTS('',1,1,(
    (#374,#375)
    ,(#376,#377
    )),.UNSPECIFIED.,.F.,.F.,.F.,(2,2),(2,2),(-5.056906838957,
    4.943093161043),(-5.056906838957,4.943093161043),
  .PIECEWISE_BEZIER_KNOTS.);
#374 = CARTESIAN_POINT('',(22.,2.,100.));
#375 = CARTESIAN_POINT('',(22.,12.,100.));
#376 = CARTESIAN_POINT('',(32.,2.,100.));
#377 = CARTESIAN_POINT('',(32.,12.,100.));
#378 = DEFINITIONAL_REPRESENTATION('',(#379),#389);
#379 = B_SPLINE_CURVE_WITH_KNOTS('',8,(#380,#381,#382,#383,#384,#385,
    #386,#387,#388),.UNSPECIFIED.,.F.,.F.,(9,9),(0.,1.570796326795),
  .PIECEWISE_BEZIER_KNOTS.);
#380 = CARTESIAN_POINT('',(4.943093161043,-5.056906838957));
#381 = CARTESIAN_POINT('',(4.943093161043,-3.093411430463));
#382 = CARTESIAN_POINT('',(4.502485271431,-1.129915403915));
#383 = CARTESIAN_POINT('',(3.621273819757,0.718225504394));
#384 = CARTESIAN_POINT('',(2.335680718843,2.335680718842));
#385 = CARTESIAN_POINT('',(0.718225504393,3.621273819757));
#386 = CARTESIAN_POINT('',(-1.129915403915,4.502485271431));
#387 = CARTESIAN_POINT('',(-3.093411430463,4.943093161043));
#388 = CARTESIAN_POINT('',(-5.056906838957,4.943093161043));
#389 = ( GEOMETRIC_REPRESENTATION_CONTEXT(2) 
PARAMETRIC_REPRESENTATION_CONTEXT() REPRESENTATION_CONTEXT('2D SPACE',''
  ) );
#390 = ORIENTED_EDGE('',*,*,#391,.F.);
#391 = EDGE_CURVE('',#392,#343,#394,.T.);
#392 = VERTEX_POINT('',#393);
#393 = CARTESIAN_POINT('',(22.,12.,0.));
#394 = SURFACE_CURVE('',#395,(#398,#405),.PCURVE_S1.);
#395 = B_SPLINE_CURVE_WITH_KNOTS('',1,(#396,#397),.UNSPECIFIED.,.F.,.F.,
  (2,2),(0.,100.),.PIECEWISE_BEZIER_KNOTS.);
#396 = CARTESIAN_POINT('',(22.,12.,0.));
#397 = CARTESIAN_POINT('',(22.,12.,100.));
#398 = PCURVE('',#301,#399);
#399 = DEFINITIONAL_REPRESENTATION('',(#400),#404);
#400 = B_SPLINE_CURVE_WITH_KNOTS('',2,(#401,#402,#403),.UNSPECIFIED.,.F.
  ,.F.,(3,3),(0.,100.),.PIECEWISE_BEZIER_KNOTS.);
#401 = CARTESIAN_POINT('',(1.570796326795,7.105427357601E-15));
#402 = CARTESIAN_POINT('',(1.570796326795,-50.));
#403 = CARTESIAN_POINT('',(1.570796326795,-100.));
#404 = ( GEOMETRIC_REPRESENTATION_CONTEXT(2) 
PARAMETRIC_REPRESENTATION_CONTEXT() REPRESENTATION_CONTEXT('2D SPACE',''
  ) );
#405 = PCURVE('',#406,#411);
#406 = B_SPLINE_SURFACE_WITH_KNOTS('',1,1,(
    (#407,#408)
    ,(#409,#410
    )),.UNSPECIFIED.,.F.,.F.,.F.,(2,2),(2,2),(0.,44.),(-100.,0.),
  .PIECEWISE_BEZIER_KNOTS.);
#407 = CARTESIAN_POINT('',(22.,12.,100.));
#408 = CARTESIAN_POINT('',(22.,12.,0.));
#409 = CARTESIAN_POINT('',(-22.,12.,100.));
#410 = CARTESIAN_POINT('',(-22.,12.,0.));
#411 = DEFINITIONAL_REPRESENTATION('',(#412),#415);
#412 = B_SPLINE_CURVE_WITH_KNOTS('',1,(#413,#414),.UNSPECIFIED.,.F.,.F.,
  (2,2),(0.,100.),.PIECEWISE_BEZIER_KNOTS.);
#413 = CARTESIAN_POINT('',(0.,0.));
#414 = CARTESIAN_POINT('',(0.,-100.));
#415 = ( GEOMETRIC_REPRESENTATION_CONTEXT(2) 
PARAMETRIC_REPRESENTATION_CONTEXT() REPRESENTATION_CONTEXT('2D SPACE',''
  ) );
#416 = ORIENTED_EDGE('',*,*,#417,.F.);
#417 = EDGE_CURVE('',#288,#392,#418,.T.);
#418 = SURFACE_CURVE('',#419,(#429,#445),.PCURVE_S1.);
#419 = B_SPLINE_CURVE_WITH_KNOTS('',8,(#420,#421,#422,#423,#424,#425,
    #426,#427,#428),.UNSPECIFIED.,.F.,.F.,(9,9),(0.,1.570796326795),
  .PIECEWISE_BEZIER_KNOTS.);
#420 = CARTESIAN_POINT('',(32.,2.,0.));
#421 = CARTESIAN_POINT('',(32.,3.963495408494,0.));
#422 = CARTESIAN_POINT('',(31.559392110388,5.926991435042,0.));
#423 = CARTESIAN_POINT('',(30.678180658714,7.775132343351,0.));
#424 = CARTESIAN_POINT('',(29.392587557799,9.392587557799,0.));
#425 = CARTESIAN_POINT('',(27.77513234335,10.678180658714,0.));
#426 = CARTESIAN_POINT('',(25.926991435042,11.559392110388,0.));
#427 = CARTESIAN_POINT('',(23.963495408493,12.,0.));
#428 = CARTESIAN_POINT('',(22.,12.,0.));
#429 = PCURVE('',#301,#430);
#430 = DEFINITIONAL_REPRESENTATION('',(#431),#444);
#431 = B_SPLINE_CURVE_WITH_KNOTS('',6,(#432,#433,#434,#435,#436,#437,
    #438,#439,#440,#441,#442,#443),.UNSPECIFIED.,.F.,.F.,(7,5,7),(0.,
    0.785398163397,1.570796326795),.UNSPECIFIED.);
#432 = CARTESIAN_POINT('',(9.865181867315E-17,2.231235581979E-31));
#433 = CARTESIAN_POINT('',(0.145392652579,3.038789387431E-14));
#434 = CARTESIAN_POINT('',(0.281328410979,-6.774461423204E-14));
#435 = CARTESIAN_POINT('',(0.411187802303,6.66644489889E-14));
#436 = CARTESIAN_POINT('',(0.537194906024,-1.979519950098E-14));
#437 = CARTESIAN_POINT('',(0.661297781031,-1.992429870613E-15));
#438 = CARTESIAN_POINT('',(0.909498545764,-5.209106135527E-15));
#439 = CARTESIAN_POINT('',(1.03360142077,-9.261840235087E-16));
#440 = CARTESIAN_POINT('',(1.159608524494,1.996032748421E-14));
#441 = CARTESIAN_POINT('',(1.289467915815,-7.582719383616E-15));
#442 = CARTESIAN_POINT('',(1.425403674216,-1.48509587627E-15));
#443 = CARTESIAN_POINT('',(1.570796326795,2.677482698375E-30));
#444 = ( GEOMETRIC_REPRESENTATION_CONTEXT(2) 
PARAMETRIC_REPRESENTATION_CONTEXT() REPRESENTATION_CONTEXT('2D SPACE',''
  ) );
#445 = PCURVE('',#446,#451);
#446 = B_SPLINE_SURFACE_WITH_KNOTS('',1,1,(
    (#447,#448)
    ,(#449,#450
    )),.UNSPECIFIED.,.F.,.F.,.F.,(2,2),(2,2),(-5.056906838957,
    4.943093161043),(-5.056906838957,4.943093161043),
  .PIECEWISE_BEZIER_KNOTS.);
#447 = CARTESIAN_POINT('',(22.,2.,0.));
#448 = CARTESIAN_POINT('',(22.,12.,0.));
#449 = CARTESIAN_POINT('',(32.,2.,0.));
#450 = CARTESIAN_POINT('',(32.,12.,0.));
#451 = DEFINITIONAL_REPRESENTATION('',(#452),#462);
#452 = B_SPLINE_CURVE_WITH_KNOTS('',8,(#453,#454,#455,#456,#457,#458,
    #459,#460,#461),.UNSPECIFIED.,.F.,.F.,(9,9),(0.,1.570796326795),
  .PIECEWISE_BEZIER_KNOTS.);
#453 = CARTESIAN_POINT('',(4.943093161043,-5.056906838957));
#454 = CARTESIAN_POINT('',(4.943093161043,-3.093411430463));
#455 = CARTESIAN_POINT('',(4.502485271431,-1.129915403915));
#456 = CARTESIAN_POINT('',(3.621273819757,0.718225504394));
#457 = CARTESIAN_POINT('',(2.335680718843,2.335680718842));
#458 = CARTESIAN_POINT('',(0.718225504393,3.621273819757));
#459 = CARTESIAN_POINT('',(-1.129915403915,4.502485271431));
#460 = CARTESIAN_POINT('',(-3.093411430463,4.943093161043));
#461 = CARTESIAN_POINT('',(-5.056906838957,4.943093161043));
#462 = ( GEOMETRIC_REPRESENTATION_CONTEXT(2) 
PARAMETRIC_REPRESENTATION_CONTEXT() REPRESENTATION_CONTEXT('2D SPACE',''
  ) );
#463 = ADVANCED_FACE('',(#464),#406,.F.);
#464 = FACE_BOUND('',#465,.F.);
#465 = EDGE_LOOP('',(#466,#467,#492,#520));
#466 = ORIENTED_EDGE('',*,*,#391,.T.);
#467 = ORIENTED_EDGE('',*,*,#468,.T.);
#468 = EDGE_CURVE('',#343,#469,#471,.T.);
#469 = VERTEX_POINT('',#470);
#470 = CARTESIAN_POINT('',(-22.,12.,100.));
#471 = SURFACE_CURVE('',#472,(#475,#481),.PCURVE_S1.);
#472 = B_SPLINE_CURVE_WITH_KNOTS('',1,(#473,#474),.UNSPECIFIED.,.F.,.F.,
  (2,2),(0.,44.),.PIECEWISE_BEZIER_KNOTS.);
#473 = CARTESIAN_POINT('',(22.,12.,100.));
#474 = CARTESIAN_POINT('',(-22.,12.,100.));
#475 = PCURVE('',#406,#476);
#476 = DEFINITIONAL_REPRESENTATION('',(#477),#480);
#477 = B_SPLINE_CURVE_WITH_KNOTS('',1,(#478,#479),.UNSPECIFIED.,.F.,.F.,
  (2,2),(0.,44.),.PIECEWISE_BEZIER_KNOTS.);
#478 = CARTESIAN_POINT('',(0.,-100.));
#479 = CARTESIAN_POINT('',(44.,-100.));
#480 = ( GEOMETRIC_REPRESENTATION_CONTEXT(2) 
PARAMETRIC_REPRESENTATION_CONTEXT() REPRESENTATION_CONTEXT('2D SPACE',''
  ) );
#481 = PCURVE('',#482,#487);
#482 = B_SPLINE_SURFACE_WITH_KNOTS('',1,1,(
    (#483,#484)
    ,(#485,#486
    )),.UNSPECIFIED.,.F.,.F.,.F.,(2,2),(2,2),(-22.,22.),(-2.,2.),
  .PIECEWISE_BEZIER_KNOTS.);
#483 = CARTESIAN_POINT('',(-22.,8.,100.));
#484 = CARTESIAN_POINT('',(-22.,12.,100.));
#485 = CARTESIAN_POINT('',(22.,8.,100.));
#486 = CARTESIAN_POINT('',(22.,12.,100.));
#487 = DEFINITIONAL_REPRESENTATION('',(#488),#491);
#488 = B_SPLINE_CURVE_WITH_KNOTS('',1,(#489,#490),.UNSPECIFIED.,.F.,.F.,
  (2,2),(0.,44.),.PIECEWISE_BEZIER_KNOTS.);
#489 = CARTESIAN_POINT('',(22.,2.));
#490 = CARTESIAN_POINT('',(-22.,2.));
#491 = ( GEOMETRIC_REPRESENTATION_CONTEXT(2) 
PARAMETRIC_REPRESENTATION_CONTEXT() REPRESENTATION_CONTEXT('2D SPACE',''
  ) );
#492 = ORIENTED_EDGE('',*,*,#493,.F.);
#493 = EDGE_CURVE('',#494,#469,#496,.T.);
#494 = VERTEX_POINT('',#495);
#495 = CARTESIAN_POINT('',(-22.,12.,0.));
#496 = SURFACE_CURVE('',#497,(#500,#506),.PCURVE_S1.);
#497 = B_SPLINE_CURVE_WITH_KNOTS('',1,(#498,#499),.UNSPECIFIED.,.F.,.F.,
  (2,2),(0.,100.),.PIECEWISE_BEZIER_KNOTS.);
#498 = CARTESIAN_POINT('',(-22.,12.,0.));
#499 = CARTESIAN_POINT('',(-22.,12.,100.));
#500 = PCURVE('',#406,#501);
#501 = DEFINITIONAL_REPRESENTATION('',(#502),#505);
#502 = B_SPLINE_CURVE_WITH_KNOTS('',1,(#503,#504),.UNSPECIFIED.,.F.,.F.,
  (2,2),(0.,100.),.PIECEWISE_BEZIER_KNOTS.);
#503 = CARTESIAN_POINT('',(44.,0.));
#504 = CARTESIAN_POINT('',(44.,-100.));
#505 = ( GEOMETRIC_REPRESENTATION_CONTEXT(2) 
PARAMETRIC_REPRESENTATION_CONTEXT() REPRESENTATION_CONTEXT('2D SPACE',''
  ) );
#506 = PCURVE('',#507,#514);
#507 = ( BOUNDED_SURFACE() B_SPLINE_SURFACE(2,1,(
    (#508,#509)
    ,(#510,#511)
,(#512,#513
    )),.UNSPECIFIED.,.F.,.F.,.F.) B_SPLINE_SURFACE_WITH_KNOTS((3,3),(2,2
    ),(1.570796326795,3.14159265359),(-100.,0.),
.PIECEWISE_BEZIER_KNOTS.) GEOMETRIC_REPRESENTATION_ITEM() 
RATIONAL_B_SPLINE_SURFACE((
    (1.,1.)
    ,(0.707106781187,0.707106781187)
,(1.,1.))) REPRESENTATION_ITEM('') SURFACE() );
#508 = CARTESIAN_POINT('',(-22.,12.,100.));
#509 = CARTESIAN_POINT('',(-22.,12.,0.));
#510 = CARTESIAN_POINT('',(-32.,12.,100.));
#511 = CARTESIAN_POINT('',(-32.,12.,0.));
#512 = CARTESIAN_POINT('',(-32.,2.,100.));
#513 = CARTESIAN_POINT('',(-32.,2.,0.));
#514 = DEFINITIONAL_REPRESENTATION('',(#515),#519);
#515 = B_SPLINE_CURVE_WITH_KNOTS('',2,(#516,#517,#518),.UNSPECIFIED.,.F.
  ,.F.,(3,3),(0.,100.),.PIECEWISE_BEZIER_KNOTS.);
#516 = CARTESIAN_POINT('',(1.570796326795,0.));
#517 = CARTESIAN_POINT('',(1.570796326795,-50.));
#518 = CARTESIAN_POINT('',(1.570796326795,-100.));
#519 = ( GEOMETRIC_REPRESENTATION_CONTEXT(2) 
PARAMETRIC_REPRESENTATION_CONTEXT() REPRESENTATION_CONTEXT('2D SPACE',''
  ) );
#520 = ORIENTED_EDGE('',*,*,#521,.F.);
#521 = EDGE_CURVE('',#392,#494,#522,.T.);
#522 = SURFACE_CURVE('',#523,(#526,#532),.PCURVE_S1.);
#523 = B_SPLINE_CURVE_WITH_KNOTS('',1,(#524,#525),.UNSPECIFIED.,.F.,.F.,
  (2,2),(0.,44.),.PIECEWISE_BEZIER_KNOTS.);
#524 = CARTESIAN_POINT('',(22.,12.,0.));
#525 = CARTESIAN_POINT('',(-22.,12.,0.));
#526 = PCURVE('',#406,#527);
#527 = DEFINITIONAL_REPRESENTATION('',(#528),#531);
#528 = B_SPLINE_CURVE_WITH_KNOTS('',1,(#529,#530),.UNSPECIFIED.,.F.,.F.,
  (2,2),(0.,44.),.PIECEWISE_BEZIER_KNOTS.);
#529 = CARTESIAN_POINT('',(0.,0.));
#530 = CARTESIAN_POINT('',(44.,0.));
#531 = ( GEOMETRIC_REPRESENTATION_CONTEXT(2) 
PARAMETRIC_REPRESENTATION_CONTEXT() REPRESENTATION_CONTEXT('2D SPACE',''
  ) );
#532 = PCURVE('',#533,#538);
#533 = B_SPLINE_SURFACE_WITH_KNOTS('',1,1,(
    (#534,#535)
    ,(#536,#537
    )),.UNSPECIFIED.,.F.,.F.,.F.,(2,2),(2,2),(-22.,22.),(-2.,2.),
  .PIECEWISE_BEZIER_KNOTS.);
#534 = CARTESIAN_POINT('',(-22.,8.,0.));
#535 = CARTESIAN_POINT('',(-22.,12.,0.));
#536 = CARTESIAN_POINT('',(22.,8.,0.));
#537 = CARTESIAN_POINT('',(22.,12.,0.));
#538 = DEFINITIONAL_REPRESENTATION('',(#539),#542);
#539 = B_SPLINE_CURVE_WITH_KNOTS('',1,(#540,#541),.UNSPECIFIED.,.F.,.F.,
  (2,2),(0.,44.),.PIECEWISE_BEZIER_KNOTS.);
#540 = CARTESIAN_POINT('',(22.,2.));
#541 = CARTESIAN_POINT('',(-22.,2.));
#542 = ( GEOMETRIC_REPRESENTATION_CONTEXT(2) 
PARAMETRIC_REPRESENTATION_CONTEXT() REPRESENTATION_CONTEXT('2D SPACE',''
  ) );
#543 = ADVANCED_FACE('',(#544),#507,.F.);
#544 = FACE_BOUND('',#545,.F.);
#545 = EDGE_LOOP('',(#546,#547,#596,#622));
#546 = ORIENTED_EDGE('',*,*,#493,.T.);
#547 = ORIENTED_EDGE('',*,*,#548,.T.);
#548 = EDGE_CURVE('',#469,#549,#551,.T.);
#549 = VERTEX_POINT('',#550);
#550 = CARTESIAN_POINT('',(-32.,2.,100.));
#551 = SURFACE_CURVE('',#552,(#562,#578),.PCURVE_S1.);
#552 = B_SPLINE_CURVE_WITH_KNOTS('',8,(#553,#554,#555,#556,#557,#558,
    #559,#560,#561),.UNSPECIFIED.,.F.,.F.,(9,9),(1.570796326795,
    3.14159265359),.PIECEWISE_BEZIER_KNOTS.);
#553 = CARTESIAN_POINT('',(-22.,12.,100.));
#554 = CARTESIAN_POINT('',(-23.96349540849,12.,100.));
#555 = CARTESIAN_POINT('',(-25.92699143504,11.559392110388,
    99.999999999999));
#556 = CARTESIAN_POINT('',(-27.77513234335,10.678180658715,100.));
#557 = CARTESIAN_POINT('',(-29.39258755779,9.392587557799,
    99.999999999996));
#558 = CARTESIAN_POINT('',(-30.67818065871,7.775132343351,100.));
#559 = CARTESIAN_POINT('',(-31.55939211038,5.926991435042,
    99.999999999998));
#560 = CARTESIAN_POINT('',(-32.,3.963495408494,100.));
#561 = CARTESIAN_POINT('',(-32.,2.,100.));
#562 = PCURVE('',#507,#563);
#563 = DEFINITIONAL_REPRESENTATION('',(#564),#577);
#564 = B_SPLINE_CURVE_WITH_KNOTS('',6,(#565,#566,#567,#568,#569,#570,
    #571,#572,#573,#574,#575,#576),.UNSPECIFIED.,.F.,.F.,(7,5,7),(
    1.570796326795,2.356194490192,3.14159265359),.UNSPECIFIED.);
#565 = CARTESIAN_POINT('',(1.570796326795,-100.));
#566 = CARTESIAN_POINT('',(1.716188979374,-100.));
#567 = CARTESIAN_POINT('',(1.852124737774,-100.));
#568 = CARTESIAN_POINT('',(1.981984129098,-100.));
#569 = CARTESIAN_POINT('',(2.107991232819,-99.99999999999));
#570 = CARTESIAN_POINT('',(2.232094107826,-100.));
#571 = CARTESIAN_POINT('',(2.480294872559,-99.99999999999));
#572 = CARTESIAN_POINT('',(2.604397747567,-100.));
#573 = CARTESIAN_POINT('',(2.730404851286,-99.9999999999));
#574 = CARTESIAN_POINT('',(2.860264242614,-100.));
#575 = CARTESIAN_POINT('',(2.996200001011,-100.));
#576 = CARTESIAN_POINT('',(3.14159265359,-100.));
#577 = ( GEOMETRIC_REPRESENTATION_CONTEXT(2) 
PARAMETRIC_REPRESENTATION_CONTEXT() REPRESENTATION_CONTEXT('2D SPACE',''
  ) );
#578 = PCURVE('',#579,#584);
#579 = B_SPLINE_SURFACE_WITH_KNOTS('',1,1,(
    (#580,#581)
    ,(#582,#583
    )),.UNSPECIFIED.,.F.,.F.,.F.,(2,2),(2,2),(-4.943093161043,
    5.056906838957),(-5.056906838957,4.943093161043),
  .PIECEWISE_BEZIER_KNOTS.);
#580 = CARTESIAN_POINT('',(-32.,2.,100.));
#581 = CARTESIAN_POINT('',(-32.,12.,100.));
#582 = CARTESIAN_POINT('',(-22.,2.,100.));
#583 = CARTESIAN_POINT('',(-22.,12.,100.));
#584 = DEFINITIONAL_REPRESENTATION('',(#585),#595);
#585 = B_SPLINE_CURVE_WITH_KNOTS('',8,(#586,#587,#588,#589,#590,#591,
    #592,#593,#594),.UNSPECIFIED.,.F.,.F.,(9,9),(1.570796326795,
    3.14159265359),.PIECEWISE_BEZIER_KNOTS.);
#586 = CARTESIAN_POINT('',(5.056906838957,4.943093161043));
#587 = CARTESIAN_POINT('',(3.093411430463,4.943093161043));
#588 = CARTESIAN_POINT('',(1.129915403915,4.502485271431));
#589 = CARTESIAN_POINT('',(-0.718225504395,3.621273819758));
#590 = CARTESIAN_POINT('',(-2.33568071884,2.335680718842));
#591 = CARTESIAN_POINT('',(-3.621273819759,0.718225504394));
#592 = CARTESIAN_POINT('',(-4.50248527143,-1.129915403915));
#593 = CARTESIAN_POINT('',(-4.943093161043,-3.093411430463));
#594 = CARTESIAN_POINT('',(-4.943093161043,-5.056906838957));
#595 = ( GEOMETRIC_REPRESENTATION_CONTEXT(2) 
PARAMETRIC_REPRESENTATION_CONTEXT() REPRESENTATION_CONTEXT('2D SPACE',''
  ) );
#596 = ORIENTED_EDGE('',*,*,#597,.F.);
#597 = EDGE_CURVE('',#598,#549,#600,.T.);
#598 = VERTEX_POINT('',#599);
#599 = CARTESIAN_POINT('',(-32.,2.,0.));
#600 = SURFACE_CURVE('',#601,(#604,#611),.PCURVE_S1.);
#601 = B_SPLINE_CURVE_WITH_KNOTS('',1,(#602,#603),.UNSPECIFIED.,.F.,.F.,
  (2,2),(0.,100.),.PIECEWISE_BEZIER_KNOTS.);
#602 = CARTESIAN_POINT('',(-32.,2.,0.));
#603 = CARTESIAN_POINT('',(-32.,2.,100.));
#604 = PCURVE('',#507,#605);
#605 = DEFINITIONAL_REPRESENTATION('',(#606),#610);
#606 = B_SPLINE_CURVE_WITH_KNOTS('',2,(#607,#608,#609),.UNSPECIFIED.,.F.
  ,.F.,(3,3),(0.,100.),.PIECEWISE_BEZIER_KNOTS.);
#607 = CARTESIAN_POINT('',(3.14159265359,0.));
#608 = CARTESIAN_POINT('',(3.14159265359,-50.));
#609 = CARTESIAN_POINT('',(3.14159265359,-100.));
#610 = ( GEOMETRIC_REPRESENTATION_CONTEXT(2) 
PARAMETRIC_REPRESENTATION_CONTEXT() REPRESENTATION_CONTEXT('2D SPACE',''
  ) );
#611 = PCURVE('',#612,#617);
#612 = B_SPLINE_SURFACE_WITH_KNOTS('',1,1,(
    (#613,#614)
    ,(#615,#616
    )),.UNSPECIFIED.,.F.,.F.,.F.,(2,2),(2,2),(0.,4.),(-100.,0.),
  .PIECEWISE_BEZIER_KNOTS.);
#613 = CARTESIAN_POINT('',(-32.,2.,100.));
#614 = CARTESIAN_POINT('',(-32.,2.,0.));
#615 = CARTESIAN_POINT('',(-32.,-2.,100.));
#616 = CARTESIAN_POINT('',(-32.,-2.,0.));
#617 = DEFINITIONAL_REPRESENTATION('',(#618),#621);
#618 = B_SPLINE_CURVE_WITH_KNOTS('',1,(#619,#620),.UNSPECIFIED.,.F.,.F.,
  (2,2),(0.,100.),.PIECEWISE_BEZIER_KNOTS.);
#619 = CARTESIAN_POINT('',(-1.33226762955E-15,0.));
#620 = CARTESIAN_POINT('',(-1.33226762955E-15,-100.));
#621 = ( GEOMETRIC_REPRESENTATION_CONTEXT(2) 
PARAMETRIC_REPRESENTATION_CONTEXT() REPRESENTATION_CONTEXT('2D SPACE',''
  ) );
#622 = ORIENTED_EDGE('',*,*,#623,.F.);
#623 = EDGE_CURVE('',#494,#598,#624,.T.);
#624 = SURFACE_CURVE('',#625,(#635,#651),.PCURVE_S1.);
#625 = B_SPLINE_CURVE_WITH_KNOTS('',8,(#626,#627,#628,#629,#630,#631,
    #632,#633,#634),.UNSPECIFIED.,.F.,.F.,(9,9),(1.570796326795,
    3.14159265359),.PIECEWISE_BEZIER_KNOTS.);
#626 = CARTESIAN_POINT('',(-22.,12.,0.));
#627 = CARTESIAN_POINT('',(-23.96349540849,12.,0.));
#628 = CARTESIAN_POINT('',(-25.92699143504,11.559392110388,0.));
#629 = CARTESIAN_POINT('',(-27.77513234335,10.678180658715,0.));
#630 = CARTESIAN_POINT('',(-29.39258755779,9.392587557799,0.));
#631 = CARTESIAN_POINT('',(-30.67818065871,7.775132343351,0.));
#632 = CARTESIAN_POINT('',(-31.55939211038,5.926991435042,0.));
#633 = CARTESIAN_POINT('',(-32.,3.963495408494,0.));
#634 = CARTESIAN_POINT('',(-32.,2.,0.));
#635 = PCURVE('',#507,#636);
#636 = DEFINITIONAL_REPRESENTATION('',(#637),#650);
#637 = B_SPLINE_CURVE_WITH_KNOTS('',6,(#638,#639,#640,#641,#642,#643,
    #644,#645,#646,#647,#648,#649),.UNSPECIFIED.,.F.,.F.,(7,5,7),(
    1.570796326795,2.356194490192,3.14159265359),.UNSPECIFIED.);
#638 = CARTESIAN_POINT('',(1.570796326795,-7.105427357601E-15));
#639 = CARTESIAN_POINT('',(1.716188979374,2.691565745231E-14));
#640 = CARTESIAN_POINT('',(1.852124737774,-5.40886243839E-14));
#641 = CARTESIAN_POINT('',(1.981984129098,5.589900746606E-14));
#642 = CARTESIAN_POINT('',(2.107991232819,-2.888553744338E-14));
#643 = CARTESIAN_POINT('',(2.232094107826,6.040809714119E-15));
#644 = CARTESIAN_POINT('',(2.480294872559,4.732889693847E-15));
#645 = CARTESIAN_POINT('',(2.604397747567,-2.420305309506E-14));
#646 = CARTESIAN_POINT('',(2.730404851286,5.030851964078E-14));
#647 = CARTESIAN_POINT('',(2.860264242614,-5.345484185184E-14));
#648 = CARTESIAN_POINT('',(2.996200001011,2.703053986964E-14));
#649 = CARTESIAN_POINT('',(3.14159265359,0.));
#650 = ( GEOMETRIC_REPRESENTATION_CONTEXT(2) 
PARAMETRIC_REPRESENTATION_CONTEXT() REPRESENTATION_CONTEXT('2D SPACE',''
  ) );
#651 = PCURVE('',#652,#657);
#652 = B_SPLINE_SURFACE_WITH_KNOTS('',1,1,(
    (#653,#654)
    ,(#655,#656
    )),.UNSPECIFIED.,.F.,.F.,.F.,(2,2),(2,2),(-4.943093161043,
    5.056906838957),(-5.056906838957,4.943093161043),
  .PIECEWISE_BEZIER_KNOTS.);
#653 = CARTESIAN_POINT('',(-32.,2.,0.));
#654 = CARTESIAN_POINT('',(-32.,12.,0.));
#655 = CARTESIAN_POINT('',(-22.,2.,0.));
#656 = CARTESIAN_POINT('',(-22.,12.,0.));
#657 = DEFINITIONAL_REPRESENTATION('',(#658),#668);
#658 = B_SPLINE_CURVE_WITH_KNOTS('',8,(#659,#660,#661,#662,#663,#664,
    #665,#666,#667),.UNSPECIFIED.,.F.,.F.,(9,9),(1.570796326795,
    3.14159265359),.PIECEWISE_BEZIER_KNOTS.);
#659 = CARTESIAN_POINT('',(5.056906838957,4.943093161043));
#660 = CARTESIAN_POINT('',(3.093411430463,4.943093161043));
#661 = CARTESIAN_POINT('',(1.129915403915,4.502485271431));
#662 = CARTESIAN_POINT('',(-0.718225504395,3.621273819758));
#663 = CARTESIAN_POINT('',(-2.33568071884,2.335680718842));
#664 = CARTESIAN_POINT('',(-3.621273819759,0.718225504394));
#665 = CARTESIAN_POINT('',(-4.50248527143,-1.129915403915));
#666 = CARTESIAN_POINT('',(-4.943093161043,-3.093411430463));
#667 = CARTESIAN_POINT('',(-4.943093161043,-5.056906838957));
#668 = ( GEOMETRIC_REPRESENTATION_CONTEXT(2) 
PARAMETRIC_REPRESENTATION_CONTEXT() REPRESENTATION_CONTEXT('2D SPACE',''
  ) );
#669 = ADVANCED_FACE('',(#670),#612,.F.);
#670 = FACE_BOUND('',#671,.F.);
#671 = EDGE_LOOP('',(#672,#673,#698,#719));
#672 = ORIENTED_EDGE('',*,*,#597,.T.);
#673 = ORIENTED_EDGE('',*,*,#674,.T.);
#674 = EDGE_CURVE('',#549,#675,#677,.T.);
#675 = VERTEX_POINT('',#676);
#676 = CARTESIAN_POINT('',(-32.,-2.,100.));
#677 = SURFACE_CURVE('',#678,(#681,#687),.PCURVE_S1.);
#678 = B_SPLINE_CURVE_WITH_KNOTS('',1,(#679,#680),.UNSPECIFIED.,.F.,.F.,
  (2,2),(0.,4.),.PIECEWISE_BEZIER_KNOTS.);
#679 = CARTESIAN_POINT('',(-32.,2.,100.));
#680 = CARTESIAN_POINT('',(-32.,-2.,100.));
#681 = PCURVE('',#612,#682);
#682 = DEFINITIONAL_REPRESENTATION('',(#683),#686);
#683 = B_SPLINE_CURVE_WITH_KNOTS('',1,(#684,#685),.UNSPECIFIED.,.F.,.F.,
  (2,2),(0.,4.),.PIECEWISE_BEZIER_KNOTS.);
#684 = CARTESIAN_POINT('',(0.,-100.));
#685 = CARTESIAN_POINT('',(4.,-100.));
#686 = ( GEOMETRIC_REPRESENTATION_CONTEXT(2) 
PARAMETRIC_REPRESENTATION_CONTEXT() REPRESENTATION_CONTEXT('2D SPACE',''
  ) );
#687 = PCURVE('',#688,#693);
#688 = B_SPLINE_SURFACE_WITH_KNOTS('',1,1,(
    (#689,#690)
    ,(#691,#692
    )),.UNSPECIFIED.,.F.,.F.,.F.,(2,2),(2,2),(-2.,2.),(-2.,2.),
  .PIECEWISE_BEZIER_KNOTS.);
#689 = CARTESIAN_POINT('',(-32.,-2.,100.));
#690 = CARTESIAN_POINT('',(-32.,2.,100.));
#691 = CARTESIAN_POINT('',(-28.,-2.,100.));
#692 = CARTESIAN_POINT('',(-28.,2.,100.));
#693 = DEFINITIONAL_REPRESENTATION('',(#694),#697);
#694 = B_SPLINE_CURVE_WITH_KNOTS('',1,(#695,#696),.UNSPECIFIED.,.F.,.F.,
  (2,2),(0.,4.),.PIECEWISE_BEZIER_KNOTS.);
#695 = CARTESIAN_POINT('',(-2.,2.));
#696 = CARTESIAN_POINT('',(-2.,-2.));
#697 = ( GEOMETRIC_REPRESENTATION_CONTEXT(2) 
PARAMETRIC_REPRESENTATION_CONTEXT() REPRESENTATION_CONTEXT('2D SPACE',''
  ) );
#698 = ORIENTED_EDGE('',*,*,#699,.F.);
#699 = EDGE_CURVE('',#700,#675,#702,.T.);
#700 = VERTEX_POINT('',#701);
#701 = CARTESIAN_POINT('',(-32.,-2.,0.));
#702 = SURFACE_CURVE('',#703,(#706,#712),.PCURVE_S1.);
#703 = B_SPLINE_CURVE_WITH_KNOTS('',1,(#704,#705),.UNSPECIFIED.,.F.,.F.,
  (2,2),(0.,100.),.PIECEWISE_BEZIER_KNOTS.);
#704 = CARTESIAN_POINT('',(-32.,-2.,0.));
#705 = CARTESIAN_POINT('',(-32.,-2.,100.));
#706 = PCURVE('',#612,#707);
#707 = DEFINITIONAL_REPRESENTATION('',(#708),#711);
#708 = B_SPLINE_CURVE_WITH_KNOTS('',1,(#709,#710),.UNSPECIFIED.,.F.,.F.,
  (2,2),(0.,100.),.PIECEWISE_BEZIER_KNOTS.);
#709 = CARTESIAN_POINT('',(4.,0.));
#710 = CARTESIAN_POINT('',(4.,-100.));
#711 = ( GEOMETRIC_REPRESENTATION_CONTEXT(2) 
PARAMETRIC_REPRESENTATION_CONTEXT() REPRESENTATION_CONTEXT('2D SPACE',''
  ) );
#712 = PCURVE('',#42,#713);
#713 = DEFINITIONAL_REPRESENTATION('',(#714),#718);
#714 = B_SPLINE_CURVE_WITH_KNOTS('',2,(#715,#716,#717),.UNSPECIFIED.,.F.
  ,.F.,(3,3),(0.,100.),.PIECEWISE_BEZIER_KNOTS.);
#715 = CARTESIAN_POINT('',(3.14159265359,-7.105427357601E-15));
#716 = CARTESIAN_POINT('',(3.14159265359,-50.));
#717 = CARTESIAN_POINT('',(3.14159265359,-100.));
#718 = ( GEOMETRIC_REPRESENTATION_CONTEXT(2) 
PARAMETRIC_REPRESENTATION_CONTEXT() REPRESENTATION_CONTEXT('2D SPACE',''
  ) );
#719 = ORIENTED_EDGE('',*,*,#720,.F.);
#720 = EDGE_CURVE('',#598,#700,#721,.T.);
#721 = SURFACE_CURVE('',#722,(#725,#731),.PCURVE_S1.);
#722 = B_SPLINE_CURVE_WITH_KNOTS('',1,(#723,#724),.UNSPECIFIED.,.F.,.F.,
  (2,2),(0.,4.),.PIECEWISE_BEZIER_KNOTS.);
#723 = CARTESIAN_POINT('',(-32.,2.,0.));
#724 = CARTESIAN_POINT('',(-32.,-2.,0.));
#725 = PCURVE('',#612,#726);
#726 = DEFINITIONAL_REPRESENTATION('',(#727),#730);
#727 = B_SPLINE_CURVE_WITH_KNOTS('',1,(#728,#729),.UNSPECIFIED.,.F.,.F.,
  (2,2),(0.,4.),.PIECEWISE_BEZIER_KNOTS.);
#728 = CARTESIAN_POINT('',(0.,0.));
#729 = CARTESIAN_POINT('',(4.,0.));
#730 = ( GEOMETRIC_REPRESENTATION_CONTEXT(2) 
PARAMETRIC_REPRESENTATION_CONTEXT() REPRESENTATION_CONTEXT('2D SPACE',''
  ) );
#731 = PCURVE('',#732,#737);
#732 = B_SPLINE_SURFACE_WITH_KNOTS('',1,1,(
    (#733,#734)
    ,(#735,#736
    )),.UNSPECIFIED.,.F.,.F.,.F.,(2,2),(2,2),(-2.,2.),(-2.,2.),
  .PIECEWISE_BEZIER_KNOTS.);
#733 = CARTESIAN_POINT('',(-32.,-2.,0.));
#734 = CARTESIAN_POINT('',(-32.,2.,0.));
#735 = CARTESIAN_POINT('',(-28.,-2.,0.));
#736 = CARTESIAN_POINT('',(-28.,2.,0.));
#737 = DEFINITIONAL_REPRESENTATION('',(#738),#741);
#738 = B_SPLINE_CURVE_WITH_KNOTS('',1,(#739,#740),.UNSPECIFIED.,.F.,.F.,
  (2,2),(0.,4.),.PIECEWISE_BEZIER_KNOTS.);
#739 = CARTESIAN_POINT('',(-2.,2.));
#740 = CARTESIAN_POINT('',(-2.,-2.));
#741 = ( GEOMETRIC_REPRESENTATION_CONTEXT(2) 
PARAMETRIC_REPRESENTATION_CONTEXT() REPRESENTATION_CONTEXT('2D SPACE',''
  ) );
#742 = ADVANCED_FACE('',(#743),#42,.F.);
#743 = FACE_BOUND('',#744,.F.);
#744 = EDGE_LOOP('',(#745,#746,#793,#794));
#745 = ORIENTED_EDGE('',*,*,#699,.T.);
#746 = ORIENTED_EDGE('',*,*,#747,.T.);
#747 = EDGE_CURVE('',#675,#24,#748,.T.);
#748 = SURFACE_CURVE('',#749,(#759,#775),.PCURVE_S1.);
#749 = B_SPLINE_CURVE_WITH_KNOTS('',8,(#750,#751,#752,#753,#754,#755,
    #756,#757,#758),.UNSPECIFIED.,.F.,.F.,(9,9),(3.14159265359,
    4.712388980385),.PIECEWISE_BEZIER_KNOTS.);
#750 = CARTESIAN_POINT('',(-32.,-2.,100.));
#751 = CARTESIAN_POINT('',(-32.,-3.963495408494,100.));
#752 = CARTESIAN_POINT('',(-31.55939211038,-5.926991435041,
    99.999999999992));
#753 = CARTESIAN_POINT('',(-30.67818065871,-7.775132343352,
    100.00000000001));
#754 = CARTESIAN_POINT('',(-29.39258755779,-9.392587557798,
    99.999999999984));
#755 = CARTESIAN_POINT('',(-27.77513234335,-10.67818065871,
    100.00000000001));
#756 = CARTESIAN_POINT('',(-25.92699143504,-11.55939211038,
    99.999999999995));
#757 = CARTESIAN_POINT('',(-23.96349540849,-12.,100.));
#758 = CARTESIAN_POINT('',(-22.,-12.,100.));
#759 = PCURVE('',#42,#760);
#760 = DEFINITIONAL_REPRESENTATION('',(#761),#774);
#761 = B_SPLINE_CURVE_WITH_KNOTS('',6,(#762,#763,#764,#765,#766,#767,
    #768,#769,#770,#771,#772,#773),.UNSPECIFIED.,.F.,.F.,(7,5,7),(
    3.14159265359,3.926990816987,4.712388980385),.UNSPECIFIED.);
#762 = CARTESIAN_POINT('',(3.14159265359,-100.));
#763 = CARTESIAN_POINT('',(3.286985306169,-99.99999999997));
#764 = CARTESIAN_POINT('',(3.422921064572,-100.0000000001));
#765 = CARTESIAN_POINT('',(3.552780455888,-99.99999999981));
#766 = CARTESIAN_POINT('',(3.678787559618,-100.0000000001));
#767 = CARTESIAN_POINT('',(3.802890434621,-99.99999999997));
#768 = CARTESIAN_POINT('',(4.051091199354,-99.99999999997));
#769 = CARTESIAN_POINT('',(4.175194074359,-100.0000000001));
#770 = CARTESIAN_POINT('',(4.301201178085,-99.9999999998));
#771 = CARTESIAN_POINT('',(4.431060569405,-100.0000000001));
#772 = CARTESIAN_POINT('',(4.566996327806,-99.99999999997));
#773 = CARTESIAN_POINT('',(4.712388980385,-100.));
#774 = ( GEOMETRIC_REPRESENTATION_CONTEXT(2) 
PARAMETRIC_REPRESENTATION_CONTEXT() REPRESENTATION_CONTEXT('2D SPACE',''
  ) );
#775 = PCURVE('',#776,#781);
#776 = B_SPLINE_SURFACE_WITH_KNOTS('',1,1,(
    (#777,#778)
    ,(#779,#780
    )),.UNSPECIFIED.,.F.,.F.,.F.,(2,2),(2,2),(-4.943093161044,
    5.056906838957),(-4.943093161043,5.056906838957),
  .PIECEWISE_BEZIER_KNOTS.);
#777 = CARTESIAN_POINT('',(-32.,-12.,100.));
#778 = CARTESIAN_POINT('',(-32.,-2.,100.));
#779 = CARTESIAN_POINT('',(-22.,-12.,100.));
#780 = CARTESIAN_POINT('',(-22.,-2.,100.));
#781 = DEFINITIONAL_REPRESENTATION('',(#782),#792);
#782 = B_SPLINE_CURVE_WITH_KNOTS('',8,(#783,#784,#785,#786,#787,#788,
    #789,#790,#791),.UNSPECIFIED.,.F.,.F.,(9,9),(3.14159265359,
    4.712388980385),.PIECEWISE_BEZIER_KNOTS.);
#783 = CARTESIAN_POINT('',(-4.943093161043,5.056906838957));
#784 = CARTESIAN_POINT('',(-4.943093161044,3.093411430463));
#785 = CARTESIAN_POINT('',(-4.502485271429,1.129915403915));
#786 = CARTESIAN_POINT('',(-3.621273819761,-0.718225504395));
#787 = CARTESIAN_POINT('',(-2.335680718838,-2.335680718841));
#788 = CARTESIAN_POINT('',(-0.718225504397,-3.621273819758));
#789 = CARTESIAN_POINT('',(1.129915403916,-4.502485271431));
#790 = CARTESIAN_POINT('',(3.093411430463,-4.943093161043));
#791 = CARTESIAN_POINT('',(5.056906838957,-4.943093161043));
#792 = ( GEOMETRIC_REPRESENTATION_CONTEXT(2) 
PARAMETRIC_REPRESENTATION_CONTEXT() REPRESENTATION_CONTEXT('2D SPACE',''
  ) );
#793 = ORIENTED_EDGE('',*,*,#21,.F.);
#794 = ORIENTED_EDGE('',*,*,#795,.F.);
#795 = EDGE_CURVE('',#700,#22,#796,.T.);
#796 = SURFACE_CURVE('',#797,(#807,#823),.PCURVE_S1.);
#797 = B_SPLINE_CURVE_WITH_KNOTS('',8,(#798,#799,#800,#801,#802,#803,
    #804,#805,#806),.UNSPECIFIED.,.F.,.F.,(9,9),(3.14159265359,
    4.712388980385),.PIECEWISE_BEZIER_KNOTS.);
#798 = CARTESIAN_POINT('',(-32.,-2.,0.));
#799 = CARTESIAN_POINT('',(-32.,-3.963495408494,0.));
#800 = CARTESIAN_POINT('',(-31.55939211038,-5.926991435041,0.));
#801 = CARTESIAN_POINT('',(-30.67818065871,-7.775132343352,0.));
#802 = CARTESIAN_POINT('',(-29.39258755779,-9.392587557798,0.));
#803 = CARTESIAN_POINT('',(-27.77513234335,-10.67818065871,0.));
#804 = CARTESIAN_POINT('',(-25.92699143504,-11.55939211038,0.));
#805 = CARTESIAN_POINT('',(-23.96349540849,-12.,0.));
#806 = CARTESIAN_POINT('',(-22.,-12.,0.));
#807 = PCURVE('',#42,#808);
#808 = DEFINITIONAL_REPRESENTATION('',(#809),#822);
#809 = B_SPLINE_CURVE_WITH_KNOTS('',6,(#810,#811,#812,#813,#814,#815,
    #816,#817,#818,#819,#820,#821),.UNSPECIFIED.,.F.,.F.,(7,5,7),(
    3.14159265359,3.926990816987,4.712388980385),.UNSPECIFIED.);
#810 = CARTESIAN_POINT('',(3.14159265359,-7.105427357601E-15));
#811 = CARTESIAN_POINT('',(3.286985306169,-1.450432515661E-14));
#812 = CARTESIAN_POINT('',(3.422921064572,3.961724121565E-15));
#813 = CARTESIAN_POINT('',(3.552780455888,-5.685364460577E-14));
#814 = CARTESIAN_POINT('',(3.678787559618,3.667809275894E-14));
#815 = CARTESIAN_POINT('',(3.802890434621,-2.443669554052E-14));
#816 = CARTESIAN_POINT('',(4.051091199354,-3.2151724228E-14));
#817 = CARTESIAN_POINT('',(4.175194074359,7.297896002336E-14));
#818 = CARTESIAN_POINT('',(4.301201178085,-1.24268433035E-13));
#819 = CARTESIAN_POINT('',(4.431060569405,6.195776290271E-14));
#820 = CARTESIAN_POINT('',(4.566996327806,-3.400448196804E-14));
#821 = CARTESIAN_POINT('',(4.712388980385,-8.032448095124E-30));
#822 = ( GEOMETRIC_REPRESENTATION_CONTEXT(2) 
PARAMETRIC_REPRESENTATION_CONTEXT() REPRESENTATION_CONTEXT('2D SPACE',''
  ) );
#823 = PCURVE('',#824,#829);
#824 = B_SPLINE_SURFACE_WITH_KNOTS('',1,1,(
    (#825,#826)
    ,(#827,#828
    )),.UNSPECIFIED.,.F.,.F.,.F.,(2,2),(2,2),(-4.943093161044,
    5.056906838957),(-4.943093161043,5.056906838957),
  .PIECEWISE_BEZIER_KNOTS.);
#825 = CARTESIAN_POINT('',(-32.,-12.,0.));
#826 = CARTESIAN_POINT('',(-32.,-2.,0.));
#827 = CARTESIAN_POINT('',(-22.,-12.,0.));
#828 = CARTESIAN_POINT('',(-22.,-2.,0.));
#829 = DEFINITIONAL_REPRESENTATION('',(#830),#840);
#830 = B_SPLINE_CURVE_WITH_KNOTS('',8,(#831,#832,#833,#834,#835,#836,
    #837,#838,#839),.UNSPECIFIED.,.F.,.F.,(9,9),(3.14159265359,
    4.712388980385),.PIECEWISE_BEZIER_KNOTS.);
#831 = CARTESIAN_POINT('',(-4.943093161043,5.056906838957));
#832 = CARTESIAN_POINT('',(-4.943093161044,3.093411430463));
#833 = CARTESIAN_POINT('',(-4.502485271429,1.129915403915));
#834 = CARTESIAN_POINT('',(-3.621273819761,-0.718225504395));
#835 = CARTESIAN_POINT('',(-2.335680718838,-2.335680718841));
#836 = CARTESIAN_POINT('',(-0.718225504397,-3.621273819758));
#837 = CARTESIAN_POINT('',(1.129915403916,-4.502485271431));
#838 = CARTESIAN_POINT('',(3.093411430463,-4.943093161043));
#839 = CARTESIAN_POINT('',(5.056906838957,-4.943093161043));
#840 = ( GEOMETRIC_REPRESENTATION_CONTEXT(2) 
PARAMETRIC_REPRESENTATION_CONTEXT() REPRESENTATION_CONTEXT('2D SPACE',''
  ) );
#841 = ADVANCED_FACE('',(#842),#70,.T.);
#842 = FACE_BOUND('',#843,.T.);
#843 = EDGE_LOOP('',(#844,#845,#865,#890));
#844 = ORIENTED_EDGE('',*,*,#56,.T.);
#845 = ORIENTED_EDGE('',*,*,#846,.T.);
#846 = EDGE_CURVE('',#57,#847,#849,.T.);
#847 = VERTEX_POINT('',#848);
#848 = CARTESIAN_POINT('',(22.,-8.,100.));
#849 = SURFACE_CURVE('',#850,(#853,#859),.PCURVE_S1.);
#850 = B_SPLINE_CURVE_WITH_KNOTS('',1,(#851,#852),.UNSPECIFIED.,.F.,.F.,
  (2,2),(0.,4.),.PIECEWISE_BEZIER_KNOTS.);
#851 = CARTESIAN_POINT('',(22.,-12.,100.));
#852 = CARTESIAN_POINT('',(22.,-8.,100.));
#853 = PCURVE('',#70,#854);
#854 = DEFINITIONAL_REPRESENTATION('',(#855),#858);
#855 = B_SPLINE_CURVE_WITH_KNOTS('',1,(#856,#857),.UNSPECIFIED.,.F.,.F.,
  (2,2),(0.,4.),.PIECEWISE_BEZIER_KNOTS.);
#856 = CARTESIAN_POINT('',(22.,-2.));
#857 = CARTESIAN_POINT('',(22.,2.));
#858 = ( GEOMETRIC_REPRESENTATION_CONTEXT(2) 
PARAMETRIC_REPRESENTATION_CONTEXT() REPRESENTATION_CONTEXT('2D SPACE',''
  ) );
#859 = PCURVE('',#167,#860);
#860 = DEFINITIONAL_REPRESENTATION('',(#861),#864);
#861 = B_SPLINE_CURVE_WITH_KNOTS('',1,(#862,#863),.UNSPECIFIED.,.F.,.F.,
  (2,2),(0.,4.),.PIECEWISE_BEZIER_KNOTS.);
#862 = CARTESIAN_POINT('',(-5.056906838957,-4.943093161043));
#863 = CARTESIAN_POINT('',(-5.056906838957,-0.943093161043));
#864 = ( GEOMETRIC_REPRESENTATION_CONTEXT(2) 
PARAMETRIC_REPRESENTATION_CONTEXT() REPRESENTATION_CONTEXT('2D SPACE',''
  ) );
#865 = ORIENTED_EDGE('',*,*,#866,.F.);
#866 = EDGE_CURVE('',#867,#847,#869,.T.);
#867 = VERTEX_POINT('',#868);
#868 = CARTESIAN_POINT('',(-22.,-8.,100.));
#869 = SURFACE_CURVE('',#870,(#873,#879),.PCURVE_S1.);
#870 = B_SPLINE_CURVE_WITH_KNOTS('',1,(#871,#872),.UNSPECIFIED.,.F.,.F.,
  (2,2),(0.,44.),.PIECEWISE_BEZIER_KNOTS.);
#871 = CARTESIAN_POINT('',(-22.,-8.,100.));
#872 = CARTESIAN_POINT('',(22.,-8.,100.));
#873 = PCURVE('',#70,#874);
#874 = DEFINITIONAL_REPRESENTATION('',(#875),#878);
#875 = B_SPLINE_CURVE_WITH_KNOTS('',1,(#876,#877),.UNSPECIFIED.,.F.,.F.,
  (2,2),(0.,44.),.PIECEWISE_BEZIER_KNOTS.);
#876 = CARTESIAN_POINT('',(-22.,2.));
#877 = CARTESIAN_POINT('',(22.,2.));
#878 = ( GEOMETRIC_REPRESENTATION_CONTEXT(2) 
PARAMETRIC_REPRESENTATION_CONTEXT() REPRESENTATION_CONTEXT('2D SPACE',''
  ) );
#879 = PCURVE('',#880,#885);
#880 = B_SPLINE_SURFACE_WITH_KNOTS('',1,1,(
    (#881,#882)
    ,(#883,#884
    )),.UNSPECIFIED.,.F.,.F.,.F.,(2,2),(2,2),(0.,44.),(-100.,0.),
  .PIECEWISE_BEZIER_KNOTS.);
#881 = CARTESIAN_POINT('',(-22.,-8.,100.));
#882 = CARTESIAN_POINT('',(-22.,-8.,0.));
#883 = CARTESIAN_POINT('',(22.,-8.,100.));
#884 = CARTESIAN_POINT('',(22.,-8.,0.));
#885 = DEFINITIONAL_REPRESENTATION('',(#886),#889);
#886 = B_SPLINE_CURVE_WITH_KNOTS('',1,(#887,#888),.UNSPECIFIED.,.F.,.F.,
  (2,2),(0.,44.),.PIECEWISE_BEZIER_KNOTS.);
#887 = CARTESIAN_POINT('',(0.,-100.));
#888 = CARTESIAN_POINT('',(44.,-100.));
#889 = ( GEOMETRIC_REPRESENTATION_CONTEXT(2) 
PARAMETRIC_REPRESENTATION_CONTEXT() REPRESENTATION_CONTEXT('2D SPACE',''
  ) );
#890 = ORIENTED_EDGE('',*,*,#891,.F.);
#891 = EDGE_CURVE('',#24,#867,#892,.T.);
#892 = SURFACE_CURVE('',#893,(#896,#902),.PCURVE_S1.);
#893 = B_SPLINE_CURVE_WITH_KNOTS('',1,(#894,#895),.UNSPECIFIED.,.F.,.F.,
  (2,2),(0.,4.),.PIECEWISE_BEZIER_KNOTS.);
#894 = CARTESIAN_POINT('',(-22.,-12.,100.));
#895 = CARTESIAN_POINT('',(-22.,-8.,100.));
#896 = PCURVE('',#70,#897);
#897 = DEFINITIONAL_REPRESENTATION('',(#898),#901);
#898 = B_SPLINE_CURVE_WITH_KNOTS('',1,(#899,#900),.UNSPECIFIED.,.F.,.F.,
  (2,2),(0.,4.),.PIECEWISE_BEZIER_KNOTS.);
#899 = CARTESIAN_POINT('',(-22.,-2.));
#900 = CARTESIAN_POINT('',(-22.,2.));
#901 = ( GEOMETRIC_REPRESENTATION_CONTEXT(2) 
PARAMETRIC_REPRESENTATION_CONTEXT() REPRESENTATION_CONTEXT('2D SPACE',''
  ) );
#902 = PCURVE('',#776,#903);
#903 = DEFINITIONAL_REPRESENTATION('',(#904),#907);
#904 = B_SPLINE_CURVE_WITH_KNOTS('',1,(#905,#906),.UNSPECIFIED.,.F.,.F.,
  (2,2),(0.,4.),.PIECEWISE_BEZIER_KNOTS.);
#905 = CARTESIAN_POINT('',(5.056906838957,-4.943093161043));
#906 = CARTESIAN_POINT('',(5.056906838957,-0.943093161043));
#907 = ( GEOMETRIC_REPRESENTATION_CONTEXT(2) 
PARAMETRIC_REPRESENTATION_CONTEXT() REPRESENTATION_CONTEXT('2D SPACE',''
  ) );
#908 = ADVANCED_FACE('',(#909),#880,.T.);
#909 = FACE_BOUND('',#910,.T.);
#910 = EDGE_LOOP('',(#911,#939,#940,#968));
#911 = ORIENTED_EDGE('',*,*,#912,.T.);
#912 = EDGE_CURVE('',#913,#867,#915,.T.);
#913 = VERTEX_POINT('',#914);
#914 = CARTESIAN_POINT('',(-22.,-8.,0.));
#915 = SURFACE_CURVE('',#916,(#919,#925),.PCURVE_S1.);
#916 = B_SPLINE_CURVE_WITH_KNOTS('',1,(#917,#918),.UNSPECIFIED.,.F.,.F.,
  (2,2),(0.,100.),.PIECEWISE_BEZIER_KNOTS.);
#917 = CARTESIAN_POINT('',(-22.,-8.,0.));
#918 = CARTESIAN_POINT('',(-22.,-8.,100.));
#919 = PCURVE('',#880,#920);
#920 = DEFINITIONAL_REPRESENTATION('',(#921),#924);
#921 = B_SPLINE_CURVE_WITH_KNOTS('',1,(#922,#923),.UNSPECIFIED.,.F.,.F.,
  (2,2),(0.,100.),.PIECEWISE_BEZIER_KNOTS.);
#922 = CARTESIAN_POINT('',(0.,0.));
#923 = CARTESIAN_POINT('',(0.,-100.));
#924 = ( GEOMETRIC_REPRESENTATION_CONTEXT(2) 
PARAMETRIC_REPRESENTATION_CONTEXT() REPRESENTATION_CONTEXT('2D SPACE',''
  ) );
#925 = PCURVE('',#926,#933);
#926 = ( BOUNDED_SURFACE() B_SPLINE_SURFACE(2,1,(
    (#927,#928)
    ,(#929,#930)
,(#931,#932
    )),.UNSPECIFIED.,.F.,.F.,.F.) B_SPLINE_SURFACE_WITH_KNOTS((3,3),(2,2
    ),(3.14159265359,4.712388980385),(-100.,0.),
.PIECEWISE_BEZIER_KNOTS.) GEOMETRIC_REPRESENTATION_ITEM() 
RATIONAL_B_SPLINE_SURFACE((
    (1.,1.)
    ,(0.707106781187,0.707106781187)
,(1.,1.))) REPRESENTATION_ITEM('') SURFACE() );
#927 = CARTESIAN_POINT('',(-28.,-2.,100.));
#928 = CARTESIAN_POINT('',(-28.,-2.,0.));
#929 = CARTESIAN_POINT('',(-28.,-8.,100.));
#930 = CARTESIAN_POINT('',(-28.,-8.,0.));
#931 = CARTESIAN_POINT('',(-22.,-8.,100.));
#932 = CARTESIAN_POINT('',(-22.,-8.,0.));
#933 = DEFINITIONAL_REPRESENTATION('',(#934),#938);
#934 = B_SPLINE_CURVE_WITH_KNOTS('',2,(#935,#936,#937),.UNSPECIFIED.,.F.
  ,.F.,(3,3),(0.,100.),.PIECEWISE_BEZIER_KNOTS.);
#935 = CARTESIAN_POINT('',(4.712388980385,0.));
#936 = CARTESIAN_POINT('',(4.712388980385,-50.));
#937 = CARTESIAN_POINT('',(4.712388980385,-100.));
#938 = ( GEOMETRIC_REPRESENTATION_CONTEXT(2) 
PARAMETRIC_REPRESENTATION_CONTEXT() REPRESENTATION_CONTEXT('2D SPACE',''
  ) );
#939 = ORIENTED_EDGE('',*,*,#866,.T.);
#940 = ORIENTED_EDGE('',*,*,#941,.F.);
#941 = EDGE_CURVE('',#942,#847,#944,.T.);
#942 = VERTEX_POINT('',#943);
#943 = CARTESIAN_POINT('',(22.,-8.,0.));
#944 = SURFACE_CURVE('',#945,(#948,#954),.PCURVE_S1.);
#945 = B_SPLINE_CURVE_WITH_KNOTS('',1,(#946,#947),.UNSPECIFIED.,.F.,.F.,
  (2,2),(0.,100.),.PIECEWISE_BEZIER_KNOTS.);
#946 = CARTESIAN_POINT('',(22.,-8.,0.));
#947 = CARTESIAN_POINT('',(22.,-8.,100.));
#948 = PCURVE('',#880,#949);
#949 = DEFINITIONAL_REPRESENTATION('',(#950),#953);
#950 = B_SPLINE_CURVE_WITH_KNOTS('',1,(#951,#952),.UNSPECIFIED.,.F.,.F.,
  (2,2),(0.,100.),.PIECEWISE_BEZIER_KNOTS.);
#951 = CARTESIAN_POINT('',(44.,0.));
#952 = CARTESIAN_POINT('',(44.,-100.));
#953 = ( GEOMETRIC_REPRESENTATION_CONTEXT(2) 
PARAMETRIC_REPRESENTATION_CONTEXT() REPRESENTATION_CONTEXT('2D SPACE',''
  ) );
#954 = PCURVE('',#955,#962);
#955 = ( BOUNDED_SURFACE() B_SPLINE_SURFACE(2,1,(
    (#956,#957)
    ,(#958,#959)
,(#960,#961
    )),.UNSPECIFIED.,.F.,.F.,.F.) B_SPLINE_SURFACE_WITH_KNOTS((3,3),(2,2
    ),(4.712388980385,6.28318530718),(-100.,0.),
.PIECEWISE_BEZIER_KNOTS.) GEOMETRIC_REPRESENTATION_ITEM() 
RATIONAL_B_SPLINE_SURFACE((
    (1.,1.)
    ,(0.707106781187,0.707106781187)
,(1.,1.))) REPRESENTATION_ITEM('') SURFACE() );
#956 = CARTESIAN_POINT('',(22.,-8.,100.));
#957 = CARTESIAN_POINT('',(22.,-8.,0.));
#958 = CARTESIAN_POINT('',(28.,-8.,100.));
#959 = CARTESIAN_POINT('',(28.,-8.,0.));
#960 = CARTESIAN_POINT('',(28.,-2.,100.));
#961 = CARTESIAN_POINT('',(28.,-2.,0.));
#962 = DEFINITIONAL_REPRESENTATION('',(#963),#967);
#963 = B_SPLINE_CURVE_WITH_KNOTS('',2,(#964,#965,#966),.UNSPECIFIED.,.F.
  ,.F.,(3,3),(0.,100.),.PIECEWISE_BEZIER_KNOTS.);
#964 = CARTESIAN_POINT('',(4.712388980385,0.));
#965 = CARTESIAN_POINT('',(4.712388980385,-50.));
#966 = CARTESIAN_POINT('',(4.712388980385,-100.));
#967 = ( GEOMETRIC_REPRESENTATION_CONTEXT(2) 
PARAMETRIC_REPRESENTATION_CONTEXT() REPRESENTATION_CONTEXT('2D SPACE',''
  ) );
#968 = ORIENTED_EDGE('',*,*,#969,.F.);
#969 = EDGE_CURVE('',#913,#942,#970,.T.);
#970 = SURFACE_CURVE('',#971,(#974,#980),.PCURVE_S1.);
#971 = B_SPLINE_CURVE_WITH_KNOTS('',1,(#972,#973),.UNSPECIFIED.,.F.,.F.,
  (2,2),(0.,44.),.PIECEWISE_BEZIER_KNOTS.);
#972 = CARTESIAN_POINT('',(-22.,-8.,0.));
#973 = CARTESIAN_POINT('',(22.,-8.,0.));
#974 = PCURVE('',#880,#975);
#975 = DEFINITIONAL_REPRESENTATION('',(#976),#979);
#976 = B_SPLINE_CURVE_WITH_KNOTS('',1,(#977,#978),.UNSPECIFIED.,.F.,.F.,
  (2,2),(0.,44.),.PIECEWISE_BEZIER_KNOTS.);
#977 = CARTESIAN_POINT('',(0.,0.));
#978 = CARTESIAN_POINT('',(44.,0.));
#979 = ( GEOMETRIC_REPRESENTATION_CONTEXT(2) 
PARAMETRIC_REPRESENTATION_CONTEXT() REPRESENTATION_CONTEXT('2D SPACE',''
  ) );
#980 = PCURVE('',#121,#981);
#981 = DEFINITIONAL_REPRESENTATION('',(#982),#985);
#982 = B_SPLINE_CURVE_WITH_KNOTS('',1,(#983,#984),.UNSPECIFIED.,.F.,.F.,
  (2,2),(0.,44.),.PIECEWISE_BEZIER_KNOTS.);
#983 = CARTESIAN_POINT('',(-22.,2.));
#984 = CARTESIAN_POINT('',(22.,2.));
#985 = ( GEOMETRIC_REPRESENTATION_CONTEXT(2) 
PARAMETRIC_REPRESENTATION_CONTEXT() REPRESENTATION_CONTEXT('2D SPACE',''
  ) );
#986 = ADVANCED_FACE('',(#987),#955,.T.);
#987 = FACE_BOUND('',#988,.T.);
#988 = EDGE_LOOP('',(#989,#990,#1034,#1060));
#989 = ORIENTED_EDGE('',*,*,#941,.T.);
#990 = ORIENTED_EDGE('',*,*,#991,.T.);
#991 = EDGE_CURVE('',#847,#992,#994,.T.);
#992 = VERTEX_POINT('',#993);
#993 = CARTESIAN_POINT('',(28.,-2.,100.));
#994 = SURFACE_CURVE('',#995,(#1005,#1021),.PCURVE_S1.);
#995 = B_SPLINE_CURVE_WITH_KNOTS('',8,(#996,#997,#998,#999,#1000,#1001,
    #1002,#1003,#1004),.UNSPECIFIED.,.F.,.F.,(9,9),(4.712388980385,
    6.28318530718),.PIECEWISE_BEZIER_KNOTS.);
#996 = CARTESIAN_POINT('',(22.,-8.,100.));
#997 = CARTESIAN_POINT('',(23.178097245096,-8.,100.));
#998 = CARTESIAN_POINT('',(24.356194861025,-7.735635266233,
    99.999999999999));
#999 = CARTESIAN_POINT('',(25.465079406012,-7.206908395229,100.));
#1000 = CARTESIAN_POINT('',(26.435552534678,-6.435552534679,
    99.999999999997));
#1001 = CARTESIAN_POINT('',(27.20690839523,-5.465079406011,100.));
#1002 = CARTESIAN_POINT('',(27.735635266232,-4.356194861025,
    99.999999999999));
#1003 = CARTESIAN_POINT('',(28.,-3.178097245096,100.));
#1004 = CARTESIAN_POINT('',(28.,-2.,100.));
#1005 = PCURVE('',#955,#1006);
#1006 = DEFINITIONAL_REPRESENTATION('',(#1007),#1020);
#1007 = B_SPLINE_CURVE_WITH_KNOTS('',6,(#1008,#1009,#1010,#1011,#1012,
    #1013,#1014,#1015,#1016,#1017,#1018,#1019),.UNSPECIFIED.,.F.,.F.,(7,
    5,7),(4.712388980385,5.497787143782,6.28318530718),.UNSPECIFIED.);
#1008 = CARTESIAN_POINT('',(4.712388980385,-100.));
#1009 = CARTESIAN_POINT('',(4.857781632966,-100.));
#1010 = CARTESIAN_POINT('',(4.993717391358,-99.99999999999));
#1011 = CARTESIAN_POINT('',(5.123576782696,-99.99999999984));
#1012 = CARTESIAN_POINT('',(5.249583886404,-99.99999999999));
#1013 = CARTESIAN_POINT('',(5.373686761418,-100.));
#1014 = CARTESIAN_POINT('',(5.621887526149,-99.99999999999));
#1015 = CARTESIAN_POINT('',(5.745990401154,-100.));
#1016 = CARTESIAN_POINT('',(5.871997504888,-99.99999999999));
#1017 = CARTESIAN_POINT('',(6.001856896198,-99.99999999999));
#1018 = CARTESIAN_POINT('',(6.137792654602,-100.));
#1019 = CARTESIAN_POINT('',(6.28318530718,-100.));
#1020 = ( GEOMETRIC_REPRESENTATION_CONTEXT(2) 
PARAMETRIC_REPRESENTATION_CONTEXT() REPRESENTATION_CONTEXT('2D SPACE',''
  ) );
#1021 = PCURVE('',#167,#1022);
#1022 = DEFINITIONAL_REPRESENTATION('',(#1023),#1033);
#1023 = B_SPLINE_CURVE_WITH_KNOTS('',8,(#1024,#1025,#1026,#1027,#1028,
    #1029,#1030,#1031,#1032),.UNSPECIFIED.,.F.,.F.,(9,9),(4.712388980385
    ,6.28318530718),.PIECEWISE_BEZIER_KNOTS.);
#1024 = CARTESIAN_POINT('',(-5.056906838957,-0.943093161043));
#1025 = CARTESIAN_POINT('',(-3.878809593861,-0.943093161043));
#1026 = CARTESIAN_POINT('',(-2.700711977932,-0.678728427276));
#1027 = CARTESIAN_POINT('',(-1.591827432945,-0.150001556272));
#1028 = CARTESIAN_POINT('',(-0.621354304279,0.621354304278));
#1029 = CARTESIAN_POINT('',(0.150001556273,1.591827432946));
#1030 = CARTESIAN_POINT('',(0.678728427275,2.700711977932));
#1031 = CARTESIAN_POINT('',(0.943093161043,3.878809593861));
#1032 = CARTESIAN_POINT('',(0.943093161043,5.056906838957));
#1033 = ( GEOMETRIC_REPRESENTATION_CONTEXT(2) 
PARAMETRIC_REPRESENTATION_CONTEXT() REPRESENTATION_CONTEXT('2D SPACE',''
  ) );
#1034 = ORIENTED_EDGE('',*,*,#1035,.F.);
#1035 = EDGE_CURVE('',#1036,#992,#1038,.T.);
#1036 = VERTEX_POINT('',#1037);
#1037 = CARTESIAN_POINT('',(28.,-2.,0.));
#1038 = SURFACE_CURVE('',#1039,(#1042,#1049),.PCURVE_S1.);
#1039 = B_SPLINE_CURVE_WITH_KNOTS('',1,(#1040,#1041),.UNSPECIFIED.,.F.,
  .F.,(2,2),(0.,100.),.PIECEWISE_BEZIER_KNOTS.);
#1040 = CARTESIAN_POINT('',(28.,-2.,0.));
#1041 = CARTESIAN_POINT('',(28.,-2.,100.));
#1042 = PCURVE('',#955,#1043);
#1043 = DEFINITIONAL_REPRESENTATION('',(#1044),#1048);
#1044 = B_SPLINE_CURVE_WITH_KNOTS('',2,(#1045,#1046,#1047),
  .UNSPECIFIED.,.F.,.F.,(3,3),(0.,100.),.PIECEWISE_BEZIER_KNOTS.);
#1045 = CARTESIAN_POINT('',(6.28318530718,0.));
#1046 = CARTESIAN_POINT('',(6.28318530718,-50.));
#1047 = CARTESIAN_POINT('',(6.28318530718,-100.));
#1048 = ( GEOMETRIC_REPRESENTATION_CONTEXT(2) 
PARAMETRIC_REPRESENTATION_CONTEXT() REPRESENTATION_CONTEXT('2D SPACE',''
  ) );
#1049 = PCURVE('',#1050,#1055);
#1050 = B_SPLINE_SURFACE_WITH_KNOTS('',1,1,(
    (#1051,#1052)
    ,(#1053,#1054
    )),.UNSPECIFIED.,.F.,.F.,.F.,(2,2),(2,2),(0.,4.),(-100.,0.),
  .PIECEWISE_BEZIER_KNOTS.);
#1051 = CARTESIAN_POINT('',(28.,-2.,100.));
#1052 = CARTESIAN_POINT('',(28.,-2.,0.));
#1053 = CARTESIAN_POINT('',(28.,2.,100.));
#1054 = CARTESIAN_POINT('',(28.,2.,0.));
#1055 = DEFINITIONAL_REPRESENTATION('',(#1056),#1059);
#1056 = B_SPLINE_CURVE_WITH_KNOTS('',1,(#1057,#1058),.UNSPECIFIED.,.F.,
  .F.,(2,2),(0.,100.),.PIECEWISE_BEZIER_KNOTS.);
#1057 = CARTESIAN_POINT('',(-1.33226762955E-15,0.));
#1058 = CARTESIAN_POINT('',(-1.33226762955E-15,-100.));
#1059 = ( GEOMETRIC_REPRESENTATION_CONTEXT(2) 
PARAMETRIC_REPRESENTATION_CONTEXT() REPRESENTATION_CONTEXT('2D SPACE',''
  ) );
#1060 = ORIENTED_EDGE('',*,*,#1061,.F.);
#1061 = EDGE_CURVE('',#942,#1036,#1062,.T.);
#1062 = SURFACE_CURVE('',#1063,(#1073,#1089),.PCURVE_S1.);
#1063 = B_SPLINE_CURVE_WITH_KNOTS('',8,(#1064,#1065,#1066,#1067,#1068,
    #1069,#1070,#1071,#1072),.UNSPECIFIED.,.F.,.F.,(9,9),(4.712388980385
    ,6.28318530718),.PIECEWISE_BEZIER_KNOTS.);
#1064 = CARTESIAN_POINT('',(22.,-8.,0.));
#1065 = CARTESIAN_POINT('',(23.178097245096,-8.,0.));
#1066 = CARTESIAN_POINT('',(24.356194861025,-7.735635266233,0.));
#1067 = CARTESIAN_POINT('',(25.465079406012,-7.206908395229,0.));
#1068 = CARTESIAN_POINT('',(26.435552534678,-6.435552534679,0.));
#1069 = CARTESIAN_POINT('',(27.20690839523,-5.465079406011,0.));
#1070 = CARTESIAN_POINT('',(27.735635266232,-4.356194861025,0.));
#1071 = CARTESIAN_POINT('',(28.,-3.178097245096,0.));
#1072 = CARTESIAN_POINT('',(28.,-2.,0.));
#1073 = PCURVE('',#955,#1074);
#1074 = DEFINITIONAL_REPRESENTATION('',(#1075),#1088);
#1075 = B_SPLINE_CURVE_WITH_KNOTS('',6,(#1076,#1077,#1078,#1079,#1080,
    #1081,#1082,#1083,#1084,#1085,#1086,#1087),.UNSPECIFIED.,.F.,.F.,(7,
    5,7),(4.712388980385,5.497787143782,6.28318530718),.UNSPECIFIED.);
#1076 = CARTESIAN_POINT('',(4.712388980385,0.));
#1077 = CARTESIAN_POINT('',(4.857781632966,-1.076573575129E-14));
#1078 = CARTESIAN_POINT('',(4.993717391358,8.041430750895E-15));
#1079 = CARTESIAN_POINT('',(5.123576782696,-1.75497491714E-14));
#1080 = CARTESIAN_POINT('',(5.249583886404,1.224521980137E-14));
#1081 = CARTESIAN_POINT('',(5.373686761418,-2.776787881971E-15));
#1082 = CARTESIAN_POINT('',(5.621887526149,9.404826070473E-16));
#1083 = CARTESIAN_POINT('',(5.745990401154,-9.458859340035E-15));
#1084 = CARTESIAN_POINT('',(5.871997504888,1.46852060223E-14));
#1085 = CARTESIAN_POINT('',(6.001856896198,-5.460973527374E-15));
#1086 = CARTESIAN_POINT('',(6.137792654602,5.635062840978E-15));
#1087 = CARTESIAN_POINT('',(6.28318530718,0.));
#1088 = ( GEOMETRIC_REPRESENTATION_CONTEXT(2) 
PARAMETRIC_REPRESENTATION_CONTEXT() REPRESENTATION_CONTEXT('2D SPACE',''
  ) );
#1089 = PCURVE('',#240,#1090);
#1090 = DEFINITIONAL_REPRESENTATION('',(#1091),#1101);
#1091 = B_SPLINE_CURVE_WITH_KNOTS('',8,(#1092,#1093,#1094,#1095,#1096,
    #1097,#1098,#1099,#1100),.UNSPECIFIED.,.F.,.F.,(9,9),(4.712388980385
    ,6.28318530718),.PIECEWISE_BEZIER_KNOTS.);
#1092 = CARTESIAN_POINT('',(-5.056906838957,-0.943093161043));
#1093 = CARTESIAN_POINT('',(-3.878809593861,-0.943093161043));
#1094 = CARTESIAN_POINT('',(-2.700711977932,-0.678728427276));
#1095 = CARTESIAN_POINT('',(-1.591827432945,-0.150001556272));
#1096 = CARTESIAN_POINT('',(-0.621354304279,0.621354304278));
#1097 = CARTESIAN_POINT('',(0.150001556273,1.591827432946));
#1098 = CARTESIAN_POINT('',(0.678728427275,2.700711977932));
#1099 = CARTESIAN_POINT('',(0.943093161043,3.878809593861));
#1100 = CARTESIAN_POINT('',(0.943093161043,5.056906838957));
#1101 = ( GEOMETRIC_REPRESENTATION_CONTEXT(2) 
PARAMETRIC_REPRESENTATION_CONTEXT() REPRESENTATION_CONTEXT('2D SPACE',''
  ) );
#1102 = ADVANCED_FACE('',(#1103),#1050,.T.);
#1103 = FACE_BOUND('',#1104,.T.);
#1104 = EDGE_LOOP('',(#1105,#1106,#1126,#1154));
#1105 = ORIENTED_EDGE('',*,*,#1035,.T.);
#1106 = ORIENTED_EDGE('',*,*,#1107,.T.);
#1107 = EDGE_CURVE('',#992,#1108,#1110,.T.);
#1108 = VERTEX_POINT('',#1109);
#1109 = CARTESIAN_POINT('',(28.,2.,100.));
#1110 = SURFACE_CURVE('',#1111,(#1114,#1120),.PCURVE_S1.);
#1111 = B_SPLINE_CURVE_WITH_KNOTS('',1,(#1112,#1113),.UNSPECIFIED.,.F.,
  .F.,(2,2),(0.,4.),.PIECEWISE_BEZIER_KNOTS.);
#1112 = CARTESIAN_POINT('',(28.,-2.,100.));
#1113 = CARTESIAN_POINT('',(28.,2.,100.));
#1114 = PCURVE('',#1050,#1115);
#1115 = DEFINITIONAL_REPRESENTATION('',(#1116),#1119);
#1116 = B_SPLINE_CURVE_WITH_KNOTS('',1,(#1117,#1118),.UNSPECIFIED.,.F.,
  .F.,(2,2),(0.,4.),.PIECEWISE_BEZIER_KNOTS.);
#1117 = CARTESIAN_POINT('',(0.,-100.));
#1118 = CARTESIAN_POINT('',(4.,-100.));
#1119 = ( GEOMETRIC_REPRESENTATION_CONTEXT(2) 
PARAMETRIC_REPRESENTATION_CONTEXT() REPRESENTATION_CONTEXT('2D SPACE',''
  ) );
#1120 = PCURVE('',#276,#1121);
#1121 = DEFINITIONAL_REPRESENTATION('',(#1122),#1125);
#1122 = B_SPLINE_CURVE_WITH_KNOTS('',1,(#1123,#1124),.UNSPECIFIED.,.F.,
  .F.,(2,2),(0.,4.),.PIECEWISE_BEZIER_KNOTS.);
#1123 = CARTESIAN_POINT('',(-2.,-2.));
#1124 = CARTESIAN_POINT('',(-2.,2.));
#1125 = ( GEOMETRIC_REPRESENTATION_CONTEXT(2) 
PARAMETRIC_REPRESENTATION_CONTEXT() REPRESENTATION_CONTEXT('2D SPACE',''
  ) );
#1126 = ORIENTED_EDGE('',*,*,#1127,.F.);
#1127 = EDGE_CURVE('',#1128,#1108,#1130,.T.);
#1128 = VERTEX_POINT('',#1129);
#1129 = CARTESIAN_POINT('',(28.,2.,0.));
#1130 = SURFACE_CURVE('',#1131,(#1134,#1140),.PCURVE_S1.);
#1131 = B_SPLINE_CURVE_WITH_KNOTS('',1,(#1132,#1133),.UNSPECIFIED.,.F.,
  .F.,(2,2),(0.,100.),.PIECEWISE_BEZIER_KNOTS.);
#1132 = CARTESIAN_POINT('',(28.,2.,0.));
#1133 = CARTESIAN_POINT('',(28.,2.,100.));
#1134 = PCURVE('',#1050,#1135);
#1135 = DEFINITIONAL_REPRESENTATION('',(#1136),#1139);
#1136 = B_SPLINE_CURVE_WITH_KNOTS('',1,(#1137,#1138),.UNSPECIFIED.,.F.,
  .F.,(2,2),(0.,100.),.PIECEWISE_BEZIER_KNOTS.);
#1137 = CARTESIAN_POINT('',(4.,0.));
#1138 = CARTESIAN_POINT('',(4.,-100.));
#1139 = ( GEOMETRIC_REPRESENTATION_CONTEXT(2) 
PARAMETRIC_REPRESENTATION_CONTEXT() REPRESENTATION_CONTEXT('2D SPACE',''
  ) );
#1140 = PCURVE('',#1141,#1148);
#1141 = ( BOUNDED_SURFACE() B_SPLINE_SURFACE(2,1,(
    (#1142,#1143)
    ,(#1144,#1145)
    ,(#1146,#1147
)),.UNSPECIFIED.,.F.,.F.,.F.) B_SPLINE_SURFACE_WITH_KNOTS((3,3),(2,2),(
    0.,1.570796326795),(-100.,0.),.PIECEWISE_BEZIER_KNOTS.) 
GEOMETRIC_REPRESENTATION_ITEM() RATIONAL_B_SPLINE_SURFACE((
    (1.,1.)
    ,(0.707106781187,0.707106781187)
,(1.,1.))) REPRESENTATION_ITEM('') SURFACE() );
#1142 = CARTESIAN_POINT('',(28.,2.,100.));
#1143 = CARTESIAN_POINT('',(28.,2.,0.));
#1144 = CARTESIAN_POINT('',(28.,8.,100.));
#1145 = CARTESIAN_POINT('',(28.,8.,0.));
#1146 = CARTESIAN_POINT('',(22.,8.,100.));
#1147 = CARTESIAN_POINT('',(22.,8.,0.));
#1148 = DEFINITIONAL_REPRESENTATION('',(#1149),#1153);
#1149 = B_SPLINE_CURVE_WITH_KNOTS('',2,(#1150,#1151,#1152),
  .UNSPECIFIED.,.F.,.F.,(3,3),(0.,100.),.PIECEWISE_BEZIER_KNOTS.);
#1150 = CARTESIAN_POINT('',(0.,0.));
#1151 = CARTESIAN_POINT('',(0.,-50.));
#1152 = CARTESIAN_POINT('',(0.,-100.));
#1153 = ( GEOMETRIC_REPRESENTATION_CONTEXT(2) 
PARAMETRIC_REPRESENTATION_CONTEXT() REPRESENTATION_CONTEXT('2D SPACE',''
  ) );
#1154 = ORIENTED_EDGE('',*,*,#1155,.F.);
#1155 = EDGE_CURVE('',#1036,#1128,#1156,.T.);
#1156 = SURFACE_CURVE('',#1157,(#1160,#1166),.PCURVE_S1.);
#1157 = B_SPLINE_CURVE_WITH_KNOTS('',1,(#1158,#1159),.UNSPECIFIED.,.F.,
  .F.,(2,2),(0.,4.),.PIECEWISE_BEZIER_KNOTS.);
#1158 = CARTESIAN_POINT('',(28.,-2.,0.));
#1159 = CARTESIAN_POINT('',(28.,2.,0.));
#1160 = PCURVE('',#1050,#1161);
#1161 = DEFINITIONAL_REPRESENTATION('',(#1162),#1165);
#1162 = B_SPLINE_CURVE_WITH_KNOTS('',1,(#1163,#1164),.UNSPECIFIED.,.F.,
  .F.,(2,2),(0.,4.),.PIECEWISE_BEZIER_KNOTS.);
#1163 = CARTESIAN_POINT('',(0.,0.));
#1164 = CARTESIAN_POINT('',(4.,0.));
#1165 = ( GEOMETRIC_REPRESENTATION_CONTEXT(2) 
PARAMETRIC_REPRESENTATION_CONTEXT() REPRESENTATION_CONTEXT('2D SPACE',''
  ) );
#1166 = PCURVE('',#327,#1167);
#1167 = DEFINITIONAL_REPRESENTATION('',(#1168),#1171);
#1168 = B_SPLINE_CURVE_WITH_KNOTS('',1,(#1169,#1170),.UNSPECIFIED.,.F.,
  .F.,(2,2),(0.,4.),.PIECEWISE_BEZIER_KNOTS.);
#1169 = CARTESIAN_POINT('',(-2.,-2.));
#1170 = CARTESIAN_POINT('',(-2.,2.));
#1171 = ( GEOMETRIC_REPRESENTATION_CONTEXT(2) 
PARAMETRIC_REPRESENTATION_CONTEXT() REPRESENTATION_CONTEXT('2D SPACE',''
  ) );
#1172 = ADVANCED_FACE('',(#1173),#1141,.T.);
#1173 = FACE_BOUND('',#1174,.T.);
#1174 = EDGE_LOOP('',(#1175,#1176,#1220,#1246));
#1175 = ORIENTED_EDGE('',*,*,#1127,.T.);
#1176 = ORIENTED_EDGE('',*,*,#1177,.T.);
#1177 = EDGE_CURVE('',#1108,#1178,#1180,.T.);
#1178 = VERTEX_POINT('',#1179);
#1179 = CARTESIAN_POINT('',(22.,8.,100.));
#1180 = SURFACE_CURVE('',#1181,(#1191,#1207),.PCURVE_S1.);
#1181 = B_SPLINE_CURVE_WITH_KNOTS('',8,(#1182,#1183,#1184,#1185,#1186,
    #1187,#1188,#1189,#1190),.UNSPECIFIED.,.F.,.F.,(9,9),(0.,
    1.570796326795),.PIECEWISE_BEZIER_KNOTS.);
#1182 = CARTESIAN_POINT('',(28.,2.,100.));
#1183 = CARTESIAN_POINT('',(28.,3.178097245096,100.));
#1184 = CARTESIAN_POINT('',(27.735635266233,4.356194861025,100.));
#1185 = CARTESIAN_POINT('',(27.206908395229,5.46507940601,100.));
#1186 = CARTESIAN_POINT('',(26.435552534679,6.435552534679,100.));
#1187 = CARTESIAN_POINT('',(25.465079406011,7.206908395229,
    99.999999999999));
#1188 = CARTESIAN_POINT('',(24.356194861025,7.735635266233,100.));
#1189 = CARTESIAN_POINT('',(23.178097245096,8.,100.));
#1190 = CARTESIAN_POINT('',(22.,8.,100.));
#1191 = PCURVE('',#1141,#1192);
#1192 = DEFINITIONAL_REPRESENTATION('',(#1193),#1206);
#1193 = B_SPLINE_CURVE_WITH_KNOTS('',6,(#1194,#1195,#1196,#1197,#1198,
    #1199,#1200,#1201,#1202,#1203,#1204,#1205),.UNSPECIFIED.,.F.,.F.,(7,
    5,7),(0.,0.785398163397,1.570796326795),.UNSPECIFIED.);
#1194 = CARTESIAN_POINT('',(0.,-100.));
#1195 = CARTESIAN_POINT('',(0.145392652579,-100.));
#1196 = CARTESIAN_POINT('',(0.281328410979,-100.));
#1197 = CARTESIAN_POINT('',(0.411187802302,-100.));
#1198 = CARTESIAN_POINT('',(0.537194906025,-99.99999999998));
#1199 = CARTESIAN_POINT('',(0.661297781031,-100.));
#1200 = CARTESIAN_POINT('',(0.909498545764,-99.99999999997));
#1201 = CARTESIAN_POINT('',(1.03360142077,-100.0000000001));
#1202 = CARTESIAN_POINT('',(1.159608524492,-99.99999999987));
#1203 = CARTESIAN_POINT('',(1.289467915815,-100.));
#1204 = CARTESIAN_POINT('',(1.425403674216,-99.99999999998));
#1205 = CARTESIAN_POINT('',(1.570796326795,-100.));
#1206 = ( GEOMETRIC_REPRESENTATION_CONTEXT(2) 
PARAMETRIC_REPRESENTATION_CONTEXT() REPRESENTATION_CONTEXT('2D SPACE',''
  ) );
#1207 = PCURVE('',#373,#1208);
#1208 = DEFINITIONAL_REPRESENTATION('',(#1209),#1219);
#1209 = B_SPLINE_CURVE_WITH_KNOTS('',8,(#1210,#1211,#1212,#1213,#1214,
    #1215,#1216,#1217,#1218),.UNSPECIFIED.,.F.,.F.,(9,9),(0.,
    1.570796326795),.PIECEWISE_BEZIER_KNOTS.);
#1210 = CARTESIAN_POINT('',(0.943093161043,-5.056906838957));
#1211 = CARTESIAN_POINT('',(0.943093161043,-3.878809593861));
#1212 = CARTESIAN_POINT('',(0.678728427276,-2.700711977932));
#1213 = CARTESIAN_POINT('',(0.150001556272,-1.591827432947));
#1214 = CARTESIAN_POINT('',(-0.621354304278,-0.621354304278));
#1215 = CARTESIAN_POINT('',(-1.591827432946,0.150001556272));
#1216 = CARTESIAN_POINT('',(-2.700711977932,0.678728427276));
#1217 = CARTESIAN_POINT('',(-3.878809593861,0.943093161043));
#1218 = CARTESIAN_POINT('',(-5.056906838957,0.943093161043));
#1219 = ( GEOMETRIC_REPRESENTATION_CONTEXT(2) 
PARAMETRIC_REPRESENTATION_CONTEXT() REPRESENTATION_CONTEXT('2D SPACE',''
  ) );
#1220 = ORIENTED_EDGE('',*,*,#1221,.F.);
#1221 = EDGE_CURVE('',#1222,#1178,#1224,.T.);
#1222 = VERTEX_POINT('',#1223);
#1223 = CARTESIAN_POINT('',(22.,8.,0.));
#1224 = SURFACE_CURVE('',#1225,(#1228,#1235),.PCURVE_S1.);
#1225 = B_SPLINE_CURVE_WITH_KNOTS('',1,(#1226,#1227),.UNSPECIFIED.,.F.,
  .F.,(2,2),(0.,100.),.PIECEWISE_BEZIER_KNOTS.);
#1226 = CARTESIAN_POINT('',(22.,8.,0.));
#1227 = CARTESIAN_POINT('',(22.,8.,100.));
#1228 = PCURVE('',#1141,#1229);
#1229 = DEFINITIONAL_REPRESENTATION('',(#1230),#1234);
#1230 = B_SPLINE_CURVE_WITH_KNOTS('',2,(#1231,#1232,#1233),
  .UNSPECIFIED.,.F.,.F.,(3,3),(0.,100.),.PIECEWISE_BEZIER_KNOTS.);
#1231 = CARTESIAN_POINT('',(1.570796326795,7.105427357601E-15));
#1232 = CARTESIAN_POINT('',(1.570796326795,-50.));
#1233 = CARTESIAN_POINT('',(1.570796326795,-100.));
#1234 = ( GEOMETRIC_REPRESENTATION_CONTEXT(2) 
PARAMETRIC_REPRESENTATION_CONTEXT() REPRESENTATION_CONTEXT('2D SPACE',''
  ) );
#1235 = PCURVE('',#1236,#1241);
#1236 = B_SPLINE_SURFACE_WITH_KNOTS('',1,1,(
    (#1237,#1238)
    ,(#1239,#1240
    )),.UNSPECIFIED.,.F.,.F.,.F.,(2,2),(2,2),(0.,44.),(-100.,0.),
  .PIECEWISE_BEZIER_KNOTS.);
#1237 = CARTESIAN_POINT('',(22.,8.,100.));
#1238 = CARTESIAN_POINT('',(22.,8.,0.));
#1239 = CARTESIAN_POINT('',(-22.,8.,100.));
#1240 = CARTESIAN_POINT('',(-22.,8.,0.));
#1241 = DEFINITIONAL_REPRESENTATION('',(#1242),#1245);
#1242 = B_SPLINE_CURVE_WITH_KNOTS('',1,(#1243,#1244),.UNSPECIFIED.,.F.,
  .F.,(2,2),(0.,100.),.PIECEWISE_BEZIER_KNOTS.);
#1243 = CARTESIAN_POINT('',(0.,0.));
#1244 = CARTESIAN_POINT('',(0.,-100.));
#1245 = ( GEOMETRIC_REPRESENTATION_CONTEXT(2) 
PARAMETRIC_REPRESENTATION_CONTEXT() REPRESENTATION_CONTEXT('2D SPACE',''
  ) );
#1246 = ORIENTED_EDGE('',*,*,#1247,.F.);
#1247 = EDGE_CURVE('',#1128,#1222,#1248,.T.);
#1248 = SURFACE_CURVE('',#1249,(#1259,#1275),.PCURVE_S1.);
#1249 = B_SPLINE_CURVE_WITH_KNOTS('',8,(#1250,#1251,#1252,#1253,#1254,
    #1255,#1256,#1257,#1258),.UNSPECIFIED.,.F.,.F.,(9,9),(0.,
    1.570796326795),.PIECEWISE_BEZIER_KNOTS.);
#1250 = CARTESIAN_POINT('',(28.,2.,0.));
#1251 = CARTESIAN_POINT('',(28.,3.178097245096,0.));
#1252 = CARTESIAN_POINT('',(27.735635266233,4.356194861025,0.));
#1253 = CARTESIAN_POINT('',(27.206908395229,5.46507940601,0.));
#1254 = CARTESIAN_POINT('',(26.435552534679,6.435552534679,0.));
#1255 = CARTESIAN_POINT('',(25.465079406011,7.206908395229,0.));
#1256 = CARTESIAN_POINT('',(24.356194861025,7.735635266233,0.));
#1257 = CARTESIAN_POINT('',(23.178097245096,8.,0.));
#1258 = CARTESIAN_POINT('',(22.,8.,0.));
#1259 = PCURVE('',#1141,#1260);
#1260 = DEFINITIONAL_REPRESENTATION('',(#1261),#1274);
#1261 = B_SPLINE_CURVE_WITH_KNOTS('',6,(#1262,#1263,#1264,#1265,#1266,
    #1267,#1268,#1269,#1270,#1271,#1272,#1273),.UNSPECIFIED.,.F.,.F.,(7,
    5,7),(0.,0.785398163397,1.570796326795),.UNSPECIFIED.);
#1262 = CARTESIAN_POINT('',(0.,0.));
#1263 = CARTESIAN_POINT('',(0.145392652579,3.038794819613E-14));
#1264 = CARTESIAN_POINT('',(0.28132841098,-6.774461526894E-14));
#1265 = CARTESIAN_POINT('',(0.411187802302,6.666380070236E-14));
#1266 = CARTESIAN_POINT('',(0.537194906025,-1.979473033798E-14));
#1267 = CARTESIAN_POINT('',(0.661297781031,-1.992538202375E-15));
#1268 = CARTESIAN_POINT('',(0.909498545764,-1.026681694585E-14));
#1269 = CARTESIAN_POINT('',(1.03360142077,7.346050697683E-16));
#1270 = CARTESIAN_POINT('',(1.159608524492,4.00372073693E-14));
#1271 = CARTESIAN_POINT('',(1.289467915815,-6.899076407513E-14));
#1272 = CARTESIAN_POINT('',(1.425403674216,3.472516211588E-14));
#1273 = CARTESIAN_POINT('',(1.570796326795,0.));
#1274 = ( GEOMETRIC_REPRESENTATION_CONTEXT(2) 
PARAMETRIC_REPRESENTATION_CONTEXT() REPRESENTATION_CONTEXT('2D SPACE',''
  ) );
#1275 = PCURVE('',#446,#1276);
#1276 = DEFINITIONAL_REPRESENTATION('',(#1277),#1287);
#1277 = B_SPLINE_CURVE_WITH_KNOTS('',8,(#1278,#1279,#1280,#1281,#1282,
    #1283,#1284,#1285,#1286),.UNSPECIFIED.,.F.,.F.,(9,9),(0.,
    1.570796326795),.PIECEWISE_BEZIER_KNOTS.);
#1278 = CARTESIAN_POINT('',(0.943093161043,-5.056906838957));
#1279 = CARTESIAN_POINT('',(0.943093161043,-3.878809593861));
#1280 = CARTESIAN_POINT('',(0.678728427276,-2.700711977932));
#1281 = CARTESIAN_POINT('',(0.150001556272,-1.591827432947));
#1282 = CARTESIAN_POINT('',(-0.621354304278,-0.621354304278));
#1283 = CARTESIAN_POINT('',(-1.591827432946,0.150001556272));
#1284 = CARTESIAN_POINT('',(-2.700711977932,0.678728427276));
#1285 = CARTESIAN_POINT('',(-3.878809593861,0.943093161043));
#1286 = CARTESIAN_POINT('',(-5.056906838957,0.943093161043));
#1287 = ( GEOMETRIC_REPRESENTATION_CONTEXT(2) 
PARAMETRIC_REPRESENTATION_CONTEXT() REPRESENTATION_CONTEXT('2D SPACE',''
  ) );
#1288 = ADVANCED_FACE('',(#1289),#1236,.T.);
#1289 = FACE_BOUND('',#1290,.T.);
#1290 = EDGE_LOOP('',(#1291,#1292,#1312,#1340));
#1291 = ORIENTED_EDGE('',*,*,#1221,.T.);
#1292 = ORIENTED_EDGE('',*,*,#1293,.T.);
#1293 = EDGE_CURVE('',#1178,#1294,#1296,.T.);
#1294 = VERTEX_POINT('',#1295);
#1295 = CARTESIAN_POINT('',(-22.,8.,100.));
#1296 = SURFACE_CURVE('',#1297,(#1300,#1306),.PCURVE_S1.);
#1297 = B_SPLINE_CURVE_WITH_KNOTS('',1,(#1298,#1299),.UNSPECIFIED.,.F.,
  .F.,(2,2),(0.,44.),.PIECEWISE_BEZIER_KNOTS.);
#1298 = CARTESIAN_POINT('',(22.,8.,100.));
#1299 = CARTESIAN_POINT('',(-22.,8.,100.));
#1300 = PCURVE('',#1236,#1301);
#1301 = DEFINITIONAL_REPRESENTATION('',(#1302),#1305);
#1302 = B_SPLINE_CURVE_WITH_KNOTS('',1,(#1303,#1304),.UNSPECIFIED.,.F.,
  .F.,(2,2),(0.,44.),.PIECEWISE_BEZIER_KNOTS.);
#1303 = CARTESIAN_POINT('',(0.,-100.));
#1304 = CARTESIAN_POINT('',(44.,-100.));
#1305 = ( GEOMETRIC_REPRESENTATION_CONTEXT(2) 
PARAMETRIC_REPRESENTATION_CONTEXT() REPRESENTATION_CONTEXT('2D SPACE',''
  ) );
#1306 = PCURVE('',#482,#1307);
#1307 = DEFINITIONAL_REPRESENTATION('',(#1308),#1311);
#1308 = B_SPLINE_CURVE_WITH_KNOTS('',1,(#1309,#1310),.UNSPECIFIED.,.F.,
  .F.,(2,2),(0.,44.),.PIECEWISE_BEZIER_KNOTS.);
#1309 = CARTESIAN_POINT('',(22.,-2.));
#1310 = CARTESIAN_POINT('',(-22.,-2.));
#1311 = ( GEOMETRIC_REPRESENTATION_CONTEXT(2) 
PARAMETRIC_REPRESENTATION_CONTEXT() REPRESENTATION_CONTEXT('2D SPACE',''
  ) );
#1312 = ORIENTED_EDGE('',*,*,#1313,.F.);
#1313 = EDGE_CURVE('',#1314,#1294,#1316,.T.);
#1314 = VERTEX_POINT('',#1315);
#1315 = CARTESIAN_POINT('',(-22.,8.,0.));
#1316 = SURFACE_CURVE('',#1317,(#1320,#1326),.PCURVE_S1.);
#1317 = B_SPLINE_CURVE_WITH_KNOTS('',1,(#1318,#1319),.UNSPECIFIED.,.F.,
  .F.,(2,2),(0.,100.),.PIECEWISE_BEZIER_KNOTS.);
#1318 = CARTESIAN_POINT('',(-22.,8.,0.));
#1319 = CARTESIAN_POINT('',(-22.,8.,100.));
#1320 = PCURVE('',#1236,#1321);
#1321 = DEFINITIONAL_REPRESENTATION('',(#1322),#1325);
#1322 = B_SPLINE_CURVE_WITH_KNOTS('',1,(#1323,#1324),.UNSPECIFIED.,.F.,
  .F.,(2,2),(0.,100.),.PIECEWISE_BEZIER_KNOTS.);
#1323 = CARTESIAN_POINT('',(44.,0.));
#1324 = CARTESIAN_POINT('',(44.,-100.));
#1325 = ( GEOMETRIC_REPRESENTATION_CONTEXT(2) 
PARAMETRIC_REPRESENTATION_CONTEXT() REPRESENTATION_CONTEXT('2D SPACE',''
  ) );
#1326 = PCURVE('',#1327,#1334);
#1327 = ( BOUNDED_SURFACE() B_SPLINE_SURFACE(2,1,(
    (#1328,#1329)
    ,(#1330,#1331)
    ,(#1332,#1333
)),.UNSPECIFIED.,.F.,.F.,.F.) B_SPLINE_SURFACE_WITH_KNOTS((3,3),(2,2),(
    1.570796326795,3.14159265359),(-100.,0.),.PIECEWISE_BEZIER_KNOTS.) 
GEOMETRIC_REPRESENTATION_ITEM() RATIONAL_B_SPLINE_SURFACE((
    (1.,1.)
    ,(0.707106781187,0.707106781187)
,(1.,1.))) REPRESENTATION_ITEM('') SURFACE() );
#1328 = CARTESIAN_POINT('',(-22.,8.,100.));
#1329 = CARTESIAN_POINT('',(-22.,8.,0.));
#1330 = CARTESIAN_POINT('',(-28.,8.,100.));
#1331 = CARTESIAN_POINT('',(-28.,8.,0.));
#1332 = CARTESIAN_POINT('',(-28.,2.,100.));
#1333 = CARTESIAN_POINT('',(-28.,2.,0.));
#1334 = DEFINITIONAL_REPRESENTATION('',(#1335),#1339);
#1335 = B_SPLINE_CURVE_WITH_KNOTS('',2,(#1336,#1337,#1338),
  .UNSPECIFIED.,.F.,.F.,(3,3),(0.,100.),.PIECEWISE_BEZIER_KNOTS.);
#1336 = CARTESIAN_POINT('',(1.570796326795,0.));
#1337 = CARTESIAN_POINT('',(1.570796326795,-50.));
#1338 = CARTESIAN_POINT('',(1.570796326795,-100.));
#1339 = ( GEOMETRIC_REPRESENTATION_CONTEXT(2) 
PARAMETRIC_REPRESENTATION_CONTEXT() REPRESENTATION_CONTEXT('2D SPACE',''
  ) );
#1340 = ORIENTED_EDGE('',*,*,#1341,.F.);
#1341 = EDGE_CURVE('',#1222,#1314,#1342,.T.);
#1342 = SURFACE_CURVE('',#1343,(#1346,#1352),.PCURVE_S1.);
#1343 = B_SPLINE_CURVE_WITH_KNOTS('',1,(#1344,#1345),.UNSPECIFIED.,.F.,
  .F.,(2,2),(0.,44.),.PIECEWISE_BEZIER_KNOTS.);
#1344 = CARTESIAN_POINT('',(22.,8.,0.));
#1345 = CARTESIAN_POINT('',(-22.,8.,0.));
#1346 = PCURVE('',#1236,#1347);
#1347 = DEFINITIONAL_REPRESENTATION('',(#1348),#1351);
#1348 = B_SPLINE_CURVE_WITH_KNOTS('',1,(#1349,#1350),.UNSPECIFIED.,.F.,
  .F.,(2,2),(0.,44.),.PIECEWISE_BEZIER_KNOTS.);
#1349 = CARTESIAN_POINT('',(0.,0.));
#1350 = CARTESIAN_POINT('',(44.,0.));
#1351 = ( GEOMETRIC_REPRESENTATION_CONTEXT(2) 
PARAMETRIC_REPRESENTATION_CONTEXT() REPRESENTATION_CONTEXT('2D SPACE',''
  ) );
#1352 = PCURVE('',#533,#1353);
#1353 = DEFINITIONAL_REPRESENTATION('',(#1354),#1357);
#1354 = B_SPLINE_CURVE_WITH_KNOTS('',1,(#1355,#1356),.UNSPECIFIED.,.F.,
  .F.,(2,2),(0.,44.),.PIECEWISE_BEZIER_KNOTS.);
#1355 = CARTESIAN_POINT('',(22.,-2.));
#1356 = CARTESIAN_POINT('',(-22.,-2.));
#1357 = ( GEOMETRIC_REPRESENTATION_CONTEXT(2) 
PARAMETRIC_REPRESENTATION_CONTEXT() REPRESENTATION_CONTEXT('2D SPACE',''
  ) );
#1358 = ADVANCED_FACE('',(#1359),#1327,.T.);
#1359 = FACE_BOUND('',#1360,.T.);
#1360 = EDGE_LOOP('',(#1361,#1362,#1406,#1432));
#1361 = ORIENTED_EDGE('',*,*,#1313,.T.);
#1362 = ORIENTED_EDGE('',*,*,#1363,.T.);
#1363 = EDGE_CURVE('',#1294,#1364,#1366,.T.);
#1364 = VERTEX_POINT('',#1365);
#1365 = CARTESIAN_POINT('',(-28.,2.,100.));
#1366 = SURFACE_CURVE('',#1367,(#1377,#1393),.PCURVE_S1.);
#1367 = B_SPLINE_CURVE_WITH_KNOTS('',8,(#1368,#1369,#1370,#1371,#1372,
    #1373,#1374,#1375,#1376),.UNSPECIFIED.,.F.,.F.,(9,9),(1.570796326795
    ,3.14159265359),.PIECEWISE_BEZIER_KNOTS.);
#1368 = CARTESIAN_POINT('',(-22.,8.,100.));
#1369 = CARTESIAN_POINT('',(-23.17809724509,8.,100.));
#1370 = CARTESIAN_POINT('',(-24.35619486102,7.735635266233,
    99.999999999999));
#1371 = CARTESIAN_POINT('',(-25.46507940601,7.206908395229,100.));
#1372 = CARTESIAN_POINT('',(-26.43555253467,6.435552534679,
    99.999999999996));
#1373 = CARTESIAN_POINT('',(-27.20690839522,5.465079406011,100.));
#1374 = CARTESIAN_POINT('',(-27.73563526623,4.356194861025,
    99.999999999998));
#1375 = CARTESIAN_POINT('',(-28.,3.178097245096,100.));
#1376 = CARTESIAN_POINT('',(-28.,2.,100.));
#1377 = PCURVE('',#1327,#1378);
#1378 = DEFINITIONAL_REPRESENTATION('',(#1379),#1392);
#1379 = B_SPLINE_CURVE_WITH_KNOTS('',6,(#1380,#1381,#1382,#1383,#1384,
    #1385,#1386,#1387,#1388,#1389,#1390,#1391),.UNSPECIFIED.,.F.,.F.,(7,
    5,7),(1.570796326795,2.356194490192,3.14159265359),.UNSPECIFIED.);
#1380 = CARTESIAN_POINT('',(1.570796326795,-100.));
#1381 = CARTESIAN_POINT('',(1.716188979374,-100.));
#1382 = CARTESIAN_POINT('',(1.852124737774,-100.));
#1383 = CARTESIAN_POINT('',(1.981984129096,-100.));
#1384 = CARTESIAN_POINT('',(2.107991232819,-100.));
#1385 = CARTESIAN_POINT('',(2.232094107826,-99.99999999999));
#1386 = CARTESIAN_POINT('',(2.480294872559,-99.99999999999));
#1387 = CARTESIAN_POINT('',(2.604397747567,-100.));
#1388 = CARTESIAN_POINT('',(2.730404851287,-99.9999999999));
#1389 = CARTESIAN_POINT('',(2.860264242612,-100.));
#1390 = CARTESIAN_POINT('',(2.996200001011,-100.));
#1391 = CARTESIAN_POINT('',(3.14159265359,-100.));
#1392 = ( GEOMETRIC_REPRESENTATION_CONTEXT(2) 
PARAMETRIC_REPRESENTATION_CONTEXT() REPRESENTATION_CONTEXT('2D SPACE',''
  ) );
#1393 = PCURVE('',#579,#1394);
#1394 = DEFINITIONAL_REPRESENTATION('',(#1395),#1405);
#1395 = B_SPLINE_CURVE_WITH_KNOTS('',8,(#1396,#1397,#1398,#1399,#1400,
    #1401,#1402,#1403,#1404),.UNSPECIFIED.,.F.,.F.,(9,9),(1.570796326795
    ,3.14159265359),.PIECEWISE_BEZIER_KNOTS.);
#1396 = CARTESIAN_POINT('',(5.056906838957,0.943093161043));
#1397 = CARTESIAN_POINT('',(3.878809593861,0.943093161043));
#1398 = CARTESIAN_POINT('',(2.700711977932,0.678728427276));
#1399 = CARTESIAN_POINT('',(1.591827432946,0.150001556272));
#1400 = CARTESIAN_POINT('',(0.621354304278,-0.621354304278));
#1401 = CARTESIAN_POINT('',(-0.150001556272,-1.591827432946));
#1402 = CARTESIAN_POINT('',(-0.678728427275,-2.700711977932));
#1403 = CARTESIAN_POINT('',(-0.943093161043,-3.878809593861));
#1404 = CARTESIAN_POINT('',(-0.943093161043,-5.056906838957));
#1405 = ( GEOMETRIC_REPRESENTATION_CONTEXT(2) 
PARAMETRIC_REPRESENTATION_CONTEXT() REPRESENTATION_CONTEXT('2D SPACE',''
  ) );
#1406 = ORIENTED_EDGE('',*,*,#1407,.F.);
#1407 = EDGE_CURVE('',#1408,#1364,#1410,.T.);
#1408 = VERTEX_POINT('',#1409);
#1409 = CARTESIAN_POINT('',(-28.,2.,0.));
#1410 = SURFACE_CURVE('',#1411,(#1414,#1421),.PCURVE_S1.);
#1411 = B_SPLINE_CURVE_WITH_KNOTS('',1,(#1412,#1413),.UNSPECIFIED.,.F.,
  .F.,(2,2),(0.,100.),.PIECEWISE_BEZIER_KNOTS.);
#1412 = CARTESIAN_POINT('',(-28.,2.,0.));
#1413 = CARTESIAN_POINT('',(-28.,2.,100.));
#1414 = PCURVE('',#1327,#1415);
#1415 = DEFINITIONAL_REPRESENTATION('',(#1416),#1420);
#1416 = B_SPLINE_CURVE_WITH_KNOTS('',2,(#1417,#1418,#1419),
  .UNSPECIFIED.,.F.,.F.,(3,3),(0.,100.),.PIECEWISE_BEZIER_KNOTS.);
#1417 = CARTESIAN_POINT('',(3.14159265359,0.));
#1418 = CARTESIAN_POINT('',(3.14159265359,-50.));
#1419 = CARTESIAN_POINT('',(3.14159265359,-100.));
#1420 = ( GEOMETRIC_REPRESENTATION_CONTEXT(2) 
PARAMETRIC_REPRESENTATION_CONTEXT() REPRESENTATION_CONTEXT('2D SPACE',''
  ) );
#1421 = PCURVE('',#1422,#1427);
#1422 = B_SPLINE_SURFACE_WITH_KNOTS('',1,1,(
    (#1423,#1424)
    ,(#1425,#1426
    )),.UNSPECIFIED.,.F.,.F.,.F.,(2,2),(2,2),(0.,4.),(-100.,0.),
  .PIECEWISE_BEZIER_KNOTS.);
#1423 = CARTESIAN_POINT('',(-28.,2.,100.));
#1424 = CARTESIAN_POINT('',(-28.,2.,0.));
#1425 = CARTESIAN_POINT('',(-28.,-2.,100.));
#1426 = CARTESIAN_POINT('',(-28.,-2.,0.));
#1427 = DEFINITIONAL_REPRESENTATION('',(#1428),#1431);
#1428 = B_SPLINE_CURVE_WITH_KNOTS('',1,(#1429,#1430),.UNSPECIFIED.,.F.,
  .F.,(2,2),(0.,100.),.PIECEWISE_BEZIER_KNOTS.);
#1429 = CARTESIAN_POINT('',(-8.881784197001E-16,0.));
#1430 = CARTESIAN_POINT('',(-8.881784197001E-16,-100.));
#1431 = ( GEOMETRIC_REPRESENTATION_CONTEXT(2) 
PARAMETRIC_REPRESENTATION_CONTEXT() REPRESENTATION_CONTEXT('2D SPACE',''
  ) );
#1432 = ORIENTED_EDGE('',*,*,#1433,.F.);
#1433 = EDGE_CURVE('',#1314,#1408,#1434,.T.);
#1434 = SURFACE_CURVE('',#1435,(#1445,#1461),.PCURVE_S1.);
#1435 = B_SPLINE_CURVE_WITH_KNOTS('',8,(#1436,#1437,#1438,#1439,#1440,
    #1441,#1442,#1443,#1444),.UNSPECIFIED.,.F.,.F.,(9,9),(1.570796326795
    ,3.14159265359),.PIECEWISE_BEZIER_KNOTS.);
#1436 = CARTESIAN_POINT('',(-22.,8.,0.));
#1437 = CARTESIAN_POINT('',(-23.17809724509,8.,0.));
#1438 = CARTESIAN_POINT('',(-24.35619486102,7.735635266233,0.));
#1439 = CARTESIAN_POINT('',(-25.46507940601,7.206908395229,0.));
#1440 = CARTESIAN_POINT('',(-26.43555253467,6.435552534679,0.));
#1441 = CARTESIAN_POINT('',(-27.20690839522,5.465079406011,0.));
#1442 = CARTESIAN_POINT('',(-27.73563526623,4.356194861025,0.));
#1443 = CARTESIAN_POINT('',(-28.,3.178097245096,0.));
#1444 = CARTESIAN_POINT('',(-28.,2.,0.));
#1445 = PCURVE('',#1327,#1446);
#1446 = DEFINITIONAL_REPRESENTATION('',(#1447),#1460);
#1447 = B_SPLINE_CURVE_WITH_KNOTS('',6,(#1448,#1449,#1450,#1451,#1452,
    #1453,#1454,#1455,#1456,#1457,#1458,#1459),.UNSPECIFIED.,.F.,.F.,(7,
    5,7),(1.570796326795,2.356194490192,3.14159265359),.UNSPECIFIED.);
#1448 = CARTESIAN_POINT('',(1.570796326795,0.));
#1449 = CARTESIAN_POINT('',(1.716188979374,-1.041862457257E-14));
#1450 = CARTESIAN_POINT('',(1.852124737774,3.539273582091E-14));
#1451 = CARTESIAN_POINT('',(1.981984129096,-5.57577208603E-14));
#1452 = CARTESIAN_POINT('',(2.107991232819,2.853809410088E-14));
#1453 = CARTESIAN_POINT('',(2.232094107826,-5.18721798146E-15));
#1454 = CARTESIAN_POINT('',(2.480294872559,2.635907307044E-15));
#1455 = CARTESIAN_POINT('',(2.604397747567,-1.448520318167E-14));
#1456 = CARTESIAN_POINT('',(2.730404851287,2.602589807533E-14));
#1457 = CARTESIAN_POINT('',(2.860264242612,-2.010336049585E-14));
#1458 = CARTESIAN_POINT('',(2.996200001011,1.792121165895E-14));
#1459 = CARTESIAN_POINT('',(3.14159265359,0.));
#1460 = ( GEOMETRIC_REPRESENTATION_CONTEXT(2) 
PARAMETRIC_REPRESENTATION_CONTEXT() REPRESENTATION_CONTEXT('2D SPACE',''
  ) );
#1461 = PCURVE('',#652,#1462);
#1462 = DEFINITIONAL_REPRESENTATION('',(#1463),#1473);
#1463 = B_SPLINE_CURVE_WITH_KNOTS('',8,(#1464,#1465,#1466,#1467,#1468,
    #1469,#1470,#1471,#1472),.UNSPECIFIED.,.F.,.F.,(9,9),(1.570796326795
    ,3.14159265359),.PIECEWISE_BEZIER_KNOTS.);
#1464 = CARTESIAN_POINT('',(5.056906838957,0.943093161043));
#1465 = CARTESIAN_POINT('',(3.878809593861,0.943093161043));
#1466 = CARTESIAN_POINT('',(2.700711977932,0.678728427276));
#1467 = CARTESIAN_POINT('',(1.591827432946,0.150001556272));
#1468 = CARTESIAN_POINT('',(0.621354304278,-0.621354304278));
#1469 = CARTESIAN_POINT('',(-0.150001556272,-1.591827432946));
#1470 = CARTESIAN_POINT('',(-0.678728427275,-2.700711977932));
#1471 = CARTESIAN_POINT('',(-0.943093161043,-3.878809593861));
#1472 = CARTESIAN_POINT('',(-0.943093161043,-5.056906838957));
#1473 = ( GEOMETRIC_REPRESENTATION_CONTEXT(2) 
PARAMETRIC_REPRESENTATION_CONTEXT() REPRESENTATION_CONTEXT('2D SPACE',''
  ) );
#1474 = ADVANCED_FACE('',(#1475),#1422,.T.);
#1475 = FACE_BOUND('',#1476,.T.);
#1476 = EDGE_LOOP('',(#1477,#1478,#1498,#1519));
#1477 = ORIENTED_EDGE('',*,*,#1407,.T.);
#1478 = ORIENTED_EDGE('',*,*,#1479,.T.);
#1479 = EDGE_CURVE('',#1364,#1480,#1482,.T.);
#1480 = VERTEX_POINT('',#1481);
#1481 = CARTESIAN_POINT('',(-28.,-2.,100.));
#1482 = SURFACE_CURVE('',#1483,(#1486,#1492),.PCURVE_S1.);
#1483 = B_SPLINE_CURVE_WITH_KNOTS('',1,(#1484,#1485),.UNSPECIFIED.,.F.,
  .F.,(2,2),(0.,4.),.PIECEWISE_BEZIER_KNOTS.);
#1484 = CARTESIAN_POINT('',(-28.,2.,100.));
#1485 = CARTESIAN_POINT('',(-28.,-2.,100.));
#1486 = PCURVE('',#1422,#1487);
#1487 = DEFINITIONAL_REPRESENTATION('',(#1488),#1491);
#1488 = B_SPLINE_CURVE_WITH_KNOTS('',1,(#1489,#1490),.UNSPECIFIED.,.F.,
  .F.,(2,2),(0.,4.),.PIECEWISE_BEZIER_KNOTS.);
#1489 = CARTESIAN_POINT('',(0.,-100.));
#1490 = CARTESIAN_POINT('',(4.,-100.));
#1491 = ( GEOMETRIC_REPRESENTATION_CONTEXT(2) 
PARAMETRIC_REPRESENTATION_CONTEXT() REPRESENTATION_CONTEXT('2D SPACE',''
  ) );
#1492 = PCURVE('',#688,#1493);
#1493 = DEFINITIONAL_REPRESENTATION('',(#1494),#1497);
#1494 = B_SPLINE_CURVE_WITH_KNOTS('',1,(#1495,#1496),.UNSPECIFIED.,.F.,
  .F.,(2,2),(0.,4.),.PIECEWISE_BEZIER_KNOTS.);
#1495 = CARTESIAN_POINT('',(2.,2.));
#1496 = CARTESIAN_POINT('',(2.,-2.));
#1497 = ( GEOMETRIC_REPRESENTATION_CONTEXT(2) 
PARAMETRIC_REPRESENTATION_CONTEXT() REPRESENTATION_CONTEXT('2D SPACE',''
  ) );
#1498 = ORIENTED_EDGE('',*,*,#1499,.F.);
#1499 = EDGE_CURVE('',#1500,#1480,#1502,.T.);
#1500 = VERTEX_POINT('',#1501);
#1501 = CARTESIAN_POINT('',(-28.,-2.,0.));
#1502 = SURFACE_CURVE('',#1503,(#1506,#1512),.PCURVE_S1.);
#1503 = B_SPLINE_CURVE_WITH_KNOTS('',1,(#1504,#1505),.UNSPECIFIED.,.F.,
  .F.,(2,2),(0.,100.),.PIECEWISE_BEZIER_KNOTS.);
#1504 = CARTESIAN_POINT('',(-28.,-2.,0.));
#1505 = CARTESIAN_POINT('',(-28.,-2.,100.));
#1506 = PCURVE('',#1422,#1507);
#1507 = DEFINITIONAL_REPRESENTATION('',(#1508),#1511);
#1508 = B_SPLINE_CURVE_WITH_KNOTS('',1,(#1509,#1510),.UNSPECIFIED.,.F.,
  .F.,(2,2),(0.,100.),.PIECEWISE_BEZIER_KNOTS.);
#1509 = CARTESIAN_POINT('',(4.,0.));
#1510 = CARTESIAN_POINT('',(4.,-100.));
#1511 = ( GEOMETRIC_REPRESENTATION_CONTEXT(2) 
PARAMETRIC_REPRESENTATION_CONTEXT() REPRESENTATION_CONTEXT('2D SPACE',''
  ) );
#1512 = PCURVE('',#926,#1513);
#1513 = DEFINITIONAL_REPRESENTATION('',(#1514),#1518);
#1514 = B_SPLINE_CURVE_WITH_KNOTS('',2,(#1515,#1516,#1517),
  .UNSPECIFIED.,.F.,.F.,(3,3),(0.,100.),.PIECEWISE_BEZIER_KNOTS.);
#1515 = CARTESIAN_POINT('',(3.14159265359,-7.105427357601E-15));
#1516 = CARTESIAN_POINT('',(3.14159265359,-50.));
#1517 = CARTESIAN_POINT('',(3.14159265359,-100.));
#1518 = ( GEOMETRIC_REPRESENTATION_CONTEXT(2) 
PARAMETRIC_REPRESENTATION_CONTEXT() REPRESENTATION_CONTEXT('2D SPACE',''
  ) );
#1519 = ORIENTED_EDGE('',*,*,#1520,.F.);
#1520 = EDGE_CURVE('',#1408,#1500,#1521,.T.);
#1521 = SURFACE_CURVE('',#1522,(#1525,#1531),.PCURVE_S1.);
#1522 = B_SPLINE_CURVE_WITH_KNOTS('',1,(#1523,#1524),.UNSPECIFIED.,.F.,
  .F.,(2,2),(0.,4.),.PIECEWISE_BEZIER_KNOTS.);
#1523 = CARTESIAN_POINT('',(-28.,2.,0.));
#1524 = CARTESIAN_POINT('',(-28.,-2.,0.));
#1525 = PCURVE('',#1422,#1526);
#1526 = DEFINITIONAL_REPRESENTATION('',(#1527),#1530);
#1527 = B_SPLINE_CURVE_WITH_KNOTS('',1,(#1528,#1529),.UNSPECIFIED.,.F.,
  .F.,(2,2),(0.,4.),.PIECEWISE_BEZIER_KNOTS.);
#1528 = CARTESIAN_POINT('',(0.,0.));
#1529 = CARTESIAN_POINT('',(4.,0.));
#1530 = ( GEOMETRIC_REPRESENTATION_CONTEXT(2) 
PARAMETRIC_REPRESENTATION_CONTEXT() REPRESENTATION_CONTEXT('2D SPACE',''
  ) );
#1531 = PCURVE('',#732,#1532);
#1532 = DEFINITIONAL_REPRESENTATION('',(#1533),#1536);
#1533 = B_SPLINE_CURVE_WITH_KNOTS('',1,(#1534,#1535),.UNSPECIFIED.,.F.,
  .F.,(2,2),(0.,4.),.PIECEWISE_BEZIER_KNOTS.);
#1534 = CARTESIAN_POINT('',(2.,2.));
#1535 = CARTESIAN_POINT('',(2.,-2.));
#1536 = ( GEOMETRIC_REPRESENTATION_CONTEXT(2) 
PARAMETRIC_REPRESENTATION_CONTEXT() REPRESENTATION_CONTEXT('2D SPACE',''
  ) );
#1537 = ADVANCED_FACE('',(#1538),#926,.T.);
#1538 = FACE_BOUND('',#1539,.T.);
#1539 = EDGE_LOOP('',(#1540,#1541,#1583,#1584));
#1540 = ORIENTED_EDGE('',*,*,#1499,.T.);
#1541 = ORIENTED_EDGE('',*,*,#1542,.T.);
#1542 = EDGE_CURVE('',#1480,#867,#1543,.T.);
#1543 = SURFACE_CURVE('',#1544,(#1554,#1570),.PCURVE_S1.);
#1544 = B_SPLINE_CURVE_WITH_KNOTS('',8,(#1545,#1546,#1547,#1548,#1549,
    #1550,#1551,#1552,#1553),.UNSPECIFIED.,.F.,.F.,(9,9),(3.14159265359,
    4.712388980385),.PIECEWISE_BEZIER_KNOTS.);
#1545 = CARTESIAN_POINT('',(-28.,-2.,100.));
#1546 = CARTESIAN_POINT('',(-28.,-3.178097245096,100.));
#1547 = CARTESIAN_POINT('',(-27.73563526623,-4.356194861025,
    99.999999999992));
#1548 = CARTESIAN_POINT('',(-27.20690839523,-5.465079406011,
    100.00000000001));
#1549 = CARTESIAN_POINT('',(-26.43555253467,-6.435552534679,
    99.999999999984));
#1550 = CARTESIAN_POINT('',(-25.46507940601,-7.206908395229,
    100.00000000001));
#1551 = CARTESIAN_POINT('',(-24.35619486102,-7.735635266233,
    99.999999999995));
#1552 = CARTESIAN_POINT('',(-23.17809724509,-8.,100.));
#1553 = CARTESIAN_POINT('',(-22.,-8.,100.));
#1554 = PCURVE('',#926,#1555);
#1555 = DEFINITIONAL_REPRESENTATION('',(#1556),#1569);
#1556 = B_SPLINE_CURVE_WITH_KNOTS('',6,(#1557,#1558,#1559,#1560,#1561,
    #1562,#1563,#1564,#1565,#1566,#1567,#1568),.UNSPECIFIED.,.F.,.F.,(7,
    5,7),(3.14159265359,3.926990816987,4.712388980385),.UNSPECIFIED.);
#1557 = CARTESIAN_POINT('',(3.14159265359,-100.));
#1558 = CARTESIAN_POINT('',(3.286985306169,-99.99999999997));
#1559 = CARTESIAN_POINT('',(3.422921064569,-100.0000000001));
#1560 = CARTESIAN_POINT('',(3.552780455892,-99.99999999981));
#1561 = CARTESIAN_POINT('',(3.678787559615,-100.0000000001));
#1562 = CARTESIAN_POINT('',(3.802890434622,-99.99999999997));
#1563 = CARTESIAN_POINT('',(4.051091199353,-99.99999999997));
#1564 = CARTESIAN_POINT('',(4.17519407436,-100.0000000002));
#1565 = CARTESIAN_POINT('',(4.301201178082,-99.99999999969));
#1566 = CARTESIAN_POINT('',(4.431060569406,-100.0000000002));
#1567 = CARTESIAN_POINT('',(4.566996327806,-99.99999999995));
#1568 = CARTESIAN_POINT('',(4.712388980385,-100.));
#1569 = ( GEOMETRIC_REPRESENTATION_CONTEXT(2) 
PARAMETRIC_REPRESENTATION_CONTEXT() REPRESENTATION_CONTEXT('2D SPACE',''
  ) );
#1570 = PCURVE('',#776,#1571);
#1571 = DEFINITIONAL_REPRESENTATION('',(#1572),#1582);
#1572 = B_SPLINE_CURVE_WITH_KNOTS('',8,(#1573,#1574,#1575,#1576,#1577,
    #1578,#1579,#1580,#1581),.UNSPECIFIED.,.F.,.F.,(9,9),(3.14159265359,
    4.712388980385),.PIECEWISE_BEZIER_KNOTS.);
#1573 = CARTESIAN_POINT('',(-0.943093161043,5.056906838957));
#1574 = CARTESIAN_POINT('',(-0.943093161044,3.878809593861));
#1575 = CARTESIAN_POINT('',(-0.678728427274,2.700711977932));
#1576 = CARTESIAN_POINT('',(-0.150001556275,1.591827432946));
#1577 = CARTESIAN_POINT('',(0.621354304281,0.621354304278));
#1578 = CARTESIAN_POINT('',(1.591827432944,-0.150001556272));
#1579 = CARTESIAN_POINT('',(2.700711977933,-0.678728427276));
#1580 = CARTESIAN_POINT('',(3.87880959386,-0.943093161043));
#1581 = CARTESIAN_POINT('',(5.056906838957,-0.943093161043));
#1582 = ( GEOMETRIC_REPRESENTATION_CONTEXT(2) 
PARAMETRIC_REPRESENTATION_CONTEXT() REPRESENTATION_CONTEXT('2D SPACE',''
  ) );
#1583 = ORIENTED_EDGE('',*,*,#912,.F.);
#1584 = ORIENTED_EDGE('',*,*,#1585,.F.);
#1585 = EDGE_CURVE('',#1500,#913,#1586,.T.);
#1586 = SURFACE_CURVE('',#1587,(#1597,#1613),.PCURVE_S1.);
#1587 = B_SPLINE_CURVE_WITH_KNOTS('',8,(#1588,#1589,#1590,#1591,#1592,
    #1593,#1594,#1595,#1596),.UNSPECIFIED.,.F.,.F.,(9,9),(3.14159265359,
    4.712388980385),.PIECEWISE_BEZIER_KNOTS.);
#1588 = CARTESIAN_POINT('',(-28.,-2.,0.));
#1589 = CARTESIAN_POINT('',(-28.,-3.178097245096,0.));
#1590 = CARTESIAN_POINT('',(-27.73563526623,-4.356194861025,0.));
#1591 = CARTESIAN_POINT('',(-27.20690839523,-5.465079406011,0.));
#1592 = CARTESIAN_POINT('',(-26.43555253467,-6.435552534679,0.));
#1593 = CARTESIAN_POINT('',(-25.46507940601,-7.206908395229,0.));
#1594 = CARTESIAN_POINT('',(-24.35619486102,-7.735635266233,0.));
#1595 = CARTESIAN_POINT('',(-23.17809724509,-8.,0.));
#1596 = CARTESIAN_POINT('',(-22.,-8.,0.));
#1597 = PCURVE('',#926,#1598);
#1598 = DEFINITIONAL_REPRESENTATION('',(#1599),#1612);
#1599 = B_SPLINE_CURVE_WITH_KNOTS('',6,(#1600,#1601,#1602,#1603,#1604,
    #1605,#1606,#1607,#1608,#1609,#1610,#1611),.UNSPECIFIED.,.F.,.F.,(7,
    5,7),(3.14159265359,3.926990816987,4.712388980385),.UNSPECIFIED.);
#1600 = CARTESIAN_POINT('',(3.14159265359,-7.105427357601E-15));
#1601 = CARTESIAN_POINT('',(3.286985306169,-1.151696973156E-14));
#1602 = CARTESIAN_POINT('',(3.422921064569,-3.860864034123E-15));
#1603 = CARTESIAN_POINT('',(3.552780455892,-4.807729945972E-14));
#1604 = CARTESIAN_POINT('',(3.678787559615,3.195208204716E-14));
#1605 = CARTESIAN_POINT('',(3.802890434622,-2.34291041288E-14));
#1606 = CARTESIAN_POINT('',(4.051091199353,-3.002834536961E-14));
#1607 = CARTESIAN_POINT('',(4.17519407436,6.524746628966E-14));
#1608 = CARTESIAN_POINT('',(4.301201178082,-1.167923346068E-13));
#1609 = CARTESIAN_POINT('',(4.431060569406,6.688917371023E-14));
#1610 = CARTESIAN_POINT('',(4.566996327806,-4.590461396996E-14));
#1611 = CARTESIAN_POINT('',(4.712388980385,-8.924942327916E-30));
#1612 = ( GEOMETRIC_REPRESENTATION_CONTEXT(2) 
PARAMETRIC_REPRESENTATION_CONTEXT() REPRESENTATION_CONTEXT('2D SPACE',''
  ) );
#1613 = PCURVE('',#824,#1614);
#1614 = DEFINITIONAL_REPRESENTATION('',(#1615),#1625);
#1615 = B_SPLINE_CURVE_WITH_KNOTS('',8,(#1616,#1617,#1618,#1619,#1620,
    #1621,#1622,#1623,#1624),.UNSPECIFIED.,.F.,.F.,(9,9),(3.14159265359,
    4.712388980385),.PIECEWISE_BEZIER_KNOTS.);
#1616 = CARTESIAN_POINT('',(-0.943093161043,5.056906838957));
#1617 = CARTESIAN_POINT('',(-0.943093161044,3.878809593861));
#1618 = CARTESIAN_POINT('',(-0.678728427274,2.700711977932));
#1619 = CARTESIAN_POINT('',(-0.150001556275,1.591827432946));
#1620 = CARTESIAN_POINT('',(0.621354304281,0.621354304278));
#1621 = CARTESIAN_POINT('',(1.591827432944,-0.150001556272));
#1622 = CARTESIAN_POINT('',(2.700711977933,-0.678728427276));
#1623 = CARTESIAN_POINT('',(3.87880959386,-0.943093161043));
#1624 = CARTESIAN_POINT('',(5.056906838957,-0.943093161043));
#1625 = ( GEOMETRIC_REPRESENTATION_CONTEXT(2) 
PARAMETRIC_REPRESENTATION_CONTEXT() REPRESENTATION_CONTEXT('2D SPACE',''
  ) );
#1626 = ADVANCED_FACE('',(#1627),#167,.T.);
#1627 = FACE_BOUND('',#1628,.T.);
#1628 = EDGE_LOOP('',(#1629,#1630,#1648,#1649));
#1629 = ORIENTED_EDGE('',*,*,#136,.T.);
#1630 = ORIENTED_EDGE('',*,*,#1631,.T.);
#1631 = EDGE_CURVE('',#137,#992,#1632,.T.);
#1632 = SURFACE_CURVE('',#1633,(#1636,#1642),.PCURVE_S1.);
#1633 = B_SPLINE_CURVE_WITH_KNOTS('',1,(#1634,#1635),.UNSPECIFIED.,.F.,
  .F.,(2,2),(0.,4.),.PIECEWISE_BEZIER_KNOTS.);
#1634 = CARTESIAN_POINT('',(32.,-2.,100.));
#1635 = CARTESIAN_POINT('',(28.,-2.,100.));
#1636 = PCURVE('',#167,#1637);
#1637 = DEFINITIONAL_REPRESENTATION('',(#1638),#1641);
#1638 = B_SPLINE_CURVE_WITH_KNOTS('',1,(#1639,#1640),.UNSPECIFIED.,.F.,
  .F.,(2,2),(0.,4.),.PIECEWISE_BEZIER_KNOTS.);
#1639 = CARTESIAN_POINT('',(4.943093161043,5.056906838957));
#1640 = CARTESIAN_POINT('',(0.943093161043,5.056906838957));
#1641 = ( GEOMETRIC_REPRESENTATION_CONTEXT(2) 
PARAMETRIC_REPRESENTATION_CONTEXT() REPRESENTATION_CONTEXT('2D SPACE',''
  ) );
#1642 = PCURVE('',#276,#1643);
#1643 = DEFINITIONAL_REPRESENTATION('',(#1644),#1647);
#1644 = B_SPLINE_CURVE_WITH_KNOTS('',1,(#1645,#1646),.UNSPECIFIED.,.F.,
  .F.,(2,2),(0.,4.),.PIECEWISE_BEZIER_KNOTS.);
#1645 = CARTESIAN_POINT('',(2.,-2.));
#1646 = CARTESIAN_POINT('',(-2.,-2.));
#1647 = ( GEOMETRIC_REPRESENTATION_CONTEXT(2) 
PARAMETRIC_REPRESENTATION_CONTEXT() REPRESENTATION_CONTEXT('2D SPACE',''
  ) );
#1648 = ORIENTED_EDGE('',*,*,#991,.F.);
#1649 = ORIENTED_EDGE('',*,*,#846,.F.);
#1650 = ADVANCED_FACE('',(#1651),#276,.T.);
#1651 = FACE_BOUND('',#1652,.T.);
#1652 = EDGE_LOOP('',(#1653,#1654,#1672,#1673));
#1653 = ORIENTED_EDGE('',*,*,#262,.T.);
#1654 = ORIENTED_EDGE('',*,*,#1655,.T.);
#1655 = EDGE_CURVE('',#263,#1108,#1656,.T.);
#1656 = SURFACE_CURVE('',#1657,(#1660,#1666),.PCURVE_S1.);
#1657 = B_SPLINE_CURVE_WITH_KNOTS('',1,(#1658,#1659),.UNSPECIFIED.,.F.,
  .F.,(2,2),(0.,4.),.PIECEWISE_BEZIER_KNOTS.);
#1658 = CARTESIAN_POINT('',(32.,2.,100.));
#1659 = CARTESIAN_POINT('',(28.,2.,100.));
#1660 = PCURVE('',#276,#1661);
#1661 = DEFINITIONAL_REPRESENTATION('',(#1662),#1665);
#1662 = B_SPLINE_CURVE_WITH_KNOTS('',1,(#1663,#1664),.UNSPECIFIED.,.F.,
  .F.,(2,2),(0.,4.),.PIECEWISE_BEZIER_KNOTS.);
#1663 = CARTESIAN_POINT('',(2.,2.));
#1664 = CARTESIAN_POINT('',(-2.,2.));
#1665 = ( GEOMETRIC_REPRESENTATION_CONTEXT(2) 
PARAMETRIC_REPRESENTATION_CONTEXT() REPRESENTATION_CONTEXT('2D SPACE',''
  ) );
#1666 = PCURVE('',#373,#1667);
#1667 = DEFINITIONAL_REPRESENTATION('',(#1668),#1671);
#1668 = B_SPLINE_CURVE_WITH_KNOTS('',1,(#1669,#1670),.UNSPECIFIED.,.F.,
  .F.,(2,2),(0.,4.),.PIECEWISE_BEZIER_KNOTS.);
#1669 = CARTESIAN_POINT('',(4.943093161043,-5.056906838957));
#1670 = CARTESIAN_POINT('',(0.943093161043,-5.056906838957));
#1671 = ( GEOMETRIC_REPRESENTATION_CONTEXT(2) 
PARAMETRIC_REPRESENTATION_CONTEXT() REPRESENTATION_CONTEXT('2D SPACE',''
  ) );
#1672 = ORIENTED_EDGE('',*,*,#1107,.F.);
#1673 = ORIENTED_EDGE('',*,*,#1631,.F.);
#1674 = ADVANCED_FACE('',(#1675),#373,.T.);
#1675 = FACE_BOUND('',#1676,.T.);
#1676 = EDGE_LOOP('',(#1677,#1678,#1696,#1697));
#1677 = ORIENTED_EDGE('',*,*,#342,.T.);
#1678 = ORIENTED_EDGE('',*,*,#1679,.T.);
#1679 = EDGE_CURVE('',#343,#1178,#1680,.T.);
#1680 = SURFACE_CURVE('',#1681,(#1684,#1690),.PCURVE_S1.);
#1681 = B_SPLINE_CURVE_WITH_KNOTS('',1,(#1682,#1683),.UNSPECIFIED.,.F.,
  .F.,(2,2),(0.,4.),.PIECEWISE_BEZIER_KNOTS.);
#1682 = CARTESIAN_POINT('',(22.,12.,100.));
#1683 = CARTESIAN_POINT('',(22.,8.,100.));
#1684 = PCURVE('',#373,#1685);
#1685 = DEFINITIONAL_REPRESENTATION('',(#1686),#1689);
#1686 = B_SPLINE_CURVE_WITH_KNOTS('',1,(#1687,#1688),.UNSPECIFIED.,.F.,
  .F.,(2,2),(0.,4.),.PIECEWISE_BEZIER_KNOTS.);
#1687 = CARTESIAN_POINT('',(-5.056906838957,4.943093161043));
#1688 = CARTESIAN_POINT('',(-5.056906838957,0.943093161043));
#1689 = ( GEOMETRIC_REPRESENTATION_CONTEXT(2) 
PARAMETRIC_REPRESENTATION_CONTEXT() REPRESENTATION_CONTEXT('2D SPACE',''
  ) );
#1690 = PCURVE('',#482,#1691);
#1691 = DEFINITIONAL_REPRESENTATION('',(#1692),#1695);
#1692 = B_SPLINE_CURVE_WITH_KNOTS('',1,(#1693,#1694),.UNSPECIFIED.,.F.,
  .F.,(2,2),(0.,4.),.PIECEWISE_BEZIER_KNOTS.);
#1693 = CARTESIAN_POINT('',(22.,2.));
#1694 = CARTESIAN_POINT('',(22.,-2.));
#1695 = ( GEOMETRIC_REPRESENTATION_CONTEXT(2) 
PARAMETRIC_REPRESENTATION_CONTEXT() REPRESENTATION_CONTEXT('2D SPACE',''
  ) );
#1696 = ORIENTED_EDGE('',*,*,#1177,.F.);
#1697 = ORIENTED_EDGE('',*,*,#1655,.F.);
#1698 = ADVANCED_FACE('',(#1699),#482,.T.);
#1699 = FACE_BOUND('',#1700,.T.);
#1700 = EDGE_LOOP('',(#1701,#1702,#1720,#1721));
#1701 = ORIENTED_EDGE('',*,*,#468,.T.);
#1702 = ORIENTED_EDGE('',*,*,#1703,.T.);
#1703 = EDGE_CURVE('',#469,#1294,#1704,.T.);
#1704 = SURFACE_CURVE('',#1705,(#1708,#1714),.PCURVE_S1.);
#1705 = B_SPLINE_CURVE_WITH_KNOTS('',1,(#1706,#1707),.UNSPECIFIED.,.F.,
  .F.,(2,2),(0.,4.),.PIECEWISE_BEZIER_KNOTS.);
#1706 = CARTESIAN_POINT('',(-22.,12.,100.));
#1707 = CARTESIAN_POINT('',(-22.,8.,100.));
#1708 = PCURVE('',#482,#1709);
#1709 = DEFINITIONAL_REPRESENTATION('',(#1710),#1713);
#1710 = B_SPLINE_CURVE_WITH_KNOTS('',1,(#1711,#1712),.UNSPECIFIED.,.F.,
  .F.,(2,2),(0.,4.),.PIECEWISE_BEZIER_KNOTS.);
#1711 = CARTESIAN_POINT('',(-22.,2.));
#1712 = CARTESIAN_POINT('',(-22.,-2.));
#1713 = ( GEOMETRIC_REPRESENTATION_CONTEXT(2) 
PARAMETRIC_REPRESENTATION_CONTEXT() REPRESENTATION_CONTEXT('2D SPACE',''
  ) );
#1714 = PCURVE('',#579,#1715);
#1715 = DEFINITIONAL_REPRESENTATION('',(#1716),#1719);
#1716 = B_SPLINE_CURVE_WITH_KNOTS('',1,(#1717,#1718),.UNSPECIFIED.,.F.,
  .F.,(2,2),(0.,4.),.PIECEWISE_BEZIER_KNOTS.);
#1717 = CARTESIAN_POINT('',(5.056906838957,4.943093161043));
#1718 = CARTESIAN_POINT('',(5.056906838957,0.943093161043));
#1719 = ( GEOMETRIC_REPRESENTATION_CONTEXT(2) 
PARAMETRIC_REPRESENTATION_CONTEXT() REPRESENTATION_CONTEXT('2D SPACE',''
  ) );
#1720 = ORIENTED_EDGE('',*,*,#1293,.F.);
#1721 = ORIENTED_EDGE('',*,*,#1679,.F.);
#1722 = ADVANCED_FACE('',(#1723),#579,.T.);
#1723 = FACE_BOUND('',#1724,.T.);
#1724 = EDGE_LOOP('',(#1725,#1726,#1744,#1745));
#1725 = ORIENTED_EDGE('',*,*,#548,.T.);
#1726 = ORIENTED_EDGE('',*,*,#1727,.T.);
#1727 = EDGE_CURVE('',#549,#1364,#1728,.T.);
#1728 = SURFACE_CURVE('',#1729,(#1732,#1738),.PCURVE_S1.);
#1729 = B_SPLINE_CURVE_WITH_KNOTS('',1,(#1730,#1731),.UNSPECIFIED.,.F.,
  .F.,(2,2),(0.,4.),.PIECEWISE_BEZIER_KNOTS.);
#1730 = CARTESIAN_POINT('',(-32.,2.,100.));
#1731 = CARTESIAN_POINT('',(-28.,2.,100.));
#1732 = PCURVE('',#579,#1733);
#1733 = DEFINITIONAL_REPRESENTATION('',(#1734),#1737);
#1734 = B_SPLINE_CURVE_WITH_KNOTS('',1,(#1735,#1736),.UNSPECIFIED.,.F.,
  .F.,(2,2),(0.,4.),.PIECEWISE_BEZIER_KNOTS.);
#1735 = CARTESIAN_POINT('',(-4.943093161043,-5.056906838957));
#1736 = CARTESIAN_POINT('',(-0.943093161043,-5.056906838957));
#1737 = ( GEOMETRIC_REPRESENTATION_CONTEXT(2) 
PARAMETRIC_REPRESENTATION_CONTEXT() REPRESENTATION_CONTEXT('2D SPACE',''
  ) );
#1738 = PCURVE('',#688,#1739);
#1739 = DEFINITIONAL_REPRESENTATION('',(#1740),#1743);
#1740 = B_SPLINE_CURVE_WITH_KNOTS('',1,(#1741,#1742),.UNSPECIFIED.,.F.,
  .F.,(2,2),(0.,4.),.PIECEWISE_BEZIER_KNOTS.);
#1741 = CARTESIAN_POINT('',(-2.,2.));
#1742 = CARTESIAN_POINT('',(2.,2.));
#1743 = ( GEOMETRIC_REPRESENTATION_CONTEXT(2) 
PARAMETRIC_REPRESENTATION_CONTEXT() REPRESENTATION_CONTEXT('2D SPACE',''
  ) );
#1744 = ORIENTED_EDGE('',*,*,#1363,.F.);
#1745 = ORIENTED_EDGE('',*,*,#1703,.F.);
#1746 = ADVANCED_FACE('',(#1747),#688,.T.);
#1747 = FACE_BOUND('',#1748,.T.);
#1748 = EDGE_LOOP('',(#1749,#1750,#1768,#1769));
#1749 = ORIENTED_EDGE('',*,*,#674,.T.);
#1750 = ORIENTED_EDGE('',*,*,#1751,.T.);
#1751 = EDGE_CURVE('',#675,#1480,#1752,.T.);
#1752 = SURFACE_CURVE('',#1753,(#1756,#1762),.PCURVE_S1.);
#1753 = B_SPLINE_CURVE_WITH_KNOTS('',1,(#1754,#1755),.UNSPECIFIED.,.F.,
  .F.,(2,2),(0.,4.),.PIECEWISE_BEZIER_KNOTS.);
#1754 = CARTESIAN_POINT('',(-32.,-2.,100.));
#1755 = CARTESIAN_POINT('',(-28.,-2.,100.));
#1756 = PCURVE('',#688,#1757);
#1757 = DEFINITIONAL_REPRESENTATION('',(#1758),#1761);
#1758 = B_SPLINE_CURVE_WITH_KNOTS('',1,(#1759,#1760),.UNSPECIFIED.,.F.,
  .F.,(2,2),(0.,4.),.PIECEWISE_BEZIER_KNOTS.);
#1759 = CARTESIAN_POINT('',(-2.,-2.));
#1760 = CARTESIAN_POINT('',(2.,-2.));
#1761 = ( GEOMETRIC_REPRESENTATION_CONTEXT(2) 
PARAMETRIC_REPRESENTATION_CONTEXT() REPRESENTATION_CONTEXT('2D SPACE',''
  ) );
#1762 = PCURVE('',#776,#1763);
#1763 = DEFINITIONAL_REPRESENTATION('',(#1764),#1767);
#1764 = B_SPLINE_CURVE_WITH_KNOTS('',1,(#1765,#1766),.UNSPECIFIED.,.F.,
  .F.,(2,2),(0.,4.),.PIECEWISE_BEZIER_KNOTS.);
#1765 = CARTESIAN_POINT('',(-4.943093161043,5.056906838957));
#1766 = CARTESIAN_POINT('',(-0.943093161043,5.056906838957));
#1767 = ( GEOMETRIC_REPRESENTATION_CONTEXT(2) 
PARAMETRIC_REPRESENTATION_CONTEXT() REPRESENTATION_CONTEXT('2D SPACE',''
  ) );
#1768 = ORIENTED_EDGE('',*,*,#1479,.F.);
#1769 = ORIENTED_EDGE('',*,*,#1727,.F.);
#1770 = ADVANCED_FACE('',(#1771),#776,.T.);
#1771 = FACE_BOUND('',#1772,.T.);
#1772 = EDGE_LOOP('',(#1773,#1774,#1775,#1776));
#1773 = ORIENTED_EDGE('',*,*,#747,.T.);
#1774 = ORIENTED_EDGE('',*,*,#891,.T.);
#1775 = ORIENTED_EDGE('',*,*,#1542,.F.);
#1776 = ORIENTED_EDGE('',*,*,#1751,.F.);
#1777 = ADVANCED_FACE('',(#1778),#121,.F.);
#1778 = FACE_BOUND('',#1779,.F.);
#1779 = EDGE_LOOP('',(#1780,#1781,#1799,#1800));
#1780 = ORIENTED_EDGE('',*,*,#109,.T.);
#1781 = ORIENTED_EDGE('',*,*,#1782,.T.);
#1782 = EDGE_CURVE('',#82,#942,#1783,.T.);
#1783 = SURFACE_CURVE('',#1784,(#1787,#1793),.PCURVE_S1.);
#1784 = B_SPLINE_CURVE_WITH_KNOTS('',1,(#1785,#1786),.UNSPECIFIED.,.F.,
  .F.,(2,2),(0.,4.),.PIECEWISE_BEZIER_KNOTS.);
#1785 = CARTESIAN_POINT('',(22.,-12.,0.));
#1786 = CARTESIAN_POINT('',(22.,-8.,0.));
#1787 = PCURVE('',#121,#1788);
#1788 = DEFINITIONAL_REPRESENTATION('',(#1789),#1792);
#1789 = B_SPLINE_CURVE_WITH_KNOTS('',1,(#1790,#1791),.UNSPECIFIED.,.F.,
  .F.,(2,2),(0.,4.),.PIECEWISE_BEZIER_KNOTS.);
#1790 = CARTESIAN_POINT('',(22.,-2.));
#1791 = CARTESIAN_POINT('',(22.,2.));
#1792 = ( GEOMETRIC_REPRESENTATION_CONTEXT(2) 
PARAMETRIC_REPRESENTATION_CONTEXT() REPRESENTATION_CONTEXT('2D SPACE',''
  ) );
#1793 = PCURVE('',#240,#1794);
#1794 = DEFINITIONAL_REPRESENTATION('',(#1795),#1798);
#1795 = B_SPLINE_CURVE_WITH_KNOTS('',1,(#1796,#1797),.UNSPECIFIED.,.F.,
  .F.,(2,2),(0.,4.),.PIECEWISE_BEZIER_KNOTS.);
#1796 = CARTESIAN_POINT('',(-5.056906838957,-4.943093161043));
#1797 = CARTESIAN_POINT('',(-5.056906838957,-0.943093161043));
#1798 = ( GEOMETRIC_REPRESENTATION_CONTEXT(2) 
PARAMETRIC_REPRESENTATION_CONTEXT() REPRESENTATION_CONTEXT('2D SPACE',''
  ) );
#1799 = ORIENTED_EDGE('',*,*,#969,.F.);
#1800 = ORIENTED_EDGE('',*,*,#1801,.F.);
#1801 = EDGE_CURVE('',#22,#913,#1802,.T.);
#1802 = SURFACE_CURVE('',#1803,(#1806,#1812),.PCURVE_S1.);
#1803 = B_SPLINE_CURVE_WITH_KNOTS('',1,(#1804,#1805),.UNSPECIFIED.,.F.,
  .F.,(2,2),(0.,4.),.PIECEWISE_BEZIER_KNOTS.);
#1804 = CARTESIAN_POINT('',(-22.,-12.,0.));
#1805 = CARTESIAN_POINT('',(-22.,-8.,0.));
#1806 = PCURVE('',#121,#1807);
#1807 = DEFINITIONAL_REPRESENTATION('',(#1808),#1811);
#1808 = B_SPLINE_CURVE_WITH_KNOTS('',1,(#1809,#1810),.UNSPECIFIED.,.F.,
  .F.,(2,2),(0.,4.),.PIECEWISE_BEZIER_KNOTS.);
#1809 = CARTESIAN_POINT('',(-22.,-2.));
#1810 = CARTESIAN_POINT('',(-22.,2.));
#1811 = ( GEOMETRIC_REPRESENTATION_CONTEXT(2) 
PARAMETRIC_REPRESENTATION_CONTEXT() REPRESENTATION_CONTEXT('2D SPACE',''
  ) );
#1812 = PCURVE('',#824,#1813);
#1813 = DEFINITIONAL_REPRESENTATION('',(#1814),#1817);
#1814 = B_SPLINE_CURVE_WITH_KNOTS('',1,(#1815,#1816),.UNSPECIFIED.,.F.,
  .F.,(2,2),(0.,4.),.PIECEWISE_BEZIER_KNOTS.);
#1815 = CARTESIAN_POINT('',(5.056906838957,-4.943093161043));
#1816 = CARTESIAN_POINT('',(5.056906838957,-0.943093161043));
#1817 = ( GEOMETRIC_REPRESENTATION_CONTEXT(2) 
PARAMETRIC_REPRESENTATION_CONTEXT() REPRESENTATION_CONTEXT('2D SPACE',''
  ) );
#1818 = ADVANCED_FACE('',(#1819),#824,.F.);
#1819 = FACE_BOUND('',#1820,.F.);
#1820 = EDGE_LOOP('',(#1821,#1822,#1823,#1824));
#1821 = ORIENTED_EDGE('',*,*,#795,.T.);
#1822 = ORIENTED_EDGE('',*,*,#1801,.T.);
#1823 = ORIENTED_EDGE('',*,*,#1585,.F.);
#1824 = ORIENTED_EDGE('',*,*,#1825,.F.);
#1825 = EDGE_CURVE('',#700,#1500,#1826,.T.);
#1826 = SURFACE_CURVE('',#1827,(#1830,#1836),.PCURVE_S1.);
#1827 = B_SPLINE_CURVE_WITH_KNOTS('',1,(#1828,#1829),.UNSPECIFIED.,.F.,
  .F.,(2,2),(0.,4.),.PIECEWISE_BEZIER_KNOTS.);
#1828 = CARTESIAN_POINT('',(-32.,-2.,0.));
#1829 = CARTESIAN_POINT('',(-28.,-2.,0.));
#1830 = PCURVE('',#824,#1831);
#1831 = DEFINITIONAL_REPRESENTATION('',(#1832),#1835);
#1832 = B_SPLINE_CURVE_WITH_KNOTS('',1,(#1833,#1834),.UNSPECIFIED.,.F.,
  .F.,(2,2),(0.,4.),.PIECEWISE_BEZIER_KNOTS.);
#1833 = CARTESIAN_POINT('',(-4.943093161043,5.056906838957));
#1834 = CARTESIAN_POINT('',(-0.943093161043,5.056906838957));
#1835 = ( GEOMETRIC_REPRESENTATION_CONTEXT(2) 
PARAMETRIC_REPRESENTATION_CONTEXT() REPRESENTATION_CONTEXT('2D SPACE',''
  ) );
#1836 = PCURVE('',#732,#1837);
#1837 = DEFINITIONAL_REPRESENTATION('',(#1838),#1841);
#1838 = B_SPLINE_CURVE_WITH_KNOTS('',1,(#1839,#1840),.UNSPECIFIED.,.F.,
  .F.,(2,2),(0.,4.),.PIECEWISE_BEZIER_KNOTS.);
#1839 = CARTESIAN_POINT('',(-2.,-2.));
#1840 = CARTESIAN_POINT('',(2.,-2.));
#1841 = ( GEOMETRIC_REPRESENTATION_CONTEXT(2) 
PARAMETRIC_REPRESENTATION_CONTEXT() REPRESENTATION_CONTEXT('2D SPACE',''
  ) );
#1842 = ADVANCED_FACE('',(#1843),#732,.F.);
#1843 = FACE_BOUND('',#1844,.F.);
#1844 = EDGE_LOOP('',(#1845,#1846,#1847,#1848));
#1845 = ORIENTED_EDGE('',*,*,#720,.T.);
#1846 = ORIENTED_EDGE('',*,*,#1825,.T.);
#1847 = ORIENTED_EDGE('',*,*,#1520,.F.);
#1848 = ORIENTED_EDGE('',*,*,#1849,.F.);
#1849 = EDGE_CURVE('',#598,#1408,#1850,.T.);
#1850 = SURFACE_CURVE('',#1851,(#1854,#1860),.PCURVE_S1.);
#1851 = B_SPLINE_CURVE_WITH_KNOTS('',1,(#1852,#1853),.UNSPECIFIED.,.F.,
  .F.,(2,2),(0.,4.),.PIECEWISE_BEZIER_KNOTS.);
#1852 = CARTESIAN_POINT('',(-32.,2.,0.));
#1853 = CARTESIAN_POINT('',(-28.,2.,0.));
#1854 = PCURVE('',#732,#1855);
#1855 = DEFINITIONAL_REPRESENTATION('',(#1856),#1859);
#1856 = B_SPLINE_CURVE_WITH_KNOTS('',1,(#1857,#1858),.UNSPECIFIED.,.F.,
  .F.,(2,2),(0.,4.),.PIECEWISE_BEZIER_KNOTS.);
#1857 = CARTESIAN_POINT('',(-2.,2.));
#1858 = CARTESIAN_POINT('',(2.,2.));
#1859 = ( GEOMETRIC_REPRESENTATION_CONTEXT(2) 
PARAMETRIC_REPRESENTATION_CONTEXT() REPRESENTATION_CONTEXT('2D SPACE',''
  ) );
#1860 = PCURVE('',#652,#1861);
#1861 = DEFINITIONAL_REPRESENTATION('',(#1862),#1865);
#1862 = B_SPLINE_CURVE_WITH_KNOTS('',1,(#1863,#1864),.UNSPECIFIED.,.F.,
  .F.,(2,2),(0.,4.),.PIECEWISE_BEZIER_KNOTS.);
#1863 = CARTESIAN_POINT('',(-4.943093161043,-5.056906838957));
#1864 = CARTESIAN_POINT('',(-0.943093161043,-5.056906838957));
#1865 = ( GEOMETRIC_REPRESENTATION_CONTEXT(2) 
PARAMETRIC_REPRESENTATION_CONTEXT() REPRESENTATION_CONTEXT('2D SPACE',''
  ) );
#1866 = ADVANCED_FACE('',(#1867),#652,.F.);
#1867 = FACE_BOUND('',#1868,.F.);
#1868 = EDGE_LOOP('',(#1869,#1870,#1871,#1872));
#1869 = ORIENTED_EDGE('',*,*,#623,.T.);
#1870 = ORIENTED_EDGE('',*,*,#1849,.T.);
#1871 = ORIENTED_EDGE('',*,*,#1433,.F.);
#1872 = ORIENTED_EDGE('',*,*,#1873,.F.);
#1873 = EDGE_CURVE('',#494,#1314,#1874,.T.);
#1874 = SURFACE_CURVE('',#1875,(#1878,#1884),.PCURVE_S1.);
#1875 = B_SPLINE_CURVE_WITH_KNOTS('',1,(#1876,#1877),.UNSPECIFIED.,.F.,
  .F.,(2,2),(0.,4.),.PIECEWISE_BEZIER_KNOTS.);
#1876 = CARTESIAN_POINT('',(-22.,12.,0.));
#1877 = CARTESIAN_POINT('',(-22.,8.,0.));
#1878 = PCURVE('',#652,#1879);
#1879 = DEFINITIONAL_REPRESENTATION('',(#1880),#1883);
#1880 = B_SPLINE_CURVE_WITH_KNOTS('',1,(#1881,#1882),.UNSPECIFIED.,.F.,
  .F.,(2,2),(0.,4.),.PIECEWISE_BEZIER_KNOTS.);
#1881 = CARTESIAN_POINT('',(5.056906838957,4.943093161043));
#1882 = CARTESIAN_POINT('',(5.056906838957,0.943093161043));
#1883 = ( GEOMETRIC_REPRESENTATION_CONTEXT(2) 
PARAMETRIC_REPRESENTATION_CONTEXT() REPRESENTATION_CONTEXT('2D SPACE',''
  ) );
#1884 = PCURVE('',#533,#1885);
#1885 = DEFINITIONAL_REPRESENTATION('',(#1886),#1889);
#1886 = B_SPLINE_CURVE_WITH_KNOTS('',1,(#1887,#1888),.UNSPECIFIED.,.F.,
  .F.,(2,2),(0.,4.),.PIECEWISE_BEZIER_KNOTS.);
#1887 = CARTESIAN_POINT('',(-22.,2.));
#1888 = CARTESIAN_POINT('',(-22.,-2.));
#1889 = ( GEOMETRIC_REPRESENTATION_CONTEXT(2) 
PARAMETRIC_REPRESENTATION_CONTEXT() REPRESENTATION_CONTEXT('2D SPACE',''
  ) );
#1890 = ADVANCED_FACE('',(#1891),#533,.F.);
#1891 = FACE_BOUND('',#1892,.F.);
#1892 = EDGE_LOOP('',(#1893,#1894,#1895,#1896));
#1893 = ORIENTED_EDGE('',*,*,#521,.T.);
#1894 = ORIENTED_EDGE('',*,*,#1873,.T.);
#1895 = ORIENTED_EDGE('',*,*,#1341,.F.);
#1896 = ORIENTED_EDGE('',*,*,#1897,.F.);
#1897 = EDGE_CURVE('',#392,#1222,#1898,.T.);
#1898 = SURFACE_CURVE('',#1899,(#1902,#1908),.PCURVE_S1.);
#1899 = B_SPLINE_CURVE_WITH_KNOTS('',1,(#1900,#1901),.UNSPECIFIED.,.F.,
  .F.,(2,2),(0.,4.),.PIECEWISE_BEZIER_KNOTS.);
#1900 = CARTESIAN_POINT('',(22.,12.,0.));
#1901 = CARTESIAN_POINT('',(22.,8.,0.));
#1902 = PCURVE('',#533,#1903);
#1903 = DEFINITIONAL_REPRESENTATION('',(#1904),#1907);
#1904 = B_SPLINE_CURVE_WITH_KNOTS('',1,(#1905,#1906),.UNSPECIFIED.,.F.,
  .F.,(2,2),(0.,4.),.PIECEWISE_BEZIER_KNOTS.);
#1905 = CARTESIAN_POINT('',(22.,2.));
#1906 = CARTESIAN_POINT('',(22.,-2.));
#1907 = ( GEOMETRIC_REPRESENTATION_CONTEXT(2) 
PARAMETRIC_REPRESENTATION_CONTEXT() REPRESENTATION_CONTEXT('2D SPACE',''
  ) );
#1908 = PCURVE('',#446,#1909);
#1909 = DEFINITIONAL_REPRESENTATION('',(#1910),#1913);
#1910 = B_SPLINE_CURVE_WITH_KNOTS('',1,(#1911,#1912),.UNSPECIFIED.,.F.,
  .F.,(2,2),(0.,4.),.PIECEWISE_BEZIER_KNOTS.);
#1911 = CARTESIAN_POINT('',(-5.056906838957,4.943093161043));
#1912 = CARTESIAN_POINT('',(-5.056906838957,0.943093161043));
#1913 = ( GEOMETRIC_REPRESENTATION_CONTEXT(2) 
PARAMETRIC_REPRESENTATION_CONTEXT() REPRESENTATION_CONTEXT('2D SPACE',''
  ) );
#1914 = ADVANCED_FACE('',(#1915),#446,.F.);
#1915 = FACE_BOUND('',#1916,.F.);
#1916 = EDGE_LOOP('',(#1917,#1918,#1919,#1920));
#1917 = ORIENTED_EDGE('',*,*,#417,.T.);
#1918 = ORIENTED_EDGE('',*,*,#1897,.T.);
#1919 = ORIENTED_EDGE('',*,*,#1247,.F.);
#1920 = ORIENTED_EDGE('',*,*,#1921,.F.);
#1921 = EDGE_CURVE('',#288,#1128,#1922,.T.);
#1922 = SURFACE_CURVE('',#1923,(#1926,#1932),.PCURVE_S1.);
#1923 = B_SPLINE_CURVE_WITH_KNOTS('',1,(#1924,#1925),.UNSPECIFIED.,.F.,
  .F.,(2,2),(0.,4.),.PIECEWISE_BEZIER_KNOTS.);
#1924 = CARTESIAN_POINT('',(32.,2.,0.));
#1925 = CARTESIAN_POINT('',(28.,2.,0.));
#1926 = PCURVE('',#446,#1927);
#1927 = DEFINITIONAL_REPRESENTATION('',(#1928),#1931);
#1928 = B_SPLINE_CURVE_WITH_KNOTS('',1,(#1929,#1930),.UNSPECIFIED.,.F.,
  .F.,(2,2),(0.,4.),.PIECEWISE_BEZIER_KNOTS.);
#1929 = CARTESIAN_POINT('',(4.943093161043,-5.056906838957));
#1930 = CARTESIAN_POINT('',(0.943093161043,-5.056906838957));
#1931 = ( GEOMETRIC_REPRESENTATION_CONTEXT(2) 
PARAMETRIC_REPRESENTATION_CONTEXT() REPRESENTATION_CONTEXT('2D SPACE',''
  ) );
#1932 = PCURVE('',#327,#1933);
#1933 = DEFINITIONAL_REPRESENTATION('',(#1934),#1937);
#1934 = B_SPLINE_CURVE_WITH_KNOTS('',1,(#1935,#1936),.UNSPECIFIED.,.F.,
  .F.,(2,2),(0.,4.),.PIECEWISE_BEZIER_KNOTS.);
#1935 = CARTESIAN_POINT('',(2.,2.));
#1936 = CARTESIAN_POINT('',(-2.,2.));
#1937 = ( GEOMETRIC_REPRESENTATION_CONTEXT(2) 
PARAMETRIC_REPRESENTATION_CONTEXT() REPRESENTATION_CONTEXT('2D SPACE',''
  ) );
#1938 = ADVANCED_FACE('',(#1939),#327,.F.);
#1939 = FACE_BOUND('',#1940,.F.);
#1940 = EDGE_LOOP('',(#1941,#1942,#1943,#1944));
#1941 = ORIENTED_EDGE('',*,*,#315,.T.);
#1942 = ORIENTED_EDGE('',*,*,#1921,.T.);
#1943 = ORIENTED_EDGE('',*,*,#1155,.F.);
#1944 = ORIENTED_EDGE('',*,*,#1945,.F.);
#1945 = EDGE_CURVE('',#186,#1036,#1946,.T.);
#1946 = SURFACE_CURVE('',#1947,(#1950,#1956),.PCURVE_S1.);
#1947 = B_SPLINE_CURVE_WITH_KNOTS('',1,(#1948,#1949),.UNSPECIFIED.,.F.,
  .F.,(2,2),(0.,4.),.PIECEWISE_BEZIER_KNOTS.);
#1948 = CARTESIAN_POINT('',(32.,-2.,0.));
#1949 = CARTESIAN_POINT('',(28.,-2.,0.));
#1950 = PCURVE('',#327,#1951);
#1951 = DEFINITIONAL_REPRESENTATION('',(#1952),#1955);
#1952 = B_SPLINE_CURVE_WITH_KNOTS('',1,(#1953,#1954),.UNSPECIFIED.,.F.,
  .F.,(2,2),(0.,4.),.PIECEWISE_BEZIER_KNOTS.);
#1953 = CARTESIAN_POINT('',(2.,-2.));
#1954 = CARTESIAN_POINT('',(-2.,-2.));
#1955 = ( GEOMETRIC_REPRESENTATION_CONTEXT(2) 
PARAMETRIC_REPRESENTATION_CONTEXT() REPRESENTATION_CONTEXT('2D SPACE',''
  ) );
#1956 = PCURVE('',#240,#1957);
#1957 = DEFINITIONAL_REPRESENTATION('',(#1958),#1961);
#1958 = B_SPLINE_CURVE_WITH_KNOTS('',1,(#1959,#1960),.UNSPECIFIED.,.F.,
  .F.,(2,2),(0.,4.),.PIECEWISE_BEZIER_KNOTS.);
#1959 = CARTESIAN_POINT('',(4.943093161043,5.056906838957));
#1960 = CARTESIAN_POINT('',(0.943093161043,5.056906838957));
#1961 = ( GEOMETRIC_REPRESENTATION_CONTEXT(2) 
PARAMETRIC_REPRESENTATION_CONTEXT() REPRESENTATION_CONTEXT('2D SPACE',''
  ) );
#1962 = ADVANCED_FACE('',(#1963),#240,.F.);
#1963 = FACE_BOUND('',#1964,.F.);
#1964 = EDGE_LOOP('',(#1965,#1966,#1967,#1968));
#1965 = ORIENTED_EDGE('',*,*,#211,.T.);
#1966 = ORIENTED_EDGE('',*,*,#1945,.T.);
#1967 = ORIENTED_EDGE('',*,*,#1061,.F.);
#1968 = ORIENTED_EDGE('',*,*,#1782,.F.);
#1969 = ( GEOMETRIC_REPRESENTATION_CONTEXT(3) 
GLOBAL_UNCERTAINTY_ASSIGNED_CONTEXT((#1973)) 
GLOBAL_UNIT_ASSIGNED_CONTEXT((#1970,#1971,#1972)) REPRESENTATION_CONTEXT
('Context #1','3D Context with UNIT and UNCERTAINTY') );
#1970 = ( LENGTH_UNIT() NAMED_UNIT(*) SI_UNIT(.MILLI.,.METRE.) );
#1971 = ( NAMED_UNIT(*) PLANE_ANGLE_UNIT() SI_UNIT($,.RADIAN.) );
#1972 = ( NAMED_UNIT(*) SI_UNIT($,.STERADIAN.) SOLID_ANGLE_UNIT() );
#1973 = UNCERTAINTY_MEASURE_WITH_UNIT(LENGTH_MEASURE(2.E-07),#1970,
  'distance_accuracy_value','confusion accuracy');
#1974 = PRODUCT_RELATED_PRODUCT_CATEGORY('part',$,(#7));
ENDSEC;
END-ISO-10303-21;
