$MeshFormat
4.1 0 8
$EndMeshFormat
$PhysicalNames
27
0 42 "ArbitraryPoint"
1 5001 "Conductor_0_Boundary_2D"
1 5002 "Conductor_1_Boundary_2D"
1 5003 "Conductor_2_Boundary_2D"
1 10001 "C1 dH21"
1 10003 "C1 dH21"
1 10005 "C1 dH21"
1 10006 "H^1{1000}1"
1 10007 "H^1{1000}2"
1 10008 "H^1{1000}3"
1 10009 "C1 c1"
1 10010 "C1 c2"
1 10011 "C1 c3"
2 3000 "Top"
2 3001 "Bottom"
2 3002 "Outer_bnd"
2 4000 "Tape_0_Boundary"
2 4001 "Tape_1_Boundary"
2 4002 "Tape_2_Boundary"
2 5000 "Conductors_2D"
2 10000 "H_2{5000}1"
2 10002 "H_2{5000}1"
2 10004 "H_2{5000}1"
3 1000 "Air"
3 2000 "Tape_0"
3 2001 "Tape_1"
3 2002 "Tape_2"
$EndPhysicalNames
$Entities
27 48 24 4
1 0 0 0 0 
2 0.001515184895538043 -0.002378363877192338 0 0 
3 0.001568914856372726 -0.002462703021773626 0 0 
4 0.001568914856372726 0.002462703021773626 0 0 
5 0.001515184895538043 0.002378363877192338 0 0 
6 0.001515184895538043 -0.002378363877192338 0.0063 0 
7 0.001568914856372726 -0.002462703021773626 0.0063 0 
8 0.001568914856372726 0.002462703021773626 0.0063 0 
9 0.001515184895538043 0.002378363877192338 0.0063 0 
10 0.001302131089322796 0.002501370549562585 0 0 
11 0.001348305950646299 0.002590071632880407 0 0 
12 -0.002917220807019025 0.0001273686111067813 0 0 
13 -0.002817315984860839 0.0001230066723702477 0 0 
14 0.001302131089322796 0.002501370549562585 0.0063 0 
15 0.001348305950646299 0.002590071632880407 0.0063 0 
16 -0.002917220807019025 0.0001273686111067813 0.0063 0 
17 -0.002817315984860839 0.0001230066723702477 0.0063 0 
18 -0.002817315984860839 -0.000123006672370247 0 0 
19 -0.002917220807019025 -0.0001273686111067806 0 0 
20 0.001348305950646297 -0.002590071632880408 0 0 
21 0.001302131089322794 -0.002501370549562586 0 0 
22 -0.002817315984860839 -0.000123006672370247 0.0063 0 
23 -0.002917220807019025 -0.0001273686111067806 0.0063 0 
24 0.001348305950646297 -0.002590071632880408 0.0063 0 
25 0.001302131089322794 -0.002501370549562586 0.0063 0 
26 0.015 -3.673940397442059e-18 0.0063 1 42 
27 0.015 -3.673940397442059e-18 0 0 
1 0.001515084895538043 -0.002462803021773626 -1e-07 0.001569014856372726 -0.002378263877192338 1e-07 1 5001 2 2 -3 
2 0.001568814856372726 -0.002462803021773626 -1e-07 0.0029201 0.002462803021773626 1e-07 1 5001 2 3 -4 
3 0.001515084895538043 0.002378263877192338 -1e-07 0.001569014856372726 0.002462803021773626 1e-07 1 5001 2 4 -5 
4 0.001515084895538043 -0.002378463877192336 -1e-07 0.0028201 0.002378463877192338 1e-07 1 5001 2 5 -2 
5 0.001515084895538043 -0.002378463877192337 -9.99999999998398e-08 0.001515284895538043 -0.002378263877192338 0.0063001 0 2 2 -6 
6 0.001568814856372726 -0.002462803021773626 -9.99999999998398e-08 0.001569014856372726 -0.002462603021773626 0.0063001 0 2 3 -7 
7 0.001515084895538043 -0.002462803021773626 0.0062999 0.001569014856372726 -0.002378263877192338 0.0063001 0 2 6 -7 
8 0.001568814856372726 0.002462603021773626 -9.99999999998398e-08 0.001569014856372726 0.002462803021773626 0.0063001 0 2 4 -8 
9 0.001568814856372726 -0.002462803021773626 0.0062999 0.0029201 0.002462803021773626 0.0063001 0 2 7 -8 
10 0.001515084895538043 0.002378263877192338 -9.99999999998398e-08 0.001515284895538043 0.002378463877192337 0.0063001 0 2 5 -9 
11 0.001515084895538043 0.002378263877192338 0.0062999 0.001569014856372726 0.002462803021773626 0.0063001 0 2 8 -9 
12 0.001515084895538043 -0.002378463877192336 0.0062999 0.0028201 0.002378463877192338 0.0063001 0 2 9 -6 
13 0.001302031089322796 0.002501270549562585 -1e-07 0.0013484059506463 0.002590171632880407 1e-07 1 5002 2 10 -11 
14 -0.002917320807019025 0.0001272686111067818 -1e-07 0.001348405950646301 0.0029201 1e-07 1 5002 2 11 -12 
15 -0.002917320807019025 0.0001229066723702477 -1e-07 -0.002817215984860839 0.0001274686111067813 1e-07 1 5002 2 12 -13 
16 -0.002817415984860839 0.000122906672370247 -1e-07 0.001302231089322796 0.0028201 1e-07 1 5002 2 13 -10 
17 0.001302031089322796 0.002501270549562585 -9.99999999998398e-08 0.001302231089322796 0.002501470549562585 0.0063001 0 2 10 -14 
18 0.001348205950646299 0.002589971632880407 -9.99999999998398e-08 0.0013484059506463 0.002590171632880407 0.0063001 0 2 11 -15 
19 0.001302031089322796 0.002501270549562585 0.0062999 0.0013484059506463 0.002590171632880407 0.0063001 0 2 14 -15 
20 -0.002917320807019025 0.0001272686111067813 -9.99999999998398e-08 -0.002917120807019025 0.0001274686111067813 0.0063001 0 2 12 -16 
21 -0.002917320807019025 0.0001272686111067818 0.0062999 0.001348405950646301 0.0029201 0.0063001 0 2 15 -16 
22 -0.002817415984860839 0.0001229066723702477 -9.99999999998398e-08 -0.002817215984860839 0.0001231066723702477 0.0063001 0 2 13 -17 
23 -0.002917320807019025 0.0001229066723702477 0.0062999 -0.002817215984860839 0.0001274686111067813 0.0063001 0 2 16 -17 
24 -0.002817415984860839 0.000122906672370247 0.0062999 0.001302231089322796 0.0028201 0.0063001 0 2 17 -14 
25 -0.002917320807019025 -0.0001274686111067806 -1e-07 -0.002817215984860839 -0.000122906672370247 1e-07 1 5003 2 18 -19 
26 -0.002917320807019025 -0.0029201 -1e-07 0.001348405950646295 -0.0001272686111067809 1e-07 1 5003 2 19 -20 
27 0.001302031089322794 -0.002590171632880408 -1e-07 0.001348405950646297 -0.002501270549562586 1e-07 1 5003 2 20 -21 
28 -0.002817415984860838 -0.002820099999999999 -1e-07 0.001302231089322794 -0.0001229066723702451 1e-07 1 5003 2 21 -18 
29 -0.002817415984860839 -0.000123106672370247 -9.99999999998398e-08 -0.002817215984860839 -0.000122906672370247 0.0063001 0 2 18 -22 
30 -0.002917320807019025 -0.0001274686111067806 -9.99999999998398e-08 -0.002917120807019025 -0.0001272686111067806 0.0063001 0 2 19 -23 
31 -0.002917320807019025 -0.0001274686111067806 0.0062999 -0.002817215984860839 -0.000122906672370247 0.0063001 0 2 22 -23 
32 0.001348205950646297 -0.002590171632880408 -9.99999999998398e-08 0.001348405950646297 -0.002589971632880409 0.0063001 0 2 20 -24 
33 -0.002917320807019025 -0.0029201 0.0062999 0.001348405950646295 -0.0001272686111067809 0.0063001 0 2 23 -24 
34 0.001302031089322794 -0.002501470549562586 -9.99999999998398e-08 0.001302231089322794 -0.002501270549562586 0.0063001 0 2 21 -25 
35 0.001302031089322794 -0.002590171632880408 0.0062999 0.001348405950646297 -0.002501270549562586 0.0063001 0 2 24 -25 
36 -0.002817415984860838 -0.002820099999999999 0.0062999 0.001302231089322794 -0.0001229066723702451 0.0063001 0 2 25 -22 
37 -0.0150001 -0.0150001 0.0062999 0.0150001 0.0150001 0.0063001 0 2 26 -26 
38 0.0149999 -1.000000000036739e-07 -9.99999999998398e-08 0.0150001 9.999999999632606e-08 0.0063001 0 2 27 -26 
39 -0.0150001 -0.0150001 -1e-07 0.0150001 0.0150001 1e-07 0 2 27 -27 
41 0.001515184895538043 -0.002462703021773626 0 0.00292 0.002462703021773626 0 1 10001 0 
43 -0.002917220807019025 0.0001230066723702477 0 0.001348305950646299 0.002919305119073335 0 1 10003 0 
45 -0.002917220807019024 -0.002919305119073334 0 0.001348305950646297 -0.0001230066723702471 0 1 10005 0 
46 -0.001363102113747223 -0.01499999999999999 0 0.006337450442269481 -0.002590071632880409 0.0063 1 10006 0 
47 0.000663062688060365 -0.003699078504766752 0 0.002642169243540401 -0.001996089521906784 0.0063 1 10007 0 
48 -0.002817315984860839 -0.002819328916365343 0 0.0006403550617569294 0.002442191638672118 0.0063 1 10008 0 
49 -0.001363102113747223 -0.01499999999999999 0 0.006337450442269481 -0.001996089521906784 0.0063 1 10009 0 
50 -0.00281731598486084 -0.01499999999999999 0 0.006337450442269481 0.002442191638672118 0.0063 1 10010 0 
51 -0.001363102113747223 -0.01499999999999999 0 0.006337450442269481 -0.002590071632880409 0.0063 1 10011 0 
1 0.001515084895538043 -0.002462803021773626 -1e-07 0.0029201 0.002462803021773626 1e-07 2 3001 5000 4 1 2 3 4 
2 0.001515084895538043 -0.002462803021773626 -9.99999999998398e-08 0.001569014856372726 -0.002378263877192338 0.0063001 1 4000 4 5 7 -6 -1 
3 0.001568814856372726 -0.002462803021773626 -9.99999999998398e-08 0.0029201 0.002462803021773626 0.0063001 1 4000 4 6 9 -8 -2 
4 0.001515084895538043 0.002378263877192338 -9.99999999998398e-08 0.001569014856372726 0.002462803021773626 0.0063001 1 4000 4 8 11 -10 -3 
5 0.001515084895538043 -0.002378463877192336 -9.99999999998398e-08 0.0028201 0.002378463877192338 0.0063001 1 4000 4 10 12 -5 -4 
6 0.001515084895538043 -0.002462803021773626 0.0062999 0.0029201 0.002462803021773626 0.0063001 1 3000 4 7 9 11 12 
7 -0.002917320807019025 0.000122906672370247 -1e-07 0.001348405950646301 0.0029201 1e-07 2 3001 5000 4 13 14 15 16 
8 0.001302031089322796 0.002501270549562585 -9.99999999998398e-08 0.0013484059506463 0.002590171632880407 0.0063001 1 4001 4 17 19 -18 -13 
9 -0.002917320807019025 0.0001272686111067818 -9.99999999998398e-08 0.001348405950646301 0.0029201 0.0063001 1 4001 4 18 21 -20 -14 
10 -0.002917320807019025 0.0001229066723702477 -9.99999999998398e-08 -0.002817215984860839 0.0001274686111067813 0.0063001 1 4001 4 20 23 -22 -15 
11 -0.002817415984860839 0.000122906672370247 -9.99999999998398e-08 0.001302231089322796 0.0028201 0.0063001 1 4001 4 22 24 -17 -16 
12 -0.002917320807019025 0.000122906672370247 0.0062999 0.001348405950646301 0.0029201 0.0063001 1 3000 4 19 21 23 24 
13 -0.002917320807019025 -0.0029201 -1e-07 0.001348405950646297 -0.0001229066723702451 1e-07 2 3001 5000 4 25 26 27 28 
14 -0.002917320807019025 -0.0001274686111067806 -9.99999999998398e-08 -0.002817215984860839 -0.000122906672370247 0.0063001 1 4002 4 29 31 -30 -25 
15 -0.002917320807019025 -0.0029201 -9.99999999998398e-08 0.001348405950646295 -0.0001272686111067809 0.0063001 1 4002 4 30 33 -32 -26 
16 0.001302031089322794 -0.002590171632880408 -9.99999999998398e-08 0.001348405950646297 -0.002501270549562586 0.0063001 1 4002 4 32 35 -34 -27 
17 -0.002817415984860838 -0.002820099999999999 -9.99999999998398e-08 0.001302231089322794 -0.0001229066723702451 0.0063001 1 4002 4 34 36 -29 -28 
18 -0.002917320807019025 -0.0029201 0.0062999 0.001348405950646297 -0.0001229066723702451 0.0063001 1 3000 4 31 33 35 36 
19 -0.0150001 -0.0150001 -9.99999999998398e-08 0.0150001 0.0150001 0.0063001 1 3002 4 -37 -38 39 38 
20 -0.0150001 -0.0150001 0.0062999 0.0150001 0.0150001 0.0063001 1 3000 13 37 -31 -36 -35 -33 -19 -24 -23 -21 -7 -12 -11 -9 
21 -0.0150001 -0.0150001 -1e-07 0.0150001 0.0150001 1e-07 1 3001 13 39 -25 -28 -27 -26 -13 -16 -15 -14 -1 -4 -3 -2 
40 0.001515184895538043 -0.002462703021773626 0 0.00292 0.002462703021773626 0 1 10000 0 
42 -0.002917220807019025 0.0001230066723702477 0 0.001348305950646299 0.002919305119073335 0 1 10002 0 
44 -0.002917220807019024 -0.002919305119073334 0 0.001348305950646297 -0.0001230066723702471 0 1 10004 0 
1 0.001515084895538043 -0.002462803021773626 -9.99999999998398e-08 0.0029201 0.002462803021773626 0.0063001 1 2000 6 -2 -3 -4 -5 -1 6 
2 -0.002917320807019025 0.000122906672370247 -9.99999999998398e-08 0.001348405950646301 0.0029201 0.0063001 1 2001 6 -8 -9 -10 -11 -7 12 
3 -0.002917320807019025 -0.0029201 -9.99999999998398e-08 0.001348405950646297 -0.0001229066723702451 0.0063001 1 2002 6 -14 -15 -16 -17 -13 18 
4 -0.0150001 -0.0150001 -9.99999999998398e-08 0.0150001 0.0150001 0.0063001 1 1000 15 19 20 -21 14 15 16 17 8 9 10 11 2 3 4 5 
$EndEntities
$Nodes
96 2571 1 2571
0 2 0 1
1
0.001515184895538043 -0.002378363877192338 0
0 3 0 1
2
0.001568914856372726 -0.002462703021773626 0
0 4 0 1
3
0.001568914856372726 0.002462703021773626 0
0 5 0 1
4
0.001515184895538043 0.002378363877192338 0
0 6 0 1
5
0.001515184895538043 -0.002378363877192338 0.0063
0 7 0 1
6
0.001568914856372726 -0.002462703021773626 0.0063
0 8 0 1
7
0.001568914856372726 0.002462703021773626 0.0063
0 9 0 1
8
0.001515184895538043 0.002378363877192338 0.0063
0 10 0 1
9
0.001302131089322796 0.002501370549562585 0
0 11 0 1
10
0.001348305950646299 0.002590071632880407 0
0 12 0 1
11
-0.002917220807019025 0.0001273686111067813 0
0 13 0 1
12
-0.002817315984860839 0.0001230066723702477 0
0 14 0 1
13
0.001302131089322796 0.002501370549562585 0.0063
0 15 0 1
14
0.001348305950646299 0.002590071632880407 0.0063
0 16 0 1
15
-0.002917220807019025 0.0001273686111067813 0.0063
0 17 0 1
16
-0.002817315984860839 0.0001230066723702477 0.0063
0 18 0 1
17
-0.002817315984860839 -0.000123006672370247 0
0 19 0 1
18
-0.002917220807019025 -0.0001273686111067806 0
0 20 0 1
19
0.001348305950646297 -0.002590071632880408 0
0 21 0 1
20
0.001302131089322794 -0.002501370549562586 0
0 22 0 1
21
-0.002817315984860839 -0.000123006672370247 0.0063
0 23 0 1
22
-0.002917220807019025 -0.0001273686111067806 0.0063
0 24 0 1
23
0.001348305950646297 -0.002590071632880408 0.0063
0 25 0 1
24
0.001302131089322794 -0.002501370549562586 0.0063
0 26 0 1
25
0.015 -3.673940397442059e-18 0.0063
0 27 0 1
26
0.015 -3.673940397442059e-18 0
1 1 0 0
1 2 0 7
27
28
29
30
31
32
33
0.002131203092277679 -0.001996089521906785 0
0.002560042126665922 -0.001404487205244613 0
0.002828579414641251 -0.0007249403389712528 0
0.00292 -1.65433735811321e-18 0
0.002828579414641252 0.0007249403389712497 0
0.002560042126665923 0.001404487205244611 0
0.002131203092277681 0.001996089521906783 0
1 3 0 0
1 4 0 7
34
35
36
37
38
39
40
0.002058216685007896 0.001927730291704497 0
0.002472369451095172 0.001356388328352673 0
0.002731710256605593 0.0007001136150338804 0
0.00282 6.907007947191073e-19 0
0.002731710256605593 -0.000700113615033879 0
0.002472369451095172 -0.001356388328352672 0
0.002058216685007897 -0.001927730291704496 0
1 5 0 15
41
42
43
44
45
46
47
48
49
50
51
52
53
54
55
0.001515184895538043 -0.002378363877192338 0.0003937500000000005
0.001515184895538043 -0.002378363877192338 0.0007875000000000011
0.001515184895538043 -0.002378363877192338 0.001181250000000002
0.001515184895538043 -0.002378363877192338 0.001575000000000002
0.001515184895538043 -0.002378363877192338 0.001968750000000003
0.001515184895538043 -0.002378363877192338 0.002362500000000003
0.001515184895538043 -0.002378363877192338 0.002756250000000003
0.001515184895538043 -0.002378363877192338 0.003150000000000004
0.001515184895538043 -0.002378363877192338 0.003543750000000005
0.001515184895538043 -0.002378363877192338 0.003937500000000005
0.001515184895538043 -0.002378363877192338 0.004331250000000004
0.001515184895538043 -0.002378363877192338 0.004725000000000004
0.001515184895538043 -0.002378363877192338 0.005118750000000003
0.001515184895538043 -0.002378363877192338 0.005512500000000002
0.001515184895538043 -0.002378363877192338 0.005906250000000001
1 6 0 15
56
57
58
59
60
61
62
63
64
65
66
67
68
69
70
0.001568914856372726 -0.002462703021773626 0.0003937500000000005
0.001568914856372726 -0.002462703021773626 0.0007875000000000011
0.001568914856372726 -0.002462703021773626 0.001181250000000002
0.001568914856372726 -0.002462703021773626 0.001575000000000002
0.001568914856372726 -0.002462703021773626 0.001968750000000003
0.001568914856372726 -0.002462703021773626 0.002362500000000003
0.001568914856372726 -0.002462703021773626 0.002756250000000003
0.001568914856372726 -0.002462703021773626 0.003150000000000004
0.001568914856372726 -0.002462703021773626 0.003543750000000005
0.001568914856372726 -0.002462703021773626 0.003937500000000005
0.001568914856372726 -0.002462703021773626 0.004331250000000004
0.001568914856372726 -0.002462703021773626 0.004725000000000004
0.001568914856372726 -0.002462703021773626 0.005118750000000003
0.001568914856372726 -0.002462703021773626 0.005512500000000002
0.001568914856372726 -0.002462703021773626 0.005906250000000001
1 8 0 15
71
72
73
74
75
76
77
78
79
80
81
82
83
84
85
0.001568914856372726 0.002462703021773626 0.0003937500000000005
0.001568914856372726 0.002462703021773626 0.0007875000000000011
0.001568914856372726 0.002462703021773626 0.001181250000000002
0.001568914856372726 0.002462703021773626 0.001575000000000002
0.001568914856372726 0.002462703021773626 0.001968750000000003
0.001568914856372726 0.002462703021773626 0.002362500000000003
0.001568914856372726 0.002462703021773626 0.002756250000000003
0.001568914856372726 0.002462703021773626 0.003150000000000004
0.001568914856372726 0.002462703021773626 0.003543750000000005
0.001568914856372726 0.002462703021773626 0.003937500000000005
0.001568914856372726 0.002462703021773626 0.004331250000000004
0.001568914856372726 0.002462703021773626 0.004725000000000004
0.001568914856372726 0.002462703021773626 0.005118750000000003
0.001568914856372726 0.002462703021773626 0.005512500000000002
0.001568914856372726 0.002462703021773626 0.005906250000000001
1 9 0 7
86
87
88
89
90
91
92
0.002131203092277678 -0.001996089521906786 0.0063
0.002560042126665922 -0.001404487205244613 0.0063
0.002828579414641251 -0.0007249403389712528 0.0063
0.00292 -3.575968653510271e-19 0.0063
0.002828579414641252 0.0007249403389712497 0.0063
0.002560042126665923 0.001404487205244611 0.0063
0.002131203092277681 0.001996089521906783 0.0063
1 10 0 15
93
94
95
96
97
98
99
100
101
102
103
104
105
106
107
0.001515184895538043 0.002378363877192338 0.0003937500000000005
0.001515184895538043 0.002378363877192338 0.0007875000000000011
0.001515184895538043 0.002378363877192338 0.001181250000000002
0.001515184895538043 0.002378363877192338 0.001575000000000002
0.001515184895538043 0.002378363877192338 0.001968750000000003
0.001515184895538043 0.002378363877192338 0.002362500000000003
0.001515184895538043 0.002378363877192338 0.002756250000000003
0.001515184895538043 0.002378363877192338 0.003150000000000004
0.001515184895538043 0.002378363877192338 0.003543750000000005
0.001515184895538043 0.002378363877192338 0.003937500000000005
0.001515184895538043 0.002378363877192338 0.004331250000000004
0.001515184895538043 0.002378363877192338 0.004725000000000004
0.001515184895538043 0.002378363877192338 0.005118750000000003
0.001515184895538043 0.002378363877192338 0.005512500000000002
0.001515184895538043 0.002378363877192338 0.005906250000000001
1 12 0 7
108
109
110
111
112
113
114
0.002058216685007893 0.001927730291704501 0.0063
0.002472369451095171 0.001356388328352676 0.0063
0.002731710256605592 0.0007001136150338828 0.0063
0.00282 3.195363938273461e-18 0.0063
0.002731710256605594 -0.0007001136150338766 0.0063
0.002472369451095174 -0.00135638832835267 0.0063
0.002058216685007899 -0.001927730291704494 0.0063
1 13 0 0
1 14 0 7
115
116
117
118
119
120
121
0.0006630626880603714 0.002843720779489814 0
-6.369946430091397e-05 0.002919305119073335 0
-0.0007864729575434154 0.002812091799186668 0
-0.001459999999999998 0.002528794179050562 0
-0.00204210645709783 0.002087151460215417 0
-0.002496342662365004 0.001514817913828723 0
-0.00279426578033805 0.0008476312575830305 0
1 15 0 0
1 16 0 7
122
123
124
125
126
127
128
-0.00269857174676483 0.0008186027898575845 0
-0.002410851475297709 0.001462940588012671 0
-0.001972171304457495 0.002015673670482011 0
-0.001409999999999999 0.002442191638672118 0
-0.0007595389521480966 0.002715787285515892 0
-6.151797579746156e-05 0.002819328916365344 0
0.0006403550617569331 0.002746333081562081 0
1 17 0 15
129
130
131
132
133
134
135
136
137
138
139
140
141
142
143
0.001302131089322796 0.002501370549562585 0.0003937500000000005
0.001302131089322796 0.002501370549562585 0.0007875000000000011
0.001302131089322796 0.002501370549562585 0.001181250000000002
0.001302131089322796 0.002501370549562585 0.001575000000000002
0.001302131089322796 0.002501370549562585 0.001968750000000003
0.001302131089322796 0.002501370549562585 0.002362500000000003
0.001302131089322796 0.002501370549562585 0.002756250000000003
0.001302131089322796 0.002501370549562585 0.003150000000000004
0.001302131089322796 0.002501370549562585 0.003543750000000005
0.001302131089322796 0.002501370549562585 0.003937500000000005
0.001302131089322796 0.002501370549562585 0.004331250000000004
0.001302131089322796 0.002501370549562585 0.004725000000000004
0.001302131089322796 0.002501370549562585 0.005118750000000003
0.001302131089322796 0.002501370549562585 0.005512500000000002
0.001302131089322796 0.002501370549562585 0.005906250000000001
1 18 0 15
144
145
146
147
148
149
150
151
152
153
154
155
156
157
158
0.001348305950646299 0.002590071632880407 0.0003937500000000005
0.001348305950646299 0.002590071632880407 0.0007875000000000011
0.001348305950646299 0.002590071632880407 0.001181250000000002
0.001348305950646299 0.002590071632880407 0.001575000000000002
0.001348305950646299 0.002590071632880407 0.001968750000000003
0.001348305950646299 0.002590071632880407 0.002362500000000003
0.001348305950646299 0.002590071632880407 0.002756250000000003
0.001348305950646299 0.002590071632880407 0.003150000000000004
0.001348305950646299 0.002590071632880407 0.003543750000000005
0.001348305950646299 0.002590071632880407 0.003937500000000005
0.001348305950646299 0.002590071632880407 0.004331250000000004
0.001348305950646299 0.002590071632880407 0.004725000000000004
0.001348305950646299 0.002590071632880407 0.005118750000000003
0.001348305950646299 0.002590071632880407 0.005512500000000002
0.001348305950646299 0.002590071632880407 0.005906250000000001
1 20 0 15
159
160
161
162
163
164
165
166
167
168
169
170
171
172
173
-0.002917220807019025 0.0001273686111067813 0.0003937500000000005
-0.002917220807019025 0.0001273686111067813 0.0007875000000000011
-0.002917220807019025 0.0001273686111067813 0.001181250000000002
-0.002917220807019025 0.0001273686111067813 0.001575000000000002
-0.002917220807019025 0.0001273686111067813 0.001968750000000003
-0.002917220807019025 0.0001273686111067813 0.002362500000000003
-0.002917220807019025 0.0001273686111067813 0.002756250000000003
-0.002917220807019025 0.0001273686111067813 0.003150000000000004
-0.002917220807019025 0.0001273686111067813 0.003543750000000005
-0.002917220807019025 0.0001273686111067813 0.003937500000000005
-0.002917220807019025 0.0001273686111067813 0.004331250000000004
-0.002917220807019025 0.0001273686111067813 0.004725000000000004
-0.002917220807019025 0.0001273686111067813 0.005118750000000003
-0.002917220807019025 0.0001273686111067813 0.005512500000000002
-0.002917220807019025 0.0001273686111067813 0.005906250000000001
1 21 0 7
174
175
176
177
178
179
180
0.000663062688060369 0.002843720779489814 0.0063
-6.369946430091656e-05 0.002919305119073335 0.0063
-0.0007864729575434178 0.002812091799186667 0.0063
-0.00146 0.00252879417905056 0.0063
-0.002042106457097832 0.002087151460215415 0.0063
-0.002496342662365005 0.00151481791382872 0.0063
-0.00279426578033805 0.0008476312575830279 0.0063
1 22 0 15
181
182
183
184
185
186
187
188
189
190
191
192
193
194
195
-0.002817315984860839 0.0001230066723702477 0.0003937500000000005
-0.002817315984860839 0.0001230066723702477 0.0007875000000000011
-0.002817315984860839 0.0001230066723702477 0.001181250000000002
-0.002817315984860839 0.0001230066723702477 0.001575000000000002
-0.002817315984860839 0.0001230066723702477 0.001968750000000003
-0.002817315984860839 0.0001230066723702477 0.002362500000000003
-0.002817315984860839 0.0001230066723702477 0.002756250000000003
-0.002817315984860839 0.0001230066723702477 0.003150000000000004
-0.002817315984860839 0.0001230066723702477 0.003543750000000005
-0.002817315984860839 0.0001230066723702477 0.003937500000000005
-0.002817315984860839 0.0001230066723702477 0.004331250000000004
-0.002817315984860839 0.0001230066723702477 0.004725000000000004
-0.002817315984860839 0.0001230066723702477 0.005118750000000003
-0.002817315984860839 0.0001230066723702477 0.005512500000000002
-0.002817315984860839 0.0001230066723702477 0.005906250000000001
1 24 0 7
196
197
198
199
200
201
202
-0.00269857174676483 0.0008186027898575845 0.0063
-0.002410851475297709 0.001462940588012671 0.0063
-0.001972171304457497 0.002015673670482011 0.0063
-0.001409999999999999 0.002442191638672118 0.0063
-0.0007595389521480966 0.002715787285515892 0.0063
-6.151797579746156e-05 0.002819328916365344 0.0063
0.0006403550617569331 0.002746333081562081 0.0063
1 25 0 0
1 26 0 7
203
204
205
206
207
208
209
-0.00279426578033805 -0.0008476312575830295 0
-0.002496342662365005 -0.001514817913828722 0
-0.002042106457097833 -0.002087151460215414 0
-0.001460000000000002 -0.00252879417905056 0
-0.000786472957543423 -0.002812091799186666 0
-6.369946430092182e-05 -0.002919305119073334 0
0.0006630626880603657 -0.002843720779489815 0
1 27 0 0
1 28 0 7
210
211
212
213
214
215
216
0.00064035506175693 -0.002746333081562081 0
-6.151797579746712e-05 -0.002819328916365343 0
-0.0007595389521481011 -0.002715787285515889 0
-0.001410000000000003 -0.002442191638672115 0
-0.001972171304457498 -0.002015673670482008 0
-0.00241085147529771 -0.001462940588012668 0
-0.00269857174676483 -0.0008186027898575813 0
1 29 0 15
217
218
219
220
221
222
223
224
225
226
227
228
229
230
231
-0.002817315984860839 -0.000123006672370247 0.0003937500000000005
-0.002817315984860839 -0.000123006672370247 0.0007875000000000011
-0.002817315984860839 -0.000123006672370247 0.001181250000000002
-0.002817315984860839 -0.000123006672370247 0.001575000000000002
-0.002817315984860839 -0.000123006672370247 0.001968750000000003
-0.002817315984860839 -0.000123006672370247 0.002362500000000003
-0.002817315984860839 -0.000123006672370247 0.002756250000000003
-0.002817315984860839 -0.000123006672370247 0.003150000000000004
-0.002817315984860839 -0.000123006672370247 0.003543750000000005
-0.002817315984860839 -0.000123006672370247 0.003937500000000005
-0.002817315984860839 -0.000123006672370247 0.004331250000000004
-0.002817315984860839 -0.000123006672370247 0.004725000000000004
-0.002817315984860839 -0.000123006672370247 0.005118750000000003
-0.002817315984860839 -0.000123006672370247 0.005512500000000002
-0.002817315984860839 -0.000123006672370247 0.005906250000000001
1 30 0 15
232
233
234
235
236
237
238
239
240
241
242
243
244
245
246
-0.002917220807019025 -0.0001273686111067806 0.0003937500000000005
-0.002917220807019025 -0.0001273686111067806 0.0007875000000000011
-0.002917220807019025 -0.0001273686111067806 0.001181250000000002
-0.002917220807019025 -0.0001273686111067806 0.001575000000000002
-0.002917220807019025 -0.0001273686111067806 0.001968750000000003
-0.002917220807019025 -0.0001273686111067806 0.002362500000000003
-0.002917220807019025 -0.0001273686111067806 0.002756250000000003
-0.002917220807019025 -0.0001273686111067806 0.003150000000000004
-0.002917220807019025 -0.0001273686111067806 0.003543750000000005
-0.002917220807019025 -0.0001273686111067806 0.003937500000000005
-0.002917220807019025 -0.0001273686111067806 0.004331250000000004
-0.002917220807019025 -0.0001273686111067806 0.004725000000000004
-0.002917220807019025 -0.0001273686111067806 0.005118750000000003
-0.002917220807019025 -0.0001273686111067806 0.005512500000000002
-0.002917220807019025 -0.0001273686111067806 0.005906250000000001
1 32 0 15
247
248
249
250
251
252
253
254
255
256
257
258
259
260
261
0.001348305950646297 -0.002590071632880408 0.0003937500000000005
0.001348305950646297 -0.002590071632880408 0.0007875000000000011
0.001348305950646297 -0.002590071632880408 0.001181250000000002
0.001348305950646297 -0.002590071632880408 0.001575000000000002
0.001348305950646297 -0.002590071632880408 0.001968750000000003
0.001348305950646297 -0.002590071632880408 0.002362500000000003
0.001348305950646297 -0.002590071632880408 0.002756250000000003
0.001348305950646297 -0.002590071632880408 0.003150000000000004
0.001348305950646297 -0.002590071632880408 0.003543750000000005
0.001348305950646297 -0.002590071632880408 0.003937500000000005
0.001348305950646297 -0.002590071632880408 0.004331250000000004
0.001348305950646297 -0.002590071632880408 0.004725000000000004
0.001348305950646297 -0.002590071632880408 0.005118750000000003
0.001348305950646297 -0.002590071632880408 0.005512500000000002
0.001348305950646297 -0.002590071632880408 0.005906250000000001
1 33 0 7
262
263
264
265
266
267
268
-0.00279426578033805 -0.0008476312575830295 0.0063
-0.002496342662365005 -0.001514817913828722 0.0063
-0.002042106457097833 -0.002087151460215415 0.0063
-0.001460000000000002 -0.00252879417905056 0.0063
-0.000786472957543423 -0.002812091799186666 0.0063
-6.369946430092182e-05 -0.002919305119073334 0.0063
0.0006630626880603657 -0.002843720779489815 0.0063
1 34 0 15
269
270
271
272
273
274
275
276
277
278
279
280
281
282
283
0.001302131089322794 -0.002501370549562586 0.0003937500000000005
0.001302131089322794 -0.002501370549562586 0.0007875000000000011
0.001302131089322794 -0.002501370549562586 0.001181250000000002
0.001302131089322794 -0.002501370549562586 0.001575000000000002
0.001302131089322794 -0.002501370549562586 0.001968750000000003
0.001302131089322794 -0.002501370549562586 0.002362500000000003
0.001302131089322794 -0.002501370549562586 0.002756250000000003
0.001302131089322794 -0.002501370549562586 0.003150000000000004
0.001302131089322794 -0.002501370549562586 0.003543750000000005
0.001302131089322794 -0.002501370549562586 0.003937500000000005
0.001302131089322794 -0.002501370549562586 0.004331250000000004
0.001302131089322794 -0.002501370549562586 0.004725000000000004
0.001302131089322794 -0.002501370549562586 0.005118750000000003
0.001302131089322794 -0.002501370549562586 0.005512500000000002
0.001302131089322794 -0.002501370549562586 0.005906250000000001
1 36 0 7
284
285
286
287
288
289
290
0.00064035506175693 -0.002746333081562081 0.0063
-6.151797579746712e-05 -0.002819328916365343 0.0063
-0.0007595389521481011 -0.002715787285515889 0.0063
-0.001410000000000003 -0.002442191638672115 0.0063
-0.001972171304457498 -0.002015673670482008 0.0063
-0.00241085147529771 -0.001462940588012668 0.0063
-0.00269857174676483 -0.0008186027898575813 0.0063
1 37 0 21
291
292
293
294
295
296
297
298
299
300
301
302
303
304
305
306
307
308
309
310
311
0.01439239460421746 0.004225988352621449 0.0063
0.01261880299246771 0.00810961226183397 0.0063
0.00982291100917927 0.01133624361531388 0.0063
0.00623122519502829 0.01364447993031778 0.0063
0.002134722574099267 0.01484732162821399 0.0063
-0.002134722574099285 0.01484732162821399 0.0063
-0.006231225195028302 0.01364447993031777 0.0063
-0.009822911009179281 0.01133624361531387 0.0063
-0.01261880299246772 0.008109612261833954 0.0063
-0.01439239460421747 0.004225988352621431 0.0063
-0.015 1.83697019872103e-18 0.0063
-0.01439239460421746 -0.004225988352621454 0.0063
-0.01261880299246771 -0.008109612261833968 0.0063
-0.009822911009179277 -0.01133624361531387 0.0063
-0.006231225195028296 -0.01364447993031778 0.0063
-0.002134722574099278 -0.01484732162821399 0.0063
0.002134722574099286 -0.01484732162821399 0.0063
0.006231225195028302 -0.01364447993031777 0.0063
0.009822911009179279 -0.01133624361531387 0.0063
0.01261880299246772 -0.008109612261833951 0.0063
0.01439239460421746 -0.004225988352621447 0.0063
1 38 0 1
312
0.015 -3.673940397442059e-18 0.003150000000000004
1 39 0 21
313
314
315
316
317
318
319
320
321
322
323
324
325
326
327
328
329
330
331
332
333
0.01439239460421746 0.004225988352621449 0
0.01261880299246771 0.00810961226183397 0
0.00982291100917927 0.01133624361531388 0
0.00623122519502829 0.01364447993031778 0
0.002134722574099267 0.01484732162821399 0
-0.002134722574099285 0.01484732162821399 0
-0.006231225195028302 0.01364447993031777 0
-0.009822911009179281 0.01133624361531387 0
-0.01261880299246772 0.008109612261833954 0
-0.01439239460421747 0.004225988352621431 0
-0.015 -4.824367949029909e-18 0
-0.01439239460421746 -0.004225988352621454 0
-0.01261880299246771 -0.008109612261833968 0
-0.009822911009179272 -0.01133624361531388 0
-0.006231225195028296 -0.01364447993031778 0
-0.002134722574099278 -0.01484732162821399 0
0.002134722574099286 -0.01484732162821399 0
0.006231225195028302 -0.01364447993031777 0
0.009822911009179279 -0.01133624361531387 0
0.01261880299246772 -0.008109612261833951 0
0.01439239460421746 -0.004225988352621447 0
1 41 0 0
1 43 0 0
1 45 0 0
1 46 0 0
1 47 0 0
1 48 0 0
1 49 0 0
1 50 0 0
1 51 0 0
2 1 0 0
2 2 0 0
2 3 0 105
334
335
336
337
338
339
340
341
342
343
344
345
346
347
348
349
350
351
352
353
354
355
356
357
358
359
360
361
362
363
364
365
366
367
368
369
370
371
372
373
374
375
376
377
378
379
380
381
382
383
384
385
386
387
388
389
390
391
392
393
394
395
396
397
398
399
400
401
402
403
404
405
406
407
408
409
410
411
412
413
414
415
416
417
418
419
420
421
422
423
424
425
426
427
428
429
430
431
432
433
434
435
436
437
438
0.00213120309227768 -0.001996089521906784 0.0003937500000000005
0.002560042126665922 -0.001404487205244613 0.0003937500000000006
0.002828579414641251 -0.0007249403389712528 0.0003937500000000005
0.00292 -1.65433735811321e-18 0.0003937500000000005
0.002828579414641252 0.0007249403389712497 0.0003937500000000006
0.002560042126665921 0.001404487205244613 0.0003937500000000005
0.002131203092277681 0.001996089521906783 0.0003937500000000006
0.00213120309227768 -0.001996089521906784 0.0007875000000000011
0.002560042126665922 -0.001404487205244613 0.0007875000000000012
0.002828579414641252 -0.0007249403389712517 0.0007875000000000011
0.00292 -1.65433735811321e-18 0.0007875000000000011
0.002828579414641252 0.0007249403389712509 0.0007875000000000012
0.002560042126665922 0.001404487205244612 0.0007875000000000011
0.002131203092277682 0.001996089521906782 0.0007875000000000012
0.002131203092277679 -0.001996089521906785 0.001181250000000002
0.002560042126665922 -0.001404487205244613 0.001181250000000002
0.002828579414641251 -0.0007249403389712528 0.001181250000000002
0.00292 -1.65433735811321e-18 0.001181250000000002
0.002828579414641252 0.0007249403389712509 0.001181250000000002
0.002560042126665922 0.001404487205244612 0.001181250000000002
0.002131203092277682 0.001996089521906782 0.001181250000000002
0.00213120309227768 -0.001996089521906784 0.001575000000000002
0.002560042126665922 -0.001404487205244612 0.001575000000000002
0.002828579414641251 -0.0007249403389712528 0.001575000000000002
0.00292 -1.65433735811321e-18 0.001575000000000002
0.002828579414641252 0.0007249403389712497 0.001575000000000002
0.002560042126665922 0.001404487205244612 0.001575000000000002
0.002131203092277682 0.001996089521906782 0.001575000000000002
0.002131203092277678 -0.001996089521906786 0.001968750000000003
0.002560042126665922 -0.001404487205244612 0.001968750000000003
0.002828579414641252 -0.0007249403389712517 0.001968750000000003
0.00292 -1.65433735811321e-18 0.001968750000000003
0.002828579414641252 0.0007249403389712484 0.001968750000000003
0.002560042126665923 0.00140448720524461 0.001968750000000003
0.002131203092277682 0.001996089521906782 0.001968750000000003
0.00213120309227768 -0.001996089521906784 0.002362500000000003
0.002560042126665922 -0.001404487205244613 0.002362500000000003
0.002828579414641251 -0.0007249403389712528 0.002362500000000003
0.00292 9.391436274111558e-19 0.002362500000000003
0.002828579414641252 0.0007249403389712497 0.002362500000000003
0.002560042126665923 0.001404487205244611 0.002362500000000003
0.00213120309227768 0.001996089521906784 0.002362500000000003
0.002131203092277678 -0.001996089521906786 0.002756250000000004
0.002560042126665922 -0.001404487205244612 0.002756250000000004
0.002828579414641251 -0.0007249403389712528 0.002756250000000003
0.00292 9.391436274111558e-19 0.002756250000000003
0.002828579414641252 0.0007249403389712497 0.002756250000000003
0.002560042126665922 0.001404487205244612 0.002756250000000003
0.002131203092277682 0.001996089521906782 0.002756250000000003
0.002131203092277678 -0.001996089521906786 0.003150000000000004
0.002560042126665922 -0.001404487205244612 0.003150000000000005
0.002828579414641251 -0.0007249403389712528 0.003150000000000004
0.00292 -1.65433735811321e-18 0.003150000000000004
0.002828579414641252 0.0007249403389712509 0.003150000000000005
0.002560042126665922 0.001404487205244612 0.003150000000000004
0.002131203092277682 0.001996089521906782 0.003150000000000005
0.002131203092277678 -0.001996089521906787 0.003543750000000005
0.002560042126665922 -0.001404487205244612 0.003543750000000005
0.002828579414641251 -0.0007249403389712528 0.003543750000000005
0.00292 9.391436274111558e-19 0.003543750000000004
0.002828579414641252 0.0007249403389712497 0.003543750000000005
0.002560042126665922 0.001404487205244612 0.003543750000000005
0.002131203092277682 0.001996089521906782 0.003543750000000005
0.002131203092277678 -0.001996089521906786 0.003937500000000005
0.002560042126665922 -0.001404487205244613 0.003937500000000006
0.002828579414641251 -0.0007249403389712528 0.003937500000000005
0.00292 9.391436274111558e-19 0.003937500000000005
0.002828579414641252 0.0007249403389712509 0.003937500000000005
0.002560042126665922 0.001404487205244612 0.003937500000000005
0.002131203092277682 0.001996089521906782 0.003937500000000005
0.002131203092277678 -0.001996089521906786 0.004331250000000004
0.002560042126665922 -0.001404487205244613 0.004331250000000004
0.002828579414641251 -0.0007249403389712528 0.004331250000000004
0.00292 -1.65433735811321e-18 0.004331250000000004
0.002828579414641252 0.0007249403389712509 0.004331250000000004
0.002560042126665922 0.001404487205244612 0.004331250000000004
0.002131203092277682 0.001996089521906782 0.004331250000000004
0.002131203092277678 -0.001996089521906786 0.004725000000000003
0.002560042126665922 -0.001404487205244613 0.004725000000000004
0.002828579414641251 -0.0007249403389712528 0.004725000000000004
0.00292 9.391436274111558e-19 0.004725000000000004
0.002828579414641252 0.0007249403389712497 0.004725000000000004
0.002560042126665922 0.001404487205244612 0.004725000000000004
0.002131203092277682 0.001996089521906782 0.004725000000000004
0.002131203092277678 -0.001996089521906786 0.005118750000000002
0.002560042126665922 -0.001404487205244613 0.005118750000000003
0.002828579414641251 -0.0007249403389712528 0.005118750000000003
0.00292 9.391436274111558e-19 0.005118750000000003
0.002828579414641252 0.0007249403389712509 0.005118750000000003
0.002560042126665922 0.001404487205244612 0.005118750000000003
0.002131203092277682 0.001996089521906782 0.005118750000000003
0.002131203092277678 -0.001996089521906786 0.005512500000000003
0.002560042126665922 -0.001404487205244613 0.005512500000000003
0.002828579414641251 -0.0007249403389712528 0.005512500000000002
0.00292 2.235884120173338e-18 0.005512500000000002
0.002828579414641252 0.0007249403389712497 0.005512500000000002
0.002560042126665922 0.001404487205244612 0.005512500000000002
0.002131203092277682 0.001996089521906782 0.005512500000000002
0.002131203092277678 -0.001996089521906786 0.005906250000000001
0.002560042126665922 -0.001404487205244613 0.005906250000000001
0.002828579414641251 -0.0007249403389712542 0.005906250000000001
0.00292 9.391436274111558e-19 0.005906250000000001
0.002828579414641252 0.0007249403389712509 0.005906250000000001
0.002560042126665922 0.001404487205244612 0.005906250000000001
0.002131203092277682 0.001996089521906782 0.005906250000000001
2 4 0 0
2 5 0 105
439
440
441
442
443
444
445
446
447
448
449
450
451
452
453
454
455
456
457
458
459
460
461
462
463
464
465
466
467
468
469
470
471
472
473
474
475
476
477
478
479
480
481
482
483
484
485
486
487
488
489
490
491
492
493
494
495
496
497
498
499
500
501
502
503
504
505
506
507
508
509
510
511
512
513
514
515
516
517
518
519
520
521
522
523
524
525
526
527
528
529
530
531
532
533
534
535
536
537
538
539
540
541
542
543
0.002058216685007895 0.001927730291704499 0.0003937500000000005
0.002472369451095172 0.001356388328352673 0.0003937500000000005
0.002731710256605592 0.0007001136150338828 0.0003937500000000005
0.00282 3.195363938273461e-18 0.0003937500000000005
0.002731710256605592 -0.0007001136150338815 0.0003937500000000006
0.002472369451095171 -0.001356388328352674 0.0003937500000000005
0.002058216685007896 -0.001927730291704498 0.0003937500000000006
0.002058216685007896 0.001927730291704497 0.0007875000000000011
0.002472369451095173 0.001356388328352671 0.0007875000000000011
0.002731710256605593 0.0007001136150338804 0.0007875000000000011
0.00282 3.195363938273461e-18 0.0007875000000000011
0.002731710256605593 -0.000700113615033879 0.0007875000000000012
0.002472369451095174 -0.00135638832835267 0.0007875000000000011
0.002058216685007899 -0.001927730291704494 0.0007875000000000012
0.002058216685007895 0.001927730291704499 0.001181250000000001
0.002472369451095173 0.001356388328352671 0.001181250000000001
0.002731710256605592 0.0007001136150338828 0.001181250000000002
0.00282 3.195363938273461e-18 0.001181250000000001
0.002731710256605593 -0.000700113615033879 0.001181250000000002
0.002472369451095171 -0.001356388328352674 0.001181250000000002
0.002058216685007897 -0.001927730291704496 0.001181250000000001
0.002058216685007896 0.001927730291704497 0.001575000000000002
0.002472369451095173 0.001356388328352671 0.001575000000000002
0.002731710256605592 0.0007001136150338828 0.001575000000000002
0.00282 3.195363938273461e-18 0.001575000000000002
0.002731710256605592 -0.0007001136150338815 0.001575000000000002
0.002472369451095172 -0.001356388328352672 0.001575000000000002
0.002058216685007896 -0.001927730291704498 0.001575000000000002
0.002058216685007896 0.001927730291704497 0.001968750000000003
0.002472369451095171 0.001356388328352676 0.001968750000000003
0.002731710256605591 0.0007001136150338852 0.001968750000000003
0.00282 3.195363938273461e-18 0.001968750000000003
0.002731710256605594 -0.0007001136150338766 0.001968750000000003
0.002472369451095174 -0.00135638832835267 0.001968750000000003
0.002058216685007897 -0.001927730291704496 0.001968750000000003
0.002058216685007893 0.001927730291704501 0.002362500000000003
0.002472369451095172 0.001356388328352673 0.002362500000000003
0.002731710256605591 0.0007001136150338852 0.002362500000000003
0.00282 5.700027081827813e-18 0.002362500000000003
0.002731710256605593 -0.000700113615033879 0.002362500000000003
0.002472369451095171 -0.001356388328352674 0.002362500000000003
0.002058216685007897 -0.001927730291704496 0.002362500000000003
0.002058216685007896 0.001927730291704497 0.002756250000000004
0.002472369451095171 0.001356388328352676 0.002756250000000003
0.002731710256605591 0.0007001136150338852 0.002756250000000003
0.00282 3.195363938273461e-18 0.002756250000000003
0.002731710256605592 -0.0007001136150338815 0.002756250000000003
0.002472369451095171 -0.001356388328352674 0.002756250000000003
0.002058216685007899 -0.001927730291704494 0.002756250000000003
0.002058216685007893 0.001927730291704501 0.003150000000000004
0.002472369451095173 0.001356388328352671 0.003150000000000004
0.002731710256605592 0.0007001136150338828 0.003150000000000004
0.00282 3.195363938273461e-18 0.003150000000000004
0.002731710256605591 -0.0007001136150338839 0.003150000000000005
0.002472369451095175 -0.001356388328352668 0.003150000000000004
0.002058216685007896 -0.001927730291704498 0.003150000000000005
0.002058216685007895 0.001927730291704499 0.003543750000000005
0.002472369451095169 0.001356388328352678 0.003543750000000005
0.002731710256605592 0.0007001136150338828 0.003543750000000005
0.00282 5.700027081827813e-18 0.003543750000000004
0.002731710256605592 -0.0007001136150338815 0.003543750000000005
0.002472369451095171 -0.001356388328352674 0.003543750000000005
0.002058216685007896 -0.001927730291704498 0.003543750000000004
0.002058216685007896 0.001927730291704497 0.003937500000000005
0.002472369451095171 0.001356388328352676 0.003937500000000006
0.002731710256605592 0.0007001136150338828 0.003937500000000005
0.00282 3.195363938273461e-18 0.003937500000000005
0.002731710256605592 -0.0007001136150338815 0.003937500000000005
0.002472369451095174 -0.00135638832835267 0.003937500000000005
0.002058216685007901 -0.001927730291704492 0.003937500000000006
0.002058216685007893 0.001927730291704501 0.004331250000000004
0.002472369451095171 0.001356388328352676 0.004331250000000004
0.002731710256605592 0.0007001136150338828 0.004331250000000004
0.00282 5.700027081827813e-18 0.004331250000000004
0.002731710256605594 -0.0007001136150338766 0.004331250000000004
0.002472369451095172 -0.001356388328352672 0.004331250000000005
0.002058216685007899 -0.001927730291704494 0.004331250000000004
0.002058216685007895 0.001927730291704499 0.004725000000000004
0.002472369451095169 0.001356388328352678 0.004725000000000004
0.002731710256605592 0.0007001136150338828 0.004725000000000004
0.00282 5.700027081827813e-18 0.004725000000000004
0.002731710256605594 -0.0007001136150338766 0.004725000000000004
0.002472369451095172 -0.001356388328352672 0.004725000000000004
0.002058216685007896 -0.001927730291704498 0.004725000000000004
0.002058216685007891 0.001927730291704502 0.005118750000000003
0.002472369451095172 0.001356388328352673 0.005118750000000003
0.002731710256605592 0.0007001136150338828 0.005118750000000003
0.00282 3.195363938273461e-18 0.005118750000000002
0.002731710256605594 -0.0007001136150338766 0.005118750000000003
0.002472369451095171 -0.001356388328352674 0.005118750000000002
0.002058216685007899 -0.001927730291704494 0.005118750000000003
0.002058216685007891 0.001927730291704502 0.005512500000000003
0.002472369451095173 0.001356388328352671 0.005512500000000003
0.002731710256605592 0.0007001136150338828 0.005512500000000003
0.00282 3.195363938273461e-18 0.005512500000000002
0.002731710256605594 -0.0007001136150338742 0.005512500000000002
0.002472369451095175 -0.001356388328352668 0.005512500000000002
0.002058216685007899 -0.001927730291704494 0.005512500000000002
0.002058216685007891 0.001927730291704502 0.005906250000000001
0.002472369451095169 0.001356388328352678 0.005906250000000001
0.002731710256605592 0.0007001136150338828 0.005906250000000002
0.00282 5.700027081827813e-18 0.005906250000000001
0.002731710256605594 -0.0007001136150338766 0.005906250000000001
0.002472369451095174 -0.00135638832835267 0.005906250000000001
0.002058216685007899 -0.001927730291704494 0.005906250000000001
2 6 0 0
2 7 0 0
2 8 0 0
2 9 0 105
544
545
546
547
548
549
550
551
552
553
554
555
556
557
558
559
560
561
562
563
564
565
566
567
568
569
570
571
572
573
574
575
576
577
578
579
580
581
582
583
584
585
586
587
588
589
590
591
592
593
594
595
596
597
598
599
600
601
602
603
604
605
606
607
608
609
610
611
612
613
614
615
616
617
618
619
620
621
622
623
624
625
626
627
628
629
630
631
632
633
634
635
636
637
638
639
640
641
642
643
644
645
646
647
648
0.0006630626880603714 0.002843720779489814 0.0003937500000000006
-6.369946430091397e-05 0.002919305119073335 0.0003937500000000005
-0.0007864729575434154 0.002812091799186668 0.0003937500000000007
-0.001459999999999998 0.002528794179050562 0.0003937500000000005
-0.00204210645709783 0.002087151460215417 0.0003937500000000006
-0.002496342662365004 0.001514817913828723 0.0003937500000000005
-0.00279426578033805 0.0008476312575830305 0.0003937500000000005
0.0006630626880603714 0.002843720779489814 0.0007875000000000012
-6.369946430091397e-05 0.002919305119073335 0.0007875000000000011
-0.0007864729575434154 0.002812091799186668 0.0007875000000000013
-0.001459999999999998 0.002528794179050562 0.0007875000000000011
-0.00204210645709783 0.002087151460215417 0.0007875000000000012
-0.002496342662365004 0.001514817913828723 0.0007875000000000011
-0.00279426578033805 0.0008476312575830305 0.0007875000000000011
0.0006630626880603714 0.002843720779489814 0.001181250000000002
-6.369946430091137e-05 0.002919305119073335 0.001181250000000001
-0.000786472957543413 0.002812091799186669 0.001181250000000002
-0.001459999999999996 0.002528794179050563 0.001181250000000001
-0.00204210645709783 0.002087151460215417 0.001181250000000002
-0.002496342662365004 0.001514817913828723 0.001181250000000001
-0.00279426578033805 0.0008476312575830305 0.001181250000000001
0.0006630626880603714 0.002843720779489814 0.001575000000000002
-6.369946430091397e-05 0.002919305119073335 0.001575000000000002
-0.0007864729575434154 0.002812091799186668 0.001575000000000003
-0.001459999999999998 0.002528794179050562 0.001575000000000002
-0.00204210645709783 0.002087151460215417 0.001575000000000002
-0.002496342662365004 0.001514817913828723 0.001575000000000002
-0.00279426578033805 0.0008476312575830305 0.001575000000000002
0.0006630626880603714 0.002843720779489814 0.001968750000000003
-6.369946430091656e-05 0.002919305119073335 0.001968750000000003
-0.0007864729575434154 0.002812091799186668 0.001968750000000003
-0.001459999999999998 0.002528794179050562 0.001968750000000003
-0.00204210645709783 0.002087151460215417 0.001968750000000003
-0.002496342662365004 0.001514817913828723 0.001968750000000003
-0.00279426578033805 0.0008476312575830305 0.001968750000000003
0.0006630626880603663 0.002843720779489815 0.002362500000000003
-6.369946430091656e-05 0.002919305119073335 0.002362500000000003
-0.0007864729575434204 0.002812091799186667 0.002362500000000003
-0.001460000000000003 0.002528794179050559 0.002362500000000003
-0.002042106457097828 0.002087151460215419 0.002362500000000003
-0.002496342662365005 0.00151481791382872 0.002362500000000003
-0.00279426578033805 0.0008476312575830305 0.002362500000000003
0.0006630626880603714 0.002843720779489814 0.002756250000000003
-6.369946430091397e-05 0.002919305119073335 0.002756250000000003
-0.0007864729575434154 0.002812091799186668 0.002756250000000003
-0.001460000000000003 0.002528794179050559 0.002756250000000003
-0.00204210645709783 0.002087151460215417 0.002756250000000003
-0.002496342662365004 0.001514817913828723 0.002756250000000003
-0.00279426578033805 0.0008476312575830305 0.002756250000000003
0.0006630626880603637 0.002843720779489815 0.003150000000000005
-6.369946430091397e-05 0.002919305119073335 0.003150000000000004
-0.0007864729575434154 0.002812091799186668 0.003150000000000005
-0.001460000000000003 0.002528794179050559 0.003150000000000004
-0.00204210645709783 0.002087151460215417 0.003150000000000005
-0.002496342662365007 0.001514817913828718 0.003150000000000004
-0.00279426578033805 0.0008476312575830305 0.003150000000000004
0.0006630626880603714 0.002843720779489814 0.003543750000000005
-6.369946430091656e-05 0.002919305119073335 0.003543750000000005
-0.0007864729575434178 0.002812091799186667 0.003543750000000004
-0.001460000000000003 0.002528794179050559 0.003543750000000004
-0.00204210645709783 0.002087151460215417 0.003543750000000005
-0.002496342662365007 0.001514817913828718 0.003543750000000004
-0.00279426578033805 0.0008476312575830305 0.003543750000000005
0.0006630626880603663 0.002843720779489815 0.003937500000000005
-6.369946430091915e-05 0.002919305119073335 0.003937500000000005
-0.0007864729575434204 0.002812091799186667 0.003937500000000005
-0.00146 0.00252879417905056 0.003937500000000005
-0.00204210645709783 0.002087151460215417 0.003937500000000005
-0.002496342662365007 0.001514817913828718 0.003937500000000005
-0.00279426578033805 0.0008476312575830305 0.003937500000000005
0.0006630626880603663 0.002843720779489815 0.004331250000000004
-6.369946430091915e-05 0.002919305119073335 0.004331250000000004
-0.0007864729575434178 0.002812091799186667 0.004331250000000004
-0.001459999999999996 0.002528794179050563 0.004331250000000004
-0.002042106457097828 0.002087151460215419 0.004331250000000004
-0.002496342662365007 0.001514817913828718 0.004331250000000004
-0.00279426578033805 0.0008476312575830305 0.004331250000000004
0.0006630626880603663 0.002843720779489815 0.004725000000000004
-6.369946430091656e-05 0.002919305119073335 0.004725000000000003
-0.0007864729575434204 0.002812091799186667 0.004725000000000004
-0.00146 0.00252879417905056 0.004725000000000004
-0.00204210645709783 0.002087151460215417 0.004725000000000004
-0.002496342662365007 0.001514817913828718 0.004725000000000003
-0.00279426578033805 0.0008476312575830305 0.004725000000000004
0.0006630626880603663 0.002843720779489815 0.005118750000000002
-6.369946430091915e-05 0.002919305119073335 0.005118750000000003
-0.0007864729575434204 0.002812091799186667 0.005118750000000004
-0.00146 0.00252879417905056 0.005118750000000002
-0.002042106457097828 0.002087151460215419 0.005118750000000003
-0.002496342662365004 0.001514817913828723 0.005118750000000003
-0.00279426578033805 0.0008476312575830305 0.005118750000000003
0.0006630626880603663 0.002843720779489815 0.005512500000000002
-6.369946430091137e-05 0.002919305119073335 0.005512500000000002
-0.0007864729575434178 0.002812091799186667 0.005512500000000002
-0.001459999999999998 0.002528794179050562 0.005512500000000002
-0.00204210645709783 0.002087151460215417 0.005512500000000003
-0.002496342662365005 0.00151481791382872 0.005512500000000003
-0.00279426578033805 0.0008476312575830305 0.005512500000000002
0.0006630626880603663 0.002843720779489815 0.005906250000000001
-6.369946430091915e-05 0.002919305119073335 0.005906250000000001
-0.0007864729575434204 0.002812091799186667 0.005906250000000001
-0.001460000000000003 0.002528794179050559 0.005906250000000001
-0.002042106457097828 0.002087151460215419 0.005906250000000001
-0.002496342662365007 0.001514817913828718 0.005906250000000001
-0.00279426578033805 0.0008476312575830305 0.005906250000000001
2 10 0 0
2 11 0 105
649
650
651
652
653
654
655
656
657
658
659
660
661
662
663
664
665
666
667
668
669
670
671
672
673
674
675
676
677
678
679
680
681
682
683
684
685
686
687
688
689
690
691
692
693
694
695
696
697
698
699
700
701
702
703
704
705
706
707
708
709
710
711
712
713
714
715
716
717
718
719
720
721
722
723
724
725
726
727
728
729
730
731
732
733
734
735
736
737
738
739
740
741
742
743
744
745
746
747
748
749
750
751
752
753
-0.002698571746764829 0.0008186027898575869 0.0003937500000000006
-0.00241085147529771 0.00146294058801267 0.0003937500000000006
-0.001972171304457495 0.002015673670482011 0.0003937500000000005
-0.001409999999999999 0.002442191638672118 0.0003937500000000005
-0.000759538952148094 0.002715787285515892 0.0003937500000000005
-6.151797579746156e-05 0.002819328916365344 0.0003937500000000005
0.0006403550617569331 0.002746333081562081 0.0003937500000000006
-0.002698571746764829 0.0008186027898575869 0.0007875000000000012
-0.00241085147529771 0.00146294058801267 0.0007875000000000012
-0.001972171304457494 0.002015673670482012 0.0007875000000000011
-0.001409999999999999 0.002442191638672118 0.0007875000000000011
-0.000759538952148094 0.002715787285515892 0.0007875000000000011
-6.151797579745906e-05 0.002819328916365344 0.0007875000000000011
0.0006403550617569356 0.002746333081562081 0.0007875000000000012
-0.00269857174676483 0.0008186027898575845 0.001181250000000002
-0.00241085147529771 0.00146294058801267 0.001181250000000002
-0.001972171304457497 0.002015673670482011 0.001181250000000002
-0.001409999999999999 0.002442191638672118 0.001181250000000002
-0.0007595389521480966 0.002715787285515892 0.001181250000000002
-6.151797579746156e-05 0.002819328916365344 0.001181250000000002
0.0006403550617569331 0.002746333081562081 0.001181250000000002
-0.002698571746764829 0.0008186027898575858 0.001575000000000002
-0.002410851475297711 0.001462940588012669 0.001575000000000002
-0.001972171304457497 0.002015673670482011 0.001575000000000002
-0.001409999999999999 0.002442191638672118 0.001575000000000002
-0.0007595389521480966 0.002715787285515892 0.001575000000000002
-6.151797579746156e-05 0.002819328916365344 0.001575000000000002
0.0006403550617569356 0.002746333081562081 0.001575000000000002
-0.002698571746764829 0.0008186027898575858 0.001968750000000003
-0.002410851475297709 0.001462940588012671 0.001968750000000003
-0.001972171304457495 0.002015673670482011 0.001968750000000003
-0.001409999999999997 0.002442191638672119 0.001968750000000003
-0.0007595389521480966 0.002715787285515892 0.001968750000000003
-6.151797579745906e-05 0.002819328916365344 0.001968750000000003
0.0006403550617569356 0.002746333081562081 0.001968750000000003
-0.00269857174676483 0.0008186027898575845 0.002362500000000003
-0.002410851475297709 0.001462940588012672 0.002362500000000003
-0.001972171304457497 0.002015673670482011 0.002362500000000003
-0.001409999999999999 0.002442191638672118 0.002362500000000003
-0.0007595389521480966 0.002715787285515892 0.002362500000000003
-6.151797579746156e-05 0.002819328916365344 0.002362500000000003
0.0006403550617569331 0.002746333081562081 0.002362500000000003
-0.00269857174676483 0.0008186027898575845 0.002756250000000003
-0.00241085147529771 0.00146294058801267 0.002756250000000003
-0.001972171304457497 0.002015673670482011 0.002756250000000003
-0.001409999999999999 0.002442191638672118 0.002756250000000003
-0.0007595389521480966 0.002715787285515892 0.002756250000000003
-6.151797579746156e-05 0.002819328916365344 0.002756250000000003
0.0006403550617569331 0.002746333081562081 0.002756250000000003
-0.00269857174676483 0.0008186027898575845 0.003150000000000005
-0.00241085147529771 0.00146294058801267 0.003150000000000005
-0.001972171304457495 0.002015673670482011 0.003150000000000004
-0.001409999999999999 0.002442191638672118 0.003150000000000004
-0.0007595389521480966 0.002715787285515892 0.003150000000000004
-6.151797579746156e-05 0.002819328916365344 0.003150000000000004
0.0006403550617569331 0.002746333081562081 0.003150000000000005
-0.00269857174676483 0.0008186027898575845 0.003543750000000005
-0.002410851475297709 0.001462940588012671 0.003543750000000005
-0.001972171304457495 0.002015673670482011 0.003543750000000005
-0.001409999999999999 0.002442191638672118 0.003543750000000005
-0.000759538952148094 0.002715787285515892 0.003543750000000005
-6.151797579746156e-05 0.002819328916365344 0.003543750000000005
0.0006403550617569331 0.002746333081562081 0.003543750000000005
-0.00269857174676483 0.0008186027898575845 0.003937500000000005
-0.00241085147529771 0.00146294058801267 0.003937500000000006
-0.001972171304457497 0.002015673670482011 0.003937500000000005
-0.001409999999999999 0.002442191638672118 0.003937500000000005
-0.0007595389521480966 0.002715787285515892 0.003937500000000005
-6.151797579746156e-05 0.002819328916365344 0.003937500000000005
0.0006403550617569331 0.002746333081562081 0.003937500000000005
-0.002698571746764829 0.0008186027898575858 0.004331250000000004
-0.002410851475297709 0.001462940588012671 0.004331250000000005
-0.001972171304457497 0.002015673670482011 0.004331250000000004
-0.001409999999999999 0.002442191638672118 0.004331250000000004
-0.0007595389521480966 0.002715787285515892 0.004331250000000004
-6.151797579745906e-05 0.002819328916365344 0.004331250000000005
0.0006403550617569331 0.002746333081562081 0.004331250000000004
-0.00269857174676483 0.0008186027898575845 0.004725000000000004
-0.002410851475297711 0.001462940588012669 0.004725000000000002
-0.001972171304457497 0.002015673670482011 0.004725000000000004
-0.001409999999999999 0.002442191638672118 0.004725000000000004
-0.0007595389521480966 0.002715787285515892 0.004725000000000004
-6.151797579746156e-05 0.002819328916365344 0.004725000000000004
0.0006403550617569356 0.002746333081562081 0.004725000000000004
-0.00269857174676483 0.0008186027898575845 0.005118750000000002
-0.002410851475297711 0.001462940588012669 0.005118750000000003
-0.001972171304457495 0.002015673670482011 0.005118750000000003
-0.001409999999999999 0.002442191638672118 0.005118750000000003
-0.000759538952148094 0.002715787285515892 0.005118750000000003
-6.151797579746156e-05 0.002819328916365344 0.005118750000000003
0.0006403550617569307 0.002746333081562082 0.005118750000000002
-0.002698571746764829 0.0008186027898575858 0.005512500000000002
-0.002410851475297711 0.001462940588012669 0.005512500000000002
-0.001972171304457497 0.002015673670482011 0.005512500000000002
-0.001409999999999999 0.002442191638672118 0.005512500000000002
-0.000759538952148094 0.002715787285515892 0.005512500000000002
-6.151797579746156e-05 0.002819328916365344 0.005512500000000002
0.0006403550617569331 0.002746333081562081 0.005512500000000002
-0.00269857174676483 0.0008186027898575845 0.005906250000000001
-0.002410851475297709 0.001462940588012671 0.005906250000000002
-0.001972171304457497 0.002015673670482011 0.005906250000000001
-0.001409999999999999 0.002442191638672118 0.005906250000000001
-0.0007595389521480966 0.002715787285515892 0.005906250000000001
-6.151797579746156e-05 0.002819328916365344 0.005906250000000001
0.0006403550617569331 0.002746333081562081 0.005906250000000001
2 12 0 0
2 13 0 0
2 14 0 0
2 15 0 105
754
755
756
757
758
759
760
761
762
763
764
765
766
767
768
769
770
771
772
773
774
775
776
777
778
779
780
781
782
783
784
785
786
787
788
789
790
791
792
793
794
795
796
797
798
799
800
801
802
803
804
805
806
807
808
809
810
811
812
813
814
815
816
817
818
819
820
821
822
823
824
825
826
827
828
829
830
831
832
833
834
835
836
837
838
839
840
841
842
843
844
845
846
847
848
849
850
851
852
853
854
855
856
857
858
-0.00279426578033805 -0.0008476312575830295 0.0003937500000000006
-0.002496342662365005 -0.001514817913828722 0.0003937500000000005
-0.002042106457097833 -0.002087151460215414 0.0003937500000000006
-0.001460000000000002 -0.00252879417905056 0.0003937500000000005
-0.0007864729575434235 -0.002812091799186666 0.0003937500000000006
-6.369946430092117e-05 -0.002919305119073334 0.0003937500000000005
0.0006630626880603663 -0.002843720779489815 0.0003937500000000006
-0.00279426578033805 -0.0008476312575830295 0.0007875000000000012
-0.002496342662365005 -0.001514817913828722 0.0007875000000000011
-0.002042106457097833 -0.002087151460215414 0.0007875000000000012
-0.001460000000000002 -0.00252879417905056 0.0007875000000000011
-0.000786472957543423 -0.002812091799186666 0.0007875000000000012
-6.369946430092182e-05 -0.002919305119073334 0.0007875000000000011
0.0006630626880603663 -0.002843720779489815 0.0007875000000000012
-0.00279426578033805 -0.0008476312575830295 0.001181250000000002
-0.002496342662365005 -0.001514817913828721 0.001181250000000001
-0.002042106457097833 -0.002087151460215414 0.001181250000000002
-0.001460000000000003 -0.002528794179050559 0.001181250000000001
-0.000786472957543423 -0.002812091799186666 0.001181250000000002
-6.369946430092182e-05 -0.002919305119073334 0.001181250000000002
0.0006630626880603657 -0.002843720779489815 0.001181250000000001
-0.00279426578033805 -0.0008476312575830295 0.001575000000000002
-0.002496342662365005 -0.001514817913828722 0.001575000000000002
-0.002042106457097833 -0.002087151460215414 0.001575000000000002
-0.001460000000000002 -0.00252879417905056 0.001575000000000002
-0.000786472957543423 -0.002812091799186666 0.001575000000000002
-6.369946430092182e-05 -0.002919305119073334 0.001575000000000002
0.0006630626880603663 -0.002843720779489815 0.001575000000000002
-0.00279426578033805 -0.0008476312575830295 0.001968750000000003
-0.002496342662365005 -0.001514817913828722 0.001968750000000003
-0.002042106457097833 -0.002087151460215414 0.001968750000000003
-0.001460000000000002 -0.00252879417905056 0.001968750000000003
-0.000786472957543423 -0.002812091799186666 0.001968750000000003
-6.369946430092182e-05 -0.002919305119073334 0.001968750000000003
0.000663062688060365 -0.002843720779489815 0.001968750000000003
-0.00279426578033805 -0.0008476312575830295 0.002362500000000003
-0.002496342662365005 -0.001514817913828721 0.002362500000000003
-0.002042106457097833 -0.002087151460215415 0.002362500000000003
-0.001460000000000003 -0.002528794179050559 0.002362500000000003
-0.0007864729575434235 -0.002812091799186666 0.002362500000000003
-6.369946430092182e-05 -0.002919305119073334 0.002362500000000003
0.0006630626880603657 -0.002843720779489815 0.002362500000000003
-0.00279426578033805 -0.0008476312575830295 0.002756250000000003
-0.002496342662365005 -0.001514817913828722 0.002756250000000004
-0.002042106457097833 -0.002087151460215414 0.002756250000000003
-0.001460000000000002 -0.00252879417905056 0.002756250000000003
-0.0007864729575434235 -0.002812091799186666 0.002756250000000003
-6.369946430092182e-05 -0.002919305119073334 0.002756250000000003
0.0006630626880603657 -0.002843720779489815 0.002756250000000003
-0.00279426578033805 -0.0008476312575830295 0.003150000000000005
-0.002496342662365005 -0.001514817913828722 0.003150000000000004
-0.002042106457097833 -0.002087151460215415 0.003150000000000005
-0.001460000000000002 -0.00252879417905056 0.003150000000000004
-0.000786472957543423 -0.002812091799186666 0.003150000000000005
-6.369946430092182e-05 -0.002919305119073334 0.003150000000000004
0.0006630626880603663 -0.002843720779489815 0.003150000000000005
-0.00279426578033805 -0.0008476312575830295 0.003543750000000005
-0.002496342662365005 -0.001514817913828722 0.003543750000000005
-0.002042106457097833 -0.002087151460215415 0.003543750000000005
-0.001460000000000002 -0.00252879417905056 0.003543750000000004
-0.0007864729575434235 -0.002812091799186666 0.003543750000000005
-6.369946430092182e-05 -0.002919305119073334 0.003543750000000005
0.0006630626880603657 -0.002843720779489815 0.003543750000000004
-0.00279426578033805 -0.0008476312575830295 0.003937500000000005
-0.002496342662365005 -0.001514817913828722 0.003937500000000005
-0.002042106457097833 -0.002087151460215415 0.003937500000000006
-0.001460000000000002 -0.00252879417905056 0.003937500000000005
-0.000786472957543423 -0.002812091799186666 0.003937500000000005
-6.369946430092182e-05 -0.002919305119073334 0.003937500000000005
0.0006630626880603663 -0.002843720779489815 0.003937500000000006
-0.00279426578033805 -0.0008476312575830295 0.004331250000000004
-0.002496342662365005 -0.001514817913828722 0.004331250000000004
-0.002042106457097833 -0.002087151460215414 0.004331250000000004
-0.001460000000000002 -0.00252879417905056 0.004331250000000004
-0.0007864729575434235 -0.002812091799186666 0.004331250000000004
-6.369946430092182e-05 -0.002919305119073334 0.004331250000000004
0.0006630626880603657 -0.002843720779489815 0.004331250000000004
-0.00279426578033805 -0.0008476312575830295 0.004725000000000004
-0.002496342662365005 -0.001514817913828721 0.004725000000000003
-0.002042106457097833 -0.002087151460215414 0.004725000000000004
-0.001460000000000003 -0.002528794179050559 0.004725000000000004
-0.000786472957543423 -0.002812091799186666 0.004725000000000004
-6.369946430092182e-05 -0.002919305119073334 0.004725000000000004
0.0006630626880603657 -0.002843720779489815 0.004725000000000004
-0.00279426578033805 -0.0008476312575830295 0.005118750000000002
-0.002496342662365005 -0.001514817913828721 0.005118750000000003
-0.002042106457097833 -0.002087151460215415 0.005118750000000003
-0.001460000000000003 -0.002528794179050559 0.005118750000000002
-0.0007864729575434235 -0.002812091799186666 0.005118750000000003
-6.369946430092182e-05 -0.002919305119073334 0.005118750000000003
0.0006630626880603663 -0.002843720779489815 0.005118750000000003
-0.00279426578033805 -0.0008476312575830295 0.005512500000000002
-0.002496342662365005 -0.001514817913828722 0.005512500000000002
-0.002042106457097833 -0.002087151460215415 0.005512500000000001
-0.001460000000000002 -0.00252879417905056 0.005512500000000002
-0.000786472957543423 -0.002812091799186666 0.005512500000000003
-6.369946430092182e-05 -0.002919305119073334 0.005512500000000002
0.0006630626880603663 -0.002843720779489815 0.005512500000000002
-0.00279426578033805 -0.0008476312575830295 0.005906250000000001
-0.002496342662365005 -0.001514817913828722 0.005906250000000003
-0.002042106457097833 -0.002087151460215414 0.005906250000000001
-0.001460000000000002 -0.00252879417905056 0.005906250000000001
-0.000786472957543423 -0.002812091799186666 0.005906250000000001
-6.369946430092247e-05 -0.002919305119073334 0.005906250000000001
0.0006630626880603657 -0.002843720779489815 0.005906250000000001
2 16 0 0
2 17 0 105
859
860
861
862
863
864
865
866
867
868
869
870
871
872
873
874
875
876
877
878
879
880
881
882
883
884
885
886
887
888
889
890
891
892
893
894
895
896
897
898
899
900
901
902
903
904
905
906
907
908
909
910
911
912
913
914
915
916
917
918
919
920
921
922
923
924
925
926
927
928
929
930
931
932
933
934
935
936
937
938
939
940
941
942
943
944
945
946
947
948
949
950
951
952
953
954
955
956
957
958
959
960
961
962
963
0.0006403550617569293 -0.002746333081562081 0.0003937500000000006
-6.151797579746712e-05 -0.002819328916365343 0.0003937500000000006
-0.0007595389521481004 -0.002715787285515889 0.0003937500000000006
-0.001410000000000003 -0.002442191638672115 0.0003937500000000005
-0.001972171304457498 -0.002015673670482008 0.0003937500000000005
-0.00241085147529771 -0.001462940588012668 0.0003937500000000005
-0.00269857174676483 -0.0008186027898575803 0.0003937500000000005
0.0006403550617569287 -0.002746333081562081 0.0007875000000000012
-6.151797579746774e-05 -0.002819328916365343 0.0007875000000000012
-0.0007595389521481011 -0.002715787285515889 0.0007875000000000012
-0.001410000000000003 -0.002442191638672115 0.0007875000000000011
-0.001972171304457498 -0.002015673670482008 0.0007875000000000011
-0.00241085147529771 -0.001462940588012668 0.0007875000000000011
-0.00269857174676483 -0.0008186027898575803 0.0007875000000000011
0.0006403550617569293 -0.002746333081562081 0.001181250000000002
-6.151797579746712e-05 -0.002819328916365343 0.001181250000000002
-0.0007595389521481004 -0.002715787285515889 0.001181250000000002
-0.001410000000000003 -0.002442191638672115 0.001181250000000002
-0.001972171304457498 -0.002015673670482008 0.001181250000000002
-0.002410851475297709 -0.001462940588012669 0.001181250000000002
-0.00269857174676483 -0.0008186027898575813 0.001181250000000002
0.0006403550617569293 -0.002746333081562081 0.001575000000000002
-6.151797579746712e-05 -0.002819328916365343 0.001575000000000002
-0.0007595389521481004 -0.002715787285515889 0.001575000000000002
-0.001410000000000003 -0.002442191638672115 0.001575000000000002
-0.001972171304457498 -0.002015673670482008 0.001575000000000002
-0.00241085147529771 -0.001462940588012668 0.001575000000000002
-0.00269857174676483 -0.0008186027898575813 0.001575000000000002
0.0006403550617569293 -0.002746333081562081 0.001968750000000003
-6.151797579746712e-05 -0.002819328916365343 0.001968750000000003
-0.0007595389521481011 -0.002715787285515889 0.001968750000000003
-0.001410000000000003 -0.002442191638672115 0.001968750000000003
-0.001972171304457498 -0.002015673670482008 0.001968750000000003
-0.00241085147529771 -0.001462940588012668 0.001968750000000003
-0.00269857174676483 -0.0008186027898575803 0.001968750000000003
0.0006403550617569293 -0.002746333081562081 0.002362500000000003
-6.151797579746774e-05 -0.002819328916365343 0.002362500000000003
-0.0007595389521481004 -0.002715787285515889 0.002362500000000003
-0.001410000000000003 -0.002442191638672115 0.002362500000000003
-0.001972171304457497 -0.002015673670482009 0.002362500000000003
-0.002410851475297709 -0.001462940588012669 0.002362500000000003
-0.00269857174676483 -0.0008186027898575803 0.002362500000000003
0.0006403550617569293 -0.002746333081562081 0.002756250000000003
-6.151797579746648e-05 -0.002819328916365343 0.002756250000000003
-0.0007595389521481011 -0.002715787285515889 0.002756250000000003
-0.001410000000000003 -0.002442191638672115 0.002756250000000003
-0.001972171304457498 -0.002015673670482008 0.002756250000000003
-0.00241085147529771 -0.001462940588012668 0.002756250000000003
-0.00269857174676483 -0.0008186027898575813 0.002756250000000003
0.0006403550617569293 -0.002746333081562081 0.003150000000000005
-6.151797579746712e-05 -0.002819328916365343 0.003150000000000005
-0.0007595389521481004 -0.002715787285515889 0.003150000000000005
-0.001410000000000003 -0.002442191638672115 0.003150000000000004
-0.001972171304457498 -0.002015673670482008 0.003150000000000004
-0.002410851475297709 -0.001462940588012669 0.003150000000000004
-0.00269857174676483 -0.0008186027898575803 0.003150000000000004
0.0006403550617569293 -0.002746333081562081 0.003543750000000005
-6.151797579746712e-05 -0.002819328916365343 0.003543750000000005
-0.0007595389521481004 -0.002715787285515889 0.003543750000000004
-0.001410000000000003 -0.002442191638672115 0.003543750000000005
-0.001972171304457498 -0.002015673670482008 0.003543750000000005
-0.002410851475297709 -0.001462940588012669 0.003543750000000005
-0.00269857174676483 -0.0008186027898575803 0.003543750000000004
0.0006403550617569293 -0.002746333081562081 0.003937500000000006
-6.151797579746712e-05 -0.002819328916365343 0.003937500000000005
-0.0007595389521481011 -0.002715787285515889 0.003937500000000005
-0.001410000000000003 -0.002442191638672115 0.003937500000000005
-0.001972171304457498 -0.002015673670482008 0.003937500000000005
-0.002410851475297709 -0.001462940588012669 0.003937500000000005
-0.00269857174676483 -0.0008186027898575803 0.003937500000000005
0.00064035506175693 -0.002746333081562081 0.004331250000000004
-6.151797579746774e-05 -0.002819328916365343 0.004331250000000004
-0.0007595389521481011 -0.002715787285515889 0.004331250000000004
-0.001410000000000003 -0.002442191638672115 0.004331250000000004
-0.001972171304457498 -0.002015673670482008 0.004331250000000004
-0.00241085147529771 -0.001462940588012668 0.004331250000000004
-0.00269857174676483 -0.0008186027898575803 0.004331250000000004
0.0006403550617569293 -0.002746333081562081 0.004725000000000004
-6.151797579746712e-05 -0.002819328916365343 0.004725000000000004
-0.0007595389521481011 -0.002715787285515889 0.004725000000000004
-0.001410000000000003 -0.002442191638672115 0.004725000000000004
-0.001972171304457498 -0.002015673670482008 0.004725000000000004
-0.00241085147529771 -0.001462940588012668 0.004725000000000004
-0.00269857174676483 -0.0008186027898575813 0.004725000000000004
0.0006403550617569293 -0.002746333081562081 0.005118750000000003
-6.151797579746712e-05 -0.002819328916365343 0.005118750000000003
-0.0007595389521481004 -0.002715787285515889 0.005118750000000003
-0.001410000000000003 -0.002442191638672115 0.005118750000000003
-0.001972171304457498 -0.002015673670482008 0.005118750000000003
-0.002410851475297709 -0.001462940588012669 0.005118750000000002
-0.00269857174676483 -0.0008186027898575803 0.005118750000000003
0.0006403550617569293 -0.002746333081562081 0.005512500000000003
-6.151797579746712e-05 -0.002819328916365343 0.005512500000000002
-0.0007595389521481004 -0.002715787285515889 0.005512500000000002
-0.001410000000000003 -0.002442191638672115 0.005512500000000002
-0.001972171304457498 -0.002015673670482008 0.005512500000000002
-0.002410851475297709 -0.001462940588012669 0.005512500000000003
-0.00269857174676483 -0.0008186027898575803 0.005512500000000003
0.0006403550617569293 -0.002746333081562081 0.005906250000000002
-6.151797579746712e-05 -0.002819328916365343 0.005906250000000001
-0.0007595389521481011 -0.002715787285515889 0.005906250000000001
-0.001410000000000003 -0.002442191638672115 0.005906250000000001
-0.001972171304457498 -0.002015673670482008 0.005906250000000002
-0.002410851475297709 -0.001462940588012669 0.005906250000000001
-0.00269857174676483 -0.0008186027898575813 0.005906250000000001
2 18 0 0
2 19 0 22
964
965
966
967
968
969
970
971
972
973
974
975
976
977
978
979
980
981
982
983
984
985
0.01133624394374168 -0.009822910630153368 0.003149647395081672
-0.0148473215568398 -0.002134723070517634 0.003149647395081672
0.01361965119189802 -0.006285308378355906 0.003155933828867419
-0.01484732163805341 0.002134722505664625 0.003152320249720672
-0.01364447965195459 0.006231225804558608 0.003147873764040397
-5.015231324477714e-10 -0.01499999999999999 0.003150352604918325
-0.01364447967546749 -0.006231225753072546 0.003152342180641599
0.004225987871413513 0.01439239474551285 0.003149647395081672
-0.008109612261833961 -0.01261880299246772 0.003153702284463713
2.307601535111762e-11 0.015 0.003147659603657274
-0.004225989001092571 0.01439239441380914 0.003152124024912189
-0.004225988330480165 -0.01439239461071873 0.003152340396342716
-0.011336243607875 -0.009822911017764197 0.003152397235058575
0.004225988771469327 -0.01439239448123262 0.003152419575879572
0.01133624361531387 0.009822911009179282 0.003152787196191976
0.01361965120778205 0.006285308343936742 0.003144202481749862
0.008109612183693575 0.0126188030426855 0.003151730836351046
-0.008109612888068336 0.0126188025900113 0.003147852228799923
0.008109612351489914 -0.01261880293484934 0.003151716133170695
-0.01133624361746653 0.009822911006694985 0.00314819559516852
0.01465841599378341 -0.003182898137420476 0.003270640220646824
0.01465841599378341 0.003182898137420479 0.003029359779353177
2 20 0 239
986
987
988
989
990
991
992
993
994
995
996
997
998
999
1000
1001
1002
1003
1004
1005
1006
1007
1008
1009
1010
1011
1012
1013
1014
1015
1016
1017
1018
1019
1020
1021
1022
1023
1024
1025
1026
1027
1028
1029
1030
1031
1032
1033
1034
1035
1036
1037
1038
1039
1040
1041
1042
1043
1044
1045
1046
1047
1048
1049
1050
1051
1052
1053
1054
1055
1056
1057
1058
1059
1060
1061
1062
1063
1064
1065
1066
1067
1068
1069
1070
1071
1072
1073
1074
1075
1076
1077
1078
1079
1080
1081
1082
1083
1084
1085
1086
1087
1088
1089
1090
1091
1092
1093
1094
1095
1096
1097
1098
1099
1100
1101
1102
1103
1104
1105
1106
1107
1108
1109
1110
1111
1112
1113
1114
1115
1116
1117
1118
1119
1120
1121
1122
1123
1124
1125
1126
1127
1128
1129
1130
1131
1132
1133
1134
1135
1136
1137
1138
1139
1140
1141
1142
1143
1144
1145
1146
1147
1148
1149
1150
1151
1152
1153
1154
1155
1156
1157
1158
1159
1160
1161
1162
1163
1164
1165
1166
1167
1168
1169
1170
1171
1172
1173
1174
1175
1176
1177
1178
1179
1180
1181
1182
1183
1184
1185
1186
1187
1188
1189
1190
1191
1192
1193
1194
1195
1196
1197
1198
1199
1200
1201
1202
1203
1204
1205
1206
1207
1208
1209
1210
1211
1212
1213
1214
1215
1216
1217
1218
1219
1220
1221
1222
1223
1224
-0.002300627058209631 -0.0004209025352162462 0.0063
0.001255490177840978 0.002141690958298817 0.0063
0.001255878409665258 -0.002175245213669029 0.0063
0.001616807701975561 -0.00280039308589036 0.0063
0.001670804931094076 0.002753171009400702 0.0063
-0.0007806883939311653 0.002028680675262681 0.0063
0.002236473650839311 0.0002538532017781637 0.0063
-0.003269287985791855 -2.365043180746283e-05 0.0063
-0.003324710941391544 0.001532649755764353 0.0063
-0.003260533113761632 -0.001483674046663506 0.0063
0.003523108148090197 -0.0004793056214360606 0.0063
0.003506276773981606 0.001295762050974796 0.0063
-0.002133527042456582 -0.002812091799186665 0.0063
-0.002141862301677728 0.002843105799478776 0.0063
0.002909371456826222 -0.002057040030670519 0.0063
0.0003141865064457372 0.003557253864909799 0.0063
0.0003460942806436259 -0.003567972092428044 0.0063
-0.0003208587813078865 -0.00216305420304655 0.0063
0.001768991101476851 -0.001362021792175218 0.0063
0.006337450442269481 -0.01004718128534284 0.0063
0.006198526803180997 0.009596948919399084 0.0063
-0.001996698709210434 0.0008915986246608467 0.0063
-0.002880038940169687 0.0108305124638161 0.0063
-0.003531825593561102 -0.01087447037921005 0.0063
-0.01141663822756191 0.002152665604056389 0.0063
0.01103638403264141 0.001586792468086547 0.0063
-0.008658648280223637 -0.00740840126504542 0.0063
-0.008638450495168192 0.007677062265021023 0.0063
0.01014228183421993 -0.004631824915513442 0.0063
-0.001788094045708771 -0.00137570242266731 0.0063
0.001858073829248811 0.001345539616989832 0.0063
0.000234749055158698 0.002227252616584034 0.0063
-0.0005192926365363167 -0.003496645908408992 0.0063
-0.0001111117303252004 -0.004337060663981897 0.0063
0.001086853144452671 -0.004267377215024287 0.0063
0.0003934674095248078 -0.005407735452261539 0.0063
-0.000999121880684259 -0.005302533310070436 0.0063
0.001659060335677723 -0.005420411293391259 0.0063
0.00100247339937195 -0.006847928247322456 0.0063
0.002381088889859355 -0.00435357217503162 0.0063
0.00312490625358168 -0.005469425517732923 0.0063
0.003749189906760929 -0.004036758429848648 0.0063
0.004804722572264571 -0.005499739720780357 0.0063
0.005457716611953259 -0.003924992207719411 0.0063
0.007141353804981981 -0.005374053856160002 0.0063
-0.001423010468616569 0.00328459423016601 0.0063
-0.002176662389923182 0.003831944157251359 0.0063
-0.003101802487822028 0.003249490915995895 0.0063
-0.003162413376054314 0.004486235636865046 0.0063
-0.001971274080457291 0.005113363096778266 0.0063
-0.00441913200610383 0.003895519688571512 0.0063
-0.003214483211355509 0.006008175020654932 0.0063
-0.001692960872538206 0.006741873990977306 0.0063
-0.0001739514952815548 0.005420796555911342 0.0063
1.82378476569422e-05 0.007468221765001676 0.0063
0.001617589783750173 0.006442496101972083 0.0063
0.001877830338027953 0.008272115422176962 0.0063
-0.002764879950340333 -0.002194364780102082 0.0063
-0.003689710007313106 -0.002259407029966633 0.0063
-0.004238592347565159 -0.00118708133393091 0.0063
-0.004913112583481089 -0.002452383872621373 0.0063
-0.004097044722989917 -0.003474711634375313 0.0063
-0.005523348083492522 -0.001282885314551505 0.0063
-0.006724448946430836 -0.002719572244185143 0.0063
-0.00493637627877586 4.794557017793884e-05 0.0063
-0.006364331255486366 3.959781702347283e-05 0.0063
-0.005474601778264867 0.00143758430418361 0.0063
-0.007228020262678979 0.001563713799355815 0.0063
-0.008202775369418894 -0.0003171943363598381 0.0063
0.003642427515160156 0.0003477508075246954 0.0063
0.004421374409064495 -0.0001984582941545805 0.0063
0.004587411130090881 0.0008682760672869066 0.0063
0.004400742657350282 0.00214526040701819 0.0063
0.005668767761935938 0.0001090749873387498 0.0063
0.004282286907136151 -0.001181894912298331 0.0063
0.005839458022269613 0.001512651906583239 0.0063
0.005621341838159866 0.003142810068471229 0.0063
0.004030050549733316 0.003643585026454723 0.0063
0.004998697113717216 0.004985332569722256 0.0063
0.007237551078394669 0.004389548707646206 0.0063
0.007174119505616104 0.0005474079792682813 0.0063
0.006749144838708653 -0.001177161788922196 0.0063
0.008936489162193766 -0.0007901183587900716 0.0063
-0.001369516265632699 -0.003256423144454669 0.0063
-0.002174060637468133 -0.003762062702253667 0.0063
0.003900345057392123 -0.007005616304393707 0.0063
0.001165125497889914 -0.003468020176174522 0.0063
0.001137060731065569 0.003497468633862553 0.0063
0.0007073956947460629 0.004355227173932183 0.0063
0.001846641052453752 0.004246276198140846 0.0063
0.002512638456452087 -0.002745758646460709 0.0063
-0.003586627463011409 -0.0007244953137494272 0.0063
-0.00358662746301141 0.0007244953137494282 0.0063
0.004035058713416748 0.00718156050883708 0.0063
0.002954137526152878 0.002518145933176552 0.0063
6.201551648144974e-05 0.009792482921990777 0.0063
0.007631431757365798 -0.003105341016928608 0.0063
0.008729426444699141 -0.007688671417749173 0.0063
-0.0005619224899875721 0.003498553580621743 0.0063
0.002121559545446205 0.002556565496962024 0.0063
0.001964335638525678 0.003223405548997868 0.0063
-0.004196768442537219 0.002414599549417452 0.0063
0.002155296823207944 0.01098078827765983 0.0063
-0.006108974305630747 0.003114815501809554 0.0063
-0.008764673244838388 0.003150320246121245 0.0063
-0.005575971089838309 0.004885556477033656 0.0063
-0.01099090867722449 -0.001253995281150643 0.0063
-0.002883932215481892 0.002273635899116769 0.0063
0.01150604931522168 -0.001784370488027035 0.0063
-0.003311933901256818 0.008052585158723553 0.0063
-0.005755524143498196 0.009481052786226699 0.0063
0.006671903634614755 0.006729583961538804 0.0063
0.009080650285624813 0.005825595671967849 0.0063
-0.01060189318677748 0.005108464570144079 0.0063
-0.002306140934424441 0.0003936780860557867 0.0063
-0.001675481680882367 0.0003851387920853498 0.0063
-0.001321657991892421 0.0009077748380173409 0.0063
-0.001023020763187537 0.0003497055859458779 0.0063
-0.0006847218032181598 0.0008747435835798047 0.0063
-0.0003953191099134079 0.0003371963445344114 0.0063
-8.120869136810865e-05 0.0008528459939916483 0.0063
0.0002040171914029195 0.0003271366456351084 0.0063
-9.73005875502648e-05 -0.0001894964993698926 0.0063
0.0004948756279796241 -0.0001931170761917532 0.0063
0.0001963670789539514 -0.0007093614753982162 0.0063
0.0007877856639335753 0.0003155985498086998 0.0063
0.001068872998562273 -0.0001900815125378614 0.0063
-0.0003969926232758857 -0.0007079431405997883 0.0063
-0.001334368086321772 -0.00015633277428894 0.0063
-9.880706324645884e-05 -0.001205922349284267 0.0063
0.000501997837042601 -0.001219132704039425 0.0063
-0.0006778955729288222 -0.001184170846568275 0.0063
0.00133001316213175 0.0003142923188706648 0.0063
0.00105497913627355 0.0008197545355085385 0.0063
0.001713863163350687 -0.0001205267533940372 0.0063
0.001361067611072451 -0.0006645646768811583 0.0063
-0.0003430589733703544 0.00146300904143971 0.0063
0.000263686621956081 0.00133785257398239 0.0063
0.001802774786539011 -0.0007465569363731819 0.0063
0.001183317490519452 -0.001227024726523258 0.0063
0.0001471625344536394 -0.001787615899299494 0.0063
0.0007507652954960443 -0.001690259614172504 0.0063
0.0008010831073550584 -0.0007005470285952784 0.0063
0.0005033217601254152 0.0008328596375389525 0.0063
0.0007801898046654855 0.001315547794411127 0.0063
0.001247218882687993 -0.001699021326398319 0.0063
-0.0007066448733974338 -0.0001790532436060921 0.0063
0.001587759766728305 0.0008284154876447741 0.0063
-0.01094177003999738 -0.004856622166239296 0.0063
-0.001009295583440484 0.00145386950035958 0.0063
-0.006517821740609071 -0.009703500901342406 0.0063
-0.004413176024890821 -0.007601586188125582 0.0063
-0.001858254157916821 -0.008355169952727635 0.0063
-0.0002649527379897485 -0.01077960358176629 0.0063
-0.006287375219499807 -0.005647221840648759 0.0063
0.003193276227542331 -0.01148116626376599 0.0063
0.001567291989455749 0.001760538346723919 0.0063
0.001303082683081721 0.001320180695182081 0.0063
0.001048471022232361 0.001745727728277691 0.0063
0.0007948241671216303 0.002170224222255583 0.0063
0.0005634761698961056 0.001786207932943942 0.0063
-0.001675801838278562 0.001446186229670789 0.0063
0.003361225749341739 -0.002899237630465462 0.0063
-0.0002883626174277079 0.001943982860889788 0.0063
-0.0009871697666591055 -0.000697058148039339 0.0063
-0.008727018037519756 -0.002490398115079065 0.0063
-0.002470998397955803 -3.889207022922184e-06 0.0063
0.0005578621014058269 -0.002172749278796877 0.0063
0.002108948841107888 0.0008101601513983826 0.0063
-0.002264222488873423 -0.006312865204703412 0.0063
0.002977047166814473 0.005160931717197479 0.0063
0.002026640559129815 -0.008551280873455648 0.0063
-0.005159567889289791 0.006749527957221923 0.0063
0.002242521152995751 -0.0003926036411021719 0.0063
0.005362724931824821 -0.002187786488889578 0.0063
-0.001171931652258144 -0.004190327660872495 0.0063
-0.002242158678732871 -0.004879910259972757 0.0063
-0.003949639080782105 -0.005167349538801352 0.0063
0.007473670074878694 0.002391497854161306 0.0063
-0.001684859571415254 -0.0006841189467488612 0.0063
0.003310391085307287 -0.001318317222849051 0.0063
-0.003012893943290061 -0.003120714533010775 0.0063
0.001851442775298351 -0.003336076235487749 0.0063
-0.004254539158145281 0.001014402949161744 0.0063
0.008480937813354092 0.008398517391660355 0.0063
0.00158655541120022 -0.001924470645106032 0.0063
0.0009375643496949386 -0.002325178428738847 0.0063
0.003946472288861366 -0.002106153350334252 0.0063
-0.003796987370791426 -2.447232588921108e-05 0.0063
-0.0009044633305525321 -0.002150319906481391 0.0063
0.002783749741518685 0.00391460919176038 0.0063
-0.001410000000000002 -0.001858448174290666 0.0063
-0.001060172986588139 0.004235086107426882 0.0063
-0.0004685853331353656 -0.001691341539624736 0.0063
-0.0001548929541330932 0.00421338345656039 0.0063
0.004432694154329344 -0.003002624503166107 0.0063
-0.00216283599976137 -0.0009552676746562614 0.0063
-0.001541742986961026 0.00858021484700195 0.0063
0.001328948922774098 -0.003007656381984571 0.0063
0.002784362614795241 -0.003500989630506788 0.0063
0.001273688575683906 0.003007681018960491 0.0063
-0.003246125123215792 -0.0004131478444042551 0.0063
0.002351790017930458 -0.006653105337297944 0.0063
-0.000132545320096062 0.01225968538397894 0.0063
0.008885735789274872 0.001367609515609024 0.0063
0.009249929887550506 0.003458294372193827 0.0063
-0.008042632430669407 -0.004609897694710183 0.0063
-0.007108384338469675 -0.001354090438630416 0.0063
-0.001242915462002714 -0.001223826790017377 0.0063
0.003798660034118948 0.009442094698105724 0.0063
-0.004274347080117947 0.005123612813215775 0.0063
0.0001025882348827046 0.001754852715214386 0.0063
0.01178558806448858 0.005188722015692031 0.0063
0.005847728709840395 -0.007414203402882265 0.0063
-0.001962079288201544 -8.107109752263885e-05 0.0063
-0.009109920183011275 0.001460120376342231 0.0063
0.004261088199234829 -0.008899889625968089 0.0063
-0.007474921701923818 0.00511429116955858 0.0063
0.002004666717523615 -0.00257314380575657 0.0063
-0.005669042163975527 -0.004011856137557021 0.0063
0.00133216397069502 0.00516989555833625 0.0063
0.0009982001240105844 0.002389904702919766 0.0063
0.001599045936960666 0.002052080868479893 0.0063
-0.0006161937042627172 -0.00670545917364391 0.0063
-0.003272995556709057 0.0003760098662097837 0.0063
0.005296859769734012 -0.0009272452993851874 0.0063
-0.003218141299172295 -0.00422164925218029 0.0063
3.616083521954232e-05 -0.008069352292469884 0.0063
-0.0009525166517684913 -0.001647765548459958 0.0063
-0.001369591424021541 0.001877320342889436 0.0063
0.009546829657480932 -0.002597105144674505 0.0063
0.002188425267141741 -0.0009488914000310455 0.0063
-0.0002867130562362946 0.002356971162628365 0.0063
0.001767306092130136 0.0003766506585909726 0.0063
0.0009498578077900121 -0.002012490772355115 0.0063
-0.006469255316305833 -0.007590177548790541 0.0063
0.00456444119777099 0.01131527088106344 0.0063
0.001510396506712472 -0.001011261481218623 0.0063
0.0001385140423253059 -0.002360028723094942 0.0063
2 21 0 239
1225
1226
1227
1228
1229
1230
1231
1232
1233
1234
1235
1236
1237
1238
1239
1240
1241
1242
1243
1244
1245
1246
1247
1248
1249
1250
1251
1252
1253
1254
1255
1256
1257
1258
1259
1260
1261
1262
1263
1264
1265
1266
1267
1268
1269
1270
1271
1272
1273
1274
1275
1276
1277
1278
1279
1280
1281
1282
1283
1284
1285
1286
1287
1288
1289
1290
1291
1292
1293
1294
1295
1296
1297
1298
1299
1300
1301
1302
1303
1304
1305
1306
1307
1308
1309
1310
1311
1312
1313
1314
1315
1316
1317
1318
1319
1320
1321
1322
1323
1324
1325
1326
1327
1328
1329
1330
1331
1332
1333
1334
1335
1336
1337
1338
1339
1340
1341
1342
1343
1344
1345
1346
1347
1348
1349
1350
1351
1352
1353
1354
1355
1356
1357
1358
1359
1360
1361
1362
1363
1364
1365
1366
1367
1368
1369
1370
1371
1372
1373
1374
1375
1376
1377
1378
1379
1380
1381
1382
1383
1384
1385
1386
1387
1388
1389
1390
1391
1392
1393
1394
1395
1396
1397
1398
1399
1400
1401
1402
1403
1404
1405
1406
1407
1408
1409
1410
1411
1412
1413
1414
1415
1416
1417
1418
1419
1420
1421
1422
1423
1424
1425
1426
1427
1428
1429
1430
1431
1432
1433
1434
1435
1436
1437
1438
1439
1440
1441
1442
1443
1444
1445
1446
1447
1448
1449
1450
1451
1452
1453
1454
1455
1456
1457
1458
1459
1460
1461
1462
1463
-0.002300627058209631 -0.0004209025352162462 0
0.001255490177840978 0.002141690958298817 0
0.001255878409665258 -0.002175245213669029 0
0.001616807701975561 -0.00280039308589036 0
0.001670804931094076 0.002753171009400702 0
-0.0007806883939311653 0.002028680675262681 0
0.002236473650839311 0.0002538532017781637 0
-0.003269287985791855 -2.365043180746283e-05 0
-0.003324710941391544 0.001532649755764353 0
-0.003260533113761632 -0.001483674046663506 0
0.003523108148090197 -0.0004793056214360606 0
0.003506276773981606 0.001295762050974796 0
-0.002133527042456582 -0.002812091799186665 0
-0.002141862301677728 0.002843105799478776 0
0.002909371456826222 -0.002057040030670519 0
0.0003141865064457372 0.003557253864909799 0
0.0003460942806436259 -0.003567972092428044 0
-0.0003208587813078865 -0.00216305420304655 0
0.001768991101476851 -0.001362021792175218 0
0.006337450442269481 -0.01004718128534284 0
0.006198526803180997 0.009596948919399084 0
-0.001996698709210434 0.0008915986246608467 0
-0.002880038940169687 0.0108305124638161 0
-0.003531825593561102 -0.01087447037921005 0
-0.01141663822756191 0.002152665604056389 0
0.01103638403264141 0.001586792468086547 0
-0.008658648280223637 -0.00740840126504542 0
-0.008638450495168192 0.007677062265021023 0
0.01014228183421993 -0.004631824915513442 0
-0.001788094045708771 -0.00137570242266731 0
0.001858073829248811 0.001345539616989832 0
0.000234749055158698 0.002227252616584034 0
-0.0005192926365363167 -0.003496645908408992 0
-0.0001111117303252004 -0.004337060663981897 0
0.001086853144452671 -0.004267377215024287 0
0.0003934674095248078 -0.005407735452261539 0
-0.000999121880684259 -0.005302533310070436 0
0.001659060335677723 -0.005420411293391259 0
0.00100247339937195 -0.006847928247322456 0
0.002381088889859355 -0.00435357217503162 0
0.00312490625358168 -0.005469425517732923 0
0.003749189906760929 -0.004036758429848648 0
0.004804722572264571 -0.005499739720780357 0
0.005457716611953259 -0.003924992207719411 0
0.007141353804981981 -0.005374053856160002 0
-0.001423010468616569 0.00328459423016601 0
-0.002176662389923182 0.003831944157251359 0
-0.003101802487822028 0.003249490915995895 0
-0.003162413376054314 0.004486235636865046 0
-0.001971274080457291 0.005113363096778266 0
-0.00441913200610383 0.003895519688571512 0
-0.003214483211355509 0.006008175020654932 0
-0.001692960872538206 0.006741873990977306 0
-0.0001739514952815548 0.005420796555911342 0
1.82378476569422e-05 0.007468221765001676 0
0.001617589783750173 0.006442496101972083 0
0.001877830338027953 0.008272115422176962 0
-0.002764879950340333 -0.002194364780102082 0
-0.003689710007313106 -0.002259407029966633 0
-0.004238592347565159 -0.00118708133393091 0
-0.004913112583481089 -0.002452383872621373 0
-0.004097044722989917 -0.003474711634375313 0
-0.005523348083492522 -0.001282885314551505 0
-0.006724448946430836 -0.002719572244185143 0
-0.00493637627877586 4.794557017793884e-05 0
-0.006364331255486366 3.959781702347283e-05 0
-0.005474601778264867 0.00143758430418361 0
-0.007228020262678979 0.001563713799355815 0
-0.008202775369418894 -0.0003171943363598381 0
0.003642427515160156 0.0003477508075246954 0
0.004421374409064495 -0.0001984582941545805 0
0.004587411130090881 0.0008682760672869066 0
0.004400742657350282 0.00214526040701819 0
0.005668767761935938 0.0001090749873387498 0
0.004282286907136151 -0.001181894912298331 0
0.005839458022269613 0.001512651906583239 0
0.005621341838159866 0.003142810068471229 0
0.004030050549733316 0.003643585026454723 0
0.004998697113717216 0.004985332569722256 0
0.007237551078394669 0.004389548707646206 0
0.007174119505616104 0.0005474079792682813 0
0.006749144838708653 -0.001177161788922196 0
0.008936489162193766 -0.0007901183587900716 0
-0.001369516265632699 -0.003256423144454669 0
-0.002174060637468133 -0.003762062702253667 0
0.003900345057392123 -0.007005616304393707 0
0.001165125497889914 -0.003468020176174522 0
0.001137060731065569 0.003497468633862553 0
0.0007073956947460629 0.004355227173932183 0
0.001846641052453752 0.004246276198140846 0
0.002512638456452087 -0.002745758646460709 0
-0.003586627463011409 -0.0007244953137494272 0
-0.00358662746301141 0.0007244953137494282 0
0.004035058713416748 0.00718156050883708 0
0.002954137526152878 0.002518145933176552 0
6.201551648144974e-05 0.009792482921990777 0
0.007631431757365798 -0.003105341016928608 0
0.008729426444699141 -0.007688671417749173 0
-0.0005619224899875721 0.003498553580621743 0
0.002121559545446205 0.002556565496962024 0
0.001964335638525678 0.003223405548997868 0
-0.004196768442537219 0.002414599549417452 0
0.002155296823207944 0.01098078827765983 0
-0.006108974305630747 0.003114815501809554 0
-0.008764673244838388 0.003150320246121245 0
-0.005575971089838309 0.004885556477033656 0
-0.01099090867722449 -0.001253995281150643 0
-0.002883932215481892 0.002273635899116769 0
0.01150604931522168 -0.001784370488027035 0
-0.003311933901256818 0.008052585158723553 0
-0.005755524143498196 0.009481052786226699 0
0.006671903634614755 0.006729583961538804 0
0.009080650285624813 0.005825595671967849 0
-0.01060189318677748 0.005108464570144079 0
-0.002306140934424441 0.0003936780860557867 0
-0.001675481680882367 0.0003851387920853498 0
-0.001321657991892421 0.0009077748380173409 0
-0.001023020763187537 0.0003497055859458779 0
-0.0006847218032181598 0.0008747435835798047 0
-0.0003953191099134079 0.0003371963445344114 0
-8.120869136810865e-05 0.0008528459939916483 0
0.0002040171914029195 0.0003271366456351084 0
-9.73005875502648e-05 -0.0001894964993698926 0
0.0004948756279796241 -0.0001931170761917532 0
0.0001963670789539514 -0.0007093614753982162 0
0.0007877856639335753 0.0003155985498086998 0
0.001068872998562273 -0.0001900815125378614 0
-0.0003969926232758857 -0.0007079431405997883 0
-0.001334368086321772 -0.00015633277428894 0
-9.880706324645884e-05 -0.001205922349284267 0
0.000501997837042601 -0.001219132704039425 0
-0.0006778955729288222 -0.001184170846568275 0
0.00133001316213175 0.0003142923188706648 0
0.00105497913627355 0.0008197545355085385 0
0.001713863163350687 -0.0001205267533940372 0
0.001361067611072451 -0.0006645646768811583 0
-0.0003430589733703544 0.00146300904143971 0
0.000263686621956081 0.00133785257398239 0
0.001802774786539011 -0.0007465569363731819 0
0.001183317490519452 -0.001227024726523258 0
0.0001471625344536394 -0.001787615899299494 0
0.0007507652954960443 -0.001690259614172504 0
0.0008010831073550584 -0.0007005470285952784 0
0.0005033217601254152 0.0008328596375389525 0
0.0007801898046654855 0.001315547794411127 0
0.001247218882687993 -0.001699021326398319 0
-0.0007066448733974338 -0.0001790532436060921 0
0.001587759766728305 0.0008284154876447741 0
-0.01094177003999738 -0.004856622166239296 0
-0.001009295583440484 0.00145386950035958 0
-0.006517821740609071 -0.009703500901342406 0
-0.004413176024890821 -0.007601586188125582 0
-0.001858254157916821 -0.008355169952727635 0
-0.0002649527379897485 -0.01077960358176629 0
-0.006287375219499807 -0.005647221840648759 0
0.003193276227542331 -0.01148116626376599 0
0.001567291989455749 0.001760538346723919 0
0.001303082683081721 0.001320180695182081 0
0.001048471022232361 0.001745727728277691 0
0.0007948241671216303 0.002170224222255583 0
0.0005634761698961056 0.001786207932943942 0
-0.001675801838278562 0.001446186229670789 0
0.003361225749341739 -0.002899237630465462 0
-0.0002883626174277079 0.001943982860889788 0
-0.0009871697666591055 -0.000697058148039339 0
-0.008727018037519756 -0.002490398115079065 0
-0.002470998397955803 -3.889207022922184e-06 0
0.0005578621014058269 -0.002172749278796877 0
0.002108948841107888 0.0008101601513983826 0
-0.002264222488873423 -0.006312865204703412 0
0.002977047166814473 0.005160931717197479 0
0.002026640559129815 -0.008551280873455648 0
-0.005159567889289791 0.006749527957221923 0
0.002242521152995751 -0.0003926036411021719 0
0.005362724931824821 -0.002187786488889578 0
-0.001171931652258144 -0.004190327660872495 0
-0.002242158678732871 -0.004879910259972757 0
-0.003949639080782105 -0.005167349538801352 0
0.007473670074878694 0.002391497854161306 0
-0.001684859571415254 -0.0006841189467488612 0
0.003310391085307287 -0.001318317222849051 0
-0.003012893943290061 -0.003120714533010775 0
0.001851442775298351 -0.003336076235487749 0
-0.004254539158145281 0.001014402949161744 0
0.008480937813354092 0.008398517391660355 0
0.00158655541120022 -0.001924470645106032 0
0.0009375643496949386 -0.002325178428738847 0
0.003946472288861366 -0.002106153350334252 0
-0.003796987370791426 -2.447232588921108e-05 0
-0.0009044633305525321 -0.002150319906481391 0
0.002783749741518685 0.00391460919176038 0
-0.001410000000000002 -0.001858448174290666 0
-0.001060172986588139 0.004235086107426882 0
-0.0004685853331353656 -0.001691341539624736 0
-0.0001548929541330932 0.00421338345656039 0
0.004432694154329344 -0.003002624503166107 0
-0.00216283599976137 -0.0009552676746562614 0
-0.001541742986961026 0.00858021484700195 0
0.001328948922774098 -0.003007656381984571 0
0.002784362614795241 -0.003500989630506788 0
0.001273688575683906 0.003007681018960491 0
-0.003246125123215792 -0.0004131478444042551 0
0.002351790017930458 -0.006653105337297944 0
-0.000132545320096062 0.01225968538397894 0
0.008885735789274872 0.001367609515609024 0
0.009249929887550506 0.003458294372193827 0
-0.008042632430669407 -0.004609897694710183 0
-0.007108384338469675 -0.001354090438630416 0
-0.001242915462002714 -0.001223826790017377 0
0.003798660034118948 0.009442094698105724 0
-0.004274347080117947 0.005123612813215775 0
0.0001025882348827046 0.001754852715214386 0
0.01178558806448858 0.005188722015692031 0
0.005847728709840395 -0.007414203402882265 0
-0.001962079288201544 -8.107109752263885e-05 0
-0.009109920183011275 0.001460120376342231 0
0.004261088199234829 -0.008899889625968089 0
-0.007474921701923818 0.00511429116955858 0
0.002004666717523615 -0.00257314380575657 0
-0.005669042163975527 -0.004011856137557021 0
0.00133216397069502 0.00516989555833625 0
0.0009982001240105844 0.002389904702919766 0
0.001599045936960666 0.002052080868479893 0
-0.0006161937042627172 -0.00670545917364391 0
-0.003272995556709057 0.0003760098662097837 0
0.005296859769734012 -0.0009272452993851874 0
-0.003218141299172295 -0.00422164925218029 0
3.616083521954232e-05 -0.008069352292469884 0
-0.0009525166517684913 -0.001647765548459958 0
-0.001369591424021541 0.001877320342889436 0
0.009546829657480932 -0.002597105144674505 0
0.002188425267141741 -0.0009488914000310455 0
-0.0002867130562362946 0.002356971162628365 0
0.001767306092130136 0.0003766506585909726 0
0.0009498578077900121 -0.002012490772355115 0
-0.006469255316305833 -0.007590177548790541 0
0.00456444119777099 0.01131527088106344 0
0.001510396506712472 -0.001011261481218623 0
0.0001385140423253059 -0.002360028723094942 0
2 40 0 0
2 42 0 0
2 44 0 0
3 1 0 0
3 2 0 0
3 3 0 0
3 4 0 1108
1464
1465
1466
1467
1468
1469
1470
1471
1472
1473
1474
1475
1476
1477
1478
1479
1480
1481
1482
1483
1484
1485
1486
1487
1488
1489
1490
1491
1492
1493
1494
1495
1496
1497
1498
1499
1500
1501
1502
1503
1504
1505
1506
1507
1508
1509
1510
1511
1512
1513
1514
1515
1516
1517
1518
1519
1520
1521
1522
1523
1524
1525
1526
1527
1528
1529
1530
1531
1532
1533
1534
1535
1536
1537
1538
1539
1540
1541
1542
1543
1544
1545
1546
1547
1548
1549
1550
1551
1552
1553
1554
1555
1556
1557
1558
1559
1560
1561
1562
1563
1564
1565
1566
1567
1568
1569
1570
1571
1572
1573
1574
1575
1576
1577
1578
1579
1580
1581
1582
1583
1584
1585
1586
1587
1588
1589
1590
1591
1592
1593
1594
1595
1596
1597
1598
1599
1600
1601
1602
1603
1604
1605
1606
1607
1608
1609
1610
1611
1612
1613
1614
1615
1616
1617
1618
1619
1620
1621
1622
1623
1624
1625
1626
1627
1628
1629
1630
1631
1632
1633
1634
1635
1636
1637
1638
1639
1640
1641
1642
1643
1644
1645
1646
1647
1648
1649
1650
1651
1652
1653
1654
1655
1656
1657
1658
1659
1660
1661
1662
1663
1664
1665
1666
1667
1668
1669
1670
1671
1672
1673
1674
1675
1676
1677
1678
1679
1680
1681
1682
1683
1684
1685
1686
1687
1688
1689
1690
1691
1692
1693
1694
1695
1696
1697
1698
1699
1700
1701
1702
1703
1704
1705
1706
1707
1708
1709
1710
1711
1712
1713
1714
1715
1716
1717
1718
1719
1720
1721
1722
1723
1724
1725
1726
1727
1728
1729
1730
1731
1732
1733
1734
1735
1736
1737
1738
1739
1740
1741
1742
1743
1744
1745
1746
1747
1748
1749
1750
1751
1752
1753
1754
1755
1756
1757
1758
1759
1760
1761
1762
1763
1764
1765
1766
1767
1768
1769
1770
1771
1772
1773
1774
1775
1776
1777
1778
1779
1780
1781
1782
1783
1784
1785
1786
1787
1788
1789
1790
1791
1792
1793
1794
1795
1796
1797
1798
1799
1800
1801
1802
1803
1804
1805
1806
1807
1808
1809
1810
1811
1812
1813
1814
1815
1816
1817
1818
1819
1820
1821
1822
1823
1824
1825
1826
1827
1828
1829
1830
1831
1832
1833
1834
1835
1836
1837
1838
1839
1840
1841
1842
1843
1844
1845
1846
1847
1848
1849
1850
1851
1852
1853
1854
1855
1856
1857
1858
1859
1860
1861
1862
1863
1864
1865
1866
1867
1868
1869
1870
1871
1872
1873
1874
1875
1876
1877
1878
1879
1880
1881
1882
1883
1884
1885
1886
1887
1888
1889
1890
1891
1892
1893
1894
1895
1896
1897
1898
1899
1900
1901
1902
1903
1904
1905
1906
1907
1908
1909
1910
1911
1912
1913
1914
1915
1916
1917
1918
1919
1920
1921
1922
1923
1924
1925
1926
1927
1928
1929
1930
1931
1932
1933
1934
1935
1936
1937
1938
1939
1940
1941
1942
1943
1944
1945
1946
1947
1948
1949
1950
1951
1952
1953
1954
1955
1956
1957
1958
1959
1960
1961
1962
1963
1964
1965
1966
1967
1968
1969
1970
1971
1972
1973
1974
1975
1976
1977
1978
1979
1980
1981
1982
1983
1984
1985
1986
1987
1988
1989
1990
1991
1992
1993
1994
1995
1996
1997
1998
1999
2000
2001
2002
2003
2004
2005
2006
2007
2008
2009
2010
2011
2012
2013
2014
2015
2016
2017
2018
2019
2020
2021
2022
2023
2024
2025
2026
2027
2028
2029
2030
2031
2032
2033
2034
2035
2036
2037
2038
2039
2040
2041
2042
2043
2044
2045
2046
2047
2048
2049
2050
2051
2052
2053
2054
2055
2056
2057
2058
2059
2060
2061
2062
2063
2064
2065
2066
2067
2068
2069
2070
2071
2072
2073
2074
2075
2076
2077
2078
2079
2080
2081
2082
2083
2084
2085
2086
2087
2088
2089
2090
2091
2092
2093
2094
2095
2096
2097
2098
2099
2100
2101
2102
2103
2104
2105
2106
2107
2108
2109
2110
2111
2112
2113
2114
2115
2116
2117
2118
2119
2120
2121
2122
2123
2124
2125
2126
2127
2128
2129
2130
2131
2132
2133
2134
2135
2136
2137
2138
2139
2140
2141
2142
2143
2144
2145
2146
2147
2148
2149
2150
2151
2152
2153
2154
2155
2156
2157
2158
2159
2160
2161
2162
2163
2164
2165
2166
2167
2168
2169
2170
2171
2172
2173
2174
2175
2176
2177
2178
2179
2180
2181
2182
2183
2184
2185
2186
2187
2188
2189
2190
2191
2192
2193
2194
2195
2196
2197
2198
2199
2200
2201
2202
2203
2204
2205
2206
2207
2208
2209
2210
2211
2212
2213
2214
2215
2216
2217
2218
2219
2220
2221
2222
2223
2224
2225
2226
2227
2228
2229
2230
2231
2232
2233
2234
2235
2236
2237
2238
2239
2240
2241
2242
2243
2244
2245
2246
2247
2248
2249
2250
2251
2252
2253
2254
2255
2256
2257
2258
2259
2260
2261
2262
2263
2264
2265
2266
2267
2268
2269
2270
2271
2272
2273
2274
2275
2276
2277
2278
2279
2280
2281
2282
2283
2284
2285
2286
2287
2288
2289
2290
2291
2292
2293
2294
2295
2296
2297
2298
2299
2300
2301
2302
2303
2304
2305
2306
2307
2308
2309
2310
2311
2312
2313
2314
2315
2316
2317
2318
2319
2320
2321
2322
2323
2324
2325
2326
2327
2328
2329
2330
2331
2332
2333
2334
2335
2336
2337
2338
2339
2340
2341
2342
2343
2344
2345
2346
2347
2348
2349
2350
2351
2352
2353
2354
2355
2356
2357
2358
2359
2360
2361
2362
2363
2364
2365
2366
2367
2368
2369
2370
2371
2372
2373
2374
2375
2376
2377
2378
2379
2380
2381
2382
2383
2384
2385
2386
2387
2388
2389
2390
2391
2392
2393
2394
2395
2396
2397
2398
2399
2400
2401
2402
2403
2404
2405
2406
2407
2408
2409
2410
2411
2412
2413
2414
2415
2416
2417
2418
2419
2420
2421
2422
2423
2424
2425
2426
2427
2428
2429
2430
2431
2432
2433
2434
2435
2436
2437
2438
2439
2440
2441
2442
2443
2444
2445
2446
2447
2448
2449
2450
2451
2452
2453
2454
2455
2456
2457
2458
2459
2460
2461
2462
2463
2464
2465
2466
2467
2468
2469
2470
2471
2472
2473
2474
2475
2476
2477
2478
2479
2480
2481
2482
2483
2484
2485
2486
2487
2488
2489
2490
2491
2492
2493
2494
2495
2496
2497
2498
2499
2500
2501
2502
2503
2504
2505
2506
2507
2508
2509
2510
2511
2512
2513
2514
2515
2516
2517
2518
2519
2520
2521
2522
2523
2524
2525
2526
2527
2528
2529
2530
2531
2532
2533
2534
2535
2536
2537
2538
2539
2540
2541
2542
2543
2544
2545
2546
2547
2548
2549
2550
2551
2552
2553
2554
2555
2556
2557
2558
2559
2560
2561
2562
2563
2564
2565
2566
2567
2568
2569
2570
2571
-0.002851443185004589 4.4029111394539e-06 0.005432531362615608
-0.0007457665934581017 -6.894568789692647e-05 0.002589024079284844
-0.00100637403409866 0.0003000324857193646 0.004026186695821244
0.002943365613358025 -0.005092972913620134 0.00295362227581436
-0.005229739910996812 -1.597913641489476e-05 0.003023712271711532
0.005121056554880165 -0.002987945096019246 0.002958383918871906
0.002801030571115887 0.0041530971683031 0.002695972949719845
-0.0002838031893213908 -0.004727544666130596 0.00296198011265742
0.0007062858806314453 0.001731053941277409 0.001690701935733812
0.0007117533202346726 0.001727981001903048 0.00450671921133662
-0.003487957374663065 0.004153753837136679 0.002898507435695009
-0.004128986608851823 -0.002924731271115944 0.002810764336469464
0.001740483147371169 -0.0005106134936096818 0.002012550689380908
0.001251379281454291 -0.0005165801119348855 0.004629384676543198
-0.002557967411086919 -0.004532566219933608 0.003496554062740648
-0.001039526234757217 0.005549180343210523 0.003024644204513541
0.004804273353284635 -0.0001730203508655585 0.002446016164429944
0.005269226602490793 0.002461128980044775 0.003382278083926099
-0.0009726474465535484 -0.001029575193140491 0.004921794188795597
0.002215077926890545 0.004081922902989296 0.004556558643795621
0.001581244386597096 0.0005698747136305462 0.001237607462194168
-0.001445415961043676 3.794707603699266e-19 0.001378125000000002
0.002348465411667926 -0.004067661412827007 0.004528125000000004
0.003296628853615304 -0.003414690350197589 0.001771875
-0.004621784912871914 -1.061673441409741e-05 0.004555055565828283
-7.886180280232999e-05 -0.001215988200263816 0.001578931222403225
0.0001898195236509531 0.004760808145356898 0.001753082241093261
0.0001937626453168636 0.00478576630722399 0.004528125000000002
0.005203302160063471 -0.0006561766585461143 0.004090705773971383
-0.004010720055457396 0.001703585703105105 0.002639355965402209
0.004070352263360314 0.002950505576258918 0.001815544226028629
0.0004260616505912234 -0.001642858793172454 0.005092894215380239
-0.001599598701573175 2.57564413979209e-05 0.0051327962357587
0.001558488863042956 -0.00421031967775518 0.001421794226028631
-0.00442477743149905 -0.0007553475524643641 0.001421794226028631
0.001554028170930339 0.004198268940516339 0.001421794226028628
-0.003991460240871794 0.003001319835598733 0.003964540168975814
0.004340971046893427 0.0003762497857570333 0.004995385926312589
0.001296786795829072 0.000512452674741748 0.004901026133178127
-0.002830120674298063 -0.003685328076903268 0.001920250961348501
-0.001281565430337935 -0.004103251435156912 0.001674936952601849
-0.002753832324993519 -0.003547798759043078 0.004270494766000495
-0.00351892178701271 -0.002359698947360322 0.001666473442676814
-0.003936685105788534 0.001705536605406992 0.001442824457890892
-0.00399432781621609 0.001625207025336775 0.004838897767565273
-0.003670649244571207 -0.002467154917415169 0.004496235219092495
-0.001244030258176246 -0.004552053368675668 0.004528125000000004
-0.002619830942509835 0.003929312817558642 0.001771875000000002
-0.0008542704916464495 0.001125969812447329 0.001398973866821881
-0.0008542704916464517 0.001125969812447335 0.004901026133178123
0.0005297589946635241 -0.001913131743944572 0.0009683570341411499
0.0005884977660660456 -0.001759420793829091 0.005387726742691711
0.008395814189773284 -0.002077935067624286 0.00315
0.008248693903883384 0.001118743637362291 0.003126213100370845
-0.0008460723066394493 -0.001115164208221258 0.001398973866821877
-0.003310234948535128 0.002715719250764138 0.001498644349144861
-0.003308119031719791 0.002886591516570854 0.004934384730477038
-0.00204809142771461 0.003843146112135292 0.004380654882929704
0.0002808682985592171 -0.004439495745638004 0.004631866328020728
-0.004325320928976422 -0.0012411450034606 0.0033001477651552
0.004555610624763444 0.001212260751182425 0.001771875000000004
0.004207517705283602 -0.002079370526241486 0.004528125000000004
0.002135663970480642 -0.003699078504766752 0.002559375000000003
0.003384668247800417 -0.003015005317516557 0.003346875000000005
0.001875014738919432 0.0002217024893500701 0.0009508170866286049
0.0007499771021649821 -0.00427631929651568 0.002946324394441082
-0.0042711946224386 3.523657060577889e-19 0.002559375000000003
0.003935702700160206 0.001600149283936675 0.004764309448985573
0.003460365080901833 0.003025833250593932 0.003875710248120377
0.004101883503120904 0.00162094584816425 0.00142179422602863
-0.007061053980094728 0.004032625464452197 0.002978586217530398
0.004116333305255142 -0.001495884938663362 0.001757330774431813
0.001894532504913247 -0.0002624934999304599 0.005309252650640142
0.001882118625984608 0.003316075849679788 0.002624881982964332
0.008038132784940857 0.00436208810750606 0.00315
0.001561656474210685 0.001342847150484245 0.0008194355658102062
0.001698298342694213 0.001331420482583289 0.005522128445130184
0.004387493388333396 0.001009554977917166 0.003346875000000004
-0.0002650210964189621 -0.001786627107939309 0.005294776133178122
-0.0002636811073769694 -0.001857101867454966 0.0009950034387662201
-0.001649221751002984 0.0007364375196779087 0.005294776133178123
-0.001649221751002984 0.0007364375196779087 0.001005223866821876
-0.005584520189185447 -0.006693006857336006 0.00315
0.003022977910441303 -0.002948704433610545 0.004855027189513235
0.004377682745140352 -0.004543882111270679 0.004369655385263053
-0.0007052736946317864 0.001679053198143845 0.0009997169754540434
-0.0007021483879206812 0.001669325449520781 0.00529477613317812
0.0003209275278872291 0.001948456004054861 0.0008086626983403048
0.001196066918033515 -0.001436846527155521 0.005279226196602782
0.001388056502355648 -0.001577994416151737 0.001004484740241643
0.0001569190927718809 -0.004292485257041095 0.001378125000000003
0.003088170191440766 0.008446787217781141 0.00315
-0.002506282710340315 -0.003308841725462372 0.001376436267016713
-0.002626069417987441 -0.003461286464836391 0.004878205773971378
-0.002998619554573144 -0.002733854616004659 0.002938112270397278
0.005174550497319107 -0.007416706104498448 0.00315
-0.0007456041729920137 -0.009308822931137588 0.00315
0.0007021198961328041 0.001216107333106998 0.002953125000000004
-0.0005709766345746993 0.003849211806589403 0.005271955773971366
-0.0005709766345746983 0.003849211806589398 0.001028044226028627
-0.001310477706217933 0.004067119665386401 0.002165625000000002
-0.0006391340703242649 -0.004308691915770158 0.004878205773971371
-0.003711768731051483 0.001030145114665844 0.00348554985434827
-0.005856566967015304 0.001513965136997709 0.004263167501984902
0.0004012165877222944 0.003857796898971368 0.001028044226028627
0.0004012165877222915 0.003857796898971359 0.005271955773971383
-0.001836082898639614 -0.001292579302816037 0.0008437728184663801
0.0008276322644255611 0.00214680361630289 0.005353751871517924
-0.003777351666509091 0.007687627336450092 0.00315
0.001747224869471912 -0.0006904527873170894 0.001005223866821877
-0.004037026169867678 -0.00154947161071145 0.004935503928513861
-0.00315191726341366 0.003118979121589196 0.002953125000000004
0.002208597679986801 -0.008017591786083736 0.003321824241084884
0.001337926019193086 -0.003614135779632522 0.005272254175936521
0.001337744742503147 -0.003612985422586255 0.001027499683674804
-0.003487090780505506 -0.0005535627348383463 0.0009378298424316944
-0.00361514563628463 -0.0005781315847686469 0.005438430919466503
-0.001188826074739 -0.001618369296051313 0.005403865633077129
-0.002115651374051311 -0.003731906494699019 0.002953125000000004
0.004104703716112551 -9.870678531138733e-06 0.001463701241670749
-0.003794344996408875 0.0006472671126007565 0.005274092776493071
-0.003776255071989806 0.0006343105519489415 0.001022659661695629
0.00360832331397203 -0.001425905121431929 0.005271955773971371
0.003608323313972031 -0.001425905121431929 0.001028044226028629
0.003853982832292041 -0.0004860170520938225 0.005271955773971371
0.003853982832292037 -0.0004860170520938237 0.001028044226028624
-0.007689936789204914 -0.002292186475823427 0.003528470193490112
0.004633784938403739 0.004113014793433564 0.002978224988725467
-0.002346158841780629 0.003092350791562501 0.005271955773971372
-0.002346158841780629 0.003092350791562501 0.001028044226028627
0.003142499771116587 -0.002277926454065018 0.005271955773971371
0.003142499771116588 -0.002277926454065017 0.001028044226028627
-0.003344358835138564 3.252606517456513e-19 0.005300748024678921
0.0007497655437710654 0.003528239611873549 0.002910363329248946
0.001520252605361302 -0.005941781805351476 0.00186531881146799
-0.001501835520250115 0.003570544770987942 0.001028044226028631
-0.001501835520250115 0.003570544770987938 0.005271955773971372
-0.003535315445610755 -0.001578646980893397 0.001028044226028629
-0.003324814288781004 -0.001596548946261787 0.005267318402057899
0.0004003994034921679 -0.003849939470127931 0.00102804422602863
0.0004003994034921678 -0.003849939470127929 0.005271955773971371
-0.005276220269482565 -0.00164190526196165 0.0043391983278896
0.002043640048290938 -0.006015282933100914 0.004459036252294196
-0.002214683088134764 -0.006697288354518442 0.002414146553207598
0.002354235413334231 -0.002916609990251617 0.001012759382583888
0.002364802181462148 -0.002905295739767098 0.005303676851104
-0.008915863545824234 0.001008755242383009 0.003149999999999999
0.005314124116312067 0.0009162297998689513 0.004257471843794036
-0.001844481635161945 -0.0008340446933610543 0.005329371397962155
0.00198292917303338 -0.003434534075504353 0.003740625000000005
-9.858373407719012e-05 0.0001574377649335501 0.001169850835848924
0.004141015730810167 -0.001268713791275376 0.003346875000000004
-0.0008164207178771753 -0.003922064811139651 0.002970657662855055
-0.0008544164049808898 0.009170999958125866 0.003150000000000001
-0.005394599132593921 -0.001850967931278432 0.002063416835570706
-0.008653488336635026 -0.005440930556007377 0.00315
0.002784785718933504 0.00335577999719099 0.001421794226028631
0.001332256399638081 0.003580588560614514 0.005270260336566935
0.001327027759852284 0.003420572964466628 0.0009718022334861688
-0.003427947435271429 5.591494059394716e-05 0.003645566602062542
0.002723038244916565 0.003225113088004232 0.005140828426397351
0.007490682212959853 -0.005125407989289384 0.00315
-0.001957683513555537 0.003521818860030714 0.003305565632124828
-0.0007340715380822385 0.003609316897759723 0.003432336101301496
0.003721406417506468 0.0004850536472331795 0.00101898136555711
0.003502498628476966 0.0004683943490059598 0.005313228046657049
-0.002074972489694153 -6.961536151745232e-05 0.00411701481272996
-0.00175130774838842 1.451456690437717e-06 0.002927336031100047
0.001834024604016011 -0.001066260916353548 0.005637955236372679
-0.003512431777728791 0.002216824444916074 0.003740625000000005
0.000990860526618938 0.006083285881833655 0.002968464206374562
-0.0022619246609557 1.539632971235549e-05 0.005510082388484508
-0.0007124975613149935 0.000176473968197689 0.005408167307307831
0.01139570159501197 -0.000338058378410989 0.00315
0.00199012308148501 0.003446994290447571 0.003740625000000005
-0.003230159195743729 0.001871397886169482 0.002425243780983222
0.003672651567018481 0.001980092517680954 0.002953125000000004
-0.003512564170543712 0.001568487708758106 0.001028044226028628
-0.003512564170543712 0.001568487708758104 0.005271955773971372
0.0003644518163098674 6.364191702872633e-05 0.005395286859933075
0.0007713662550397272 -0.00133604554497294 0.003740625000000005
0.005760201713129811 0.001155130473911662 0.001912099251701629
0.002931578995912358 0.002822977812566341 0.002563297348847357
0.006451599161441984 0.008165971285831117 0.003252020727366212
0.0020513400100019 0.0005041841879698495 0.005649518606199499
0.004118953575072926 -0.0001138598187273336 0.002953125000000003
0.004110168296907015 -0.004070244308931274 0.002915012696982876
-0.003010161653059403 0.00238903418322895 0.005271955773971368
-0.003010161653059402 0.002389034183228951 0.001028044226028629
0.001036768725648372 -0.003876960083280459 0.004134375000000006
-0.003780813890530455 0.0009805554932551673 0.002129342213787097
-0.003997306685561096 0.003224988244670819 0.001846823187416485
-0.00263624016269302 0.003054495794158298 0.004134375000000003
0.001901481538175459 -0.003293462633774117 0.001771875000000002
-0.003762809284062819 -4.312679650463642e-05 0.001777294671248769
-0.004889861282051782 0.0004873646229945112 0.0015564552065693
-0.006786871121346853 0.001484779995195605 0.001949592345035475
0.003353165279040978 0.00133138681857914 0.005287307938993198
0.003505743730952578 0.001389455581547793 0.001029106396732855
0.003337456528869008 0.002419246163923 0.001815544226028628
-6.143964292920019e-05 0.00214957392853725 0.005680973792758746
-0.003783069439436387 -0.004000946533601836 0.00227050669554062
0.004051607986337359 -0.0002572562961545372 0.004134375000000003
0.006367182062820861 -0.002346209649281367 0.004459722327666311
-0.003454473092315846 0.005235949523137553 0.004504182287683367
-0.0003386340549429045 -0.005819775791988376 0.001377461612898429
-0.00574872027748836 0.006141282767111896 0.003381713210146926
0.01099729151080663 0.002926655482178571 0.003006797788083639
-0.0001006955520902956 -0.0008687881131260154 0.005461155090878995
-0.0036921328183755 -0.00132117588278004 0.002175364024447792
-0.00287039917258155 0.005910269938787524 0.001974895898102075
-0.00370692254322357 -0.0009265821418571853 0.004132092149754427
-0.003423835042928688 -0.00187985177461313 0.003737288893824252
0.0003815642125338604 -0.0008290931794725745 0.0007815844342924525
0.0007809623580646119 -1.915689149994672e-05 0.0008359009487326357
0.007440735467036516 -0.0007233831706392739 0.001902424377245794
-4.937582088601295e-06 -0.003942660299634738 0.004134375000000004
0.00097937036828235 -0.00344698069923099 0.002141839633253287
-0.001363102113747223 -0.006560618223612103 0.004341125133527838
0.004295791650032702 -0.01072411452749837 0.00315
0.0005809228633283545 0.0009921314675193664 0.0006794749327554238
0.003973086151455615 0.004096351644839583 0.004415173952806131
0.001009122455859215 -0.001742118262390575 0.002250562763610067
0.002996713616096943 0.002121744833870022 0.004425808227727834
-0.0033509643107288 -0.00290056783269426 0.003553287678852921
0.001822666852035107 -0.004653478503275472 0.003568112307458696
0.00280780865293974 -0.004582709868949352 0.001446371122186583
0.003586741343827244 -0.006699631784023006 0.001946824010581874
0.001222211900739772 -0.001951898266332745 0.0005359021008209368
0.001193631673452845 -0.001949224759445012 0.005736772584534417
0.002888622953798355 0.002027326256571343 0.005389585267532942
0.003096954763996473 0.002244148663925925 0.001003437932860155
0.001855509796194717 -0.003213837240951025 0.004528125000000004
-0.001071960291848021 -0.001912761093123755 0.0005906250000000008
0.00261403576899819 -0.002793226330894016 0.004134375000000005
-0.002080644644185212 -0.0006491259359378816 0.0005906250000000008
0.001901076707195482 0.003292761445948314 0.001771875000000002
0.002642169243540401 -0.002768995692771835 0.002540547780632084
0.0006812787312156563 0.001082838980599115 0.005551661589693936
-0.003705073168613781 -0.008999864263279327 0.003709552227941604
0.003549683086196489 -0.002002937704952914 0.002559375000000004
-0.003493578096347099 3.177351850828142e-05 0.004506509517841578
-0.002278031509148904 7.319449758168261e-05 0.0005726198082319168
-0.002885312526453278 -0.002727183907384201 0.004134375000000006
-0.00287116335449936 -3.597842407251141e-05 0.0001968750000000003
-0.002808112857885982 4.072336444090282e-06 0.0005906250000000008
-0.00287116335449936 -3.597842407251143e-05 0.0009843750000000013
-0.00287116335449936 -3.597842407251142e-05 0.001378125000000002
-0.00287116335449936 -3.597842407251143e-05 0.001771875000000002
-0.002864143183496696 -8.803128512082561e-06 0.002149759702105342
-0.00287116335449936 -3.597842407251143e-05 0.002559375000000003
-0.00287116335449936 -3.597842407251139e-05 0.002953125000000003
-0.002874665181286106 -4.995891176334187e-05 0.00332213362068966
-0.00287116335449936 -3.597842407251143e-05 0.003740625000000005
-0.002868937663893973 -7.324905356831785e-05 0.004134375000000005
-0.00295955061805115 -6.306709555933605e-05 0.004528125000000004
-0.00287116335449936 -3.597842407251158e-05 0.004921875000000003
-0.002852042733329705 -1.564226635702574e-05 0.00530504155753883
-0.002864731140722881 -3.00763112480986e-05 0.005701937384629745
-0.00287116335449936 -3.597842407251158e-05 0.006103125000000001
-0.002967868490820552 -0.0004797847410322431 0.0001593750000000002
-0.002814255540670977 -0.001262022883997884 0.0001588496990177147
-0.002408650289199127 -0.001911640815200914 0.0001593750000000002
-0.001858641467306617 -0.002449779320267308 0.0001593750000000002
-0.001192428839171855 -0.002835032506668912 0.0001593750000000002
-0.0004514628341743349 -0.003042726507441343 0.0001593750000000003
0.0003143092761108013 -0.003068620541812479 0.0001587942415174443
0.001069718497020038 -0.002896847870631476 0.0001253427530741941
-0.00314064371992664 -0.0005351533607181269 0.0005074853539960942
-0.002931420453837711 -0.001312763801512145 0.0005916001607512229
-0.002393123962392486 -0.001899318245931801 0.0004430817309917171
-0.001846660535509593 -0.002433987872874061 0.000443081730991717
-0.001184799096194496 -0.002816920514653848 0.000443081730991717
-0.0004486348518190753 -0.003023416121701962 0.0004430817309917171
0.000328897536049129 -0.003195157619806469 0.0005916001607512233
0.001089474374067065 -0.002943258373106603 0.0005906250000000009
-0.003039479769438214 -0.0005118978013522922 0.000979633913616138
-0.002867805416420965 -0.001280579465134707 0.0009952839529961076
-0.002593937609202343 -0.002045968835917938 0.0009017738179166425
-0.001976699547531989 -0.002605385578178729 0.0009443826251773507
-0.001400355937737674 -0.003092418765098115 0.0007831310783967746
-0.0004252457612532468 -0.003206070787977408 0.0009245463845796938
0.0003248608983047746 -0.003123618026841619 0.0009952839529961078
0.001088954936105297 -0.002941855090783793 0.0009926929478149781
-0.003020334801102169 -0.0005060840911387309 0.001270065775195037
-0.002867805416420966 -0.001280579465134707 0.001290671773657252
-0.002585060679347601 -0.002008676756131854 0.001380633562377047
-0.00189844999614473 -0.002502286198989462 0.001378154013893556
-0.00121682056296352 -0.002892934838561023 0.001378125000000002
-0.0004605028880899393 -0.003104458302614447 0.001378125000000002
0.0003248608983047746 -0.003123618026841619 0.001290671773657252
0.001088700246271656 -0.002940921520156858 0.001290536075565224
-0.003230519589022874 -0.0005514280006078139 0.001705340477061471
-0.00287950813286977 -0.001279541344099394 0.001769351892193072
-0.002470459789225508 -0.001974692326969227 0.001763222462483556
-0.001944308358782203 -0.002563783441415058 0.001674781146234486
-0.00121682056296352 -0.002892934838561022 0.001771875000000002
-0.0004424598442163568 -0.003353805329909192 0.001669285740514276
0.0003980869885840452 -0.003312739729950324 0.001696781808219314
0.001179400086162379 -0.003064772326193504 0.001739349375786881
-0.003173065297478679 -0.0005193036410864878 0.002159141020933296
-0.002897747990647232 -0.001230885526372805 0.002167480052275772
-0.002629656102216347 -0.002072312837164322 0.002215410918230516
-0.001952816150716044 -0.002567356556208636 0.00217800910527592
-0.001233875415308249 -0.003015742894279416 0.002208535688143717
-0.0004605028880899394 -0.003104458302614447 0.002165625000000003
0.000474373057973727 -0.003036741954896718 0.002160853113585746
0.001089474374067064 -0.002943258373106603 0.002165625000000003
-0.003264778839455997 -0.0005510575675555382 0.002490356687137628
-0.002909632996724794 -0.001217481460533573 0.002463210741881481
-0.002451729903391783 -0.002034260408034095 0.002653996058471184
-0.002030475963496255 -0.002669525399397101 0.002700399253028783
-0.00127414630412264 -0.00309011525502353 0.00269585556131192
-0.0005229036197699993 -0.003129934673037181 0.002662101968442112
0.0005066862818892751 -0.00324228054640532 0.002554195528631216
0.001001482539722376 -0.002905423580937088 0.002455580900955975
-0.003209517418756339 -0.0003657492833161072 0.002854762820661148
-0.002989366206066643 -0.001340665378122199 0.002953952685130266
-0.002458288311008663 -0.00195103635090921 0.002953125000000004
-0.001896944780205124 -0.002500264938654199 0.002953125000000004
-0.00121682056296352 -0.002892934838561023 0.002953125000000004
-0.0004605028880899394 -0.003104458302614447 0.002953125000000004
0.0003246500221182827 -0.003121590400060448 0.002953125000000004
0.001143152466909788 -0.003196217436455828 0.002809459459459463
-0.003412800613812887 -0.0005192658329123432 0.003399375000000005
-0.002844618562738829 -0.00135914181549628 0.003444658105851608
-0.002651709231418108 -0.002096408458947856 0.003426689189189194
-0.002127920113695816 -0.002654087455357381 0.003341554054054059
-0.001275861996505052 -0.003094136191544618 0.003207716521173379
-0.0005229036197699991 -0.003129934673037181 0.003252877609764401
0.0003283765760985862 -0.003298754187977409 0.00340118534482759
0.001202424772986984 -0.003230519639284451 0.003373125000000005
-0.003145327158998912 -0.0004830442661187537 0.003816700325650417
-0.00286570159772112 -0.001279640033536607 0.003740625000000005
-0.002589733672602442 -0.001997963123348738 0.003829724990271298
-0.002034512710630792 -0.002412842535118376 0.003838987179338861
-0.001231086245062805 -0.003019697306958977 0.003702756880884597
-0.0004347744954818464 -0.003244117278483135 0.003686314655172418
0.0003639642585073391 -0.003254880632181522 0.003883689493851618
0.001177077563474822 -0.003066755386603053 0.003830040308657263
-0.003164116567767199 -0.0004958160800512393 0.004188685344827591
-0.002989893017086668 -0.001279682381655093 0.004044239279572137
-0.002458288311008662 -0.001951036350909209 0.004134375000000005
-0.002034512710630791 -0.002412842535118376 0.004134375000000005
-0.001270432458199788 -0.002987905819892702 0.004194792010090744
-0.0003201565236887939 -0.003134915596638305 0.004134375000000004
0.0003246500221182826 -0.003121590400060447 0.004134375000000005
0.001243045748632164 -0.003057670452005669 0.00415138358159816
-0.003106499159415363 -0.0005114583744543699 0.004512396290181363
-0.002931817831190474 -0.001295847153937657 0.004525152951935719
-0.00242327336404427 -0.002032472132809719 0.004429762820661149
-0.002063409877202882 -0.002571288121873227 0.004522101658478815
-0.00121682056296352 -0.002892934838561022 0.004528125000000004
-0.0004052073716962571 -0.003270910186473817 0.004522101658478813
0.0003649848664745992 -0.003294597713021165 0.004518083056645558
0.001170946117967935 -0.00306504135482765 0.004571292516105017
-0.003151389173845084 -0.000365611424406993 0.00498898718737011
-0.002816281954407452 -0.001284958692124105 0.005008188778764806
-0.002592356573154004 -0.00207495346142174 0.004864544491669489
-0.001896944780205123 -0.002500264938654198 0.004921875000000003
-0.00121682056296352 -0.002892934838561022 0.004921875000000003
-0.0004605028880899393 -0.003104458302614446 0.004921875000000003
0.0003248608983047746 -0.003123618026841618 0.00500932822634275
0.001088745419802753 -0.002941208185198124 0.005009402587091817
-0.003065791035626225 -0.0004224429828226869 0.005328411516982301
-0.00286730573463176 -0.001280356339034625 0.005307307052185024
-0.002640578525748007 -0.002126573613163462 0.005431269616112317
-0.001976699547531988 -0.002605385578178729 0.005355617374822652
-0.00131427343677795 -0.003075718912404803 0.005320965593668714
-0.0003738020457788841 -0.003294838090903292 0.00536353316123628
0.0003248608983047748 -0.003123618026841619 0.005304716047003895
0.001088954936105297 -0.002941855090783793 0.005307307052185024
-0.003162424183060222 -0.000484706587111572 0.005729119866516699
-0.002893048735606433 -0.00131551998893084 0.005707579708530644
-0.002393123962392486 -0.001899318245931802 0.005856918269008284
-0.001846660535509592 -0.00243398787287406 0.005856918269008285
-0.001184799096194496 -0.002816920514653848 0.005856918269008285
-0.0004486348518190755 -0.003023416121701962 0.005856918269008284
0.0003288975360491286 -0.003195157619806468 0.005708399839248778
0.001089474374067065 -0.002943258373106603 0.005709375000000001
-0.002967868490820552 -0.0004797847410322431 0.006140625
-0.002814255540670977 -0.001262022883997884 0.006141150300982286
-0.002408650289199127 -0.001911640815200914 0.006140625
-0.001858641467306617 -0.00244977932026731 0.006140624999999999
-0.001192428839171855 -0.002835032506668912 0.006140625
-0.000451462834174335 -0.003042726507441343 0.006140625000000001
0.0003143092761108009 -0.003068620541812479 0.006141205758482557
0.001069718497020038 -0.002896847870631477 0.006174657246925806
0.001408149454283286 -0.002501401976554025 0.0001682608475749325
0.001356489096179509 -0.002457968008889331 0.0005849640104297526
0.001406530361592857 -0.002498785077604479 0.0009843750000000013
0.001426145412863865 -0.002483221248717348 0.001361159607962459
0.001394043746517434 -0.0025145259001772 0.001796616379310347
0.001404423448014753 -0.002504489615447649 0.002165625000000003
0.001371033290753654 -0.002521197425590322 0.002559375000000003
0.001405995654192543 -0.00248922610147451 0.002953125000000003
0.001425952905218711 -0.0024833323930581 0.003363840392037547
0.001371033290753654 -0.002521197425590322 0.003740625000000005
0.001405995654192543 -0.00248922610147451 0.004134375000000005
0.001447907416358257 -0.002589710552886067 0.004554729729729735
0.001394043746517434 -0.0025145259001772 0.004897133620689657
0.001404423448014753 -0.002504489615447649 0.005315625000000003
0.001408598928295713 -0.002431076113468226 0.005709375000000002
0.001404423448014753 -0.002504489615447649 0.006103125000000001
0.000877215068716698 -0.002505689081326877 0.0001253427530741941
0.0003235898870415439 -0.002600249361730209 0.0001253427530741941
-0.000288921649499702 -0.002576602650802287 0.0001294552615933415
-0.001030961391226099 -0.002451063218906773 0.0001593750000000002
-0.001607202318241881 -0.002118370364576131 0.0001593750000000002
-0.002070432334833935 -0.00163493958917434 0.0001593750000000002
-0.002434229356536525 -0.001084968684158824 0.0001593750000000002
-0.002616188172175964 -0.0003683204721976017 0.0001294552615933414
0.0008912749655009087 -0.002359711253449505 0.0004909435423981901
0.0002648813985221095 -0.002546900275521775 0.0005906250000000009
-0.0004536440784023793 -0.002418764796253177 0.0005774795765975516
-0.001041709546493283 -0.002367000062363928 0.0005159482758620696
-0.001520655125270973 -0.002090480703529446 0.0005159482758620696
-0.002039266080965315 -0.001575447108177946 0.0005522558182989096
-0.00238015658779405 -0.001013469971458808 0.0005159482758620696
-0.002501853440855035 -0.0004153700258439265 0.0005214527027027035
0.0009021332240613722 -0.002392062514471736 0.0009610510367295961
0.0002648813985221096 -0.002546900275521775 0.0009843750000000013
-0.0003745258834505604 -0.002524848417877926 0.0009883462127279778
-0.001081514897912905 -0.002412429689340394 0.0008860128206611455
-0.001595243908072781 -0.002009652019087249 0.0008758388388090525
-0.002073318130988798 -0.001602701117704684 0.0009515751259517601
-0.002336112827270017 -0.001077176307147478 0.0008876290565261083
-0.002409398187107365 -0.0003698670490637918 0.0009364864864864876
0.0008608890801489555 -0.00244611154635577 0.001275770366914216
0.0002301401949217791 -0.002452030743634229 0.00124360756104305
-0.0003738189041551875 -0.002539895530038766 0.001282424153461373
-0.0009456611369088945 -0.002214862020040966 0.001228502103871641
-0.001471146427621745 -0.001865343965073327 0.001232497668993022
-0.001999019118457896 -0.001587222856014519 0.001373132959048776
-0.002374112681978808 -0.001177728986036541 0.00124470541964081
-0.002524123094190059 -0.0004308895149714478 0.001378125000000002
0.0008886784286642983 -0.002395250513552775 0.001770230794193994
0.0002695265427594129 -0.002428657848986534 0.001723879410238051
-0.0003363101631469537 -0.00236161138728723 0.00163951708127243
-0.0007763159979865401 -0.002047766410562011 0.001553108435755821
-0.001479884256339743 -0.001950559003089426 0.001678721049175039
-0.001855266823135436 -0.001583277960890253 0.001678721049175039
-0.002004476702087997 -0.0009661363808871682 0.001508936151925717
-0.002429884052996103 -0.0003531630672223917 0.001673512820661147
0.0009683647683939899 -0.002388993169246631 0.002181330512154179
0.0002648813985221096 -0.002546900275521775 0.002165625000000003
-0.0003276486119540268 -0.002379782891940203 0.002019063784586759
-0.0008639236906549199 -0.002073189441697751 0.001911590737568959
-0.001479884256339743 -0.001950559003089427 0.001974108869836184
-0.001925727607277809 -0.001477618954550727 0.001991528878843029
-0.002338121038768501 -0.001044056117650785 0.002165625000000003
-0.00252412309419006 -0.0004308895149714472 0.002165625000000003
0.0009782639813991829 -0.00239948599767786 0.002480941019334708
0.000359196485221849 -0.002484125924984475 0.002461091351107576
-0.0001409645939746807 -0.00233175708044615 0.002360507100933849
-0.001023457670569368 -0.002433223468686068 0.002559375000000003
-0.001595504501681946 -0.002102952076754147 0.002559375000000003
-0.002067645883831318 -0.001641000472604241 0.002559375000000003
-0.002292601062732859 -0.0009787310391762268 0.002642949076080996
-0.002506235949307543 -0.0003528013691796762 0.002651310656497206
0.000888900280905397 -0.002401399479333297 0.002953125000000004
0.0003304696265051272 -0.002366857113020905 0.002937162162162166
-0.0001184612746564719 -0.002247367914263966 0.002859351387514373
-0.0009928018189101111 -0.002360340593453559 0.002953125000000004
-0.00154771400605937 -0.00203996189282633 0.002953125000000003
-0.002005713234029258 -0.00159184722620477 0.002953125000000003
-0.002353786065706407 -0.0008553612844166899 0.002946698477158351
-0.002502759889940657 -0.0003354972265015752 0.002945152234714063
0.000921249099365528 -0.002301976380972954 0.00344523717933886
0.0003076062176385987 -0.002402611156418827 0.003449057365437317
-0.0001429777997485492 -0.002378283143139854 0.003442065505130654
-0.0009928018189101111 -0.00236034059345356 0.003346875000000004
-0.00154771400605937 -0.00203996189282633 0.003346875000000005
-0.002005713234029258 -0.00159184722620477 0.003346875000000004
-0.0023381210387685 -0.001044056117650785 0.003346875000000004
-0.002436204315598786 -0.0003090792021945362 0.003374380637734885
0.000888900280905397 -0.002401399479333297 0.003740625000000005
0.0003753759299298205 -0.002451078835479294 0.003740625000000005
-0.0003757235198225019 -0.002532922226478364 0.003740625000000005
-0.001023457670569367 -0.002433223468686068 0.003740625000000005
-0.001595504501681947 -0.002102952076754147 0.003740625000000005
-0.002121665281110663 -0.001336694452250404 0.003831560701602458
-0.002373284208501066 -0.0009535116083229198 0.003838458629858844
-0.002587022311425668 -0.0003705510539490639 0.003834668240898797
0.0008826448845102122 -0.002366194418512704 0.004145321540132313
0.0002648813985221099 -0.002546900275521775 0.004134375000000005
-0.0003757235198225022 -0.002532922226478365 0.004134375000000004
-0.0009330816757232467 -0.002233108466036646 0.004313187266181098
-0.001511503828687861 -0.001929178121690543 0.004331079171335035
-0.001948658040887113 -0.001306916363236176 0.004274284575229404
-0.002434572427824533 -0.0008731109691860775 0.004130056061559942
-0.002570468250137545 -0.0003848725999833293 0.00413129989494715
0.0008349252062883673 -0.002377711250513317 0.004669851751434989
0.0002245618773073657 -0.002415085450358258 0.004714569825031588
-0.0003741587429301845 -0.002522373357533713 0.004719641130163822
-0.0009154019666584628 -0.002153381617173542 0.004738919462944651
-0.001511503828687861 -0.001929178121690543 0.00462646699199618
-0.001904370559608623 -0.00144989310519625 0.004730514601934926
-0.00232019999549464 -0.001031102737094618 0.004536321578022829
-0.00252412309419006 -0.0004308895149714475 0.004528125000000004
0.0008148098742920355 -0.002286190163459293 0.005027365879526559
0.0002138156359023073 -0.002391329341851457 0.005023092932960363
-0.0003741528248411731 -0.002522333461018312 0.005015028950824964
-0.0009565935462496563 -0.002095282575536894 0.00506731872757901
-0.001478982301116913 -0.001926628325534725 0.005013370643457343
-0.001955659302846543 -0.001542017268415183 0.005079956260233693
-0.002376770931477376 -0.001063890079830483 0.005023574736650065
-0.002384120981328426 -0.0003831273662831128 0.00511501087447513
0.0009237855268812525 -0.00234368495706238 0.005375358454619335
0.0002648813985221099 -0.002546900275521775 0.005315625000000003
-0.000374152824841173 -0.002522333461018312 0.005310416771486108
-0.0009928018189101111 -0.00236034059345356 0.005315625000000003
-0.001561281055047517 -0.002067641833488649 0.00533243273963374
-0.002005713234029258 -0.001591847226204771 0.005315625000000003
-0.0023381210387685 -0.001044056117650785 0.005315625000000003
-0.002515062162323484 -0.0004413437473799337 0.0053616029206287
0.000885925716058271 -0.002340697153162909 0.00580387116973268
0.0002648813985221099 -0.002546900275521775 0.005709375000000002
-0.0003652395214282026 -0.002462244850284749 0.005713582034708183
-0.0009488750275359221 -0.002237938971613528 0.005686965043881177
-0.001528746498221778 -0.002014961800406742 0.005712569160892782
-0.001915956967165287 -0.001514652163089718 0.005685426172474733
-0.002317078060634008 -0.001033571666194552 0.005712569160892782
-0.00246809127975122 -0.0004371784500013272 0.005709077666072974
0.000877215068716698 -0.002505689081326877 0.006174657246925806
0.0003235898870415439 -0.002600249361730209 0.006174657246925806
-0.0002889216494997021 -0.002576602650802287 0.00617054473840666
-0.001030961391226099 -0.002451063218906773 0.006140625
-0.001607202318241881 -0.002118370364576131 0.006140625
-0.002070432334833935 -0.001634939589174341 0.006140625
-0.002434229356536525 -0.001084968684158824 0.006140625
-0.002616188172175964 -0.0003683204721976017 0.00617054473840666
0.001404423448014756 0.002504489615447648 0.0001968750000000003
0.001404423448014756 0.002504489615447648 0.0005906250000000009
0.001404423448014756 0.002504489615447648 0.0009843750000000013
0.001394043746517436 0.002514525900177199 0.001353383620689657
0.001413417609965416 0.002494808722902607 0.001821045345825613
0.001404423448014756 0.002504489615447648 0.002165625000000003
0.001404423448014756 0.002504489615447648 0.002559375000000003
0.001427455512328204 0.002492365497088194 0.002968211206896555
0.001371033290753656 0.002521197425590321 0.003346875000000004
0.001426145412863866 0.002483221248717348 0.003757590392037547
0.001394043746517436 0.002514525900177199 0.00410963362068966
0.001390059400826812 0.002502035271017392 0.004555280172413798
0.001404423448014755 0.002504489615447648 0.004921875000000003
0.001394043746517436 0.002514525900177199 0.005290883620689656
0.001371033290753656 0.002521197425590321 0.005709375000000001
0.001421479428515213 0.002497395447418227 0.006133373924775703
0.001070032765204192 0.002808214312218216 0.0001593750000000002
0.0003081855754459486 0.003066707676922706 0.0001589051565179851
-0.0004595797636909844 0.003042886937607707 0.0001592509932595335
-0.001202419264252816 0.002839662496338088 0.0001588496990177147
-0.00186003268537352 0.002455448229282895 0.0001591743528790909
-0.002424907530207563 0.001920955248598095 0.0001504464285714288
-0.002818021303649489 0.001269679469791704 0.0001504464285714288
-0.003044539044687678 0.0005271928960608914 0.0001253427530741941
0.001113756397543085 0.003003924011084514 0.0005115108606296113
0.0003216067948567515 0.00316899773235487 0.0005687217990485486
-0.0004686833389815684 0.003132663522781348 0.0005763725110065946
-0.001239394434448801 0.002933010404213917 0.000569493169107398
-0.001939561701334436 0.002559164916901742 0.0005916001607512227
-0.002521391375347255 0.001999045366575677 0.0005916001607512233
-0.002934998297335927 0.001317129801344187 0.0005916001607512228
-0.003093673708045109 0.0005281167018390702 0.0005906250000000009
0.001089070127913453 0.002942166286037142 0.0009926929478149776
0.0003250650380426762 0.003125580881000451 0.0009952839529961072
-0.0004615580088784594 0.003111571349192283 0.0009952839529961074
-0.001217885423726102 0.002895466495973856 0.0009952839529961083
-0.001899827424477198 0.002504064403182269 0.0009952839529961072
-0.002455370613526567 0.001948720701510796 0.0009926929478149781
-0.002862972158428513 0.001278421239580285 0.0009926929478149779
-0.003092154197207322 0.0005278573082740753 0.0009926929478149781
0.001086316011395975 0.002897886005696298 0.001278082549495376
0.0003250650380426762 0.003125580881000451 0.001290671773657252
-0.0004615580088784593 0.003111571349192283 0.001290671773657252
-0.001217885423726102 0.002895466495973856 0.001290671773657253
-0.001899827424477198 0.002504064403182269 0.001290671773657252
-0.002454461763235458 0.001947999386623706 0.001290671773657253
-0.002862121949758534 0.001278041590473822 0.001290671773657252
-0.003085891429685566 0.0005242143338506042 0.001289329958642755
0.001227011310108124 0.00295322324953084 0.001627596837295542
0.0003201198362079756 0.00318837004054699 0.001729996781429221
-0.0004615519867728928 0.003111530751454216 0.001586059594318396
-0.001220934523462455 0.002979278874586415 0.001743706013456209
-0.001924102596584865 0.002552416748091276 0.001733805311236525
-0.002569664038267085 0.002039430414175524 0.001620990648559624
-0.002974747673353996 0.001230717146299711 0.001718583474457343
-0.003279029191293549 0.0004970483407468901 0.001709902387232263
0.001368814984937737 0.003044028693024791 0.00228542630320252
0.0003616756382789578 0.003341749414830468 0.002226282797737641
-0.000601380882908746 0.003232214492855909 0.002034366644071929
-0.001216820562963516 0.002892934838561024 0.002165625000000003
-0.002099322464993608 0.002689884200070089 0.002219935344827589
-0.002633652672854612 0.001980318738125561 0.002091442253768374
-0.002957785951001792 0.001270258479951516 0.002206093598634172
-0.003183313161533442 0.0004834333146635238 0.002092920732990685
0.001118464843025677 0.002973688348871574 0.002634863909672573
0.0004122798084713704 0.003044284850324385 0.002647107037153298
-0.0006429028191561175 0.00322096972942917 0.002646388841657894
-0.001170082575162995 0.003019515229479873 0.002461012820661147
-0.00204324803506831 0.002676047077976621 0.002766486443438906
-0.002458288311008661 0.001951036350909212 0.002559375000000003
-0.002903945112260138 0.001280057867571465 0.002517350824739745
-0.003087016040988039 0.0006107005856126538 0.002451949064662704
0.001092757551372661 0.002953894989643968 0.002932584267135001
0.0004085969054457285 0.003057822207164194 0.002943497842171107
-0.0005027107986079152 0.003053294098295134 0.003072541357839353
-0.00123265691084917 0.003161435510203008 0.002964579584371338
-0.002015457630663098 0.002674300598998898 0.003033183686984117
-0.002709193244582219 0.002070228540301473 0.002972747534399887
-0.002919025164934736 0.001327396957635466 0.002965874482349156
-0.003188830115347504 0.0006729539726171469 0.002899378785721375
0.0012119261323281 0.003116401414696535 0.003290657585557978
0.0004122798084713699 0.003044284850324385 0.003237882678475588
-0.000505010923668789 0.00307499946664889 0.003363420065171813
-0.001216820562963517 0.002892934838561024 0.003346875000000004
-0.002106372973944741 0.002736908188706754 0.003430852565297861
-0.002579933214865377 0.00190497989414414 0.00344523717933886
-0.003014241353887882 0.001370896811459173 0.00345166363992371
-0.003137958369040886 0.000515175563723575 0.003421551447110472
0.001251669809024929 0.002899454270163426 0.003740625000000005
0.0003246500221182866 0.003121590400060448 0.003740625000000005
-0.000502710798607918 0.003053294098295133 0.003663316999161642
-0.001229474588923731 0.003005756599442952 0.003599682692133895
-0.001972292264884659 0.002494607895135172 0.00383898717933886
-0.002458288311008664 0.00195103635090921 0.003740625000000005
-0.00286570159772112 0.001279640033536605 0.003740625000000005
-0.003115705701417549 0.0005020306343912514 0.003680963432274324
0.001273972444408825 0.003001508394807552 0.004217653725626073
0.0002732412364237878 0.003357395721268429 0.004232737179338859
-0.0004605028880899358 0.003104458302614447 0.004134375000000004
-0.00127163252009947 0.002995864518649324 0.004080221565685933
-0.001907305589360962 0.002499487055377325 0.004134375000000005
-0.002536960337068543 0.002067459345895549 0.004080064655172418
-0.002945093067837285 0.001381382312873864 0.004147695715552
-0.003092436325669621 0.0003241970411583727 0.004135224500602335
0.001087625288585848 0.002934520487116201 0.004713597739239645
0.0003203466188633935 0.003185203505690493 0.004567944336861572
-0.0004615519867728954 0.003111530751454217 0.004713940405681606
-0.001256926059243573 0.002938056574442503 0.004566906926061183
-0.00193520647863106 0.002523914623311287 0.004536493269750965
-0.002470660358442675 0.002135662479434312 0.00459172389363225
-0.002997406326083255 0.001338450986900444 0.004679009351440382
-0.003029167620106289 0.0003721703107706149 0.004524014730082417
0.001087639535900824 0.002934558976804529 0.005008985559900788
0.0003250650380426716 0.00312558088100045 0.005009328226342754
-0.0004615580088784639 0.003111571349192283 0.00500932822634275
-0.001217885423726106 0.002895466495973854 0.005009328226342752
-0.001899827424477199 0.002504064403182268 0.00500932822634275
-0.002454461763235459 0.001947999386623705 0.00500932822634275
-0.002862121949758534 0.001278041590473821 0.00500932822634275
-0.003172412790697852 0.0004059486866860731 0.0049630321140346
0.001089070127913451 0.002942166286037143 0.005307307052185024
0.0003250650380426727 0.00312558088100045 0.005304716047003897
-0.0004615580088784624 0.003111571349192284 0.005304716047003895
-0.001217885423726105 0.002895466495973854 0.005304716047003895
-0.001899827424477199 0.002504064403182268 0.005304716047003895
-0.002455370613526567 0.001948720701510796 0.005307307052185024
-0.002862972158428513 0.001278421239580284 0.005307307052185024
-0.003089832199905594 0.0004314742583939692 0.005306324784895454
0.001115536470632239 0.003033707064169401 0.005779953738945288
0.0003216067948567488 0.003168997732354868 0.005731278200951455
-0.0004686833389815706 0.003132663522781349 0.005723627488993407
-0.001239394434448803 0.002933010404213916 0.005730506830892604
-0.001939561701334437 0.002559164916901743 0.005708399839248778
-0.002521391375347255 0.001999045366575677 0.005708399839248778
-0.002934998297335927 0.001317129801344185 0.005708399839248778
-0.003188279524212441 0.0004654253082162391 0.005735414605799845
0.001070032765204191 0.002808214312218217 0.006140625
0.0003081855754459454 0.003066707676922707 0.006141094843482016
-0.0004595797636909875 0.003042886937607706 0.006140749006740467
-0.001202419264252819 0.002839662496338088 0.006141150300982286
-0.001860032685373522 0.002455448229282895 0.00614082564712091
-0.002424907530207565 0.001920955248598094 0.006149553571428571
-0.002818021303649491 0.001269679469791702 0.006149553571428571
-0.003044539044687679 0.0005271928960608909 0.006174657246925806
-0.002869309608116138 8.564805484230672e-06 0.000172612535359521
-0.00279685237596323 6.671870513881311e-05 0.0005906250000000009
-0.002868937663893973 7.324905356831854e-05 0.0009843750000000013
-0.002868937663893973 7.324905356831854e-05 0.001378125000000002
-0.002861855806279151 4.719088162330187e-05 0.001799030172413796
-0.002875782673037236 5.48750113188011e-05 0.00219851782746693
-0.002868937663893973 7.324905356831854e-05 0.002559375000000003
-0.002857836373578847 2.575209903990067e-05 0.002953125000000004
-0.002863185010585685 6.727010795494458e-06 0.003365764029959012
-0.002868937663893973 7.324905356831854e-05 0.003740625000000005
-0.00287116335449936 3.597842407251229e-05 0.004134375000000005
-0.002891926834094959 2.530957727240583e-05 0.004527972219878536
-0.002866217616412379 2.391574990493621e-05 0.004951023737705182
-0.00287116335449936 3.597842407251229e-05 0.005315625000000003
-0.00287116335449936 3.597842407251229e-05 0.005709375000000002
-0.002877057027861434 1.637373167138274e-05 0.006141887430505621
-0.002617368312150596 0.0003614947057697389 0.0001294552615933414
-0.002396854255383784 0.001070282635910422 0.0001593750000000003
-0.002049043342942465 0.001648365076222624 0.0001593750000000002
-0.001599505446626933 0.002121965063356852 0.0001593750000000002
-0.001078748498802045 0.00234664810138831 0.0001294552615933414
-0.0003795784500157135 0.00263969267204505 0.0001593750000000002
0.0002731631299524853 0.002620832563405218 0.0001593750000000002
0.0009307517996008538 0.002475318533583005 0.000142564655172414
-0.002570632560723621 0.000366793917517418 0.0004967247730589385
-0.002272879296043141 0.001014923305666646 0.0005864179652918164
-0.001999153280387361 0.001503744742305848 0.0005586464734631308
-0.001547714006059367 0.002039961892826333 0.0005906250000000009
-0.0009737001451051535 0.002333164995310009 0.0005720240705376825
-0.0003683843068399055 0.00236184161101596 0.0004905848425911202
0.0002891048805626767 0.002517463770085686 0.0005417815778637253
0.0008615528397805843 0.002331188624428171 0.0004870659051811228
-0.002460519796143534 0.0004402897102915061 0.0009203258460681638
-0.002328346630759474 0.00103969148882746 0.0009895832285138936
-0.002055900549312929 0.00148866873559778 0.0009895832285138936
-0.001444709623690861 0.002091417429279923 0.0009882109300207215
-0.0009899922075772296 0.002353660871927571 0.0009883462127279784
-0.0003746091927279453 0.00253011032234792 0.0009836803045253106
0.0002954582387142918 0.002572687535116617 0.0009429371782934062
0.0008087255822573659 0.002454961847398875 0.0009404805366910638
-0.00248079651436061 0.0005371315735904459 0.001284971049175039
-0.002328346630759474 0.00103969148882746 0.001284971049175039
-0.001866239454176318 0.001453104251288497 0.001296284885194811
-0.001404650782478847 0.00195399901592192 0.001329566066709486
-0.000989895841402135 0.00235400428891547 0.001283598750681866
-0.0003526690177230162 0.00244040709962535 0.001254921807901047
0.0003320525749207447 0.002473219922698308 0.001325854975824242
0.0007998437760313977 0.002286168718159352 0.001323234688400277
-0.002317885720671145 0.0004334986018993756 0.001561065856148617
-0.002093505654156323 0.0009358590229019188 0.001590713237875594
-0.001849906339067797 0.001445571282428958 0.001564853453074651
-0.001481932234356024 0.001953258337135777 0.00167872104917504
-0.0009741025941639391 0.002154042705157716 0.00156665464300047
-0.0003546329486611869 0.002192510972858347 0.001576263547867064
0.0003935275914627408 0.00251931809006409 0.001751422646411112
0.0008953792345758867 0.002374223892435633 0.001745677939129486
-0.002524123094190059 0.00043088951497145 0.002165625000000003
-0.002338121038768501 0.001044056117650789 0.002165625000000003
-0.001927589304402457 0.001480072761375116 0.00199152887884303
-0.001481932234356024 0.001953258337135777 0.001974108869836185
-0.0008989556189749722 0.002221286899441976 0.001961872325386845
-0.0003203712805677762 0.002285110662381608 0.001944651324667649
0.0002689216095732052 0.002478943478152996 0.002027667520979186
0.0009048738699150593 0.002400295629917413 0.00204688986834576
-0.002506235949307543 0.0003535247652651091 0.002651310656497206
-0.002292601062732858 0.0009793885525600412 0.002642949076080996
-0.002067645883831317 0.001641000472604244 0.002559375000000003
-0.001595504501681944 0.002102952076754149 0.002559375000000003
-0.001023457670569364 0.00243322346868607 0.002559375000000003
-0.0003757235198224974 0.002532922226478366 0.002559375000000003
0.0002648813985221141 0.002546900275521776 0.002559375000000003
0.0008804435696098312 0.002339138684399168 0.002545214988684527
-0.002502759889940657 0.0003363946740544789 0.002945152234714063
-0.002353786065706407 0.0008560846805021232 0.002946698477158351
-0.002005713234029257 0.001591847226204772 0.002953125000000003
-0.001547714006059367 0.002039961892826332 0.002953125000000003
-0.0009928018189101074 0.002360340593453562 0.002953125000000003
-0.0003757235198224974 0.002532922226478366 0.002953125000000003
0.0002837265839996081 0.002523917860549078 0.002953125000000004
0.0008889002809053994 0.002401399479333297 0.002953125000000004
-0.002434961785452235 0.0002924255052727127 0.003374488120893553
-0.002338121038768501 0.001044056117650788 0.003346875000000005
-0.002005713234029257 0.001591847226204772 0.003346875000000005
-0.001547714006059367 0.002039961892826333 0.003346875000000005
-0.0009928018189101066 0.002360340593453562 0.003346875000000004
-5.344312656500874e-05 0.002283831939389978 0.003219568893366803
0.00030452461053698 0.002362181588827978 0.003240113992571606
0.0009039507558141258 0.002272014771055139 0.003248512820661149
-0.002587022311425668 0.0003357750804957213 0.003834668240898797
-0.002340762869185081 0.0009267521955043385 0.003844252488755793
-0.001881835937272783 0.001372539401360964 0.003874086225986447
-0.001595504501681943 0.00210295207675415 0.003740625000000005
-0.001023457670569363 0.00243322346868607 0.003740625000000005
-0.0003757235198224968 0.002532922226478366 0.003740625000000005
0.0002648813985221141 0.002546900275521776 0.003740625000000005
0.0008889002809053995 0.002401399479333297 0.003740625000000005
-0.002573960728817 0.0003412839086734633 0.004131598830650819
-0.002434572427824533 0.0008383349957327358 0.004130056061559941
-0.001926931662396205 0.001298553396883039 0.004270793009892236
-0.001481932234356025 0.001953258337135778 0.004325891130163822
-0.0008989076282214151 0.002221084546257564 0.004336380424461631
-0.0003196823088110855 0.00228446067860574 0.004341153596186583
0.0002701983780679643 0.002477994905630656 0.004247262741232325
0.0009061891864046624 0.002399385173343717 0.00422760583254312
-0.002499468010082905 0.0004206982837806997 0.004539244366445225
-0.002302781155956725 0.0008473492684840032 0.0045927294122843
-0.001849906339067797 0.001445571282428959 0.004735146546925354
-0.001481932234356025 0.001953258337135778 0.004621278950824966
-0.0009735674643584712 0.002152377074002281 0.004732402440998382
-0.0003533270183480041 0.002190254937027194 0.004708188800856539
0.0004505179879279343 0.002451006783393972 0.004672191552966604
0.0009014257126005133 0.00238928085990347 0.004694347380990812
-0.002387345914349681 0.0003895576257583933 0.005059157470761349
-0.002328346630759475 0.001039691488827459 0.005015028950824964
-0.001866239454176318 0.001453104251288497 0.005003715114805192
-0.001404650782478847 0.001953999015921921 0.004970433933290518
-0.0009891170256594811 0.002351580167231254 0.005015028950824964
-0.0003986604931699947 0.002460028516542054 0.005115701384464815
0.0003220865409486599 0.00254908170764065 0.00513776646537984
0.0009334754941176378 0.002500487634100827 0.005029120972728593
-0.002488654470793748 0.0004351399942977148 0.005356942949701098
-0.002328346630759475 0.00103969148882746 0.005310416771486108
-0.00205590054931293 0.00148866873559778 0.005310416771486108
-0.001443930807948207 0.002088993307595705 0.005310416771486107
-0.0009891170256594807 0.002351580167231254 0.005310416771486107
-0.000323299363725103 0.002613020686122038 0.005406892310411609
0.000201754423564337 0.002624477400516497 0.005406892310411609
0.0008990121731441024 0.002423887449578825 0.005317581199070228
-0.002444384383916984 0.0004288343621371218 0.005705967777963034
-0.002272879296043142 0.001014923305666646 0.005713582034708185
-0.001999153280387361 0.001503744742305848 0.005741353526536871
-0.001547714006059368 0.002039961892826332 0.005709375000000001
-0.0008583995155248807 0.00230065812861399 0.005719450022619612
-0.0003291310523355607 0.002561898349278916 0.00577915496426875
0.0002173475290414205 0.002559226324364923 0.00577915496426875
0.0008897721566574488 0.002395090288142259 0.005739172059628004
-0.002617368312150596 0.0003614947057697386 0.00617054473840666
-0.002396854255383785 0.001070282635910422 0.006140625
-0.002049043342942466 0.001648365076222624 0.006140625
-0.001599505446626934 0.002121965063356851 0.006140625
-0.001078748498802045 0.00234664810138831 0.00617054473840666
-0.000379578450015714 0.00263969267204505 0.006140625
0.0002731631299524854 0.002620832563405218 0.006140625
0.00096984259448522 0.002561635474220335 0.006140625
0.001451953566311797 -0.002474338700064202 0.000202433423509223
0.001414381486943387 -0.002436087074250186 0.0005856755009221884
0.001460741072446734 -0.002467493145029879 0.0009843750000000013
0.001485718795829972 -0.002462776334864581 0.001410820623334217
0.001437213334331939 -0.002476343851384997 0.001752983521524843
0.001497904373140317 -0.002447948372022003 0.002165625000000003
0.001466739906484605 -0.002468511191375136 0.002559375000000003
0.001460999720679745 -0.002481379352703907 0.002953125000000003
0.001485683961010567 -0.002462796446756941 0.003314179376665788
0.001466739906484605 -0.002468511191375136 0.003740625000000005
0.001460999720679745 -0.002481379352703907 0.004134375000000005
0.001469366056345909 -0.002482569913867174 0.00452490528745664
0.001437213334331939 -0.002476343851384996 0.004940766478475161
0.001497904373140317 -0.002447948372022003 0.005315625000000003
0.001457509706622185 -0.002390093965812767 0.005709375000000001
0.001442285438302982 -0.002480734593378808 0.006128979829236096
0.001903974805614785 -0.002324355405700322 0.0001593750000000003
0.002499174613176721 -0.001801623983870074 0.000159050346138624
0.002864721748196798 -0.001134001770944389 0.0001591058036388944
0.00305457717461675 -0.0003919109138810248 0.0001591743528790908
0.003069013568797976 0.000360710939591278 0.0001504464285714288
0.002898520464660932 0.001124230156443728 0.0001504464285714288
0.002497784470349759 0.001904704701956915 0.0001476939103305724
0.001887874884021699 0.002390950225881299 0.000142564655172414
0.002064872160297584 -0.002474445472425763 0.0005129275148220667
0.00258046767150332 -0.001863363986023062 0.0005694931691073975
0.00298599673221964 -0.001181362090724315 0.0005916001607512229
0.003142569577901358 -0.00039954118750562 0.0005764533947454782
0.003175333684724414 0.0003888906114534384 0.0005913653837980404
0.002998641022273499 0.001173442096895597 0.0005915440971286012
0.002597685031582014 0.001931253913856337 0.0005873016327892091
0.001917921495823624 0.002311173368962979 0.0004430817309917171
0.002003224106950791 -0.002413966483055199 0.0009926929478149776
0.00254483899966986 -0.001844695783899632 0.0009952839529961072
0.002922810828459276 -0.001155010393092809 0.0009952839529961076
0.003119208820230751 -0.0003933563644786703 0.0009952839529961065
0.003112242286151303 0.0003924778306335673 0.0009926929478149783
0.002914160472938499 0.001151592022518441 0.0009926929478149781
0.002543150345607134 0.001843471717060675 0.0009926929478149774
0.00216466851745433 0.002531651482468498 0.0008628292724508071
0.001980403823316878 -0.002403218968382543 0.001287463771524879
0.00254483899966986 -0.001844695783899632 0.001290671773657252
0.002922810828459276 -0.001155010393092809 0.001290671773657252
0.003119208820230751 -0.0003933563644786705 0.001290671773657251
0.003086152997843689 0.0003931139879243148 0.001288413339826227
0.002897675425548306 0.001146066364062668 0.001290928800271534
0.002651355009038689 0.001921735784246671 0.001370600151520899
0.002023230023548796 0.002576265699213544 0.001438458686348778
0.002026514048622313 -0.002470997206519605 0.001768019878714634
0.002544805769735288 -0.001844671696277502 0.001586059594318396
0.002939200450080494 -0.001178209460295387 0.001762932492171897
0.003275342421026887 -0.0003224988106972956 0.001582603740063727
0.003374842869802054 0.0004187525335804085 0.00162464906368032
0.003044729156988576 0.001203188994043889 0.001620990648559624
0.002541051575602834 0.001841950366523838 0.001771875000000002
0.002004199333978042 0.002415141671267531 0.001771875000000002
0.002048159702952856 -0.002364422558816609 0.002259309132046838
0.002676948207079723 -0.001968722172663597 0.002133099375786881
0.002908161988837869 -0.001299158158082407 0.002263987179338859
0.003113765343168639 -0.0003926698999068245 0.002165625000000003
0.003434442904718219 0.0003579254333812414 0.002139020270270273
0.003110793610996163 0.001416036798576751 0.002117716838763723
0.002593540895719042 0.001879998678236561 0.002078171773657253
0.002055973057154275 0.002530590230885524 0.00216632812473495
0.002053506917790703 -0.00237366320208525 0.002556798784519371
0.002541051575602833 -0.001841950366523841 0.002559375000000004
0.002910686551815333 -0.001264544087792049 0.002559375000000003
0.003185400819522087 -0.0003003882463055976 0.002657737179338859
0.003185400819522087 0.0002435018975607205 0.002657737179338859
0.002938880586332826 0.001293451231333264 0.002657737179338859
0.002731101421074039 0.001987876394338725 0.00251620748389499
0.002004199333978041 0.002415141671267532 0.002559375000000003
0.002048159702952856 -0.002364422558816609 0.002850084773369127
0.002639053169379894 -0.001939881293969542 0.002814988044786747
0.003066023601754036 -0.001243674222633134 0.002953125000000004
0.003113765343168639 -0.0003926698999068248 0.002953125000000003
0.003113765343168639 0.000392669899906823 0.002953125000000004
0.002922169411406373 0.001176969142586317 0.002953125000000004
0.002671600856615586 0.001938755096080945 0.002893001265258461
0.002074753766134601 0.00253376306622188 0.002819841858481628
0.002091857172460675 -0.002552795674656193 0.00340540540540541
0.002702189065441816 -0.001957567646400157 0.003238254310344832
0.002918791199098597 -0.001153421951705238 0.003346875000000005
0.003363723949989256 -0.0004326143582239938 0.003384121621621625
0.003359157093564767 0.0003754181728819832 0.003257459691342746
0.003159558282512728 0.001234277940048027 0.003257459691342746
0.002609075364266527 0.001883585537926177 0.003267572849600051
0.002058082454811498 0.002525514209741528 0.003292564655172418
0.002016142060537279 -0.002542862927484142 0.003830040308657262
0.002548003929908635 -0.001890626337160373 0.003740625000000005
0.003055882033633832 -0.001115742629772498 0.00364226282066115
0.003168577304914117 -0.0003362099352687844 0.00383898717933886
0.003388550032188104 0.0003143257018085963 0.003660810810810815
0.003034457850796808 0.001224553328093654 0.003759215823495146
0.002554768190187328 0.001849146102679494 0.003742127135696167
0.001885166150560332 0.002533704986847317 0.003740625000000005
0.002004199333978039 -0.002415141671267532 0.004134375000000004
0.002412824089319385 -0.001973422181100761 0.004134375000000005
0.003156759411283292 -0.001254216680741903 0.004080064655172418
0.003118583919076254 -0.0003877064463706606 0.004134375000000005
0.003168577304914117 0.0002076802085975337 0.004134375000000005
0.003006756179695559 0.001362034363908999 0.004317673021322336
0.002514564437590297 0.001809436635240081 0.004209332778935392
0.002037151134056907 0.002440075005753274 0.004152878119998807
0.00204988525450464 -0.002543157811161015 0.004560650624213125
0.002539313184395513 -0.002003896656082029 0.004591723893632251
0.002965854718286141 -0.001186124584448916 0.004565646200639062
0.003162938178281977 -0.0003813371286457573 0.00453719998233389
0.00319637635537991 0.0003698181138902686 0.00455306972864157
0.003034016350378574 0.001354491708293251 0.00467582849633906
0.002526120945147378 0.001816603265353894 0.00450953674956853
0.002218762731291356 0.002391895776173218 0.004621477761060393
0.001982165727317578 -0.002400524779054817 0.005016135616683375
0.002544838999669859 -0.001844695783899633 0.00500932822634275
0.002922810828459276 -0.001155010393092809 0.00500932822634275
0.003119208820230753 -0.0003933563644786693 0.00500932822634275
0.003032736632302412 0.0003890264300914459 0.005019466348140303
0.00286601120624832 0.001134011600254349 0.005012643282700854
0.00256364216758254 0.001836382942826708 0.00494264191287322
0.002068254741660323 0.002478277130017723 0.004976571472874042
0.002003224106950789 -0.002413966483055199 0.005307307052185025
0.002544838999669859 -0.001844695783899633 0.005304716047003895
0.002922810828459276 -0.001155010393092809 0.005304716047003895
0.003119208820230753 -0.000393356364478669 0.005304716047003895
0.003112242286151301 0.0003924778306335686 0.005307307052185025
0.0029141604729385 0.001151592022518441 0.005307307052185024
0.002511679918690009 0.001810599388768704 0.005322264656644654
0.002068254741660323 0.002478277130017723 0.005271959293535185
0.00207031339333085 -0.002474378978887917 0.005787506717677846
0.002580467671503319 -0.001863363986023063 0.005730506830892604
0.00298599673221964 -0.001181362090724315 0.005708399839248778
0.003142569577901359 -0.0003995411875056191 0.005723546605254524
0.003135168743898862 0.0003856158615142471 0.00571551506723641
0.00298686938966415 0.001169302377087489 0.005709185437271037
0.002553675785955238 0.001887333890570671 0.005734767311343435
0.002004199333978042 0.002415141671267531 0.005709375000000002
0.001903974805614785 -0.002324355405700323 0.006140625
0.002499174613176721 -0.001801623983870074 0.006140949653861377
0.002864721748196798 -0.001134001770944389 0.006140894196361105
0.00305457717461675 -0.0003919109138810243 0.00614082564712091
0.003069013568797976 0.0003607109395912789 0.006149553571428571
0.002898520464660932 0.001124230156443728 0.006149553571428571
0.002497784470349759 0.001904704701956914 0.006152306089669428
0.001887874884021699 0.002390950225881298 0.006157435344827587
0.001453414749534211 0.002481653053421572 0.0001797708269525979
0.001497904373140317 0.002447948372022002 0.0005906250000000009
0.001497904373140317 0.002447948372022002 0.0009843750000000013
0.00143721333433194 0.002476343851384996 0.001397016478475161
0.00145384026152346 0.002471477330074058 0.001722607826635584
0.001497904373140317 0.002447948372022002 0.002165625000000003
0.001471796405452339 0.002454844389394091 0.002586530172413796
0.001471796405452339 0.002454844389394091 0.002925969827586211
0.001466739906484605 0.002468511191375136 0.003346875000000004
0.001485718795829973 0.00246277633486458 0.003707929376665789
0.00143721333433194 0.002476343851384996 0.004153266478475163
0.001466739906484605 0.002468511191375135 0.004528125000000004
0.001497904373140317 0.002447948372022003 0.004921875000000003
0.001440608033035235 0.00247517335619666 0.005333507823428681
0.001466739906484605 0.002468511191375135 0.005709375000000001
0.001466739906484605 0.002468511191375135 0.006103125000000001
0.001738934920308272 0.002119328319047733 0.0001593750000000003
0.002142000492135504 0.001552432903697967 0.0001593750000000002
0.002455593208566424 0.0009659536793943253 0.0001593750000000002
0.002617082631801818 0.0003246660952596243 0.0001593750000000003
0.002618491540818447 -0.0003511963236278501 0.0001592509932595334
0.002482403684154055 -0.0009969911592692022 0.0001593750000000002
0.00215573635596472 -0.00146053880987433 0.0001294552615933414
0.001647547757482982 -0.002120356689071503 0.0001294552615933415
0.001635222813284659 0.001970509964361848 0.0005906250000000004
0.002072127387052082 0.001504307481042004 0.0005884172603914155
0.002381436753851756 0.0009410750002735936 0.0005906250000000009
0.002540515824969476 0.0003203787006272311 0.0005906250000000009
0.002514597665542034 -0.0003085716708216703 0.0005837871366240797
0.002333742734377642 -0.000875502555365765 0.0005220159288715846
0.00206645312652237 -0.001497161778704183 0.0005918208262907618
0.001632106775659094 -0.00205065973102733 0.0005065132932449897
0.00172504192792561 0.001951631617023388 0.000945477718467714
0.002085540043556814 0.001551920052934997 0.0009529579649162307
0.002317669773213598 0.0009274162760270759 0.0009831518637199346
0.002544104174964087 0.0003180214334999802 0.0009789285433406821
0.002540515824969475 -0.0003203787006272269 0.0009843750000000013
0.002381436753851755 -0.0009410750002735927 0.0009843750000000009
0.002073239640246389 -0.001502844157870987 0.0009843750000000011
0.001587497051684161 -0.001979078928558335 0.0009253923748472859
0.00154795272916231 0.001911996906724005 0.001330805776454269
0.002089404222569831 0.001567230655994057 0.001238559513471747
0.002256164258348899 0.000983293936625588 0.001274423419314864
0.002550556745998623 0.0003179689461147988 0.001271413065643039
0.002423296711959646 -0.0003176319064660158 0.001235241779179485
0.002388330828630456 -0.0009437993394414335 0.001284971049175039
0.002007150686363774 -0.001441631052749811 0.001244303178087451
0.001686708114303639 -0.00200902611013968 0.001284783408264683
0.001516346653059102 0.002047040144350853 0.001751422646411112
0.001806063108325606 0.001426764968202406 0.001515871464510078
0.002336464476009641 0.0009086153969197265 0.001629601735292274
0.0023909124041194 0.0003646896805502346 0.001522188926370365
0.002284814155271392 -0.0003357414818269239 0.00157231595631743
0.002280556901949593 -0.0008811505699786024 0.001643489871419221
0.001965679312196295 -0.001447822845417371 0.001722703572389151
0.001554711260960019 -0.001977856926336131 0.001757251125825514
0.001635222813284659 0.001970509964361849 0.002165625000000003
0.002137257378383948 0.001549249157029078 0.002165625000000002
0.002311823089835315 0.0009140451119072881 0.001938337905967798
0.002445875237557624 0.0003826238903181417 0.001938460225846496
0.00259281338982403 -0.0003269738281636866 0.002165625000000002
0.002373181148665379 -0.0008978148596713283 0.002119478840560008
0.002073239640246388 -0.001502844157870987 0.002165625000000003
0.00158533121216697 -0.002032353078660391 0.002181218222604475
0.001515647131600173 0.001918851703832746 0.002657737179338859
0.001944794674285402 0.001423758040734089 0.002648790308657261
0.002381436753851754 0.0009410750002735967 0.002559375000000003
0.002540515824969475 0.0003203787006272334 0.002559375000000003
0.002451746887802113 -0.0003848061403308319 0.002419323411017262
0.002164165502989999 -0.001042569823694661 0.002407922317875522
0.001982215245899209 -0.001553140967218899 0.002467152248150469
0.001589960357185234 -0.002046322930455466 0.002480941019334708
0.001635222813284659 0.001970509964361849 0.002953125000000005
0.002043913692300966 0.001507673359747179 0.002953125000000004
0.002381436753851755 0.0009410750002735954 0.002953125000000003
0.002540515824969475 0.0003203787006272322 0.002953125000000003
0.002540515824969474 -0.0003203787006272286 0.002953125000000004
0.00195584481406881 -0.001075831357284066 0.002877943910643413
0.001828095294279392 -0.001482166136569587 0.002923053253957667
0.00163522281328466 -0.001970509964361847 0.002953125000000004
0.001515647131600172 0.001918851703832746 0.003248512820661149
0.001892576141476907 0.001443023061996933 0.003239068501302953
0.001997196469797187 0.001082833047545815 0.003211546875961972
0.002540515824969476 0.0003203787006272324 0.003346875000000004
0.002133719402308452 -0.0003347409770022781 0.003489226401359722
0.001961204453391547 -0.001136732723563579 0.003497193427497823
0.00190326213852163 -0.001477653125598298 0.003456771479844449
0.001532945475151578 -0.00194881331375056 0.00344523717933886
0.00163522281328466 0.001970509964361848 0.003740625000000005
0.002073239640246386 0.00150284415787099 0.003740625000000005
0.002381436753851753 0.0009410750002735961 0.003740625000000005
0.002749706084387695 0.0003467592107730755 0.003740625000000005
0.00240224448888951 -0.00037435121807314 0.003931667476464288
0.002381436753851756 -0.0009410750002735935 0.003740625000000005
0.001935008573238537 -0.001550624509028081 0.003740625000000006
0.00163522281328466 -0.001970509964361847 0.003740625000000005
0.001564666215938815 0.001949436141220364 0.004246520280108592
0.001766026092502748 0.001525901619295452 0.004336444081396405
0.002275807474774695 0.0008993333610402359 0.004325891130163824
0.002250368242320882 0.0001810247198399233 0.004355900186902893
0.002279711438902813 -0.0002117993325021329 0.004311112175976404
0.002262185855212647 -0.0009003556115782451 0.004258897353278984
0.001848063073940639 -0.001410977214722107 0.004157847393712145
0.001532945475151579 -0.001948813313750558 0.004036012820661149
0.001635222813284659 0.00197050996436185 0.004528125000000004
0.002023204814073674 0.001359767212119629 0.004621278950824968
0.002275807474774694 0.0008993333610402364 0.004621278950824968
0.002347940878175424 0.0002693201117503998 0.004734881178827791
0.002447497363760293 -0.0003288610232934458 0.004597909223100774
0.002214572914701336 -0.0008245288880167022 0.004657342377598781
0.001903329664247826 -0.001421504275072392 0.00465734237759878
0.001617893102231618 -0.001957210894277951 0.004534822485538709
0.001454516314301279 0.00187509850978483 0.005015395074129235
0.002033138771777286 0.001449400719382906 0.004964686022045946
0.002219787201741735 0.0009032716524954964 0.005070134264017675
0.002412483226787528 0.0003169675643204142 0.00506381212118814
0.00255540040022212 -0.0003281313908699693 0.005018636449461229
0.002333345518713839 -0.0008957259287909836 0.00512231145447271
0.001991526257065343 -0.001495102277277449 0.005108250656637829
0.001637881710195819 -0.001972817809440765 0.005011891497433699
0.001609232973390953 0.001982132834487796 0.005366782906216922
0.002120114705651399 0.001558973327719151 0.00536484175061025
0.00234139622282319 0.0009793630937462701 0.005419238016403943
0.00259468486888005 0.000388536460948326 0.0053990345308523
0.002516916965251365 -0.0003174027018404972 0.005311653787272025
0.002409507724742005 -0.001037375438443879 0.005396117084132027
0.002154987076576365 -0.001497290983227934 0.005395140833896693
0.00157723870234243 -0.001972268567387179 0.005367059639059053
0.00153400122537331 0.001879358636623154 0.005765781582376673
0.002060138904276128 0.001494182293369376 0.005739984707109653
0.002381436753851755 0.0009410750002735957 0.005709375000000003
0.002538334605984583 0.0003595147156831579 0.005773731656241296
0.002454243125182393 -0.0002322531516168827 0.005732575782635419
0.002370635518040952 -0.00100378188292305 0.00577158981192515
0.002090285956199019 -0.001478440228313003 0.00577158981192515
0.001619817509266016 -0.002046307494626473 0.005787838065529849
0.001698053052961976 0.002045816515569 0.006157435344827585
0.002142000492135502 0.001552432903697969 0.006140625
0.002455593208566423 0.000965953679394327 0.006140624999999999
0.002617082631801818 0.0003246660952596257 0.006140625
0.002618491540818447 -0.0003511963236278476 0.006140749006740467
0.002482403684154056 -0.0009969911592691994 0.006140625
0.002155736355964721 -0.001460538809874328 0.00617054473840666
0.001647547757482983 -0.002120356689071502 0.00617054473840666
$EndNodes
$Elements
51 14452 1 46782
0 26 15 1
1 25 
1 1 1 1
2 1 2 
1 2 1 8
3 2 27 
4 27 28 
5 28 29 
6 29 30 
7 30 31 
8 31 32 
9 32 33 
10 33 3 
1 3 1 1
11 3 4 
1 4 1 8
12 4 34 
13 34 35 
14 35 36 
15 36 37 
16 37 38 
17 38 39 
18 39 40 
19 40 1 
1 13 1 1
20 9 10 
1 14 1 8
21 10 115 
22 115 116 
23 116 117 
24 117 118 
25 118 119 
26 119 120 
27 120 121 
28 121 11 
1 15 1 1
29 11 12 
1 16 1 8
30 12 122 
31 122 123 
32 123 124 
33 124 125 
34 125 126 
35 126 127 
36 127 128 
37 128 9 
1 25 1 1
38 17 18 
1 26 1 8
39 18 203 
40 203 204 
41 204 205 
42 205 206 
43 206 207 
44 207 208 
45 208 209 
46 209 19 
1 27 1 1
47 19 20 
1 28 1 8
48 20 210 
49 210 211 
50 211 212 
51 212 213 
52 213 214 
53 214 215 
54 215 216 
55 216 17 
1 41 1 18
44797 1 2 
44798 40 1 
44799 2 27 
44800 3 4 
44801 33 3 
44802 4 34 
44803 27 28 
44804 28 29 
44805 29 30 
44806 30 31 
44807 31 32 
44808 32 33 
44809 34 35 
44810 35 36 
44811 36 37 
44812 37 38 
44813 38 39 
44814 39 40 
1 43 1 18
44823 9 10 
44824 128 9 
44825 10 115 
44826 11 12 
44827 121 11 
44828 12 122 
44829 115 116 
44830 116 117 
44831 117 118 
44832 118 119 
44833 119 120 
44834 120 121 
44835 122 123 
44836 123 124 
44837 124 125 
44838 125 126 
44839 126 127 
44840 127 128 
1 45 1 18
44849 17 18 
44850 216 17 
44851 18 203 
44852 19 20 
44853 209 19 
44854 20 210 
44855 203 204 
44856 204 205 
44857 205 206 
44858 206 207 
44859 207 208 
44860 208 209 
44861 210 211 
44862 211 212 
44863 212 213 
44864 213 214 
44865 214 215 
44866 215 216 
1 46 1 185
44867 209 19 
44868 268 23 
44869 209 1311 
44870 209 1423 
44871 209 1731 
44872 760 247 
44873 1739 247 
44874 767 248 
44875 1739 248 
44876 1747 248 
44877 774 249 
44878 1747 249 
44879 1755 249 
44880 781 250 
44881 1755 250 
44882 788 251 
44883 795 252 
44884 802 253 
44885 1787 253 
44886 809 254 
44887 1787 254 
44888 1795 254 
44889 816 255 
44890 1795 255 
44891 858 261 
44892 268 1072 
44893 268 1184 
44894 268 1851 
44895 307 308 
44896 307 977 
44897 1141 308 
44898 329 330 
44899 329 977 
44900 1380 330 
44901 760 1311 
44902 760 1731 
44903 781 1763 
44904 788 1763 
44905 788 1771 
44906 795 1771 
44907 795 1779 
44908 802 1779 
44909 816 823 
44910 816 1653 
44911 816 1803 
44912 822 823 
44913 1802 823 
44914 1810 823 
44915 829 830 
44916 1810 830 
44917 1818 830 
44918 836 837 
44919 1604 837 
44920 1818 837 
44921 1826 837 
44922 843 844 
44923 1604 844 
44924 1826 844 
44925 1834 844 
44926 850 851 
44927 858 851 
44928 1604 851 
44929 1834 851 
44930 1842 851 
44931 858 1072 
44932 858 1843 
44933 858 1851 
44934 969 977 
44935 969 1683 
44936 1141 977 
44937 1380 977 
44938 1002 1072 
44939 1141 1005 
44940 1020 1023 
44941 1020 1025 
44942 1020 1072 
44943 1020 1168 
44944 1020 1577 
44945 1021 1023 
44946 1024 1023 
44947 1522 1023 
44948 1024 1157 
44949 1024 1188 
44950 1024 1606 
44951 1576 1071 
44952 1604 1072 
44953 1842 1072 
44954 1139 1157 
44955 1139 1683 
44956 1141 1157 
44957 1141 1202 
44958 1141 1683 
44959 1213 1157 
44960 1560 1157 
44961 1576 1157 
44962 1576 1202 
44963 1241 1311 
44964 1380 1244 
44965 1259 1262 
44966 1259 1264 
44967 1259 1311 
44968 1259 1407 
44969 1259 1497 
44970 1259 1578 
44971 1260 1262 
44972 1260 1497 
44973 1260 1598 
44974 1263 1262 
44975 1263 1396 
44976 1263 1427 
44977 1263 1598 
44978 1603 1311 
44979 1730 1311 
44980 1738 1311 
44981 1739 1311 
44982 1378 1396 
44983 1378 1683 
44984 1380 1396 
44985 1380 1441 
44986 1380 1683 
44987 1452 1396 
44988 1560 1396 
44989 1576 1396 
44990 1739 1423 
44991 1576 1441 
44992 1452 1598 
44993 1471 1598 
44994 1471 1606 
44995 1471 1689 
44996 1522 1486 
44997 1529 1497 
44998 1554 1497 
44999 1603 1497 
45000 1681 1497 
45001 1522 1577 
45002 1522 1606 
45003 1522 1653 
45004 1522 1689 
45005 1529 1526 
45006 1681 1526 
45007 1787 1526 
45008 1795 1526 
45009 1529 1598 
45010 1529 1613 
45011 1529 1653 
45012 1529 1689 
45013 1554 1598 
45014 1576 1559 
45015 1560 1598 
45016 1560 1683 
45017 1576 1598 
45018 1576 1606 
45019 1576 1683 
45020 1576 1691 
45021 1604 1577 
45022 1818 1577 
45023 1842 1577 
45024 1603 1578 
45025 1681 1578 
45026 1739 1578 
45027 1747 1578 
45028 1755 1578 
45029 1669 1598 
45030 1603 1763 
45031 1604 1653 
45032 1604 1835 
45033 1682 1606 
45034 1795 1613 
45035 1680 1653 
45036 1794 1653 
45037 1795 1653 
45038 1802 1653 
45039 1810 1653 
45040 1818 1653 
45041 1681 1657 
45042 1681 1763 
45043 1681 1771 
45044 1681 1779 
45045 1739 1731 
45046 1754 1763 
45047 1755 1763 
45048 1762 1763 
45049 1787 1779 
45050 1795 1803 
45051 1842 1843 
1 47 1 188
45052 2 1 
45053 2 20 
45054 2 1852 
45055 2 2284 
45056 6 5 
45057 6 24 
45058 6 2299 
45059 19 20 
45060 19 247 
45061 19 1852 
45062 23 24 
45063 23 1867 
45064 23 2299 
45065 56 41 
45066 57 42 
45067 248 42 
45068 59 44 
45069 65 50 
45070 69 54 
45071 260 54 
45072 70 55 
45073 56 247 
45074 56 2284 
45075 56 2285 
45076 57 58 
45077 57 247 
45078 57 1854 
45079 57 2285 
45080 57 2286 
45081 59 58 
45082 348 58 
45083 1608 58 
45084 1657 58 
45085 2316 58 
45086 2324 58 
45087 59 60 
45088 59 250 
45089 59 2287 
45090 59 2288 
45091 362 60 
45092 1657 60 
45093 2332 60 
45094 2340 60 
45095 369 61 
45096 1526 61 
45097 1657 61 
45098 1701 61 
45099 2340 61 
45100 2348 61 
45101 376 62 
45102 1526 62 
45103 1701 62 
45104 2348 62 
45105 2356 62 
45106 383 63 
45107 1526 63 
45108 1613 63 
45109 2356 63 
45110 2364 63 
45111 65 64 
45112 390 64 
45113 1613 64 
45114 2364 64 
45115 2372 64 
45116 65 66 
45117 65 256 
45118 65 2293 
45119 65 2294 
45120 404 66 
45121 1696 66 
45122 2380 66 
45123 2388 66 
45124 411 67 
45125 1609 67 
45126 1696 67 
45127 2388 67 
45128 2396 67 
45129 69 68 
45130 418 68 
45131 1609 68 
45132 1696 68 
45133 2396 68 
45134 2404 68 
45135 69 259 
45136 69 1865 
45137 69 1866 
45138 69 2297 
45139 69 2298 
45140 70 283 
45141 70 1866 
45142 70 2298 
45143 70 2299 
45144 248 247 
45145 760 247 
45146 1228 247 
45147 1407 247 
45148 1423 247 
45149 1578 247 
45150 1731 247 
45151 1739 247 
45152 248 249 
45153 248 270 
45154 248 1853 
45155 248 1854 
45156 248 2285 
45157 774 249 
45158 1578 249 
45159 1608 249 
45160 1657 249 
45161 1747 249 
45162 1755 249 
45163 781 250 
45164 1578 250 
45165 1657 250 
45166 1755 250 
45167 1763 250 
45168 788 251 
45169 1657 251 
45170 1763 251 
45171 1771 251 
45172 795 252 
45173 1526 252 
45174 1657 252 
45175 1771 252 
45176 1779 252 
45177 802 253 
45178 1526 253 
45179 1779 253 
45180 1787 253 
45181 809 254 
45182 1526 254 
45183 1613 254 
45184 1787 254 
45185 1795 254 
45186 816 255 
45187 1613 255 
45188 1795 255 
45189 1803 255 
45190 823 256 
45191 1613 256 
45192 1696 256 
45193 1803 256 
45194 1811 256 
45195 830 257 
45196 1696 257 
45197 1811 257 
45198 1819 257 
45199 837 258 
45200 1696 258 
45201 1819 258 
45202 1827 258 
45203 260 259 
45204 844 259 
45205 1609 259 
45206 1696 259 
45207 1827 259 
45208 1835 259 
45209 260 282 
45210 260 1865 
45211 260 1866 
45212 261 283 
45213 261 1866 
45214 261 1867 
45215 261 2299 
45216 989 1867 
45217 989 2299 
45218 1228 1852 
45219 1228 2284 
45220 1526 1858 
45221 1526 2290 
45222 1526 2291 
45223 1608 1854 
45224 1608 2286 
45225 1613 1860 
45226 1613 1861 
45227 1613 2292 
45228 1613 2293 
45229 1657 1855 
45230 1657 1856 
45231 1657 1857 
45232 1657 2287 
45233 1657 2288 
45234 1657 2289 
45235 1696 1863 
45236 1696 1864 
45237 1696 2294 
45238 1696 2296 
45239 1819 1863 
1 48 1 416
45240 12 1339 
45241 16 1100 
45242 17 1225 
45243 21 986 
45244 122 123 
45245 122 1246 
45246 122 1339 
45247 122 2157 
45248 193 733 
45249 193 2260 
45250 194 2260 
45251 194 2268 
45252 195 2268 
45253 196 197 
45254 196 1007 
45255 196 1100 
45256 196 2277 
45257 860 211 
45258 1870 211 
45259 1870 212 
45260 862 213 
45261 1872 213 
45262 1872 214 
45263 216 215 
45264 864 215 
45265 1874 215 
45266 216 1225 
45267 216 1421 
45268 229 1979 
45269 230 956 
45270 230 1979 
45271 230 1987 
45272 231 1987 
45273 290 289 
45274 290 986 
45275 290 1182 
45276 290 1994 
45277 649 650 
45278 649 1246 
45279 649 1339 
45280 649 2157 
45281 649 2165 
45282 657 650 
45283 656 2165 
45284 657 658 
45285 657 2165 
45286 657 2166 
45287 657 2174 
45288 663 1545 
45289 664 665 
45290 664 671 
45291 664 2174 
45292 664 2182 
45293 670 671 
45294 670 1545 
45295 670 2189 
45296 678 671 
45297 2181 671 
45298 677 2189 
45299 678 679 
45300 678 2189 
45301 678 2190 
45302 686 679 
45303 2198 679 
45304 686 687 
45305 686 2199 
45306 2207 687 
45307 692 699 
45308 693 694 
45309 693 700 
45310 2207 694 
45311 2215 694 
45312 698 699 
45313 2213 699 
45314 2214 699 
45315 2221 699 
45316 2214 700 
45317 2215 700 
45318 2215 701 
45319 705 706 
45320 2221 706 
45321 2229 706 
45322 712 713 
45323 2229 713 
45324 2237 713 
45325 719 720 
45326 719 2245 
45327 2237 720 
45328 726 727 
45329 726 733 
45330 726 2245 
45331 726 2253 
45332 740 733 
45333 2252 733 
45334 740 741 
45335 740 2260 
45336 740 2261 
45337 740 2268 
45338 740 2269 
45339 747 748 
45340 747 1100 
45341 747 2268 
45342 747 2269 
45343 747 2277 
45344 860 859 
45345 1877 859 
45346 860 861 
45347 860 1463 
45348 860 1869 
45349 862 861 
45350 868 861 
45351 1870 861 
45352 1878 861 
45353 1879 861 
45354 862 863 
45355 862 1871 
45356 862 1880 
45357 864 863 
45358 1872 863 
45359 864 1421 
45360 864 1570 
45361 864 1873 
45362 864 1881 
45363 865 1225 
45364 867 866 
45365 1877 866 
45366 1885 866 
45367 867 874 
45368 869 870 
45369 869 1880 
45370 869 1888 
45371 871 870 
45372 877 870 
45373 871 1570 
45374 871 1881 
45375 871 1889 
45376 1885 873 
45377 875 874 
45378 1543 874 
45379 1885 874 
45380 1886 874 
45381 1894 874 
45382 876 1888 
45383 877 1888 
45384 877 1889 
45385 878 1570 
45386 878 1889 
45387 882 881 
45388 1894 881 
45389 882 889 
45390 882 1902 
45391 883 890 
45392 1903 889 
45393 891 890 
45394 897 890 
45395 1903 890 
45396 1904 890 
45397 1912 890 
45398 897 896 
45399 897 1911 
45400 897 1919 
45401 904 903 
45402 904 911 
45403 904 1919 
45404 904 1927 
45405 905 912 
45406 906 913 
45407 1928 911 
45408 1928 912 
45409 1929 912 
45410 914 913 
45411 1929 913 
45412 1930 913 
45413 1938 913 
45414 921 920 
45415 1938 920 
45416 1946 920 
45417 928 927 
45418 1946 927 
45419 1954 927 
45420 935 934 
45421 1954 934 
45422 1962 934 
45423 942 941 
45424 1962 941 
45425 942 1970 
45426 949 948 
45427 949 956 
45428 949 1970 
45429 949 1978 
45430 949 1979 
45431 963 956 
45432 963 962 
45433 963 986 
45434 963 1182 
45435 963 1986 
45436 963 1987 
45437 963 1994 
45438 1152 986 
45439 1635 986 
45440 1995 986 
45441 1152 1100 
45442 1635 1100 
45443 2276 1100 
45444 1635 1101 
45445 1152 1200 
45446 1635 1200 
45447 1391 1225 
45448 1699 1225 
45449 1706 1225 
45450 1874 1225 
45451 1875 1225 
45452 1882 1225 
45453 1883 1225 
45454 1543 1242 
45455 1697 1242 
45456 1870 1242 
45457 1878 1242 
45458 1706 1246 
45459 2164 1246 
45460 1697 1254 
45461 1699 1254 
45462 1391 1339 
45463 1706 1339 
45464 2156 1339 
45465 2164 1339 
45466 1706 1340 
45467 1485 1342 
45468 1518 1352 
45469 1543 1352 
45470 1485 1353 
45471 1699 1353 
45472 1706 1353 
45473 1543 1354 
45474 1518 1356 
45475 1543 1356 
45476 1697 1356 
45477 1543 1365 
45478 1485 1371 
45479 1518 1371 
45480 1485 1389 
45481 1518 1389 
45482 1391 1439 
45483 1877 1392 
45484 1699 1404 
45485 1697 1414 
45486 1870 1414 
45487 1879 1414 
45488 1697 1416 
45489 1872 1416 
45490 1879 1416 
45491 1543 1418 
45492 1697 1418 
45493 1699 1421 
45494 1874 1421 
45495 1882 1421 
45496 1697 1433 
45497 1699 1439 
45498 1706 1439 
45499 1697 1453 
45500 1543 1463 
45501 1870 1463 
45502 1877 1463 
45503 1878 1463 
45504 1485 1465 
45505 1518 1465 
45506 1631 1465 
45507 1920 1465 
45508 1928 1465 
45509 2207 1465 
45510 2215 1465 
45511 1630 1466 
45512 1631 1466 
45513 1630 1482 
45514 1962 1482 
45515 1485 1512 
45516 1485 1545 
45517 1485 1570 
45518 1485 1614 
45519 1485 2189 
45520 1518 1489 
45521 1543 1489 
45522 1903 1489 
45523 1630 1496 
45524 1635 1496 
45525 1963 1496 
45526 1971 1496 
45527 2252 1496 
45528 1631 1512 
45529 2197 1512 
45530 2198 1512 
45531 2206 1512 
45532 2207 1512 
45533 1630 1513 
45534 1543 1514 
45535 1877 1514 
45536 1885 1514 
45537 1518 1570 
45538 1518 1614 
45539 1518 1677 
45540 1518 1911 
45541 1543 1677 
45542 1543 1893 
45543 1543 1902 
45544 1630 1544 
45545 1635 1544 
45546 2244 1544 
45547 2252 1544 
45548 1706 1545 
45549 2172 1545 
45550 2173 1545 
45551 2180 1545 
45552 2181 1545 
45553 2188 1545 
45554 1697 1570 
45555 1699 1570 
45556 1890 1570 
45557 1896 1570 
45558 1897 1570 
45559 1898 1570 
45560 1906 1570 
45561 1630 1612 
45562 1635 1612 
45563 1962 1612 
45564 1963 1612 
45565 1971 1612 
45566 1630 1937 
45567 1630 1945 
45568 1630 1953 
45569 1630 2222 
45570 1630 2230 
45571 1630 2238 
45572 1630 2245 
45573 1631 1936 
45574 1631 1937 
45575 1631 2222 
45576 1631 2223 
45577 1631 2230 
45578 1635 1979 
45579 1635 1987 
45580 1635 2260 
45581 1635 2268 
45582 1697 1880 
45583 1697 1888 
45584 1706 2165 
45585 1877 1869 
45586 1872 1871 
45587 1879 1871 
45588 1872 1880 
45589 1885 1893 
45590 1896 1888 
45591 1896 1889 
45592 1897 1889 
45593 1894 1902 
45594 1903 1902 
45595 1903 1910 
45596 1903 1911 
45597 1904 1911 
45598 1912 1911 
45599 1920 1911 
45600 1920 1919 
45601 1928 1919 
45602 1928 1927 
45603 1928 1935 
45604 1928 1936 
45605 1929 1936 
45606 1929 1937 
45607 1930 1937 
45608 1938 1937 
45609 1946 1937 
45610 1946 1945 
45611 1954 1945 
45612 1954 1953 
45613 1962 1953 
45614 1962 1961 
45615 1962 1970 
45616 1963 1970 
45617 1971 1970 
45618 1971 1978 
45619 1971 1979 
45620 1995 1987 
45621 2164 2165 
45622 2172 2165 
45623 2173 2165 
45624 2173 2166 
45625 2173 2174 
45626 2173 2182 
45627 2181 2182 
45628 2181 2189 
45629 2181 2190 
45630 2188 2189 
45631 2197 2189 
45632 2197 2190 
45633 2198 2190 
45634 2198 2199 
45635 2206 2199 
45636 2207 2199 
45637 2207 2208 
45638 2215 2208 
45639 2213 2222 
45640 2214 2222 
45641 2214 2223 
45642 2215 2216 
45643 2215 2223 
45644 2221 2222 
45645 2229 2222 
45646 2229 2230 
45647 2229 2238 
45648 2236 2245 
45649 2237 2238 
45650 2237 2245 
45651 2244 2245 
45652 2244 2253 
45653 2252 2253 
45654 2252 2260 
45655 2276 2268 
1 49 1 341
45656 1 2 
45657 20 2 
45658 1852 2 
45659 2284 2 
45660 5 6 
45661 24 6 
45662 2299 6 
45663 20 19 
45664 209 19 
45665 247 19 
45666 1852 19 
45667 24 23 
45668 268 23 
45669 1867 23 
45670 2299 23 
45671 41 56 
45672 42 57 
45673 42 248 
45674 44 59 
45675 50 65 
45676 54 69 
45677 54 260 
45678 55 70 
45679 247 56 
45680 2284 56 
45681 2285 56 
45682 58 57 
45683 247 57 
45684 1854 57 
45685 2285 57 
45686 2286 57 
45687 58 59 
45688 58 348 
45689 58 1608 
45690 58 1657 
45691 58 2316 
45692 58 2324 
45693 60 59 
45694 250 59 
45695 2287 59 
45696 2288 59 
45697 60 362 
45698 60 1657 
45699 60 2332 
45700 60 2340 
45701 61 369 
45702 61 1526 
45703 61 1657 
45704 61 1701 
45705 61 2340 
45706 61 2348 
45707 62 376 
45708 62 1526 
45709 62 1701 
45710 62 2348 
45711 62 2356 
45712 63 383 
45713 63 1526 
45714 63 1613 
45715 63 2356 
45716 63 2364 
45717 64 65 
45718 64 390 
45719 64 1613 
45720 64 2364 
45721 64 2372 
45722 66 65 
45723 256 65 
45724 2293 65 
45725 2294 65 
45726 66 404 
45727 66 1696 
45728 66 2380 
45729 66 2388 
45730 67 411 
45731 67 1609 
45732 67 1696 
45733 67 2388 
45734 67 2396 
45735 68 69 
45736 68 418 
45737 68 1609 
45738 68 1696 
45739 68 2396 
45740 68 2404 
45741 259 69 
45742 1865 69 
45743 1866 69 
45744 2297 69 
45745 2298 69 
45746 283 70 
45747 1866 70 
45748 2298 70 
45749 2299 70 
45750 209 1311 
45751 209 1423 
45752 209 1731 
45753 247 248 
45754 247 1228 
45755 247 1407 
45756 247 1423 
45757 247 1578 
45758 247 1731 
45759 249 248 
45760 270 248 
45761 767 248 
45762 1739 248 
45763 1747 248 
45764 1853 248 
45765 1854 248 
45766 2285 248 
45767 249 1578 
45768 249 1608 
45769 249 1657 
45770 250 1578 
45771 250 1657 
45772 250 1763 
45773 251 1657 
45774 251 1763 
45775 251 1771 
45776 252 1526 
45777 252 1657 
45778 252 1771 
45779 252 1779 
45780 253 1526 
45781 253 1779 
45782 254 1526 
45783 254 1613 
45784 255 1613 
45785 255 1803 
45786 256 823 
45787 256 1613 
45788 256 1696 
45789 256 1803 
45790 256 1811 
45791 257 830 
45792 257 1696 
45793 257 1811 
45794 257 1819 
45795 258 837 
45796 258 1696 
45797 258 1819 
45798 258 1827 
45799 259 260 
45800 259 844 
45801 259 1609 
45802 259 1696 
45803 259 1827 
45804 259 1835 
45805 282 260 
45806 1865 260 
45807 1866 260 
45808 283 261 
45809 858 261 
45810 1866 261 
45811 1867 261 
45812 2299 261 
45813 268 1072 
45814 268 1184 
45815 268 1851 
45816 307 308 
45817 307 977 
45818 1141 308 
45819 329 330 
45820 329 977 
45821 1380 330 
45822 760 1311 
45823 760 1731 
45824 781 1763 
45825 788 1763 
45826 788 1771 
45827 795 1771 
45828 795 1779 
45829 802 1779 
45830 816 823 
45831 816 1653 
45832 816 1803 
45833 822 823 
45834 1802 823 
45835 1810 823 
45836 829 830 
45837 1810 830 
45838 1818 830 
45839 836 837 
45840 1604 837 
45841 1818 837 
45842 1826 837 
45843 843 844 
45844 1604 844 
45845 1826 844 
45846 1834 844 
45847 850 851 
45848 858 851 
45849 1604 851 
45850 1834 851 
45851 1842 851 
45852 858 1072 
45853 858 1843 
45854 858 1851 
45855 969 977 
45856 969 1683 
45857 1141 977 
45858 1380 977 
45859 1867 989 
45860 2299 989 
45861 1002 1072 
45862 1141 1005 
45863 1020 1023 
45864 1020 1025 
45865 1020 1072 
45866 1020 1168 
45867 1020 1577 
45868 1021 1023 
45869 1024 1023 
45870 1522 1023 
45871 1024 1157 
45872 1024 1188 
45873 1024 1606 
45874 1576 1071 
45875 1604 1072 
45876 1842 1072 
45877 1139 1157 
45878 1139 1683 
45879 1141 1157 
45880 1141 1202 
45881 1141 1683 
45882 1213 1157 
45883 1560 1157 
45884 1576 1157 
45885 1576 1202 
45886 1852 1228 
45887 2284 1228 
45888 1241 1311 
45889 1380 1244 
45890 1259 1262 
45891 1259 1264 
45892 1259 1311 
45893 1259 1407 
45894 1259 1497 
45895 1259 1578 
45896 1260 1262 
45897 1260 1497 
45898 1260 1598 
45899 1263 1262 
45900 1263 1396 
45901 1263 1427 
45902 1263 1598 
45903 1603 1311 
45904 1730 1311 
45905 1738 1311 
45906 1739 1311 
45907 1378 1396 
45908 1378 1683 
45909 1380 1396 
45910 1380 1441 
45911 1380 1683 
45912 1452 1396 
45913 1560 1396 
45914 1576 1396 
45915 1739 1423 
45916 1576 1441 
45917 1452 1598 
45918 1471 1598 
45919 1471 1606 
45920 1471 1689 
45921 1522 1486 
45922 1529 1497 
45923 1554 1497 
45924 1603 1497 
45925 1681 1497 
45926 1522 1577 
45927 1522 1606 
45928 1522 1653 
45929 1522 1689 
45930 1529 1526 
45931 1681 1526 
45932 1787 1526 
45933 1795 1526 
45934 1858 1526 
45935 2290 1526 
45936 2291 1526 
45937 1529 1598 
45938 1529 1613 
45939 1529 1653 
45940 1529 1689 
45941 1554 1598 
45942 1576 1559 
45943 1560 1598 
45944 1560 1683 
45945 1576 1598 
45946 1576 1606 
45947 1576 1683 
45948 1576 1691 
45949 1604 1577 
45950 1818 1577 
45951 1842 1577 
45952 1603 1578 
45953 1681 1578 
45954 1739 1578 
45955 1747 1578 
45956 1755 1578 
45957 1669 1598 
45958 1603 1763 
45959 1604 1653 
45960 1604 1835 
45961 1682 1606 
45962 1854 1608 
45963 2286 1608 
45964 1795 1613 
45965 1860 1613 
45966 1861 1613 
45967 2292 1613 
45968 2293 1613 
45969 1680 1653 
45970 1794 1653 
45971 1795 1653 
45972 1802 1653 
45973 1810 1653 
45974 1818 1653 
45975 1681 1657 
45976 1855 1657 
45977 1856 1657 
45978 1857 1657 
45979 2287 1657 
45980 2288 1657 
45981 2289 1657 
45982 1681 1763 
45983 1681 1771 
45984 1681 1779 
45985 1863 1696 
45986 1864 1696 
45987 2294 1696 
45988 2296 1696 
45989 1739 1731 
45990 1754 1763 
45991 1755 1763 
45992 1762 1763 
45993 1787 1779 
45994 1795 1803 
45995 1863 1819 
45996 1842 1843 
1 50 1 601
45997 12 1339 
45998 16 1100 
45999 17 1225 
46000 209 19 
46001 21 986 
46002 268 23 
46003 122 123 
46004 122 1246 
46005 122 1339 
46006 122 2157 
46007 193 733 
46008 193 2260 
46009 194 2260 
46010 194 2268 
46011 195 2268 
46012 196 197 
46013 196 1007 
46014 196 1100 
46015 196 2277 
46016 209 1311 
46017 209 1423 
46018 209 1731 
46019 860 211 
46020 1870 211 
46021 1870 212 
46022 862 213 
46023 1872 213 
46024 1872 214 
46025 216 215 
46026 864 215 
46027 1874 215 
46028 216 1225 
46029 216 1421 
46030 229 1979 
46031 230 956 
46032 230 1979 
46033 230 1987 
46034 231 1987 
46035 760 247 
46036 1739 247 
46037 767 248 
46038 1739 248 
46039 1747 248 
46040 774 249 
46041 1747 249 
46042 1755 249 
46043 781 250 
46044 1755 250 
46045 788 251 
46046 795 252 
46047 802 253 
46048 1787 253 
46049 809 254 
46050 1787 254 
46051 1795 254 
46052 816 255 
46053 1795 255 
46054 858 261 
46055 268 1072 
46056 268 1184 
46057 268 1851 
46058 290 289 
46059 290 986 
46060 290 1182 
46061 290 1994 
46062 307 308 
46063 307 977 
46064 1141 308 
46065 329 330 
46066 329 977 
46067 1380 330 
46068 649 650 
46069 649 1246 
46070 649 1339 
46071 649 2157 
46072 649 2165 
46073 657 650 
46074 656 2165 
46075 657 658 
46076 657 2165 
46077 657 2166 
46078 657 2174 
46079 663 1545 
46080 664 665 
46081 664 671 
46082 664 2174 
46083 664 2182 
46084 670 671 
46085 670 1545 
46086 670 2189 
46087 678 671 
46088 2181 671 
46089 677 2189 
46090 678 679 
46091 678 2189 
46092 678 2190 
46093 686 679 
46094 2198 679 
46095 686 687 
46096 686 2199 
46097 2207 687 
46098 692 699 
46099 693 694 
46100 693 700 
46101 2207 694 
46102 2215 694 
46103 698 699 
46104 2213 699 
46105 2214 699 
46106 2221 699 
46107 2214 700 
46108 2215 700 
46109 2215 701 
46110 705 706 
46111 2221 706 
46112 2229 706 
46113 712 713 
46114 2229 713 
46115 2237 713 
46116 719 720 
46117 719 2245 
46118 2237 720 
46119 726 727 
46120 726 733 
46121 726 2245 
46122 726 2253 
46123 740 733 
46124 2252 733 
46125 740 741 
46126 740 2260 
46127 740 2261 
46128 740 2268 
46129 740 2269 
46130 747 748 
46131 747 1100 
46132 747 2268 
46133 747 2269 
46134 747 2277 
46135 760 1311 
46136 760 1731 
46137 781 1763 
46138 788 1763 
46139 788 1771 
46140 795 1771 
46141 795 1779 
46142 802 1779 
46143 816 823 
46144 816 1653 
46145 816 1803 
46146 822 823 
46147 1802 823 
46148 1810 823 
46149 829 830 
46150 1810 830 
46151 1818 830 
46152 836 837 
46153 1604 837 
46154 1818 837 
46155 1826 837 
46156 843 844 
46157 1604 844 
46158 1826 844 
46159 1834 844 
46160 850 851 
46161 858 851 
46162 1604 851 
46163 1834 851 
46164 1842 851 
46165 858 1072 
46166 858 1843 
46167 858 1851 
46168 860 859 
46169 1877 859 
46170 860 861 
46171 860 1463 
46172 860 1869 
46173 862 861 
46174 868 861 
46175 1870 861 
46176 1878 861 
46177 1879 861 
46178 862 863 
46179 862 1871 
46180 862 1880 
46181 864 863 
46182 1872 863 
46183 864 1421 
46184 864 1570 
46185 864 1873 
46186 864 1881 
46187 865 1225 
46188 867 866 
46189 1877 866 
46190 1885 866 
46191 867 874 
46192 869 870 
46193 869 1880 
46194 869 1888 
46195 871 870 
46196 877 870 
46197 871 1570 
46198 871 1881 
46199 871 1889 
46200 1885 873 
46201 875 874 
46202 1543 874 
46203 1885 874 
46204 1886 874 
46205 1894 874 
46206 876 1888 
46207 877 1888 
46208 877 1889 
46209 878 1570 
46210 878 1889 
46211 882 881 
46212 1894 881 
46213 882 889 
46214 882 1902 
46215 883 890 
46216 1903 889 
46217 891 890 
46218 897 890 
46219 1903 890 
46220 1904 890 
46221 1912 890 
46222 897 896 
46223 897 1911 
46224 897 1919 
46225 904 903 
46226 904 911 
46227 904 1919 
46228 904 1927 
46229 905 912 
46230 906 913 
46231 1928 911 
46232 1928 912 
46233 1929 912 
46234 914 913 
46235 1929 913 
46236 1930 913 
46237 1938 913 
46238 921 920 
46239 1938 920 
46240 1946 920 
46241 928 927 
46242 1946 927 
46243 1954 927 
46244 935 934 
46245 1954 934 
46246 1962 934 
46247 942 941 
46248 1962 941 
46249 942 1970 
46250 949 948 
46251 949 956 
46252 949 1970 
46253 949 1978 
46254 949 1979 
46255 963 956 
46256 963 962 
46257 963 986 
46258 963 1182 
46259 963 1986 
46260 963 1987 
46261 963 1994 
46262 969 977 
46263 969 1683 
46264 1141 977 
46265 1380 977 
46266 1152 986 
46267 1635 986 
46268 1995 986 
46269 1002 1072 
46270 1141 1005 
46271 1020 1023 
46272 1020 1025 
46273 1020 1072 
46274 1020 1168 
46275 1020 1577 
46276 1021 1023 
46277 1024 1023 
46278 1522 1023 
46279 1024 1157 
46280 1024 1188 
46281 1024 1606 
46282 1576 1071 
46283 1604 1072 
46284 1842 1072 
46285 1152 1100 
46286 1635 1100 
46287 2276 1100 
46288 1635 1101 
46289 1139 1157 
46290 1139 1683 
46291 1141 1157 
46292 1141 1202 
46293 1141 1683 
46294 1152 1200 
46295 1213 1157 
46296 1560 1157 
46297 1576 1157 
46298 1635 1200 
46299 1576 1202 
46300 1391 1225 
46301 1699 1225 
46302 1706 1225 
46303 1874 1225 
46304 1875 1225 
46305 1882 1225 
46306 1883 1225 
46307 1241 1311 
46308 1543 1242 
46309 1697 1242 
46310 1870 1242 
46311 1878 1242 
46312 1380 1244 
46313 1706 1246 
46314 2164 1246 
46315 1697 1254 
46316 1699 1254 
46317 1259 1262 
46318 1259 1264 
46319 1259 1311 
46320 1259 1407 
46321 1259 1497 
46322 1259 1578 
46323 1260 1262 
46324 1260 1497 
46325 1260 1598 
46326 1263 1262 
46327 1263 1396 
46328 1263 1427 
46329 1263 1598 
46330 1603 1311 
46331 1730 1311 
46332 1738 1311 
46333 1739 1311 
46334 1391 1339 
46335 1706 1339 
46336 2156 1339 
46337 2164 1339 
46338 1706 1340 
46339 1485 1342 
46340 1518 1352 
46341 1543 1352 
46342 1485 1353 
46343 1699 1353 
46344 1706 1353 
46345 1543 1354 
46346 1518 1356 
46347 1543 1356 
46348 1697 1356 
46349 1543 1365 
46350 1485 1371 
46351 1518 1371 
46352 1378 1396 
46353 1378 1683 
46354 1380 1396 
46355 1380 1441 
46356 1380 1683 
46357 1485 1389 
46358 1518 1389 
46359 1391 1439 
46360 1877 1392 
46361 1452 1396 
46362 1560 1396 
46363 1576 1396 
46364 1699 1404 
46365 1697 1414 
46366 1870 1414 
46367 1879 1414 
46368 1697 1416 
46369 1872 1416 
46370 1879 1416 
46371 1543 1418 
46372 1697 1418 
46373 1699 1421 
46374 1874 1421 
46375 1882 1421 
46376 1739 1423 
46377 1697 1433 
46378 1699 1439 
46379 1706 1439 
46380 1576 1441 
46381 1452 1598 
46382 1697 1453 
46383 1543 1463 
46384 1870 1463 
46385 1877 1463 
46386 1878 1463 
46387 1485 1465 
46388 1518 1465 
46389 1631 1465 
46390 1920 1465 
46391 1928 1465 
46392 2207 1465 
46393 2215 1465 
46394 1630 1466 
46395 1631 1466 
46396 1471 1598 
46397 1471 1606 
46398 1471 1689 
46399 1630 1482 
46400 1962 1482 
46401 1485 1512 
46402 1485 1545 
46403 1485 1570 
46404 1485 1614 
46405 1485 2189 
46406 1522 1486 
46407 1518 1489 
46408 1543 1489 
46409 1903 1489 
46410 1630 1496 
46411 1635 1496 
46412 1963 1496 
46413 1971 1496 
46414 2252 1496 
46415 1529 1497 
46416 1554 1497 
46417 1603 1497 
46418 1681 1497 
46419 1631 1512 
46420 2197 1512 
46421 2198 1512 
46422 2206 1512 
46423 2207 1512 
46424 1630 1513 
46425 1543 1514 
46426 1877 1514 
46427 1885 1514 
46428 1518 1570 
46429 1518 1614 
46430 1518 1677 
46431 1518 1911 
46432 1522 1577 
46433 1522 1606 
46434 1522 1653 
46435 1522 1689 
46436 1529 1526 
46437 1681 1526 
46438 1787 1526 
46439 1795 1526 
46440 1529 1598 
46441 1529 1613 
46442 1529 1653 
46443 1529 1689 
46444 1543 1677 
46445 1543 1893 
46446 1543 1902 
46447 1630 1544 
46448 1635 1544 
46449 2244 1544 
46450 2252 1544 
46451 1706 1545 
46452 2172 1545 
46453 2173 1545 
46454 2180 1545 
46455 2181 1545 
46456 2188 1545 
46457 1554 1598 
46458 1576 1559 
46459 1560 1598 
46460 1560 1683 
46461 1697 1570 
46462 1699 1570 
46463 1890 1570 
46464 1896 1570 
46465 1897 1570 
46466 1898 1570 
46467 1906 1570 
46468 1576 1598 
46469 1576 1606 
46470 1576 1683 
46471 1576 1691 
46472 1604 1577 
46473 1818 1577 
46474 1842 1577 
46475 1603 1578 
46476 1681 1578 
46477 1739 1578 
46478 1747 1578 
46479 1755 1578 
46480 1669 1598 
46481 1603 1763 
46482 1604 1653 
46483 1604 1835 
46484 1682 1606 
46485 1630 1612 
46486 1635 1612 
46487 1962 1612 
46488 1963 1612 
46489 1971 1612 
46490 1795 1613 
46491 1630 1937 
46492 1630 1945 
46493 1630 1953 
46494 1630 2222 
46495 1630 2230 
46496 1630 2238 
46497 1630 2245 
46498 1631 1936 
46499 1631 1937 
46500 1631 2222 
46501 1631 2223 
46502 1631 2230 
46503 1635 1979 
46504 1635 1987 
46505 1635 2260 
46506 1635 2268 
46507 1680 1653 
46508 1794 1653 
46509 1795 1653 
46510 1802 1653 
46511 1810 1653 
46512 1818 1653 
46513 1681 1657 
46514 1681 1763 
46515 1681 1771 
46516 1681 1779 
46517 1697 1880 
46518 1697 1888 
46519 1706 2165 
46520 1739 1731 
46521 1754 1763 
46522 1755 1763 
46523 1762 1763 
46524 1787 1779 
46525 1795 1803 
46526 1842 1843 
46527 1877 1869 
46528 1872 1871 
46529 1879 1871 
46530 1872 1880 
46531 1885 1893 
46532 1896 1888 
46533 1896 1889 
46534 1897 1889 
46535 1894 1902 
46536 1903 1902 
46537 1903 1910 
46538 1903 1911 
46539 1904 1911 
46540 1912 1911 
46541 1920 1911 
46542 1920 1919 
46543 1928 1919 
46544 1928 1927 
46545 1928 1935 
46546 1928 1936 
46547 1929 1936 
46548 1929 1937 
46549 1930 1937 
46550 1938 1937 
46551 1946 1937 
46552 1946 1945 
46553 1954 1945 
46554 1954 1953 
46555 1962 1953 
46556 1962 1961 
46557 1962 1970 
46558 1963 1970 
46559 1971 1970 
46560 1971 1978 
46561 1971 1979 
46562 1995 1987 
46563 2164 2165 
46564 2172 2165 
46565 2173 2165 
46566 2173 2166 
46567 2173 2174 
46568 2173 2182 
46569 2181 2182 
46570 2181 2189 
46571 2181 2190 
46572 2188 2189 
46573 2197 2189 
46574 2197 2190 
46575 2198 2190 
46576 2198 2199 
46577 2206 2199 
46578 2207 2199 
46579 2207 2208 
46580 2215 2208 
46581 2213 2222 
46582 2214 2222 
46583 2214 2223 
46584 2215 2216 
46585 2215 2223 
46586 2221 2222 
46587 2229 2222 
46588 2229 2230 
46589 2229 2238 
46590 2236 2245 
46591 2237 2238 
46592 2237 2245 
46593 2244 2245 
46594 2244 2253 
46595 2252 2253 
46596 2252 2260 
46597 2276 2268 
1 51 1 185
46598 209 19 
46599 268 23 
46600 209 1311 
46601 209 1423 
46602 209 1731 
46603 760 247 
46604 1739 247 
46605 767 248 
46606 1739 248 
46607 1747 248 
46608 774 249 
46609 1747 249 
46610 1755 249 
46611 781 250 
46612 1755 250 
46613 788 251 
46614 795 252 
46615 802 253 
46616 1787 253 
46617 809 254 
46618 1787 254 
46619 1795 254 
46620 816 255 
46621 1795 255 
46622 858 261 
46623 268 1072 
46624 268 1184 
46625 268 1851 
46626 307 308 
46627 307 977 
46628 1141 308 
46629 329 330 
46630 329 977 
46631 1380 330 
46632 760 1311 
46633 760 1731 
46634 781 1763 
46635 788 1763 
46636 788 1771 
46637 795 1771 
46638 795 1779 
46639 802 1779 
46640 816 823 
46641 816 1653 
46642 816 1803 
46643 822 823 
46644 1802 823 
46645 1810 823 
46646 829 830 
46647 1810 830 
46648 1818 830 
46649 836 837 
46650 1604 837 
46651 1818 837 
46652 1826 837 
46653 843 844 
46654 1604 844 
46655 1826 844 
46656 1834 844 
46657 850 851 
46658 858 851 
46659 1604 851 
46660 1834 851 
46661 1842 851 
46662 858 1072 
46663 858 1843 
46664 858 1851 
46665 969 977 
46666 969 1683 
46667 1141 977 
46668 1380 977 
46669 1002 1072 
46670 1141 1005 
46671 1020 1023 
46672 1020 1025 
46673 1020 1072 
46674 1020 1168 
46675 1020 1577 
46676 1021 1023 
46677 1024 1023 
46678 1522 1023 
46679 1024 1157 
46680 1024 1188 
46681 1024 1606 
46682 1576 1071 
46683 1604 1072 
46684 1842 1072 
46685 1139 1157 
46686 1139 1683 
46687 1141 1157 
46688 1141 1202 
46689 1141 1683 
46690 1213 1157 
46691 1560 1157 
46692 1576 1157 
46693 1576 1202 
46694 1241 1311 
46695 1380 1244 
46696 1259 1262 
46697 1259 1264 
46698 1259 1311 
46699 1259 1407 
46700 1259 1497 
46701 1259 1578 
46702 1260 1262 
46703 1260 1497 
46704 1260 1598 
46705 1263 1262 
46706 1263 1396 
46707 1263 1427 
46708 1263 1598 
46709 1603 1311 
46710 1730 1311 
46711 1738 1311 
46712 1739 1311 
46713 1378 1396 
46714 1378 1683 
46715 1380 1396 
46716 1380 1441 
46717 1380 1683 
46718 1452 1396 
46719 1560 1396 
46720 1576 1396 
46721 1739 1423 
46722 1576 1441 
46723 1452 1598 
46724 1471 1598 
46725 1471 1606 
46726 1471 1689 
46727 1522 1486 
46728 1529 1497 
46729 1554 1497 
46730 1603 1497 
46731 1681 1497 
46732 1522 1577 
46733 1522 1606 
46734 1522 1653 
46735 1522 1689 
46736 1529 1526 
46737 1681 1526 
46738 1787 1526 
46739 1795 1526 
46740 1529 1598 
46741 1529 1613 
46742 1529 1653 
46743 1529 1689 
46744 1554 1598 
46745 1576 1559 
46746 1560 1598 
46747 1560 1683 
46748 1576 1598 
46749 1576 1606 
46750 1576 1683 
46751 1576 1691 
46752 1604 1577 
46753 1818 1577 
46754 1842 1577 
46755 1603 1578 
46756 1681 1578 
46757 1739 1578 
46758 1747 1578 
46759 1755 1578 
46760 1669 1598 
46761 1603 1763 
46762 1604 1653 
46763 1604 1835 
46764 1682 1606 
46765 1795 1613 
46766 1680 1653 
46767 1794 1653 
46768 1795 1653 
46769 1802 1653 
46770 1810 1653 
46771 1818 1653 
46772 1681 1657 
46773 1681 1763 
46774 1681 1771 
46775 1681 1779 
46776 1739 1731 
46777 1754 1763 
46778 1755 1763 
46779 1762 1763 
46780 1787 1779 
46781 1795 1803 
46782 1842 1843 
2 1 3 8
56 1 2 27 40 
57 40 27 28 39 
58 39 28 29 38 
59 38 29 30 37 
60 37 30 31 36 
61 36 31 32 35 
62 35 32 33 34 
63 34 33 3 4 
2 2 3 16
64 1 2 56 41 
65 41 56 57 42 
66 42 57 58 43 
67 43 58 59 44 
68 44 59 60 45 
69 45 60 61 46 
70 46 61 62 47 
71 47 62 63 48 
72 48 63 64 49 
73 49 64 65 50 
74 50 65 66 51 
75 51 66 67 52 
76 52 67 68 53 
77 53 68 69 54 
78 54 69 70 55 
79 55 70 6 5 
2 3 3 128
80 2 27 334 56 
81 27 28 335 334 
82 28 29 336 335 
83 29 30 337 336 
84 30 31 338 337 
85 31 32 339 338 
86 32 33 340 339 
87 33 3 71 340 
88 56 334 341 57 
89 334 335 342 341 
90 335 336 343 342 
91 336 337 344 343 
92 337 338 345 344 
93 338 339 346 345 
94 339 340 347 346 
95 340 71 72 347 
96 57 341 348 58 
97 341 342 349 348 
98 342 343 350 349 
99 343 344 351 350 
100 344 345 352 351 
101 345 346 353 352 
102 346 347 354 353 
103 347 72 73 354 
104 58 348 355 59 
105 348 349 356 355 
106 349 350 357 356 
107 350 351 358 357 
108 351 352 359 358 
109 352 353 360 359 
110 353 354 361 360 
111 354 73 74 361 
112 59 355 362 60 
113 355 356 363 362 
114 356 357 364 363 
115 357 358 365 364 
116 358 359 366 365 
117 359 360 367 366 
118 360 361 368 367 
119 361 74 75 368 
120 60 362 369 61 
121 362 363 370 369 
122 363 364 371 370 
123 364 365 372 371 
124 365 366 373 372 
125 366 367 374 373 
126 367 368 375 374 
127 368 75 76 375 
128 61 369 376 62 
129 369 370 377 376 
130 370 371 378 377 
131 371 372 379 378 
132 372 373 380 379 
133 373 374 381 380 
134 374 375 382 381 
135 375 76 77 382 
136 62 376 383 63 
137 376 377 384 383 
138 377 378 385 384 
139 378 379 386 385 
140 379 380 387 386 
141 380 381 388 387 
142 381 382 389 388 
143 382 77 78 389 
144 63 383 390 64 
145 383 384 391 390 
146 384 385 392 391 
147 385 386 393 392 
148 386 387 394 393 
149 387 388 395 394 
150 388 389 396 395 
151 389 78 79 396 
152 64 390 397 65 
153 390 391 398 397 
154 391 392 399 398 
155 392 393 400 399 
156 393 394 401 400 
157 394 395 402 401 
158 395 396 403 402 
159 396 79 80 403 
160 65 397 404 66 
161 397 398 405 404 
162 398 399 406 405 
163 399 400 407 406 
164 400 401 408 407 
165 401 402 409 408 
166 402 403 410 409 
167 403 80 81 410 
168 66 404 411 67 
169 404 405 412 411 
170 405 406 413 412 
171 406 407 414 413 
172 407 408 415 414 
173 408 409 416 415 
174 409 410 417 416 
175 410 81 82 417 
176 67 411 418 68 
177 411 412 419 418 
178 412 413 420 419 
179 413 414 421 420 
180 414 415 422 421 
181 415 416 423 422 
182 416 417 424 423 
183 417 82 83 424 
184 68 418 425 69 
185 418 419 426 425 
186 419 420 427 426 
187 420 421 428 427 
188 421 422 429 428 
189 422 423 430 429 
190 423 424 431 430 
191 424 83 84 431 
192 69 425 432 70 
193 425 426 433 432 
194 426 427 434 433 
195 427 428 435 434 
196 428 429 436 435 
197 429 430 437 436 
198 430 431 438 437 
199 431 84 85 438 
200 70 432 86 6 
201 432 433 87 86 
202 433 434 88 87 
203 434 435 89 88 
204 435 436 90 89 
205 436 437 91 90 
206 437 438 92 91 
207 438 85 7 92 
2 4 3 16
208 3 4 93 71 
209 71 93 94 72 
210 72 94 95 73 
211 73 95 96 74 
212 74 96 97 75 
213 75 97 98 76 
214 76 98 99 77 
215 77 99 100 78 
216 78 100 101 79 
217 79 101 102 80 
218 80 102 103 81 
219 81 103 104 82 
220 82 104 105 83 
221 83 105 106 84 
222 84 106 107 85 
223 85 107 8 7 
2 5 3 128
224 4 34 439 93 
225 34 35 440 439 
226 35 36 441 440 
227 36 37 442 441 
228 37 38 443 442 
229 38 39 444 443 
230 39 40 445 444 
231 40 1 41 445 
232 93 439 446 94 
233 439 440 447 446 
234 440 441 448 447 
235 441 442 449 448 
236 442 443 450 449 
237 443 444 451 450 
238 444 445 452 451 
239 445 41 42 452 
240 94 446 453 95 
241 446 447 454 453 
242 447 448 455 454 
243 448 449 456 455 
244 449 450 457 456 
245 450 451 458 457 
246 451 452 459 458 
247 452 42 43 459 
248 95 453 460 96 
249 453 454 461 460 
250 454 455 462 461 
251 455 456 463 462 
252 456 457 464 463 
253 457 458 465 464 
254 458 459 466 465 
255 459 43 44 466 
256 96 460 467 97 
257 460 461 468 467 
258 461 462 469 468 
259 462 463 470 469 
260 463 464 471 470 
261 464 465 472 471 
262 465 466 473 472 
263 466 44 45 473 
264 97 467 474 98 
265 467 468 475 474 
266 468 469 476 475 
267 469 470 477 476 
268 470 471 478 477 
269 471 472 479 478 
270 472 473 480 479 
271 473 45 46 480 
272 98 474 481 99 
273 474 475 482 481 
274 475 476 483 482 
275 476 477 484 483 
276 477 478 485 484 
277 478 479 486 485 
278 479 480 487 486 
279 480 46 47 487 
280 99 481 488 100 
281 481 482 489 488 
282 482 483 490 489 
283 483 484 491 490 
284 484 485 492 491 
285 485 486 493 492 
286 486 487 494 493 
287 487 47 48 494 
288 100 488 495 101 
289 488 489 496 495 
290 489 490 497 496 
291 490 491 498 497 
292 491 492 499 498 
293 492 493 500 499 
294 493 494 501 500 
295 494 48 49 501 
296 101 495 502 102 
297 495 496 503 502 
298 496 497 504 503 
299 497 498 505 504 
300 498 499 506 505 
301 499 500 507 506 
302 500 501 508 507 
303 501 49 50 508 
304 102 502 509 103 
305 502 503 510 509 
306 503 504 511 510 
307 504 505 512 511 
308 505 506 513 512 
309 506 507 514 513 
310 507 508 515 514 
311 508 50 51 515 
312 103 509 516 104 
313 509 510 517 516 
314 510 511 518 517 
315 511 512 519 518 
316 512 513 520 519 
317 513 514 521 520 
318 514 515 522 521 
319 515 51 52 522 
320 104 516 523 105 
321 516 517 524 523 
322 517 518 525 524 
323 518 519 526 525 
324 519 520 527 526 
325 520 521 528 527 
326 521 522 529 528 
327 522 52 53 529 
328 105 523 530 106 
329 523 524 531 530 
330 524 525 532 531 
331 525 526 533 532 
332 526 527 534 533 
333 527 528 535 534 
334 528 529 536 535 
335 529 53 54 536 
336 106 530 537 107 
337 530 531 538 537 
338 531 532 539 538 
339 532 533 540 539 
340 533 534 541 540 
341 534 535 542 541 
342 535 536 543 542 
343 536 54 55 543 
344 107 537 108 8 
345 537 538 109 108 
346 538 539 110 109 
347 539 540 111 110 
348 540 541 112 111 
349 541 542 113 112 
350 542 543 114 113 
351 543 55 5 114 
2 6 3 8
352 5 6 86 114 
353 114 86 87 113 
354 113 87 88 112 
355 112 88 89 111 
356 111 89 90 110 
357 110 90 91 109 
358 109 91 92 108 
359 108 92 7 8 
2 7 3 8
360 9 10 115 128 
361 128 115 116 127 
362 127 116 117 126 
363 126 117 118 125 
364 125 118 119 124 
365 124 119 120 123 
366 123 120 121 122 
367 122 121 11 12 
2 8 3 16
368 9 10 144 129 
369 129 144 145 130 
370 130 145 146 131 
371 131 146 147 132 
372 132 147 148 133 
373 133 148 149 134 
374 134 149 150 135 
375 135 150 151 136 
376 136 151 152 137 
377 137 152 153 138 
378 138 153 154 139 
379 139 154 155 140 
380 140 155 156 141 
381 141 156 157 142 
382 142 157 158 143 
383 143 158 14 13 
2 9 3 128
384 10 115 544 144 
385 115 116 545 544 
386 116 117 546 545 
387 117 118 547 546 
388 118 119 548 547 
389 119 120 549 548 
390 120 121 550 549 
391 121 11 159 550 
392 144 544 551 145 
393 544 545 552 551 
394 545 546 553 552 
395 546 547 554 553 
396 547 548 555 554 
397 548 549 556 555 
398 549 550 557 556 
399 550 159 160 557 
400 145 551 558 146 
401 551 552 559 558 
402 552 553 560 559 
403 553 554 561 560 
404 554 555 562 561 
405 555 556 563 562 
406 556 557 564 563 
407 557 160 161 564 
408 146 558 565 147 
409 558 559 566 565 
410 559 560 567 566 
411 560 561 568 567 
412 561 562 569 568 
413 562 563 570 569 
414 563 564 571 570 
415 564 161 162 571 
416 147 565 572 148 
417 565 566 573 572 
418 566 567 574 573 
419 567 568 575 574 
420 568 569 576 575 
421 569 570 577 576 
422 570 571 578 577 
423 571 162 163 578 
424 148 572 579 149 
425 572 573 580 579 
426 573 574 581 580 
427 574 575 582 581 
428 575 576 583 582 
429 576 577 584 583 
430 577 578 585 584 
431 578 163 164 585 
432 149 579 586 150 
433 579 580 587 586 
434 580 581 588 587 
435 581 582 589 588 
436 582 583 590 589 
437 583 584 591 590 
438 584 585 592 591 
439 585 164 165 592 
440 150 586 593 151 
441 586 587 594 593 
442 587 588 595 594 
443 588 589 596 595 
444 589 590 597 596 
445 590 591 598 597 
446 591 592 599 598 
447 592 165 166 599 
448 151 593 600 152 
449 593 594 601 600 
450 594 595 602 601 
451 595 596 603 602 
452 596 597 604 603 
453 597 598 605 604 
454 598 599 606 605 
455 599 166 167 606 
456 152 600 607 153 
457 600 601 608 607 
458 601 602 609 608 
459 602 603 610 609 
460 603 604 611 610 
461 604 605 612 611 
462 605 606 613 612 
463 606 167 168 613 
464 153 607 614 154 
465 607 608 615 614 
466 608 609 616 615 
467 609 610 617 616 
468 610 611 618 617 
469 611 612 619 618 
470 612 613 620 619 
471 613 168 169 620 
472 154 614 621 155 
473 614 615 622 621 
474 615 616 623 622 
475 616 617 624 623 
476 617 618 625 624 
477 618 619 626 625 
478 619 620 627 626 
479 620 169 170 627 
480 155 621 628 156 
481 621 622 629 628 
482 622 623 630 629 
483 623 624 631 630 
484 624 625 632 631 
485 625 626 633 632 
486 626 627 634 633 
487 627 170 171 634 
488 156 628 635 157 
489 628 629 636 635 
490 629 630 637 636 
491 630 631 638 637 
492 631 632 639 638 
493 632 633 640 639 
494 633 634 641 640 
495 634 171 172 641 
496 157 635 642 158 
497 635 636 643 642 
498 636 637 644 643 
499 637 638 645 644 
500 638 639 646 645 
501 639 640 647 646 
502 640 641 648 647 
503 641 172 173 648 
504 158 642 174 14 
505 642 643 175 174 
506 643 644 176 175 
507 644 645 177 176 
508 645 646 178 177 
509 646 647 179 178 
510 647 648 180 179 
511 648 173 15 180 
2 10 3 16
512 11 12 181 159 
513 159 181 182 160 
514 160 182 183 161 
515 161 183 184 162 
516 162 184 185 163 
517 163 185 186 164 
518 164 186 187 165 
519 165 187 188 166 
520 166 188 189 167 
521 167 189 190 168 
522 168 190 191 169 
523 169 191 192 170 
524 170 192 193 171 
525 171 193 194 172 
526 172 194 195 173 
527 173 195 16 15 
2 11 3 128
528 12 122 649 181 
529 122 123 650 649 
530 123 124 651 650 
531 124 125 652 651 
532 125 126 653 652 
533 126 127 654 653 
534 127 128 655 654 
535 128 9 129 655 
536 181 649 656 182 
537 649 650 657 656 
538 650 651 658 657 
539 651 652 659 658 
540 652 653 660 659 
541 653 654 661 660 
542 654 655 662 661 
543 655 129 130 662 
544 182 656 663 183 
545 656 657 664 663 
546 657 658 665 664 
547 658 659 666 665 
548 659 660 667 666 
549 660 661 668 667 
550 661 662 669 668 
551 662 130 131 669 
552 183 663 670 184 
553 663 664 671 670 
554 664 665 672 671 
555 665 666 673 672 
556 666 667 674 673 
557 667 668 675 674 
558 668 669 676 675 
559 669 131 132 676 
560 184 670 677 185 
561 670 671 678 677 
562 671 672 679 678 
563 672 673 680 679 
564 673 674 681 680 
565 674 675 682 681 
566 675 676 683 682 
567 676 132 133 683 
568 185 677 684 186 
569 677 678 685 684 
570 678 679 686 685 
571 679 680 687 686 
572 680 681 688 687 
573 681 682 689 688 
574 682 683 690 689 
575 683 133 134 690 
576 186 684 691 187 
577 684 685 692 691 
578 685 686 693 692 
579 686 687 694 693 
580 687 688 695 694 
581 688 689 696 695 
582 689 690 697 696 
583 690 134 135 697 
584 187 691 698 188 
585 691 692 699 698 
586 692 693 700 699 
587 693 694 701 700 
588 694 695 702 701 
589 695 696 703 702 
590 696 697 704 703 
591 697 135 136 704 
592 188 698 705 189 
593 698 699 706 705 
594 699 700 707 706 
595 700 701 708 707 
596 701 702 709 708 
597 702 703 710 709 
598 703 704 711 710 
599 704 136 137 711 
600 189 705 712 190 
601 705 706 713 712 
602 706 707 714 713 
603 707 708 715 714 
604 708 709 716 715 
605 709 710 717 716 
606 710 711 718 717 
607 711 137 138 718 
608 190 712 719 191 
609 712 713 720 719 
610 713 714 721 720 
611 714 715 722 721 
612 715 716 723 722 
613 716 717 724 723 
614 717 718 725 724 
615 718 138 139 725 
616 191 719 726 192 
617 719 720 727 726 
618 720 721 728 727 
619 721 722 729 728 
620 722 723 730 729 
621 723 724 731 730 
622 724 725 732 731 
623 725 139 140 732 
624 192 726 733 193 
625 726 727 734 733 
626 727 728 735 734 
627 728 729 736 735 
628 729 730 737 736 
629 730 731 738 737 
630 731 732 739 738 
631 732 140 141 739 
632 193 733 740 194 
633 733 734 741 740 
634 734 735 742 741 
635 735 736 743 742 
636 736 737 744 743 
637 737 738 745 744 
638 738 739 746 745 
639 739 141 142 746 
640 194 740 747 195 
641 740 741 748 747 
642 741 742 749 748 
643 742 743 750 749 
644 743 744 751 750 
645 744 745 752 751 
646 745 746 753 752 
647 746 142 143 753 
648 195 747 196 16 
649 747 748 197 196 
650 748 749 198 197 
651 749 750 199 198 
652 750 751 200 199 
653 751 752 201 200 
654 752 753 202 201 
655 753 143 13 202 
2 12 3 8
656 13 14 174 202 
657 202 174 175 201 
658 201 175 176 200 
659 200 176 177 199 
660 199 177 178 198 
661 198 178 179 197 
662 197 179 180 196 
663 196 180 15 16 
2 13 3 8
664 17 18 203 216 
665 216 203 204 215 
666 215 204 205 214 
667 214 205 206 213 
668 213 206 207 212 
669 212 207 208 211 
670 211 208 209 210 
671 210 209 19 20 
2 14 3 16
672 17 18 232 217 
673 217 232 233 218 
674 218 233 234 219 
675 219 234 235 220 
676 220 235 236 221 
677 221 236 237 222 
678 222 237 238 223 
679 223 238 239 224 
680 224 239 240 225 
681 225 240 241 226 
682 226 241 242 227 
683 227 242 243 228 
684 228 243 244 229 
685 229 244 245 230 
686 230 245 246 231 
687 231 246 22 21 
2 15 3 128
688 18 203 754 232 
689 203 204 755 754 
690 204 205 756 755 
691 205 206 757 756 
692 206 207 758 757 
693 207 208 759 758 
694 208 209 760 759 
695 209 19 247 760 
696 232 754 761 233 
697 754 755 762 761 
698 755 756 763 762 
699 756 757 764 763 
700 757 758 765 764 
701 758 759 766 765 
702 759 760 767 766 
703 760 247 248 767 
704 233 761 768 234 
705 761 762 769 768 
706 762 763 770 769 
707 763 764 771 770 
708 764 765 772 771 
709 765 766 773 772 
710 766 767 774 773 
711 767 248 249 774 
712 234 768 775 235 
713 768 769 776 775 
714 769 770 777 776 
715 770 771 778 777 
716 771 772 779 778 
717 772 773 780 779 
718 773 774 781 780 
719 774 249 250 781 
720 235 775 782 236 
721 775 776 783 782 
722 776 777 784 783 
723 777 778 785 784 
724 778 779 786 785 
725 779 780 787 786 
726 780 781 788 787 
727 781 250 251 788 
728 236 782 789 237 
729 782 783 790 789 
730 783 784 791 790 
731 784 785 792 791 
732 785 786 793 792 
733 786 787 794 793 
734 787 788 795 794 
735 788 251 252 795 
736 237 789 796 238 
737 789 790 797 796 
738 790 791 798 797 
739 791 792 799 798 
740 792 793 800 799 
741 793 794 801 800 
742 794 795 802 801 
743 795 252 253 802 
744 238 796 803 239 
745 796 797 804 803 
746 797 798 805 804 
747 798 799 806 805 
748 799 800 807 806 
749 800 801 808 807 
750 801 802 809 808 
751 802 253 254 809 
752 239 803 810 240 
753 803 804 811 810 
754 804 805 812 811 
755 805 806 813 812 
756 806 807 814 813 
757 807 808 815 814 
758 808 809 816 815 
759 809 254 255 816 
760 240 810 817 241 
761 810 811 818 817 
762 811 812 819 818 
763 812 813 820 819 
764 813 814 821 820 
765 814 815 822 821 
766 815 816 823 822 
767 816 255 256 823 
768 241 817 824 242 
769 817 818 825 824 
770 818 819 826 825 
771 819 820 827 826 
772 820 821 828 827 
773 821 822 829 828 
774 822 823 830 829 
775 823 256 257 830 
776 242 824 831 243 
777 824 825 832 831 
778 825 826 833 832 
779 826 827 834 833 
780 827 828 835 834 
781 828 829 836 835 
782 829 830 837 836 
783 830 257 258 837 
784 243 831 838 244 
785 831 832 839 838 
786 832 833 840 839 
787 833 834 841 840 
788 834 835 842 841 
789 835 836 843 842 
790 836 837 844 843 
791 837 258 259 844 
792 244 838 845 245 
793 838 839 846 845 
794 839 840 847 846 
795 840 841 848 847 
796 841 842 849 848 
797 842 843 850 849 
798 843 844 851 850 
799 844 259 260 851 
800 245 845 852 246 
801 845 846 853 852 
802 846 847 854 853 
803 847 848 855 854 
804 848 849 856 855 
805 849 850 857 856 
806 850 851 858 857 
807 851 260 261 858 
808 246 852 262 22 
809 852 853 263 262 
810 853 854 264 263 
811 854 855 265 264 
812 855 856 266 265 
813 856 857 267 266 
814 857 858 268 267 
815 858 261 23 268 
2 16 3 16
816 19 20 269 247 
817 247 269 270 248 
818 248 270 271 249 
819 249 271 272 250 
820 250 272 273 251 
821 251 273 274 252 
822 252 274 275 253 
823 253 275 276 254 
824 254 276 277 255 
825 255 277 278 256 
826 256 278 279 257 
827 257 279 280 258 
828 258 280 281 259 
829 259 281 282 260 
830 260 282 283 261 
831 261 283 24 23 
2 17 3 128
832 20 210 859 269 
833 210 211 860 859 
834 211 212 861 860 
835 212 213 862 861 
836 213 214 863 862 
837 214 215 864 863 
838 215 216 865 864 
839 216 17 217 865 
840 269 859 866 270 
841 859 860 867 866 
842 860 861 868 867 
843 861 862 869 868 
844 862 863 870 869 
845 863 864 871 870 
846 864 865 872 871 
847 865 217 218 872 
848 270 866 873 271 
849 866 867 874 873 
850 867 868 875 874 
851 868 869 876 875 
852 869 870 877 876 
853 870 871 878 877 
854 871 872 879 878 
855 872 218 219 879 
856 271 873 880 272 
857 873 874 881 880 
858 874 875 882 881 
859 875 876 883 882 
860 876 877 884 883 
861 877 878 885 884 
862 878 879 886 885 
863 879 219 220 886 
864 272 880 887 273 
865 880 881 888 887 
866 881 882 889 888 
867 882 883 890 889 
868 883 884 891 890 
869 884 885 892 891 
870 885 886 893 892 
871 886 220 221 893 
872 273 887 894 274 
873 887 888 895 894 
874 888 889 896 895 
875 889 890 897 896 
876 890 891 898 897 
877 891 892 899 898 
878 892 893 900 899 
879 893 221 222 900 
880 274 894 901 275 
881 894 895 902 901 
882 895 896 903 902 
883 896 897 904 903 
884 897 898 905 904 
885 898 899 906 905 
886 899 900 907 906 
887 900 222 223 907 
888 275 901 908 276 
889 901 902 909 908 
890 902 903 910 909 
891 903 904 911 910 
892 904 905 912 911 
893 905 906 913 912 
894 906 907 914 913 
895 907 223 224 914 
896 276 908 915 277 
897 908 909 916 915 
898 909 910 917 916 
899 910 911 918 917 
900 911 912 919 918 
901 912 913 920 919 
902 913 914 921 920 
903 914 224 225 921 
904 277 915 922 278 
905 915 916 923 922 
906 916 917 924 923 
907 917 918 925 924 
908 918 919 926 925 
909 919 920 927 926 
910 920 921 928 927 
911 921 225 226 928 
912 278 922 929 279 
913 922 923 930 929 
914 923 924 931 930 
915 924 925 932 931 
916 925 926 933 932 
917 926 927 934 933 
918 927 928 935 934 
919 928 226 227 935 
920 279 929 936 280 
921 929 930 937 936 
922 930 931 938 937 
923 931 932 939 938 
924 932 933 940 939 
925 933 934 941 940 
926 934 935 942 941 
927 935 227 228 942 
928 280 936 943 281 
929 936 937 944 943 
930 937 938 945 944 
931 938 939 946 945 
932 939 940 947 946 
933 940 941 948 947 
934 941 942 949 948 
935 942 228 229 949 
936 281 943 950 282 
937 943 944 951 950 
938 944 945 952 951 
939 945 946 953 952 
940 946 947 954 953 
941 947 948 955 954 
942 948 949 956 955 
943 949 229 230 956 
944 282 950 957 283 
945 950 951 958 957 
946 951 952 959 958 
947 952 953 960 959 
948 953 954 961 960 
949 954 955 962 961 
950 955 956 963 962 
951 956 230 231 963 
952 283 957 284 24 
953 957 958 285 284 
954 958 959 286 285 
955 959 960 287 286 
956 960 961 288 287 
957 961 962 289 288 
958 962 963 290 289 
959 963 231 21 290 
2 18 3 8
960 21 22 262 290 
961 290 262 263 289 
962 289 263 264 288 
963 288 264 265 287 
964 287 265 266 286 
965 286 266 267 285 
966 285 267 268 284 
967 284 268 23 24 
2 19 2 90
968 25 984 312 
969 312 985 25 
970 25 985 291 
971 311 984 25 
972 312 984 26 
973 26 985 312 
974 313 985 26 
975 26 984 333 
976 314 979 313 
977 979 985 313 
978 315 978 314 
979 978 979 314 
980 316 980 315 
981 315 980 978 
982 317 971 316 
983 971 980 316 
984 318 973 317 
985 317 973 971 
986 319 974 318 
987 318 974 973 
988 320 981 319 
989 319 981 974 
990 321 983 320 
991 320 983 981 
992 322 968 321 
993 968 983 321 
994 323 967 322 
995 967 968 322 
996 324 965 323 
997 965 967 323 
998 325 970 324 
999 324 970 965 
1000 326 976 325 
1001 325 976 970 
1002 327 972 326 
1003 972 976 326 
1004 328 975 327 
1005 327 975 972 
1006 329 969 328 
1007 969 975 328 
1008 330 977 329 
1009 329 977 969 
1010 331 982 330 
1011 330 982 977 
1012 332 964 331 
1013 964 982 331 
1014 333 966 332 
1015 332 966 964 
1016 333 984 966 
1017 291 979 292 
1018 291 985 979 
1019 292 978 293 
1020 292 979 978 
1021 293 980 294 
1022 978 980 293 
1023 294 971 295 
1024 294 980 971 
1025 295 973 296 
1026 971 973 295 
1027 296 974 297 
1028 973 974 296 
1029 297 981 298 
1030 974 981 297 
1031 298 983 299 
1032 981 983 298 
1033 299 968 300 
1034 299 983 968 
1035 300 967 301 
1036 300 968 967 
1037 301 965 302 
1038 301 967 965 
1039 302 970 303 
1040 965 970 302 
1041 303 976 304 
1042 970 976 303 
1043 304 972 305 
1044 304 976 972 
1045 305 975 306 
1046 972 975 305 
1047 306 969 307 
1048 306 975 969 
1049 307 977 308 
1050 969 977 307 
1051 308 982 309 
1052 977 982 308 
1053 309 964 310 
1054 309 982 964 
1055 310 966 311 
1056 964 966 310 
1057 966 984 311 
2 20 2 558
1058 6 24 5 
1059 5 24 988 
1060 114 5 1171 
1061 5 988 1171 
1062 23 24 6 
1063 23 6 989 
1064 6 86 1204 
1065 989 6 1204 
1066 8 14 7 
1067 7 14 990 
1068 92 7 1085 
1069 7 990 1085 
1070 13 14 8 
1071 13 8 987 
1072 8 108 1208 
1073 987 8 1208 
1074 202 13 1207 
1075 13 987 1207 
1076 14 174 1186 
1077 990 14 1186 
1078 16 22 15 
1079 15 22 993 
1080 180 15 1210 
1081 15 993 1210 
1082 21 22 16 
1083 21 16 1152 
1084 16 196 1100 
1085 16 1100 1152 
1086 290 21 986 
1087 986 21 1152 
1088 22 262 1187 
1089 993 22 1187 
1090 268 23 1184 
1091 23 989 1184 
1092 24 284 1172 
1093 988 24 1172 
1094 291 25 1011 
1095 25 311 1094 
1096 1011 25 1094 
1097 86 87 1000 
1098 86 1000 1076 
1099 86 1076 1204 
1100 87 88 1166 
1101 1000 87 1166 
1102 88 89 996 
1103 88 996 1166 
1104 89 90 1055 
1105 996 89 1055 
1106 90 91 997 
1107 90 997 1055 
1108 91 92 1080 
1109 997 91 1080 
1110 1080 92 1085 
1111 108 109 1016 
1112 108 1016 1142 
1113 108 1142 1208 
1114 109 110 1154 
1115 1016 109 1154 
1116 110 111 992 
1117 110 992 1154 
1118 111 112 1159 
1119 992 111 1159 
1120 112 113 1217 
1121 1159 112 1217 
1122 113 114 1004 
1123 113 1004 1217 
1124 1004 114 1171 
1125 174 175 1001 
1126 174 1001 1073 
1127 174 1073 1186 
1128 175 176 1084 
1129 1001 175 1084 
1130 176 177 1031 
1131 176 1031 1084 
1132 177 178 999 
1133 177 999 1031 
1134 178 179 1093 
1135 999 178 1093 
1136 179 180 994 
1137 179 994 1093 
1138 994 180 1078 
1139 1078 180 1210 
1140 196 197 1007 
1141 196 1007 1100 
1142 197 198 1147 
1143 1007 197 1147 
1144 198 199 1215 
1145 1147 198 1215 
1146 199 200 991 
1147 199 991 1215 
1148 200 201 1218 
1149 991 200 1218 
1150 201 202 1017 
1151 201 1017 1218 
1152 1017 202 1145 
1153 1145 202 1207 
1154 262 263 995 
1155 262 995 1077 
1156 262 1077 1187 
1157 263 264 1043 
1158 995 263 1043 
1159 264 265 998 
1160 264 998 1043 
1161 265 266 1069 
1162 998 265 1069 
1163 266 267 1018 
1164 266 1018 1069 
1165 267 268 1002 
1166 267 1002 1018 
1167 1002 268 1072 
1168 1072 268 1184 
1169 284 285 1224 
1170 284 1153 1172 
1171 1153 284 1224 
1172 285 286 1003 
1173 285 1003 1224 
1174 286 287 1175 
1175 1003 286 1175 
1176 287 288 1177 
1177 1175 287 1177 
1178 288 289 1015 
1179 288 1015 1177 
1180 289 290 1182 
1181 1015 289 1182 
1182 290 986 1182 
1183 292 291 1198 
1184 291 1011 1198 
1185 293 292 1170 
1186 292 1098 1170 
1187 1098 292 1198 
1188 294 293 1006 
1189 1006 293 1170 
1190 295 294 1222 
1191 294 1006 1222 
1192 296 295 1189 
1193 295 1088 1189 
1194 1088 295 1222 
1195 297 296 1008 
1196 1008 296 1189 
1197 298 297 1096 
1198 297 1008 1096 
1199 299 298 1013 
1200 1013 298 1096 
1201 300 299 1099 
1202 299 1013 1099 
1203 301 300 1010 
1204 1010 300 1099 
1205 302 301 1092 
1206 301 1010 1092 
1207 303 302 1134 
1208 302 1092 1134 
1209 304 303 1012 
1210 1012 303 1134 
1211 305 304 1136 
1212 304 1012 1136 
1213 306 305 1009 
1214 1009 305 1136 
1215 307 306 1139 
1216 306 1009 1139 
1217 308 307 1141 
1218 307 1139 1141 
1219 309 308 1005 
1220 1005 308 1141 
1221 310 309 1083 
1222 309 1005 1083 
1223 311 310 1014 
1224 1014 310 1083 
1225 311 1014 1094 
1226 986 1152 1200 
1227 986 1165 1182 
1228 1165 986 1200 
1229 987 1142 1144 
1230 1142 987 1208 
1231 987 1144 1145 
1232 987 1145 1207 
1233 988 1131 1171 
1234 1131 988 1220 
1235 988 1172 1220 
1236 989 1168 1184 
1237 1168 989 1204 
1238 1085 990 1086 
1239 1086 990 1186 
1240 991 1122 1135 
1241 1122 991 1149 
1242 991 1135 1215 
1243 1149 991 1218 
1244 1120 992 1159 
1245 992 1120 1219 
1246 1154 992 1219 
1247 1174 993 1187 
1248 993 1174 1210 
1249 994 1078 1169 
1250 994 1087 1093 
1251 1087 994 1169 
1252 995 1043 1044 
1253 995 1044 1045 
1254 995 1045 1077 
1255 996 1055 1056 
1256 996 1056 1060 
1257 996 1060 1166 
1258 1055 997 1057 
1259 1057 997 1058 
1260 1058 997 1080 
1261 1043 998 1167 
1262 998 1069 1070 
1263 998 1070 1167 
1264 1031 999 1032 
1265 1032 999 1033 
1266 1033 999 1093 
1267 1076 1000 1148 
1268 1148 1000 1173 
1269 1000 1166 1173 
1270 1073 1001 1074 
1271 1074 1001 1180 
1272 1001 1084 1180 
1273 1018 1002 1019 
1274 1019 1002 1020 
1275 1020 1002 1072 
1276 1126 1003 1179 
1277 1003 1126 1224 
1278 1003 1175 1179 
1279 1004 1124 1217 
1280 1124 1004 1223 
1281 1125 1004 1131 
1282 1004 1125 1223 
1283 1131 1004 1171 
1284 1083 1005 1199 
1285 1005 1141 1202 
1286 1199 1005 1202 
1287 1079 1006 1097 
1288 1006 1079 1195 
1289 1097 1006 1170 
1290 1006 1195 1222 
1291 1100 1007 1101 
1292 1101 1007 1102 
1293 1102 1007 1147 
1294 1008 1081 1183 
1295 1081 1008 1189 
1296 1008 1095 1096 
1297 1095 1008 1183 
1298 1009 1136 1137 
1299 1009 1137 1138 
1300 1009 1138 1139 
1301 1090 1010 1099 
1302 1010 1090 1201 
1303 1092 1010 1201 
1304 1068 1011 1094 
1305 1011 1068 1190 
1306 1011 1190 1191 
1307 1011 1191 1198 
1308 1012 1134 1192 
1309 1136 1012 1221 
1310 1140 1012 1192 
1311 1012 1140 1221 
1312 1013 1096 1158 
1313 1099 1013 1203 
1314 1013 1158 1203 
1315 1014 1030 1082 
1316 1030 1014 1083 
1317 1014 1082 1216 
1318 1094 1014 1216 
1319 1165 1015 1182 
1320 1015 1165 1194 
1321 1177 1015 1194 
1322 1016 1133 1143 
1323 1133 1016 1154 
1324 1142 1016 1143 
1325 1017 1145 1146 
1326 1017 1146 1197 
1327 1149 1017 1197 
1328 1017 1149 1218 
1329 1018 1019 1161 
1330 1069 1018 1161 
1331 1019 1020 1021 
1332 1019 1021 1022 
1333 1019 1022 1161 
1334 1021 1020 1023 
1335 1023 1020 1025 
1336 1025 1020 1168 
1337 1020 1072 1168 
1338 1022 1021 1209 
1339 1021 1023 1024 
1340 1021 1024 1209 
1341 1022 1155 1162 
1342 1155 1022 1209 
1343 1161 1022 1162 
1344 1024 1023 1188 
1345 1023 1025 1026 
1346 1023 1026 1188 
1347 1157 1024 1188 
1348 1024 1157 1213 
1349 1209 1024 1213 
1350 1026 1025 1027 
1351 1027 1025 1185 
1352 1025 1168 1185 
1353 1026 1027 1028 
1354 1026 1028 1071 
1355 1026 1071 1188 
1356 1028 1027 1029 
1357 1029 1027 1181 
1358 1027 1148 1181 
1359 1148 1027 1185 
1360 1028 1029 1030 
1361 1028 1030 1199 
1362 1071 1028 1199 
1363 1030 1029 1082 
1364 1082 1029 1160 
1365 1160 1029 1181 
1366 1030 1083 1199 
1367 1031 1032 1178 
1368 1084 1031 1178 
1369 1032 1033 1034 
1370 1032 1034 1035 
1371 1032 1035 1178 
1372 1034 1033 1036 
1373 1036 1033 1087 
1374 1087 1033 1093 
1375 1035 1034 1037 
1376 1034 1036 1196 
1377 1037 1034 1196 
1378 1035 1037 1038 
1379 1035 1038 1039 
1380 1035 1039 1178 
1381 1036 1087 1089 
1382 1036 1089 1091 
1383 1036 1091 1196 
1384 1038 1037 1095 
1385 1095 1037 1158 
1386 1158 1037 1196 
1387 1039 1038 1040 
1388 1040 1038 1183 
1389 1038 1095 1183 
1390 1039 1040 1041 
1391 1039 1041 1206 
1392 1039 1074 1180 
1393 1074 1039 1206 
1394 1178 1039 1180 
1395 1041 1040 1042 
1396 1042 1040 1081 
1397 1081 1040 1183 
1398 1041 1042 1079 
1399 1041 1079 1156 
1400 1041 1156 1206 
1401 1079 1042 1195 
1402 1042 1081 1088 
1403 1042 1088 1195 
1404 1044 1043 1167 
1405 1045 1044 1046 
1406 1046 1044 1047 
1407 1047 1044 1167 
1408 1045 1046 1048 
1409 1045 1048 1050 
1410 1045 1050 1174 
1411 1077 1045 1174 
1412 1046 1047 1205 
1413 1048 1046 1049 
1414 1049 1046 1205 
1415 1047 1163 1205 
1416 1163 1047 1212 
1417 1047 1167 1212 
1418 1048 1049 1193 
1419 1050 1048 1051 
1420 1051 1048 1193 
1421 1151 1049 1192 
1422 1049 1151 1193 
1423 1192 1049 1205 
1424 1050 1051 1052 
1425 1050 1052 1169 
1426 1050 1169 1174 
1427 1052 1051 1053 
1428 1053 1051 1054 
1429 1054 1051 1193 
1430 1052 1053 1089 
1431 1087 1052 1089 
1432 1052 1087 1169 
1433 1053 1054 1201 
1434 1089 1053 1090 
1435 1090 1053 1201 
1436 1092 1054 1151 
1437 1054 1092 1201 
1438 1151 1054 1193 
1439 1056 1055 1057 
1440 1056 1057 1059 
1441 1056 1059 1211 
1442 1060 1056 1211 
1443 1057 1058 1061 
1444 1059 1057 1061 
1445 1061 1058 1062 
1446 1062 1058 1063 
1447 1063 1058 1080 
1448 1059 1061 1066 
1449 1059 1066 1067 
1450 1059 1067 1211 
1451 1060 1160 1173 
1452 1160 1060 1211 
1453 1166 1060 1173 
1454 1061 1062 1164 
1455 1066 1061 1164 
1456 1062 1063 1064 
1457 1062 1064 1065 
1458 1062 1065 1164 
1459 1064 1063 1156 
1460 1063 1080 1176 
1461 1156 1063 1176 
1462 1065 1064 1097 
1463 1064 1079 1097 
1464 1079 1064 1156 
1465 1065 1097 1098 
1466 1065 1098 1191 
1467 1164 1065 1191 
1468 1067 1066 1068 
1469 1068 1066 1190 
1470 1066 1164 1190 
1471 1067 1068 1082 
1472 1067 1082 1160 
1473 1067 1160 1211 
1474 1082 1068 1216 
1475 1068 1094 1216 
1476 1070 1069 1161 
1477 1070 1161 1162 
1478 1070 1162 1212 
1479 1167 1070 1212 
1480 1071 1157 1188 
1481 1157 1071 1202 
1482 1071 1199 1202 
1483 1168 1072 1184 
1484 1073 1074 1075 
1485 1073 1075 1086 
1486 1073 1086 1186 
1487 1075 1074 1206 
1488 1086 1075 1176 
1489 1075 1156 1176 
1490 1156 1075 1206 
1491 1076 1148 1185 
1492 1168 1076 1185 
1493 1076 1168 1204 
1494 1077 1174 1187 
1495 1169 1078 1174 
1496 1174 1078 1210 
1497 1080 1085 1086 
1498 1080 1086 1176 
1499 1088 1081 1189 
1500 1084 1178 1180 
1501 1195 1088 1222 
1502 1089 1090 1203 
1503 1091 1089 1203 
1504 1090 1099 1203 
1505 1091 1158 1196 
1506 1158 1091 1203 
1507 1134 1092 1151 
1508 1096 1095 1158 
1509 1098 1097 1170 
1510 1191 1098 1198 
1511 1100 1101 1200 
1512 1152 1100 1200 
1513 1101 1102 1103 
1514 1101 1103 1114 
1515 1101 1114 1200 
1516 1103 1102 1104 
1517 1104 1102 1135 
1518 1135 1102 1147 
1519 1103 1104 1105 
1520 1103 1105 1132 
1521 1114 1103 1132 
1522 1105 1104 1106 
1523 1106 1104 1122 
1524 1122 1104 1135 
1525 1105 1106 1107 
1526 1105 1107 1108 
1527 1105 1108 1132 
1528 1107 1106 1129 
1529 1106 1122 1123 
1530 1106 1123 1129 
1531 1108 1107 1109 
1532 1109 1107 1111 
1533 1111 1107 1129 
1534 1108 1109 1110 
1535 1108 1110 1113 
1536 1108 1113 1132 
1537 1110 1109 1128 
1538 1109 1111 1112 
1539 1109 1112 1128 
1540 1113 1110 1115 
1541 1115 1110 1116 
1542 1116 1110 1128 
1543 1112 1111 1118 
1544 1118 1111 1119 
1545 1119 1111 1129 
1546 1112 1118 1120 
1547 1112 1120 1121 
1548 1112 1121 1128 
1549 1113 1115 1117 
1550 1113 1117 1150 
1551 1132 1113 1150 
1552 1114 1132 1150 
1553 1114 1150 1165 
1554 1114 1165 1200 
1555 1115 1116 1126 
1556 1117 1115 1179 
1557 1115 1126 1179 
1558 1116 1125 1127 
1559 1125 1116 1128 
1560 1126 1116 1127 
1561 1150 1117 1194 
1562 1117 1179 1214 
1563 1194 1117 1214 
1564 1118 1119 1133 
1565 1120 1118 1219 
1566 1118 1133 1219 
1567 1119 1129 1130 
1568 1119 1130 1143 
1569 1133 1119 1143 
1570 1121 1120 1124 
1571 1124 1120 1159 
1572 1121 1124 1223 
1573 1121 1125 1128 
1574 1125 1121 1223 
1575 1123 1122 1197 
1576 1122 1149 1197 
1577 1129 1123 1130 
1578 1130 1123 1146 
1579 1146 1123 1197 
1580 1124 1159 1217 
1581 1127 1125 1131 
1582 1126 1127 1153 
1583 1126 1153 1224 
1584 1127 1131 1220 
1585 1153 1127 1220 
1586 1143 1130 1144 
1587 1144 1130 1146 
1588 1133 1154 1219 
1589 1134 1151 1192 
1590 1135 1147 1215 
1591 1137 1136 1221 
1592 1138 1137 1155 
1593 1137 1140 1163 
1594 1140 1137 1221 
1595 1155 1137 1163 
1596 1139 1138 1213 
1597 1138 1155 1209 
1598 1138 1209 1213 
1599 1141 1139 1157 
1600 1157 1139 1213 
1601 1163 1140 1205 
1602 1140 1192 1205 
1603 1141 1157 1202 
1604 1142 1143 1144 
1605 1145 1144 1146 
1606 1148 1173 1181 
1607 1165 1150 1194 
1608 1172 1153 1220 
1609 1162 1155 1163 
1610 1173 1160 1181 
1611 1162 1163 1212 
1612 1190 1164 1191 
1613 1175 1177 1214 
1614 1179 1175 1214 
1615 1177 1194 1214 
2 21 2 558
1616 2 20 1 
1617 1 20 1227 
1618 40 1 1410 
1619 1 1227 1410 
1620 19 20 2 
1621 19 2 1228 
1622 2 27 1443 
1623 1228 2 1443 
1624 4 10 3 
1625 3 10 1229 
1626 33 3 1324 
1627 3 1229 1324 
1628 9 10 4 
1629 9 4 1226 
1630 4 34 1447 
1631 1226 4 1447 
1632 128 9 1446 
1633 9 1226 1446 
1634 10 115 1425 
1635 1229 10 1425 
1636 12 18 11 
1637 11 18 1232 
1638 121 11 1449 
1639 11 1232 1449 
1640 17 18 12 
1641 17 12 1391 
1642 12 122 1339 
1643 12 1339 1391 
1644 216 17 1225 
1645 1225 17 1391 
1646 18 203 1426 
1647 1232 18 1426 
1648 209 19 1423 
1649 19 1228 1423 
1650 20 210 1411 
1651 1227 20 1411 
1652 313 26 1250 
1653 26 333 1333 
1654 1250 26 1333 
1655 27 28 1239 
1656 27 1239 1315 
1657 27 1315 1443 
1658 28 29 1405 
1659 1239 28 1405 
1660 29 30 1235 
1661 29 1235 1405 
1662 30 31 1294 
1663 1235 30 1294 
1664 31 32 1236 
1665 31 1236 1294 
1666 32 33 1319 
1667 1236 32 1319 
1668 1319 33 1324 
1669 34 35 1255 
1670 34 1255 1381 
1671 34 1381 1447 
1672 35 36 1393 
1673 1255 35 1393 
1674 36 37 1231 
1675 36 1231 1393 
1676 37 38 1398 
1677 1231 37 1398 
1678 38 39 1456 
1679 1398 38 1456 
1680 39 40 1243 
1681 39 1243 1456 
1682 1243 40 1410 
1683 115 116 1240 
1684 115 1240 1312 
1685 115 1312 1425 
1686 116 117 1323 
1687 1240 116 1323 
1688 117 118 1270 
1689 117 1270 1323 
1690 118 119 1238 
1691 118 1238 1270 
1692 119 120 1332 
1693 1238 119 1332 
1694 120 121 1233 
1695 120 1233 1332 
1696 1233 121 1317 
1697 1317 121 1449 
1698 122 123 1246 
1699 122 1246 1339 
1700 123 124 1386 
1701 1246 123 1386 
1702 124 125 1454 
1703 1386 124 1454 
1704 125 126 1230 
1705 125 1230 1454 
1706 126 127 1457 
1707 1230 126 1457 
1708 127 128 1256 
1709 127 1256 1457 
1710 1256 128 1384 
1711 1384 128 1446 
1712 203 204 1234 
1713 203 1234 1316 
1714 203 1316 1426 
1715 204 205 1282 
1716 1234 204 1282 
1717 205 206 1237 
1718 205 1237 1282 
1719 206 207 1308 
1720 1237 206 1308 
1721 207 208 1257 
1722 207 1257 1308 
1723 208 209 1241 
1724 208 1241 1257 
1725 1241 209 1311 
1726 1311 209 1423 
1727 210 211 1463 
1728 210 1392 1411 
1729 1392 210 1463 
1730 211 212 1242 
1731 211 1242 1463 
1732 212 213 1414 
1733 1242 212 1414 
1734 213 214 1416 
1735 1414 213 1416 
1736 214 215 1254 
1737 214 1254 1416 
1738 215 216 1421 
1739 1254 215 1421 
1740 216 1225 1421 
1741 314 313 1437 
1742 313 1250 1437 
1743 315 314 1409 
1744 314 1337 1409 
1745 1337 314 1437 
1746 316 315 1245 
1747 1245 315 1409 
1748 317 316 1461 
1749 316 1245 1461 
1750 318 317 1428 
1751 317 1327 1428 
1752 1327 317 1461 
1753 319 318 1247 
1754 1247 318 1428 
1755 320 319 1335 
1756 319 1247 1335 
1757 321 320 1252 
1758 1252 320 1335 
1759 322 321 1338 
1760 321 1252 1338 
1761 323 322 1249 
1762 1249 322 1338 
1763 324 323 1331 
1764 323 1249 1331 
1765 325 324 1373 
1766 324 1331 1373 
1767 326 325 1251 
1768 1251 325 1373 
1769 327 326 1375 
1770 326 1251 1375 
1771 328 327 1248 
1772 1248 327 1375 
1773 329 328 1378 
1774 328 1248 1378 
1775 330 329 1380 
1776 329 1378 1380 
1777 331 330 1244 
1778 1244 330 1380 
1779 332 331 1322 
1780 331 1244 1322 
1781 333 332 1253 
1782 1253 332 1322 
1783 333 1253 1333 
1784 1225 1391 1439 
1785 1225 1404 1421 
1786 1404 1225 1439 
1787 1226 1381 1383 
1788 1381 1226 1447 
1789 1226 1383 1384 
1790 1226 1384 1446 
1791 1227 1370 1410 
1792 1370 1227 1459 
1793 1227 1411 1459 
1794 1228 1407 1423 
1795 1407 1228 1443 
1796 1324 1229 1325 
1797 1325 1229 1425 
1798 1230 1361 1374 
1799 1361 1230 1388 
1800 1230 1374 1454 
1801 1388 1230 1457 
1802 1359 1231 1398 
1803 1231 1359 1458 
1804 1393 1231 1458 
1805 1413 1232 1426 
1806 1232 1413 1449 
1807 1233 1317 1408 
1808 1233 1326 1332 
1809 1326 1233 1408 
1810 1234 1282 1283 
1811 1234 1283 1284 
1812 1234 1284 1316 
1813 1235 1294 1295 
1814 1235 1295 1299 
1815 1235 1299 1405 
1816 1294 1236 1296 
1817 1296 1236 1297 
1818 1297 1236 1319 
1819 1282 1237 1406 
1820 1237 1308 1309 
1821 1237 1309 1406 
1822 1270 1238 1271 
1823 1271 1238 1272 
1824 1272 1238 1332 
1825 1315 1239 1387 
1826 1387 1239 1412 
1827 1239 1405 1412 
1828 1312 1240 1313 
1829 1313 1240 1419 
1830 1240 1323 1419 
1831 1257 1241 1258 
1832 1258 1241 1259 
1833 1259 1241 1311 
1834 1365 1242 1418 
1835 1242 1365 1463 
1836 1242 1414 1418 
1837 1243 1363 1456 
1838 1363 1243 1462 
1839 1364 1243 1370 
1840 1243 1364 1462 
1841 1370 1243 1410 
1842 1322 1244 1438 
1843 1244 1380 1441 
1844 1438 1244 1441 
1845 1318 1245 1336 
1846 1245 1318 1434 
1847 1336 1245 1409 
1848 1245 1434 1461 
1849 1339 1246 1340 
1850 1340 1246 1341 
1851 1341 1246 1386 
1852 1247 1320 1422 
1853 1320 1247 1428 
1854 1247 1334 1335 
1855 1334 1247 1422 
1856 1248 1375 1376 
1857 1248 1376 1377 
1858 1248 1377 1378 
1859 1329 1249 1338 
1860 1249 1329 1440 
1861 1331 1249 1440 
1862 1307 1250 1333 
1863 1250 1307 1429 
1864 1250 1429 1430 
1865 1250 1430 1437 
1866 1251 1373 1431 
1867 1375 1251 1460 
1868 1379 1251 1431 
1869 1251 1379 1460 
1870 1252 1335 1397 
1871 1338 1252 1442 
1872 1252 1397 1442 
1873 1253 1269 1321 
1874 1269 1253 1322 
1875 1253 1321 1455 
1876 1333 1253 1455 
1877 1404 1254 1421 
1878 1254 1404 1433 
1879 1416 1254 1433 
1880 1255 1372 1382 
1881 1372 1255 1393 
1882 1381 1255 1382 
1883 1256 1384 1385 
1884 1256 1385 1436 
1885 1388 1256 1436 
1886 1256 1388 1457 
1887 1257 1258 1400 
1888 1308 1257 1400 
1889 1258 1259 1260 
1890 1258 1260 1261 
1891 1258 1261 1400 
1892 1260 1259 1262 
1893 1262 1259 1264 
1894 1264 1259 1407 
1895 1259 1311 1407 
1896 1261 1260 1448 
1897 1260 1262 1263 
1898 1260 1263 1448 
1899 1261 1394 1401 
1900 1394 1261 1448 
1901 1400 1261 1401 
1902 1263 1262 1427 
1903 1262 1264 1265 
1904 1262 1265 1427 
1905 1396 1263 1427 
1906 1263 1396 1452 
1907 1448 1263 1452 
1908 1265 1264 1266 
1909 1266 1264 1424 
1910 1264 1407 1424 
1911 1265 1266 1267 
1912 1265 1267 1310 
1913 1265 1310 1427 
1914 1267 1266 1268 
1915 1268 1266 1420 
1916 1266 1387 1420 
1917 1387 1266 1424 
1918 1267 1268 1269 
1919 1267 1269 1438 
1920 1310 1267 1438 
1921 1269 1268 1321 
1922 1321 1268 1399 
1923 1399 1268 1420 
1924 1269 1322 1438 
1925 1270 1271 1417 
1926 1323 1270 1417 
1927 1271 1272 1273 
1928 1271 1273 1274 
1929 1271 1274 1417 
1930 1273 1272 1275 
1931 1275 1272 1326 
1932 1326 1272 1332 
1933 1274 1273 1276 
1934 1273 1275 1435 
1935 1276 1273 1435 
1936 1274 1276 1277 
1937 1274 1277 1278 
1938 1274 1278 1417 
1939 1275 1326 1328 
1940 1275 1328 1330 
1941 1275 1330 1435 
1942 1277 1276 1334 
1943 1334 1276 1397 
1944 1397 1276 1435 
1945 1278 1277 1279 
1946 1279 1277 1422 
1947 1277 1334 1422 
1948 1278 1279 1280 
1949 1278 1280 1445 
1950 1278 1313 1419 
1951 1313 1278 1445 
1952 1417 1278 1419 
1953 1280 1279 1281 
1954 1281 1279 1320 
1955 1320 1279 1422 
1956 1280 1281 1318 
1957 1280 1318 1395 
1958 1280 1395 1445 
1959 1318 1281 1434 
1960 1281 1320 1327 
1961 1281 1327 1434 
1962 1283 1282 1406 
1963 1284 1283 1285 
1964 1285 1283 1286 
1965 1286 1283 1406 
1966 1284 1285 1287 
1967 1284 1287 1289 
1968 1284 1289 1413 
1969 1316 1284 1413 
1970 1285 1286 1444 
1971 1287 1285 1288 
1972 1288 1285 1444 
1973 1286 1402 1444 
1974 1402 1286 1451 
1975 1286 1406 1451 
1976 1287 1288 1432 
1977 1289 1287 1290 
1978 1290 1287 1432 
1979 1390 1288 1431 
1980 1288 1390 1432 
1981 1431 1288 1444 
1982 1289 1290 1291 
1983 1289 1291 1408 
1984 1289 1408 1413 
1985 1291 1290 1292 
1986 1292 1290 1293 
1987 1293 1290 1432 
1988 1291 1292 1328 
1989 1326 1291 1328 
1990 1291 1326 1408 
1991 1292 1293 1440 
1992 1328 1292 1329 
1993 1329 1292 1440 
1994 1331 1293 1390 
1995 1293 1331 1440 
1996 1390 1293 1432 
1997 1295 1294 1296 
1998 1295 1296 1298 
1999 1295 1298 1450 
2000 1299 1295 1450 
2001 1296 1297 1300 
2002 1298 1296 1300 
2003 1300 1297 1301 
2004 1301 1297 1302 
2005 1302 1297 1319 
2006 1298 1300 1305 
2007 1298 1305 1306 
2008 1298 1306 1450 
2009 1299 1399 1412 
2010 1399 1299 1450 
2011 1405 1299 1412 
2012 1300 1301 1403 
2013 1305 1300 1403 
2014 1301 1302 1303 
2015 1301 1303 1304 
2016 1301 1304 1403 
2017 1303 1302 1395 
2018 1302 1319 1415 
2019 1395 1302 1415 
2020 1304 1303 1336 
2021 1303 1318 1336 
2022 1318 1303 1395 
2023 1304 1336 1337 
2024 1304 1337 1430 
2025 1403 1304 1430 
2026 1306 1305 1307 
2027 1307 1305 1429 
2028 1305 1403 1429 
2029 1306 1307 1321 
2030 1306 1321 1399 
2031 1306 1399 1450 
2032 1321 1307 1455 
2033 1307 1333 1455 
2034 1309 1308 1400 
2035 1309 1400 1401 
2036 1309 1401 1451 
2037 1406 1309 1451 
2038 1310 1396 1427 
2039 1396 1310 1441 
2040 1310 1438 1441 
2041 1407 1311 1423 
2042 1312 1313 1314 
2043 1312 1314 1325 
2044 1312 1325 1425 
2045 1314 1313 1445 
2046 1325 1314 1415 
2047 1314 1395 1415 
2048 1395 1314 1445 
2049 1315 1387 1424 
2050 1407 1315 1424 
2051 1315 1407 1443 
2052 1316 1413 1426 
2053 1408 1317 1413 
2054 1413 1317 1449 
2055 1319 1324 1325 
2056 1319 1325 1415 
2057 1327 1320 1428 
2058 1323 1417 1419 
2059 1434 1327 1461 
2060 1328 1329 1442 
2061 1330 1328 1442 
2062 1329 1338 1442 
2063 1330 1397 1435 
2064 1397 1330 1442 
2065 1373 1331 1390 
2066 1335 1334 1397 
2067 1337 1336 1409 
2068 1430 1337 1437 
2069 1339 1340 1439 
2070 1391 1339 1439 
2071 1340 1341 1342 
2072 1340 1342 1353 
2073 1340 1353 1439 
2074 1342 1341 1343 
2075 1343 1341 1374 
2076 1374 1341 1386 
2077 1342 1343 1344 
2078 1342 1344 1371 
2079 1353 1342 1371 
2080 1344 1343 1345 
2081 1345 1343 1361 
2082 1361 1343 1374 
2083 1344 1345 1346 
2084 1344 1346 1347 
2085 1344 1347 1371 
2086 1346 1345 1368 
2087 1345 1361 1362 
2088 1345 1362 1368 
2089 1347 1346 1348 
2090 1348 1346 1350 
2091 1350 1346 1368 
2092 1347 1348 1349 
2093 1347 1349 1352 
2094 1347 1352 1371 
2095 1349 1348 1367 
2096 1348 1350 1351 
2097 1348 1351 1367 
2098 1352 1349 1354 
2099 1354 1349 1355 
2100 1355 1349 1367 
2101 1351 1350 1357 
2102 1357 1350 1358 
2103 1358 1350 1368 
2104 1351 1357 1359 
2105 1351 1359 1360 
2106 1351 1360 1367 
2107 1352 1354 1356 
2108 1352 1356 1389 
2109 1371 1352 1389 
2110 1353 1371 1389 
2111 1353 1389 1404 
2112 1353 1404 1439 
2113 1354 1355 1365 
2114 1356 1354 1418 
2115 1354 1365 1418 
2116 1355 1364 1366 
2117 1364 1355 1367 
2118 1365 1355 1366 
2119 1389 1356 1433 
2120 1356 1418 1453 
2121 1433 1356 1453 
2122 1357 1358 1372 
2123 1359 1357 1458 
2124 1357 1372 1458 
2125 1358 1368 1369 
2126 1358 1369 1382 
2127 1372 1358 1382 
2128 1360 1359 1363 
2129 1363 1359 1398 
2130 1360 1363 1462 
2131 1360 1364 1367 
2132 1364 1360 1462 
2133 1362 1361 1436 
2134 1361 1388 1436 
2135 1368 1362 1369 
2136 1369 1362 1385 
2137 1385 1362 1436 
2138 1363 1398 1456 
2139 1366 1364 1370 
2140 1365 1366 1392 
2141 1365 1392 1463 
2142 1366 1370 1459 
2143 1392 1366 1459 
2144 1382 1369 1383 
2145 1383 1369 1385 
2146 1372 1393 1458 
2147 1373 1390 1431 
2148 1374 1386 1454 
2149 1376 1375 1460 
2150 1377 1376 1394 
2151 1376 1379 1402 
2152 1379 1376 1460 
2153 1394 1376 1402 
2154 1378 1377 1452 
2155 1377 1394 1448 
2156 1377 1448 1452 
2157 1380 1378 1396 
2158 1396 1378 1452 
2159 1402 1379 1444 
2160 1379 1431 1444 
2161 1380 1396 1441 
2162 1381 1382 1383 
2163 1384 1383 1385 
2164 1387 1412 1420 
2165 1404 1389 1433 
2166 1411 1392 1459 
2167 1401 1394 1402 
2168 1412 1399 1420 
2169 1401 1402 1451 
2170 1429 1403 1430 
2171 1414 1416 1453 
2172 1418 1414 1453 
2173 1416 1433 1453 
2 40 3 8
44789 1 2 27 40 
44790 34 33 3 4 
44791 40 27 28 39 
44792 39 28 29 38 
44793 38 29 30 37 
44794 37 30 31 36 
44795 36 31 32 35 
44796 35 32 33 34 
2 42 3 8
44815 9 10 115 128 
44816 122 121 11 12 
44817 128 115 116 127 
44818 127 116 117 126 
44819 126 117 118 125 
44820 125 118 119 124 
44821 124 119 120 123 
44822 123 120 121 122 
2 44 3 8
44841 17 18 203 216 
44842 210 209 19 20 
44843 216 203 204 215 
44844 215 204 205 214 
44845 214 205 206 213 
44846 213 206 207 212 
44847 212 207 208 211 
44848 211 208 209 210 
3 1 5 128
2174 1 41 56 2 40 445 334 27 
2175 40 445 334 27 39 444 335 28 
2176 39 444 335 28 38 443 336 29 
2177 38 443 336 29 37 442 337 30 
2178 37 442 337 30 36 441 338 31 
2179 36 441 338 31 35 440 339 32 
2180 35 440 339 32 34 439 340 33 
2181 34 439 340 33 4 93 71 3 
2182 41 42 57 56 445 452 341 334 
2183 445 452 341 334 444 451 342 335 
2184 444 451 342 335 443 450 343 336 
2185 443 450 343 336 442 449 344 337 
2186 442 449 344 337 441 448 345 338 
2187 441 448 345 338 440 447 346 339 
2188 440 447 346 339 439 446 347 340 
2189 439 446 347 340 93 94 72 71 
2190 42 43 58 57 452 459 348 341 
2191 452 459 348 341 451 458 349 342 
2192 451 458 349 342 450 457 350 343 
2193 450 457 350 343 449 456 351 344 
2194 449 456 351 344 448 455 352 345 
2195 448 455 352 345 447 454 353 346 
2196 447 454 353 346 446 453 354 347 
2197 446 453 354 347 94 95 73 72 
2198 43 44 59 58 459 466 355 348 
2199 459 466 355 348 458 465 356 349 
2200 458 465 356 349 457 464 357 350 
2201 457 464 357 350 456 463 358 351 
2202 456 463 358 351 455 462 359 352 
2203 455 462 359 352 454 461 360 353 
2204 454 461 360 353 453 460 361 354 
2205 453 460 361 354 95 96 74 73 
2206 44 45 60 59 466 473 362 355 
2207 466 473 362 355 465 472 363 356 
2208 465 472 363 356 464 471 364 357 
2209 464 471 364 357 463 470 365 358 
2210 463 470 365 358 462 469 366 359 
2211 462 469 366 359 461 468 367 360 
2212 461 468 367 360 460 467 368 361 
2213 460 467 368 361 96 97 75 74 
2214 45 46 61 60 473 480 369 362 
2215 473 480 369 362 472 479 370 363 
2216 472 479 370 363 471 478 371 364 
2217 471 478 371 364 470 477 372 365 
2218 470 477 372 365 469 476 373 366 
2219 469 476 373 366 468 475 374 367 
2220 468 475 374 367 467 474 375 368 
2221 467 474 375 368 97 98 76 75 
2222 46 47 62 61 480 487 376 369 
2223 480 487 376 369 479 486 377 370 
2224 479 486 377 370 478 485 378 371 
2225 478 485 378 371 477 484 379 372 
2226 477 484 379 372 476 483 380 373 
2227 476 483 380 373 475 482 381 374 
2228 475 482 381 374 474 481 382 375 
2229 474 481 382 375 98 99 77 76 
2230 47 48 63 62 487 494 383 376 
2231 487 494 383 376 486 493 384 377 
2232 486 493 384 377 485 492 385 378 
2233 485 492 385 378 484 491 386 379 
2234 484 491 386 379 483 490 387 380 
2235 483 490 387 380 482 489 388 381 
2236 482 489 388 381 481 488 389 382 
2237 481 488 389 382 99 100 78 77 
2238 48 49 64 63 494 501 390 383 
2239 494 501 390 383 493 500 391 384 
2240 493 500 391 384 492 499 392 385 
2241 492 499 392 385 491 498 393 386 
2242 491 498 393 386 490 497 394 387 
2243 490 497 394 387 489 496 395 388 
2244 489 496 395 388 488 495 396 389 
2245 488 495 396 389 100 101 79 78 
2246 49 50 65 64 501 508 397 390 
2247 501 508 397 390 500 507 398 391 
2248 500 507 398 391 499 506 399 392 
2249 499 506 399 392 498 505 400 393 
2250 498 505 400 393 497 504 401 394 
2251 497 504 401 394 496 503 402 395 
2252 496 503 402 395 495 502 403 396 
2253 495 502 403 396 101 102 80 79 
2254 50 51 66 65 508 515 404 397 
2255 508 515 404 397 507 514 405 398 
2256 507 514 405 398 506 513 406 399 
2257 506 513 406 399 505 512 407 400 
2258 505 512 407 400 504 511 408 401 
2259 504 511 408 401 503 510 409 402 
2260 503 510 409 402 502 509 410 403 
2261 502 509 410 403 102 103 81 80 
2262 51 52 67 66 515 522 411 404 
2263 515 522 411 404 514 521 412 405 
2264 514 521 412 405 513 520 413 406 
2265 513 520 413 406 512 519 414 407 
2266 512 519 414 407 511 518 415 408 
2267 511 518 415 408 510 517 416 409 
2268 510 517 416 409 509 516 417 410 
2269 509 516 417 410 103 104 82 81 
2270 52 53 68 67 522 529 418 411 
2271 522 529 418 411 521 528 419 412 
2272 521 528 419 412 520 527 420 413 
2273 520 527 420 413 519 526 421 414 
2274 519 526 421 414 518 525 422 415 
2275 518 525 422 415 517 524 423 416 
2276 517 524 423 416 516 523 424 417 
2277 516 523 424 417 104 105 83 82 
2278 53 54 69 68 529 536 425 418 
2279 529 536 425 418 528 535 426 419 
2280 528 535 426 419 527 534 427 420 
2281 527 534 427 420 526 533 428 421 
2282 526 533 428 421 525 532 429 422 
2283 525 532 429 422 524 531 430 423 
2284 524 531 430 423 523 530 431 424 
2285 523 530 431 424 105 106 84 83 
2286 54 55 70 69 536 543 432 425 
2287 536 543 432 425 535 542 433 426 
2288 535 542 433 426 534 541 434 427 
2289 534 541 434 427 533 540 435 428 
2290 533 540 435 428 532 539 436 429 
2291 532 539 436 429 531 538 437 430 
2292 531 538 437 430 530 537 438 431 
2293 530 537 438 431 106 107 85 84 
2294 55 5 6 70 543 114 86 432 
2295 543 114 86 432 542 113 87 433 
2296 542 113 87 433 541 112 88 434 
2297 541 112 88 434 540 111 89 435 
2298 540 111 89 435 539 110 90 436 
2299 539 110 90 436 538 109 91 437 
2300 538 109 91 437 537 108 92 438 
2301 537 108 92 438 107 8 7 85 
3 2 5 128
2302 9 129 144 10 128 655 544 115 
2303 128 655 544 115 127 654 545 116 
2304 127 654 545 116 126 653 546 117 
2305 126 653 546 117 125 652 547 118 
2306 125 652 547 118 124 651 548 119 
2307 124 651 548 119 123 650 549 120 
2308 123 650 549 120 122 649 550 121 
2309 122 649 550 121 12 181 159 11 
2310 129 130 145 144 655 662 551 544 
2311 655 662 551 544 654 661 552 545 
2312 654 661 552 545 653 660 553 546 
2313 653 660 553 546 652 659 554 547 
2314 652 659 554 547 651 658 555 548 
2315 651 658 555 548 650 657 556 549 
2316 650 657 556 549 649 656 557 550 
2317 649 656 557 550 181 182 160 159 
2318 130 131 146 145 662 669 558 551 
2319 662 669 558 551 661 668 559 552 
2320 661 668 559 552 660 667 560 553 
2321 660 667 560 553 659 666 561 554 
2322 659 666 561 554 658 665 562 555 
2323 658 665 562 555 657 664 563 556 
2324 657 664 563 556 656 663 564 557 
2325 656 663 564 557 182 183 161 160 
2326 131 132 147 146 669 676 565 558 
2327 669 676 565 558 668 675 566 559 
2328 668 675 566 559 667 674 567 560 
2329 667 674 567 560 666 673 568 561 
2330 666 673 568 561 665 672 569 562 
2331 665 672 569 562 664 671 570 563 
2332 664 671 570 563 663 670 571 564 
2333 663 670 571 564 183 184 162 161 
2334 132 133 148 147 676 683 572 565 
2335 676 683 572 565 675 682 573 566 
2336 675 682 573 566 674 681 574 567 
2337 674 681 574 567 673 680 575 568 
2338 673 680 575 568 672 679 576 569 
2339 672 679 576 569 671 678 577 570 
2340 671 678 577 570 670 677 578 571 
2341 670 677 578 571 184 185 163 162 
2342 133 134 149 148 683 690 579 572 
2343 683 690 579 572 682 689 580 573 
2344 682 689 580 573 681 688 581 574 
2345 681 688 581 574 680 687 582 575 
2346 680 687 582 575 679 686 583 576 
2347 679 686 583 576 678 685 584 577 
2348 678 685 584 577 677 684 585 578 
2349 677 684 585 578 185 186 164 163 
2350 134 135 150 149 690 697 586 579 
2351 690 697 586 579 689 696 587 580 
2352 689 696 587 580 688 695 588 581 
2353 688 695 588 581 687 694 589 582 
2354 687 694 589 582 686 693 590 583 
2355 686 693 590 583 685 692 591 584 
2356 685 692 591 584 684 691 592 585 
2357 684 691 592 585 186 187 165 164 
2358 135 136 151 150 697 704 593 586 
2359 697 704 593 586 696 703 594 587 
2360 696 703 594 587 695 702 595 588 
2361 695 702 595 588 694 701 596 589 
2362 694 701 596 589 693 700 597 590 
2363 693 700 597 590 692 699 598 591 
2364 692 699 598 591 691 698 599 592 
2365 691 698 599 592 187 188 166 165 
2366 136 137 152 151 704 711 600 593 
2367 704 711 600 593 703 710 601 594 
2368 703 710 601 594 702 709 602 595 
2369 702 709 602 595 701 708 603 596 
2370 701 708 603 596 700 707 604 597 
2371 700 707 604 597 699 706 605 598 
2372 699 706 605 598 698 705 606 599 
2373 698 705 606 599 188 189 167 166 
2374 137 138 153 152 711 718 607 600 
2375 711 718 607 600 710 717 608 601 
2376 710 717 608 601 709 716 609 602 
2377 709 716 609 602 708 715 610 603 
2378 708 715 610 603 707 714 611 604 
2379 707 714 611 604 706 713 612 605 
2380 706 713 612 605 705 712 613 606 
2381 705 712 613 606 189 190 168 167 
2382 138 139 154 153 718 725 614 607 
2383 718 725 614 607 717 724 615 608 
2384 717 724 615 608 716 723 616 609 
2385 716 723 616 609 715 722 617 610 
2386 715 722 617 610 714 721 618 611 
2387 714 721 618 611 713 720 619 612 
2388 713 720 619 612 712 719 620 613 
2389 712 719 620 613 190 191 169 168 
2390 139 140 155 154 725 732 621 614 
2391 725 732 621 614 724 731 622 615 
2392 724 731 622 615 723 730 623 616 
2393 723 730 623 616 722 729 624 617 
2394 722 729 624 617 721 728 625 618 
2395 721 728 625 618 720 727 626 619 
2396 720 727 626 619 719 726 627 620 
2397 719 726 627 620 191 192 170 169 
2398 140 141 156 155 732 739 628 621 
2399 732 739 628 621 731 738 629 622 
2400 731 738 629 622 730 737 630 623 
2401 730 737 630 623 729 736 631 624 
2402 729 736 631 624 728 735 632 625 
2403 728 735 632 625 727 734 633 626 
2404 727 734 633 626 726 733 634 627 
2405 726 733 634 627 192 193 171 170 
2406 141 142 157 156 739 746 635 628 
2407 739 746 635 628 738 745 636 629 
2408 738 745 636 629 737 744 637 630 
2409 737 744 637 630 736 743 638 631 
2410 736 743 638 631 735 742 639 632 
2411 735 742 639 632 734 741 640 633 
2412 734 741 640 633 733 740 641 634 
2413 733 740 641 634 193 194 172 171 
2414 142 143 158 157 746 753 642 635 
2415 746 753 642 635 745 752 643 636 
2416 745 752 643 636 744 751 644 637 
2417 744 751 644 637 743 750 645 638 
2418 743 750 645 638 742 749 646 639 
2419 742 749 646 639 741 748 647 640 
2420 741 748 647 640 740 747 648 641 
2421 740 747 648 641 194 195 173 172 
2422 143 13 14 158 753 202 174 642 
2423 753 202 174 642 752 201 175 643 
2424 752 201 175 643 751 200 176 644 
2425 751 200 176 644 750 199 177 645 
2426 750 199 177 645 749 198 178 646 
2427 749 198 178 646 748 197 179 647 
2428 748 197 179 647 747 196 180 648 
2429 747 196 180 648 195 16 15 173 
3 3 5 128
2430 17 217 232 18 216 865 754 203 
2431 216 865 754 203 215 864 755 204 
2432 215 864 755 204 214 863 756 205 
2433 214 863 756 205 213 862 757 206 
2434 213 862 757 206 212 861 758 207 
2435 212 861 758 207 211 860 759 208 
2436 211 860 759 208 210 859 760 209 
2437 210 859 760 209 20 269 247 19 
2438 217 218 233 232 865 872 761 754 
2439 865 872 761 754 864 871 762 755 
2440 864 871 762 755 863 870 763 756 
2441 863 870 763 756 862 869 764 757 
2442 862 869 764 757 861 868 765 758 
2443 861 868 765 758 860 867 766 759 
2444 860 867 766 759 859 866 767 760 
2445 859 866 767 760 269 270 248 247 
2446 218 219 234 233 872 879 768 761 
2447 872 879 768 761 871 878 769 762 
2448 871 878 769 762 870 877 770 763 
2449 870 877 770 763 869 876 771 764 
2450 869 876 771 764 868 875 772 765 
2451 868 875 772 765 867 874 773 766 
2452 867 874 773 766 866 873 774 767 
2453 866 873 774 767 270 271 249 248 
2454 219 220 235 234 879 886 775 768 
2455 879 886 775 768 878 885 776 769 
2456 878 885 776 769 877 884 777 770 
2457 877 884 777 770 876 883 778 771 
2458 876 883 778 771 875 882 779 772 
2459 875 882 779 772 874 881 780 773 
2460 874 881 780 773 873 880 781 774 
2461 873 880 781 774 271 272 250 249 
2462 220 221 236 235 886 893 782 775 
2463 886 893 782 775 885 892 783 776 
2464 885 892 783 776 884 891 784 777 
2465 884 891 784 777 883 890 785 778 
2466 883 890 785 778 882 889 786 779 
2467 882 889 786 779 881 888 787 780 
2468 881 888 787 780 880 887 788 781 
2469 880 887 788 781 272 273 251 250 
2470 221 222 237 236 893 900 789 782 
2471 893 900 789 782 892 899 790 783 
2472 892 899 790 783 891 898 791 784 
2473 891 898 791 784 890 897 792 785 
2474 890 897 792 785 889 896 793 786 
2475 889 896 793 786 888 895 794 787 
2476 888 895 794 787 887 894 795 788 
2477 887 894 795 788 273 274 252 251 
2478 222 223 238 237 900 907 796 789 
2479 900 907 796 789 899 906 797 790 
2480 899 906 797 790 898 905 798 791 
2481 898 905 798 791 897 904 799 792 
2482 897 904 799 792 896 903 800 793 
2483 896 903 800 793 895 902 801 794 
2484 895 902 801 794 894 901 802 795 
2485 894 901 802 795 274 275 253 252 
2486 223 224 239 238 907 914 803 796 
2487 907 914 803 796 906 913 804 797 
2488 906 913 804 797 905 912 805 798 
2489 905 912 805 798 904 911 806 799 
2490 904 911 806 799 903 910 807 800 
2491 903 910 807 800 902 909 808 801 
2492 902 909 808 801 901 908 809 802 
2493 901 908 809 802 275 276 254 253 
2494 224 225 240 239 914 921 810 803 
2495 914 921 810 803 913 920 811 804 
2496 913 920 811 804 912 919 812 805 
2497 912 919 812 805 911 918 813 806 
2498 911 918 813 806 910 917 814 807 
2499 910 917 814 807 909 916 815 808 
2500 909 916 815 808 908 915 816 809 
2501 908 915 816 809 276 277 255 254 
2502 225 226 241 240 921 928 817 810 
2503 921 928 817 810 920 927 818 811 
2504 920 927 818 811 919 926 819 812 
2505 919 926 819 812 918 925 820 813 
2506 918 925 820 813 917 924 821 814 
2507 917 924 821 814 916 923 822 815 
2508 916 923 822 815 915 922 823 816 
2509 915 922 823 816 277 278 256 255 
2510 226 227 242 241 928 935 824 817 
2511 928 935 824 817 927 934 825 818 
2512 927 934 825 818 926 933 826 819 
2513 926 933 826 819 925 932 827 820 
2514 925 932 827 820 924 931 828 821 
2515 924 931 828 821 923 930 829 822 
2516 923 930 829 822 922 929 830 823 
2517 922 929 830 823 278 279 257 256 
2518 227 228 243 242 935 942 831 824 
2519 935 942 831 824 934 941 832 825 
2520 934 941 832 825 933 940 833 826 
2521 933 940 833 826 932 939 834 827 
2522 932 939 834 827 931 938 835 828 
2523 931 938 835 828 930 937 836 829 
2524 930 937 836 829 929 936 837 830 
2525 929 936 837 830 279 280 258 257 
2526 228 229 244 243 942 949 838 831 
2527 942 949 838 831 941 948 839 832 
2528 941 948 839 832 940 947 840 833 
2529 940 947 840 833 939 946 841 834 
2530 939 946 841 834 938 945 842 835 
2531 938 945 842 835 937 944 843 836 
2532 937 944 843 836 936 943 844 837 
2533 936 943 844 837 280 281 259 258 
2534 229 230 245 244 949 956 845 838 
2535 949 956 845 838 948 955 846 839 
2536 948 955 846 839 947 954 847 840 
2537 947 954 847 840 946 953 848 841 
2538 946 953 848 841 945 952 849 842 
2539 945 952 849 842 944 951 850 843 
2540 944 951 850 843 943 950 851 844 
2541 943 950 851 844 281 282 260 259 
2542 230 231 246 245 956 963 852 845 
2543 956 963 852 845 955 962 853 846 
2544 955 962 853 846 954 961 854 847 
2545 954 961 854 847 953 960 855 848 
2546 953 960 855 848 952 959 856 849 
2547 952 959 856 849 951 958 857 850 
2548 951 958 857 850 950 957 858 851 
2549 950 957 858 851 282 283 261 260 
2550 231 21 22 246 963 290 262 852 
2551 963 290 262 852 962 289 263 853 
2552 962 289 263 853 961 288 264 854 
2553 961 288 264 854 960 287 265 855 
2554 960 287 265 855 959 286 266 856 
2555 959 286 266 856 958 285 267 857 
2556 958 285 267 857 957 284 268 858 
2557 957 284 268 858 283 24 23 261 
3 4 4 9037
2558 2449 38 1398 443 
2559 112 2569 1159 541 
2560 1874 1882 864 1421 
2561 1994 1986 963 1182 
2562 987 143 1144 1145 
2563 72 1325 1997 145 
2564 1051 1488 1468 1567 
2565 2273 2281 751 1218 
2566 1551 2169 2161 1457 
2567 2571 988 2563 55 
2568 41 2451 1692 2459 
2569 960 1177 287 1175 
2570 1301 1538 1481 1645 
2571 27 2300 1315 334 
2572 2420 432 2412 70 
2573 2099 1566 2091 1623 
2574 1468 1488 1051 1605 
2575 1327 1555 1088 1617 
2576 1383 1384 129 1226 
2577 1144 107 143 987 
2578 1226 93 129 1383 
2579 1063 1532 1531 1687 
2580 226 241 2150 190 
2581 1065 1164 1062 1481 
2582 1492 1480 1611 1679 
2583 1013 1099 1338 1534 
2584 1051 1468 1054 1567 
2585 1063 1687 1531 1694 
2586 1065 1481 1062 1685 
2587 1338 1534 1099 1610 
2588 1474 1521 1626 1674 
2589 1638 81 2439 154 
2590 2439 81 1638 82 
2591 386 2368 2367 1649 
2592 2163 2171 655 1384 
2593 1122 1197 1123 1664 
2594 1286 1503 1506 1665 
2595 1274 1563 1490 1564 
2596 1338 1252 1013 1534 
2597 198 1147 2279 1215 
2598 1301 1403 1538 1645 
2599 198 2279 1147 749 
2600 2158 2166 650 1386 
2601 2351 2352 2344 372 
2602 1481 1531 1062 1532 
2603 1253 1516 984 1637 
2604 1444 1619 1618 1431 
2605 1013 1534 1252 1670 
2606 1744 1745 765 772 
2607 1504 1556 1744 1400 
2608 1991 1983 960 1175 
2609 1871 1879 861 1414 
2610 1504 1752 1744 1556 
2611 1554 794 1762 787 
2612 984 1516 1014 1637 
2613 1554 1504 1744 1400 
2614 2373 405 2382 398 
2615 764 1744 1309 1308 
2616 1099 1534 1090 1610 
2617 380 1541 373 1640 
2618 2453 2445 440 1255 
2619 2565 2557 538 1016 
2620 2092 1569 2093 2101 
2621 1302 1494 1303 1620 
2622 1479 1521 1035 1668 
2623 1063 1062 1531 1532 
2624 1054 1468 1051 1605 
2625 1773 1772 1781 796 
2626 1338 1329 1534 1610 
2627 1880 1697 1872 1416 
2628 1872 1697 1880 862 
2629 1992 961 1984 960 
2630 1460 1375 1619 1251 
2631 1221 1136 1619 1546 
2632 401 1501 1531 408 
2633 1637 1455 1253 1516 
2634 1637 1216 1014 1094 
2635 143 1571 2442 107 
2636 1383 94 2429 1997 
2637 129 1383 1997 130 
2638 151 1638 2004 2436 
2639 1619 1390 1331 1590 
2640 401 2385 1531 2377 
2641 1516 1611 1517 1679 
2642 1083 1322 1559 1625 
2643 1308 757 764 1736 
2644 1557 1069 998 1070 
2645 2054 2046 1599 1563 
2646 1751 1752 1743 771 
2647 567 2046 2054 574 
2648 1444 1665 1619 1379 
2649 2558 992 1154 1648 
2650 2566 2558 2567 992 
2651 407 2384 2392 1666 
2652 779 1752 1753 1504 
2653 1556 1282 1237 1406 
2654 1557 1831 1043 998 
2655 1092 1331 1590 1619 
2656 1619 970 965 1373 
2657 1164 1481 1538 1611 
2658 1356 1354 1352 1543 
2659 130 2179 2468 95 
2660 2454 2446 441 1393 
2661 1492 1611 1667 1679 
2662 1703 1546 972 1136 
2663 1375 976 972 1546 
2664 976 1136 972 1546 
2665 976 1619 1136 1546 
2666 976 1619 1375 1251 
2667 2159 2167 2158 1386 
2668 812 1791 1799 1707 
2669 2448 37 1231 442 
2670 1648 2560 2568 1159 
2671 1062 1481 1164 1611 
2672 1823 840 1831 841 
2673 981 1013 1252 1670 
2674 1014 1516 1253 1625 
2675 976 1375 1619 1546 
2676 976 1136 1619 1012 
2677 2455 2447 442 1231 
2678 2558 532 2559 1648 
2679 2156 1391 2164 181 
2680 1152 2276 1635 195 
2681 2162 2170 654 1256 
2682 1664 2282 2274 752 
2683 1069 1161 1070 1557 
2684 1471 1606 1522 1682 
2685 1508 1566 2098 620 
2686 2075 2083 1530 166 
2687 1481 1494 1301 1645 
2688 876 1888 1896 1697 
2689 1494 1524 1301 1645 
2690 1290 1618 1468 1660 
2691 1744 1753 1745 772 
2692 1101 1200 1100 1635 
2693 1023 1486 1522 1577 
2694 1731 247 1739 1423 
2695 261 1851 1843 1184 
2696 1122 1123 1106 1550 
2697 1338 1099 1249 1610 
2698 1481 1524 1494 1645 
2699 1189 973 1088 1617 
2700 973 1428 1327 1617 
2701 1769 1777 1778 794 
2702 1303 1494 1470 1620 
2703 1637 1014 1216 1516 
2704 1637 1253 1455 1333 
2705 2387 410 2386 1687 
2706 1516 1667 1611 1679 
2707 1551 1345 1361 1362 
2708 1873 863 1881 864 
2709 1993 1985 962 1015 
2710 2159 2158 2167 651 
2711 764 757 1308 1309 
2712 1391 1875 1706 217 
2713 1152 1635 1995 231 
2714 849 856 1069 1161 
2715 1535 2343 1587 364 
2716 1100 2277 2269 747 
2717 1244 982 1322 1559 
2718 1083 982 1005 1559 
2719 2053 2054 2045 573 
2720 1470 1591 1555 1685 
2721 1400 1745 1737 765 
2722 1069 856 849 1840 
2723 1634 1555 1685 1470 
2724 1481 1538 1301 1591 
2725 2019 159 2027 1449 
2726 173 2139 2131 1210 
2727 1024 1522 1606 1682 
2728 1164 1538 1517 1611 
2729 1444 1619 1665 1475 
2730 1068 1517 1516 1611 
2731 965 1092 1134 1619 
2732 1331 965 1373 1619 
2733 1467 1559 1548 1606 
2734 1301 1524 1494 1533 
2735 1352 1371 1389 1518 
2736 1492 1667 1480 1679 
2737 1041 1483 1079 1156 
2738 19 247 1228 1852 
2739 261 23 989 1867 
2740 2 56 2284 1228 
2741 70 6 2299 989 
2742 2055 581 2063 582 
2743 1304 1301 1403 1538 
2744 1565 1824 1832 842 
2745 2277 2269 748 1007 
2746 2157 2165 649 1246 
2747 1400 1308 1737 1257 
2748 966 1253 1014 1516 
2749 973 1327 1088 1617 
2750 1403 1517 1538 1645 
2751 2452 1383 2468 94 
2752 1431 1444 1288 1618 
2753 2056 2057 1519 576 
2754 1737 1400 1736 1308 
2755 1065 1538 1481 1685 
2756 2167 2166 2158 1386 
2757 2278 2270 749 1147 
2758 2102 2103 2094 616 
2759 958 1989 1981 1224 
2760 1869 860 1877 1463 
2761 1627 1600 2094 1562 
2762 1099 1010 1249 1610 
2763 2021 1312 2013 1240 
2764 1590 1618 1475 1619 
2765 1478 1703 1137 1546 
2766 2539 279 280 1552 
2767 1021 1024 1209 1522 
2768 371 378 1615 1649 
2769 1665 1506 1444 1475 
2770 1164 1481 1065 1538 
2771 1111 1118 1112 1536 
2772 1478 1546 1163 1688 
2773 1478 1504 1503 1582 
2774 1576 1606 1471 1682 
2775 1401 1504 1503 1607 
2776 171 2153 172 1596 
2777 2539 280 279 51 
2778 52 280 2539 51 
2779 1685 1483 1634 1470 
2780 245 1721 244 1596 
2781 1061 1531 1481 1611 
2782 1618 1619 1444 1475 
2783 1058 1063 1062 1531 
2784 984 1253 966 1516 
2785 1455 1516 1321 1625 
2786 1082 1516 1216 1625 
2787 984 966 1014 1516 
2788 1061 1062 1481 1531 
2789 2052 2053 1700 572 
2790 253 2291 1526 62 
2791 253 1526 2291 254 
2792 1049 1605 1192 1590 
2793 1435 1275 1273 1511 
2794 1475 1192 1590 1619 
2795 1555 1634 1079 1041 
2796 1301 1494 1481 1591 
2797 1504 1761 1769 1554 
2798 1707 1505 1807 1557 
2799 782 1757 1765 1673 
2800 1088 1327 971 1555 
2801 1675 1812 1804 1705 
2802 1274 1563 1564 1599 
2803 769 1742 1750 1601 
2804 1217 2562 2570 1004 
2805 1224 1982 1990 1003 
2806 1035 1521 1491 1562 
2807 1517 1637 1516 1679 
2808 964 1083 1322 1559 
2809 981 1252 1335 1670 
2810 1024 1606 1576 1682 
2811 1526 1529 1497 1689 
2812 964 1322 982 1559 
2813 964 982 1083 1559 
2814 1751 1743 1752 1556 
2815 1069 855 265 1848 
2816 1727 756 1282 1735 
2817 1846 264 1847 854 
2818 1013 981 1096 1670 
2819 1729 758 1308 1737 
2820 1069 1565 849 1161 
2821 1788 810 1523 803 
2822 1068 1611 1516 1667 
2823 1069 1161 1557 1565 
2824 1619 965 970 1134 
2825 1041 1483 1206 1491 
2826 2099 1566 1508 620 
2827 1788 1780 1523 1530 
2828 239 1530 1788 1623 
2829 1414 1697 1870 1242 
2830 1557 1830 1822 1602 
2831 1546 1619 1665 1379 
2832 1038 1479 1035 1668 
2833 2093 2085 2084 607 
2834 1887 1879 869 1697 
2835 1697 1878 1870 1242 
2836 1224 1990 1982 958 
2837 1808 1800 1557 820 
2838 1479 1491 1035 1521 
2839 1687 1063 1624 1694 
2840 1406 1282 1283 1601 
2841 1054 1051 1193 1605 
2842 1474 1668 1521 1674 
2843 1035 1521 1562 1600 
2844 1467 1526 1497 1689 
2845 983 1338 1013 1099 
2846 1634 1483 1685 1079 
2847 2323 347 2315 1324 
2848 1538 1591 1481 1685 
2849 1406 1556 1282 1601 
2850 1401 1607 1503 1665 
2851 1435 1655 1474 1670 
2852 1469 1516 1321 1679 
2853 1058 1063 1531 1694 
2854 1023 1025 1486 1577 
2855 2419 2427 438 1085 
2856 340 2315 2307 71 
2857 2323 2315 347 72 
2858 1324 2315 340 347 
2859 1551 1383 2468 1539 
2860 2187 95 2179 131 
2861 1280 1490 1445 1499 
2862 1395 1302 1303 1620 
2863 1435 1670 1474 1674 
2864 1453 1356 1433 1697 
2865 618 2096 2104 617 
2866 1478 1607 1546 1665 
2867 1511 1626 1564 1674 
2868 1044 1043 1167 1602 
2869 983 1338 1252 1013 
2870 1222 1555 1461 1647 
2871 1401 1665 1451 1402 
2872 1508 2099 1584 1705 
2873 2458 1456 2450 1243 
2874 1247 1008 1572 1617 
2875 1475 1506 1503 1665 
2876 2450 1456 2458 444 
2877 1217 2570 2562 542 
2878 1274 1490 1479 1564 
2879 2013 1312 2021 544 
2880 974 981 1335 1572 
2881 974 1096 981 1572 
2882 2022 1240 2014 1323 
2883 1054 1590 1468 1605 
2884 2014 1240 2022 545 
2885 1617 1277 1279 1479 
2886 1572 1670 981 1335 
2887 1546 1665 1619 1475 
2888 1472 133 2433 97 
2889 2001 133 1472 134 
2890 1428 973 974 1617 
2891 974 973 1189 1617 
2892 1418 1356 1453 1697 
2893 745 2274 2266 746 
2894 1435 1511 1474 1655 
2895 1277 1479 1617 1674 
2896 820 1807 1557 827 
2897 142 2275 2267 1571 
2898 842 849 1832 1565 
2899 2511 1502 2528 2527 
2900 1191 1190 1164 1517 
2901 1040 1479 1038 1617 
2902 1001 2126 2134 1084 
2903 1023 1522 1020 1577 
2904 1501 1531 415 1629 
2905 1497 1529 1554 1598 
2906 1121 1223 1125 1632 
2907 1619 1331 1390 1373 
2908 965 1331 1092 1619 
2909 1467 1487 1527 1650 
2910 1685 1097 1538 1591 
2911 826 1814 1815 833 
2912 1120 1118 1219 1648 
2913 2438 139 2243 1473 
2914 2438 139 1473 103 
2915 1001 2134 2126 643 
2916 1468 1523 1498 1530 
2917 1042 1617 1555 1634 
2918 1306 1480 1450 1535 
2919 1420 1268 1469 1487 
2920 1038 1572 1479 1668 
2921 1337 1538 978 1647 
2922 978 1538 1098 1647 
2923 1538 1611 1645 1517 
2924 1687 1624 1063 1532 
2925 1479 1626 1521 1674 
2926 129 1384 1446 1226 
2927 2134 2126 644 1084 
2928 2022 2014 546 1323 
2929 2021 2013 545 1240 
2930 2133 2125 643 1001 
2931 1474 1511 1435 1674 
2932 2055 2063 581 1564 
2933 1034 1521 1520 1668 
2934 1555 1617 1281 1634 
2935 1467 1559 1606 1691 
2936 1102 1550 1147 1135 
2937 968 1249 1338 1099 
2938 1300 1301 1524 1645 
2939 1274 1564 1511 1599 
2940 1429 1430 1403 1517 
2941 816 1794 1795 1653 
2942 1469 1535 1480 1679 
2943 2071 2063 1626 1564 
2944 1068 1067 1611 1667 
2945 1638 1569 2092 1621 
2946 1247 1428 974 1617 
2947 1008 974 1189 1617 
2948 1481 1532 1062 1685 
2949 2100 2101 2108 1621 
2950 982 1559 1244 1683 
2951 373 1533 2344 366 
2952 982 1005 1559 1683 
2953 1565 1161 1833 849 
2954 1309 1743 1744 764 
2955 1400 1744 1309 1556 
2956 1546 1607 1478 1703 
2957 1548 1559 1071 1606 
2958 1274 1278 1490 1563 
2959 765 1745 1744 1400 
2960 2100 621 2101 614 
2961 2100 2092 2101 1621 
2962 2071 1626 2063 589 
2963 1040 1039 1038 1491 
2964 407 2383 2391 406 
2965 1760 1768 1556 1504 
2966 1042 1040 1617 1634 
2967 1743 1735 1282 763 
2968 1065 1064 1097 1685 
2969 1301 1538 1304 1591 
2970 1277 1617 1422 1674 
2971 1429 1517 1403 1645 
2972 98 76 2001 134 
2973 1997 1383 93 2429 
2974 145 130 2430 1998 
2975 104 2440 1571 105 
2976 1630 189 225 2149 
2977 186 2146 223 187 
2978 2004 1638 151 152 
2979 183 2143 220 184 
2980 182 1706 2142 218 
2981 1857 46 61 2289 
2982 2151 227 228 1719 
2983 226 1630 2150 1718 
2984 49 2515 2293 50 
2985 275 1686 1858 274 
2986 143 2442 142 2010 
2987 1693 1865 53 2297 
2988 1475 1546 1665 1688 
2989 2160 1454 2168 652 
2990 1215 2280 2272 750 
2991 2390 2382 2389 405 
2992 1497 1529 1526 1681 
2993 1300 1524 1301 1533 
2994 478 2488 2496 477 
2995 2289 61 1657 60 
2996 72 94 1997 2429 
2997 133 75 2001 2433 
2998 72 2430 1622 145 
2999 2143 162 1658 235 
3000 69 2297 259 1865 
3001 2142 161 233 1710 
3002 2149 225 240 167 
3003 2298 69 70 1866 
3004 1709 159 160 2141 
3005 165 1530 1714 238 
3006 247 248 2285 1853 
3007 83 2440 155 82 
3008 1638 2436 152 2004 
3009 49 255 2293 1861 
3010 61 2290 1526 62 
3011 227 1718 169 2150 
3012 157 2010 1086 158 
3013 1624 2395 2387 1687 
3014 1475 1546 1140 1619 
3015 1274 1417 1563 1599 
3016 1024 1209 1522 1682 
3017 1467 1527 1526 1613 
3018 1486 1527 1467 1613 
3019 1671 979 1337 1538 
3020 1053 1090 1089 1567 
3021 1203 1534 1013 1670 
3022 1420 1266 1268 1487 
3023 1091 1500 1089 1534 
3024 1054 1567 1468 1610 
3025 1144 2564 2556 107 
3026 93 1226 1447 1381 
3027 1563 1490 2045 1568 
3028 1330 1655 1435 1670 
3029 1420 1487 1469 1535 
3030 1066 1068 1067 1611 
3031 1036 1500 1091 1668 
3032 1345 1346 1368 1684 
3033 205 1727 1726 1282 
3034 848 1840 1832 849 
3035 981 983 1252 1013 
3036 1531 1501 401 2377 
3037 1338 983 968 1099 
3038 1395 1303 1470 1620 
3039 974 1335 1247 1572 
3040 1008 1096 974 1572 
3041 1607 1682 1478 1703 
3042 1671 979 1098 1198 
3043 1385 1369 1383 1551 
3044 1071 1026 1548 1606 
3045 1399 1535 1469 1679 
3046 1615 2358 2350 1704 
3047 1572 981 1670 1096 
3048 1557 1824 1816 834 
3049 1091 1668 1500 1670 
3050 1496 1971 1963 1612 
3051 1584 2099 1508 620 
3052 1043 1557 1167 1602 
3053 1129 1107 1106 1702 
3054 1478 1665 1546 1688 
3055 964 966 1322 1625 
3056 1062 1532 1063 1685 
3057 964 1083 966 1625 
3058 1786 1529 1787 809 
3059 1048 1574 1488 1580 
3060 1345 1362 1551 1684 
3061 1565 1682 1021 1022 
3062 1506 1781 1558 797 
3063 968 1249 1099 1010 
3064 1318 1555 1470 1591 
3065 1290 1468 1618 1659 
3066 155 1483 1638 1621 
3067 1203 1099 1013 1534 
3068 1185 1547 1486 1609 
3069 1164 1517 1190 1611 
3070 1041 1483 1491 1634 
3071 1590 1610 1468 1618 
3072 1618 1660 1610 1468 
3073 1598 1669 1560 1471 
3074 1137 1163 1478 1546 
3075 1523 1530 1772 1673 
3076 1742 770 1743 763 
3077 1786 802 1787 1778 
3078 1506 797 1766 790 
3079 1735 1727 757 1237 
3080 1847 1839 855 998 
3081 1497 1554 1260 1598 
3082 979 1098 978 1538 
3083 979 978 1337 1538 
3084 1263 1452 1598 1669 
3085 1611 1068 1190 1066 
3086 1181 1547 1525 1548 
3087 1253 1322 966 1625 
3088 1516 1517 1068 1637 
3089 1475 1192 1605 1590 
3090 771 1744 1743 764 
3091 1619 1151 1092 1134 
3092 1737 1729 759 1257 
3093 267 1850 1849 857 
3094 1477 1121 1112 1128 
3095 966 1083 1014 1625 
3096 1079 1483 1041 1634 
3097 1800 1478 1505 1582 
3098 1474 1626 1511 1674 
3099 1848 1840 856 1069 
3100 1728 757 1736 758 
3101 1600 2104 2112 1592 
3102 1273 1435 1511 1674 
3103 1431 1618 1390 1590 
3104 1575 1626 1521 1656 
3105 1190 1068 1517 1637 
3106 819 1799 1807 1707 
3107 82 1624 81 1638 
3108 1286 1451 1665 1402 
3109 1529 1598 1497 1689 
3110 853 1846 1838 854 
3111 1726 755 1734 756 
3112 1286 1665 1451 1503 
3113 2556 2564 537 107 
3114 1090 1567 1053 1610 
3115 1144 2556 2564 1142 
3116 129 130 2171 1383 
3117 1429 1517 1307 1637 
3118 1230 1388 1457 2169 
3119 1040 1038 1479 1491 
3120 1216 1516 1068 1637 
3121 1307 1516 1455 1637 
3122 1878 1887 1879 868 
3123 1479 1572 1038 1617 
3124 1611 1667 1211 1492 
3125 1038 1039 1035 1491 
3126 1493 1500 1534 1567 
3127 867 1878 1886 1543 
3128 1352 1349 1347 1677 
3129 1137 1478 1155 1682 
3130 2023 1323 2015 1270 
3131 1509 1049 1605 1688 
3132 1511 1599 2048 1593 
3133 1092 1590 1331 1610 
3134 1685 1555 1634 1079 
3135 1591 1647 1555 1685 
3136 1561 2485 2486 1484 
3137 2337 1533 359 1662 
3138 1279 1281 1617 1634 
3139 2485 2493 2486 475 
3140 2015 1323 2023 546 
3141 1274 1417 1278 1563 
3142 1038 1035 1479 1491 
3143 967 965 1331 1610 
3144 967 1092 965 1610 
3145 1081 1555 1042 1617 
3146 1320 1281 1555 1617 
3147 373 2352 1541 380 
3148 11 159 1232 2140 
3149 173 15 993 2155 
3150 2045 1499 565 1622 
3151 1191 1517 1164 1538 
3152 771 1752 1744 772 
3153 1752 779 1760 1504 
3154 1040 1479 1617 1634 
3155 1279 1479 1278 1490 
3156 1181 1525 1029 1548 
3157 1084 2127 2135 1031 
3158 1008 974 1247 1572 
3159 1145 1146 1017 1664 
3160 1084 2135 2127 644 
3161 1565 1021 1682 1522 
3162 1656 1633 2105 1651 
3163 1483 1685 1079 1156 
3164 1040 1491 1479 1634 
3165 1511 2055 2063 2056 
3166 1104 1102 1135 1550 
3167 1000 2414 2422 1166 
3168 2361 380 1541 387 
3169 1501 1541 1531 1611 
3170 1104 1122 1106 1550 
3171 254 1526 63 1613 
3172 1040 1038 1183 1617 
3173 1000 2422 2414 433 
3174 1100 1200 1152 1635 
3175 1235 2310 2302 1405 
3176 2531 50 1862 278 
3177 1431 1618 1590 1619 
3178 1403 1517 1430 1538 
3179 1906 1570 1897 878 
3180 1471 1554 1529 1669 
3181 2057 583 2056 1575 
3182 1099 1090 1010 1610 
3183 1338 1249 1329 1610 
3184 1523 1506 1673 1676 
3185 1341 1343 1374 1549 
3186 1517 1645 1429 1679 
3187 876 1896 1888 877 
3188 1343 1345 1361 1549 
3189 1023 1020 1025 1577 
3190 253 1858 1526 252 
3191 253 1526 2290 62 
3192 1450 1306 1298 1480 
3193 401 2377 1501 1541 
3194 1750 1751 1759 1556 
3195 1685 1538 1097 1065 
3196 1215 1135 1147 1550 
3197 964 1322 1083 1625 
3198 1897 1570 1906 1518 
3199 1831 998 1069 848 
3200 765 1736 1744 764 
3201 866 1876 859 1392 
3202 1515 1980 1981 950 
3203 1450 1480 1298 1583 
3204 1112 1128 1109 1643 
3205 1044 1167 1509 1602 
3206 1061 1058 1062 1531 
3207 1235 2302 2310 336 
3208 1524 1583 1298 1645 
3209 1467 1486 1613 1689 
3210 1480 1535 1306 1679 
3211 1050 1488 1169 1584 
3212 2302 2310 335 1405 
3213 2422 2414 434 1166 
3214 1537 2435 150 77 
3215 78 1537 2003 151 
3216 1307 1637 1517 1679 
3217 1557 998 1043 1167 
3218 2135 2127 645 1031 
3219 2023 2015 547 1270 
3220 2003 2508 135 2435 
3221 1537 150 2435 2003 
3222 77 2434 1537 76 
3223 1715 165 166 2147 
3224 163 2144 1658 162 
3225 1859 254 253 2291 
3226 2294 256 257 1862 
3227 155 154 2439 2007 
3228 224 166 2147 1715 
3229 99 2508 135 1561 
3230 2434 2002 1561 135 
3231 1712 2144 1485 184 
3232 47 48 1859 2291 
3233 2007 2439 1473 139 
3234 256 50 1862 2294 
3235 1519 2049 569 576 
3236 1850 1842 858 1002 
3237 1730 1738 759 1241 
3238 841 1832 1824 842 
3239 1051 1054 1053 1567 
3240 1050 1051 1052 1488 
3241 1816 1824 1565 835 
3242 1374 1454 1386 1549 
3243 973 971 1088 1327 
3244 1113 1150 1132 1672 
3245 1619 1092 1151 1590 
3246 1845 1837 853 995 
3247 1725 1733 754 1234 
3248 383 2364 2356 1701 
3249 2287 1855 1657 250 
3250 2431 1999 1700 73 
3251 2005 2437 1638 80 
3252 2432 2000 1700 147 
3253 1860 2292 1613 254 
3254 2286 1854 1608 58 
3255 1856 2288 1657 250 
3256 2145 1713 1658 163 
3257 1716 2148 1623 240 
3258 2296 1864 1696 259 
3259 2006 2438 1638 154 
3260 2441 157 83 2009 
3261 1654 1639 2050 1641 
3262 2456 2448 443 1398 
3263 1939 188 1716 2148 
3264 2437 101 102 2005 
3265 49 48 2292 1860 
3266 2432 2000 1472 97 
3267 1999 132 131 2431 
3268 1855 43 44 2287 
3269 1713 186 185 2145 
3270 273 272 2288 1856 
3271 2286 1854 1692 42 
3272 2438 138 139 2006 
3273 2295 280 279 1863 
3274 105 1571 2009 141 
3275 1864 280 281 2296 
3276 1481 1061 1062 1611 
3277 1091 1500 1534 1670 
3278 1467 1613 1526 1689 
3279 1554 1598 1529 1669 
3280 1739 247 1731 760 
3281 261 1843 1851 858 
3282 1461 1555 1434 1647 
3283 1338 1442 1252 1534 
3284 1266 1650 1487 1690 
3285 525 2550 2542 1648 
3286 1026 1486 1548 1606 
3287 1671 1098 979 1538 
3288 1685 1176 1624 1063 
3289 1671 1337 979 1437 
3290 1290 1293 1432 1618 
3291 1027 1486 1185 1547 
3292 2423 1055 2415 435 
3293 1759 1758 1766 784 
3294 1520 1521 1500 1668 
3295 1683 1139 1157 1576 
3296 1321 1399 1469 1679 
3297 1038 1037 1095 1668 
3298 1211 1056 1501 1588 
3299 2415 2423 434 996 
3300 2303 2311 336 1235 
3301 259 68 69 1609 
3302 69 260 259 1609 
3303 1480 1645 1611 1679 
3304 1279 1479 1490 1634 
3305 1307 1516 1637 1679 
3306 1221 1140 1546 1619 
3307 1460 1546 1379 1619 
3308 1468 1530 1566 1623 
3309 1468 1659 1290 1660 
3310 1211 1667 1059 1067 
3311 1273 1511 1275 1519 
3312 2421 2413 433 1000 
3313 2309 2301 335 1239 
3314 1133 1118 1119 1540 
3315 373 1541 1524 1640 
3316 779 1753 1752 772 
3317 1753 780 1761 1554 
3318 1027 1026 1025 1486 
3319 237 1714 1530 238 
3320 1530 165 2146 164 
3321 1470 1555 1318 1634 
3322 1442 1252 1534 1670 
3323 1494 1532 1470 1646 
3324 1222 1088 971 1555 
3325 1327 1461 971 1555 
3326 1192 1140 1475 1688 
3327 1293 1590 1432 1618 
3328 1283 1506 1406 1601 
3329 1475 1605 1192 1688 
3330 1471 1576 1560 1598 
3331 1303 1470 1494 1591 
3332 1617 1038 1095 1572 
3333 969 1378 1560 1683 
3334 969 1560 1139 1683 
3335 2024 2016 548 1238 
3336 2136 2128 646 999 
3337 1470 1634 1638 1483 
3338 1236 2304 2312 338 
3339 971 1461 1222 1555 
3340 1024 1576 1213 1682 
3341 1500 1089 1534 1567 
3342 1645 1611 1538 1481 
3343 1356 1352 1389 1518 
3344 79 2371 2379 396 
3345 1356 1389 1433 1570 
3346 1023 1522 1486 1606 
3347 1274 1278 1479 1490 
3348 2304 2312 337 1294 
3349 2416 2424 435 1055 
3350 1830 1831 1839 1043 
3351 1297 1301 1494 1533 
3352 2556 107 1571 1144 
3353 94 93 2452 1383 
3354 1468 1566 1488 1623 
3355 599 2075 2083 1566 
3356 1321 1516 1469 1625 
3357 1510 1162 1505 1478 
3358 1832 1831 1069 848 
3359 1567 1493 1633 1566 
3360 1195 1555 1222 1647 
3361 1480 1667 1469 1679 
3362 622 1562 615 2102 
3363 1520 1668 1036 1034 
3364 1280 1499 1470 1634 
3365 1683 1576 1378 1560 
3366 1480 1541 1611 1645 
3367 1493 1534 1500 1655 
3368 1788 1530 239 1780 
3369 1519 1575 1593 1511 
3370 1493 1575 1500 1639 
3371 1522 1577 1486 1653 
3372 1560 1669 1598 1452 
3373 1133 1219 1118 1648 
3374 1610 1660 1618 1293 
3375 1395 1470 1280 1499 
3376 1435 1275 1511 1655 
3377 1025 1023 1486 1606 
3378 744 2265 2257 737 
3379 573 2053 2054 580 
3380 1520 1521 1034 1592 
3381 391 2373 2374 398 
3382 1143 1144 1142 1540 
3383 1444 1506 1665 1286 
3384 1390 1590 1293 1610 
3385 1257 1745 1400 1554 
3386 1470 1638 1634 1597 
3387 1064 1065 1062 1685 
3388 1688 1505 1707 1509 
3389 1035 1039 1178 1562 
3390 1320 1555 1327 1617 
3391 1081 1088 1555 1617 
3392 1488 1508 1052 1584 
3393 1268 1625 1469 1650 
3394 1297 1300 1301 1533 
3395 1505 1212 1162 1557 
3396 1469 1667 1516 1679 
3397 1035 1562 1178 1600 
3398 967 1331 1249 1610 
3399 1010 1092 967 1610 
3400 1285 1444 1506 1618 
3401 1090 1534 1089 1567 
3402 2101 2092 2100 614 
3403 969 1380 1378 1683 
3404 969 1139 1141 1683 
3405 1274 1511 1564 1674 
3406 1480 1583 1524 1645 
3407 1090 1534 1567 1610 
3408 2077 1627 594 2078 
3409 1633 1508 1567 1566 
3410 2333 2341 1701 1595 
3411 1196 1036 1091 1668 
3412 1280 1470 1318 1634 
3413 1765 1506 1773 1673 
3414 1022 1510 1565 1682 
3415 1553 2458 1692 1243 
3416 1060 1211 1525 1588 
3417 653 2168 2169 660 
3418 1041 1156 1206 1483 
3419 1257 1400 1258 1554 
3420 1757 1765 1506 783 
3421 2080 1575 604 1656 
3422 1474 1500 1668 1670 
3423 1358 1357 1372 1539 
3424 2382 1527 1704 1615 
3425 587 594 1597 2070 
3426 1467 1497 1598 1689 
3427 1480 1298 1583 1645 
3428 972 1546 1703 1375 
3429 1753 773 1745 772 
3430 232 159 1413 160 
3431 363 2334 2342 1704 
3432 965 1092 1331 1610 
3433 270 1853 269 1692 
3434 1123 1106 1550 1702 
3435 1333 1253 984 1637 
3436 1137 1163 1155 1478 
3437 2332 2340 2333 362 
3438 1958 1959 1966 1542 
3439 2384 2392 1501 408 
3440 1025 1185 1027 1486 
3441 1025 1486 1026 1606 
3442 1959 1958 938 931 
3443 1510 1557 1161 1565 
3444 2241 1473 1561 2233 
3445 1152 1200 986 1635 
3446 1426 1413 232 1232 
3447 1497 1554 1529 1681 
3448 1487 1526 1467 1527 
3449 1542 1959 1950 1958 
3450 1280 1490 1499 1634 
3451 1290 1293 1618 1660 
3452 1431 1379 1444 1619 
3453 1452 1448 1607 1669 
3454 1474 1575 1521 1656 
3455 1508 2106 1584 620 
3456 1094 984 1014 1637 
3457 1253 966 1014 1625 
3458 1480 1524 1541 1645 
3459 1162 1478 1510 1682 
3460 1305 1429 1645 1679 
3461 1122 1123 1550 1664 
3462 840 1830 1831 847 
3463 1479 1279 1617 1634 
3464 1549 2168 2169 1230 
3465 1307 1517 1429 1679 
3466 1497 1526 1467 1690 
3467 1831 1069 998 1557 
3468 1565 1832 1824 1557 
3469 2200 2201 1561 1512 
3470 1249 968 967 1010 
3471 869 1888 1880 870 
3472 1686 48 1859 47 
3473 1859 48 1686 276 
3474 1140 1546 1475 1688 
3475 2062 1627 1490 1564 
3476 383 1698 2365 390 
3477 2070 2053 1597 587 
3478 1611 1501 1211 1059 
3479 1036 1089 1091 1500 
3480 1936 1944 1937 919 
3481 1361 1362 1436 1551 
3482 1413 159 232 1232 
3483 1033 1520 1034 1592 
3484 1383 1382 1381 1539 
3485 776 1750 1758 1506 
3486 1029 1625 1548 1667 
3487 1465 1920 1911 1919 
3488 1503 1504 1478 1607 
3489 1376 1460 1375 1546 
3490 820 1800 1505 1582 
3491 967 1249 1010 1610 
3492 1061 1501 1531 1611 
3493 1247 974 1008 1617 
3494 1532 2370 2371 1646 
3495 1492 1525 1211 1588 
3496 1069 1557 1832 1565 
3497 1617 1279 1277 1422 
3498 1052 1169 1050 1488 
3499 1566 1488 1623 1705 
3500 4 34 2444 1447 
3501 1505 1800 820 1557 
3502 1041 1042 1555 1634 
3503 1506 1556 1406 1601 
3504 1506 1558 1781 1676 
3505 1079 1555 1647 1685 
3506 2452 2468 1383 1539 
3507 232 160 1413 233 
3508 1061 1062 1164 1611 
3509 1788 1523 810 1675 
3510 2382 1525 2373 1527 
3511 1467 1548 1486 1606 
3512 1280 1555 1281 1634 
3513 1274 1564 1479 1674 
3514 1181 1160 1029 1525 
3515 1371 1353 1389 1485 
3516 1260 1497 1259 1554 
3517 1272 1511 1273 1519 
3518 1191 1190 1517 1671 
3519 1262 1497 1260 1598 
3520 1321 1306 1399 1679 
3521 1523 1618 1498 1673 
3522 1232 1413 159 1449 
3523 1521 1575 1474 1626 
3524 70 261 1168 989 
3525 247 56 1407 1228 
3526 2468 94 130 95 
3527 1286 1285 1444 1506 
3528 1137 1703 1478 1682 
3529 1530 2067 2075 165 
3530 104 2440 155 2008 
3531 155 2008 83 156 
3532 1468 1590 1054 1610 
3533 975 1009 1560 1703 
3534 1481 1611 1541 1645 
3535 1211 1056 1059 1501 
3536 1356 1570 1433 1697 
3537 2130 1078 2138 994 
3538 143 2275 1144 1145 
3539 1567 1508 1633 1500 
3540 1521 1668 1479 1674 
3541 2077 2069 2076 593 
3542 1504 1761 786 1769 
3543 975 1560 1248 1703 
3544 1054 1193 1590 1605 
3545 1014 1216 1516 1625 
3546 1455 1253 1516 1625 
3547 1481 1541 1524 1645 
3548 1358 1350 1357 1684 
3549 1169 1488 1052 1584 
3550 1519 2057 2056 1575 
3551 2100 155 2092 1621 
3552 57 2286 1608 58 
3553 1608 249 1854 248 
3554 1381 2452 93 1383 
3555 987 2564 1144 107 
3556 2138 1078 2130 648 
3557 1466 1953 1482 1630 
3558 2560 2559 2551 1648 
3559 1536 2551 533 526 
3560 1211 1501 1492 1588 
3561 1506 1618 1523 1673 
3562 1392 1365 1463 1514 
3563 1526 1779 1787 253 
3564 1168 2412 989 1204 
3565 56 1407 1228 1443 
3566 1275 1519 1511 1655 
3567 1744 1752 1753 772 
3568 1090 1099 1203 1534 
3569 1278 1279 1277 1479 
3570 1277 1422 1334 1674 
3571 2165 2172 2164 1706 
3572 1368 1346 1350 1684 
3573 1353 1340 1439 1706 
3574 1020 1577 1522 1604 
3575 1704 2366 2358 384 
3576 365 2336 2344 1583 
3577 1287 1618 1498 1659 
3578 1051 1050 1048 1488 
3579 1471 1606 1598 1689 
3580 1475 1506 1444 1618 
3581 2568 541 2560 540 
3582 1111 1119 1118 1702 
3583 1688 1192 1049 1605 
3584 1279 1278 1280 1490 
3585 1048 1051 1488 1605 
3586 1395 1280 1445 1499 
3587 1574 1605 1488 1675 
3588 1481 1494 1532 1591 
3589 1103 1114 1101 1496 
3590 1211 1501 1611 1492 
3591 1120 992 1159 1648 
3592 1277 1274 1278 1479 
3593 1192 1205 1140 1688 
3594 2090 612 2098 613 
3595 1523 1530 1468 1623 
3596 969 1141 977 1683 
3597 969 977 1380 1683 
3598 1129 1111 1107 1702 
3599 1500 1508 1089 1567 
3600 1320 1327 1428 1617 
3601 1088 1081 1189 1617 
3602 1560 1607 1471 1669 
3603 1341 1342 1343 1545 
3604 525 2542 2550 524 
3605 1280 1318 1555 1634 
3606 1321 1516 1455 1679 
3607 1522 1021 1209 1682 
3608 1490 1597 1499 1634 
3609 1744 1753 1752 1504 
3610 1626 2096 1521 1656 
3611 1486 1547 1527 1698 
3612 1527 1548 1467 1650 
3613 769 1750 1742 770 
3614 1841 856 1849 857 
3615 1394 1401 1402 1665 
3616 1529 1794 1795 809 
3617 371 1535 2343 1649 
3618 1399 1306 1535 1679 
3619 1222 1461 980 1647 
3620 1611 1645 1517 1679 
3621 1470 1532 1494 1591 
3622 1594 2389 2382 1525 
3623 1633 1493 1567 1500 
3624 1298 1645 1480 1679 
3625 1611 1190 1068 1517 
3626 653 1230 1457 2169 
3627 1060 1525 1586 1588 
3628 1071 1548 1028 1559 
3629 1409 1337 978 1647 
3630 1466 1631 1937 1630 
3631 1029 1548 1525 1667 
3632 1474 1519 1511 1575 
3633 1114 1132 1150 1636 
3634 1617 1674 1334 1422 
3635 1404 1389 1353 1570 
3636 1471 1598 1529 1689 
3637 1500 1534 1474 1655 
3638 1524 1533 373 1640 
3639 1038 1095 1572 1668 
3640 1103 1102 1104 1636 
3641 1163 1546 1140 1688 
3642 2364 2356 1613 63 
3643 1047 1044 1167 1509 
3644 1469 1527 1487 1650 
3645 1617 1095 1038 1183 
3646 1244 1322 1438 1559 
3647 1083 1005 1199 1559 
3648 1556 1401 1400 1504 
3649 1401 1451 1665 1503 
3650 1635 2276 2268 195 
3651 1072 1842 1843 1577 
3652 1040 1041 1491 1634 
3653 978 1098 1170 1647 
3654 1751 771 1743 770 
3655 1519 1639 1575 1655 
3656 1399 1306 1450 1535 
3657 1481 1531 1541 1611 
3658 1998 146 1622 145 
3659 1998 1622 146 73 
3660 1221 1136 1546 1703 
3661 1211 1667 1611 1059 
3662 1199 1028 1625 1559 
3663 1097 1647 1591 1685 
3664 1045 1574 1048 1580 
3665 1321 1469 1268 1625 
3666 1498 1530 1523 1673 
3667 1167 1557 1509 1602 
3668 1051 1052 1488 1567 
3669 1556 1400 1401 1309 
3670 1575 1633 1500 1639 
3671 1106 1105 1104 1636 
3672 1523 1488 1605 1675 
3673 1248 1375 972 1703 
3674 1258 1400 1261 1554 
3675 282 283 1866 1693 
3676 1087 1508 1500 1520 
3677 1395 1470 1499 1620 
3678 1353 1342 1340 1545 
3679 1522 1529 1471 1680 
3680 1564 567 2054 574 
3681 1303 1318 1395 1470 
3682 1503 1504 1401 1556 
3683 2399 2391 414 1588 
3684 1109 1128 1110 1643 
3685 1488 1523 1468 1623 
3686 1041 1040 1042 1634 
3687 1475 1140 1192 1619 
3688 1487 1608 1424 1690 
3689 1480 1450 1589 1583 
3690 1493 1500 1633 1639 
3691 1264 1424 1608 1690 
3692 1132 1108 1113 1672 
3693 1052 1508 1488 1567 
3694 1498 1506 1285 1601 
3695 1038 1035 1037 1668 
3696 1152 1995 21 231 
3697 1317 2026 2018 1233 
3698 2271 749 2270 1147 
3699 1416 1433 1254 1697 
3700 1478 1558 1503 1665 
3701 1432 1590 1390 1618 
3702 2271 2270 749 742 
3703 1497 1608 1657 1690 
3704 1843 261 1577 260 
3705 1535 371 1615 1649 
3706 2331 2323 1700 1620 
3707 1317 2018 2026 550 
3708 1593 2056 2048 1511 
3709 1676 1475 1506 1558 
3710 1559 1576 1071 1606 
3711 2390 413 2391 406 
3712 1522 1023 1024 1606 
3713 1365 1355 1354 1514 
3714 1268 1487 1266 1650 
3715 1652 1519 2048 1593 
3716 1260 1598 1554 1669 
3717 1336 1591 1538 1647 
3718 1399 1420 1469 1535 
3719 2055 2047 2056 1511 
3720 1822 1823 1831 1557 
3721 1471 1529 1522 1689 
3722 1185 1486 1025 1609 
3723 1279 1490 1280 1634 
3724 1318 1555 1591 1647 
3725 1050 1048 1488 1580 
3726 1487 1650 1467 1690 
3727 1026 1486 1027 1548 
3728 1061 1501 1057 1531 
3729 1430 1517 1429 1671 
3730 1608 348 2325 1595 
3731 1516 1625 1082 1667 
3732 1369 1382 1383 1684 
3733 1280 1395 1318 1470 
3734 1467 1598 1606 1689 
3735 2018 2026 549 1233 
3736 2130 2138 647 994 
3737 1468 1523 1488 1605 
3738 662 2171 2179 1551 
3739 1680 1800 1801 1616 
3740 1304 1538 1336 1591 
3741 1493 1633 1566 1639 
3742 1248 972 975 1703 
3743 1548 1625 1028 1559 
3744 1081 1088 1042 1555 
3745 1320 1281 1327 1555 
3746 1530 2075 2067 1654 
3747 1376 1546 1607 1665 
3748 1325 2323 2315 1324 
3749 2419 1624 1086 1085 
3750 1538 1591 1097 1647 
3751 1566 2082 2074 1633 
3752 1531 1640 1541 1687 
3753 1237 1743 764 1735 
3754 1282 1735 1743 1237 
3755 855 1839 848 998 
3756 2305 2314 2306 339 
3757 2552 2560 533 1536 
3758 2460 446 2461 1539 
3759 1557 1161 1162 1510 
3760 1286 1406 1506 1556 
3761 1498 1523 1468 1618 
3762 2075 2074 2066 1639 
3763 1744 1400 1736 765 
3764 849 1841 1833 850 
3765 1283 1286 1406 1506 
3766 386 2367 2359 1649 
3767 1286 1506 1503 1556 
3768 1161 1833 1841 1018 
3769 526 2552 2544 527 
3770 757 1309 1237 1308 
3771 848 1069 855 998 
3772 1737 1745 1400 1257 
3773 1161 1841 1833 849 
3774 1744 1736 1400 1308 
3775 856 1161 1018 1069 
3776 1388 1361 1436 1551 
3777 1469 1492 1480 1615 
3778 1371 1342 1353 1485 
3779 1022 1021 1209 1682 
3780 1531 1481 1541 1640 
3781 1434 1555 1318 1647 
3782 1472 133 2000 132 
3783 96 2432 1472 97 
3784 1742 1734 763 1282 
3785 96 95 2187 2431 
3786 1839 1831 1830 847 
3787 1830 1838 1602 1043 
3788 1501 415 2392 1629 
3789 1263 1452 1396 1598 
3790 1383 1384 1385 1551 
3791 1106 1107 1105 1643 
3792 1506 1498 1618 1673 
3793 1420 1487 1535 1595 
3794 1143 1130 1144 1702 
3795 1655 1670 1442 1534 
3796 1293 1610 1590 1618 
3797 1438 1559 1322 1625 
3798 1083 1559 1199 1625 
3799 247 57 1407 56 
3800 57 247 1407 248 
3801 260 69 70 1168 
3802 70 261 260 1168 
3803 2418 437 1080 2426 
3804 925 1952 1943 1944 
3805 1554 1778 1681 1762 
3806 108 8 2564 1208 
3807 1420 1387 1487 1595 
3808 1480 1541 1492 1611 
3809 1394 1607 1401 1665 
3810 1503 1558 1475 1665 
3811 1063 1532 1624 1685 
3812 1494 1470 1620 1646 
3813 1221 1619 1136 1012 
3814 1460 1619 1375 1546 
3815 1282 1556 1742 1601 
3816 975 969 1378 1560 
3817 1467 1527 1486 1548 
3818 975 1139 969 1560 
3819 1486 1577 1025 1609 
3820 1109 1111 1112 1643 
3821 1468 1530 1493 1566 
3822 2055 2056 2047 575 
3823 1036 1668 1520 1500 
3824 1705 1488 1508 1566 
3825 1372 1458 1393 1539 
3826 69 1168 260 1609 
3827 1549 1341 1386 1374 
3828 1482 1952 1943 1951 
3829 1492 1541 1501 1611 
3830 1471 1522 1606 1689 
3831 975 1378 1248 1560 
3832 1824 835 842 1565 
3833 1009 1139 975 1560 
3834 1459 1392 1411 1692 
3835 1523 1605 1574 1675 
3836 1536 1632 2560 1159 
3837 1486 1527 1613 1698 
3838 1415 1302 1395 1620 
3839 1320 1279 1281 1617 
3840 1081 1042 1040 1617 
3841 1488 1580 1574 1675 
3842 1606 1071 1157 1576 
3843 1952 933 1953 926 
3844 2046 2038 2045 566 
3845 1399 1268 1321 1469 
3846 1181 1027 1547 1548 
3847 1284 1498 1285 1601 
3848 1499 1622 2045 1568 
3849 1559 1441 1683 1691 
3850 1262 1259 1260 1497 
3851 1364 1370 1243 1692 
3852 196 2277 1100 747 
3853 1438 1559 1625 1650 
3854 1342 1344 1343 1614 
3855 1100 1544 1101 1635 
3856 1554 1762 794 1778 
3857 1362 1369 1385 1551 
3858 1285 1506 1498 1618 
3859 2002 1537 149 150 
3860 2002 149 1537 76 
3861 1303 1302 1301 1494 
3862 1150 1113 1117 1672 
3863 1789 803 1523 810 
3864 1048 1488 1574 1605 
3865 1274 1511 1271 1599 
3866 1286 1503 1451 1556 
3867 1525 1548 1469 1667 
3868 1737 1738 1257 759 
3869 1296 1298 1524 1583 
3870 1469 1625 1516 1667 
3871 1298 1480 1306 1679 
3872 1564 1626 1479 1674 
3873 2107 620 1584 627 
3874 1473 103 2439 104 
3875 104 140 2251 1571 
3876 926 1944 1952 925 
3877 828 1565 1510 1680 
3878 1505 820 1807 1557 
3879 2343 1589 2335 1583 
3880 1535 1587 2343 1589 
3881 1268 1469 1487 1650 
3882 13 202 2283 1207 
3883 1035 1491 1039 1562 
3884 1164 1190 1066 1611 
3885 247 1578 1739 1423 
3886 1525 1547 1527 1548 
3887 1424 1487 1387 1608 
3888 1116 1110 1128 1672 
3889 1220 1172 1153 1693 
3890 1471 1529 1598 1669 
3891 1360 1364 1462 1553 
3892 1169 1052 1508 1584 
3893 1537 1620 1470 1646 
3894 1467 1606 1486 1689 
3895 1513 2238 2230 1630 
3896 1400 1504 1261 1554 
3897 1474 1534 1500 1670 
3898 2343 2335 365 1583 
3899 217 1709 218 1706 
3900 1025 1026 1023 1606 
3901 2187 95 96 2468 
3902 95 2187 2431 131 
3903 2426 2418 438 1080 
3904 2314 2306 340 1319 
3905 1552 536 2554 1632 
3906 1468 1530 1498 1659 
3907 410 2395 2387 81 
3908 1345 1368 1362 1684 
3909 1451 1503 1401 1556 
3910 1028 1071 1026 1548 
3911 1311 1739 1738 1603 
3912 972 1136 1009 1703 
3913 2314 2313 2305 1236 
3914 2425 2417 437 997 
3915 1190 1517 1011 1637 
3916 1047 1509 1167 1557 
3917 1490 2045 1499 2053 
3918 1478 1503 1607 1665 
3919 1821 1822 1829 1602 
3920 2163 655 2171 129 
3921 1552 2554 536 529 
3922 1551 1361 1345 1549 
3923 1027 1486 1547 1548 
3924 68 1609 259 1696 
3925 839 1830 1822 840 
3926 1617 1334 1674 1572 
3927 143 987 1207 1145 
3928 129 1446 1384 2163 
3929 1522 1653 1486 1689 
3930 1461 1327 1434 1555 
3931 1088 1222 1195 1555 
3932 1301 1300 1403 1645 
3933 1526 1527 1487 1701 
3934 1497 1657 1526 1690 
3935 1475 1503 1506 1558 
3936 1548 1559 1467 1650 
3937 1290 1618 1287 1659 
3938 1318 1470 1303 1591 
3939 1053 1567 1054 1610 
3940 1329 1442 1338 1534 
3941 1429 1250 1517 1637 
3942 1348 1347 1349 1677 
3943 1491 1627 2094 1562 
3944 579 2052 2053 1597 
3945 1264 1608 1497 1690 
3946 62 1526 61 1701 
3947 1106 1123 1129 1702 
3948 1483 1624 1532 1685 
3949 972 1009 975 1703 
3950 2137 2129 647 1093 
3951 2017 2025 548 1332 
3952 1487 1657 1608 1690 
3953 2335 357 1587 364 
3954 2168 2176 2169 660 
3955 1277 1274 1479 1674 
3956 1548 1625 1469 1667 
3957 1511 1474 1575 1626 
3958 1531 1532 1481 1640 
3959 1160 1211 1492 1525 
3960 1394 1261 1504 1669 
3961 1396 1378 1380 1576 
3962 1613 63 2292 64 
3963 255 1860 1613 254 
3964 2167 1549 2166 1386 
3965 1544 1550 2270 1147 
3966 1287 1498 1289 1659 
3967 1467 1598 1497 1690 
3968 1474 1521 1500 1656 
3969 1963 1971 1635 228 
3970 1349 1352 1354 1677 
3971 71 1997 1325 144 
3972 2429 71 1325 72 
3973 1086 2010 157 2442 
3974 157 1086 2442 84 
3975 1517 1538 1191 1671 
3976 1420 1268 1399 1469 
3977 2048 2047 2056 575 
3978 1825 836 1833 1604 
3979 1557 1815 1822 1823 
3980 144 71 1229 1325 
3981 158 85 1086 990 
3982 1206 1483 1075 1621 
3983 1532 1640 1531 1687 
3984 94 1383 2468 130 
3985 1340 1246 1339 1706 
3986 1560 1576 1452 1598 
3987 1572 1617 1479 1674 
3988 1545 2166 2175 1549 
3989 743 2271 2263 1550 
3990 212 1414 1870 1242 
3991 270 1876 1884 1692 
3992 1455 1516 1307 1679 
3993 2373 2382 2389 1525 
3994 1100 1007 1101 1544 
3995 1500 1575 1493 1655 
3996 859 1877 866 1392 
3997 1515 1981 1980 1153 
3998 1557 1162 1161 1070 
3999 415 1531 1501 408 
4000 1475 1688 1676 1509 
4001 1527 1547 1486 1548 
4002 1920 1919 897 1911 
4003 1478 1475 1505 1558 
4004 1102 1103 1101 1544 
4005 1927 1919 1928 1465 
4006 1510 1478 1616 1682 
4007 1556 1750 1742 1601 
4008 1079 1555 1195 1647 
4009 2250 2258 1550 1473 
4010 1615 1586 2382 1525 
4011 1034 1033 1036 1520 
4012 2333 363 2334 356 
4013 1184 1168 261 989 
4014 1423 247 1407 1228 
4015 2391 2383 407 1666 
4016 221 1631 1713 222 
4017 221 1713 1631 185 
4018 1498 1618 1468 1659 
4019 1493 1567 1534 1660 
4020 1488 1566 1468 1567 
4021 1926 1917 1925 902 
4022 1906 1913 1485 1914 
4023 197 2278 1007 748 
4024 1923 222 1915 900 
4025 1493 1566 1530 1654 
4026 1515 1980 1972 1693 
4027 1575 1639 1493 1655 
4028 1742 1741 769 762 
4029 1025 1577 1168 1609 
4030 1296 1298 1300 1524 
4031 1638 2378 2371 1532 
4032 246 1187 993 1596 
4033 1559 1683 1576 1691 
4034 1478 1504 1582 1616 
4035 1480 1492 1469 1667 
4036 1406 1286 1451 1556 
4037 1114 1165 1200 1612 
4038 1373 970 325 1619 
4039 1488 1508 1566 1567 
4040 303 970 1134 1619 
4041 1548 1625 1559 1650 
4042 1272 1273 1275 1519 
4043 1089 1500 1087 1508 
4044 1576 1683 1441 1691 
4045 1469 1525 1492 1615 
4046 161 160 233 1585 
4047 233 234 161 1585 
4048 269 1868 1876 1411 
4049 1153 1988 1980 1172 
4050 1666 1586 1615 1525 
4051 370 2342 2350 1704 
4052 1522 1565 1019 1604 
4053 1329 1534 1610 1660 
4054 1134 1012 303 1619 
4055 325 1251 1373 1619 
4056 1471 1680 1682 1522 
4057 1499 1597 1470 1634 
4058 1475 1523 1509 1676 
4059 1316 1601 1732 1579 
4060 1459 1366 1392 1692 
4061 1638 1646 1470 1532 
4062 1683 1139 1576 1560 
4063 1401 1394 1261 1504 
4064 1631 2197 2198 1512 
4065 1553 445 2458 452 
4066 1471 1504 1554 1669 
4067 2197 2205 2198 685 
4068 1390 1618 1431 1288 
4069 1396 1560 1378 1576 
4070 1293 1390 1432 1590 
4071 1473 2250 2258 1571 
4072 2457 2449 444 1456 
4073 2336 358 1583 365 
4074 1561 1473 2241 1513 
4075 1309 1451 1401 1556 
4076 1468 1566 1493 1567 
4077 1522 1486 1606 1689 
4078 239 1716 1623 240 
4079 1623 167 2148 166 
4080 1376 1546 1375 1703 
4081 1644 2521 2520 1477 
4082 2512 2513 2521 1644 
4083 1624 1638 1532 1687 
4084 340 1319 1324 347 
4085 1474 1500 1575 1656 
4086 1744 1743 1752 771 
4087 1354 1352 1543 1677 
4088 1258 1257 1554 1603 
4089 1303 1494 1301 1591 
4090 1298 1300 1524 1645 
4091 1752 1556 1759 1751 
4092 248 1407 57 1608 
4093 2233 2240 2241 716 
4094 1870 860 1878 861 
4095 971 980 1222 1461 
4096 1511 1519 1474 1655 
4097 1830 1602 1838 846 
4098 1560 1576 1471 1682 
4099 1097 1079 1647 1685 
4100 1351 1360 1359 1573 
4101 1322 982 1244 331 
4102 1220 1153 1127 1693 
4103 1584 2122 2130 641 
4104 1762 1754 1554 780 
4105 309 982 1005 1083 
4106 1830 1557 1043 1602 
4107 1473 2249 2241 1513 
4108 1430 1538 1517 1671 
4109 1243 1410 445 1692 
4110 1221 1546 1137 1703 
4111 1624 2387 2395 81 
4112 1676 1506 1475 1523 
4113 1526 1657 1487 1690 
4114 1490 2046 2054 1563 
4115 1505 1162 1212 1478 
4116 2199 1512 2208 2207 
4117 1474 1575 1500 1655 
4118 1420 1387 1266 1487 
4119 1042 1079 1041 1555 
4120 1281 1280 1318 1555 
4121 2199 2198 679 1512 
4122 1121 1125 1128 1552 
4123 686 2207 2199 687 
4124 1683 1378 1576 1380 
4125 446 2452 2460 94 
4126 2340 2332 1657 60 
4127 1682 1162 1022 1510 
4128 1581 1179 1175 1542 
4129 1470 1537 1499 1620 
4130 1510 1680 1682 1616 
4131 1580 1077 1837 852 
4132 151 78 1537 1638 
4133 1150 1165 1114 1612 
4134 1513 2254 2246 1544 
4135 1280 1278 1445 1490 
4136 1468 1493 1530 1659 
4137 947 1969 1968 940 
4138 978 1198 1098 979 
4139 1181 1525 1547 1594 
4140 2014 116 1240 545 
4141 1206 1491 1483 1621 
4142 1024 1213 1209 1682 
4143 674 2192 2193 681 
4144 1652 1639 2049 1519 
4145 2238 714 2231 2230 
4146 978 979 1337 1437 
4147 1264 1578 1497 1608 
4148 1023 1021 1020 1522 
4149 536 2563 2562 1632 
4150 1050 1045 1048 1580 
4151 1035 1521 1034 1668 
4152 1878 1870 1879 1697 
4153 1273 1271 1274 1511 
4154 1633 1642 2105 1651 
4155 2419 85 1086 84 
4156 2419 1085 1080 1624 
4157 1087 1500 1036 1520 
4158 2167 2159 652 1454 
4159 2279 2271 750 1215 
4160 61 1526 252 1657 
4161 1473 1561 2525 1502 
4162 1900 1553 1892 1514 
4163 1626 2088 2080 603 
4164 1576 1606 1559 1691 
4165 1938 1930 1937 913 
4166 1317 1585 2026 1641 
4167 1259 1554 1497 1603 
4168 1410 1243 1370 1692 
4169 1101 1114 1200 1496 
4170 1522 1024 1023 1021 
4171 2367 1615 2375 392 
4172 1185 1025 1168 1609 
4173 1523 1605 1468 1618 
4174 1611 1059 1667 1067 
4175 1627 2103 2095 616 
4176 1052 1089 1508 1567 
4177 1472 2477 2485 1484 
4178 82 1483 1624 1638 
4179 1900 1892 1553 272 
4180 1686 1553 1900 1514 
4181 1202 1071 1559 1576 
4182 102 2516 2524 1473 
4183 1491 1634 1638 1597 
4184 1625 1029 1028 1030 
4185 1040 1041 1039 1491 
4186 1163 1212 1478 1505 
4187 1953 1945 1466 1944 
4188 1823 833 1822 840 
4189 1476 2497 2505 1686 
4190 1452 1607 1560 1669 
4191 173 993 1210 1596 
4192 1390 1331 1590 1610 
4193 2104 624 1521 1600 
4194 1273 1511 1274 1674 
4195 332 964 966 1322 
4196 1352 1347 1371 1614 
4197 10 144 1996 1229 
4198 158 14 2011 990 
4199 1550 2271 2270 1147 
4200 1638 2092 155 1621 
4201 1953 933 1952 1482 
4202 310 1083 966 964 
4203 1470 1532 1483 1638 
4204 1490 2053 1499 1597 
4205 1131 1004 1171 1693 
4206 1504 786 779 1760 
4207 1146 1664 1123 1197 
4208 1397 1330 1435 1670 
4209 1181 1547 1148 1594 
4210 1336 1538 1337 1647 
4211 1455 1321 1253 1625 
4212 1014 1082 1216 1625 
4213 1760 779 1752 778 
4214 1620 1395 1314 1499 
4215 1356 1418 1354 1543 
4216 1383 2171 1384 1551 
4217 2273 744 2272 751 
4218 1470 1646 1638 1537 
4219 523 2548 2540 1540 
4220 1535 1480 2343 1649 
4221 72 1325 145 1622 
4222 730 2257 2249 731 
4223 1438 1625 1269 1650 
4224 1144 2556 1142 1540 
4225 1685 1624 1176 1483 
4226 1215 1147 2271 1550 
4227 1509 1602 1557 1707 
4228 1563 2022 553 2023 
4229 1800 1505 1510 1557 
4230 1371 1344 1342 1614 
4231 1683 1157 1139 1141 
4232 107 143 1571 1144 
4233 1059 1066 1067 1611 
4234 332 966 1253 1322 
4235 1229 1425 144 1325 
4236 1086 158 990 1186 
4237 1452 1576 1396 1598 
4238 2275 753 2274 1145 
4239 966 1083 310 1014 
4240 1478 1475 1558 1665 
4241 1047 1505 1509 1557 
4242 1047 1167 1212 1557 
4243 1101 1496 1200 1635 
4244 1551 2193 2185 1549 
4245 2193 2185 2186 1551 
4246 1567 1610 1534 1660 
4247 1744 1745 1753 1554 
4248 1821 1829 1822 839 
4249 1769 1554 1778 1529 
4250 1454 2167 1386 1549 
4251 1131 1125 1004 1632 
4252 1519 1493 1639 1655 
4253 844 1827 1835 1577 
4254 1461 1434 1245 1647 
4255 793 1769 1768 786 
4256 1401 1394 1504 1607 
4257 1950 1542 1957 1495 
4258 325 976 1251 1619 
4259 1191 1164 1065 1538 
4260 1403 1430 1304 1538 
4261 1012 976 303 1619 
4262 67 1863 66 1696 
4263 67 66 1863 2295 
4264 1079 1097 1064 1685 
4265 976 325 970 1619 
4266 1262 1497 1598 1690 
4267 976 970 303 1619 
4268 1550 2257 2265 1664 
4269 1487 1467 1526 1690 
4270 1521 1626 1479 1627 
4271 1776 1768 1777 1616 
4272 1744 1752 1743 1556 
4273 157 84 83 1621 
4274 83 156 157 1621 
4275 1642 1633 2106 1508 
4276 1987 986 963 1182 
4277 1091 1089 1203 1534 
4278 2038 2037 2045 566 
4279 1212 1070 1162 1557 
4280 295 1088 1189 973 
4281 1655 1442 1670 1330 
4282 1030 1625 1029 1667 
4283 317 973 1428 1327 
4284 1494 1524 1481 1640 
4285 1527 1698 383 1701 
4286 1337 314 978 1437 
4287 1491 1521 1479 1627 
4288 1325 1622 2323 1620 
4289 587 2062 2053 580 
4290 128 9 2163 1446 
4291 1198 1098 292 978 
4292 626 2105 2106 1642 
4293 626 2106 2105 619 
4294 1481 1591 1532 1685 
4295 1502 2527 2511 2519 
4296 1163 1478 1212 1162 
4297 1153 1224 1126 1515 
4298 1407 1578 1264 1608 
4299 1506 1601 1757 776 
4300 1149 1197 1122 1664 
4301 897 1912 1920 1911 
4302 2238 1513 2231 2239 
4303 1269 1625 1268 1650 
4304 1195 1042 1088 1555 
4305 1281 1434 1327 1555 
4306 2404 2412 69 1609 
4307 1475 1523 1506 1618 
4308 979 978 314 1437 
4309 1504 1607 1471 1616 
4310 1491 1562 1521 1627 
4311 1247 1334 1422 1617 
4312 1008 1183 1095 1617 
4313 1019 1522 1021 1565 
4314 2263 735 2262 742 
4315 978 292 1198 979 
4316 1367 1364 1360 1677 
4317 1503 1558 1478 1582 
4318 1850 1842 1849 857 
4319 1505 1558 1475 1688 
4320 1529 801 1785 1786 
4321 1831 1830 1822 1557 
4322 2436 151 1638 78 
4323 101 2436 152 79 
4324 1638 81 2438 80 
4325 153 2006 1638 154 
4326 1499 1700 2044 1622 
4327 1157 1024 1188 1606 
4328 1499 1537 1470 1597 
4329 1034 1521 1032 1592 
4330 1526 1613 1529 1689 
4331 106 1571 2442 142 
4332 1467 1650 1559 1691 
4333 1117 1115 1179 1542 
4334 1383 1381 2452 1539 
4335 1179 1214 1117 1581 
4336 1662 2336 2328 1628 
4337 1061 1057 1058 1531 
4338 1147 1550 1102 1544 
4339 1061 1059 1057 1501 
4340 1020 1522 1021 1604 
4341 1159 2561 2560 541 
4342 1507 1659 1660 1291 
4343 1474 1572 1668 1674 
4344 1687 2393 2385 1531 
4345 1353 1545 1340 1706 
4346 2165 2173 2166 657 
4347 1530 1493 1654 1659 
4348 1061 1059 1501 1611 
4349 1155 1163 1162 1478 
4350 237 1530 164 1658 
4351 1322 964 982 331 
4352 1701 1527 2365 383 
4353 1083 309 982 964 
4354 1608 2325 348 355 
4355 1160 1029 1525 1667 
4356 2214 2206 2205 692 
4357 1098 1538 1097 1647 
4358 1027 1148 1181 1547 
4359 1397 1670 1435 1674 
4360 2231 714 2238 2239 
4361 1606 1691 1598 1467 
4362 1550 2270 2262 1544 
4363 1011 1517 1190 1671 
4364 1285 1498 1287 1618 
4365 1383 2171 2468 130 
4366 312 1011 985 1637 
4367 1576 1598 1471 1606 
4368 1206 1156 1075 1483 
4369 828 1565 1816 1510 
4370 828 1816 1808 1510 
4371 1407 1264 1424 1608 
4372 1705 1508 1488 1584 
4373 1347 1348 1346 1678 
4374 1272 1511 1519 1593 
4375 1638 1537 2371 78 
4376 1532 1591 1470 1685 
4377 2102 2094 2103 1600 
4378 1396 1427 1598 1691 
4379 2223 2214 2222 700 
4380 2216 2208 2215 694 
4381 1652 2048 569 1593 
4382 111 992 2568 1159 
4383 1480 1541 1524 1649 
4384 2080 604 1575 597 
4385 1376 1607 1546 1703 
4386 1068 1216 1082 1516 
4387 1524 1541 1481 1640 
4388 2050 1639 2049 1652 
4389 1387 1424 1266 1487 
4390 1133 1118 1540 1648 
4391 1199 1625 1028 1030 
4392 1469 1548 1527 1650 
4393 2259 140 2251 732 
4394 1468 1610 1567 1660 
4395 1264 1497 1262 1690 
4396 2315 1229 2307 71 
4397 1086 2419 990 85 
4398 170 192 1720 228 
4399 1123 1146 1702 1571 
4400 1390 1293 1331 1610 
4401 1200 1165 986 1612 
4402 2207 2208 2215 1465 
4403 1639 1652 2050 1641 
4404 2050 570 2049 577 
4405 454 2462 2470 1539 
4406 969 1378 328 975 
4407 1514 1489 1893 1901 
4408 734 2262 2254 735 
4409 1019 1021 1022 1565 
4410 1745 1554 1257 1603 
4411 969 975 306 1139 
4412 1390 1431 1590 1619 
4413 1457 2169 1388 1551 
4414 1378 1248 328 975 
4415 1466 1944 1935 1644 
4416 1047 1509 1205 1046 
4417 260 1835 1843 851 
4418 1009 306 975 1139 
4419 1266 1487 1424 1690 
4420 1125 1116 1128 1552 
4421 1047 1212 1505 1557 
4422 1380 1576 1441 1396 
4423 1286 1444 1402 1665 
4424 1007 1147 1102 1544 
4425 1474 1519 1575 1655 
4426 1197 1017 1146 1664 
4427 1188 1026 1071 1606 
4428 1343 1344 1345 1614 
4429 1625 1028 1029 1548 
4430 289 1994 1015 962 
4431 1927 1935 1928 911 
4432 1592 1600 2104 1656 
4433 1245 980 1461 1647 
4434 1482 1943 1952 1944 
4435 1195 1222 1006 1647 
4436 1290 1287 1289 1659 
4437 1199 1071 1028 1559 
4438 1021 1522 1019 1604 
4439 1266 1267 1650 1690 
4440 58 249 1608 1657 
4441 1376 1379 1546 1665 
4442 986 1165 1182 1612 
4443 1318 1591 1336 1647 
4444 1509 1523 1475 1605 
4445 1676 1688 1707 1509 
4446 373 2344 1533 1524 
4447 1115 1116 1126 1515 
4448 1427 1265 1262 1690 
4449 1470 1597 1537 1638 
4450 323 965 1331 967 
4451 1492 1541 1480 1649 
4452 301 965 967 1092 
4453 1707 1505 1799 1807 
4454 1123 1664 1146 1571 
4455 1325 2323 1622 72 
4456 312 985 1250 1637 
4457 1479 1668 1572 1674 
4458 1162 1155 1478 1682 
4459 1501 1541 1492 1666 
4460 1500 1521 1474 1668 
4461 1296 1524 1300 1533 
4462 1298 1305 1645 1679 
4463 937 1958 1957 930 
4464 1054 1590 1092 1610 
4465 1157 1576 1202 1683 
4466 468 2486 2478 469 
4467 688 2209 2201 689 
4468 1676 1707 1688 1558 
4469 1123 1702 1146 1130 
4470 2085 1627 2077 601 
4471 1106 1643 1636 1702 
4472 1271 1511 1273 1593 
4473 716 2241 2233 717 
4474 981 1335 319 974 
4475 1833 849 842 1565 
4476 981 974 297 1096 
4477 2412 69 1168 70 
4478 1508 1584 2106 1642 
4479 856 1161 1841 1018 
4480 2497 2505 2496 1476 
4481 1137 1140 1163 1546 
4482 1247 1572 1334 1617 
4483 1008 1095 1572 1617 
4484 231 195 1152 1635 
4485 1160 1492 1211 1667 
4486 1418 1414 1242 1697 
4487 1202 1576 1559 1683 
4488 1808 827 820 1557 
4489 2497 2496 2505 485 
4490 750 1550 2271 743 
4491 227 1719 169 242 
4492 1719 228 170 243 
4493 1018 1841 1842 1604 
4494 1638 1483 155 82 
4495 1213 1576 1560 1682 
4496 711 2235 2227 137 
4497 1491 1483 1621 1638 
4498 1250 1429 1517 1671 
4499 1428 318 974 973 
4500 882 1895 1903 1543 
4501 974 296 1189 973 
4502 1396 1576 1441 1691 
4503 1376 1394 1402 1665 
4504 1192 1151 1590 1619 
4505 1633 2106 2098 619 
4506 776 1758 1750 777 
4507 980 1006 1222 1647 
4508 983 981 298 1013 
4509 1406 1309 1237 1556 
4510 1150 1194 1165 1612 
4511 983 1252 320 981 
4512 1313 1490 1419 1568 
4513 1305 1429 1403 1645 
4514 1285 1284 1287 1498 
4515 1475 1605 1523 1618 
4516 1296 1300 1297 1533 
4517 1052 1089 1087 1508 
4518 1462 1243 1363 1573 
4519 246 231 2154 195 
4520 1091 1534 1203 1670 
4521 1200 1612 986 1635 
4522 1761 780 1753 779 
4523 1491 1638 1634 1483 
4524 1191 1538 1098 1671 
4525 2109 2101 622 1569 
4526 2077 601 2078 594 
4527 1478 1607 1504 1616 
4528 1471 1607 1504 1669 
4529 2167 1454 2168 1549 
4530 1034 1035 1032 1521 
4531 1438 1322 1269 1625 
4532 1083 1199 1030 1625 
4533 1532 1624 1483 1638 
4534 2235 101 2516 2508 
4535 138 2005 2235 137 
4536 2203 2195 2202 683 
4537 1122 1104 1135 1550 
4538 2275 2283 143 753 
4539 1036 1087 1089 1500 
4540 1329 1328 1534 1660 
4541 2209 2202 2201 689 
4542 1240 2022 1568 1563 
4543 1279 1280 1281 1634 
4544 1248 1375 327 972 
4545 1439 1404 1353 1699 
4546 1561 1512 2201 1472 
4547 976 326 1375 972 
4548 766 1737 1738 1603 
4549 360 2337 1663 367 
4550 972 976 304 1136 
4551 1136 305 972 1009 
4552 1309 1406 1451 1556 
4553 175 2134 1001 643 
4554 1600 1627 2103 1521 
4555 1068 1516 1082 1667 
4556 983 1013 299 1099 
4557 623 2103 2102 616 
4558 1249 323 1331 967 
4559 1359 1678 1357 1351 
4560 1272 1273 1511 1593 
4561 1252 321 1338 983 
4562 1010 301 967 1092 
4563 1325 2315 2323 72 
4564 1217 1124 1159 1632 
4565 1102 1544 1104 1636 
4566 2519 2527 2526 1502 
4567 299 968 983 1099 
4568 1699 1890 1485 879 
4569 220 1485 1712 221 
4570 2144 185 1485 184 
4571 960 1214 1175 1581 
4572 983 321 1338 968 
4573 1361 1374 1343 1549 
4574 1181 1173 1525 1594 
4575 1117 1194 1150 1581 
4576 835 1825 1817 836 
4577 327 1248 972 975 
4578 1534 1655 1493 1660 
4579 1439 1699 1353 1706 
4580 1968 1967 1482 1581 
4581 305 975 972 1009 
4582 1321 1268 1269 1625 
4583 651 2166 2167 658 
4584 1825 1833 836 843 
4585 1291 1326 1328 1507 
4586 326 1375 1251 976 
4587 1390 1373 1431 1619 
4588 1192 1134 1151 1619 
4589 2241 2242 2233 717 
4590 2015 117 1323 546 
4591 1012 304 976 1136 
4592 965 324 1373 970 
4593 1404 1570 1353 1699 
4594 302 965 1134 970 
4595 1303 1301 1304 1591 
4596 980 1409 978 1647 
4597 1088 295 971 973 
4598 971 973 317 1327 
4599 2270 2262 741 742 
4600 1030 1029 1082 1667 
4601 1539 1458 1357 1372 
4602 1202 1559 1005 1683 
4603 1441 1244 1559 1683 
4604 2481 2473 2480 464 
4605 1843 1577 261 1184 
4606 2545 2537 2546 1632 
4607 261 1168 1184 1577 
4608 1420 1535 1412 1595 
4609 2275 2274 2267 1571 
4610 1244 1438 1441 1559 
4611 1199 1005 1202 1559 
4612 1035 1032 1521 1600 
4613 160 1413 233 1585 
4614 1766 1758 1759 1556 
4615 1759 1751 1750 777 
4616 1007 2269 2270 1544 
4617 1544 2269 1100 1007 
4618 1507 1655 1328 1493 
4619 991 2273 2272 751 
4620 1593 2048 2039 1599 
4621 2027 159 1585 1449 
4622 1529 1554 1471 1616 
4623 1160 1525 1492 1667 
4624 1247 1428 318 974 
4625 1639 2049 2057 577 
4626 1526 1771 1779 252 
4627 1680 1682 1565 1510 
4628 1261 1554 1504 1669 
4629 1189 296 974 1008 
4630 1150 1612 1114 1636 
4631 1577 1072 1842 1604 
4632 743 2263 2271 742 
4633 2537 2546 2538 521 
4634 1466 1937 1945 1630 
4635 2269 2268 2261 1544 
4636 1007 2270 2269 748 
4637 1494 1481 1532 1640 
4638 1170 980 978 1647 
4639 1216 1068 1094 1637 
4640 1307 1455 1333 1637 
4641 209 1730 1311 760 
4642 465 2474 2482 1573 
4643 1483 1624 83 82 
4644 2388 2396 1547 411 
4645 2038 566 2046 567 
4646 1613 1653 1529 1689 
4647 960 287 1177 1992 
4648 1526 1613 1527 1701 
4649 365 2344 2336 366 
4650 1377 1452 1448 1607 
4651 1550 1215 2272 750 
4652 2275 2267 2274 746 
4653 1427 1262 1598 1690 
4654 1089 1090 1203 1534 
4655 1565 1682 1680 1522 
4656 1011 985 1637 1671 
4657 26 312 1250 1637 
4658 25 1011 312 1637 
4659 1258 1554 1259 1603 
4660 1562 1600 1521 1627 
4661 1376 1607 1394 1665 
4662 2516 2525 2524 1473 
4663 312 1333 984 1637 
4664 248 249 1578 1608 
4665 2516 2524 2525 502 
4666 1737 1257 1738 1603 
4667 1492 1525 1469 1667 
4668 1490 1627 2053 1597 
4669 1834 844 1826 843 
4670 1072 1842 1002 858 
4671 1401 1261 1400 1504 
4672 2003 136 2508 100 
4673 1543 1885 1877 1514 
4674 99 135 2508 2435 
4675 224 1631 2147 188 
4676 99 1561 2434 98 
4677 2147 166 224 188 
4678 1485 185 2144 221 
4679 1686 275 1859 276 
4680 1859 275 1686 47 
4681 2251 140 104 2007 
4682 278 2531 279 1862 
4683 278 2515 2523 50 
4684 1500 1521 1520 1656 
4685 1335 1247 319 974 
4686 1084 2126 2127 1600 
4687 1008 297 974 1096 
4688 1541 1649 1492 1666 
4689 2167 659 2168 652 
4690 1877 1392 1463 1514 
4691 136 101 100 2436 
4692 2003 2508 2435 100 
4693 1630 2220 1939 189 
4694 225 189 1630 1939 
4695 219 220 183 1711 
4696 132 2187 96 1472 
4697 101 152 2004 137 
4698 132 96 2187 2431 
4699 2142 1710 1706 183 
4700 186 1631 1713 185 
4701 96 1472 2432 132 
4702 2001 1472 98 134 
4703 186 223 1714 222 
4704 95 130 2430 94 
4705 94 1997 1383 130 
4706 1472 2000 133 97 
4707 1561 2002 134 135 
4708 1712 1485 220 184 
4709 1716 188 166 2148 
4710 93 71 1997 2429 
4711 143 2442 1571 142 
4712 105 2009 83 141 
4713 95 1998 130 131 
4714 2143 1658 1711 235 
4715 2483 1855 43 44 
4716 2001 76 98 2433 
4717 102 2005 2235 138 
4718 2475 466 2483 44 
4719 165 223 1714 2146 
4720 186 1713 1631 222 
4721 2483 1900 45 1686 
4722 160 2142 218 182 
4723 43 1855 2483 1553 
4724 141 2008 1571 140 
4725 1855 272 2483 1553 
4726 272 1553 1855 271 
4727 48 1860 2515 1644 
4728 1473 2439 103 139 
4729 256 278 2293 1861 
4730 2515 278 2293 50 
4731 1686 275 2290 47 
4732 43 1692 2286 271 
4733 253 2290 275 47 
4734 106 2442 1571 107 
4735 2243 139 2438 138 
4736 273 1857 1908 274 
4737 1908 1686 1857 45 
4738 106 2441 1571 142 
4739 1473 102 2438 103 
4740 256 2293 278 50 
4741 190 2150 1630 191 
4742 1571 2440 104 2008 
4743 227 2151 1630 191 
4744 1692 1854 270 42 
4745 1718 227 1630 2150 
4746 227 1630 2151 228 
4747 279 51 280 2295 
4748 522 2539 2547 1552 
4749 280 51 52 2295 
4750 2539 2547 280 52 
4751 282 1865 1693 54 
4752 282 1693 1865 281 
4753 1524 1296 1583 1628 
4754 1036 1196 1034 1668 
4755 204 1725 1282 755 
4756 1329 1292 1328 1660 
4757 1604 844 1835 1577 
4758 183 2172 2188 1485 
4759 1442 1330 1397 1670 
4760 1571 107 2556 106 
4761 1394 1504 1607 1669 
4762 1221 1012 1140 1619 
4763 1460 1379 1251 1619 
4764 1557 1822 1815 1707 
4765 1377 1607 1376 1703 
4766 558 1622 2029 1568 
4767 261 260 1168 1577 
4768 1471 1682 1680 1616 
4769 1168 989 2412 70 
4770 1626 2056 2064 1575 
4771 1313 1499 1490 1568 
4772 1548 1469 1625 1650 
4773 1906 893 1914 1485 
4774 1743 1282 1742 763 
4775 1743 1556 1282 1237 
4776 1388 1256 1457 1551 
4777 1469 1480 1535 1615 
4778 1019 1565 1018 1604 
4779 1060 1525 1173 1586 
4780 1626 2064 2056 582 
4781 1168 1577 260 1609 
4782 2075 1566 2074 1639 
4783 1165 1015 1182 1612 
4784 1112 1118 1120 1536 
4785 1504 1471 1554 1616 
4786 2250 2258 2257 1550 
4787 1261 1258 1554 1669 
4788 2560 2568 2559 1648 
4789 341 2308 1608 2316 
4790 1013 981 298 1096 
4791 1632 1121 1477 1552 
4792 1090 1053 1201 1610 
4793 1556 1558 1503 1582 
4794 1525 1527 1469 1548 
4795 1335 320 1252 981 
4796 1699 1570 1421 1254 
4797 1309 1744 1743 1556 
4798 1742 1282 1743 1556 
4799 866 1876 1392 1514 
4800 1598 1691 1606 1576 
4801 57 1407 2308 1608 
4802 969 977 329 1380 
4803 1288 1432 1390 1618 
4804 1141 307 969 977 
4805 63 2291 1526 254 
4806 49 2293 255 64 
4807 63 1526 2291 62 
4808 1613 2292 63 254 
4809 1657 2288 59 250 
4810 65 2293 1613 256 
4811 57 1608 1854 248 
4812 59 1657 2287 58 
4813 1686 2290 275 1858 
4814 247 57 56 2285 
4815 1638 152 2436 79 
4816 1638 79 2437 152 
4817 2290 1526 253 1858 
4818 2432 1700 74 147 
4819 74 1700 2431 147 
4820 247 248 57 2285 
4821 1638 79 2436 78 
4822 165 1715 1530 238 
4823 165 1530 1715 166 
4824 220 2143 235 162 
4825 1700 1999 146 73 
4826 1658 162 2143 161 
4827 2294 66 1696 65 
4828 2434 135 150 2002 
4829 1657 1855 249 250 
4830 159 160 232 1709 
4831 160 233 232 1709 
4832 164 1658 2145 237 
4833 1686 2289 45 46 
4834 255 1613 1860 64 
4835 2429 1325 71 1997 
4836 2430 1998 1622 145 
4837 1857 2289 1657 60 
4838 1700 148 2000 75 
4839 234 233 161 1710 
4840 68 1696 2296 67 
4841 1658 1713 236 163 
4842 145 1325 1997 144 
4843 237 1530 1714 164 
4844 239 1623 1716 166 
4845 258 1819 1863 1696 
4846 2001 148 2052 1700 
4847 1608 1854 249 58 
4848 2144 221 236 1712 
4849 2144 1712 1658 162 
4850 1623 2148 167 240 
4851 1714 223 165 238 
4852 240 225 2149 1717 
4853 2149 240 1623 167 
4854 2434 2002 1537 76 
4855 251 1657 1856 60 
4856 150 2003 1537 151 
4857 1700 2433 76 2001 
4858 2142 218 233 160 
4859 145 2430 130 94 
4860 2005 1638 153 80 
4861 2435 150 135 2003 
4862 157 2441 83 84 
4863 1638 2438 81 154 
4864 85 2442 1086 84 
4865 53 2297 259 68 
4866 1086 85 2010 2442 
4867 260 70 69 1866 
4868 1638 155 2439 82 
4869 169 2150 1705 168 
4870 1719 242 1705 169 
4871 261 70 260 1866 
4872 2439 155 1638 154 
4873 260 69 259 1865 
4874 1696 1864 258 259 
4875 83 1621 155 156 
4876 153 1638 2006 80 
4877 156 83 157 2009 
4878 155 83 1483 1621 
4879 1928 1935 1936 911 
4880 1583 1480 2343 1589 
4881 1407 247 1423 1578 
4882 2021 552 2022 545 
4883 2123 172 2131 1596 
4884 553 2023 2022 546 
4885 1958 1959 1950 931 
4886 1504 1556 1503 1582 
4887 985 1250 1637 1671 
4888 1123 1571 1550 1664 
4889 286 1991 1003 959 
4890 247 1739 1578 248 
4891 1094 312 984 1637 
4892 1460 1376 1379 1546 
4893 1137 1221 1140 1546 
4894 1620 1314 1395 1415 
4895 860 1877 1543 867 
4896 229 228 192 1635 
4897 1356 1352 1518 1543 
4898 1138 1137 1155 1682 
4899 2455 442 1528 1231 
4900 61 1526 1657 1701 
4901 1263 1396 1427 1598 
4902 1432 1287 1290 1618 
4903 1604 1818 837 1577 
4904 1345 1551 1549 1684 
4905 1688 1707 1505 1558 
4906 1161 1022 1162 1510 
4907 1134 1092 965 302 
4908 1373 324 965 1331 
4909 1682 1022 1162 1155 
4910 83 1624 1483 1621 
4911 1837 1043 1838 853 
4912 1318 1303 1336 1591 
4913 1445 1490 1313 1499 
4914 2085 1638 2093 2084 
4915 1243 1456 1363 1573 
4916 837 1577 1818 1653 
4917 834 1824 1816 835 
4918 1490 1563 1419 1568 
4919 1456 2458 2457 1573 
4920 1181 1148 1173 1594 
4921 1601 1734 1742 1282 
4922 761 1732 1733 1601 
4923 157 1086 84 1621 
4924 1418 1543 1356 1697 
4925 1314 1325 1415 1622 
4926 1463 1870 1878 1242 
4927 1011 1637 1517 1671 
4928 1041 1206 1039 1491 
4929 1022 1510 1161 1565 
4930 1722 194 2154 1635 
4931 1748 1756 235 1579 
4932 1167 998 1070 1557 
4933 2263 2254 2262 735 
4934 1272 1271 1273 1593 
4935 1139 1560 1157 1576 
4936 1054 1151 1092 1590 
4937 1190 1011 1068 1637 
4938 1429 1307 1250 1637 
4939 1732 232 1426 1579 
4940 1165 1194 1015 1612 
4941 1267 1690 1265 1691 
4942 1223 1004 1125 1632 
4943 1330 1442 1328 1655 
4944 1231 1393 1458 1528 
4945 2181 670 2189 671 
4946 1033 1034 1032 1592 
4947 176 2135 1084 644 
4948 1351 1367 1360 1678 
4949 2447 36 1393 441 
4950 1048 1193 1051 1605 
4951 1529 1616 1471 1680 
4952 1468 1567 1493 1660 
4953 1049 1048 1574 1605 
4954 2270 2262 2263 1550 
4955 1817 1825 1604 836 
4956 1442 1397 1252 1670 
4957 1070 1212 1167 1557 
4958 1299 1535 1450 1589 
4959 1543 1877 1885 867 
4960 1160 1060 1211 1525 
4961 1206 1074 1569 1621 
4962 1295 1450 1298 1583 
4963 2161 653 2169 654 
4964 1544 2270 1007 1147 
4965 1337 1538 1430 1671 
4966 300 967 968 1010 
4967 1042 1195 1079 1555 
4968 1281 1318 1434 1555 
4969 968 322 1249 967 
4970 1571 141 2440 2008 
4971 104 1571 2008 140 
4972 1742 1743 1751 1556 
4973 2084 2092 2093 607 
4974 1219 992 1120 1648 
4975 1462 1364 1243 1553 
4976 1161 1018 1019 1565 
4977 1416 1453 1433 1697 
4978 1396 1452 1560 1576 
4979 1265 1690 1427 1691 
4980 2222 2223 2231 1466 
4981 2460 2461 446 453 
4982 1838 1837 846 1602 
4983 2343 2344 1480 1583 
4984 1471 1616 1607 1682 
4985 1285 1506 1283 1601 
4986 289 290 1182 1994 
4987 1874 215 216 1421 
4988 245 1828 1836 1596 
4989 2166 2167 2175 1549 
4990 1407 248 247 1578 
4991 1231 1359 1398 1528 
4992 1392 1366 1365 1514 
4993 1606 1157 1071 1188 
4994 1020 1021 1019 1604 
4995 997 2416 2417 1661 
4996 1311 1739 1603 1578 
4997 2270 2263 2262 742 
4998 836 1818 1826 1604 
4999 1266 1424 1264 1690 
5000 1657 58 2324 1608 
5001 1076 2412 1594 1609 
5002 741 2270 2269 1544 
5003 1825 842 1833 843 
5004 1657 2324 58 59 
5005 1956 1948 929 1495 
5006 2487 2479 2486 469 
5007 262 1845 1077 852 
5008 1175 1179 1003 1542 
5009 980 1245 1409 1647 
5010 1027 1185 1148 1547 
5011 968 1099 300 1010 
5012 1498 1579 1289 1585 
5013 1489 1903 1911 1518 
5014 1876 1411 1392 1692 
5015 1338 322 1249 968 
5016 1296 1295 1298 1583 
5017 1205 1163 1509 1047 
5018 1827 1835 1696 259 
5019 1259 1262 1264 1497 
5020 1304 1337 1336 1538 
5021 1098 1065 1097 1538 
5022 1149 991 1218 1664 
5023 1250 1517 1637 1671 
5024 1982 1981 1974 1542 
5025 1135 1215 991 1550 
5026 1157 1560 1213 1576 
5027 2174 2183 2175 665 
5028 1294 2312 2311 1589 
5029 1479 1597 1490 1634 
5030 2022 1563 1240 1323 
5031 1176 1483 1156 1685 
5032 2483 272 1855 44 
5033 43 1855 1553 271 
5034 73 1622 146 1700 
5035 2343 1480 2344 1649 
5036 1102 1101 1007 1544 
5037 1319 1325 1324 1620 
5038 1145 1017 2274 1664 
5039 1488 1523 1623 1675 
5040 1320 1422 1279 1617 
5041 1081 1040 1183 1617 
5042 1605 1509 1475 1688 
5043 1441 1559 1438 1691 
5044 1563 1599 553 2030 
5045 2454 441 1528 1393 
5046 1510 1800 1680 1616 
5047 1090 1201 1010 1610 
5048 1440 1329 1249 1610 
5049 1132 1105 1108 1636 
5050 1157 1576 1024 1606 
5051 1389 1485 1353 1570 
5052 1445 1314 1395 1499 
5053 1577 1609 1486 1696 
5054 1880 870 1881 863 
5055 1172 1980 1153 1693 
5056 2274 1017 1145 753 
5057 1224 1982 1981 958 
5058 1263 1598 1260 1669 
5059 145 1325 144 1622 
5060 1494 1533 1524 1640 
5061 1396 1598 1576 1691 
5062 1257 1241 1738 1603 
5063 1746 773 1754 774 
5064 1257 1738 1241 759 
5065 569 2048 2040 1593 
5066 1302 1297 1301 1494 
5067 2257 1550 2258 1664 
5068 1454 1374 1230 1549 
5069 1271 1511 1593 1599 
5070 195 2154 246 173 
5071 851 1842 1843 858 
5072 980 1170 1006 1647 
5073 1604 1818 1577 1653 
5074 1397 1335 1252 1670 
5075 519 2543 2535 1536 
5076 1325 1620 1415 1622 
5077 2467 2459 1553 452 
5078 1487 1527 1469 1704 
5079 1366 1355 1365 1514 
5080 1479 1626 1564 1627 
5081 1380 1441 1576 1683 
5082 1157 1202 1141 1683 
5083 1263 1262 1260 1598 
5084 1273 1276 1435 1674 
5085 1107 1643 1106 1702 
5086 1328 1655 1534 1660 
5087 1397 1572 1335 1670 
5088 1911 1919 1910 1489 
5089 1253 1333 984 333 
5090 1205 1509 1163 1688 
5091 420 2407 2399 421 
5092 2459 445 1553 452 
5093 1507 1328 1660 1493 
5094 585 2059 2067 1654 
5095 2185 2184 2193 674 
5096 1505 1478 1475 1688 
5097 2281 201 200 1218 
5098 1457 127 126 2161 
5099 1468 1605 1590 1618 
5100 2512 2504 2513 1644 
5101 1116 1128 1552 1672 
5102 1471 1607 1560 1682 
5103 2467 1553 2459 1692 
5104 1497 1608 1578 1657 
5105 1071 1199 1202 1559 
5106 1263 1448 1452 1669 
5107 26 1333 312 1637 
5108 25 312 1094 1637 
5109 421 2408 2407 1629 
5110 2407 427 2415 428 
5111 2196 2197 2188 677 
5112 1355 1366 1364 1553 
5113 1482 1644 1944 1466 
5114 1369 1383 1551 1684 
5115 1428 1247 1320 1617 
5116 1189 1081 1008 1617 
5117 1554 1753 1754 1603 
5118 1427 1690 1598 1691 
5119 2569 113 112 1217 
5120 39 38 1456 2449 
5121 1463 1365 1242 1543 
5122 1613 1698 1527 1701 
5123 1613 255 2293 64 
5124 65 1613 2293 64 
5125 233 1732 1740 1579 
5126 1732 233 232 1579 
5127 54 2563 536 1693 
5128 1509 1574 1523 1605 
5129 1321 1455 1307 1679 
5130 1474 1655 1534 1670 
5131 2202 2203 683 690 
5132 1408 1507 1291 1659 
5133 1131 1125 1632 1693 
5134 2210 2202 2203 1472 
5135 123 2157 1386 650 
5136 1285 1286 1283 1506 
5137 1413 1426 232 1579 
5138 1417 1419 1278 1563 
5139 1051 1053 1052 1567 
5140 1044 1509 1574 1602 
5141 1044 1509 1046 1574 
5142 1425 144 1325 1622 
5143 1024 1157 1213 1576 
5144 1260 1554 1258 1669 
5145 1660 1659 1507 1493 
5146 2296 281 1552 280 
5147 1552 281 2296 53 
5148 1290 1659 1291 1660 
5149 1315 1407 2308 1443 
5150 2246 2254 2253 1544 
5151 2527 2528 2519 505 
5152 1364 1366 1370 1692 
5153 1747 1739 248 1578 
5154 1057 1059 1056 1501 
5155 1953 927 1945 926 
5156 1547 1594 1525 1698 
5157 1150 1636 1132 1672 
5158 1046 1044 1047 1509 
5159 841 1831 1832 848 
5160 1622 558 2037 1568 
5161 1030 1082 1625 1667 
5162 1434 1318 1245 1647 
5163 1474 1668 1572 1670 
5164 1016 108 109 2565 
5165 2445 34 35 1255 
5166 1171 2563 1004 543 
5167 1303 1304 1336 1591 
5168 1285 1288 1444 1618 
5169 1582 1799 820 813 
5170 630 2110 2111 1600 
5171 1341 1340 1342 1545 
5172 1660 1328 1507 1291 
5173 2022 552 2021 1568 
5174 269 1876 1868 859 
5175 283 1988 1980 957 
5176 792 1775 1767 1582 
5177 1362 1385 1436 1551 
5178 2126 2118 1569 636 
5179 1294 2312 1589 1628 
5180 2312 2320 1662 345 
5181 1049 1192 1688 1205 
5182 329 1378 969 1380 
5183 969 1139 307 1141 
5184 288 1993 1177 961 
5185 1133 1119 1143 1540 
5186 2243 718 2235 1473 
5187 1323 2022 2023 546 
5188 2413 1076 2412 1594 
5189 1118 1119 1540 1702 
5190 1527 1547 1525 1698 
5191 1413 232 233 1579 
5192 2254 2262 1550 2263 
5193 1254 1570 1880 1697 
5194 1125 1131 1127 1693 
5195 1836 1187 246 1596 
5196 124 2159 2158 1386 
5197 1163 1505 1478 1688 
5198 1832 1069 1831 1557 
5199 1831 1823 1822 840 
5200 412 1594 2390 1586 
5201 1487 1595 1387 1608 
5202 234 161 1585 1658 
5203 1438 1650 1267 1691 
5204 1607 1616 1478 1682 
5205 1131 1632 1004 1693 
5206 345 2312 2313 1662 
5207 1191 1098 1198 1671 
5208 1363 1456 1398 1573 
5209 1504 779 786 1761 
5210 1116 1125 1127 1552 
5211 1408 1585 1507 1659 
5212 1174 993 1187 1596 
5213 1563 1323 2023 1599 
5214 1356 1518 1389 1570 
5215 1103 1496 1101 1544 
5216 1270 2024 1599 1593 
5217 555 2024 1652 1593 
5218 1512 1545 2175 1549 
5219 1665 1475 1478 1688 
5220 2175 1512 2174 1545 
5221 1310 1441 1438 1691 
5222 1413 1289 1579 1585 
5223 1525 1588 1492 1666 
5224 1017 201 202 2282 
5225 127 128 2162 1256 
5226 1742 769 1741 1601 
5227 1316 1733 1234 754 
5228 1314 1415 1620 1622 
5229 1657 1857 251 252 
5230 59 2287 1657 250 
5231 251 1857 1657 60 
5232 1657 249 1855 58 
5233 2037 558 1622 565 
5234 1581 1977 1985 1612 
5235 1258 1260 1259 1554 
5236 2452 2444 93 439 
5237 1559 1650 1438 1691 
5238 1531 1501 2377 1541 
5239 984 966 1253 333 
5240 2416 429 1629 2408 
5241 1505 1582 1558 1707 
5242 1749 1673 1757 775 
5243 2566 110 109 1154 
5244 36 35 1393 2446 
5245 1311 1738 1739 760 
5246 1822 1557 1602 1707 
5247 2128 2120 1600 638 
5248 999 2128 1651 1592 
5249 171 2123 2115 1596 
5250 1751 777 1759 778 
5251 1509 1602 1676 1574 
5252 1420 1412 1387 1595 
5253 1205 1049 1509 1688 
5254 228 1720 170 243 
5255 1143 1142 1016 1540 
5256 1126 1224 1003 1542 
5257 997 1694 2417 437 
5258 2016 118 1270 547 
5259 2335 1587 357 1589 
5260 1623 241 1717 168 
5261 1717 241 1623 240 
5262 287 286 1991 1175 
5263 1414 213 212 1871 
5264 1750 1506 776 1601 
5265 111 110 2567 992 
5266 1231 37 36 2447 
5267 1298 1306 1305 1679 
5268 1523 1675 1574 1676 
5269 248 1578 1407 1608 
5270 1103 1544 1102 1636 
5271 2052 148 2001 149 
5272 314 978 1409 1337 
5273 1100 2268 2269 1544 
5274 1158 1196 1091 1668 
5275 86 2421 1076 432 
5276 1507 1519 1326 1655 
5277 2111 2103 624 1600 
5278 1170 292 1098 978 
5279 1377 1560 1607 1703 
5280 1050 1580 1488 1584 
5281 177 2136 1031 645 
5282 1564 2054 1599 1563 
5283 1114 1103 1132 1636 
5284 1832 1831 1823 1557 
5285 1418 1365 1354 1543 
5286 835 1817 1825 1565 
5287 1106 1104 1513 1636 
5288 1371 1485 1389 1518 
5289 738 2266 2258 739 
5290 108 2565 1142 537 
5291 2020 144 1425 1622 
5292 2468 453 2460 95 
5293 2563 1632 536 1693 
5294 161 2043 1658 162 
5295 1539 1551 1383 1684 
5296 1305 1307 1429 1679 
5297 1905 1913 891 1518 
5298 1121 1112 1120 1536 
5299 2400 2392 415 1629 
5300 1722 194 172 2154 
5301 1514 1885 1893 1543 
5302 1268 1266 1267 1650 
5303 1419 1490 1278 1563 
5304 2131 173 1210 1596 
5305 1049 1590 1193 1605 
5306 777 1751 1750 770 
5307 1813 1822 1821 1602 
5308 1813 1821 1822 832 
5309 1532 1494 1640 1646 
5310 1557 1816 1808 827 
5311 1600 2127 637 2126 
5312 2023 2024 2031 1599 
5313 2258 2259 2250 732 
5314 2308 1315 1595 1608 
5315 1837 995 1043 853 
5316 1837 1077 1580 1602 
5317 1014 311 984 1094 
5318 1698 2389 2397 1594 
5319 1358 1372 1382 1539 
5320 1072 1843 1184 1577 
5321 801 1785 1786 808 
5322 2013 115 1312 544 
5323 1536 1111 1643 1112 
5324 1202 1157 1071 1576 
5325 1363 1398 1359 1573 
5326 1577 1486 1653 1696 
5327 1295 1450 1583 1589 
5328 1259 1497 1264 1578 
5329 1503 1556 1506 1558 
5330 1544 2252 1630 1496 
5331 1527 1487 1701 1704 
5332 1284 1285 1283 1601 
5333 1376 1402 1379 1665 
5334 1698 2397 2389 411 
5335 2020 145 144 1622 
5336 424 2403 2395 417 
5337 358 2328 2336 1628 
5338 2403 2395 82 1624 
5339 1004 2563 2562 543 
5340 246 993 173 1596 
5341 1336 1337 1409 1647 
5342 25 312 1011 985 
5343 418 2405 2397 419 
5344 554 2024 2023 547 
5345 1550 1571 1123 1702 
5346 1580 1828 1820 1596 
5347 845 852 1836 1580 
5348 1992 288 287 1177 
5349 1416 214 213 1872 
5350 1007 196 197 2277 
5351 122 123 2157 1246 
5352 661 2177 2169 1551 
5353 1483 1532 1470 1685 
5354 22 262 1187 1844 
5355 1426 203 18 1724 
5356 1143 1144 1540 1702 
5357 2250 2251 2259 1571 
5358 1732 1316 1733 1601 
5359 1388 2169 1230 1549 
5360 2039 2040 2048 1593 
5361 1045 1046 1048 1574 
5362 2044 2036 146 147 
5363 1549 1386 1341 1545 
5364 2198 2190 679 1512 
5365 1588 1586 2391 1666 
5366 2338 367 2346 368 
5367 1750 1556 1506 1601 
5368 2029 552 2021 551 
5369 2491 45 2483 473 
5370 2279 199 198 1215 
5371 125 124 1454 2159 
5372 2085 2093 1638 1491 
5373 1315 2308 1407 1608 
5374 2412 1076 2413 432 
5375 1597 1627 2085 1491 
5376 1414 1418 1453 1697 
5377 397 2373 2381 1698 
5378 553 1599 1563 2023 
5379 668 2185 2186 675 
5380 1656 1651 2104 1592 
5381 1388 1436 1256 1551 
5382 837 1819 1827 1577 
5383 1159 111 112 2568 
5384 1398 38 37 2448 
5385 1075 1483 1176 1624 
5386 1072 1168 1020 1577 
5387 2166 2175 2167 658 
5388 769 1750 776 1601 
5389 1474 1670 1572 1674 
5390 1575 2072 2064 1626 
5391 289 288 1993 1015 
5392 214 215 1873 1254 
5393 1732 1733 1316 754 
5394 68 67 1609 1696 
5395 1658 234 1711 235 
5396 164 2145 1658 163 
5397 1711 234 1658 161 
5398 1658 236 1713 237 
5399 2239 715 2231 714 
5400 2194 682 2193 2202 
5401 1360 1363 1359 1573 
5402 1943 1944 1935 918 
5403 1381 1382 1255 1539 
5404 1109 1110 1108 1643 
5405 1329 1610 1440 1660 
5406 233 1579 234 1585 
5407 1421 1254 1404 1699 
5408 1328 1493 1655 1660 
5409 1266 1265 1267 1690 
5410 1397 1435 1276 1674 
5411 1433 1570 1254 1697 
5412 250 1763 1755 1578 
5413 560 2038 1599 567 
5414 2048 575 2056 576 
5415 2569 2561 542 1217 
5416 1974 1966 1965 944 
5417 1533 2336 2344 366 
5418 2557 1016 1154 538 
5419 1064 1062 1063 1685 
5420 2455 1528 1393 1231 
5421 1747 1746 1755 774 
5422 879 1891 1899 1485 
5423 220 183 184 1485 
5424 1650 1690 1267 1691 
5425 1037 1035 1034 1668 
5426 2224 2232 2231 1466 
5427 1943 917 1935 1934 
5428 1115 1126 1179 1542 
5429 1210 993 1174 1596 
5430 984 966 311 1014 
5431 2412 425 2413 1594 
5432 851 1842 1834 1604 
5433 1314 1620 1499 1622 
5434 2202 2193 2194 1472 
5435 1104 1105 1103 1636 
5436 1109 1107 1111 1643 
5437 1556 1767 1766 1558 
5438 1181 1029 1027 1548 
5439 2187 2179 2468 1551 
5440 948 1977 1969 1612 
5441 1111 1118 1502 1702 
5442 2445 34 1381 439 
5443 980 978 1409 315 
5444 67 2388 2396 1609 
5445 1469 1527 1615 1704 
5446 1616 1801 1794 1793 
5447 1106 1636 1513 1702 
5448 1755 1754 1763 781 
5449 2029 2028 558 551 
5450 1368 1350 1358 1684 
5451 293 1170 980 978 
5452 2045 565 1499 572 
5453 1616 1776 1768 1582 
5454 2027 159 2019 550 
5455 173 2131 2139 648 
5456 366 2345 373 1533 
5457 83 1621 2411 1624 
5458 1295 1299 1450 1589 
5459 1510 1680 1800 1808 
5460 1178 1039 1180 1562 
5461 1104 1106 1513 1550 
5462 2311 2312 2319 1589 
5463 2130 2129 994 647 
5464 1106 1105 1636 1643 
5465 2275 2274 1664 1145 
5466 1328 1655 1507 1326 
5467 1335 1334 1247 1572 
5468 1095 1096 1008 1572 
5469 1574 1048 1049 1046 
5470 1352 1371 1518 1614 
5471 2525 1502 2532 1473 
5472 1049 1509 1574 1046 
5473 1467 1690 1650 1691 
5474 771 1751 1752 778 
5475 1469 1527 1525 1615 
5476 831 1813 1821 1602 
5477 1382 1539 1383 1684 
5478 785 1759 1767 784 
5479 1121 1124 1223 1632 
5480 985 26 312 1250 
5481 1419 1323 1240 1563 
5482 1603 1745 1753 773 
5483 1877 860 1869 859 
5484 958 1981 1989 957 
5485 1571 2556 2548 106 
5486 1078 2130 1584 1642 
5487 640 2130 1642 2122 
5488 750 743 2272 1550 
5489 879 1898 1906 886 
5490 1329 1328 1442 1534 
5491 2249 2241 2250 1473 
5492 1694 2403 2395 424 
5493 1442 1534 1328 1655 
5494 1550 2255 2254 2263 
5495 1105 1107 1108 1643 
5496 1100 2269 2268 747 
5497 1487 1469 1535 1704 
5498 1079 1195 1006 1647 
5499 1056 1211 1060 1588 
5500 1377 1248 1560 1703 
5501 1547 1594 2396 1609 
5502 2268 2261 2260 740 
5503 1392 1877 866 1514 
5504 1491 1597 1479 1634 
5505 1311 1423 1739 1578 
5506 2278 198 197 1147 
5507 1386 124 123 2158 
5508 1389 1404 1433 1570 
5509 1522 1604 1577 1653 
5510 552 1568 2022 1563 
5511 1194 1177 1015 1581 
5512 1506 1601 1498 1673 
5513 1963 1971 1970 1612 
5514 450 2457 2456 443 
5515 1990 286 285 1003 
5516 1242 212 211 1870 
5517 1360 1462 1363 1573 
5518 1019 1022 1161 1565 
5519 1020 1168 1025 1577 
5520 950 1973 1981 1515 
5521 1521 1592 1520 1656 
5522 1276 1277 1334 1674 
5523 1413 159 1449 1585 
5524 2280 2272 751 991 
5525 1377 1376 1248 1703 
5526 1475 1590 1605 1618 
5527 1310 1438 1267 1691 
5528 1417 1274 1271 1599 
5529 1630 2238 2245 1513 
5530 1055 2415 2416 1588 
5531 1111 1129 1119 1702 
5532 2525 2517 2526 1502 
5533 1485 1906 1890 1570 
5534 2168 659 2167 1549 
5535 1072 1843 1842 858 
5536 1075 1156 1176 1483 
5537 450 2464 2456 1573 
5538 516 2533 2525 509 
5539 256 1613 65 1696 
5540 68 2296 1696 259 
5541 1696 66 257 1863 
5542 1696 258 1864 67 
5543 1696 256 2294 65 
5544 1138 1137 1682 1703 
5545 1445 1278 1313 1490 
5546 284 24 1988 1172 
5547 20 210 1868 1411 
5548 2455 448 441 1528 
5549 2528 2527 2535 512 
5550 666 2175 2183 665 
5551 2175 2166 2174 658 
5552 1050 1174 1580 1584 
5553 2327 2335 357 1589 
5554 1311 1259 1407 1578 
5555 2103 617 2095 616 
5556 1194 1117 1214 1581 
5557 994 2129 1093 647 
5558 1651 2129 639 2128 
5559 1975 953 1983 1581 
5560 1164 1066 1061 1611 
5561 1822 1821 839 832 
5562 1063 1176 1156 1685 
5563 1664 2274 2275 1571 
5564 1537 2355 2347 1646 
5565 999 2128 2129 1651 
5566 1549 1614 1343 1345 
5567 2138 180 1078 648 
5568 5 114 2571 1171 
5569 40 1 2451 1410 
5570 1276 1273 1274 1674 
5571 1589 1450 1480 1535 
5572 1347 1344 1371 1614 
5573 1562 2126 1001 1084 
5574 1159 2560 2561 1632 
5575 2168 2160 653 1230 
5576 2240 2248 722 1513 
5577 997 2417 1694 1661 
5578 429 2417 2416 1661 
5579 2455 1528 442 449 
5580 1238 2024 1332 548 
5581 1284 1289 1498 1579 
5582 2437 79 1638 80 
5583 153 1638 2005 152 
5584 1519 2048 569 1652 
5585 421 2400 2408 1629 
5586 833 1822 1815 1823 
5587 2446 35 1255 440 
5588 1528 2464 2456 449 
5589 2035 160 2027 557 
5590 1233 2026 1652 1641 
5591 1231 1398 2456 1528 
5592 1498 1585 1289 1659 
5593 1652 2025 556 2026 
5594 1834 1604 850 1833 
5595 1221 1137 1136 1703 
5596 2300 2308 56 1443 
5597 2412 1204 1076 432 
5598 1604 1842 1018 1002 
5599 174 14 2132 1186 
5600 10 115 2012 1425 
5601 1080 1694 2411 1624 
5602 2025 1233 2026 1652 
5603 2024 2025 1332 548 
5604 420 1586 2399 1588 
5605 412 2390 2398 1586 
5606 2027 1585 159 160 
5607 2265 2257 2272 744 
5608 1896 1888 1889 1570 
5609 1642 633 640 2122 
5610 192 228 1630 1635 
5611 1642 2130 640 1651 
5612 1191 1011 1190 1671 
5613 127 1256 2161 1457 
5614 2127 1031 2128 645 
5615 1397 1572 1670 1674 
5616 1459 1411 1227 1692 
5617 1377 1560 1452 1607 
5618 1148 1547 1185 1609 
5619 1580 1812 1820 831 
5620 1402 1444 1379 1665 
5621 2191 2192 2199 1512 
5622 2460 2468 2452 1539 
5623 1600 1084 2126 1562 
5624 1117 1581 1150 1672 
5625 1016 1154 1133 1540 
5626 852 1077 1836 1580 
5627 1571 2274 2266 1664 
5628 1153 1981 1224 1515 
5629 525 2542 2543 1648 
5630 1493 1659 1468 1660 
5631 1113 1108 1110 1672 
5632 1878 1870 1463 860 
5633 1124 1121 1120 1536 
5634 874 1894 1902 1543 
5635 1344 1346 1345 1614 
5636 1248 1376 1375 1703 
5637 1337 1430 1437 1671 
5638 1835 844 1604 851 
5639 1095 1037 1158 1668 
5640 2128 638 2127 645 
5641 1654 2051 2059 1658 
5642 422 2409 2401 423 
5643 2410 424 2402 423 
5644 16 196 1100 2276 
5645 2156 12 122 1339 
5646 766 1738 1746 1603 
5647 1530 1715 239 1780 
5648 121 2018 1317 550 
5649 1569 2125 2124 1073 
5650 1098 1097 1170 1647 
5651 1530 1623 239 166 
5652 1758 783 1766 784 
5653 1592 2121 632 639 
5654 1878 867 860 1543 
5655 1535 2342 371 364 
5656 535 2553 2561 534 
5657 1413 160 159 1585 
5658 639 2129 1651 2121 
5659 1512 2182 2174 1545 
5660 1644 2530 2529 1477 
5661 2268 1544 1100 1635 
5662 1407 1259 1264 1578 
5663 1324 347 1319 1695 
5664 1151 1049 1192 1590 
5665 1419 1313 1278 1490 
5666 2172 1706 1485 183 
5667 1732 1426 1316 1579 
5668 1244 330 982 1683 
5669 834 1823 1824 841 
5670 1005 982 308 1683 
5671 2378 2377 2385 402 
5672 1692 445 2451 1410 
5673 1341 1386 1246 1545 
5674 1124 1120 1159 1536 
5675 1019 1018 1002 1604 
5676 1918 1489 1909 1910 
5677 1121 1125 1552 1632 
5678 1018 1565 1833 1604 
5679 1480 1535 1615 1649 
5680 2021 1568 1312 1240 
5681 766 773 1745 1603 
5682 1724 1732 232 1426 
5683 1836 1844 246 1187 
5684 1172 1220 988 1693 
5685 1293 1290 1292 1660 
5686 1422 1320 1247 1617 
5687 1183 1008 1081 1617 
5688 1912 1911 1904 1518 
5689 1261 1260 1258 1669 
5690 1284 1316 1413 1579 
5691 1976 953 1984 954 
5692 1110 1643 1128 1672 
5693 1235 2311 1587 1589 
5694 1623 1804 1796 241 
5695 2035 2027 160 1585 
5696 1897 1905 884 1518 
5697 2537 2544 2545 520 
5698 1096 1572 1158 1670 
5699 1158 1203 1013 1670 
5700 1231 2456 442 1528 
5701 2185 2177 2178 1551 
5702 2175 2174 2166 1545 
5703 2309 341 2308 1595 
5704 556 2025 1652 2033 
5705 1814 1806 826 1707 
5706 1814 1676 1813 825 
5707 1564 1599 2054 567 
5708 1490 2045 2046 1563 
5709 1080 1085 2419 438 
5710 2123 1584 2131 641 
5711 1580 1828 1836 845 
5712 1095 1158 1572 1668 
5713 1096 1158 1013 1670 
5714 1168 1076 2412 1204 
5715 1945 1946 1937 920 
5716 1696 1827 259 258 
5717 1740 1748 234 1579 
5718 776 1749 1757 775 
5719 1004 1632 2563 1693 
5720 1394 1607 1448 1669 
5721 2535 519 2536 512 
5722 1959 1967 1966 1542 
5723 1035 1178 1032 1600 
5724 312 26 984 1333 
5725 1032 1592 1521 1600 
5726 1700 146 1999 147 
5727 74 2431 1700 73 
5728 2001 1537 76 1700 
5729 76 2433 1700 75 
5730 1269 1322 1253 1625 
5731 1014 1083 1030 1625 
5732 2030 2029 2038 559 
5733 1513 1550 1106 1702 
5734 2255 2256 2247 729 
5735 1837 1829 846 1602 
5736 1206 1075 1074 1621 
5737 637 1600 630 2119 
5738 1768 1556 1767 1759 
5739 579 2053 2052 572 
5740 2309 1315 2308 334 
5741 1478 1582 1510 1616 
5742 2124 2132 158 1186 
5743 144 2012 2020 1425 
5744 1760 1556 1752 1504 
5745 1595 1701 1487 1704 
5746 2496 2488 2487 477 
5747 1509 1676 1602 1707 
5748 2125 636 2126 1569 
5749 1808 1557 1800 1510 
5750 2185 2176 2184 667 
5751 2408 422 1629 2400 
5752 1701 1608 2333 1595 
5753 1549 2169 2177 1551 
5754 1369 1358 1382 1684 
5755 1080 1624 1063 1694 
5756 1317 2027 2026 1585 
5757 1264 1262 1265 1690 
5758 140 2007 2251 139 
5759 2406 2414 426 1586 
5760 1982 1974 1981 951 
5761 257 1696 256 2294 
5762 1537 1597 1499 1700 
5763 104 1473 2251 2007 
5764 1520 1651 1633 1656 
5765 1011 1198 291 1671 
5766 1498 1658 1530 1673 
5767 427 2415 2414 1588 
5768 1492 1588 1501 1666 
5769 957 1980 1981 1153 
5770 1563 2054 1490 1564 
5771 2124 157 1086 158 
5772 1115 1117 1113 1672 
5773 1522 1529 1653 1689 
5774 229 2152 192 1720 
5775 1111 1502 1118 1536 
5776 1067 1068 1082 1667 
5777 1168 1072 1184 1577 
5778 653 2169 2168 1230 
5779 2225 2233 2232 1561 
5780 1937 1938 1946 1630 
5781 1613 1696 2372 65 
5782 1316 1732 1724 1426 
5783 1836 1077 1844 1187 
5784 1334 1397 1276 1674 
5785 2301 27 1315 334 
5786 2322 347 2314 346 
5787 1236 2313 2312 1662 
5788 1289 1287 1284 1498 
5789 1057 1531 1629 1661 
5790 1816 834 827 1557 
5791 1601 1740 1732 1579 
5792 2473 2465 2472 457 
5793 1458 1359 1231 1528 
5794 2152 1720 244 1596 
5795 1053 1054 1201 1610 
5796 797 1766 1774 1558 
5797 787 1769 1761 1554 
5798 1983 1982 1974 1542 
5799 1990 1982 959 1003 
5800 1995 21 290 986 
5801 1875 216 17 1225 
5802 1206 1569 1491 1621 
5803 946 1975 1967 1581 
5804 87 2422 1000 433 
5805 2329 2337 359 1662 
5806 1054 1193 1151 1590 
5807 2454 1528 2462 1539 
5808 2419 431 1080 438 
5809 1086 990 2419 1085 
5810 2528 2519 2511 2527 
5811 2023 1599 1323 1270 
5812 1598 1690 1467 1691 
5813 1393 1255 1372 1539 
5814 1578 1608 249 1657 
5815 1045 1044 1574 1602 
5816 869 1880 1888 1697 
5817 1753 1504 1761 779 
5818 250 1578 249 1657 
5819 1160 1173 1060 1525 
5820 1919 1918 1927 903 
5821 938 1967 1959 939 
5822 1504 1768 1769 786 
5823 2168 2169 2176 1549 
5824 1982 1003 1983 959 
5825 1224 1981 1982 1542 
5826 178 2137 999 646 
5827 797 1774 1766 790 
5828 1586 1588 1525 1666 
5829 2391 2399 2398 1586 
5830 1329 1440 1292 1660 
5831 1571 2548 2556 1540 
5832 1490 1597 1479 1627 
5833 1525 1492 1615 1666 
5834 449 442 2456 1528 
5835 1091 1158 1668 1670 
5836 1075 1621 1483 1624 
5837 1321 1269 1253 1625 
5838 1082 1014 1030 1625 
5839 1587 2334 356 1595 
5840 1486 1696 1547 1698 
5841 1115 1110 1116 1672 
5842 2560 2559 2568 540 
5843 2456 1231 2448 1398 
5844 359 1662 2328 352 
5845 1076 1148 1185 1609 
5846 2238 2237 2245 720 
5847 1122 991 1149 1550 
5848 2405 425 2413 426 
5849 996 2414 1166 434 
5850 761 1733 1741 1601 
5851 2477 2476 2485 467 
5852 34 1381 2444 1447 
5853 1357 1359 1458 1528 
5854 2322 2314 347 1695 
5855 1194 1214 1177 1581 
5856 1603 1738 1311 1241 
5857 1026 1027 1028 1548 
5858 1259 1497 1578 1603 
5859 1114 1496 1103 1636 
5860 1114 1200 1496 1612 
5861 1608 1657 1487 1701 
5862 2323 347 1324 1695 
5863 315 1409 980 1245 
5864 2416 1629 997 1055 
5865 1582 1556 1768 1504 
5866 1160 1211 1067 1667 
5867 555 2024 2025 1652 
5868 1747 248 1739 767 
5869 2404 69 2412 425 
5870 1006 293 1170 980 
5871 1073 2124 1086 1186 
5872 1119 1130 1143 1702 
5873 1091 1203 1158 1670 
5874 1023 1026 1188 1606 
5875 1284 1413 1289 1579 
5876 1427 1396 1310 1691 
5877 2192 2200 2199 1512 
5878 1004 113 114 2570 
5879 1243 40 39 2450 
5880 2087 610 2095 1626 
5881 361 2331 1695 354 
5882 1102 1513 1104 1544 
5883 1769 794 1554 787 
5884 1681 1603 1763 1578 
5885 2021 1240 2022 1568 
5886 1622 2323 1700 73 
5887 1557 1808 1816 1510 
5888 1141 1005 308 1683 
5889 330 1244 1380 1683 
5890 1160 1181 1173 1525 
5891 415 2393 2401 1661 
5892 1935 1927 1465 1644 
5893 628 1621 2109 1569 
5894 1057 1531 1501 1629 
5895 1132 1636 1108 1672 
5896 2032 2024 555 1593 
5897 1361 1388 1230 1549 
5898 1595 2309 342 2310 
5899 1045 1044 1046 1574 
5900 1296 1295 1583 1628 
5901 1392 1514 1876 1692 
5902 312 984 25 1094 
5903 1270 2023 2024 547 
5904 1075 1176 1086 1624 
5905 766 1738 1737 759 
5906 1545 2165 1386 1246 
5907 1246 2165 1706 1545 
5908 29 2302 1235 336 
5909 2172 2164 182 656 
5910 1628 2312 1236 1294 
5911 90 2424 2425 997 
5912 1523 1574 1509 1676 
5913 1174 1077 1045 1580 
5914 1289 1291 1290 1659 
5915 1739 1738 1747 767 
5916 356 2334 1587 2326 
5917 2165 2166 2173 1545 
5918 2156 2164 1339 649 
5919 1101 1544 1496 1635 
5920 838 1821 1829 1602 
5921 1342 1512 1343 1545 
5922 750 2271 1550 1215 
5923 2334 2326 357 1587 
5924 658 2174 2175 665 
5925 431 430 2410 1694 
5926 713 2238 2230 714 
5927 820 1808 1800 821 
5928 1595 1587 342 2317 
5929 1396 1441 1310 1691 
5930 422 2401 2409 1661 
5931 47 2499 2507 487 
5932 1524 1533 1296 1628 
5933 1847 265 264 998 
5934 206 205 1237 1727 
5935 1058 1080 1063 1694 
5936 1269 1267 1438 1650 
5937 1201 1054 1092 1610 
5938 1293 1440 1331 1610 
5939 30 2303 1294 337 
5940 1258 1241 1257 1603 
5941 1613 1653 1486 1696 
5942 1623 2099 1566 1705 
5943 2056 583 2057 576 
5944 1695 2331 2323 354 
5945 1204 6 86 2420 
5946 2 27 2300 1443 
5947 155 2100 2108 1621 
5948 26 1250 1333 1637 
5949 25 1094 1011 1637 
5950 820 1505 1799 1582 
5951 1077 1174 1596 1580 
5952 1001 174 175 2133 
5953 2013 115 116 1240 
5954 1362 1368 1369 1684 
5955 1336 1245 1318 1647 
5956 1553 2458 445 1692 
5957 408 2393 2385 409 
5958 266 265 1848 1069 
5959 1308 207 206 1728 
5960 1959 1960 1951 932 
5961 2418 437 430 1694 
5962 1951 1952 1960 1482 
5963 1937 1631 1466 1936 
5964 1138 1560 1009 1703 
5965 1407 1423 1311 1578 
5966 1584 2114 2106 1642 
5967 1518 1570 1356 1697 
5968 31 2304 1236 338 
5969 1612 1986 1015 1182 
5970 1052 1053 1089 1567 
5971 2164 1246 1339 649 
5972 2040 2032 2031 561 
5973 2332 1608 2333 1701 
5974 1604 1833 1825 1565 
5975 1825 842 835 1565 
5976 2168 1454 2167 652 
5977 1877 1392 1869 1463 
5978 1153 1981 1989 1224 
5979 828 1816 1565 835 
5980 128 2162 1384 655 
5981 2237 2236 2228 1630 
5982 1579 1585 1498 1658 
5983 1316 1426 1413 1579 
5984 1302 1297 1494 1695 
5985 1300 1298 1305 1645 
5986 1201 1092 1010 1610 
5987 1249 1331 1440 1610 
5988 1275 1326 1519 1655 
5989 1595 1608 1487 1701 
5990 2101 2109 2108 1621 
5991 1072 1020 1002 1604 
5992 1153 1126 1127 1515 
5993 2408 428 2416 429 
5994 1239 2310 1405 335 
5995 2310 1235 2311 1587 
5996 1112 1477 1128 1643 
5997 2475 2483 43 44 
5998 1760 785 1768 786 
5999 1168 2412 1076 1609 
6000 355 2332 2324 1608 
6001 2048 2039 2047 568 
6002 2245 2246 2238 720 
6003 558 146 2028 1622 
6004 1084 2127 2126 644 
6005 1986 956 1987 1612 
6006 2258 732 2250 731 
6007 1601 1732 1740 761 
6008 1334 1572 1397 1674 
6009 176 175 2134 1084 
6010 117 116 1323 2014 
6011 1122 1135 991 1550 
6012 2423 89 1055 435 
6013 1768 1759 1767 785 
6014 1275 1435 1330 1655 
6015 648 641 2131 1584 
6016 1463 1514 1365 1543 
6017 2375 2383 2376 400 
6018 2249 2250 2241 724 
6019 1587 1535 2334 1704 
6020 1553 2458 2466 452 
6021 2126 1569 2118 1562 
6022 1192 1140 1012 1619 
6023 1431 1251 1379 1619 
6024 1478 1558 1505 1582 
6025 2023 2031 2024 554 
6026 1412 1535 1299 1587 
6027 1594 2413 1076 1000 
6028 1180 1001 1084 1562 
6029 1213 1560 1138 1682 
6030 1158 1572 1668 1670 
6031 2027 1317 2019 1449 
6032 1078 2131 2139 1210 
6033 1486 1609 1547 1696 
6034 761 1733 1732 754 
6035 1413 1579 233 1585 
6036 1024 1023 1188 1606 
6037 2042 2050 570 1641 
6038 419 2405 1586 426 
6039 241 1705 2150 168 
6040 1719 243 1812 242 
6041 1553 2466 2458 1573 
6042 1080 2411 1694 431 
6043 2037 1622 2045 565 
6044 1123 1130 1129 1702 
6045 2384 1501 2392 1666 
6046 1536 2545 2553 1632 
6047 2190 2189 2181 1545 
6048 1045 1050 1174 1580 
6049 1569 1491 2094 1562 
6050 1111 1643 1107 1702 
6051 1361 1230 1374 1549 
6052 1057 1058 1531 1661 
6053 1901 881 1893 880 
6054 2312 1662 2320 1628 
6055 199 200 991 2280 
6056 125 126 2160 1230 
6057 1300 1305 1403 1645 
6058 1116 1127 1126 1515 
6059 1056 1057 1501 1629 
6060 1011 291 985 1671 
6061 2409 2417 429 1661 
6062 2505 2496 2504 485 
6063 67 258 1863 1696 
6064 258 1863 1819 257 
6065 2462 1528 2454 448 
6066 1487 1657 1526 1701 
6067 2540 2541 523 1540 
6068 1365 1514 1354 1543 
6069 1383 2468 2171 1551 
6070 2503 2495 2496 1476 
6071 1642 2113 633 626 
6072 2561 2553 535 1632 
6073 1234 1283 1282 1601 
6074 57 2308 1407 56 
6075 2396 2397 1547 411 
6076 280 2296 2547 1552 
6077 1289 1408 1291 1659 
6078 1520 1642 1633 1651 
6079 1849 267 266 1018 
6080 1257 208 207 1729 
6081 831 838 1580 1602 
6082 1521 1600 1592 1656 
6083 980 971 316 1461 
6084 980 1222 294 971 
6085 1319 1415 1325 1620 
6086 1663 2329 2330 1695 
6087 2216 2208 1465 2215 
6088 2032 555 2024 554 
6089 1601 1733 1282 1234 
6090 1292 1290 1291 1660 
6091 1553 1884 1692 271 
6092 2124 1086 157 1621 
6093 1043 263 264 1846 
6094 1282 205 204 1726 
6095 1953 933 1961 934 
6096 2388 1547 1696 1698 
6097 1600 2127 1084 1031 
6098 2050 2049 2041 1652 
6099 2414 426 2413 433 
6100 245 1836 1828 845 
6101 1319 1302 1415 1620 
6102 1524 1541 2344 1649 
6103 1706 1883 1875 1225 
6104 1524 2344 1541 373 
6105 1355 1354 1514 1677 
6106 1741 1601 762 1742 
6107 557 2027 2026 550 
6108 1386 2166 2165 1545 
6109 373 1541 2352 2344 
6110 405 2390 2382 406 
6111 330 1380 977 1683 
6112 193 2152 192 1635 
6113 2158 123 1386 650 
6114 2278 749 2270 748 
6115 1141 308 977 1683 
6116 1529 1522 1653 1680 
6117 2128 1600 2120 1592 
6118 1198 979 985 1671 
6119 1482 1961 1969 1612 
6120 1628 1583 2319 1589 
6121 123 1386 2157 1246 
6122 197 1007 2278 1147 
6123 1238 1332 2024 1652 
6124 812 1799 1791 813 
6125 1651 1592 639 2121 
6126 573 2045 2053 572 
6127 1560 1138 1682 1703 
6128 574 2055 2047 575 
6129 234 1579 235 1658 
6130 828 1808 1816 827 
6131 421 1629 414 2400 
6132 625 2105 2113 1651 
6133 73 1622 2323 72 
6134 1535 1595 1487 1704 
6135 1557 1565 1816 1824 
6136 1602 1837 1077 995 
6137 2378 2371 2379 1638 
6138 2238 2245 2237 1630 
6139 241 168 1623 1705 
6140 1843 1835 260 1577 
6141 982 330 977 1683 
6142 1289 1585 1408 1659 
6143 1238 1652 2024 1593 
6144 1242 1365 1418 1543 
6145 1486 1613 1696 1698 
6146 1627 2095 2103 1521 
6147 1739 1311 1731 1423 
6148 1072 1843 1851 1184 
6149 1055 2416 2415 435 
6150 2275 746 2274 753 
6151 308 982 977 1683 
6152 2365 1704 2373 1527 
6153 1543 1877 860 1463 
6154 1206 1074 1491 1569 
6155 1297 1533 1494 1695 
6156 2343 2344 2351 1649 
6157 2534 511 2526 510 
6158 2275 1146 1144 1145 
6159 1887 869 1879 868 
6160 999 2129 2128 646 
6161 1399 1412 1420 1535 
6162 2024 1593 1270 1238 
6163 1352 1347 1614 1677 
6164 574 2047 2055 1564 
6165 2493 2494 2510 1561 
6166 1687 2379 2387 1638 
6167 2276 2268 747 1100 
6168 2387 2386 410 403 
6169 2493 2510 2494 2502 
6170 1424 1387 1315 1608 
6171 1075 1086 1621 1624 
6172 83 2411 1621 84 
6173 373 1533 2345 1640 
6174 1044 995 1043 1602 
6175 133 2203 2195 1472 
6176 231 230 1722 1635 
6177 195 2154 194 1635 
6178 161 2035 2043 564 
6179 532 2558 2550 1648 
6180 2413 1000 2414 433 
6181 831 1602 1580 1675 
6182 257 1863 66 2295 
6183 1696 2294 257 66 
6184 1386 2165 2166 650 
6185 2448 1231 2456 442 
6186 2568 2560 541 1159 
6187 1385 1384 1256 1551 
6188 626 2114 2106 627 
6189 1120 1536 1118 1648 
6190 1144 2275 143 1571 
6191 615 2102 2094 616 
6192 2094 1562 615 1569 
6193 1766 1767 1774 1558 
6194 1592 2128 1031 999 
6195 1072 1577 1020 1604 
6196 431 1080 2418 1694 
6197 1995 1635 1152 986 
6198 1224 284 285 1989 
6199 210 211 1869 1463 
6200 918 1944 1936 919 
6201 893 1907 221 1485 
6202 1157 1139 1213 1560 
6203 1396 1452 1378 1560 
6204 1919 903 1927 904 
6205 1159 2561 2569 1217 
6206 2457 1398 2449 1456 
6207 2245 2237 719 720 
6208 417 410 2395 1687 
6209 2124 642 2125 635 
6210 2480 2472 2473 1573 
6211 1558 1766 1556 1506 
6212 1492 1480 1615 1649 
6213 333 966 1253 332 
6214 1250 313 1437 1671 
6215 1838 1043 1837 1602 
6216 1531 1661 1058 1694 
6217 1277 1276 1274 1674 
6218 1880 1254 1416 863 
6219 1935 917 1943 918 
6220 145 2020 2028 1622 
6221 2127 638 2128 1600 
6222 1294 2311 2312 337 
6223 194 2260 2268 1635 
6224 311 966 310 1014 
6225 190 1717 1630 226 
6226 192 2151 1630 228 
6227 1630 189 2228 2220 
6228 192 1630 2151 191 
6229 1747 249 1755 1578 
6230 1509 1557 1505 1707 
6231 1061 1066 1059 1611 
6232 1600 2112 2104 624 
6233 637 1562 1600 2126 
6234 174 2133 1073 642 
6235 2393 423 1694 2410 
6236 1639 1641 1519 1652 
6237 1367 1355 1364 1677 
6238 846 1829 1837 845 
6239 1362 1369 1551 1684 
6240 1908 1900 45 273 
6241 1900 1553 2483 272 
6242 2290 1686 46 274 
6243 2290 46 1686 47 
6244 2409 1694 423 2410 
6245 1292 1440 1293 1660 
6246 2249 2250 1550 1473 
6247 555 1652 562 1593 
6248 632 625 1651 1592 
6249 1198 985 291 1671 
6250 1218 2273 991 751 
6251 683 2194 2202 682 
6252 341 348 1608 1595 
6253 1307 1306 1321 1679 
6254 1592 2104 625 1651 
6255 2257 738 2258 731 
6256 661 2169 654 1551 
6257 1077 1836 1596 1187 
6258 1767 1556 1768 1582 
6259 1011 291 25 985 
6260 2053 2061 587 580 
6261 1296 1628 1533 1662 
6262 902 1926 1918 903 
6263 1805 817 1675 824 
6264 1612 1987 1182 986 
6265 1974 1982 1983 952 
6266 1133 1154 1219 1648 
6267 2046 2045 2054 573 
6268 2053 2045 1499 572 
6269 1049 1151 1193 1590 
6270 1633 2105 2097 1656 
6271 1498 1658 1585 1659 
6272 1825 1833 842 1565 
6273 1240 116 2014 1323 
6274 175 1001 2134 1084 
6275 2009 1571 105 2441 
6276 106 1571 2441 105 
6277 544 2020 2021 551 
6278 2064 583 2056 582 
6279 2468 2476 2477 460 
6280 740 2268 2269 747 
6281 1990 959 1982 958 
6282 212 1870 1414 861 
6283 657 2166 2165 650 
6284 1241 1259 1311 1603 
6285 1633 2105 2106 619 
6286 1493 1519 1507 1655 
6287 2561 534 2560 541 
6288 2041 2049 569 1652 
6289 1499 1620 1537 1700 
6290 563 2034 2042 1641 
6291 622 2102 2110 1562 
6292 2020 2029 2028 1622 
6293 1531 1661 415 1629 
6294 1250 1430 1429 1671 
6295 2418 1080 437 997 
6296 1766 790 783 1506 
6297 1545 2172 2165 1706 
6298 2308 1315 2309 1595 
6299 1166 87 88 2422 
6300 28 29 2302 1405 
6301 1143 1016 1133 1540 
6302 415 2393 1531 408 
6303 569 1652 562 2041 
6304 148 2044 572 1700 
6305 184 2188 183 2180 
6306 2112 2111 2120 631 
6307 2202 2194 2195 1472 
6308 1542 1965 1957 1495 
6309 458 2466 2474 1573 
6310 951 1981 1982 958 
6311 1285 1287 1288 1618 
6312 1222 1088 295 971 
6313 1327 317 971 1461 
6314 1366 1514 1392 1692 
6315 1078 1584 2130 648 
6316 2273 2265 745 1664 
6317 2188 2189 2197 1485 
6318 1632 2562 1217 1004 
6319 2458 1573 1456 1243 
6320 926 1945 1944 919 
6321 2249 2250 2257 1550 
6322 1347 1346 1344 1614 
6323 1179 1126 1003 1542 
6324 2168 1549 1454 1230 
6325 1550 2272 1215 991 
6326 1535 2343 1480 1589 
6327 1180 1491 1074 1569 
6328 201 2282 2281 752 
6329 82 2395 81 1624 
6330 2094 608 2093 615 
6331 1185 1168 1076 1609 
6332 1325 2323 1324 1620 
6333 1556 1758 1750 1506 
6334 356 2333 2325 1595 
6335 1031 1600 2128 1592 
6336 2235 137 101 2227 
6337 2411 431 2419 84 
6338 2395 1687 2402 417 
6339 1918 1917 1926 902 
6340 360 2330 2338 1663 
6341 1895 1543 1887 1697 
6342 233 1740 1732 761 
6343 1533 2336 1662 1628 
6344 1299 1587 1535 1589 
6345 202 1145 2283 1207 
6346 1087 1169 1052 1508 
6347 1031 176 177 2135 
6348 2015 117 118 1270 
6349 2532 104 2540 516 
6350 1767 792 1768 785 
6351 1759 1758 1750 1556 
6352 2497 2489 478 479 
6353 1589 2311 1294 1235 
6354 683 2195 2194 676 
6355 1891 1899 1706 219 
6356 2062 2053 2054 1490 
6357 1742 1751 1743 770 
6358 1752 778 1759 1760 
6359 1491 1479 1597 1627 
6360 769 1749 1741 1601 
6361 1134 1192 1012 1619 
6362 1251 1431 1373 1619 
6363 1255 35 2446 1393 
6364 1016 109 1154 538 
6365 1758 783 776 1506 
6366 2546 2537 2545 521 
6367 1364 1553 1366 1692 
6368 1477 1112 1121 1536 
6369 1456 2457 1398 1573 
6370 1635 231 2154 1722 
6371 1394 1448 1261 1669 
6372 653 2160 2168 652 
6373 2280 751 2272 750 
6374 648 2131 1078 1584 
6375 1348 1349 1367 1677 
6376 1964 1552 1956 1495 
6377 1542 1983 1003 1175 
6378 1486 1653 1613 1689 
6379 2551 532 2559 533 
6380 1324 1319 1620 1695 
6381 1345 1549 1614 1684 
6382 283 1980 1988 1172 
6383 1392 1876 1868 1411 
6384 450 2456 2457 1573 
6385 56 2308 1407 1443 
6386 2046 2054 2045 1490 
6387 565 2044 1499 572 
6388 1341 1246 1340 1545 
6389 1544 2260 2252 1635 
6390 2319 351 2320 344 
6391 1393 1528 2455 441 
6392 1523 1780 1781 1772 
6393 1006 1097 1079 1647 
6394 1388 1549 1361 1551 
6395 2396 1547 2397 1594 
6396 1986 1985 1978 1612 
6397 1132 1103 1105 1636 
6398 1394 1376 1377 1607 
6399 1508 1633 1520 1642 
6400 407 2392 2384 408 
6401 1120 1159 1536 1648 
6402 1394 1377 1448 1607 
6403 544 2021 2020 1312 
6404 2048 2056 1519 576 
6405 2039 2047 567 1599 
6406 449 448 2455 1528 
6407 1063 1080 1176 1624 
6408 2331 73 2323 354 
6409 1002 267 268 1850 
6410 1730 208 209 1241 
6411 1440 1610 1293 1660 
6412 880 1900 1892 1514 
6413 2202 2195 2194 683 
6414 2233 2234 2242 1473 
6415 2264 743 2272 744 
6416 1709 181 1706 1391 
6417 2415 1588 1055 996 
6418 1535 1587 1412 1595 
6419 1560 1682 1607 1703 
6420 1985 1015 1986 962 
6421 1323 1417 1270 1599 
6422 1263 1427 1262 1598 
6423 2164 1706 181 1391 
6424 1709 2141 182 1706 
6425 1845 263 262 995 
6426 204 203 1234 1725 
6427 451 2458 2457 444 
6428 1695 2321 2329 353 
6429 2546 528 2545 1632 
6430 1507 1519 1493 1639 
6431 200 751 2281 1218 
6432 126 1457 2161 653 
6433 1269 1268 1267 1650 
6434 1501 1588 1056 1629 
6435 979 1437 985 1671 
6436 1092 301 965 302 
6437 1331 324 965 323 
6438 1494 1620 1302 1695 
6439 328 1378 969 329 
6440 1139 306 969 307 
6441 1076 1594 1148 1609 
6442 2393 2402 2410 1694 
6443 1921 1922 1929 1631 
6444 1936 1929 1928 912 
6445 525 2551 2543 526 
6446 997 1058 1661 1694 
6447 2268 2260 2261 1544 
6448 985 313 1250 1671 
6449 957 1981 1980 950 
6450 1449 2027 1317 1585 
6451 1326 1291 1408 1507 
6452 2416 2407 2408 1629 
6453 640 633 1642 1651 
6454 2211 2203 2210 690 
6455 1587 2334 1535 364 
6456 1987 1182 1986 1612 
6457 1488 1580 1675 1705 
6458 1465 1927 1919 1489 
6459 365 2335 2343 364 
6460 1530 1658 1498 1659 
6461 2479 2471 455 462 
6462 2169 2176 2177 660 
6463 1247 318 319 974 
6464 1382 1372 1255 1539 
6465 296 297 974 1008 
6466 2536 1477 2537 1536 
6467 2536 519 2535 1536 
6468 2311 1235 2310 336 
6469 2504 2511 2512 491 
6470 1297 1296 1533 1662 
6471 2454 1528 441 448 
6472 1585 2042 2034 1641 
6473 196 1100 2277 1007 
6474 122 1339 1246 649 
6475 1878 1543 1463 1242 
6476 286 1003 1991 1175 
6477 986 1612 1987 1635 
6478 681 2201 2193 682 
6479 139 2251 725 1473 
6480 1654 1658 1530 1659 
6481 2489 2497 2496 1476 
6482 128 1384 2162 1256 
6483 1017 202 1145 753 
6484 2556 1540 1144 1571 
6485 1588 996 2414 1586 
6486 2392 1629 414 1588 
6487 1011 1191 1198 1671 
6488 723 2249 2241 724 
6489 244 1828 1820 838 
6490 445 1692 2458 1243 
6491 1242 1878 1543 1697 
6492 1251 325 326 976 
6493 1430 1337 1304 1538 
6494 1098 1191 1065 1538 
6495 2393 2410 2402 423 
6496 2392 415 1501 408 
6497 297 298 981 1096 
6498 304 303 1012 976 
6499 2311 2319 2312 344 
6500 2285 269 1853 1692 
6501 2285 1853 270 1692 
6502 878 1897 1906 885 
6503 1310 1267 1265 1691 
6504 1661 997 2416 1629 
6505 1104 1513 1102 1550 
6506 316 315 980 1245 
6507 1335 319 320 981 
6508 1348 1347 1677 1678 
6509 1360 1553 1462 1573 
6510 1006 294 293 980 
6511 1055 1588 2416 1629 
6512 1896 1518 1897 884 
6513 1881 870 1880 1570 
6514 2223 2216 2215 701 
6515 2207 2215 2208 694 
6516 2458 2450 445 1243 
6517 2035 2034 2042 564 
6518 1404 1254 1433 1570 
6519 1334 1335 1397 1572 
6520 1095 1158 1096 1572 
6521 2064 2056 583 1575 
6522 1441 1380 1244 1683 
6523 1141 1202 1005 1683 
6524 1125 1127 1552 1693 
6525 1346 1348 1350 1678 
6526 2333 2341 2340 1701 
6527 2164 656 2165 649 
6528 1399 1450 1299 1535 
6529 1079 1064 1156 1685 
6530 1393 36 2447 1231 
6531 992 110 2566 1154 
6532 399 2374 2382 398 
6533 1425 1325 1312 1622 
6534 2131 172 2123 641 
6535 2505 2498 2497 486 
6536 1033 1087 1036 1520 
6537 1758 1766 783 1506 
6538 2049 1639 2050 577 
6539 1339 1246 2164 1706 
6540 1635 2268 2276 1100 
6541 639 1592 1651 2128 
6542 1284 1579 1498 1601 
6543 1881 1254 1880 863 
6544 2126 636 2125 643 
6545 706 2230 2222 707 
6546 1526 1795 1787 1529 
6547 996 2415 2414 434 
6548 1497 1526 1657 1681 
6549 1057 997 1058 1661 
6550 1508 2098 1566 1633 
6551 2342 2350 1535 371 
6552 2537 1477 2536 513 
6553 1929 906 1921 905 
6554 1628 1533 2336 1524 
6555 1250 985 26 313 
6556 1314 1499 1313 1622 
6557 1807 826 1815 827 
6558 2026 1585 2034 1641 
6559 1587 2310 343 2311 
6560 1355 1349 1354 1677 
6561 2409 429 2417 430 
6562 527 2552 2553 534 
6563 2131 172 173 1596 
6564 1836 246 245 1596 
6565 871 1882 872 1699 
6566 1463 1543 1878 860 
6567 1542 1982 1224 1003 
6568 809 1787 1795 1529 
6569 2535 2534 2543 518 
6570 1596 1174 1077 1187 
6571 2423 89 88 996 
6572 2303 29 30 1235 
6573 1270 1271 1238 1593 
6574 2411 424 1694 431 
6575 1906 1890 1898 879 
6576 1878 1879 1887 1697 
6577 2298 1866 55 1693 
6578 2298 54 1866 1693 
6579 2476 467 2477 460 
6580 1599 2030 560 553 
6581 200 751 1218 991 
6582 1457 126 1230 653 
6583 556 1641 1652 2026 
6584 1149 1122 1550 1664 
6585 1275 1326 1272 1519 
6586 2309 1595 1315 1239 
6587 2021 1568 2020 1312 
6588 2125 2124 2117 1569 
6589 1144 1702 1146 1571 
6590 553 2022 1563 2030 
6591 2487 2480 2479 470 
6592 1541 2368 2376 394 
6593 2169 1549 1388 1551 
6594 2343 2335 1587 364 
6595 1418 1242 1543 1697 
6596 2553 2561 1536 1632 
6597 1490 1479 1564 1627 
6598 640 2130 2129 1651 
6599 1150 1581 1194 1612 
6600 1032 1031 999 1592 
6601 192 228 229 1720 
6602 1887 1543 1895 875 
6603 1761 1504 1753 1554 
6604 1983 1003 1982 1542 
6605 209 1311 1730 1241 
6606 268 1072 1002 858 
6607 1646 1663 2347 1620 
6608 74 2339 2331 1700 
6609 1341 1512 1343 1549 
6610 615 2093 1569 2101 
6611 1513 2246 2245 1544 
6612 465 2482 2474 466 
6613 1584 2122 641 634 
6614 552 2022 2030 1563 
6615 1953 1630 1962 1482 
6616 991 2272 2273 1664 
6617 1259 1578 1311 1603 
6618 1264 1265 1266 1690 
6619 1345 1614 1346 1684 
6620 1986 1182 1987 963 
6621 1986 1015 1985 1612 
6622 1234 754 203 1316 
6623 262 1077 1845 995 
6624 2012 1312 115 544 
6625 1073 2132 2124 1186 
6626 565 2044 2036 1622 
6627 120 2017 1233 549 
6628 1339 1439 1340 1706 
6629 738 2258 2266 1664 
6630 2187 2468 2179 95 
6631 218 872 1883 1699 
6632 342 1587 1595 2310 
6633 1108 1107 1109 1643 
6634 2167 1386 2159 1454 
6635 1147 2271 2279 1215 
6636 736 2256 2264 1550 
6637 1577 1843 851 1842 
6638 1983 960 1175 1581 
6639 2261 2262 2254 734 
6640 1519 1639 1507 1641 
6641 1694 997 2418 437 
6642 346 2314 2313 339 
6643 1575 2056 1593 1511 
6644 2481 2480 2473 1573 
6645 1206 1074 1039 1491 
6646 1525 1173 1586 1594 
6647 1569 2125 1073 1001 
6648 1407 1424 1315 1608 
6649 1292 1291 1328 1660 
6650 234 1585 1579 1658 
6651 1511 2056 1626 1575 
6652 1747 1746 774 767 
6653 2558 1154 992 2566 
6654 1954 1962 935 934 
6655 143 2275 142 1571 
6656 1200 1496 1612 1635 
6657 1507 1641 1639 1654 
6658 227 169 1719 2151 
6659 170 228 1719 2151 
6660 1398 2457 2456 1573 
6661 238 1780 1772 796 
6662 95 130 2179 131 
6663 996 2414 2415 1588 
6664 1579 1658 1498 1673 
6665 87 86 2421 1000 
6666 27 28 2301 1239 
6667 2245 727 2246 720 
6668 2532 516 2525 509 
6669 442 2447 2455 441 
6670 2567 2559 540 992 
6671 1962 1630 1953 1954 
6672 1333 26 984 333 
6673 1594 2404 2412 425 
6674 985 1437 313 1671 
6675 2529 513 2537 514 
6676 2426 438 2418 437 
6677 340 2306 2314 339 
6678 1178 1084 1031 1600 
6679 2193 2186 2185 675 
6680 673 2192 2184 674 
6681 1639 2050 2058 1654 
6682 91 1080 437 2426 
6683 2306 32 2305 339 
6684 1297 1236 1296 1662 
6685 1653 1802 1794 1680 
6686 745 2265 2273 744 
6687 1413 1449 1317 1585 
6688 353 2321 2322 1695 
6689 2237 2238 2229 713 
6690 1445 1313 1314 1499 
6691 537 1142 2556 1540 
6692 1586 2414 1000 1166 
6693 1499 1568 1313 1622 
6694 620 2099 1566 613 
6695 309 1083 310 964 
6696 1436 1385 1256 1551 
6697 994 1651 2130 1642 
6698 1322 332 964 331 
6699 89 90 1055 2424 
6700 2304 30 31 1294 
6701 1364 1553 1360 1677 
6702 1904 884 1896 883 
6703 991 1550 2272 1664 
6704 1078 2131 1596 1584 
6705 185 221 1485 1631 
6706 523 2540 2548 105 
6707 1575 2057 2065 1639 
6708 2253 2254 2261 1544 
6709 2206 1631 2207 2214 
6710 2215 2214 2223 700 
6711 2566 2558 1154 538 
6712 2460 2452 2468 94 
6713 1663 2354 2353 1640 
6714 1425 1312 2020 1622 
6715 1526 1787 1795 254 
6716 418 2404 1594 425 
6717 1416 214 863 1254 
6718 288 1177 1993 1015 
6719 1245 980 316 1461 
6720 1905 891 1913 892 
6721 2126 1001 2125 1569 
6722 2022 1240 2021 545 
6723 1364 1243 1553 1692 
6724 1239 2309 2310 335 
6725 1284 1234 1316 1601 
6726 1927 1934 1935 910 
6727 294 1006 1222 980 
6728 1236 1662 2312 1628 
6729 536 2562 535 1632 
6730 1308 206 1237 757 
6731 1069 265 855 998 
6732 564 2035 2034 557 
6733 2238 2239 2247 1513 
6734 2277 748 2269 747 
6735 1246 2157 122 649 
6736 1308 207 1729 1257 
6737 1018 266 856 1069 
6738 1778 801 1616 1529 
6739 1822 1830 1831 840 
6740 1832 1823 1831 841 
6741 1878 1697 1886 1543 
6742 1340 1545 1246 1706 
6743 1981 1974 1973 951 
6744 1524 1583 2336 1628 
6745 1045 1574 1580 1602 
6746 1456 2457 2458 444 
6747 1114 1612 1496 1636 
6748 1094 1068 1011 1637 
6749 1333 1250 1307 1637 
6750 1507 1585 1654 1659 
6751 1521 2096 1626 2095 
6752 1595 1239 2310 1587 
6753 1282 205 1727 1237 
6754 264 1043 1847 998 
6755 1722 230 194 1635 
6756 1248 327 328 975 
6757 1154 109 2566 538 
6758 441 2446 2454 440 
6759 1323 117 2015 1270 
6760 176 1084 2135 1031 
6761 1574 1509 1049 1605 
6762 305 306 975 1009 
6763 2267 2259 141 1571 
6764 1319 1302 1620 1695 
6765 1076 1000 1148 1594 
6766 418 2397 2405 1594 
6767 169 2151 170 1705 
6768 2313 1695 2321 1662 
6769 1381 34 2445 1255 
6770 108 1142 2565 1016 
6771 2219 704 2227 136 
6772 99 2434 1561 135 
6773 1561 134 2002 98 
6774 1473 2235 2516 1561 
6775 1544 2268 2260 1635 
6776 1002 1020 1019 1604 
6777 2406 426 2414 427 
6778 1236 2312 2313 338 
6779 2416 2417 2424 997 
6780 1613 1803 256 255 
6781 888 1910 1902 889 
6782 326 327 1375 972 
6783 236 1756 1764 1658 
6784 1644 279 2539 1552 
6785 2538 2529 2537 514 
6786 323 1249 322 967 
6787 1873 863 214 1254 
6788 1993 962 1985 961 
6789 186 223 222 1631 
6790 224 188 1939 1631 
6791 189 188 1939 2148 
6792 2212 188 2147 1631 
6793 1342 1343 1512 1614 
6794 1558 1767 1775 1582 
6795 818 1798 1676 811 
6796 301 967 300 1010 
6797 2190 678 2197 2198 
6798 1316 1724 1732 754 
6799 1844 1077 1836 852 
6800 1921 1631 1920 1518 
6801 305 972 304 1136 
6802 178 177 2136 999 
6803 1238 119 118 2016 
6804 991 1149 1550 1664 
6805 1773 1781 1772 1673 
6806 787 1761 1769 786 
6807 1518 1543 1352 1677 
6808 244 1720 243 1596 
6809 1800 820 813 1582 
6810 96 2476 2468 460 
6811 1013 298 983 299 
6812 1351 1573 1359 1678 
6813 2526 2534 2527 511 
6814 1505 1047 1163 1212 
6815 1252 320 321 983 
6816 1492 1649 1615 1666 
6817 1462 1553 1243 1573 
6818 1346 1678 1350 1684 
6819 1897 1518 1896 1570 
6820 1469 1615 1535 1704 
6821 268 23 1184 1851 
6822 209 19 1731 1423 
6823 1302 1319 1297 1695 
6824 1412 1399 1299 1535 
6825 1045 1077 995 1602 
6826 1587 2310 1235 1405 
6827 526 2544 2552 1536 
6828 1977 1978 948 955 
6829 1985 1977 1978 1612 
6830 1658 2043 2051 162 
6831 1814 832 1813 1822 
6832 1497 1603 1554 1681 
6833 1039 1491 1180 1562 
6834 1581 1175 1179 1214 
6835 269 1227 1411 1692 
6836 1581 1985 1177 1015 
6837 1666 1586 2382 1615 
6838 468 2477 2485 467 
6839 1115 1116 1515 1672 
6840 2545 2553 2544 1536 
6841 170 2107 2115 627 
6842 1351 1348 1367 1678 
6843 1124 1536 1159 1632 
6844 1056 1055 1057 1629 
6845 1265 1427 1310 1691 
6846 2568 2559 992 540 
6847 1239 2310 2309 1595 
6848 2125 1001 2126 643 
6849 1057 1629 997 1661 
6850 1350 1678 1357 1684 
6851 997 1080 1058 1694 
6852 1413 1408 1289 1585 
6853 940 1968 1960 1482 
6854 1381 439 2452 1539 
6855 1099 299 968 300 
6856 2517 2509 2510 1561 
6857 2351 2344 2352 1649 
6858 2214 2215 2207 693 
6859 1706 183 1899 1485 
6860 220 886 1899 1485 
6861 2390 2382 2391 1586 
6862 2382 2389 1594 2390 
6863 322 1338 321 968 
6864 2166 2173 2174 657 
6865 1000 1594 2414 1586 
6866 1017 201 2281 1218 
6867 2161 2169 653 1457 
6868 2332 362 2333 355 
6869 1350 1351 1357 1678 
6870 1039 1074 1180 1491 
6871 725 2250 2242 1473 
6872 2130 1642 1078 994 
6873 1057 1055 997 1629 
6874 215 1873 1421 864 
6875 289 1015 1994 1182 
6876 2224 2232 2225 709 
6877 1448 1263 1260 1669 
6878 1759 1766 1767 784 
6879 1635 1630 1963 228 
6880 2162 654 127 1256 
6881 2282 2274 753 1017 
6882 2157 649 2165 650 
6883 1007 197 748 2277 
6884 2457 2458 2465 1573 
6885 1398 2456 2457 443 
6886 2195 132 2187 676 
6887 1594 1586 2382 2390 
6888 1465 2215 2207 1631 
6889 422 429 1629 1661 
6890 330 1244 982 331 
6891 397 2381 2373 398 
6892 2381 404 2389 405 
6893 1841 1604 850 1842 
6894 1312 115 2013 1240 
6895 174 1073 2133 1001 
6896 2240 2248 2249 723 
6897 1005 308 982 309 
6898 2274 2266 2267 1571 
6899 1371 1342 1485 1614 
6900 2394 2386 2393 409 
6901 2225 2232 2233 709 
6902 494 2506 2514 493 
6903 1358 1357 1484 1684 
6904 1296 1294 1295 1628 
6905 2115 2107 1584 627 
6906 1356 1543 1518 1697 
6907 882 1903 1902 1543 
6908 283 1172 988 1693 
6909 1488 1675 1623 1705 
6910 171 2115 2123 634 
6911 43 2286 1692 42 
6912 1692 270 1854 271 
6913 1001 1569 2126 1562 
6914 878 1897 1889 1570 
6915 1700 1499 2053 1597 
6916 246 2154 231 1722 
6917 431 2418 430 1694 
6918 1294 1296 1236 1628 
6919 1980 1515 1153 1693 
6920 2200 2193 2192 681 
6921 525 2543 2551 1648 
6922 1710 219 1706 183 
6923 1710 1706 219 218 
6924 1700 2053 1499 572 
6925 1209 1213 1138 1682 
6926 2104 1521 624 617 
6927 1596 2131 1078 1210 
6928 1499 2044 1700 572 
6929 626 2106 2114 1642 
6930 1633 2106 2105 1642 
6931 1580 1584 1174 1596 
6932 2162 654 2170 655 
6933 202 1017 2282 753 
6934 1115 1542 1117 1672 
6935 245 246 1722 1596 
6936 2154 173 172 1596 
6937 343 1589 1587 2311 
6938 874 1885 1893 873 
6939 1500 1633 1575 1656 
6940 1205 1509 1049 1046 
6941 1596 1836 1077 1580 
6942 1369 1368 1358 1684 
6943 2512 1644 2520 1477 
6944 1353 1699 1485 1706 
6945 2379 2387 2378 1687 
6946 1641 2026 1317 1233 
6947 2506 2514 2513 1644 
6948 1693 1552 1972 1515 
6949 1766 1774 1767 791 
6950 1177 1985 1984 961 
6951 2038 2030 1599 1563 
6952 1983 953 960 1581 
6953 2373 2389 2382 405 
6954 1551 2186 2193 1472 
6955 1961 1482 1962 1612 
6956 520 2545 2537 521 
6957 1314 1313 1312 1622 
6958 2344 1583 2343 365 
6959 1880 1254 1881 1570 
6960 1693 53 1865 281 
6961 259 1865 53 281 
6962 979 291 1198 985 
6963 2352 379 2360 380 
6964 1144 1146 1702 1130 
6965 1367 1677 1360 1678 
6966 2334 357 364 1587 
6967 2334 1595 2333 356 
6968 455 2479 2470 1484 
6969 1240 1419 1563 1568 
6970 1341 1343 1512 1545 
6971 2567 540 2559 539 
6972 2480 464 2472 463 
6973 1594 2389 1525 1698 
6974 1287 1432 1288 1618 
6975 1159 2560 1536 1648 
6976 2130 994 2129 1651 
6977 2186 2185 2178 1551 
6978 184 183 2188 1485 
6979 455 2470 2479 462 
6980 1078 1169 994 1642 
6981 1927 1928 1919 904 
6982 1740 1741 761 768 
6983 1323 1563 1417 1599 
6984 1389 1518 1485 1570 
6985 1921 1922 1913 899 
6986 1638 155 2092 154 
6987 154 2100 2092 614 
6988 2540 2532 2541 1502 
6989 578 2050 2058 577 
6990 1962 1961 1953 1482 
6991 1121 1536 1124 1632 
6992 1950 1958 1957 1542 
6993 622 2101 615 1569 
6994 2092 2101 1621 1569 
6995 1812 243 1820 831 
6996 2489 2488 478 471 
6997 1476 2481 2482 1573 
6998 1126 1515 1224 1542 
6999 1113 1110 1115 1672 
7000 1488 1584 1580 1705 
7001 1155 1022 1209 1682 
7002 1466 1944 1937 1936 
7003 25 984 311 1094 
7004 1585 1658 1654 1659 
7005 207 1728 1729 758 
7006 1841 1849 856 1018 
7007 1355 1514 1366 1553 
7008 1761 780 787 1554 
7009 618 2105 2097 619 
7010 2532 2541 2525 516 
7011 1477 2538 2546 1552 
7012 149 2052 2060 1537 
7013 1050 1169 1174 1584 
7014 610 2088 1626 603 
7015 850 1841 1842 857 
7016 767 1739 1738 760 
7017 1241 1258 1259 1603 
7018 2064 589 582 1626 
7019 2315 1325 1229 71 
7020 1472 2193 1551 1549 
7021 1491 1569 2092 1638 
7022 669 2179 2187 1551 
7023 2336 359 1533 1662 
7024 1608 348 341 2316 
7025 545 2013 2021 544 
7026 2133 643 2125 642 
7027 1632 1217 2562 542 
7028 430 2417 1694 437 
7029 854 1830 1839 1043 
7030 205 1726 1727 756 
7031 1848 1069 855 1840 
7032 765 1737 1736 758 
7033 2565 538 2557 537 
7034 440 2445 2453 439 
7035 1484 2495 2496 2487 
7036 1139 1009 1138 1560 
7037 1378 1377 1248 1560 
7038 1296 1236 1628 1662 
7039 1169 1584 1508 1642 
7040 870 1881 871 1570 
7041 637 2126 2127 644 
7042 1323 2023 2022 1563 
7043 1608 2308 341 1595 
7044 435 2424 2416 436 
7045 2304 337 2312 338 
7046 1250 1437 1430 1671 
7047 1315 27 2301 1239 
7048 86 1076 2421 1000 
7049 1037 1034 1196 1668 
7050 1878 1879 1870 861 
7051 1990 959 286 1003 
7052 762 1734 1733 755 
7053 1837 845 1580 852 
7054 569 2049 1519 1652 
7055 556 1641 2033 1652 
7056 1449 11 121 2019 
7057 2139 15 180 1210 
7058 1177 960 1581 1214 
7059 213 1416 1871 1414 
7060 1920 1919 1928 904 
7061 315 978 1409 314 
7062 1130 1119 1129 1702 
7063 2125 2117 2124 635 
7064 2445 35 440 1255 
7065 109 1016 2565 538 
7066 1317 1233 1408 1641 
7067 1706 1875 1883 217 
7068 2158 650 2166 651 
7069 1147 2279 2271 749 
7070 1115 1515 1126 1542 
7071 854 1838 1830 1043 
7072 1282 763 756 1734 
7073 1170 293 292 978 
7074 2026 1233 2025 549 
7075 2024 1593 2031 1599 
7076 1507 1585 1408 1641 
7077 759 1257 208 1241 
7078 267 1018 1850 1002 
7079 2535 2534 2527 1502 
7080 1675 1812 1580 831 
7081 1675 1804 1812 824 
7082 1275 1328 1326 1655 
7083 1649 2376 2367 1666 
7084 1697 1887 1886 1543 
7085 1906 1898 1890 1570 
7086 1315 2300 2308 334 
7087 1076 1204 86 432 
7088 1133 1540 1154 1648 
7089 1473 2250 2251 725 
7090 1473 2251 2007 139 
7091 2088 1626 2096 610 
7092 295 1189 296 973 
7093 81 1624 2387 1638 
7094 794 1770 1762 787 
7095 1029 1028 1027 1548 
7096 1663 2337 2345 367 
7097 1428 318 973 317 
7098 1343 1614 1549 1512 
7099 1657 59 2288 60 
7100 251 1856 1657 250 
7101 1353 1485 1342 1545 
7102 1770 1778 795 794 
7103 1770 1762 788 1681 
7104 1458 1528 1393 1539 
7105 1874 864 215 1421 
7106 1994 963 1986 962 
7107 2374 2382 2375 399 
7108 1180 1562 1491 1569 
7109 1578 1603 1497 1681 
7110 1971 1979 1978 1612 
7111 2160 125 1454 652 
7112 2280 199 750 1215 
7113 2310 343 2311 336 
7114 2414 1000 2413 1594 
7115 628 2109 2117 1569 
7116 392 2375 2374 1615 
7117 2282 753 2274 752 
7118 1621 1624 2419 2411 
7119 1694 2418 997 1080 
7120 2419 84 1621 2411 
7121 2152 193 229 1635 
7122 2538 2531 2530 515 
7123 1706 1899 183 219 
7124 1373 324 325 970 
7125 1049 1193 1048 1605 
7126 2116 157 2124 635 
7127 170 2152 171 1596 
7128 204 1282 1725 1234 
7129 1043 263 853 995 
7130 2320 351 2319 1628 
7131 303 302 1134 970 
7132 449 2463 448 1528 
7133 419 2398 2406 1586 
7134 1568 2038 2045 1563 
7135 1966 1958 1957 937 
7136 2479 1484 2480 2487 
7137 1531 2385 401 408 
7138 2376 2384 1501 401 
7139 284 1153 1172 1988 
7140 1411 210 1868 1392 
7141 1739 1747 1738 1603 
7142 1029 1160 1082 1667 
7143 2337 366 2345 367 
7144 1166 1173 1000 1586 
7145 1979 230 1987 1635 
7146 1870 1879 1414 861 
7147 528 2554 2546 529 
7148 1694 2409 2417 430 
7149 546 2014 2022 545 
7150 2134 644 2126 643 
7151 358 365 2335 1583 
7152 2449 1398 2457 443 
7153 1159 2569 2561 541 
7154 1313 1240 1312 1568 
7155 2266 2267 2258 739 
7156 1384 128 655 2163 
7157 1284 1316 1579 1601 
7158 427 2414 2415 434 
7159 890 1911 1912 897 
7160 1351 1360 1573 1678 
7161 954 1984 1985 961 
7162 2321 2322 2313 346 
7163 1530 1764 1772 1673 
7164 1357 1458 1484 1528 
7165 1651 2129 999 1093 
7166 1243 1410 40 445 
7167 1004 114 1171 543 
7168 271 1553 43 1692 
7169 2198 2205 2206 685 
7170 1358 1484 1357 1539 
7171 2110 2118 2117 1569 
7172 372 2352 2344 373 
7173 172 194 1722 245 
7174 1194 1581 1015 1612 
7175 1804 1796 817 1675 
7176 713 2237 2238 720 
7177 2237 2228 2236 712 
7178 410 2394 2386 1687 
7179 924 1951 1943 925 
7180 1913 898 1921 899 
7181 2393 2401 423 416 
7182 2413 425 2412 432 
7183 2308 341 2309 334 
7184 1950 1942 1482 1644 
7185 2231 708 2223 707 
7186 553 2023 2031 1599 
7187 2387 1638 1624 1687 
7188 2318 1587 350 2326 
7189 1366 1459 1370 1692 
7190 32 1319 2305 1236 
7191 241 1796 1623 240 
7192 1981 1973 1974 1542 
7193 640 2129 2130 647 
7194 2313 2314 2322 1695 
7195 1353 1570 1485 1699 
7196 2116 2124 157 1621 
7197 2093 2101 615 614 
7198 1696 1609 1835 1577 
7199 1699 1421 1570 864 
7200 428 2415 2416 435 
7201 344 2312 2311 337 
7202 1387 1595 1315 1608 
7203 555 2025 2024 548 
7204 1663 2353 2354 374 
7205 1222 295 294 971 
7206 317 316 971 1461 
7207 1063 1156 1064 1685 
7208 1270 2024 2023 1599 
7209 2128 1031 2127 1600 
7210 1393 441 36 2446 
7211 538 2566 2558 539 
7212 1587 1589 343 2318 
7213 1463 1877 1514 1543 
7214 1408 1413 1317 1585 
7215 216 1225 1874 1421 
7216 290 986 963 1995 
7217 1145 143 2283 1207 
7218 2020 2021 2029 1568 
7219 164 2067 1530 165 
7220 1652 2025 1233 1332 
7221 1954 928 1946 927 
7222 1315 1387 1239 1595 
7223 329 977 330 1380 
7224 1078 1174 1596 1210 
7225 533 2559 2560 540 
7226 2416 2424 2417 436 
7227 2306 2314 2305 1319 
7228 1148 1594 1547 1609 
7229 308 307 1141 977 
7230 121 1317 2018 1233 
7231 1078 180 2138 994 
7232 2338 2346 367 1663 
7233 429 2416 2417 436 
7234 1566 2075 1530 1654 
7235 1197 1149 1017 1664 
7236 1239 1412 1405 1587 
7237 1073 1086 2124 1621 
7238 1131 1220 1127 1693 
7239 1270 1271 1593 1599 
7240 1902 1903 1910 1489 
7241 1775 1767 1774 791 
7242 692 2214 2206 693 
7243 1914 893 1906 892 
7244 1594 2404 2396 1609 
7245 2214 699 2222 700 
7246 1231 442 37 2447 
7247 992 2567 111 540 
7248 2093 607 2092 614 
7249 863 1872 1880 862 
7250 1911 1920 1465 1518 
7251 1072 268 1851 858 
7252 1731 760 209 1311 
7253 1734 1601 762 1733 
7254 1080 1085 1086 1624 
7255 2550 2549 531 524 
7256 1712 1658 235 236 
7257 1712 235 1658 162 
7258 2029 2021 552 1568 
7259 1087 1169 1508 1642 
7260 486 2497 2505 485 
7261 1633 2097 2105 619 
7262 1520 1592 1033 1651 
7263 1771 1779 795 1681 
7264 1236 2314 2313 1695 
7265 252 1779 1526 253 
7266 1315 2308 2300 1443 
7267 2420 86 1204 432 
7268 229 1979 1971 1635 
7269 979 985 1437 313 
7270 1912 891 898 1518 
7271 1911 896 1919 897 
7272 530 2556 2548 1540 
7273 1179 1117 1542 1581 
7274 2548 106 105 1571 
7275 1913 898 891 1518 
7276 2468 2477 2476 1472 
7277 2454 1539 1255 1393 
7278 1004 1223 1124 1632 
7279 1769 1768 1777 793 
7280 124 2158 2159 651 
7281 741 2269 2270 748 
7282 637 2127 1600 2119 
7283 1964 1956 1552 280 
7284 2366 2373 2365 1704 
7285 1695 2323 2331 1620 
7286 874 1886 875 1543 
7287 53 1552 281 1693 
7288 2542 2550 2549 1540 
7289 996 1060 1166 1586 
7290 2188 670 2189 1545 
7291 543 2571 2563 55 
7292 2451 445 2459 41 
7293 1078 2139 2131 648 
7294 2019 1317 2027 550 
7295 1829 1580 1837 845 
7296 1692 2451 41 1227 
7297 2257 2272 2264 1550 
7298 1196 1158 1037 1668 
7299 29 1235 2302 1405 
7300 1166 88 996 434 
7301 1284 1283 1234 1601 
7302 363 2342 2334 364 
7303 2257 2264 2272 744 
7304 7 92 2427 1085 
7305 33 3 2307 1324 
7306 1789 804 1781 803 
7307 2248 1550 2247 1513 
7308 2471 2463 456 1528 
7309 1663 2330 2329 360 
7310 246 1844 1836 852 
7311 1724 232 1732 754 
7312 1499 1622 1620 1700 
7313 1236 1695 2313 1662 
7314 2305 338 2313 339 
7315 1776 1777 1768 793 
7316 343 2311 2319 1589 
7317 994 179 180 2138 
7318 2018 120 121 1233 
7319 1745 1737 1603 1257 
7320 1833 1834 843 850 
7321 2483 1553 1900 1686 
7322 1417 1271 1270 1599 
7323 1874 864 1882 865 
7324 1182 290 963 1994 
7325 1507 1654 1493 1659 
7326 1153 1515 1127 1693 
7327 456 2463 2471 455 
7328 1004 2562 2563 1632 
7329 809 1795 1787 254 
7330 2104 2096 618 1656 
7331 2532 2525 2541 1502 
7332 1963 1630 1635 1496 
7333 763 1743 1735 764 
7334 1831 848 1839 998 
7335 2407 2415 427 1588 
7336 930 1958 1950 931 
7337 1950 1957 1958 930 
7338 1871 212 1414 861 
7339 1991 960 287 1175 
7340 1871 861 1879 862 
7341 1991 960 1983 959 
7342 1272 1593 1519 1652 
7343 1829 838 1580 845 
7344 2187 1551 2468 1472 
7345 627 1584 2106 620 
7346 1633 2098 2106 1508 
7347 1072 1851 1843 858 
7348 1731 1311 1739 760 
7349 2239 2231 715 1513 
7350 1384 2171 655 1551 
7351 1694 2411 2403 424 
7352 1737 1736 1400 765 
7353 848 1832 1840 1069 
7354 65 2372 1613 64 
7355 2094 2086 609 1627 
7356 609 2095 616 1627 
7357 1317 2026 2027 550 
7358 641 2130 1584 648 
7359 2026 2027 2035 1585 
7360 2169 2177 2176 1549 
7361 1587 349 356 2326 
7362 792 1767 1775 791 
7363 2172 2188 1545 2180 
7364 1472 2186 2187 1551 
7365 111 2568 992 540 
7366 443 2448 2456 442 
7367 988 1693 2563 55 
7368 2529 2537 513 1477 
7369 1282 1733 1734 755 
7370 1830 1838 854 847 
7371 1800 1510 1478 1582 
7372 1557 1815 1807 1707 
7373 1235 1295 1294 1589 
7374 2413 1594 426 2414 
7375 1570 1888 1880 1697 
7376 1227 1370 1459 1692 
7377 1227 1410 1370 1692 
7378 1491 1638 2085 1597 
7379 2183 2191 672 1512 
7380 2480 2481 2488 1476 
7381 879 1899 886 1485 
7382 2560 2551 2559 533 
7383 291 1198 292 979 
7384 2314 347 1319 340 
7385 2160 1454 125 1230 
7386 2280 991 199 1215 
7387 1177 1984 1985 1581 
7388 960 953 1984 1581 
7389 2231 1513 2238 2230 
7390 2239 715 722 1513 
7391 1834 1826 844 1604 
7392 2130 2122 1584 1642 
7393 1045 995 1044 1602 
7394 2450 39 1456 444 
7395 113 2570 1217 542 
7396 2207 2215 2214 1631 
7397 1512 2206 2199 2198 
7398 1437 314 979 313 
7399 1078 1174 1169 1584 
7400 342 2310 2309 335 
7401 562 2032 2040 561 
7402 414 407 2392 1666 
7403 561 2032 2031 554 
7404 345 2313 2312 338 
7405 2469 2460 2461 1539 
7406 2525 2517 2516 502 
7407 1312 1325 1314 1622 
7408 1405 1299 1235 1587 
7409 1906 1898 878 885 
7410 1882 871 864 1699 
7411 2469 2461 2460 453 
7412 1045 1580 1077 1602 
7413 996 1055 1056 1588 
7414 1398 1528 1359 1573 
7415 624 2111 2112 631 
7416 944 1965 1973 943 
7417 1967 1975 1974 1542 
7418 1305 1306 1307 1679 
7419 1596 1174 1078 1584 
7420 358 2336 2328 359 
7421 1270 118 2016 1238 
7422 177 1031 2136 999 
7423 1500 1520 1508 1633 
7424 1131 1171 988 1693 
7425 988 1220 1131 1693 
7426 640 2129 2121 1651 
7427 2173 2181 663 1545 
7428 722 715 2240 1513 
7429 1111 1502 1643 1702 
7430 1561 2201 2200 2209 
7431 679 2198 2199 686 
7432 1408 1326 1507 1641 
7433 1639 2058 2050 577 
7434 269 1411 1876 1692 
7435 638 2127 2119 1600 
7436 556 2033 1641 563 
7437 1416 863 214 1872 
7438 1880 1872 863 1416 
7439 1992 961 288 1177 
7440 2174 2182 2173 1545 
7441 1118 1502 1540 1648 
7442 158 1086 2124 1186 
7443 1239 1405 28 335 
7444 87 1000 2422 1166 
7445 239 1715 1530 166 
7446 1103 1496 1544 1636 
7447 170 1720 192 2152 
7448 607 2093 2085 608 
7449 31 1236 2304 1294 
7450 997 90 2424 1055 
7451 402 2377 2385 401 
7452 522 2539 2538 515 
7453 1238 1652 1272 1332 
7454 2062 2054 2053 580 
7455 134 1472 98 1561 
7456 1620 2339 2331 361 
7457 2103 2095 617 1521 
7458 639 2128 2120 1592 
7459 134 2203 2211 690 
7460 1662 2320 352 345 
7461 1482 1953 1466 1944 
7462 688 2200 2208 687 
7463 519 2536 2544 1536 
7464 1651 999 1033 1093 
7465 2141 182 2164 181 
7466 2536 2535 2528 1502 
7467 1105 1108 1636 1643 
7468 2496 484 2504 485 
7469 215 1421 1873 1254 
7470 1993 962 289 1015 
7471 1032 1031 1592 1600 
7472 1352 1614 1518 1677 
7473 1466 2232 2231 1513 
7474 1087 1520 1033 1651 
7475 1760 1768 1759 1556 
7476 283 1980 1172 1693 
7477 1086 1176 1080 1624 
7478 459 2467 43 1553 
7479 1163 1140 1205 1688 
7480 134 2211 2203 1472 
7481 1950 1959 1951 931 
7482 1236 1662 1297 1695 
7483 1297 1662 1533 1695 
7484 1774 791 1766 790 
7485 871 1889 870 1570 
7486 1456 1243 39 2450 
7487 1004 113 2570 1217 
7488 1636 1643 1473 1702 
7489 1317 1408 1585 1641 
7490 1857 252 46 274 
7491 1908 45 1900 1686 
7492 2337 359 1533 366 
7493 866 1885 1877 867 
7494 555 2025 2033 1652 
7495 57 2308 2316 1608 
7496 2166 2174 2173 1545 
7497 1074 1075 1073 1621 
7498 2188 2197 2196 1485 
7499 1570 1896 1888 1697 
7500 1414 1453 1416 1697 
7501 1801 822 1809 1680 
7502 178 179 1093 2137 
7503 2017 119 120 1332 
7504 2323 1324 1620 1695 
7505 547 2015 2023 546 
7506 2135 645 2127 644 
7507 1775 1774 1783 798 
7508 1580 1836 1828 1596 
7509 1312 1313 1568 1622 
7510 1328 1275 1330 1655 
7511 2243 725 718 1473 
7512 1476 2482 2481 472 
7513 2379 2387 80 403 
7514 1119 1143 1540 1702 
7515 2403 83 2411 1624 
7516 2497 1476 2490 1686 
7517 30 1294 2303 1235 
7518 1055 89 2423 996 
7519 654 1256 2170 1551 
7520 1942 1482 1934 1943 
7521 1219 1154 992 1648 
7522 866 1877 1885 1514 
7523 1245 1336 1409 1647 
7524 58 2316 348 1608 
7525 2094 1491 2093 1627 
7526 1687 2395 1694 1624 
7527 639 2128 2129 646 
7528 2025 556 2026 549 
7529 718 725 2242 1473 
7530 128 1384 1446 2163 
7531 1476 2490 2482 472 
7532 2490 472 2497 479 
7533 1116 1552 1515 1672 
7534 1597 2052 2060 579 
7535 2257 2256 2249 1550 
7536 2248 2249 1513 2240 
7537 1032 1178 1031 1600 
7538 1646 2346 2354 375 
7539 2052 1700 2053 1597 
7540 569 2048 1519 576 
7541 1639 2057 2049 1519 
7542 1295 1294 1589 1628 
7543 562 2040 2032 1593 
7544 2281 2282 2273 752 
7545 127 2161 1256 654 
7546 661 2169 2177 660 
7547 2177 2185 2176 1549 
7548 201 2281 2282 1017 
7549 1055 1056 1588 1629 
7550 1506 1766 797 1558 
7551 1272 1519 1326 1652 
7552 2057 1639 1575 1519 
7553 174 1073 2132 642 
7554 2020 2012 1312 1425 
7555 1604 1653 1522 1680 
7556 2312 1628 2319 1589 
7557 1985 1978 1977 955 
7558 121 1317 2019 550 
7559 180 648 2139 1078 
7560 2508 99 2435 100 
7561 2227 135 2508 1561 
7562 2003 135 2508 2227 
7563 2000 148 1700 147 
7564 74 1700 2432 75 
7565 53 2555 529 1552 
7566 97 2484 98 1472 
7567 1531 2393 415 1661 
7568 2110 2117 2118 629 
7569 2370 2378 2371 396 
7570 2177 2176 2185 667 
7571 1489 1901 1909 888 
7572 801 1778 1786 1529 
7573 361 1663 1695 1620 
7574 2100 2108 2101 621 
7575 1945 1946 1954 1630 
7576 1954 927 1953 934 
7577 2274 2267 2266 746 
7578 1801 1809 822 821 
7579 503 2526 2518 504 
7580 2517 2526 2518 503 
7581 1138 1155 1209 1682 
7582 994 1087 1093 1651 
7583 1800 1801 1809 1680 
7584 1078 1584 1169 1642 
7585 2196 2197 2204 1631 
7586 1208 987 2564 1142 
7587 1906 878 1898 1570 
7588 1087 1642 1520 1651 
7589 2053 2045 2054 1490 
7590 2193 1512 2192 1549 
7591 1493 1639 1566 1654 
7592 421 2407 2408 428 
7593 2416 2415 2407 1588 
7594 929 1949 1957 1495 
7595 1746 1754 773 1603 
7596 1128 1643 1477 1672 
7597 1178 1562 1084 1600 
7598 2093 2094 1569 1491 
7599 1730 759 1738 760 
7600 1850 268 1002 858 
7601 1150 1482 1612 1636 
7602 1358 1539 1382 1684 
7603 1584 1596 1580 1705 
7604 1953 1954 1945 927 
7605 2074 2082 2081 1633 
7606 2105 625 618 1656 
7607 1233 1332 1326 1652 
7608 102 2524 103 1473 
7609 476 2486 2494 475 
7610 1628 351 1583 358 
7611 2569 542 2561 541 
7612 444 2449 2457 443 
7613 537 2556 530 1540 
7614 2074 2081 2082 598 
7615 1987 1612 1979 1635 
7616 2488 2480 2487 470 
7617 1000 1173 1148 1594 
7618 1383 129 1384 2171 
7619 2190 1512 2197 2189 
7620 2188 2196 185 1485 
7621 1087 994 1169 1642 
7622 828 1817 835 1565 
7623 1078 2139 180 1210 
7624 1317 1449 121 2019 
7625 871 1570 864 1699 
7626 412 2389 2390 1594 
7627 1234 203 754 1725 
7628 1845 853 1837 852 
7629 1697 1895 1896 876 
7630 1218 1017 1149 1664 
7631 1869 859 210 1392 
7632 1153 284 1989 957 
7633 1004 1124 1217 1632 
7634 1378 1452 1377 1560 
7635 1138 1213 1139 1560 
7636 2053 587 2061 1597 
7637 1956 1948 1552 279 
7638 1812 1820 243 1705 
7639 510 2525 2526 2533 
7640 194 2268 2260 740 
7641 1137 1009 1136 1703 
7642 556 2026 2034 1641 
7643 1718 1630 227 226 
7644 227 1630 2150 191 
7645 1082 1160 1067 1667 
7646 2334 1704 1595 1587 
7647 873 866 1885 1514 
7648 2332 1657 1608 1701 
7649 1943 1942 1951 924 
7650 1944 1934 1482 1943 
7651 759 1729 1737 758 
7652 266 856 1849 1018 
7653 581 2054 2062 580 
7654 445 2450 2458 444 
7655 2570 543 2562 542 
7656 1772 1523 1780 1530 
7657 354 353 2322 1695 
7658 994 1642 1087 1651 
7659 1500 1520 1633 1656 
7660 412 2390 2389 405 
7661 741 2269 2261 1544 
7662 528 2546 2554 1632 
7663 757 1727 1735 756 
7664 1847 855 1839 854 
7665 1145 2283 2275 753 
7666 2012 115 1312 1425 
7667 1073 2124 2132 642 
7668 206 1308 1728 757 
7669 1848 856 1840 855 
7670 1236 1297 1319 1695 
7671 1381 2444 93 2452 
7672 2195 2187 132 1472 
7673 1311 209 1731 1423 
7674 268 1184 1072 1851 
7675 1727 1237 206 757 
7676 1847 855 265 998 
7677 354 347 2323 1695 
7678 1736 758 1308 1728 
7679 1848 856 266 1069 
7680 1137 1138 1009 1703 
7681 1408 1233 1326 1641 
7682 175 643 1001 2133 
7683 2013 116 545 1240 
7684 661 2170 662 1551 
7685 1554 1681 1778 1529 
7686 2382 1586 1594 1525 
7687 955 1977 1985 954 
7688 2183 666 2184 1549 
7689 2029 558 2037 559 
7690 2063 582 2056 2055 
7691 1599 1511 2047 1564 
7692 1225 1404 1439 1699 
7693 1734 756 1282 1726 
7694 1847 264 1846 1043 
7695 1570 1881 1421 1254 
7696 1511 2047 2048 1599 
7697 2183 2184 666 673 
7698 417 2402 2394 1687 
7699 661 654 2170 1551 
7700 733 2261 2253 734 
7701 1968 1482 1967 1959 
7702 1808 1809 1800 821 
7703 2167 2158 2166 651 
7704 2278 749 198 1147 
7705 1104 1544 1513 1636 
7706 2302 335 2310 336 
7707 88 1166 2422 434 
7708 880 1892 1900 272 
7709 1144 1571 1540 1702 
7710 2174 2173 2182 664 
7711 2558 2557 1154 538 
7712 1566 2074 2082 599 
7713 1448 1260 1261 1669 
7714 2092 1638 2093 1491 
7715 2378 403 2379 396 
7716 1519 1641 1326 1652 
7717 1640 2354 2362 1646 
7718 1937 1936 1929 1631 
7719 2377 1640 2378 1687 
7720 2333 2340 2341 362 
7721 1536 1643 1111 1502 
7722 536 2562 2563 543 
7723 2257 2258 2250 731 
7724 408 2385 2393 1531 
7725 1355 1553 1364 1677 
7726 1687 2385 2377 1531 
7727 579 2061 2053 580 
7728 1339 122 2156 649 
7729 1100 196 747 2276 
7730 1952 1944 1953 1482 
7731 103 2532 104 1473 
7732 1238 1271 1272 1593 
7733 1254 1570 1404 1699 
7734 134 2203 133 1472 
7735 1357 1678 1359 1528 
7736 1741 768 1601 1749 
7737 371 2343 1535 364 
7738 1697 1896 1895 1518 
7739 193 2260 2252 733 
7740 439 446 2452 1539 
7741 1626 582 2063 589 
7742 1233 1326 1641 1652 
7743 1482 1636 1150 1672 
7744 1953 1944 1952 926 
7745 1128 1477 1552 1672 
7746 1801 1793 1800 814 
7747 1518 1912 1920 898 
7748 1680 1604 1817 1565 
7749 1032 999 1033 1592 
7750 110 2567 2566 539 
7751 342 2309 1595 2317 
7752 1332 548 119 1238 
7753 178 999 2137 1093 
7754 2458 2465 2466 451 
7755 513 506 2529 1477 
7756 2303 336 2311 337 
7757 434 2423 2415 435 
7758 1533 1640 1494 1663 
7759 513 2528 506 1477 
7760 211 1870 860 1463 
7761 285 958 1990 1224 
7762 1729 1257 208 759 
7763 267 1849 1850 1018 
7764 638 2120 2119 631 
7765 1768 792 1767 1582 
7766 1760 1759 1768 785 
7767 669 2187 2186 1551 
7768 1920 1929 1928 1631 
7769 210 859 1868 1392 
7770 284 1153 1988 957 
7771 633 2114 2122 1642 
7772 1905 892 1906 885 
7773 868 1879 1878 861 
7774 1551 1384 2170 655 
7775 1108 1643 1110 1672 
7776 2125 642 2124 1073 
7777 794 1762 1770 1778 
7778 531 2557 2558 538 
7779 1508 1520 1087 1642 
7780 422 1629 429 2408 
7781 2416 2408 2407 428 
7782 2253 2245 2244 726 
7783 2235 718 2243 138 
7784 2171 2179 2468 130 
7785 667 2185 2177 668 
7786 1575 2064 2072 590 
7787 2421 433 2413 432 
7788 335 2301 2309 334 
7789 1942 923 1950 924 
7790 419 2406 2398 420 
7791 2512 2503 2504 1561 
7792 2495 483 2503 484 
7793 891 1904 1912 890 
7794 2517 2510 2509 496 
7795 878 1889 1897 877 
7796 1653 1819 1811 830 
7797 2414 427 1586 2406 
7798 1906 892 1905 1913 
7799 126 2160 1230 653 
7800 200 751 991 2280 
7801 537 1142 108 2564 
7802 1767 1558 1556 1582 
7803 1540 2557 1142 1016 
7804 1093 1087 1033 1651 
7805 2224 1466 2216 1561 
7806 1282 204 755 1726 
7807 1043 853 263 1846 
7808 1822 1830 1829 1602 
7809 1960 1952 933 1482 
7810 1405 2302 28 335 
7811 2422 434 2414 433 
7812 1116 1127 1515 1552 
7813 92 91 2426 1080 
7814 1319 33 32 2306 
7815 1421 1882 864 1699 
7816 1348 1351 1350 1678 
7817 893 1906 886 1485 
7818 2343 372 2344 365 
7819 2106 620 2098 619 
7820 1439 1391 1225 1706 
7821 2405 419 1594 2397 
7822 2300 56 2308 334 
7823 2412 1168 69 1609 
7824 2043 2035 161 1585 
7825 889 1910 1911 896 
7826 1001 1074 1073 1569 
7827 1565 1604 1522 1680 
7828 2451 445 1692 2459 
7829 2563 1693 988 1171 
7830 1332 1272 1326 1652 
7831 2566 2567 2558 539 
7832 1355 1367 1349 1677 
7833 584 2065 2057 1639 
7834 1575 2065 2073 1639 
7835 613 2098 1566 620 
7836 1540 1142 2557 537 
7837 1381 1539 2453 439 
7838 2345 367 374 1663 
7839 2405 2413 425 1594 
7840 1850 858 1842 857 
7841 1730 759 208 1241 
7842 1476 2482 2490 1686 
7843 1439 1339 1391 1706 
7844 431 2418 1080 438 
7845 1524 2344 2336 1583 
7846 2186 2187 2195 1472 
7847 1498 1601 1579 1673 
7848 2039 2031 2040 1593 
7849 2212 2204 223 187 
7850 223 2212 2147 1631 
7851 2147 2212 223 187 
7852 2147 188 2212 187 
7853 371 2351 378 1649 
7854 677 2197 2189 678 
7855 2456 1528 1398 1573 
7856 2534 2542 2533 1502 
7857 1986 955 1985 962 
7858 1699 1225 1882 865 
7859 2159 1454 125 652 
7860 2279 750 199 1215 
7861 2520 2521 2512 499 
7862 2186 2195 2187 676 
7863 2186 2178 2185 668 
7864 1725 754 1733 755 
7865 1845 853 263 995 
7866 1485 1914 1915 893 
7867 2539 280 2547 1552 
7868 2458 2466 2465 1573 
7869 236 1764 1756 782 
7870 2094 2103 1627 616 
7871 1521 2103 624 617 
7872 2468 2477 2460 453 
7873 2525 2541 2533 516 
7874 624 2112 2111 1600 
7875 1513 1544 1102 1550 
7876 492 2504 2512 491 
7877 2193 682 2194 675 
7878 2336 1533 359 366 
7879 1663 2345 2337 1533 
7880 1381 2444 2452 439 
7881 530 2548 2556 106 
7882 2134 644 176 1084 
7883 2014 1323 117 546 
7884 2087 1627 2095 609 
7885 2091 168 2099 1623 
7886 167 2091 2083 1623 
7887 2206 1631 2198 1512 
7888 1419 1417 1323 1563 
7889 1813 1676 1814 1822 
7890 785 1760 1759 778 
7891 2454 447 2453 1539 
7892 948 1969 1977 947 
7893 1000 1586 1173 1594 
7894 1524 1480 2344 1583 
7895 2241 2233 2242 1473 
7896 2519 2528 2520 505 
7897 1794 1786 809 1529 
7898 1787 802 1786 809 
7899 1558 1775 1783 1582 
7900 2116 628 1569 1621 
7901 2453 1255 2454 1539 
7902 1392 210 1869 1463 
7903 284 1224 1153 1989 
7904 343 2310 1587 2318 
7905 1756 775 782 1673 
7906 230 2153 1635 1721 
7907 2453 447 2454 440 
7908 1912 1904 891 1518 
7909 2224 2223 2231 708 
7910 2253 2261 733 1544 
7911 2378 2386 2385 1687 
7912 579 2053 2061 1597 
7913 647 2138 2130 648 
7914 2018 549 2026 550 
7915 833 1814 1822 832 
7916 1003 285 1990 1224 
7917 1870 211 1242 1463 
7918 1502 2511 2518 2519 
7919 1490 2062 2053 1627 
7920 880 873 1893 1514 
7921 1031 177 645 2135 
7922 118 2015 1270 547 
7923 1489 1909 1901 1686 
7924 1910 1909 1918 895 
7925 925 1943 1952 1951 
7926 244 171 2152 1596 
7927 2347 1646 1620 1700 
7928 589 2064 2072 1626 
7929 2453 1539 1381 1255 
7930 2250 2242 2241 724 
7931 1808 1800 1809 1680 
7932 1807 1815 1557 827 
7933 1097 1006 1170 1647 
7934 1662 2320 2328 352 
7935 1485 1915 1914 1631 
7936 571 578 2050 1654 
7937 1073 1075 1086 1621 
7938 2532 2540 104 1473 
7939 2336 1583 358 1628 
7940 1569 2094 2093 615 
7941 893 886 1907 1485 
7942 1951 1960 1952 932 
7943 813 1792 1800 1582 
7944 1983 953 1975 952 
7945 2240 2241 1561 2233 
7946 2333 1608 2332 355 
7947 1595 2341 2334 2333 
7948 1472 1551 1539 1684 
7949 1892 873 880 1514 
7950 1976 1977 1969 947 
7951 1638 1532 2371 1646 
7952 789 1764 1772 237 
7953 2477 2469 453 460 
7954 1501 1629 2392 1666 
7955 590 2064 583 1575 
7956 1514 1876 1884 866 
7957 2470 1484 2469 1539 
7958 1224 1515 1981 1542 
7959 548 2016 2024 547 
7960 2136 646 2128 645 
7961 463 2480 2479 1528 
7962 1596 2153 245 1721 
7963 1561 2517 2525 1502 
7964 2536 513 2528 512 
7965 531 2557 530 1540 
7966 1477 1632 2537 1536 
7967 1959 932 1951 931 
7968 1541 2369 2377 1640 
7969 2525 503 2517 502 
7970 2063 2055 1511 1564 
7971 1904 1896 884 1518 
7972 1326 1519 1507 1641 
7973 1913 1922 1914 899 
7974 133 2195 2203 683 
7975 679 2191 2199 1512 
7976 2199 2191 679 680 
7977 1757 1601 1506 1673 
7978 2099 169 2107 1705 
7979 1353 1485 1545 1706 
7980 145 2028 146 1622 
7981 145 2028 2020 551 
7982 96 2476 97 1472 
7983 363 2341 2334 1704 
7984 1540 2540 2541 1502 
7985 1387 1412 1239 1595 
7986 1497 1657 1578 1681 
7987 1580 1820 1812 1705 
7988 1515 1972 1980 950 
7989 1904 1911 1912 890 
7990 891 1904 884 1518 
7991 1759 777 1758 784 
7992 2263 736 2255 735 
7993 129 2428 1226 1996 
7994 2011 85 107 143 
7995 2378 1640 2377 395 
7996 2382 1525 1527 1615 
7997 1549 1551 1472 1684 
7998 1613 1526 2356 1701 
7999 380 373 2353 1640 
8000 1366 1553 1514 1692 
8001 2232 1466 2224 1561 
8002 2319 2327 350 1589 
8003 886 1898 1906 885 
8004 2385 2386 2378 402 
8005 192 2252 2244 726 
8006 2450 1243 40 445 
8007 114 1004 2570 543 
8008 1118 1536 1502 1648 
8009 686 2199 2206 2198 
8010 2279 750 2271 749 
8011 652 2159 2167 651 
8012 506 2529 2521 507 
8013 1354 1543 1514 1677 
8014 1795 1526 254 1613 
8015 2183 1512 2175 1549 
8016 1913 1921 898 1518 
8017 827 834 1815 1557 
8018 2131 1584 2123 1596 
8019 1514 1893 1885 873 
8020 568 2047 2048 575 
8021 468 2477 461 1484 
8022 815 1794 1793 808 
8023 506 2521 2529 1477 
8024 628 2116 2117 635 
8025 2495 2502 2503 483 
8026 2501 2510 489 2509 
8027 2107 169 2099 620 
8028 2115 1584 2107 1705 
8029 1001 1562 1180 1569 
8030 2476 97 2484 467 
8031 2216 2217 2208 695 
8032 1561 2216 2225 2217 
8033 864 871 1881 1570 
8034 2495 2487 2486 476 
8035 1505 1163 1509 1688 
8036 2252 2244 1630 192 
8037 2382 2374 2373 398 
8038 1985 1015 1581 1612 
8039 2314 1695 1236 1319 
8040 1477 1502 2510 1561 
8041 269 2284 1852 1227 
8042 283 2299 988 1867 
8043 2407 421 1588 2399 
8044 1240 1313 1419 1568 
8045 1651 1033 999 1592 
8046 353 2322 2321 346 
8047 1551 2161 2169 654 
8048 751 2281 2273 752 
8049 1638 2076 2085 1597 
8050 216 1874 1225 865 
8051 1272 1652 1238 1593 
8052 1657 2332 2340 1701 
8053 2304 337 30 1294 
8054 1055 435 89 2424 
8055 1906 1485 879 886 
8056 829 828 1809 1680 
8057 828 1809 1808 821 
8058 1570 1421 1881 864 
8059 946 1976 1968 947 
8060 2485 2476 2484 467 
8061 2222 2221 2229 706 
8062 149 2060 2052 579 
8063 1502 2528 2536 1477 
8064 1118 1540 1502 1702 
8065 796 1780 1781 803 
8066 446 2453 447 1539 
8067 1540 2558 2550 531 
8068 1985 1984 1976 1581 
8069 1926 1927 1934 1644 
8070 1891 1485 879 1699 
8071 2085 601 2086 1627 
8072 1153 1989 1981 957 
8073 1869 1392 1877 859 
8074 1393 1528 2454 1539 
8075 780 1762 787 1554 
8076 2377 1541 1640 1687 
8077 2524 2525 2532 1473 
8078 2094 2093 2086 1627 
8079 2541 1502 2542 1540 
8080 1666 2392 1588 1629 
8081 1561 2525 2516 1473 
8082 2472 2464 2465 1573 
8083 2049 576 2057 577 
8084 1524 2344 1480 1649 
8085 1243 1553 2458 1573 
8086 165 2075 1530 166 
8087 2370 395 2378 396 
8088 1239 28 2301 335 
8089 1000 2421 87 433 
8090 891 884 1905 1518 
8091 1465 1466 2216 2223 
8092 1238 548 119 2016 
8093 999 2136 178 646 
8094 1112 1536 1477 1643 
8095 1778 1777 801 794 
8096 1484 2462 2470 455 
8097 468 461 2478 1484 
8098 2377 1531 1541 1687 
8099 1495 1973 1965 943 
8100 2448 1398 38 443 
8101 2568 112 1159 541 
8102 2545 528 2546 521 
8103 669 2186 2178 1551 
8104 1235 2303 29 336 
8105 88 2423 996 434 
8106 1485 1518 1371 1614 
8107 990 2419 2427 85 
8108 420 427 1586 1588 
8109 1918 1909 1917 895 
8110 946 1967 1975 945 
8111 1391 1708 181 2140 
8112 1723 195 2155 1152 
8113 1875 865 216 1225 
8114 1995 231 1987 963 
8115 2096 610 2095 617 
8116 2510 2495 2503 1561 
8117 662 2178 661 1551 
8118 1664 1550 2258 1571 
8119 2307 2315 340 1324 
8120 990 2427 2419 1085 
8121 834 1815 1823 833 
8122 633 2122 2114 634 
8123 641 2122 2130 640 
8124 1299 1295 1235 1589 
8125 2486 2493 2494 475 
8126 2468 96 2187 1472 
8127 2092 2093 1638 2084 
8128 2217 696 2209 695 
8129 2431 2187 132 131 
8130 2496 2495 2503 484 
8131 2528 506 2520 505 
8132 889 1911 1910 1903 
8133 2199 2192 2191 680 
8134 672 2191 679 1512 
8135 1603 1739 1747 1578 
8136 1747 248 249 1578 
8137 1620 1646 1537 1700 
8138 132 133 2195 1472 
8139 2100 2092 155 154 
8140 2197 2198 2205 1631 
8141 669 2186 2187 676 
8142 2248 2256 2249 730 
8143 91 90 2425 997 
8144 1236 32 31 2305 
8145 2370 2378 395 1640 
8146 2535 2543 2534 1502 
8147 637 2126 2118 1562 
8148 451 2466 2458 452 
8149 1225 1421 1404 1699 
8150 2247 722 2239 721 
8151 1175 1542 1983 1581 
8152 950 1981 1973 951 
8153 2247 2246 2255 728 
8154 2564 1142 108 1208 
8155 883 1896 1895 876 
8156 743 2263 736 1550 
8157 2504 2503 1476 1561 
8158 1466 1465 1935 1936 
8159 947 1976 1977 954 
8160 1391 181 1708 217 
8161 993 1723 173 2155 
8162 2331 1700 2323 73 
8163 1484 2469 2477 461 
8164 1513 1636 1473 1702 
8165 996 1056 1060 1588 
8166 1528 2456 2464 1573 
8167 2185 674 2193 675 
8168 183 2188 2172 2180 
8169 342 2310 2318 1587 
8170 1897 884 1905 885 
8171 1986 1978 1985 955 
8172 1552 1632 1125 1693 
8173 2317 349 1595 1587 
8174 1620 2331 2339 1700 
8175 2373 1704 2382 1527 
8176 799 1776 1784 1582 
8177 640 2121 2129 639 
8178 633 640 2121 1651 
8179 1891 1706 1899 1485 
8180 1529 1778 1769 1616 
8181 2085 2084 2076 1638 
8182 401 394 2377 1541 
8183 1521 624 2103 1600 
8184 1694 2417 2409 1661 
8185 422 2409 429 1661 
8186 536 1632 1552 1693 
8187 1939 921 1947 225 
8188 2175 659 666 1549 
8189 745 2266 2274 1664 
8190 881 888 1901 1489 
8191 556 2034 2026 557 
8192 563 556 2034 1641 
8193 2512 1465 2504 1644 
8194 672 679 2190 1512 
8195 1580 1602 1574 1675 
8196 461 2469 2477 460 
8197 1795 1529 1526 1613 
8198 1551 2170 1384 1256 
8199 2353 2361 380 1640 
8200 1644 1924 1925 1686 
8201 1542 1981 1973 1515 
8202 1530 2083 1623 166 
8203 1983 952 1982 959 
8204 1872 1871 1879 862 
8205 563 2033 2041 562 
8206 555 2033 2025 556 
8207 2383 399 2382 406 
8208 1962 1963 1970 1612 
8209 2171 662 655 1551 
8210 2406 420 1586 2398 
8211 1539 1484 1458 1528 
8212 119 2017 548 1332 
8213 2137 647 2129 646 
8214 450 2456 2464 449 
8215 809 1786 1794 808 
8216 1910 1919 1918 1489 
8217 2506 2513 2514 493 
8218 48 1860 1932 276 
8219 1932 1860 277 276 
8220 279 2539 2531 1644 
8221 2531 1862 50 2294 
8222 2457 2465 2458 451 
8223 1636 1643 1108 1672 
8224 1601 1748 1740 1579 
8225 233 1740 234 1579 
8226 2046 573 2054 574 
8227 1217 2561 542 1632 
8228 815 1794 1802 1680 
8229 1512 2182 2190 672 
8230 649 2156 2164 181 
8231 2276 747 2268 195 
8232 1319 1324 33 340 
8233 1080 438 92 1085 
8234 2472 1528 2480 463 
8235 1178 1180 1084 1562 
8236 867 874 1885 1543 
8237 2540 105 104 1571 
8238 996 1060 1586 1588 
8239 1914 1906 1913 892 
8240 1553 1892 271 272 
8241 2228 705 2220 189 
8242 1544 2254 1550 1513 
8243 1482 1969 1961 940 
8244 1295 1589 1583 1628 
8245 2198 685 678 2197 
8246 1903 1904 1895 883 
8247 890 1903 1911 889 
8248 2558 1154 2557 1540 
8249 2449 1456 39 444 
8250 1217 2569 113 542 
8251 2343 2351 2344 372 
8252 618 2097 2105 1656 
8253 2499 2491 2498 480 
8254 1910 888 1909 895 
8255 1638 2379 2378 1687 
8256 722 2248 2240 723 
8257 1575 2065 2057 583 
8258 1511 1626 2063 1564 
8259 2463 2462 1484 455 
8260 1968 1969 1976 1581 
8261 2488 2487 2480 1484 
8262 2339 2347 2338 1663 
8263 2095 1626 1521 1627 
8264 2523 2514 2522 501 
8265 2245 2246 2253 1544 
8266 470 2488 2480 471 
8267 243 1596 170 1705 
8268 630 2111 2110 623 
8269 152 2084 2076 600 
8270 2210 2209 1472 1561 
8271 1412 1587 1239 1595 
8272 873 1892 1884 1514 
8273 1561 1502 1643 1477 
8274 517 2534 2533 510 
8275 2252 2253 2244 726 
8276 1570 1880 1888 870 
8277 533 526 2552 1536 
8278 2552 2560 2561 534 
8279 715 2232 2240 1513 
8280 2543 2534 2542 518 
8281 881 1902 888 1489 
8282 2377 402 2378 395 
8283 2269 2261 2268 740 
8284 1495 1964 1552 1515 
8285 424 431 2410 1694 
8286 2410 2402 424 1694 
8287 1884 866 873 1514 
8288 1700 2347 1537 76 
8289 1235 1587 1299 1589 
8290 2174 2182 2183 665 
8291 238 1772 1780 1530 
8292 2557 537 530 1540 
8293 1587 1595 1535 1704 
8294 997 2425 91 437 
8295 2314 2305 2313 339 
8296 74 2331 2339 361 
8297 929 1957 936 1495 
8298 1817 1565 828 1680 
8299 1512 1545 1342 1614 
8300 2246 721 2238 720 
8301 523 2541 2540 516 
8302 1979 1612 1987 956 
8303 2338 2346 2347 368 
8304 2346 1663 2347 1646 
8305 456 449 2464 1528 
8306 816 1795 1794 809 
8307 2109 2117 2110 629 
8308 2318 350 1587 1589 
8309 1632 1477 1121 1536 
8310 341 2309 2317 1595 
8311 1895 1904 1896 883 
8312 2543 2542 2534 1502 
8313 2541 2533 2542 1502 
8314 2263 2255 2254 735 
8315 2046 566 2045 573 
8316 2357 1701 2365 383 
8317 470 2479 2487 469 
8318 2017 548 2025 549 
8319 1093 179 647 2137 
8320 929 936 1956 1495 
8321 2192 680 2200 681 
8322 2258 738 2257 1664 
8323 1774 797 1782 798 
8324 345 2313 2321 1662 
8325 1973 950 943 1515 
8326 1540 2558 1154 1648 
8327 1563 552 2029 2030 
8328 1917 1916 1925 901 
8329 663 2172 2180 183 
8330 1532 2378 2370 1640 
8331 1872 213 1871 862 
8332 1177 1581 960 1984 
8333 1883 218 1699 1706 
8334 120 1233 2017 1332 
8335 179 1093 647 994 
8336 345 2321 2313 346 
8337 352 345 2321 1662 
8338 1233 2018 120 549 
8339 994 647 179 2138 
8340 458 2474 2466 459 
8341 1925 1924 1916 1686 
8342 910 1935 1927 911 
8343 2197 1512 2190 2198 
8344 1983 1975 1974 952 
8345 1941 922 1949 923 
8346 741 2261 2269 740 
8347 2261 2254 2253 734 
8348 463 2479 2480 470 
8349 2257 2249 2256 730 
8350 733 2252 2253 1544 
8351 2222 2230 1630 1631 
8352 2183 2182 2174 1512 
8353 1920 897 1919 904 
8354 819 1807 1799 820 
8355 1962 1970 1963 942 
8356 2454 1255 2453 440 
8357 1987 956 1986 963 
8358 1875 865 1883 217 
8359 2487 476 2495 477 
8360 1920 1921 1929 1631 
8361 1529 1795 1794 1653 
8362 2347 2339 75 1700 
8363 1473 1550 1513 1702 
8364 2249 2241 2240 723 
8365 2571 988 5 1171 
8366 2451 1227 1410 1 
8367 1553 1573 1360 1677 
8368 2454 447 2462 448 
8369 618 625 2104 1656 
8370 2051 578 571 1654 
8371 1592 1651 1520 1656 
8372 679 2190 2198 678 
8373 943 1964 1972 281 
8374 1588 1629 1501 1666 
8375 2172 182 2164 1706 
8376 1485 1342 1545 1614 
8377 1709 1391 217 181 
8378 182 218 1709 1706 
8379 1954 1953 1962 934 
8380 454 2469 2470 461 
8381 1673 1756 1601 1579 
8382 1473 1571 1550 1702 
8383 1968 1959 1967 939 
8384 574 567 2047 1564 
8385 733 2253 2252 726 
8386 1236 31 338 2305 
8387 2425 437 2417 436 
8388 1512 1549 2191 2192 
8389 1936 912 1928 911 
8390 879 1899 1891 219 
8391 2553 2552 2561 534 
8392 2472 457 2464 456 
8393 1934 916 1942 917 
8394 2507 2506 2499 1686 
8395 1966 1974 1967 945 
8396 2453 446 439 1539 
8397 2075 1530 2083 1566 
8398 929 1957 1949 930 
8399 600 2084 2085 607 
8400 2085 2076 2084 600 
8401 2105 1651 625 1656 
8402 2379 80 2387 1638 
8403 79 2379 2371 1638 
8404 489 2510 2501 482 
8405 1901 1514 1900 880 
8406 2091 1566 2099 613 
8407 1897 877 1896 884 
8408 1466 1513 1473 1561 
8409 2358 2350 377 378 
8410 680 2192 2191 673 
8411 1950 1482 1942 1951 
8412 2201 2193 2200 681 
8413 1630 1937 1938 1631 
8414 1893 1514 1901 880 
8415 2517 1502 2510 2518 
8416 702 2225 2216 2217 
8417 669 2178 2186 668 
8418 2234 2226 2225 710 
8419 799 1775 1783 798 
8420 1536 2560 2551 1648 
8421 75 2339 2347 368 
8422 596 2079 2071 1626 
8423 2079 603 2087 1626 
8424 144 1229 2428 1996 
8425 2011 85 990 2443 
8426 721 2239 2238 714 
8427 657 2174 2166 658 
8428 666 2183 2175 1549 
8429 2062 2054 581 1564 
8430 2530 1644 2538 1477 
8431 2409 423 1694 2401 
8432 2533 510 2525 509 
8433 2060 579 2061 1597 
8434 2098 612 2090 1633 
8435 2518 2526 2519 504 
8436 815 1794 1801 1793 
8437 1530 1772 1764 237 
8438 2468 1472 1551 1539 
8439 628 2116 156 1621 
8440 1536 2551 2560 533 
8441 1466 1477 1643 1672 
8442 1962 941 1961 1612 
8443 383 2365 1698 1527 
8444 1794 1680 1616 1529 
8445 1504 1769 1768 1616 
8446 2519 2526 2527 504 
8447 578 2058 2050 1654 
8448 2228 2236 190 1630 
8449 1911 1489 1465 1919 
8450 67 2396 2388 411 
8451 67 2396 68 1609 
8452 616 2094 609 1627 
8453 472 2481 2489 471 
8454 2391 407 414 1666 
8455 1347 1346 1614 1678 
8456 1360 1677 1573 1678 
8457 2464 1528 2472 456 
8458 1965 1973 1974 944 
8459 1922 900 1914 899 
8460 1983 1542 1975 1581 
8461 1969 941 1961 940 
8462 463 2479 2471 1528 
8463 41 269 2285 1692 
8464 270 42 2285 1692 
8465 2535 1502 2536 1536 
8466 591 2065 2073 590 
8467 41 1227 269 1692 
8468 2403 82 83 1624 
8469 2403 82 2395 417 
8470 2391 2382 2390 406 
8471 1924 1932 1686 1644 
8472 247 2284 1228 1852 
8473 2299 261 989 1867 
8474 1571 2548 2540 105 
8475 1946 1938 1937 920 
8476 2541 524 2542 517 
8477 2073 2081 604 1656 
8478 589 2072 2064 590 
8479 552 2029 2030 559 
8480 2273 1664 1017 1218 
8481 42 2467 2459 1692 
8482 2196 2204 2197 684 
8483 1553 2466 2474 459 
8484 509 2524 502 2525 
8485 2484 2485 467 474 
8486 2253 2244 2245 1544 
8487 2528 505 2527 512 
8488 477 2487 470 2488 
8489 2241 2240 723 716 
8490 2200 688 2201 681 
8491 2062 2070 2071 588 
8492 1510 1582 1800 1616 
8493 1622 1700 2323 1620 
8494 943 1964 1495 1515 
8495 1960 933 940 1482 
8496 2210 2203 2202 690 
8497 669 2187 2179 131 
8498 1525 2389 1527 1698 
8499 472 2489 2497 479 
8500 55 1866 283 1693 
8501 282 1866 54 1693 
8502 988 55 283 1693 
8503 2571 1171 114 543 
8504 1410 2451 40 445 
8505 1166 1060 1173 1586 
8506 1764 1530 237 1658 
8507 2490 2497 472 1476 
8508 1472 2201 2193 1512 
8509 2376 394 401 1541 
8510 2102 2103 2110 1600 
8511 54 536 2555 1693 
8512 1775 1783 1774 1558 
8513 2106 2098 620 1508 
8514 2257 2264 744 737 
8515 636 2125 2117 1569 
8516 730 2249 2248 723 
8517 2540 104 1473 1571 
8518 941 1962 1970 1612 
8519 525 2543 2542 518 
8520 2184 2193 2192 1549 
8521 2192 2184 2191 673 
8522 1074 1073 1569 1621 
8523 2068 1537 2060 1597 
8524 914 1930 1938 913 
8525 700 2223 2215 701 
8526 1950 1951 1959 1482 
8527 836 1826 1833 1604 
8528 836 1826 1818 837 
8529 110 2566 2567 992 
8530 2165 2173 2172 1545 
8531 1919 1927 1918 1489 
8532 1529 1613 1795 1653 
8533 2052 1597 1537 1700 
8534 2530 2538 2529 1477 
8535 2235 2243 102 138 
8536 33 1319 340 2306 
8537 92 2426 438 1080 
8538 532 2550 2558 531 
8539 1775 792 799 1582 
8540 1955 1947 1954 928 
8541 2345 1663 2353 1640 
8542 2252 2244 2253 1544 
8543 726 2253 2245 727 
8544 2184 2192 2193 674 
8545 195 16 1152 2276 
8546 12 181 1391 2156 
8547 2393 1661 1531 1687 
8548 662 2179 2171 130 
8549 2307 1229 2315 1324 
8550 1926 1934 1933 1644 
8551 1541 2376 2368 1649 
8552 2054 1599 2046 567 
8553 2203 2202 2195 1472 
8554 2521 500 2513 499 
8555 2258 1571 2266 1664 
8556 2535 2527 2528 1502 
8557 1493 1507 1639 1654 
8558 1654 2050 1585 1641 
8559 606 2091 613 1566 
8560 2485 2486 468 475 
8561 940 1960 1968 939 
8562 81 2387 80 1638 
8563 1526 1529 1787 1681 
8564 1926 1933 1934 909 
8565 1699 1485 1890 1570 
8566 514 2537 2538 521 
8567 2544 2552 2553 527 
8568 1643 1502 1561 1473 
8569 2563 2571 543 1171 
8570 1585 1641 1507 1654 
8571 2557 1154 1016 1540 
8572 511 2534 2535 518 
8573 1341 1545 1512 1549 
8574 1439 1225 1699 1706 
8575 2570 2562 543 1004 
8576 1484 2488 2496 1476 
8577 2530 2529 2538 514 
8578 1584 2123 2115 634 
8579 795 1778 1770 1681 
8580 724 2241 717 2242 
8581 689 2201 682 2202 
8582 583 2065 590 1575 
8583 217 1391 1709 1706 
8584 1788 1530 1523 1623 
8585 2349 377 2357 1704 
8586 370 2349 2341 1704 
8587 2462 447 2454 1539 
8588 1412 1299 1405 1587 
8589 1890 878 871 1570 
8590 139 725 2243 1473 
8591 234 1748 235 1579 
8592 1748 235 1756 775 
8593 810 1523 1789 1675 
8594 1001 1180 1074 1569 
8595 2099 168 2091 613 
8596 1680 1794 1653 1529 
8597 2397 412 2389 411 
8598 829 1817 828 1680 
8599 2229 2221 705 706 
8600 815 1802 1794 816 
8601 1594 2396 2404 418 
8602 2548 523 530 1540 
8603 659 2168 2176 1549 
8604 1892 1553 1884 1514 
8605 468 2485 2477 1484 
8606 1528 2480 1484 1476 
8607 2411 83 2403 424 
8608 956 1986 1978 1612 
8609 74 2331 73 1700 
8610 217 17 1391 1875 
8611 21 1995 1152 986 
8612 1935 1944 1934 1644 
8613 1772 1765 1764 789 
8614 2470 2478 461 1484 
8615 786 1504 1768 1760 
8616 2451 1227 1 41 
8617 2571 988 55 5 
8618 2276 1100 16 1152 
8619 2156 1391 12 1339 
8620 1542 1581 1117 1672 
8621 801 1786 1778 802 
8622 535 2554 536 1632 
8623 2259 2251 140 1571 
8624 670 2180 2188 184 
8625 103 2524 2532 1473 
8626 2364 383 390 1698 
8627 1544 2244 2245 1630 
8628 2395 424 2402 1694 
8629 1348 1677 1367 1678 
8630 2001 2052 1537 1700 
8631 1553 2482 2483 466 
8632 1773 1765 1772 789 
8633 1506 1765 790 783 
8634 2341 363 2333 362 
8635 2049 2057 576 1519 
8636 1628 2319 1583 351 
8637 2222 2221 2213 1631 
8638 1640 1646 1494 1663 
8639 587 2061 2069 586 
8640 1954 1946 1945 927 
8641 796 1781 1780 1772 
8642 940 933 1961 1482 
8643 2039 567 560 1599 
8644 2031 2039 560 1599 
8645 1900 1514 1901 1686 
8646 1515 1552 1127 1693 
8647 1580 1820 1828 838 
8648 68 2396 2404 1609 
8649 1535 2350 1615 371 
8650 371 2350 1615 378 
8651 2247 2239 722 1513 
8652 2249 1513 1473 1550 
8653 584 2057 2065 583 
8654 1541 2376 1501 401 
8655 1514 1884 1876 1692 
8656 2222 2213 2221 699 
8657 2256 2248 2247 729 
8658 507 2521 2522 2530 
8659 1897 1896 1889 1570 
8660 2486 2487 469 476 
8661 2505 2513 2504 1644 
8662 2095 1627 2087 1626 
8663 355 2324 2332 59 
8664 2324 348 355 1608 
8665 2314 1319 347 1695 
8666 1884 271 270 1692 
8667 1914 1915 1923 1631 
8668 2355 2347 375 76 
8669 1472 1512 2193 1549 
8670 1897 1889 1896 877 
8671 1225 17 1875 1391 
8672 1995 1987 1635 986 
8673 2519 2520 2511 498 
8674 2268 195 194 1635 
8675 2337 2345 366 1533 
8676 622 2110 2102 623 
8677 2118 2110 630 1562 
8678 1485 1890 1906 879 
8679 1673 1781 1523 1676 
8680 2484 2492 2485 474 
8681 2536 2528 513 1477 
8682 1484 1539 1358 1684 
8683 1495 1644 1482 1672 
8684 363 2334 2341 2333 
8685 836 1833 1826 843 
8686 185 2196 186 1631 
8687 1894 882 1902 1543 
8688 103 2532 2524 509 
8689 2192 2191 2184 1549 
8690 2419 438 2427 85 
8691 1987 230 231 1635 
8692 2207 2208 687 694 
8693 1613 1811 1803 1653 
8694 1150 1581 1482 1672 
8695 523 2541 2549 1540 
8696 281 1972 282 1693 
8697 948 1969 941 1612 
8698 781 1754 1762 780 
8699 1763 1754 1762 781 
8700 1663 2339 361 2338 
8701 1472 1614 1549 1684 
8702 560 2030 2038 559 
8703 552 2030 2022 553 
8704 797 1781 1676 804 
8705 2089 612 2097 1633 
8706 1656 2089 2081 604 
8707 1631 1485 1913 1914 
8708 2087 2086 609 602 
8709 1773 796 1781 797 
8710 3 71 2307 1229 
8711 85 7 2427 990 
8712 1888 876 869 1697 
8713 825 1805 1813 824 
8714 820 1799 1505 1807 
8715 504 2527 2519 505 
8716 799 792 1776 1582 
8717 1968 946 1967 1581 
8718 663 2172 2173 1545 
8719 873 1884 1892 271 
8720 1491 1569 1638 1621 
8721 2197 2205 2204 1631 
8722 1987 230 1979 956 
8723 1484 2462 2463 1528 
8724 2463 449 456 1528 
8725 792 1768 1776 1582 
8726 220 1907 886 1485 
8727 693 2215 2207 694 
8728 1949 1950 1957 1495 
8729 1541 1501 2376 1666 
8730 888 1902 1910 1489 
8731 1644 1925 1924 908 
8732 1676 1781 1506 1673 
8733 526 519 2544 1536 
8734 2544 2553 2552 1536 
8735 575 2055 2056 582 
8736 2340 61 1657 1701 
8737 2485 2486 2493 1561 
8738 2238 2247 2239 721 
8739 2247 1550 2255 1513 
8740 2541 2549 2542 524 
8741 2054 574 581 1564 
8742 805 1782 1790 804 
8743 1820 831 838 1580 
8744 1740 234 1748 768 
8745 931 1951 1950 924 
8746 1473 2233 2234 1561 
8747 830 837 1818 1653 
8748 829 1810 1818 1680 
8749 1653 1810 1802 1680 
8750 1495 1542 1482 1644 
8751 1512 2197 2189 1485 
8752 1465 2207 2208 1512 
8753 1965 1966 1957 937 
8754 1801 1800 1793 1616 
8755 953 1975 946 1581 
8756 1976 1969 1977 1581 
8757 655 662 2170 1551 
8758 1895 882 875 1543 
8759 1787 1529 1786 1778 
8760 384 2365 2366 391 
8761 2246 2253 2254 727 
8762 456 2472 463 1528 
8763 1806 1676 1814 825 
8764 819 1806 1798 1707 
8765 2045 1622 2037 1568 
8766 1965 1966 1974 1542 
8767 956 1978 1986 955 
8768 948 1978 1970 949 
8769 1901 1909 1908 1686 
8770 1504 1554 1769 1616 
8771 2495 1561 2486 1484 
8772 1150 1482 1581 1612 
8773 2273 2272 2265 1664 
8774 923 1950 930 1949 
8775 2373 2365 1698 390 
8776 2546 522 2538 521 
8777 454 447 2462 1539 
8778 867 1886 1878 868 
8779 867 1886 874 1543 
8780 2376 2384 2383 1666 
8781 406 2391 2382 2383 
8782 872 1890 871 1699 
8783 712 2237 2229 713 
8784 1913 1914 892 899 
8785 792 1776 1768 793 
8786 732 2251 2250 725 
8787 1749 769 776 1601 
8788 1757 1749 776 1601 
8789 2031 560 2039 561 
8790 1756 1658 1579 1673 
8791 229 1971 1979 949 
8792 2104 1521 2096 1656 
8793 2088 1656 2097 2096 
8794 142 2267 2275 746 
8795 2267 141 142 1571 
8796 2419 2411 1080 431 
8797 2419 1624 1621 1086 
8798 1523 803 1789 1781 
8799 348 2324 58 1608 
8800 221 1907 220 1485 
8801 1537 2363 2371 78 
8802 2050 2042 2043 1585 
8803 1485 1699 1891 1706 
8804 2118 630 2110 629 
8805 20 269 1227 1411 
8806 283 24 988 1172 
8807 1904 883 1903 890 
8808 2051 1654 2043 1585 
8809 2112 2120 2111 1600 
8810 2111 624 2103 623 
8811 1875 1883 865 1225 
8812 2090 612 2089 1633 
8813 1768 1582 1504 1616 
8814 395 2369 2377 394 
8815 1597 2060 2052 1537 
8816 2165 2172 2173 656 
8817 844 1835 1827 259 
8818 1577 1604 851 1835 
8819 745 738 2266 1664 
8820 1592 632 625 2112 
8821 2506 2505 2498 1686 
8822 944 1966 1965 937 
8823 2341 1701 1595 1704 
8824 2388 1609 67 1696 
8825 2496 2497 2489 478 
8826 2330 354 361 1695 
8827 353 2330 2329 1695 
8828 2332 1657 2324 1608 
8829 781 1755 1754 774 
8830 458 2473 2465 1573 
8831 2397 2389 412 1594 
8832 2405 1594 419 1586 
8833 2265 738 2257 737 
8834 2378 1640 1532 1687 
8835 423 2402 2393 416 
8836 530 2549 531 1540 
8837 831 1821 1813 832 
8838 838 831 1821 1602 
8839 1926 1927 1918 903 
8840 2389 411 404 1698 
8841 1951 1942 1950 924 
8842 1909 888 1910 1489 
8843 1952 1951 932 925 
8844 526 2543 519 1536 
8845 1909 894 1917 895 
8846 2102 1600 2110 1562 
8847 375 2347 2346 368 
8848 874 1893 1885 1543 
8849 1972 943 950 1515 
8850 1359 1573 1528 1678 
8851 944 1974 1966 945 
8852 952 1974 1982 951 
8853 562 569 2040 1593 
8854 2040 2031 2032 1593 
8855 788 1762 781 1681 
8856 1822 1815 1814 833 
8857 68 2404 69 1609 
8858 1594 2412 2404 1609 
8859 392 2366 2374 391 
8860 395 2377 2369 1640 
8861 182 2172 183 1706 
8862 452 459 2466 1553 
8863 1514 1553 1355 1677 
8864 2252 1635 1630 1496 
8865 2197 2189 2188 677 
8866 1571 2540 1702 1473 
8867 1976 1984 953 1581 
8868 1541 2377 2369 394 
8869 2120 2112 632 1592 
8870 624 2112 2104 625 
8871 1911 1910 1919 896 
8872 184 2188 185 1485 
8873 1553 2474 2482 466 
8874 1551 2185 2177 1549 
8875 812 1790 805 1558 
8876 1757 783 1506 776 
8877 1502 2543 2542 1648 
8878 1654 2075 1639 1566 
8879 2043 1654 2051 571 
8880 1658 2051 2043 1585 
8881 2483 2288 1900 272 
8882 1542 1967 1482 1959 
8883 943 1972 1964 1515 
8884 2400 415 2392 414 
8885 2416 1629 429 1661 
8886 1764 1530 1658 1673 
8887 882 1902 1903 889 
8888 599 2083 2075 166 
8889 2536 520 2537 513 
8890 1575 2073 2065 590 
8891 728 2247 2246 721 
8892 1646 2370 2362 1640 
8893 566 2038 2037 559 
8894 1936 1465 1928 1631 
8895 1961 941 1962 934 
8896 1894 875 882 1543 
8897 1894 1902 882 881 
8898 2176 666 2184 667 
8899 1466 1643 1636 1672 
8900 904 1928 1920 905 
8901 2536 2537 2544 1536 
8902 837 1818 1604 1826 
8903 2393 2386 2385 409 
8904 1694 2393 2402 1687 
8905 1895 1896 1904 1518 
8906 2328 358 351 1628 
8907 2320 2328 351 1628 
8908 386 2360 2368 1649 
8909 2352 2360 1541 380 
8910 2512 2521 2513 499 
8911 447 2461 446 1539 
8912 167 2083 2091 606 
8913 1834 844 851 1604 
8914 851 1834 1842 850 
8915 2261 741 2262 734 
8916 1553 2483 2482 1686 
8917 876 1887 1895 875 
8918 1748 768 1601 1740 
8919 1961 933 1953 1482 
8920 1643 1466 1561 1477 
8921 466 2474 459 1553 
8922 2199 2200 2192 680 
8923 686 2207 2206 2199 
8924 1921 1920 898 1518 
8925 1935 1936 1465 1928 
8926 48 2515 1860 49 
8927 1861 2515 49 277 
8928 237 1772 238 1530 
8929 1915 221 222 1631 
8930 1813 831 824 1675 
8931 558 565 2036 1622 
8932 565 2036 2044 147 
8933 1531 1687 1661 1694 
8934 566 2037 2045 565 
8935 525 532 2550 1648 
8936 663 670 2180 1545 
8937 1482 1969 1968 1581 
8938 2259 140 141 1571 
8939 2250 2259 2251 732 
8940 2111 2119 630 1600 
8941 987 8 2564 107 
8942 4 93 1226 1447 
8943 61 2340 2348 1701 
8944 1680 1817 1604 836 
8945 2111 630 2119 631 
8946 1922 1930 907 906 
8947 1937 1929 1930 1631 
8948 2189 1512 1485 1545 
8949 2366 2374 2373 1704 
8950 2366 2365 384 1704 
8951 736 2264 2256 737 
8952 743 736 2264 1550 
8953 1956 1552 1948 1495 
8954 107 85 2011 2443 
8955 2428 129 1226 93 
8956 1482 1644 1466 1672 
8957 1696 2388 2380 66 
8958 1473 2251 2250 1571 
8959 452 2467 459 1553 
8960 193 2252 2260 1635 
8961 2467 42 43 1692 
8962 2367 2375 1615 1666 
8963 1626 2080 2088 1656 
8964 2553 528 2545 527 
8965 2231 2232 2224 708 
8966 1465 2223 2215 1631 
8967 1537 2068 2076 1597 
8968 2060 1537 2068 150 
8969 2388 1696 1547 1609 
8970 279 2531 278 1644 
8971 1965 1957 1966 1542 
8972 937 1966 1958 938 
8973 730 2248 2256 729 
8974 2189 1485 2188 1545 
8975 572 2052 148 1700 
8976 2327 357 350 1589 
8977 2327 357 2335 358 
8978 2498 2497 2490 1686 
8979 354 2330 353 1695 
8980 490 2511 2503 491 
8981 1541 2360 2352 1649 
8982 412 1594 419 2397 
8983 1787 1529 1778 1681 
8984 1971 1612 1496 1635 
8985 1663 2329 2337 360 
8986 1822 1829 1830 839 
8987 2208 1512 2199 2200 
8988 659 2176 2168 660 
8989 2176 666 659 1549 
8990 2546 522 529 1552 
8991 1965 943 936 1495 
8992 745 2274 752 1664 
8993 1871 213 1872 1416 
8994 2265 2272 2257 1550 
8995 2256 2247 2248 1550 
8996 54 2555 53 1693 
8997 1755 1763 1754 1603 
8998 497 2511 2518 2510 
8999 1616 1800 1792 1582 
9000 1675 1676 1602 1574 
9001 1723 231 195 1152 
9002 939 1960 1959 932 
9003 2068 2060 2061 1597 
9004 1791 812 805 1558 
9005 2479 2478 2470 1484 
9006 2039 2040 2031 561 
9007 1896 1570 1518 1697 
9008 2345 1640 1533 1663 
9009 1787 253 254 1526 
9010 418 2396 2397 1594 
9011 1586 2391 2399 1588 
9012 2407 1588 421 1629 
9013 2232 2240 2233 716 
9014 1896 1889 1888 877 
9015 2480 2488 2481 471 
9016 2115 634 627 1584 
9017 2120 632 2112 631 
9018 948 1970 1978 1612 
9019 1614 1678 1346 1684 
9020 2115 170 1596 1705 
9021 1889 871 878 1570 
9022 2039 2048 2040 568 
9023 936 1965 1957 937 
9024 1466 1465 1477 1644 
9025 510 2526 2525 503 
9026 1485 2197 2196 1631 
9027 536 529 2555 1552 
9028 908 1925 1933 1644 
9029 1775 1774 1767 1558 
9030 1558 1783 1791 1582 
9031 1357 1678 1484 1684 
9032 2364 383 1698 1701 
9033 2042 571 2043 564 
9034 2118 630 637 1562 
9035 637 2118 2126 636 
9036 1612 1962 1963 1630 
9037 2201 2200 2209 688 
9038 1666 1588 2392 414 
9039 1485 1518 1906 1570 
9040 1676 1523 1789 1781 
9041 129 9 1226 1446 
9042 13 143 987 1207 
9043 2181 2189 670 1545 
9044 415 1629 422 2400 
9045 1656 2104 1651 625 
9046 2332 2324 1657 59 
9047 1658 1530 2059 1654 
9048 393 2376 2368 394 
9049 159 1708 181 217 
9050 1697 1879 1416 1414 
9051 2247 2255 2246 1513 
9052 553 2031 560 1599 
9053 553 2031 2023 554 
9054 872 879 1890 1699 
9055 1966 1957 1958 1542 
9056 803 1780 1788 239 
9057 2205 2214 2213 1631 
9058 2342 1535 2350 1704 
9059 2489 2488 2496 478 
9060 581 2062 2063 588 
9061 2095 610 2087 609 
9062 588 2071 2063 589 
9063 941 1970 1962 942 
9064 1970 948 941 1612 
9065 2097 1656 2088 2089 
9066 1657 61 2340 60 
9067 2510 1502 1477 2511 
9068 2047 1564 567 1599 
9069 2258 2267 2259 739 
9070 1967 946 1968 939 
9071 1757 1506 1765 1673 
9072 1561 1466 1643 1473 
9073 2085 2077 1627 1597 
9074 1662 2328 2336 359 
9075 2213 2214 2205 692 
9076 692 2213 2214 699 
9077 1482 1542 1495 1672 
9078 2043 571 2051 162 
9079 2320 351 2328 352 
9080 782 1765 1757 783 
9081 2201 1472 2209 1561 
9082 2316 58 57 1608 
9083 57 2316 2308 341 
9084 2545 2544 2553 527 
9085 1960 933 1952 932 
9086 2075 592 2067 1654 
9087 2075 2067 592 165 
9088 1540 2542 2550 1648 
9089 2359 1649 2360 386 
9090 2265 2257 738 1664 
9091 2061 2060 2068 586 
9092 2391 414 1588 1666 
9093 211 860 1869 1463 
9094 285 958 1224 1989 
9095 243 1820 1596 1705 
9096 558 2036 146 1622 
9097 1700 146 2044 1622 
9098 1675 1789 1797 1676 
9099 818 1806 825 1676 
9100 1778 802 1787 1681 
9101 1675 1797 1805 1676 
9102 1675 1797 1789 810 
9103 382 2355 2363 1646 
9104 1700 1537 2347 1646 
9105 1972 1964 1552 281 
9106 2536 2544 2537 520 
9107 1788 1623 1523 1675 
9108 2485 2493 2492 1561 
9109 663 2173 2172 656 
9110 656 2173 2165 657 
9111 2487 2486 2479 1484 
9112 1813 1805 825 1676 
9113 2364 1613 2356 1701 
9114 1746 773 766 1603 
9115 766 1746 1738 767 
9116 269 41 2284 1227 
9117 2299 283 988 55 
9118 153 2092 154 1638 
9119 1575 2080 2072 1626 
9120 806 1784 1792 1582 
9121 808 1785 1793 807 
9122 2098 619 612 1633 
9123 1762 1554 1754 1603 
9124 270 269 1876 1692 
9125 2360 380 387 1541 
9126 1755 1603 1747 1578 
9127 2335 1583 2327 351 
9128 1540 2550 2558 1648 
9129 2538 2539 522 1552 
9130 2218 2226 2225 1561 
9131 1886 1887 1878 868 
9132 2317 2325 348 1595 
9133 356 2325 2333 355 
9134 577 584 2057 1639 
9135 1489 1902 1903 1543 
9136 1973 943 1495 1515 
9137 1705 1804 1623 241 
9138 1554 1603 1762 1681 
9139 2313 2322 2314 346 
9140 354 2322 347 1695 
9141 2541 2542 2549 1540 
9142 1583 351 2335 358 
9143 1482 1612 1496 1630 
9144 2098 1566 2090 613 
9145 1566 2090 2082 1633 
9146 465 2481 2473 1573 
9147 1927 1926 1465 1644 
9148 2383 2382 2375 1666 
9149 219 1891 218 1706 
9150 1561 2240 2232 1513 
9151 719 2244 2245 726 
9152 221 1915 893 1485 
9153 217 159 1708 232 
9154 195 1723 173 246 
9155 282 1980 283 1693 
9156 834 1823 1815 1557 
9157 1542 1672 1515 1495 
9158 2068 586 2060 150 
9159 2020 2029 2021 551 
9160 2029 2038 1563 2030 
9161 11 159 1449 1232 
9162 173 15 1210 993 
9163 414 1588 421 2399 
9164 1571 2540 2548 1540 
9165 838 845 1828 1580 
9166 1791 1799 1582 813 
9167 684 2197 2196 677 
9168 1895 1887 876 1697 
9169 373 2345 2353 1640 
9170 1657 1763 1771 251 
9171 419 412 2398 1586 
9172 2414 1586 427 1588 
9173 10 144 1229 1425 
9174 158 14 990 1186 
9175 2551 532 525 1648 
9176 1673 1756 1764 782 
9177 2399 414 2391 413 
9178 450 2457 2465 1573 
9179 1654 2059 2051 578 
9180 465 458 2474 1573 
9181 1612 1971 1979 1635 
9182 1630 2221 2222 1631 
9183 454 2469 2461 1539 
9184 1514 1893 1489 1543 
9185 686 2198 2206 685 
9186 2232 1513 1466 1561 
9187 2525 2526 2517 503 
9188 2366 385 2358 384 
9189 2512 2520 2511 1477 
9190 1673 1764 1756 1658 
9191 1465 2223 2216 2215 
9192 2190 2181 2189 671 
9193 2181 670 663 1545 
9194 1931 1922 1930 907 
9195 837 1827 1819 258 
9196 844 837 1827 1577 
9197 282 1972 1980 1693 
9198 1494 1646 1620 1663 
9199 1958 1966 1959 938 
9200 2251 1473 104 1571 
9201 761 1741 1733 762 
9202 769 1741 1749 768 
9203 2376 2375 400 393 
9204 2512 2511 2520 498 
9205 610 2087 603 1626 
9206 411 2388 404 1698 
9207 1944 1945 926 1953 
9208 2561 535 542 1632 
9209 1901 1908 1909 887 
9210 2364 1698 1613 1701 
9211 638 2119 2120 1600 
9212 638 2119 2127 637 
9213 1934 923 1942 916 
9214 1704 2358 2366 1615 
9215 826 1806 1814 825 
9216 1537 2076 2068 151 
9217 43 2483 2475 1553 
9218 466 459 2475 1553 
9219 18 232 1232 1426 
9220 246 22 993 1187 
9221 232 18 1724 1426 
9222 22 246 1844 1187 
9223 3 1229 2307 1324 
9224 7 1085 2427 990 
9225 913 1929 1937 912 
9226 1928 1929 1920 905 
9227 925 1944 1943 918 
9228 1465 1489 1911 1518 
9229 708 2232 2224 709 
9230 357 2326 2334 356 
9231 2318 2326 349 1587 
9232 1693 1972 1552 281 
9233 2063 2062 581 1564 
9234 1518 1543 1895 1697 
9235 1639 2074 2081 1633 
9236 1900 887 1901 880 
9237 1918 896 903 1919 
9238 1943 1942 924 917 
9239 1631 1928 1920 1465 
9240 418 2405 425 1594 
9241 1586 1594 426 2405 
9242 1653 1810 1818 830 
9243 1477 1644 1495 1672 
9244 388 2361 2369 387 
9245 1675 1602 1676 1813 
9246 281 1964 1552 280 
9247 1917 901 1925 902 
9248 1945 920 1937 919 
9249 1921 898 1920 905 
9250 1933 1934 1941 1644 
9251 838 1829 1821 839 
9252 1837 1580 1829 1602 
9253 1699 1882 1225 1421 
9254 1676 1781 797 1558 
9255 1518 1903 1895 1543 
9256 2118 2117 636 629 
9257 1621 2101 2109 1569 
9258 1813 1602 831 1675 
9259 2481 464 2480 471 
9260 2189 670 2188 677 
9261 387 394 2368 1541 
9262 223 1931 1923 1631 
9263 1513 1544 1496 1636 
9264 1515 1672 1542 1115 
9265 2317 348 2325 349 
9266 93 4 2444 1447 
9267 1614 1677 1347 1678 
9268 942 1971 1963 228 
9269 902 895 1918 1917 
9270 2031 2024 2032 1593 
9271 555 562 2032 1593 
9272 2197 678 2190 2189 
9273 276 275 1924 1686 
9274 2477 1484 1472 1539 
9275 1552 1956 279 280 
9276 1541 2360 2368 387 
9277 2468 2477 453 460 
9278 828 1808 1809 1680 
9279 2361 381 2362 2353 
9280 249 250 1755 1578 
9281 250 1755 1763 781 
9282 8 2011 2443 987 
9283 2428 10 9 1996 
9284 745 2265 738 1664 
9285 1926 1934 1927 910 
9286 1921 1922 899 906 
9287 1946 1945 927 920 
9288 702 2216 2224 701 
9289 639 2120 2128 638 
9290 632 639 2120 1592 
9291 522 2547 2539 52 
9292 2547 529 522 1552 
9293 2354 2353 2362 381 
9294 2369 1541 2361 1640 
9295 2496 2504 2503 1476 
9296 875 1894 874 1543 
9297 1502 2540 1702 1540 
9298 824 831 1812 1675 
9299 1477 1466 1644 1672 
9300 1533 1663 1494 1695 
9301 463 2471 2479 462 
9302 456 463 2471 1528 
9303 160 161 2035 1585 
9304 2026 2035 2027 557 
9305 1962 1612 1482 1630 
9306 412 2398 2390 413 
9307 691 2213 2205 692 
9308 2486 2487 2495 1484 
9309 1558 1791 1783 805 
9310 935 1962 1963 942 
9311 814 1800 1801 821 
9312 2391 2398 2399 413 
9313 581 574 2055 1564 
9314 1653 1811 1819 1696 
9315 2214 2222 2213 1631 
9316 48 2507 47 1686 
9317 1949 1957 1950 930 
9318 1666 2391 2382 1586 
9319 2553 2545 528 1632 
9320 1466 1473 1636 1643 
9321 1391 17 1708 2140 
9322 21 2155 1152 1723 
9323 1956 929 1948 279 
9324 1926 1918 1927 1489 
9325 1772 1764 1765 1673 
9326 1696 1835 1609 259 
9327 2043 2042 2050 571 
9328 715 2240 2232 716 
9329 1657 1771 1763 1681 
9330 1657 1771 1526 252 
9331 528 2554 535 1632 
9332 2508 495 2516 1561 
9333 102 101 2235 2005 
9334 2073 604 2081 597 
9335 151 1537 2076 1638 
9336 1893 1489 874 881 
9337 1631 1921 1913 1518 
9338 218 1891 872 1699 
9339 1482 1968 1969 940 
9340 1542 1482 1967 1581 
9341 2096 1521 2104 617 
9342 1526 1787 1779 1681 
9343 695 2208 2216 694 
9344 2108 156 155 1621 
9345 155 2108 2100 621 
9346 1967 1974 1975 945 
9347 2208 2209 2200 688 
9348 2530 2529 2521 1644 
9349 2470 461 2478 462 
9350 490 2502 2510 489 
9351 361 2330 1663 2338 
9352 2267 141 2259 739 
9353 775 1757 782 1673 
9354 591 2073 2065 1639 
9355 1681 1763 1762 781 
9356 1561 1465 1614 1476 
9357 690 2202 2210 689 
9358 2218 2225 2226 703 
9359 2051 1654 1585 1658 
9360 1515 1552 1495 1672 
9361 2348 2356 62 1701 
9362 633 626 2114 1642 
9363 2178 662 669 1551 
9364 508 2522 2530 507 
9365 896 1910 1918 895 
9366 2402 1687 2395 1694 
9367 1489 874 1902 1543 
9368 2073 597 590 1575 
9369 56 2 2300 1443 
9370 6 989 2420 1204 
9371 1646 2362 2370 389 
9372 1887 869 876 1697 
9373 730 2256 2257 737 
9374 900 1915 1914 893 
9375 1489 1902 874 881 
9376 18 1232 1708 2140 
9377 993 2155 22 1723 
9378 1893 874 1489 1543 
9379 2546 1552 2554 1632 
9380 415 2401 2393 416 
9381 2401 422 415 1661 
9382 2318 349 2326 350 
9383 528 535 2553 1632 
9384 343 2319 350 1589 
9385 343 2319 2311 344 
9386 2504 2503 2512 2511 
9387 2320 2312 2319 344 
9388 344 2320 2312 345 
9389 1595 2334 2341 1704 
9390 2348 62 2356 376 
9391 2341 2348 2349 369 
9392 2225 2210 2218 1561 
9393 836 1817 829 1680 
9394 71 144 1229 2428 
9395 2518 2510 2517 496 
9396 2234 2242 718 717 
9397 1324 2307 33 340 
9398 1085 438 92 2427 
9399 2185 2178 2177 668 
9400 2480 1528 2472 1573 
9401 2233 2225 2234 1561 
9402 2118 636 2117 1569 
9403 1955 1954 1947 1630 
9404 1963 1962 1955 1630 
9405 1496 1544 2252 1635 
9406 1630 1496 1513 1544 
9407 2347 75 76 1700 
9408 2538 2546 2537 1477 
9409 1496 1612 1482 1636 
9410 2365 1527 1701 1704 
9411 2109 622 2101 621 
9412 1627 2079 2071 595 
9413 1937 1929 1936 912 
9414 2042 570 2050 571 
9415 2042 570 563 1641 
9416 584 2058 2066 1639 
9417 85 2011 990 158 
9418 2357 377 2349 376 
9419 370 2341 2349 369 
9420 2416 2407 2415 428 
9421 427 420 2407 1588 
9422 2528 2535 2536 512 
9423 1747 1755 1746 1603 
9424 2074 1566 2075 599 
9425 1494 1663 1620 1695 
9426 42 2459 2467 452 
9427 2240 2241 2249 1513 
9428 2097 611 2088 2096 
9429 1802 816 823 1653 
9430 1790 1558 812 1707 
9431 1936 1466 1465 1631 
9432 1938 1939 1947 1630 
9433 1950 1482 1542 1644 
9434 2255 2247 2256 1550 
9435 634 2123 641 1584 
9436 2263 2255 736 1550 
9437 2512 2504 1465 1561 
9438 2463 448 2462 455 
9439 1575 2073 1656 1633 
9440 1749 1748 1756 775 
9441 468 2486 2485 1484 
9442 1566 2091 2083 606 
9443 807 1785 1784 800 
9444 1631 1913 1485 1518 
9445 2194 676 2186 675 
9446 625 2113 2105 626 
9447 633 2113 2121 632 
9448 1906 1485 1913 1518 
9449 1890 1570 871 1699 
9450 2201 2200 2193 1512 
9451 378 385 2358 1615 
9452 280 2547 2296 52 
9453 2185 2193 2184 1549 
9454 728 2255 2247 729 
9455 2481 1476 2480 1573 
9456 2254 2246 2255 1513 
9457 1584 2106 2114 627 
9458 1971 1978 1979 949 
9459 2050 2041 2049 570 
9460 2245 2253 2246 727 
9461 430 2409 2410 1694 
9462 404 2388 2380 1698 
9463 725 2242 2250 724 
9464 2101 2108 2109 621 
9465 6 2420 989 70 
9466 2 56 1228 1443 
9467 1485 1512 2197 1631 
9468 352 2329 359 1662 
9469 2321 2329 352 1662 
9470 781 1763 788 1681 
9471 1700 2044 146 147 
9472 1819 1577 837 1653 
9473 2503 2504 2496 484 
9474 2214 2207 2206 693 
9475 2182 672 2183 665 
9476 144 10 2012 1425 
9477 14 158 2132 1186 
9478 1937 1930 1929 913 
9479 1779 1787 802 1681 
9480 2183 672 2182 1512 
9481 2543 1536 2551 1648 
9482 1472 2485 2484 1561 
9483 1718 241 1705 2150 
9484 1581 1969 1977 1612 
9485 46 2491 2499 480 
9486 2222 2221 1630 2229 
9487 1508 1566 2099 1705 
9488 1466 1636 1482 1672 
9489 156 2108 628 1621 
9490 370 2341 363 1704 
9491 1489 1543 1518 1677 
9492 465 2473 458 1573 
9493 465 2473 2481 464 
9494 812 1558 1791 1707 
9495 269 20 1868 1411 
9496 24 283 1988 1172 
9497 2370 389 2371 1646 
9498 2284 247 1228 56 
9499 261 2299 989 70 
9500 686 2206 2207 693 
9501 2223 2222 2214 1631 
9502 2043 2050 1654 571 
9503 536 1552 2555 1693 
9504 2183 672 2191 673 
9505 2236 2244 191 1630 
9506 388 2370 395 1640 
9507 627 2114 1584 634 
9508 2351 2359 378 1649 
9509 430 2410 2409 423 
9510 1541 2352 2344 1649 
9511 715 2231 2232 1513 
9512 514 2538 2530 515 
9513 2512 2513 2504 492 
9514 2497 486 2498 479 
9515 60 59 2332 1657 
9516 2370 2371 2378 1532 
9517 163 2051 162 1658 
9518 2516 2235 2508 1561 
9519 1818 1653 1604 1680 
9520 2227 704 2219 1561 
9521 2393 1694 2401 1661 
9522 102 2524 2516 502 
9523 2097 612 2089 611 
9524 450 2465 2457 451 
9525 458 2465 2473 457 
9526 1763 1578 250 1657 
9527 46 2499 2491 1686 
9528 2105 1642 2113 1651 
9529 1675 1805 1797 817 
9530 1883 1699 1225 1706 
9531 1701 2341 2349 1704 
9532 2370 2371 389 396 
9533 2199 2200 680 687 
9534 1696 2380 2372 65 
9535 1696 2380 2388 1698 
9536 1852 2284 1 1227 
9537 2299 24 988 1867 
9538 143 13 2283 1207 
9539 612 619 2097 1633 
9540 2522 2523 2530 1644 
9541 2518 2519 2526 1502 
9542 454 2470 2469 1539 
9543 2376 1649 1541 1666 
9544 348 341 2317 1595 
9545 341 2317 2309 342 
9546 402 2386 2378 403 
9547 2205 2206 685 692 
9548 706 2229 2230 713 
9549 1465 2504 1476 1561 
9550 2543 2551 1536 526 
9551 1541 2368 2360 1649 
9552 1916 1924 275 1686 
9553 150 149 2060 1537 
9554 2254 2255 2246 728 
9555 1942 1941 1950 923 
9556 2355 76 77 1537 
9557 2115 170 171 1596 
9558 606 613 2090 1566 
9559 1950 1949 1941 1644 
9560 1933 1941 1934 916 
9561 2071 2070 595 588 
9562 1791 1582 1799 1707 
9563 563 2041 1641 570 
9564 2273 745 752 1664 
9565 99 2500 2492 481 
9566 2502 2493 2510 482 
9567 2373 397 390 1698 
9568 1778 795 802 1681 
9569 2042 2034 2035 1585 
9570 244 1820 1828 1596 
9571 2373 2374 2366 391 
9572 2210 2218 697 696 
9573 696 2225 2218 703 
9574 2173 663 2181 664 
9575 1512 2190 2182 1545 
9576 2329 359 2337 360 
9577 823 1811 1803 256 
9578 2175 2183 2174 1512 
9579 987 2564 8 1208 
9580 2228 712 2229 705 
9581 2369 394 387 1541 
9582 1799 819 812 1707 
9583 1818 1604 836 1680 
9584 601 2078 2086 1627 
9585 1763 1578 1657 1681 
9586 2533 2525 2526 1502 
9587 1502 2535 2543 1536 
9588 2524 2532 2525 509 
9589 1883 865 1225 1699 
9590 1512 1549 1472 1614 
9591 793 1777 1769 794 
9592 2491 2483 45 1686 
9593 2406 426 419 1586 
9594 420 1586 427 2406 
9595 2528 2520 506 1477 
9596 2486 2494 2495 476 
9597 499 506 2520 2521 
9598 2496 485 2497 478 
9599 1819 837 830 1653 
9600 1651 2121 632 1592 
9601 2205 2206 2214 1631 
9602 1489 1553 1514 1677 
9603 1769 1778 1777 1616 
9604 388 2370 2362 389 
9605 2097 1656 2089 1633 
9606 2191 2184 2183 673 
9607 2467 43 1553 1692 
9608 1639 2081 2074 598 
9609 1653 1818 1810 1680 
9610 2081 1656 2073 1633 
9611 2559 2567 2558 1648 
9612 1797 817 810 1675 
9613 1473 2234 2235 1561 
9614 1910 1918 1919 896 
9615 562 1652 555 2033 
9616 707 714 2230 2231 
9617 245 230 2153 1464 
9618 2482 2483 2491 1686 
9619 2498 2491 2490 480 
9620 1795 1613 1803 1653 
9621 2153 172 245 1464 
9622 2542 2549 2550 524 
9623 2321 352 2329 353 
9624 243 1820 244 1596 
9625 43 2475 459 1553 
9626 1566 2083 2091 1623 
9627 2231 2223 2224 1466 
9628 2220 2221 2228 1630 
9629 1740 761 1741 1601 
9630 2086 2093 2094 608 
9631 2375 1666 2374 1615 
9632 953 946 1976 1581 
9633 1985 1976 1984 954 
9634 806 1791 1783 1582 
9635 2559 532 2558 539 
9636 1822 1814 1815 1707 
9637 2068 593 2069 586 
9638 2076 2069 2068 593 
9639 1616 1794 1801 1680 
9640 2222 2231 2223 707 
9641 2495 477 484 2496 
9642 2520 498 2519 505 
9643 542 535 2562 1632 
9644 2530 2521 2529 507 
9645 2513 2514 2522 1644 
9646 2538 1477 2539 1552 
9647 1484 2479 2471 455 
9648 257 1811 1819 830 
9649 2478 2479 462 469 
9650 2495 1484 1476 1561 
9651 2546 2538 522 1552 
9652 465 2481 2482 472 
9653 349 342 2318 1587 
9654 342 2318 2310 343 
9655 2228 190 2236 712 
9656 2245 2244 2236 1630 
9657 370 2350 2342 371 
9658 628 2117 2109 629 
9659 636 2117 2125 635 
9660 1935 1465 1466 1644 
9661 2507 2499 47 1686 
9662 2086 601 2085 608 
9663 2179 669 662 1551 
9664 874 1902 1894 881 
9665 2208 687 2199 2207 
9666 2231 2232 708 715 
9667 1756 235 1579 1658 
9668 480 2490 2498 479 
9669 53 529 2547 1552 
9670 2555 1552 53 1693 
9671 1782 797 1676 804 
9672 390 2373 2365 391 
9673 1790 1676 1782 1558 
9674 805 1783 1782 798 
9675 2468 2460 2477 1539 
9676 2506 2498 2505 486 
9677 1811 1613 256 1696 
9678 1631 1466 2230 1630 
9679 1891 879 872 1699 
9680 504 2519 2518 497 
9681 2495 483 476 2494 
9682 1892 1884 1553 271 
9683 2351 378 2359 379 
9684 788 1763 1771 1681 
9685 1947 1938 1946 921 
9686 908 1924 1932 276 
9687 2495 2494 2486 1561 
9688 19 247 1423 1228 
9689 261 23 1184 989 
9690 1764 782 1765 1673 
9691 1955 1962 1963 935 
9692 194 1464 2153 1635 
9693 709 2232 2233 716 
9694 2208 2209 688 695 
9695 606 599 2083 1566 
9696 363 2342 370 1704 
9697 577 2058 584 1639 
9698 2073 591 598 1639 
9699 2505 1644 1476 1686 
9700 1814 1822 1676 1707 
9701 2208 2217 2209 695 
9702 2374 2375 2382 1666 
9703 1539 1357 1458 1484 
9704 1963 1970 1971 942 
9705 1959 1966 1967 938 
9706 887 1900 1908 273 
9707 2480 2473 2472 464 
9708 2494 2510 2495 2502 
9709 1653 1794 1802 816 
9710 1635 1971 1963 1496 
9711 593 2068 2076 151 
9712 1968 1976 1969 947 
9713 2219 135 2211 697 
9714 2518 2517 503 496 
9715 482 2494 2493 475 
9716 1943 1934 1942 917 
9717 1944 1482 1934 1644 
9718 1935 1936 911 918 
9719 904 1927 1928 911 
9720 1615 2350 2358 378 
9721 1934 917 1935 910 
9722 1927 903 1926 910 
9723 837 844 1604 1577 
9724 1927 1465 1926 1489 
9725 909 1934 1926 910 
9726 2542 1540 1502 1648 
9727 717 2233 710 2234 
9728 696 2209 689 2210 
9729 1798 812 1790 811 
9730 1928 1929 905 912 
9731 791 1774 1775 798 
9732 1947 1939 1938 921 
9733 1946 921 1938 920 
9734 2546 2554 1552 529 
9735 1613 1803 1811 256 
9736 1577 1653 1819 1696 
9737 2210 1472 2209 2202 
9738 1597 2077 594 2069 
9739 909 1934 916 1933 
9740 163 2059 2051 1658 
9741 2470 2469 1484 461 
9742 2516 495 502 2517 
9743 63 2364 64 1613 
9744 1781 1773 1506 1673 
9745 102 2438 2243 1473 
9746 2235 2234 718 711 
9747 1934 1941 1942 923 
9748 2078 601 2077 1627 
9749 739 2259 2258 732 
9750 383 2356 2364 63 
9751 523 2549 2541 524 
9752 2201 2209 1472 2202 
9753 829 1818 836 1680 
9754 1542 1967 1975 1581 
9755 1553 2474 2466 1573 
9756 1466 1513 2230 1630 
9757 1969 1961 941 1612 
9758 1790 811 804 1676 
9759 373 2353 2345 374 
9760 1963 1955 227 1630 
9761 1925 1916 1924 901 
9762 1584 2115 2123 1596 
9763 1558 1582 1791 1707 
9764 2220 2228 2221 705 
9765 2116 2124 1569 2117 
9766 2116 157 156 1621 
9767 1923 1915 222 1631 
9768 386 2368 2360 387 
9769 2549 530 523 1540 
9770 1945 1954 1953 1630 
9771 2485 2492 2493 474 
9772 1955 928 1954 935 
9773 2076 2077 593 600 
9774 498 2520 2512 499 
9775 2402 424 2395 417 
9776 1790 1676 1558 1707 
9777 2376 2383 2384 400 
9778 2073 2081 1639 598 
9779 2063 2071 2062 1564 
9780 2224 2216 2223 701 
9781 1580 1596 1820 1705 
9782 1518 1614 1489 1677 
9783 2090 1566 2098 1633 
9784 1357 1528 1484 1678 
9785 595 2078 2070 1627 
9786 1473 1513 1466 1636 
9787 1484 2470 2462 1539 
9788 2495 2496 2487 477 
9789 2499 2506 2507 487 
9790 822 1810 1802 823 
9791 829 1818 1810 830 
9792 1795 1803 1613 255 
9793 454 2461 447 1539 
9794 813 1791 806 1582 
9795 418 2397 2396 411 
9796 2494 2502 2495 483 
9797 2379 2378 2387 403 
9798 1970 1978 1971 949 
9799 410 2386 2394 409 
9800 1916 275 1924 901 
9801 2340 2341 2348 1701 
9802 1900 1901 1908 1686 
9803 2097 618 2096 1656 
9804 1495 1965 1973 1542 
9805 185 1485 2196 1631 
9806 1862 2531 279 51 
9807 2209 2210 2217 1561 
9808 814 1801 1793 815 
9809 1554 1754 1753 780 
9810 1465 1518 1920 1631 
9811 2348 62 61 1701 
9812 274 1916 1908 894 
9813 46 1686 1857 274 
9814 1721 2153 171 1596 
9815 1920 1928 1919 1465 
9816 102 2235 101 2516 
9817 1810 823 830 1653 
9818 1852 2 2284 1228 
9819 2299 989 23 1867 
9820 2088 2096 1626 1656 
9821 2428 1229 10 1996 
9822 2443 2011 7 990 
9823 454 2461 2469 453 
9824 2071 589 596 1626 
9825 2462 448 2463 1528 
9826 2472 2465 2464 457 
9827 1575 2073 604 1656 
9828 1676 1806 1798 818 
9829 712 2236 2237 719 
9830 255 1795 254 1613 
9831 819 1798 1806 818 
9832 1653 1802 1810 823 
9833 41 42 2459 1692 
9834 2366 2358 385 1615 
9835 2077 2076 2069 1597 
9836 473 2482 2490 472 
9837 2229 2237 2228 1630 
9838 1785 1794 1529 1786 
9839 825 1805 818 1676 
9840 2472 1528 2464 1573 
9841 799 1783 1775 1582 
9842 806 1783 1791 805 
9843 2099 1623 168 1705 
9844 1630 1635 2252 192 
9845 473 2483 2482 466 
9846 1553 2482 2474 1573 
9847 1909 1908 894 887 
9848 2153 1721 193 1635 
9849 148 147 2044 1700 
9850 2503 2511 2504 491 
9851 2510 2509 2501 1561 
9852 1537 2052 2001 149 
9853 2039 567 2047 568 
9854 799 1784 1776 800 
9855 2512 1477 2510 1561 
9856 9 129 2163 1446 
9857 66 2388 67 1696 
9858 1940 278 1948 922 
9859 186 2196 2204 1631 
9860 55 2563 54 1693 
9861 2197 2204 2205 684 
9862 664 2181 2182 671 
9863 1790 1782 805 1558 
9864 2073 1633 1575 1639 
9865 2394 2393 2386 1687 
9866 242 1812 1804 824 
9867 2482 2491 2483 473 
9868 1630 2252 1544 2244 
9869 1950 1542 1495 1644 
9870 1465 1466 2223 1631 
9871 2062 2071 2070 1627 
9872 585 2067 2059 164 
9873 240 239 1788 1623 
9874 881 1893 1489 1901 
9875 1785 801 1777 800 
9876 1792 1784 1793 1616 
9877 2373 1698 2365 1527 
9878 2089 605 2081 604 
9879 1813 1675 1805 1676 
9880 1575 2072 2080 597 
9881 1935 1944 1466 1936 
9882 2245 2236 2244 719 
9883 489 2510 482 2502 
9884 2505 2504 2513 492 
9885 936 1957 1965 1495 
9886 596 2080 2072 597 
9887 2514 493 2513 500 
9888 2505 493 2506 486 
9889 2225 2218 2210 696 
9890 465 2482 2481 1573 
9891 2505 2513 2506 493 
9892 2230 2222 2229 706 
9893 2376 2368 2367 393 
9894 1566 2082 2090 606 
9895 1819 1696 1827 1577 
9896 1883 217 218 1706 
9897 1686 1926 1465 1489 
9898 584 2066 2058 585 
9899 699 706 2221 2222 
9900 480 2491 2490 473 
9901 2523 2515 278 1644 
9902 152 2076 2084 1638 
9903 1764 1765 782 789 
9904 2483 466 2475 1553 
9905 1502 1536 2543 1648 
9906 1792 1800 1793 814 
9907 943 1495 1964 936 
9908 1495 1552 1477 1672 
9909 605 2090 2082 606 
9910 1502 1702 2540 1473 
9911 1613 2356 1526 63 
9912 102 1473 2235 2516 
9913 1676 1789 1523 1675 
9914 2393 2385 2386 1687 
9915 1782 1676 1790 804 
9916 2068 151 150 1537 
9917 1749 768 1748 775 
9918 1654 2066 2075 592 
9919 1654 2058 2066 585 
9920 492 2513 499 2512 
9921 2504 492 2505 485 
9922 1914 1923 1915 900 
9923 392 2375 2367 393 
9924 251 252 1771 1657 
9925 2229 2230 2238 1630 
9926 2361 1541 380 1640 
9927 822 1801 815 1680 
9928 590 597 2072 1575 
9929 1798 1790 812 1707 
9930 2394 410 417 1687 
9931 1903 1518 1489 1543 
9932 816 1803 1795 255 
9933 1472 1484 2485 1561 
9934 2102 2110 2103 623 
9935 1502 2518 2511 2510 
9936 707 2222 700 2223 
9937 700 693 2215 2214 
9938 819 1807 826 1707 
9939 228 1963 227 1630 
9940 2531 508 2530 515 
9941 1523 1781 1780 803 
9942 2115 1596 1584 1705 
9943 2210 1472 2211 1561 
9944 1926 1925 1917 1686 
9945 1796 810 1788 240 
9946 1514 1553 1489 1686 
9947 1707 1822 1676 1602 
9948 2232 2240 1561 2233 
9949 506 2520 2521 1477 
9950 2058 578 585 1654 
9951 1915 1485 221 1631 
9952 2097 2096 618 611 
9953 1811 1653 1613 1696 
9954 186 2204 2196 684 
9955 2511 498 2512 491 
9956 2332 2333 2340 1701 
9957 2505 2504 2496 1476 
9958 1537 2347 2355 76 
9959 382 2363 2355 77 
9960 2207 1512 1465 1631 
9961 1946 1938 1947 1630 
9962 2087 1627 2079 1626 
9963 2065 584 591 1639 
9964 1917 1909 1908 894 
9965 1819 1827 1696 258 
9966 353 2329 2330 360 
9967 2339 2338 368 361 
9968 1764 237 236 1658 
9969 164 2059 163 1658 
9970 2339 74 75 1700 
9971 1485 1545 1512 1614 
9972 2059 2067 1530 164 
9973 2363 2371 389 1646 
9974 1473 1643 1502 1702 
9975 1630 1513 1496 1466 
9976 1476 1528 2480 1573 
9977 1763 250 251 1657 
9978 65 2380 66 1696 
9979 2233 2242 2234 717 
9980 2510 2511 490 497 
9981 1496 1612 1963 1630 
9982 191 2244 192 1630 
9983 813 1800 1792 814 
9984 1805 1675 1813 824 
9985 2522 501 2514 500 
9986 98 2484 2492 1561 
9987 1630 1938 1939 1631 
9988 98 1472 2484 1561 
9989 1770 788 795 1681 
9990 1796 1788 810 1675 
9991 2211 2210 2203 1472 
9992 1466 1496 1482 1636 
9993 2188 2180 670 1545 
9994 2062 2071 2063 588 
9995 1891 1699 218 1706 
9996 12 17 1391 2140 
9997 2155 21 1152 16 
9998 1597 2053 2070 1627 
9999 2372 2364 390 1698 
10000 2369 2361 1541 387 
10001 1465 1476 1644 1686 
10002 489 2509 2510 496 
10003 912 1937 919 1936 
10004 60 2340 2332 362 
10005 11 159 2019 1449 
10006 173 15 2139 1210 
10007 902 1926 909 1925 
10008 1484 1561 1678 1476 
10009 596 603 2079 1626 
10010 1880 869 862 1697 
10011 2479 2470 2478 462 
10012 710 2225 703 2226 
10013 1803 823 816 1653 
10014 1901 1514 1489 1686 
10015 8 13 2011 987 
10016 9 10 2428 4 
10017 45 1900 2483 2288 
10018 907 1923 1922 900 
10019 1686 1465 1926 1644 
10020 913 920 1937 1938 
10021 822 1802 1810 1680 
10022 1615 2359 378 385 
10023 372 2351 2352 379 
10024 1465 1476 2504 1644 
10025 2076 1537 1597 1638 
10026 1658 2059 1530 164 
10027 1482 1496 1466 1630 
10028 1797 811 1789 810 
10029 392 385 2367 1615 
10030 2221 2228 2229 705 
10031 596 2072 2080 1626 
10032 2502 2510 2503 490 
10033 1756 236 235 1658 
10034 1900 1908 1901 887 
10035 1465 1512 2208 1561 
10036 397 2381 404 1698 
10037 1544 2252 2260 733 
10038 1472 1484 1678 1684 
10039 2075 2066 2074 592 
10040 2345 2353 1663 374 
10041 2539 2531 2538 515 
10042 601 2077 2085 600 
10043 1465 2216 1466 1561 
10044 2213 2205 2204 691 
10045 98 2492 2484 474 
10046 704 2218 2219 1561 
10047 1804 817 1796 241 
10048 1623 1796 1804 1675 
10049 606 2082 599 1566 
10050 793 1776 1777 800 
10051 1676 1790 1798 1707 
10052 1613 2364 2372 1698 
10053 862 869 1879 1697 
10054 915 1933 1941 1644 
10055 2224 2216 1466 2223 
10056 1466 1477 1465 1561 
10057 487 2498 2506 486 
10058 1676 1798 1790 811 
10059 388 2362 2370 1640 
10060 22 15 2155 993 
10061 1232 18 11 2140 
10062 818 1797 1805 817 
10063 1696 1819 257 1811 
10064 1646 2354 2346 1663 
10065 374 367 2346 1663 
10066 2366 385 392 1615 
10067 819 1798 812 1707 
10068 598 2082 2074 599 
10069 166 167 2083 1623 
10070 1948 1495 1949 929 
10071 2349 2348 2357 376 
10072 2365 2357 384 1704 
10073 377 2358 384 1704 
10074 2498 2490 2497 479 
10075 19 247 1731 1423 
10076 261 23 1851 1184 
10077 1931 1938 1930 1631 
10078 2354 375 382 1646 
10079 1925 1926 1933 1644 
10080 1678 1561 1484 1472 
10081 77 78 2363 1537 
10082 2378 2379 2371 396 
10083 382 2362 2354 1646 
10084 2216 2215 701 694 
10085 2082 2081 2089 605 
10086 386 2359 2367 385 
10087 2496 2488 2489 1476 
10088 228 229 1971 1635 
10089 2079 2078 2087 602 
10090 507 2522 2521 500 
10091 1630 2220 2221 1631 
10092 2164 182 2141 1706 
10093 596 2071 2079 595 
10094 2087 603 2079 602 
10095 2080 1626 1575 1656 
10096 806 1792 813 1582 
10097 2531 2523 2530 508 
10098 2216 2217 695 702 
10099 2346 374 2354 375 
10100 1477 1536 1502 1643 
10101 1526 1779 1771 1681 
10102 488 2509 495 1561 
10103 2517 2510 1502 1561 
10104 1913 1914 1922 1631 
10105 2226 704 711 1561 
10106 2339 2338 2347 368 
10107 2233 2234 2225 710 
10108 417 2394 2402 416 
10109 816 1795 1803 1653 
10110 2067 592 585 1654 
10111 1769 1777 1768 1616 
10112 597 2081 2073 598 
10113 1921 1929 1922 906 
10114 815 1802 822 1680 
10115 1638 2371 1537 1646 
10116 2476 2484 97 1472 
10117 1785 1793 1794 808 
10118 2521 1644 2529 1477 
10119 2363 389 2371 78 
10120 2222 2223 1466 1631 
10121 1623 1796 1788 240 
10122 790 1765 1773 789 
10123 242 1705 241 1804 
10124 1973 1515 1495 1542 
10125 2099 168 169 1705 
10126 399 2383 2375 400 
10127 915 1941 1940 1644 
10128 865 872 1882 1699 
10129 2484 2485 2492 1561 
10130 1623 1788 1796 1675 
10131 167 168 2091 1623 
10132 2508 2516 495 101 
10133 488 495 2508 1561 
10134 136 2227 101 137 
10135 2089 612 2090 605 
10136 2227 711 704 1561 
10137 2073 1639 2081 1633 
10138 2087 609 2086 1627 
10139 2383 2375 2382 399 
10140 1852 1 20 1227 
10141 988 5 24 2299 
10142 1771 795 1779 252 
10143 384 2357 2365 383 
10144 601 2086 2078 602 
10145 2372 390 2364 64 
10146 2288 2483 45 44 
10147 610 2096 2088 611 
10148 1128 1477 1121 1552 
10149 1466 1513 1496 1636 
10150 360 2338 367 1663 
10151 360 2338 2330 361 
10152 2504 1476 2505 1644 
10153 1472 1539 1484 1684 
10154 596 589 2072 1626 
10155 1613 2372 2364 64 
10156 2071 1564 1626 1627 
10157 377 2349 370 1704 
10158 585 592 2066 1654 
10159 1949 1495 1948 1644 
10160 804 811 1789 1676 
10161 2210 697 2211 690 
10162 2061 579 2060 586 
10163 1883 872 865 1699 
10164 1613 2372 1696 1698 
10165 2208 2209 2217 1561 
10166 703 2217 2225 702 
10167 894 1916 1917 901 
10168 829 1809 822 1680 
10169 810 817 1796 1675 
10170 684 2205 2197 685 
10171 2367 1615 2359 1649 
10172 2367 2359 1615 385 
10173 1561 2208 2200 1512 
10174 224 1931 1939 914 
10175 1939 1938 1931 1631 
10176 2492 2493 2500 1561 
10177 2500 488 2508 1561 
10178 1779 802 1787 253 
10179 2210 2211 2219 1561 
10180 2227 2219 135 1561 
10181 1575 604 2073 597 
10182 134 2211 1472 1561 
10183 1472 1512 1465 1561 
10184 2213 2212 2204 1631 
10185 2230 1466 2231 1513 
10186 2499 480 2498 487 
10187 1644 2506 2507 1686 
10188 901 1924 1925 908 
10189 1485 1518 1465 1631 
10190 1627 2071 2079 1626 
10191 2528 2511 1477 1502 
10192 1783 799 806 1582 
10193 1931 1930 1922 1631 
10194 388 395 2369 1640 
10195 806 799 1784 1582 
10196 487 2506 2507 494 
10197 788 1771 1763 251 
10198 1947 1946 928 921 
10199 2088 604 2080 603 
10200 823 1811 830 1653 
10201 1662 1663 1533 1695 
10202 61 2348 2340 369 
10203 2075 592 2074 599 
10204 2088 2080 604 1656 
10205 193 192 2252 1635 
10206 404 2380 2388 66 
10207 189 2149 1630 190 
10208 370 2350 377 1704 
10209 2505 2506 2513 1644 
10210 2153 245 172 1596 
10211 1908 1917 1916 1686 
10212 1472 1678 1614 1684 
10213 1949 1950 1495 1644 
10214 2462 1528 1484 1539 
10215 2380 397 2372 65 
10216 2212 2220 188 1631 
10217 915 908 1933 1644 
10218 1934 1942 1941 1644 
10219 10 3 1229 2428 
10220 802 795 1779 1681 
10221 2531 2530 2523 1644 
10222 382 2354 2362 381 
10223 1566 1633 2074 1639 
10224 819 826 1806 1707 
10225 2011 14 7 990 
10226 1465 1512 1485 1631 
10227 2492 2500 99 1561 
10228 151 2076 152 1638 
10229 2219 2211 135 1561 
10230 2354 1646 1640 1663 
10231 1916 1917 1908 894 
10232 805 1782 1783 1558 
10233 1571 1702 2540 1540 
10234 152 2084 153 1638 
10235 80 2379 79 1638 
10236 2482 1553 1476 1573 
10237 1852 19 2 1228 
10238 23 6 989 2299 
10239 386 2367 2368 393 
10240 369 2348 2349 376 
10241 230 1464 194 1635 
10242 1793 1785 1784 807 
10243 2515 2507 48 1644 
10244 2500 488 2501 481 
10245 383 2357 2356 376 
10246 704 2219 2218 697 
10247 2224 2225 2232 1561 
10248 2499 2498 2491 1686 
10249 1514 1543 1489 1677 
10250 1925 1933 1926 909 
10251 806 1792 1784 807 
10252 1616 1784 1776 1582 
10253 1949 1948 1940 1644 
10254 915 1940 277 1644 
10255 1615 1649 2367 1666 
10256 2080 603 596 1626 
10257 1908 1909 1917 1686 
10258 585 578 2059 1654 
10259 99 98 2492 1561 
10260 2375 2376 2383 1666 
10261 134 135 2211 1561 
10262 2346 2354 374 1663 
10263 915 1932 908 1644 
10264 2506 2507 2515 1644 
10265 2352 2351 2360 379 
10266 2074 591 2066 1639 
10267 501 2523 2515 49 
10268 914 1931 1930 907 
10269 2500 2493 2492 481 
10270 2210 2219 2211 697 
10271 389 2362 382 1646 
10272 223 1923 1931 907 
10273 2074 2066 591 592 
10274 2070 594 1627 2078 
10275 2070 1627 594 1597 
10276 1954 1947 1946 928 
10277 594 2069 2077 593 
10278 397 2372 390 1698 
10279 822 1810 829 1680 
10280 1537 2363 2355 1646 
10281 1489 1476 1553 1677 
10282 1785 1794 1786 808 
10283 2355 382 375 1646 
10284 2214 2213 2222 699 
10285 2376 2367 2368 1649 
10286 1949 922 1948 929 
10287 223 186 2204 1631 
10288 256 1862 50 278 
10289 1561 2225 2216 2224 
10290 274 1916 275 1686 
10291 2229 2228 2237 712 
10292 914 1938 1939 921 
10293 1489 1614 1476 1677 
10294 2089 2081 2082 1633 
10295 1940 1948 278 1644 
10296 2354 2362 2353 1640 
10297 171 244 1721 1596 
10298 1476 1553 2482 1686 
10299 497 2518 2511 2519 
10300 936 1956 1964 280 
10301 46 47 2499 1686 
10302 1678 1614 1561 1472 
10303 698 2220 2221 705 
10304 818 1797 811 1676 
10305 1537 2355 2363 77 
10306 491 2503 484 2504 
10307 101 136 2508 2227 
10308 2224 708 701 2223 
10309 135 2219 2227 136 
10310 229 193 1721 1635 
10311 1923 222 223 1631 
10312 2531 2539 279 51 
10313 1654 2066 2058 1639 
10314 2502 483 490 2503 
10315 1937 1946 1945 1630 
10316 508 2523 2522 501 
10317 2357 1701 2349 1704 
10318 2225 702 2224 709 
10319 1654 2075 2066 1639 
10320 79 2371 78 1638 
10321 101 2508 136 100 
10322 101 2508 2235 2227 
10323 1938 1937 1930 1631 
10324 2204 186 223 187 
10325 383 2356 2357 1701 
10326 824 1804 817 1675 
10327 2353 380 2361 381 
10328 1476 1677 1614 1678 
10329 384 2357 377 1704 
10330 2511 2503 2510 490 
10331 482 2502 2494 483 
10332 2149 225 1630 1717 
10333 474 2493 2485 475 
10334 1784 1785 1776 800 
10335 2209 2210 2202 689 
10336 1482 1581 1542 1672 
10337 1616 1792 1784 1582 
10338 915 1940 1941 922 
10339 1939 1931 1938 914 
10340 2494 2493 2502 482 
10341 1949 1940 1948 922 
10342 257 1819 1696 1863 
10343 2209 2217 2210 696 
10344 908 1932 1924 1644 
10345 1630 1939 2220 1631 
10346 2491 45 46 1686 
10347 2070 2062 2053 587 
10348 595 2079 2078 1627 
10349 691 2212 2213 698 
10350 2523 2515 2514 501 
10351 501 2515 2514 494 
10352 1784 1776 1785 1616 
10353 227 1955 226 1630 
10354 2505 2506 1644 1686 
10355 371 2343 2351 1649 
10356 1948 279 278 1644 
10357 1561 1614 1678 1476 
10358 2525 2516 2517 1561 
10359 1473 2235 2234 718 
10360 1489 1553 1476 1686 
10361 1939 1716 188 224 
10362 2517 2516 495 1561 
10363 2349 2357 2348 1701 
10364 2234 711 2235 1561 
10365 1477 1552 1495 1644 
10366 598 591 2074 1639 
10367 169 170 2107 1705 
10368 1573 1677 1476 1678 
10369 188 2220 1939 1631 
10370 1924 1686 1932 276 
10371 1926 1644 1925 1686 
10372 1771 795 788 1681 
10373 48 1644 2507 1686 
10374 908 1933 1925 909 
10375 1476 1573 1553 1677 
10376 915 1941 1933 916 
10377 1908 1857 1686 274 
10378 1465 1489 1476 1686 
10379 497 2510 2518 496 
10380 190 2236 191 1630 
10381 711 2226 2234 710 
10382 256 1613 1861 2293 
10383 389 382 2363 1646 
10384 2217 2225 696 703 
10385 492 2513 2505 493 
10386 1792 1793 1784 807 
10387 2530 2521 2522 1644 
10388 584 2066 591 1639 
10389 2508 488 2500 100 
10390 135 2227 2003 136 
10391 277 1932 915 1644 
10392 397 404 2380 1698 
10393 1465 1512 1472 1614 
10394 188 1939 2220 189 
10395 2070 2078 595 594 
10396 1717 1630 2149 190 
10397 172 2123 171 1596 
10398 1793 1784 1785 1616 
10399 1857 60 45 2289 
10400 61 1657 1857 2289 
10401 1861 1613 256 255 
10402 54 69 2298 1866 
10403 253 275 2290 1858 
10404 98 1472 2433 97 
10405 1866 55 70 2298 
10406 69 259 2297 68 
10407 49 2515 1861 2293 
10408 274 252 2290 1858 
10409 54 69 1865 2297 
10410 2285 269 247 1853 
10411 141 83 2440 2008 
10412 248 270 2285 1853 
10413 2004 136 101 137 
10414 2150 241 226 1718 
10415 1998 73 95 2430 
10416 244 2152 229 1720 
10417 1705 1719 169 2151 
10418 169 1705 1718 242 
10419 1719 1705 170 2151 
10420 225 167 2149 189 
10421 2149 190 168 1717 
10422 1997 71 93 129 
10423 164 1714 186 2146 
10424 1711 183 161 2143 
10425 1997 1325 72 2429 
10426 183 1710 161 2142 
10427 83 155 2440 2008 
10428 183 220 2143 1711 
10429 75 2433 133 97 
10430 182 2142 1706 183 
10431 1709 160 182 2141 
10432 186 223 2146 1714 
10433 181 159 1709 2141 
10434 72 1622 2430 73 
10435 1596 1720 170 2152 
10436 85 143 2010 2442 
10437 136 2436 151 2004 
10438 2442 142 2010 157 
10439 1932 277 1860 1644 
10440 587 2070 2062 588 
10441 244 1828 245 1596 
10442 371 2351 2343 372 
10443 1465 1518 1485 1614 
10444 2221 2220 2212 1631 
10445 2212 691 2204 187 
10446 1528 1573 1476 1678 
10447 1859 48 254 2291 
10448 2002 98 76 2434 
10449 2294 257 51 1862 
10450 1631 1715 223 224 
10451 163 1658 2144 236 
10452 223 2147 165 1715 
10453 2435 100 78 2003 
10454 1859 253 47 2291 
10455 51 2294 2531 50 
10456 78 2435 1537 77 
10457 2439 104 155 2007 
10458 77 1537 2434 150 
10459 184 162 1712 2144 
10460 154 139 2439 2007 
10461 2153 171 193 1721 
10462 64 1860 49 2292 
10463 2288 60 273 1856 
10464 67 280 1864 2296 
10465 67 280 2295 1863 
10466 1855 44 250 2287 
10467 1854 271 58 2286 
10468 1855 58 43 2287 
10469 254 2292 48 1860 
10470 2295 279 257 1863 
10471 1864 281 259 2296 
10472 147 132 1999 2431 
10473 2148 225 240 1716 
10474 2288 272 250 1856 
10475 1854 42 57 248 
10476 2000 132 147 2432 
10477 2437 152 101 2005 
10478 225 1716 1939 224 
10479 1713 237 186 2145 
10480 1596 2154 246 1722 
10481 97 2000 75 2432 
10482 1722 1596 172 245 
10483 131 2431 73 1999 
10484 2437 102 80 2005 
10485 185 163 1713 2145 
10486 2438 139 154 2006 
10487 142 157 2441 2009 
10488 2006 80 2438 138 
10489 2009 142 1571 2441 
10490 1931 223 224 1631 
10491 2506 2515 2507 494 
10492 1465 1489 1518 1614 
10493 1940 278 277 1644 
10494 2522 2514 2523 1644 
10495 1465 1485 1512 1614 
10496 1476 1489 1465 1614 
10497 2221 2212 2220 698 
10498 194 193 2260 1635 
10499 1484 1528 1476 1678 
10500 595 2078 2079 602 
10501 2284 1 2 1852 
10502 283 261 2299 1867 
10503 247 269 2284 1852 
10504 2299 23 24 1867 
10505 2515 1860 277 1644 
10506 1979 229 230 1635 
10507 7 8 2011 2443 
10508 2428 1226 9 4 
10509 129 144 2428 1996 
10510 2011 987 107 2443 
10511 1232 1708 159 232 
10512 17 18 1708 2140 
10513 993 173 1723 246 
10514 2155 21 22 1723 
10515 2515 277 1860 49 
10516 48 1859 254 276 
10517 275 253 47 1859 
10518 51 1862 257 279 
10519 51 2531 2294 1862 
10520 2147 1631 224 1715 
10521 2147 223 165 187 
10522 2144 163 221 185 
10523 104 140 155 2007 
10524 77 99 135 2434 
10525 2435 135 77 99 
10526 255 49 1860 277 
10527 49 255 1861 277 
10528 1857 1686 46 2289 
10529 280 67 52 2296 
10530 58 43 271 1855 
10531 48 276 254 1860 
10532 280 52 67 2295 
10533 45 60 273 2288 
10534 44 1855 250 272 
10535 272 250 44 2288 
10536 60 273 1857 45 
10537 271 43 58 2286 
10538 55 1866 70 283 
10539 46 274 252 2290 
10540 41 269 247 2285 
10541 1854 42 248 270 
10542 53 259 281 2296 
10543 259 53 1865 2297 
10544 260 282 54 1865 
10545 61 1526 2290 252 
10546 248 270 42 2285 
10547 54 282 260 1866 
10548 279 2295 257 51 
10549 101 2005 152 137 
10550 2515 2293 278 1861 
10551 134 76 2002 98 
10552 98 1472 2001 2433 
10553 130 145 94 1997 
10554 96 147 132 2432 
10555 186 222 237 1713 
10556 225 167 189 2148 
10557 132 147 96 2431 
10558 237 222 186 1714 
10559 2149 1623 168 167 
10560 95 2430 130 1998 
10561 1716 166 188 224 
10562 2442 142 157 106 
10563 1710 183 161 219 
10564 142 157 106 2441 
10565 143 85 107 2442 
10566 101 136 2004 2436 
10567 2440 83 141 105 
10568 2429 94 1383 93 
10569 2000 97 75 133 
10570 183 1711 161 219 
10571 162 220 2143 184 
10572 2150 1630 226 190 
10573 229 171 193 2152 
10574 104 155 140 2008 
10575 229 193 171 1721 
10576 218 160 182 1709 
10577 226 241 190 1717 
10578 228 2151 170 192 
10579 233 161 2142 160 
10580 192 2152 229 1635 
10581 217 181 159 1709 
10582 151 100 136 2003 
10583 184 162 220 1712 
10584 165 223 2146 187 
10585 227 169 191 2150 
10586 139 2438 154 103 
10587 194 1722 245 230 
10588 221 163 1713 185 
10589 227 191 169 2151 
10590 1635 2154 231 195 
10591 154 139 103 2439 
10592 2431 131 73 95 
10593 1472 2433 133 2001 
10594 131 73 95 1998 
10595 2436 136 151 100 
10596 138 80 102 2005 
10597 83 2009 105 2441 
10598 138 80 2438 102 
10599 1613 2293 255 1861 
10600 49 255 1860 64 
10601 48 254 2291 63 
10602 2292 254 48 63 
10603 44 250 59 2288 
10604 253 62 47 2291 
10605 252 61 46 2290 
10606 44 59 250 2287 
10607 58 249 271 1854 
10608 60 251 273 1856 
10609 56 41 247 2285 
10610 280 258 67 1864 
10611 280 67 258 1863 
10612 283 1866 70 261 
10613 271 249 58 1855 
10614 54 2297 1693 53 
10615 257 2294 51 66 
10616 273 60 1857 251 
10617 257 51 2295 66 
10618 54 69 260 1865 
10619 53 68 259 2296 
10620 69 54 260 1866 
10621 2290 47 253 62 
10622 1857 1657 61 252 
10623 57 248 42 2285 
10624 1854 1608 57 2286 
10625 50 256 2293 65 
10626 152 2437 101 79 
10627 101 152 2436 2004 
10628 167 225 240 2148 
10629 1623 240 2149 1717 
10630 218 233 160 1709 
10631 236 221 2144 163 
10632 166 1715 224 239 
10633 233 218 2142 1710 
10634 2152 244 229 171 
10635 169 1718 1705 2150 
10636 220 235 2143 1711 
10637 133 75 2000 148 
10638 1715 165 223 238 
10639 232 217 159 1709 
10640 219 1711 161 234 
10641 157 84 106 2441 
10642 1997 94 72 145 
10643 221 163 236 1713 
10644 166 224 1716 239 
10645 235 220 162 1712 
10646 164 186 237 2145 
10647 2294 256 50 65 
10648 161 1710 219 234 
10649 244 229 171 1721 
10650 1719 1812 243 1705 
10651 1714 164 186 237 
10652 1596 170 1720 243 
10653 147 96 74 2432 
10654 74 96 147 2431 
10655 144 129 71 1997 
10656 1714 1530 165 2146 
10657 154 103 81 2439 
10658 1999 73 131 146 
10659 133 2001 75 148 
10660 2435 135 150 77 
10661 131 73 1998 146 
10662 190 168 241 2150 
10663 94 145 2430 72 
10664 1596 246 2154 173 
10665 100 151 78 2003 
10666 241 168 190 1717 
10667 155 82 104 2439 
10668 151 100 78 2436 
10669 172 1596 1722 2154 
10670 103 2438 154 81 
10671 76 134 2002 149 
10672 76 134 149 2001 
10673 170 1705 1719 243 
10674 150 135 2434 77 
10675 2010 143 85 158 
10676 106 84 157 2442 
10677 138 153 80 2005 
10678 83 156 141 2009 
10679 141 83 2008 156 
10680 104 155 2440 82 
10681 2006 80 138 153 
10682 245 194 230 1464 
10683 2204 2205 2213 1631 
10684 172 194 245 1464 
10685 20 2 1 1852 
10686 247 269 41 2284 
10687 24 5 6 2299 
10688 70 55 283 2299 
10689 107 987 2011 143 
10690 71 129 2428 93 
10691 9 1226 2428 1996 
10692 8 13 14 2011 
10693 246 231 195 1723 
10694 2 20 19 1852 
10695 247 41 56 2284 
10696 70 283 261 2299 
10697 23 24 6 2299 
10698 10 4 3 2428 
10699 129 71 2428 144 
10700 12 18 17 2140 
10701 159 181 1708 2140 
10702 22 16 21 2155 
10703 7 8 14 2011 
10704 158 143 85 2011 
10705 1232 159 1708 2140 
10706 22 15 16 2155 
10707 12 18 2140 11 
10708 195 173 1723 2155 
10709 245 2153 230 1721 
10710 2153 194 172 1464 
10711 203 1724 1316 754 
10712 1556 1743 1309 1237 
10713 217 17 1708 1391 
10714 21 231 1723 1152 
10715 202 2283 1145 753 
10716 1077 262 1844 1187 
10717 93 1226 1381 1383 
10718 12 181 2140 1391 
10719 18 232 1708 1232 
10720 1282 1734 1733 1601 
10721 1237 757 764 1309 
10722 1745 1603 1737 766 
10723 1043 1830 1831 1557 
10724 1833 1604 1841 1018 
10725 1565 1833 1161 1018 
10726 1831 1839 848 847 
10727 246 22 1723 993 
10728 195 16 2155 1152 
10729 1153 1980 1988 957 
10730 5 55 2299 988 
10731 283 24 1867 988 
10732 85 7 990 2443 
10733 107 8 2443 987 
10734 987 1144 2564 1142 
10735 34 2444 1381 439 
10736 2020 1312 2012 544 
10737 4 93 2428 1226 
10738 129 9 1996 1226 
10739 71 2315 1325 72 
10740 1392 1868 1876 859 
10741 41 1 2284 1227 
10742 20 269 1852 1227 
10743 1844 262 1077 852 
10744 3 71 1229 2428 
10745 13 143 2011 987 
10746 174 2132 1073 1186 
10747 2488 1484 2480 1476 
10748 497 2519 2511 498 
10749 519 2535 2543 518 
10750 454 2470 2462 455 
10751 882 1903 1895 883 
10752 727 2254 2246 728 
10753 671 2190 2182 672 
10754 2229 2238 2230 713 
10755 194 2153 193 1635 
10756 229 1721 230 1635 
10757 163 2051 2059 578 
10758 887 1909 1901 888 
10759 1489 1926 1918 1686 
10760 410 2387 2395 1687 
10761 41 2285 42 1692 
10762 270 1884 1876 866 
10763 2298 55 54 1693 
10764 282 1980 1972 950 
10765 1709 1706 181 2141 
10766 1398 38 2449 1456 
10767 1225 1874 1882 865 
10768 1225 1882 1874 1421 
10769 1015 1994 1986 962 
10770 1015 1986 1994 1182 
10771 2281 2273 2282 1017 
10772 2273 1017 2281 1218 
10773 1256 2161 1551 654 
10774 1256 1551 2161 1457 
10775 2563 988 2571 1171 
10776 2451 1227 1692 1410 
10777 27 1315 2300 1443 
10778 2420 2412 432 1204 
10779 989 2420 2412 70 
10780 989 2412 2420 1204 
10781 2163 1384 129 2171 
10782 1386 124 2159 1454 
10783 1745 1554 1744 1400 
10784 1753 1745 1603 1554 
10785 1003 1991 1983 959 
10786 1003 1983 1991 1175 
10787 1879 1871 1872 1416 
10788 1416 1879 1871 1414 
10789 2445 1381 2453 439 
10790 2453 1381 2445 1255 
10791 1142 2565 2557 537 
10792 1142 2557 2565 1016 
10793 1872 1879 1697 862 
10794 1697 1879 1872 1416 
10795 1992 1984 961 1177 
10796 1984 960 1177 1992 
10797 1175 960 1177 1214 
10798 2446 1255 2454 440 
10799 2454 1255 2446 1393 
10800 1231 37 2448 1398 
10801 2551 2559 532 1648 
10802 992 1648 2568 1159 
10803 2447 1393 2455 441 
10804 2455 1393 2447 1231 
10805 1648 2559 2567 992 
10806 2558 2567 2559 539 
10807 2558 1648 2567 992 
10808 2164 1391 1339 1706 
10809 1152 1635 2276 1100 
10810 1384 2162 2170 655 
10811 1384 2170 2162 1256 
10812 1664 2274 2282 1017 
10813 2273 2282 1664 752 
10814 2273 1664 2282 1017 
10815 1873 1881 863 1254 
10816 1421 1873 1881 864 
10817 1421 1881 1873 1254 
10818 1177 1993 1985 961 
10819 1177 1985 1993 1015 
10820 1744 1308 764 1736 
10821 1400 1309 1744 1308 
10822 1391 1706 1875 1225 
10823 1987 963 986 1995 
10824 290 963 986 1182 
10825 1832 1069 849 1840 
10826 849 1069 1832 1565 
10827 1100 2269 2277 1007 
10828 1386 2157 2165 650 
10829 1386 2165 2157 1246 
10830 1007 2278 2270 748 
10831 1007 2270 2278 1147 
10832 2094 1600 2102 1562 
10833 1073 2133 2125 642 
10834 1073 2125 2133 1001 
10835 2168 1454 2160 1230 
10836 1215 2272 2280 991 
10837 2496 2495 1484 1476 
10838 1735 1282 1727 1237 
10839 854 1846 1043 1847 
10840 1043 1839 1847 998 
10841 207 1729 1728 1308 
10842 1737 1308 1729 1257 
10843 848 855 1069 1840 
10844 1728 1736 757 1308 
10845 1729 1308 758 1728 
10846 1736 1308 758 1737 
10847 1838 1846 853 1043 
10848 1043 1839 854 1847 
10849 1043 1846 854 1838 
10850 1726 1734 755 1282 
10851 1727 1282 756 1726 
10852 1282 756 763 1735 
10853 2556 537 2564 1142 
10854 2434 1561 2002 98 
10855 1485 2144 1712 221 
10856 2007 1473 2439 104 
10857 1850 1849 1842 1018 
10858 1018 1842 1850 1002 
10859 1311 1730 1738 760 
10860 1311 1738 1730 1241 
10861 1816 1565 1557 1510 
10862 1077 1845 1837 852 
10863 1077 1837 1845 995 
10864 1282 1725 1733 755 
10865 1282 1733 1725 1234 
10866 2287 1657 1855 58 
10867 2431 1700 1999 147 
10868 1638 2437 2005 152 
10869 1700 2000 2432 75 
10870 1860 1613 2292 64 
10871 57 42 1854 2286 
10872 1856 1657 2288 60 
10873 2145 1658 1713 237 
10874 1716 1623 2148 166 
10875 2296 1696 1864 67 
10876 2006 1638 2438 80 
10877 2432 1472 2000 132 
10878 2286 1692 1854 271 
10879 2415 1055 2423 996 
10880 1294 2303 2311 337 
10881 1294 2311 2303 1235 
10882 1076 2421 2413 432 
10883 1076 2413 2421 1000 
10884 2301 1315 2309 334 
10885 2309 1315 2301 1239 
10886 1504 1744 1753 1554 
10887 2016 1270 2024 547 
10888 2024 1270 2016 1238 
10889 1031 2136 2128 645 
10890 1031 2128 2136 999 
10891 1236 2312 2304 1294 
10892 90 2425 2424 436 
10893 2416 997 2424 1055 
10894 2094 615 1562 2102 
10895 622 615 1562 1569 
10896 2265 2272 2273 744 
10897 2468 2460 94 95 
10898 1800 1809 1801 821 
10899 1680 828 1808 1510 
10900 764 757 1237 1735 
10901 764 1743 1237 1309 
10902 1043 1831 1839 998 
10903 2552 533 2560 534 
10904 2485 2484 2476 1472 
10905 1472 2468 2477 1539 
10906 765 1745 1737 766 
10907 856 1841 1161 849 
10908 1742 763 1734 762 
10909 1838 1830 846 847 
10910 846 1837 1838 853 
10911 91 437 1080 997 
10912 2305 32 2306 1319 
10913 2305 2313 338 1236 
10914 999 2137 2129 646 
10915 999 2129 2137 1093 
10916 1233 2017 2025 549 
10917 1233 2025 2017 1332 
10918 826 1815 1814 1707 
10919 1549 1545 2166 1386 
10920 1475 1676 1688 1558 
10921 1518 1920 1912 1911 
10922 897 1920 1912 898 
10923 1550 1473 2258 1571 
10924 2199 687 2208 2200 
10925 1581 1482 1969 1612 
10926 1505 1509 1163 1047 
10927 468 2478 2486 1484 
10928 2486 2479 2478 469 
10929 2486 2478 2479 1484 
10930 711 2227 2235 1561 
10931 2283 143 1145 2275 
10932 2200 2208 1561 2209 
10933 1662 1663 2337 1533 
10934 2527 2526 511 504 
10935 2526 2527 2534 1502 
10936 2270 741 2262 1544 
10937 2537 1632 2545 1536 
10938 1556 1766 1758 1506 
10939 936 1964 1956 1495 
10940 1644 1948 1552 1495 
10941 1632 1477 2546 1552 
10942 2388 1547 2396 1609 
10943 1698 2388 1547 411 
10944 2038 2045 2037 1568 
10945 1599 2038 2046 567 
10946 1599 2046 2038 1563 
10947 1072 1002 1842 1604 
10948 2003 2508 136 2227 
10949 2142 1706 1710 218 
10950 1939 189 2148 225 
10951 93 1383 1997 129 
10952 1711 1658 2143 161 
10953 1630 1947 225 1939 
10954 1630 225 1947 226 
10955 1700 2001 75 2433 
10956 2235 1473 102 2243 
10957 1714 1530 2146 164 
10958 2288 1900 272 273 
10959 45 1900 2288 273 
10960 278 2515 1861 277 
10961 2531 2523 508 50 
10962 2523 50 2515 49 
10963 1644 2515 278 277 
10964 2522 2530 2523 508 
10965 1858 1686 2290 274 
10966 273 1908 1857 45 
10967 2180 2172 663 1545 
10968 1526 1858 2290 252 
10969 1686 45 2289 1857 
10970 2430 1622 1998 73 
10971 61 46 1857 252 
10972 2144 1658 1712 236 
10973 2434 1537 2002 150 
10974 2010 85 1086 158 
10975 1483 83 155 82 
10976 1465 1927 1935 1928 
10977 1542 1950 1959 1482 
10978 1604 844 837 1826 
10979 1756 1748 1749 1601 
10980 1601 1756 1748 1579 
10981 1544 1550 2254 2262 
10982 2271 2263 2270 742 
10983 2271 2270 2263 1550 
10984 1817 1604 1825 1565 
10985 2440 141 1571 105 
10986 1750 1751 1742 770 
10987 1750 1742 1751 1556 
10988 2230 2231 2222 707 
10989 2230 2222 2231 1466 
10990 2167 2175 659 658 
10991 2167 659 2175 1549 
10992 2459 1553 445 1692 
10993 1753 1754 773 780 
10994 1753 773 1754 1603 
10995 2511 2519 2528 2520 
10996 834 1824 1823 1557 
10997 1171 1004 2563 1693 
10998 1707 1799 1505 1582 
10999 1600 630 2110 1562 
11000 2254 2255 1550 1513 
11001 1316 1234 1733 1601 
11002 1381 93 2444 1447 
11003 421 2408 2400 422 
11004 1757 1673 1749 1601 
11005 1749 1756 1673 775 
11006 1673 1756 1749 1601 
11007 1750 1758 1759 777 
11008 1759 1556 1752 1760 
11009 1759 778 1752 1751 
11010 1824 1823 1832 841 
11011 1824 1832 1823 1557 
11012 161 1658 2043 1585 
11013 1913 1905 1906 1518 
11014 2392 414 1629 2400 
11015 420 2399 2407 1588 
11016 1813 832 1814 825 
11017 1676 1822 1813 1602 
11018 1043 995 1837 1602 
11019 1547 2397 1698 411 
11020 1547 1698 2397 1594 
11021 2395 2403 1694 1624 
11022 2044 146 2036 1622 
11023 2190 671 2189 678 
11024 2190 1512 2189 1545 
11025 1568 1622 2020 1312 
11026 609 2086 2094 608 
11027 2085 1627 2093 1491 
11028 2381 405 2373 398 
11029 1527 2389 2373 1698 
11030 625 2104 1592 2112 
11031 633 2121 2113 1651 
11032 1935 1944 1943 1934 
11033 1942 1934 1482 1644 
11034 1217 1159 2561 1632 
11035 1533 2344 2336 1524 
11036 2201 2202 2193 682 
11037 2201 2193 2202 1472 
11038 791 1767 1766 784 
11039 1556 1766 1767 1759 
11040 815 1801 1794 1680 
11041 2540 2541 2532 516 
11042 351 2327 2335 358 
11043 2335 2327 1583 1589 
11044 994 1093 2129 1651 
11045 2248 2249 2256 1550 
11046 2248 1513 2249 1550 
11047 1593 1519 2056 1575 
11048 2024 1332 2025 1652 
11049 2193 2192 1512 2200 
11050 1755 249 1747 774 
11051 1715 1780 238 239 
11052 1715 238 1780 1530 
11053 632 2121 1651 2113 
11054 2182 2174 664 665 
11055 2182 2173 2181 664 
11056 2530 2529 514 507 
11057 2538 2537 2529 1477 
11058 1485 1706 2172 1545 
11059 1918 1917 1909 1686 
11060 1904 1903 1911 890 
11061 1911 1903 1904 1518 
11062 563 2042 2034 564 
11063 1906 1897 1905 885 
11064 1906 1905 1897 1518 
11065 2041 2033 1641 1652 
11066 2041 1641 2033 563 
11067 1827 1696 1835 1577 
11068 1536 1502 2536 1477 
11069 1967 1966 945 938 
11070 1966 1967 1974 1542 
11071 76 1537 2001 149 
11072 2124 158 2132 642 
11073 144 2020 2012 544 
11074 2496 2488 1484 2487 
11075 415 422 1629 1661 
11076 2333 2325 1608 355 
11077 2333 1608 2325 1595 
11078 710 2225 2233 709 
11079 711 2234 2226 1561 
11080 1630 1513 2245 1544 
11081 996 1166 2414 1586 
11082 1663 2337 2329 1662 
11083 361 1695 2331 1620 
11084 1770 788 1762 787 
11085 1681 1762 1763 1603 
11086 1763 1603 1755 1578 
11087 2317 1595 349 2325 
11088 2393 2394 409 416 
11089 1687 1694 2393 1661 
11090 1959 1951 1960 1482 
11091 2165 656 2164 2172 
11092 2164 1339 1391 2156 
11093 1239 1405 2310 1587 
11094 2245 2238 2246 1513 
11095 401 2384 1501 408 
11096 400 2384 2376 401 
11097 724 2249 2250 731 
11098 2334 2342 1535 364 
11099 2334 1535 2342 1704 
11100 1654 2050 2043 1585 
11101 1585 2050 2042 1641 
11102 1476 2503 2495 1561 
11103 2296 2547 53 52 
11104 2296 53 2547 1552 
11105 1553 1692 1884 1514 
11106 1646 1532 2370 1640 
11107 2382 2373 2374 1704 
11108 2389 2373 1525 1527 
11109 2535 2527 2534 511 
11110 2533 2534 2526 510 
11111 2533 2526 2534 1502 
11112 1144 1146 2275 1571 
11113 2275 1664 1146 1145 
11114 1146 1664 2275 1571 
11115 257 256 1696 1811 
11116 2114 2122 1584 634 
11117 2114 1584 2122 1642 
11118 2236 191 2244 719 
11119 1416 1254 1880 1697 
11120 2401 1694 2409 1661 
11121 272 2483 2288 44 
11122 1218 991 2273 1664 
11123 818 1805 1797 1676 
11124 1499 2045 1490 1568 
11125 2105 2113 1642 626 
11126 2033 562 1652 2041 
11127 569 562 1652 1593 
11128 2257 2250 2249 731 
11129 101 137 2235 2005 
11130 2227 2508 2235 1561 
11131 1918 1926 1917 1686 
11132 2062 1490 2054 1564 
11133 565 1499 2044 1622 
11134 1788 1523 1780 803 
11135 1519 2056 2048 1593 
11136 2164 181 1706 2141 
11137 1695 2329 2321 1662 
11138 1812 242 1705 1719 
11139 1718 1705 241 242 
11140 1705 242 1812 1804 
11141 1936 1928 1929 1631 
11142 2260 2261 733 740 
11143 2260 733 2261 1544 
11144 2471 2479 1484 1528 
11145 2510 1477 2512 2511 
11146 1465 2208 2216 1561 
11147 2341 2340 369 362 
11148 2340 2348 2341 369 
11149 392 2374 2375 399 
11150 2365 2373 2366 391 
11151 2374 2366 392 1615 
11152 2505 2497 2498 1686 
11153 2041 569 2049 570 
11154 2164 2165 1246 649 
11155 1246 2165 2164 1706 
11156 1815 826 1807 1707 
11157 2038 1599 2030 560 
11158 2343 1587 2335 1589 
11159 2560 2561 1536 2552 
11160 2553 1536 2561 2552 
11161 2347 1620 2339 1700 
11162 2093 2092 2101 614 
11163 2092 2093 1569 1491 
11164 851 1604 1577 1842 
11165 851 1843 1577 1835 
11166 227 1955 1963 935 
11167 2237 2229 2238 1630 
11168 2207 1631 2206 1512 
11169 2215 2223 2214 1631 
11170 2354 2353 381 374 
11171 2361 1640 2362 388 
11172 68 2404 2396 418 
11173 1927 1935 1934 1644 
11174 2246 2247 2238 721 
11175 2246 2238 2247 1513 
11176 823 1803 1811 1653 
11177 1477 1644 2539 1552 
11178 1676 1798 1806 1707 
11179 797 1773 1506 1781 
11180 1765 1773 1506 790 
11181 96 2468 2476 1472 
11182 2527 511 2535 512 
11183 1977 948 1978 1612 
11184 520 2544 2545 527 
11185 519 2544 2536 520 
11186 170 2115 2107 1705 
11187 2568 992 2559 1648 
11188 1960 1959 1968 939 
11189 1960 1968 1959 1482 
11190 495 2517 2509 496 
11191 495 2509 2517 1561 
11192 183 1899 220 219 
11193 183 220 1899 1485 
11194 2193 2194 2186 675 
11195 2193 2186 2194 1472 
11196 2381 2389 404 1698 
11197 2373 2381 2389 405 
11198 2373 2389 2381 1698 
11199 1834 850 1604 1842 
11200 1841 850 1604 1833 
11201 2266 2267 739 746 
11202 2258 2259 2267 1571 
11203 2515 48 2507 494 
11204 2352 2360 2351 1649 
11205 1921 1913 1922 1631 
11206 1953 1961 1962 934 
11207 1842 1841 1849 857 
11208 1842 1849 1841 1018 
11209 1502 2540 2532 1473 
11210 2095 2096 1626 610 
11211 1229 1325 2315 1324 
11212 1621 1569 2124 1073 
11213 2031 2032 2024 554 
11214 2048 2047 2039 1599 
11215 1675 1580 1812 1705 
11216 2367 2375 2376 393 
11217 2367 2376 2375 1666 
11218 1887 1886 875 868 
11219 1887 875 1886 1543 
11220 1898 1890 878 879 
11221 1898 878 1890 1570 
11222 1656 2104 1521 1600 
11223 1778 1762 1770 1681 
11224 622 2110 1569 1562 
11225 1621 84 2419 1086 
11226 1644 2539 2538 1477 
11227 1563 2038 2029 1568 
11228 2029 552 1563 1568 
11229 2376 1501 2384 1666 
11230 1738 1746 1747 767 
11231 1738 1747 1746 1603 
11232 1870 1414 1879 1697 
11233 2198 2206 2205 1631 
11234 1973 1974 944 951 
11235 1974 1973 1965 1542 
11236 1609 1835 260 259 
11237 1609 260 1835 1577 
11238 2020 2028 2029 551 
11239 1622 2020 2029 1568 
11240 226 1955 1947 1630 
11241 2347 1663 2339 1620 
11242 1902 1910 1903 889 
11243 1741 762 1601 1733 
11244 1734 762 1601 1742 
11245 630 1600 637 1562 
11246 1789 1781 804 1676 
11247 1797 1789 811 1676 
11248 722 2247 2248 729 
11249 722 2248 2247 1513 
11250 2463 1484 2471 455 
11251 2471 1484 2463 1528 
11252 1580 838 1829 1602 
11253 2380 2372 397 1698 
11254 2034 2035 2026 557 
11255 2034 2026 2035 1585 
11256 2177 2176 667 660 
11257 2185 2184 2176 1549 
11258 2172 1545 2188 1485 
11259 1510 1505 1162 1557 
11260 1586 426 1594 2414 
11261 2413 426 1594 2405 
11262 1512 2191 1549 2183 
11263 2191 2183 2184 1549 
11264 1833 1834 1826 843 
11265 1833 1826 1834 1604 
11266 2207 1512 2206 2199 
11267 2477 2469 2460 453 
11268 2477 2460 2469 1539 
11269 2090 2089 2082 1633 
11270 1975 1974 952 945 
11271 1974 1975 1983 1542 
11272 2174 2173 664 657 
11273 2182 2181 2173 1545 
11274 2256 2264 2257 737 
11275 2256 2257 2264 1550 
11276 1593 2039 2031 1599 
11277 2319 2312 2320 1628 
11278 2319 350 2327 351 
11279 99 2500 2508 1561 
11280 2508 2500 99 100 
11281 1569 2110 2118 1562 
11282 1532 1638 2378 1687 
11283 1554 1529 1769 1616 
11284 2517 2518 2526 1502 
11285 1629 2416 2407 1588 
11286 1755 1746 1754 774 
11287 1755 1754 1746 1603 
11288 2082 2081 605 598 
11289 2082 2089 2090 605 
11290 185 2196 2188 677 
11291 1943 1942 1482 1951 
11292 2029 2037 558 1568 
11293 2038 2029 2037 559 
11294 2038 2037 2029 1568 
11295 2063 1626 1511 2056 
11296 2056 582 2063 1626 
11297 2048 2056 2047 1511 
11298 2047 1511 2055 1564 
11299 2092 2084 153 607 
11300 2092 153 2084 1638 
11301 1748 1601 768 1749 
11302 1741 1601 768 1740 
11303 1587 2317 349 342 
11304 356 1595 349 1587 
11305 1830 1829 846 839 
11306 1830 846 1829 1602 
11307 412 419 1594 1586 
11308 2035 2042 2043 564 
11309 2043 2042 2035 1585 
11310 2194 2195 2186 676 
11311 2194 2186 2195 1472 
11312 568 2040 2039 561 
11313 569 2040 2048 568 
11314 223 2204 2212 1631 
11315 2520 2512 2521 1644 
11316 2466 2465 458 451 
11317 2466 458 2465 1573 
11318 2094 1627 2103 1600 
11319 2525 2533 2541 1502 
11320 2533 2541 517 516 
11321 2534 2533 2542 517 
11322 1600 2112 2120 1592 
11323 1529 1794 1785 1616 
11324 1785 801 1529 1616 
11325 2117 2116 2124 635 
11326 1569 628 2116 2117 
11327 1589 2318 350 343 
11328 357 1587 350 1589 
11329 230 1635 2153 1464 
11330 1909 1489 1918 1686 
11331 2250 2241 2242 1473 
11332 1662 2328 2320 1628 
11333 1561 2241 2240 1513 
11334 1584 2107 2099 620 
11335 2099 2107 1584 1705 
11336 1526 2356 62 63 
11337 1526 62 2356 1701 
11338 1583 2319 2327 351 
11339 1583 2327 2319 1589 
11340 1569 2124 2116 1621 
11341 2510 2503 2495 2502 
11342 481 2501 2493 482 
11343 488 2509 2501 489 
11344 488 2501 2509 1561 
11345 2216 2208 2217 1561 
11346 702 2216 2225 2224 
11347 414 421 1588 1629 
11348 2085 2077 2076 600 
11349 2085 2076 2077 1597 
11350 1977 1976 1985 954 
11351 1977 1985 1976 1581 
11352 2086 2085 2093 608 
11353 2093 2085 2086 1627 
11354 1778 801 1777 1616 
11355 2546 1632 2537 1477 
11356 2486 2494 2493 1561 
11357 1903 1911 1910 1489 
11358 1936 1935 1944 918 
11359 1484 2477 2469 1539 
11360 356 349 1595 2325 
11361 1477 2512 1465 1561 
11362 1477 1465 2512 1644 
11363 1530 1623 2083 1566 
11364 2390 2398 2391 413 
11365 48 1932 1860 1644 
11366 1686 48 1932 276 
11367 1686 1932 48 1644 
11368 2531 515 2539 51 
11369 2538 2530 2531 1644 
11370 2221 2229 2228 1630 
11371 2228 189 1630 190 
11372 1903 1895 1904 1518 
11373 2109 2110 2117 1569 
11374 622 2109 2110 629 
11375 622 2110 2109 1569 
11376 357 350 1587 2326 
11377 2542 2534 517 518 
11378 2541 2542 2533 517 
11379 2046 2045 2038 1563 
11380 2365 1701 2357 1704 
11381 1774 1782 797 1558 
11382 1783 1774 1782 798 
11383 1783 1782 1774 1558 
11384 1917 1925 1916 1686 
11385 226 1630 225 1717 
11386 1929 1921 1920 905 
11387 2560 1536 2561 1632 
11388 2499 2498 2506 487 
11389 2506 2498 2499 1686 
11390 2358 377 2350 1704 
11391 2234 2225 2226 1561 
11392 472 2489 2481 1476 
11393 2481 2488 2489 471 
11394 2481 2489 2488 1476 
11395 2071 1627 2062 1564 
11396 472 2497 2489 1476 
11397 1929 906 1930 1922 
11398 1931 1930 1938 914 
11399 1773 1772 1765 1673 
11400 796 1773 1772 789 
11401 797 1506 1773 790 
11402 2221 2213 698 699 
11403 2212 188 2220 698 
11404 2069 2061 587 1597 
11405 2061 2068 2069 586 
11406 2069 2068 2061 1597 
11407 1523 1772 1781 1673 
11408 1535 1615 2350 1704 
11409 2513 2522 2514 500 
11410 1922 1923 1914 900 
11411 1922 1914 1923 1631 
11412 2355 375 2347 1646 
11413 1635 1987 1995 231 
11414 1763 1762 1754 1603 
11415 1656 2081 2089 1633 
11416 2205 2204 691 684 
11417 2204 2212 2213 691 
11418 1814 1676 1806 1707 
11419 2264 2272 743 1550 
11420 2272 1550 2265 1664 
11421 2384 2383 407 400 
11422 2384 407 2383 1666 
11423 1666 2382 2391 2383 
11424 2390 2391 2398 1586 
11425 2096 2095 1521 617 
11426 2088 611 2097 2089 
11427 604 2088 2089 611 
11428 604 2089 2088 1656 
11429 2419 1080 2411 1624 
11430 1537 2371 2363 1646 
11431 2402 2394 2393 416 
11432 2402 2393 2394 1687 
11433 2120 2111 2119 631 
11434 2120 2119 2111 1600 
11435 1930 906 1929 913 
11436 1929 1922 1930 1631 
11437 2374 2382 1704 1615 
11438 2374 1704 2366 1615 
11439 2255 728 2254 735 
11440 2359 379 2360 2351 
11441 2360 1649 2359 2351 
11442 2360 379 2359 386 
11443 1972 1552 1964 1515 
11444 2493 2492 481 474 
11445 2501 488 2500 1561 
11446 704 2218 2226 703 
11447 704 2226 2218 1561 
11448 1886 1878 1887 1697 
11449 1705 1623 1804 1675 
11450 1666 2382 2374 1615 
11451 1630 2230 2222 2229 
11452 2230 1466 1631 2222 
11453 1945 1937 1466 1944 
11454 1944 1945 1937 919 
11455 388 2369 2361 1640 
11456 1941 923 1934 916 
11457 1950 1941 1949 923 
11458 1923 1922 1931 907 
11459 1923 1931 1922 1631 
11460 1644 1552 1948 279 
11461 2362 1640 2361 2353 
11462 2362 381 2361 388 
11463 1657 1526 1771 1681 
11464 361 2339 1663 1620 
11465 361 1695 1663 2330 
11466 1614 1465 1561 1472 
11467 2357 2348 2356 376 
11468 2357 2356 2348 1701 
11469 2341 2349 2348 1701 
11470 2217 2225 2210 696 
11471 2217 2210 2225 1561 
11472 2234 718 2242 1473 
11473 1955 1954 1962 935 
11474 1962 1954 1955 1630 
11475 736 2256 2255 729 
11476 736 2255 2256 1550 
11477 667 2184 2185 674 
11478 2176 2184 666 1549 
11479 1696 2372 2380 1698 
11480 1942 1950 1941 1644 
11481 2071 595 2070 1627 
11482 2494 2495 2510 1561 
11483 2493 2501 2510 482 
11484 2493 2510 2501 1561 
11485 1651 625 632 2113 
11486 1477 2511 2528 2520 
11487 2490 2491 2482 473 
11488 2490 2482 2491 1686 
11489 2498 2490 2491 1686 
11490 375 2346 2347 1646 
11491 2347 1663 2346 2338 
11492 2076 2068 2069 1597 
11493 2521 2522 2513 500 
11494 2521 2513 2522 1644 
11495 2237 2236 2245 719 
11496 2237 2245 2236 1630 
11497 1676 797 1782 1558 
11498 2243 2438 102 138 
11499 1908 1916 274 1686 
11500 1785 1777 801 1616 
11501 1776 1785 1777 800 
11502 1776 1777 1785 1616 
11503 814 1793 1792 807 
11504 1792 1793 1800 1616 
11505 2531 278 2523 50 
11506 2523 278 2531 1644 
11507 2385 2386 402 409 
11508 2385 2377 2378 1687 
11509 2059 1530 2067 1654 
11510 1615 378 2359 1649 
11511 2539 2538 2531 1644 
11512 2079 2087 2078 1627 
11513 2078 2086 2087 602 
11514 2078 2087 2086 1627 
11515 1794 1793 1785 1616 
11516 224 1939 1931 1631 
11517 2500 2501 2493 481 
11518 2493 2501 2500 1561 
11519 2218 2219 2210 697 
11520 2218 2210 2219 1561 
11521 226 1947 1955 928 
11522 1941 1940 1949 922 
11523 1941 1949 1940 1644 
11524 2514 2515 2506 494 
11525 2514 2506 2515 1644 
11526 1597 594 587 2069 
11527 2077 594 1627 1597 
11528 1954 1946 1947 1630 
11529 2053 2062 2070 1627 
11530 2514 2515 2523 1644 
11531 2213 2212 2221 698 
11532 2213 2221 2212 1631 
11533 1631 223 1715 2147 
11534 78 1537 2435 2003 
11535 225 1939 1716 2148 
11536 1571 142 2009 141 
11537 168 1623 2149 1717 
11538 54 1693 2297 1865 
11539 203 1316 1724 1426 
11540 112 1159 2569 1217 
11541 1700 75 2001 148 
11542 227 169 1718 242 
11543 1319 2314 2305 1236 
11544 2424 2425 2417 436 
11545 2424 2417 2425 997 
11546 446 2460 2452 1539 
11547 1466 1945 1953 1630 
11548 1800 1510 1505 1478 
11549 2254 2253 734 727 
11550 2262 741 2261 1544 
11551 2110 2111 2103 623 
11552 2110 2103 2111 1600 
11553 2258 2250 2259 1571 
11554 2029 558 2028 1622 
11555 1971 1970 949 942 
11556 1970 1971 1978 1612 
11557 1888 1889 870 877 
11558 1888 870 1889 1570 
11559 2537 2545 2544 1536 
11560 2177 2178 661 668 
11561 2177 661 2178 1551 
11562 2399 2398 420 413 
11563 2399 420 2398 1586 
11564 2477 2485 2476 1472 
11565 1769 1554 794 1778 
11566 2109 2108 628 621 
11567 2109 628 2108 1621 
11568 2182 2181 2190 671 
11569 2182 2190 2181 1545 
11570 1642 633 2113 1651 
11571 1695 1663 2329 1662 
11572 1641 2041 2050 570 
11573 1641 2050 2041 1652 
11574 2472 2473 457 464 
11575 2473 2472 2465 1573 
11576 2393 1694 423 2401 
11577 2254 2262 2261 1544 
11578 2378 2386 2387 403 
11579 2378 2387 2386 1687 
11580 1839 1830 854 847 
11581 1979 1978 956 949 
11582 1979 956 1978 1612 
11583 2266 2258 2267 1571 
11584 2321 2313 2322 1695 
11585 2550 531 2549 1540 
11586 2403 2411 1694 1624 
11587 531 2558 2557 1540 
11588 2171 2468 2179 1551 
11589 2503 2510 2512 2511 
11590 2512 2510 2503 1561 
11591 2480 1484 2479 1528 
11592 946 1968 1976 1581 
11593 2464 2465 450 457 
11594 2464 450 2465 1573 
3 4 7 864
11595 232 217 17 18 1708 
11596 233 218 217 232 1709 
11597 234 219 218 233 1710 
11598 235 220 219 234 1711 
11599 236 221 220 235 1712 
11600 237 222 221 236 1713 
11601 238 223 222 237 1714 
11602 239 224 223 238 1715 
11603 240 225 224 239 1716 
11604 241 226 225 240 1717 
11605 242 227 226 241 1718 
11606 243 228 227 242 1719 
11607 244 229 228 243 1720 
11608 245 230 229 244 1721 
11609 246 231 230 245 1722 
11610 22 21 231 246 1723 
11611 754 232 18 203 1724 
11612 755 754 203 204 1725 
11613 756 755 204 205 1726 
11614 757 756 205 206 1727 
11615 758 757 206 207 1728 
11616 759 758 207 208 1729 
11617 760 759 208 209 1730 
11618 247 760 209 19 1731 
11619 761 233 232 754 1732 
11620 762 761 754 755 1733 
11621 763 762 755 756 1734 
11622 764 763 756 757 1735 
11623 765 764 757 758 1736 
11624 766 765 758 759 1737 
11625 767 766 759 760 1738 
11626 248 767 760 247 1739 
11627 768 234 233 761 1740 
11628 769 768 761 762 1741 
11629 770 769 762 763 1742 
11630 771 770 763 764 1743 
11631 772 771 764 765 1744 
11632 773 772 765 766 1745 
11633 774 773 766 767 1746 
11634 249 774 767 248 1747 
11635 775 235 234 768 1748 
11636 776 775 768 769 1749 
11637 777 776 769 770 1750 
11638 778 777 770 771 1751 
11639 779 778 771 772 1752 
11640 780 779 772 773 1753 
11641 781 780 773 774 1754 
11642 250 781 774 249 1755 
11643 782 236 235 775 1756 
11644 783 782 775 776 1757 
11645 784 783 776 777 1758 
11646 785 784 777 778 1759 
11647 786 785 778 779 1760 
11648 787 786 779 780 1761 
11649 788 787 780 781 1762 
11650 251 788 781 250 1763 
11651 789 237 236 782 1764 
11652 790 789 782 783 1765 
11653 791 790 783 784 1766 
11654 792 791 784 785 1767 
11655 793 792 785 786 1768 
11656 794 793 786 787 1769 
11657 795 794 787 788 1770 
11658 252 795 788 251 1771 
11659 796 238 237 789 1772 
11660 797 796 789 790 1773 
11661 798 797 790 791 1774 
11662 799 798 791 792 1775 
11663 800 799 792 793 1776 
11664 801 800 793 794 1777 
11665 802 801 794 795 1778 
11666 253 802 795 252 1779 
11667 803 239 238 796 1780 
11668 804 803 796 797 1781 
11669 805 804 797 798 1782 
11670 806 805 798 799 1783 
11671 807 806 799 800 1784 
11672 808 807 800 801 1785 
11673 809 808 801 802 1786 
11674 254 809 802 253 1787 
11675 810 240 239 803 1788 
11676 811 810 803 804 1789 
11677 812 811 804 805 1790 
11678 813 812 805 806 1791 
11679 814 813 806 807 1792 
11680 815 814 807 808 1793 
11681 816 815 808 809 1794 
11682 255 816 809 254 1795 
11683 817 241 240 810 1796 
11684 818 817 810 811 1797 
11685 819 818 811 812 1798 
11686 820 819 812 813 1799 
11687 821 820 813 814 1800 
11688 822 821 814 815 1801 
11689 823 822 815 816 1802 
11690 256 823 816 255 1803 
11691 824 242 241 817 1804 
11692 825 824 817 818 1805 
11693 826 825 818 819 1806 
11694 827 826 819 820 1807 
11695 828 827 820 821 1808 
11696 829 828 821 822 1809 
11697 830 829 822 823 1810 
11698 257 830 823 256 1811 
11699 831 243 242 824 1812 
11700 832 831 824 825 1813 
11701 833 832 825 826 1814 
11702 834 833 826 827 1815 
11703 835 834 827 828 1816 
11704 836 835 828 829 1817 
11705 837 836 829 830 1818 
11706 258 837 830 257 1819 
11707 838 244 243 831 1820 
11708 839 838 831 832 1821 
11709 840 839 832 833 1822 
11710 841 840 833 834 1823 
11711 842 841 834 835 1824 
11712 843 842 835 836 1825 
11713 844 843 836 837 1826 
11714 259 844 837 258 1827 
11715 845 245 244 838 1828 
11716 846 845 838 839 1829 
11717 847 846 839 840 1830 
11718 848 847 840 841 1831 
11719 849 848 841 842 1832 
11720 850 849 842 843 1833 
11721 851 850 843 844 1834 
11722 260 851 844 259 1835 
11723 852 246 245 845 1836 
11724 853 852 845 846 1837 
11725 854 853 846 847 1838 
11726 855 854 847 848 1839 
11727 856 855 848 849 1840 
11728 857 856 849 850 1841 
11729 858 857 850 851 1842 
11730 261 858 851 260 1843 
11731 262 22 246 852 1844 
11732 263 262 852 853 1845 
11733 264 263 853 854 1846 
11734 265 264 854 855 1847 
11735 266 265 855 856 1848 
11736 267 266 856 857 1849 
11737 268 267 857 858 1850 
11738 23 268 858 261 1851 
11739 269 247 19 20 1852 
11740 270 248 247 269 1853 
11741 271 249 248 270 1854 
11742 272 250 249 271 1855 
11743 273 251 250 272 1856 
11744 274 252 251 273 1857 
11745 275 253 252 274 1858 
11746 276 254 253 275 1859 
11747 277 255 254 276 1860 
11748 278 256 255 277 1861 
11749 279 257 256 278 1862 
11750 280 258 257 279 1863 
11751 281 259 258 280 1864 
11752 282 260 259 281 1865 
11753 283 261 260 282 1866 
11754 24 23 261 283 1867 
11755 859 269 20 210 1868 
11756 860 859 210 211 1869 
11757 861 860 211 212 1870 
11758 862 861 212 213 1871 
11759 863 862 213 214 1872 
11760 864 863 214 215 1873 
11761 865 864 215 216 1874 
11762 217 865 216 17 1875 
11763 866 270 269 859 1876 
11764 867 866 859 860 1877 
11765 868 867 860 861 1878 
11766 869 868 861 862 1879 
11767 870 869 862 863 1880 
11768 871 870 863 864 1881 
11769 872 871 864 865 1882 
11770 218 872 865 217 1883 
11771 873 271 270 866 1884 
11772 874 873 866 867 1885 
11773 875 874 867 868 1886 
11774 876 875 868 869 1887 
11775 877 876 869 870 1888 
11776 878 877 870 871 1889 
11777 879 878 871 872 1890 
11778 219 879 872 218 1891 
11779 880 272 271 873 1892 
11780 881 880 873 874 1893 
11781 882 881 874 875 1894 
11782 883 882 875 876 1895 
11783 884 883 876 877 1896 
11784 885 884 877 878 1897 
11785 886 885 878 879 1898 
11786 220 886 879 219 1899 
11787 887 273 272 880 1900 
11788 888 887 880 881 1901 
11789 889 888 881 882 1902 
11790 890 889 882 883 1903 
11791 891 890 883 884 1904 
11792 892 891 884 885 1905 
11793 893 892 885 886 1906 
11794 221 893 886 220 1907 
11795 894 274 273 887 1908 
11796 895 894 887 888 1909 
11797 896 895 888 889 1910 
11798 897 896 889 890 1911 
11799 898 897 890 891 1912 
11800 899 898 891 892 1913 
11801 900 899 892 893 1914 
11802 222 900 893 221 1915 
11803 901 275 274 894 1916 
11804 902 901 894 895 1917 
11805 903 902 895 896 1918 
11806 904 903 896 897 1919 
11807 905 904 897 898 1920 
11808 906 905 898 899 1921 
11809 907 906 899 900 1922 
11810 223 907 900 222 1923 
11811 908 276 275 901 1924 
11812 909 908 901 902 1925 
11813 910 909 902 903 1926 
11814 911 910 903 904 1927 
11815 912 911 904 905 1928 
11816 913 912 905 906 1929 
11817 914 913 906 907 1930 
11818 224 914 907 223 1931 
11819 915 277 276 908 1932 
11820 916 915 908 909 1933 
11821 917 916 909 910 1934 
11822 918 917 910 911 1935 
11823 919 918 911 912 1936 
11824 920 919 912 913 1937 
11825 921 920 913 914 1938 
11826 225 921 914 224 1939 
11827 922 278 277 915 1940 
11828 923 922 915 916 1941 
11829 924 923 916 917 1942 
11830 925 924 917 918 1943 
11831 926 925 918 919 1944 
11832 927 926 919 920 1945 
11833 928 927 920 921 1946 
11834 226 928 921 225 1947 
11835 929 279 278 922 1948 
11836 930 929 922 923 1949 
11837 931 930 923 924 1950 
11838 932 931 924 925 1951 
11839 933 932 925 926 1952 
11840 934 933 926 927 1953 
11841 935 934 927 928 1954 
11842 227 935 928 226 1955 
11843 936 280 279 929 1956 
11844 937 936 929 930 1957 
11845 938 937 930 931 1958 
11846 939 938 931 932 1959 
11847 940 939 932 933 1960 
11848 941 940 933 934 1961 
11849 942 941 934 935 1962 
11850 228 942 935 227 1963 
11851 943 281 280 936 1964 
11852 944 943 936 937 1965 
11853 945 944 937 938 1966 
11854 946 945 938 939 1967 
11855 947 946 939 940 1968 
11856 948 947 940 941 1969 
11857 949 948 941 942 1970 
11858 229 949 942 228 1971 
11859 950 282 281 943 1972 
11860 951 950 943 944 1973 
11861 952 951 944 945 1974 
11862 953 952 945 946 1975 
11863 954 953 946 947 1976 
11864 955 954 947 948 1977 
11865 956 955 948 949 1978 
11866 230 956 949 229 1979 
11867 957 283 282 950 1980 
11868 958 957 950 951 1981 
11869 959 958 951 952 1982 
11870 960 959 952 953 1983 
11871 961 960 953 954 1984 
11872 962 961 954 955 1985 
11873 963 962 955 956 1986 
11874 231 963 956 230 1987 
11875 284 24 283 957 1988 
11876 285 284 957 958 1989 
11877 286 285 958 959 1990 
11878 287 286 959 960 1991 
11879 288 287 960 961 1992 
11880 289 288 961 962 1993 
11881 290 289 962 963 1994 
11882 21 290 963 231 1995 
11883 144 129 9 10 1996 
11884 145 130 129 144 1997 
11885 146 131 130 145 1998 
11886 147 132 131 146 1999 
11887 148 133 132 147 2000 
11888 149 134 133 148 2001 
11889 150 135 134 149 2002 
11890 151 136 135 150 2003 
11891 152 137 136 151 2004 
11892 153 138 137 152 2005 
11893 154 139 138 153 2006 
11894 155 140 139 154 2007 
11895 156 141 140 155 2008 
11896 157 142 141 156 2009 
11897 158 143 142 157 2010 
11898 14 13 143 158 2011 
11899 544 144 10 115 2012 
11900 545 544 115 116 2013 
11901 546 545 116 117 2014 
11902 547 546 117 118 2015 
11903 548 547 118 119 2016 
11904 549 548 119 120 2017 
11905 550 549 120 121 2018 
11906 159 550 121 11 2019 
11907 551 145 144 544 2020 
11908 552 551 544 545 2021 
11909 553 552 545 546 2022 
11910 554 553 546 547 2023 
11911 555 554 547 548 2024 
11912 556 555 548 549 2025 
11913 557 556 549 550 2026 
11914 160 557 550 159 2027 
11915 558 146 145 551 2028 
11916 559 558 551 552 2029 
11917 560 559 552 553 2030 
11918 561 560 553 554 2031 
11919 562 561 554 555 2032 
11920 563 562 555 556 2033 
11921 564 563 556 557 2034 
11922 161 564 557 160 2035 
11923 565 147 146 558 2036 
11924 566 565 558 559 2037 
11925 567 566 559 560 2038 
11926 568 567 560 561 2039 
11927 569 568 561 562 2040 
11928 570 569 562 563 2041 
11929 571 570 563 564 2042 
11930 162 571 564 161 2043 
11931 572 148 147 565 2044 
11932 573 572 565 566 2045 
11933 574 573 566 567 2046 
11934 575 574 567 568 2047 
11935 576 575 568 569 2048 
11936 577 576 569 570 2049 
11937 578 577 570 571 2050 
11938 163 578 571 162 2051 
11939 579 149 148 572 2052 
11940 580 579 572 573 2053 
11941 581 580 573 574 2054 
11942 582 581 574 575 2055 
11943 583 582 575 576 2056 
11944 584 583 576 577 2057 
11945 585 584 577 578 2058 
11946 164 585 578 163 2059 
11947 586 150 149 579 2060 
11948 587 586 579 580 2061 
11949 588 587 580 581 2062 
11950 589 588 581 582 2063 
11951 590 589 582 583 2064 
11952 591 590 583 584 2065 
11953 592 591 584 585 2066 
11954 165 592 585 164 2067 
11955 593 151 150 586 2068 
11956 594 593 586 587 2069 
11957 595 594 587 588 2070 
11958 596 595 588 589 2071 
11959 597 596 589 590 2072 
11960 598 597 590 591 2073 
11961 599 598 591 592 2074 
11962 166 599 592 165 2075 
11963 600 152 151 593 2076 
11964 601 600 593 594 2077 
11965 602 601 594 595 2078 
11966 603 602 595 596 2079 
11967 604 603 596 597 2080 
11968 605 604 597 598 2081 
11969 606 605 598 599 2082 
11970 167 606 599 166 2083 
11971 607 153 152 600 2084 
11972 608 607 600 601 2085 
11973 609 608 601 602 2086 
11974 610 609 602 603 2087 
11975 611 610 603 604 2088 
11976 612 611 604 605 2089 
11977 613 612 605 606 2090 
11978 168 613 606 167 2091 
11979 614 154 153 607 2092 
11980 615 614 607 608 2093 
11981 616 615 608 609 2094 
11982 617 616 609 610 2095 
11983 618 617 610 611 2096 
11984 619 618 611 612 2097 
11985 620 619 612 613 2098 
11986 169 620 613 168 2099 
11987 621 155 154 614 2100 
11988 622 621 614 615 2101 
11989 623 622 615 616 2102 
11990 624 623 616 617 2103 
11991 625 624 617 618 2104 
11992 626 625 618 619 2105 
11993 627 626 619 620 2106 
11994 170 627 620 169 2107 
11995 628 156 155 621 2108 
11996 629 628 621 622 2109 
11997 630 629 622 623 2110 
11998 631 630 623 624 2111 
11999 632 631 624 625 2112 
12000 633 632 625 626 2113 
12001 634 633 626 627 2114 
12002 171 634 627 170 2115 
12003 635 157 156 628 2116 
12004 636 635 628 629 2117 
12005 637 636 629 630 2118 
12006 638 637 630 631 2119 
12007 639 638 631 632 2120 
12008 640 639 632 633 2121 
12009 641 640 633 634 2122 
12010 172 641 634 171 2123 
12011 642 158 157 635 2124 
12012 643 642 635 636 2125 
12013 644 643 636 637 2126 
12014 645 644 637 638 2127 
12015 646 645 638 639 2128 
12016 647 646 639 640 2129 
12017 648 647 640 641 2130 
12018 173 648 641 172 2131 
12019 174 14 158 642 2132 
12020 175 174 642 643 2133 
12021 176 175 643 644 2134 
12022 177 176 644 645 2135 
12023 178 177 645 646 2136 
12024 179 178 646 647 2137 
12025 180 179 647 648 2138 
12026 15 180 648 173 2139 
12027 181 159 11 12 2140 
12028 182 160 159 181 2141 
12029 183 161 160 182 2142 
12030 184 162 161 183 2143 
12031 185 163 162 184 2144 
12032 186 164 163 185 2145 
12033 187 165 164 186 2146 
12034 188 166 165 187 2147 
12035 189 167 166 188 2148 
12036 190 168 167 189 2149 
12037 191 169 168 190 2150 
12038 192 170 169 191 2151 
12039 193 171 170 192 2152 
12040 194 172 171 193 2153 
12041 195 173 172 194 2154 
12042 16 15 173 195 2155 
12043 649 181 12 122 2156 
12044 650 649 122 123 2157 
12045 651 650 123 124 2158 
12046 652 651 124 125 2159 
12047 653 652 125 126 2160 
12048 654 653 126 127 2161 
12049 655 654 127 128 2162 
12050 129 655 128 9 2163 
12051 656 182 181 649 2164 
12052 657 656 649 650 2165 
12053 658 657 650 651 2166 
12054 659 658 651 652 2167 
12055 660 659 652 653 2168 
12056 661 660 653 654 2169 
12057 662 661 654 655 2170 
12058 130 662 655 129 2171 
12059 663 183 182 656 2172 
12060 664 663 656 657 2173 
12061 665 664 657 658 2174 
12062 666 665 658 659 2175 
12063 667 666 659 660 2176 
12064 668 667 660 661 2177 
12065 669 668 661 662 2178 
12066 131 669 662 130 2179 
12067 670 184 183 663 2180 
12068 671 670 663 664 2181 
12069 672 671 664 665 2182 
12070 673 672 665 666 2183 
12071 674 673 666 667 2184 
12072 675 674 667 668 2185 
12073 676 675 668 669 2186 
12074 132 676 669 131 2187 
12075 677 185 184 670 2188 
12076 678 677 670 671 2189 
12077 679 678 671 672 2190 
12078 680 679 672 673 2191 
12079 681 680 673 674 2192 
12080 682 681 674 675 2193 
12081 683 682 675 676 2194 
12082 133 683 676 132 2195 
12083 684 186 185 677 2196 
12084 685 684 677 678 2197 
12085 686 685 678 679 2198 
12086 687 686 679 680 2199 
12087 688 687 680 681 2200 
12088 689 688 681 682 2201 
12089 690 689 682 683 2202 
12090 134 690 683 133 2203 
12091 691 187 186 684 2204 
12092 692 691 684 685 2205 
12093 693 692 685 686 2206 
12094 694 693 686 687 2207 
12095 695 694 687 688 2208 
12096 696 695 688 689 2209 
12097 697 696 689 690 2210 
12098 135 697 690 134 2211 
12099 698 188 187 691 2212 
12100 699 698 691 692 2213 
12101 700 699 692 693 2214 
12102 701 700 693 694 2215 
12103 702 701 694 695 2216 
12104 703 702 695 696 2217 
12105 704 703 696 697 2218 
12106 136 704 697 135 2219 
12107 705 189 188 698 2220 
12108 706 705 698 699 2221 
12109 707 706 699 700 2222 
12110 708 707 700 701 2223 
12111 709 708 701 702 2224 
12112 710 709 702 703 2225 
12113 711 710 703 704 2226 
12114 137 711 704 136 2227 
12115 712 190 189 705 2228 
12116 713 712 705 706 2229 
12117 714 713 706 707 2230 
12118 715 714 707 708 2231 
12119 716 715 708 709 2232 
12120 717 716 709 710 2233 
12121 718 717 710 711 2234 
12122 138 718 711 137 2235 
12123 719 191 190 712 2236 
12124 720 719 712 713 2237 
12125 721 720 713 714 2238 
12126 722 721 714 715 2239 
12127 723 722 715 716 2240 
12128 724 723 716 717 2241 
12129 725 724 717 718 2242 
12130 139 725 718 138 2243 
12131 726 192 191 719 2244 
12132 727 726 719 720 2245 
12133 728 727 720 721 2246 
12134 729 728 721 722 2247 
12135 730 729 722 723 2248 
12136 731 730 723 724 2249 
12137 732 731 724 725 2250 
12138 140 732 725 139 2251 
12139 733 193 192 726 2252 
12140 734 733 726 727 2253 
12141 735 734 727 728 2254 
12142 736 735 728 729 2255 
12143 737 736 729 730 2256 
12144 738 737 730 731 2257 
12145 739 738 731 732 2258 
12146 141 739 732 140 2259 
12147 740 194 193 733 2260 
12148 741 740 733 734 2261 
12149 742 741 734 735 2262 
12150 743 742 735 736 2263 
12151 744 743 736 737 2264 
12152 745 744 737 738 2265 
12153 746 745 738 739 2266 
12154 142 746 739 141 2267 
12155 747 195 194 740 2268 
12156 748 747 740 741 2269 
12157 749 748 741 742 2270 
12158 750 749 742 743 2271 
12159 751 750 743 744 2272 
12160 752 751 744 745 2273 
12161 753 752 745 746 2274 
12162 143 753 746 142 2275 
12163 196 16 195 747 2276 
12164 197 196 747 748 2277 
12165 198 197 748 749 2278 
12166 199 198 749 750 2279 
12167 200 199 750 751 2280 
12168 201 200 751 752 2281 
12169 202 201 752 753 2282 
12170 13 202 753 143 2283 
12171 56 41 1 2 2284 
12172 57 42 41 56 2285 
12173 58 43 42 57 2286 
12174 59 44 43 58 2287 
12175 60 45 44 59 2288 
12176 61 46 45 60 2289 
12177 62 47 46 61 2290 
12178 63 48 47 62 2291 
12179 64 49 48 63 2292 
12180 65 50 49 64 2293 
12181 66 51 50 65 2294 
12182 67 52 51 66 2295 
12183 68 53 52 67 2296 
12184 69 54 53 68 2297 
12185 70 55 54 69 2298 
12186 6 5 55 70 2299 
12187 334 56 2 27 2300 
12188 335 334 27 28 2301 
12189 336 335 28 29 2302 
12190 337 336 29 30 2303 
12191 338 337 30 31 2304 
12192 339 338 31 32 2305 
12193 340 339 32 33 2306 
12194 71 340 33 3 2307 
12195 341 57 56 334 2308 
12196 342 341 334 335 2309 
12197 343 342 335 336 2310 
12198 344 343 336 337 2311 
12199 345 344 337 338 2312 
12200 346 345 338 339 2313 
12201 347 346 339 340 2314 
12202 72 347 340 71 2315 
12203 348 58 57 341 2316 
12204 349 348 341 342 2317 
12205 350 349 342 343 2318 
12206 351 350 343 344 2319 
12207 352 351 344 345 2320 
12208 353 352 345 346 2321 
12209 354 353 346 347 2322 
12210 73 354 347 72 2323 
12211 355 59 58 348 2324 
12212 356 355 348 349 2325 
12213 357 356 349 350 2326 
12214 358 357 350 351 2327 
12215 359 358 351 352 2328 
12216 360 359 352 353 2329 
12217 361 360 353 354 2330 
12218 74 361 354 73 2331 
12219 362 60 59 355 2332 
12220 363 362 355 356 2333 
12221 364 363 356 357 2334 
12222 365 364 357 358 2335 
12223 366 365 358 359 2336 
12224 367 366 359 360 2337 
12225 368 367 360 361 2338 
12226 75 368 361 74 2339 
12227 369 61 60 362 2340 
12228 370 369 362 363 2341 
12229 371 370 363 364 2342 
12230 372 371 364 365 2343 
12231 373 372 365 366 2344 
12232 374 373 366 367 2345 
12233 375 374 367 368 2346 
12234 76 375 368 75 2347 
12235 376 62 61 369 2348 
12236 377 376 369 370 2349 
12237 378 377 370 371 2350 
12238 379 378 371 372 2351 
12239 380 379 372 373 2352 
12240 381 380 373 374 2353 
12241 382 381 374 375 2354 
12242 77 382 375 76 2355 
12243 383 63 62 376 2356 
12244 384 383 376 377 2357 
12245 385 384 377 378 2358 
12246 386 385 378 379 2359 
12247 387 386 379 380 2360 
12248 388 387 380 381 2361 
12249 389 388 381 382 2362 
12250 78 389 382 77 2363 
12251 390 64 63 383 2364 
12252 391 390 383 384 2365 
12253 392 391 384 385 2366 
12254 393 392 385 386 2367 
12255 394 393 386 387 2368 
12256 395 394 387 388 2369 
12257 396 395 388 389 2370 
12258 79 396 389 78 2371 
12259 397 65 64 390 2372 
12260 398 397 390 391 2373 
12261 399 398 391 392 2374 
12262 400 399 392 393 2375 
12263 401 400 393 394 2376 
12264 402 401 394 395 2377 
12265 403 402 395 396 2378 
12266 80 403 396 79 2379 
12267 404 66 65 397 2380 
12268 405 404 397 398 2381 
12269 406 405 398 399 2382 
12270 407 406 399 400 2383 
12271 408 407 400 401 2384 
12272 409 408 401 402 2385 
12273 410 409 402 403 2386 
12274 81 410 403 80 2387 
12275 411 67 66 404 2388 
12276 412 411 404 405 2389 
12277 413 412 405 406 2390 
12278 414 413 406 407 2391 
12279 415 414 407 408 2392 
12280 416 415 408 409 2393 
12281 417 416 409 410 2394 
12282 82 417 410 81 2395 
12283 418 68 67 411 2396 
12284 419 418 411 412 2397 
12285 420 419 412 413 2398 
12286 421 420 413 414 2399 
12287 422 421 414 415 2400 
12288 423 422 415 416 2401 
12289 424 423 416 417 2402 
12290 83 424 417 82 2403 
12291 425 69 68 418 2404 
12292 426 425 418 419 2405 
12293 427 426 419 420 2406 
12294 428 427 420 421 2407 
12295 429 428 421 422 2408 
12296 430 429 422 423 2409 
12297 431 430 423 424 2410 
12298 84 431 424 83 2411 
12299 432 70 69 425 2412 
12300 433 432 425 426 2413 
12301 434 433 426 427 2414 
12302 435 434 427 428 2415 
12303 436 435 428 429 2416 
12304 437 436 429 430 2417 
12305 438 437 430 431 2418 
12306 85 438 431 84 2419 
12307 86 6 70 432 2420 
12308 87 86 432 433 2421 
12309 88 87 433 434 2422 
12310 89 88 434 435 2423 
12311 90 89 435 436 2424 
12312 91 90 436 437 2425 
12313 92 91 437 438 2426 
12314 7 92 438 85 2427 
12315 93 71 3 4 2428 
12316 94 72 71 93 2429 
12317 95 73 72 94 2430 
12318 96 74 73 95 2431 
12319 97 75 74 96 2432 
12320 98 76 75 97 2433 
12321 99 77 76 98 2434 
12322 100 78 77 99 2435 
12323 101 79 78 100 2436 
12324 102 80 79 101 2437 
12325 103 81 80 102 2438 
12326 104 82 81 103 2439 
12327 105 83 82 104 2440 
12328 106 84 83 105 2441 
12329 107 85 84 106 2442 
12330 8 7 85 107 2443 
12331 439 93 4 34 2444 
12332 440 439 34 35 2445 
12333 441 440 35 36 2446 
12334 442 441 36 37 2447 
12335 443 442 37 38 2448 
12336 444 443 38 39 2449 
12337 445 444 39 40 2450 
12338 41 445 40 1 2451 
12339 446 94 93 439 2452 
12340 447 446 439 440 2453 
12341 448 447 440 441 2454 
12342 449 448 441 442 2455 
12343 450 449 442 443 2456 
12344 451 450 443 444 2457 
12345 452 451 444 445 2458 
12346 42 452 445 41 2459 
12347 453 95 94 446 2460 
12348 454 453 446 447 2461 
12349 455 454 447 448 2462 
12350 456 455 448 449 2463 
12351 457 456 449 450 2464 
12352 458 457 450 451 2465 
12353 459 458 451 452 2466 
12354 43 459 452 42 2467 
12355 460 96 95 453 2468 
12356 461 460 453 454 2469 
12357 462 461 454 455 2470 
12358 463 462 455 456 2471 
12359 464 463 456 457 2472 
12360 465 464 457 458 2473 
12361 466 465 458 459 2474 
12362 44 466 459 43 2475 
12363 467 97 96 460 2476 
12364 468 467 460 461 2477 
12365 469 468 461 462 2478 
12366 470 469 462 463 2479 
12367 471 470 463 464 2480 
12368 472 471 464 465 2481 
12369 473 472 465 466 2482 
12370 45 473 466 44 2483 
12371 474 98 97 467 2484 
12372 475 474 467 468 2485 
12373 476 475 468 469 2486 
12374 477 476 469 470 2487 
12375 478 477 470 471 2488 
12376 479 478 471 472 2489 
12377 480 479 472 473 2490 
12378 46 480 473 45 2491 
12379 481 99 98 474 2492 
12380 482 481 474 475 2493 
12381 483 482 475 476 2494 
12382 484 483 476 477 2495 
12383 485 484 477 478 2496 
12384 486 485 478 479 2497 
12385 487 486 479 480 2498 
12386 47 487 480 46 2499 
12387 488 100 99 481 2500 
12388 489 488 481 482 2501 
12389 490 489 482 483 2502 
12390 491 490 483 484 2503 
12391 492 491 484 485 2504 
12392 493 492 485 486 2505 
12393 494 493 486 487 2506 
12394 48 494 487 47 2507 
12395 495 101 100 488 2508 
12396 496 495 488 489 2509 
12397 497 496 489 490 2510 
12398 498 497 490 491 2511 
12399 499 498 491 492 2512 
12400 500 499 492 493 2513 
12401 501 500 493 494 2514 
12402 49 501 494 48 2515 
12403 502 102 101 495 2516 
12404 503 502 495 496 2517 
12405 504 503 496 497 2518 
12406 505 504 497 498 2519 
12407 506 505 498 499 2520 
12408 507 506 499 500 2521 
12409 508 507 500 501 2522 
12410 50 508 501 49 2523 
12411 509 103 102 502 2524 
12412 510 509 502 503 2525 
12413 511 510 503 504 2526 
12414 512 511 504 505 2527 
12415 513 512 505 506 2528 
12416 514 513 506 507 2529 
12417 515 514 507 508 2530 
12418 51 515 508 50 2531 
12419 516 104 103 509 2532 
12420 517 516 509 510 2533 
12421 518 517 510 511 2534 
12422 519 518 511 512 2535 
12423 520 519 512 513 2536 
12424 521 520 513 514 2537 
12425 522 521 514 515 2538 
12426 52 522 515 51 2539 
12427 523 105 104 516 2540 
12428 524 523 516 517 2541 
12429 525 524 517 518 2542 
12430 526 525 518 519 2543 
12431 527 526 519 520 2544 
12432 528 527 520 521 2545 
12433 529 528 521 522 2546 
12434 53 529 522 52 2547 
12435 530 106 105 523 2548 
12436 531 530 523 524 2549 
12437 532 531 524 525 2550 
12438 533 532 525 526 2551 
12439 534 533 526 527 2552 
12440 535 534 527 528 2553 
12441 536 535 528 529 2554 
12442 54 536 529 53 2555 
12443 537 107 106 530 2556 
12444 538 537 530 531 2557 
12445 539 538 531 532 2558 
12446 540 539 532 533 2559 
12447 541 540 533 534 2560 
12448 542 541 534 535 2561 
12449 543 542 535 536 2562 
12450 55 543 536 54 2563 
12451 108 8 107 537 2564 
12452 109 108 537 538 2565 
12453 110 109 538 539 2566 
12454 111 110 539 540 2567 
12455 112 111 540 541 2568 
12456 113 112 541 542 2569 
12457 114 113 542 543 2570 
12458 5 114 543 55 2571 
$EndElements
$Periodic
30
0 6 2
16 1 0 0 0 0 1 0 0 0 0 1 0.0063 0 0 0 1
1
5 1
0 7 3
16 1 0 0 0 0 1 0 0 0 0 1 0.0063 0 0 0 1
1
6 2
0 8 4
16 1 0 0 0 0 1 0 0 0 0 1 0.0063 0 0 0 1
1
7 3
0 9 5
16 1 0 0 0 0 1 0 0 0 0 1 0.0063 0 0 0 1
1
8 4
0 14 10
16 1 0 0 0 0 1 0 0 0 0 1 0.0063 0 0 0 1
1
13 9
0 15 11
16 1 0 0 0 0 1 0 0 0 0 1 0.0063 0 0 0 1
1
14 10
0 16 12
16 1 0 0 0 0 1 0 0 0 0 1 0.0063 0 0 0 1
1
15 11
0 17 13
16 1 0 0 0 0 1 0 0 0 0 1 0.0063 0 0 0 1
1
16 12
0 22 18
16 1 0 0 0 0 1 0 0 0 0 1 0.0063 0 0 0 1
1
21 17
0 23 19
16 1 0 0 0 0 1 0 0 0 0 1 0.0063 0 0 0 1
1
22 18
0 24 20
16 1 0 0 0 0 1 0 0 0 0 1 0.0063 0 0 0 1
1
23 19
0 25 21
16 1 0 0 0 0 1 0 0 0 0 1 0.0063 0 0 0 1
1
24 20
0 26 27
16 1 0 0 0 0 1 0 0 0 0 1 0.0063 0 0 0 1
1
25 26
1 7 1
16 1 0 0 0 0 1 0 0 0 0 1 0.0063 0 0 0 1
2
5 1
6 2
1 9 2
16 1 0 0 0 0 1 0 0 0 0 1 0.0063 0 0 0 1
9
6 2
7 3
86 27
87 28
88 29
89 30
90 31
91 32
92 33
1 11 3
16 1 0 0 0 0 1 0 0 0 0 1 0.0063 0 0 0 1
2
7 3
8 4
1 12 4
16 1 0 0 0 0 1 0 0 0 0 1 0.0063 0 0 0 1
9
5 1
8 4
108 34
109 35
110 36
111 37
112 38
113 39
114 40
1 19 13
16 1 0 0 0 0 1 0 0 0 0 1 0.0063 0 0 0 1
2
13 9
14 10
1 21 14
16 1 0 0 0 0 1 0 0 0 0 1 0.0063 0 0 0 1
9
14 10
15 11
174 115
175 116
176 117
177 118
178 119
179 120
180 121
1 23 15
16 1 0 0 0 0 1 0 0 0 0 1 0.0063 0 0 0 1
2
15 11
16 12
1 24 16
16 1 0 0 0 0 1 0 0 0 0 1 0.0063 0 0 0 1
9
13 9
16 12
196 122
197 123
198 124
199 125
200 126
201 127
202 128
1 31 25
16 1 0 0 0 0 1 0 0 0 0 1 0.0063 0 0 0 1
2
21 17
22 18
1 33 26
16 1 0 0 0 0 1 0 0 0 0 1 0.0063 0 0 0 1
9
22 18
23 19
262 203
263 204
264 205
265 206
266 207
267 208
268 209
1 35 27
16 1 0 0 0 0 1 0 0 0 0 1 0.0063 0 0 0 1
2
23 19
24 20
1 36 28
16 1 0 0 0 0 1 0 0 0 0 1 0.0063 0 0 0 1
9
21 17
24 20
284 210
285 211
286 212
287 213
288 214
289 215
290 216
1 37 39
16 1 0 0 0 0 1 0 0 0 0 1 0.0063 0 0 0 1
22
25 26
291 313
292 314
293 315
294 316
295 317
296 318
297 319
298 320
299 321
300 322
301 323
302 324
303 325
304 326
305 327
306 328
307 329
308 330
309 331
310 332
311 333
2 6 1
16 1 0 0 0 0 1 0 0 0 0 1 0.0063 0 0 0 1
0
2 12 7
16 1 0 0 0 0 1 0 0 0 0 1 0.0063 0 0 0 1
0
2 18 13
16 1 0 0 0 0 1 0 0 0 0 1 0.0063 0 0 0 1
0
2 20 21
16 1 0 0 0 0 1 0 0 0 0 1 0.0063 0 0 0 1
315
5 1
6 2
7 3
8 4
13 9
14 10
15 11
16 12
21 17
22 18
23 19
24 20
25 26
86 27
87 28
88 29
89 30
90 31
91 32
92 33
108 34
109 35
110 36
111 37
112 38
113 39
114 40
174 115
175 116
176 117
177 118
178 119
179 120
180 121
196 122
197 123
198 124
199 125
200 126
201 127
202 128
262 203
263 204
264 205
265 206
266 207
267 208
268 209
284 210
285 211
286 212
287 213
288 214
289 215
290 216
291 313
292 314
293 315
294 316
295 317
296 318
297 319
298 320
299 321
300 322
301 323
302 324
303 325
304 326
305 327
306 328
307 329
308 330
309 331
310 332
311 333
986 1225
987 1226
988 1227
989 1228
990 1229
991 1230
992 1231
993 1232
994 1233
995 1234
996 1235
997 1236
998 1237
999 1238
1000 1239
1001 1240
1002 1241
1003 1242
1004 1243
1005 1244
1006 1245
1007 1246
1008 1247
1009 1248
1010 1249
1011 1250
1012 1251
1013 1252
1014 1253
1015 1254
1016 1255
1017 1256
1018 1257
1019 1258
1020 1259
1021 1260
1022 1261
1023 1262
1024 1263
1025 1264
1026 1265
1027 1266
1028 1267
1029 1268
1030 1269
1031 1270
1032 1271
1033 1272
1034 1273
1035 1274
1036 1275
1037 1276
1038 1277
1039 1278
1040 1279
1041 1280
1042 1281
1043 1282
1044 1283
1045 1284
1046 1285
1047 1286
1048 1287
1049 1288
1050 1289
1051 1290
1052 1291
1053 1292
1054 1293
1055 1294
1056 1295
1057 1296
1058 1297
1059 1298
1060 1299
1061 1300
1062 1301
1063 1302
1064 1303
1065 1304
1066 1305
1067 1306
1068 1307
1069 1308
1070 1309
1071 1310
1072 1311
1073 1312
1074 1313
1075 1314
1076 1315
1077 1316
1078 1317
1079 1318
1080 1319
1081 1320
1082 1321
1083 1322
1084 1323
1085 1324
1086 1325
1087 1326
1088 1327
1089 1328
1090 1329
1091 1330
1092 1331
1093 1332
1094 1333
1095 1334
1096 1335
1097 1336
1098 1337
1099 1338
1100 1339
1101 1340
1102 1341
1103 1342
1104 1343
1105 1344
1106 1345
1107 1346
1108 1347
1109 1348
1110 1349
1111 1350
1112 1351
1113 1352
1114 1353
1115 1354
1116 1355
1117 1356
1118 1357
1119 1358
1120 1359
1121 1360
1122 1361
1123 1362
1124 1363
1125 1364
1126 1365
1127 1366
1128 1367
1129 1368
1130 1369
1131 1370
1132 1371
1133 1372
1134 1373
1135 1374
1136 1375
1137 1376
1138 1377
1139 1378
1140 1379
1141 1380
1142 1381
1143 1382
1144 1383
1145 1384
1146 1385
1147 1386
1148 1387
1149 1388
1150 1389
1151 1390
1152 1391
1153 1392
1154 1393
1155 1394
1156 1395
1157 1396
1158 1397
1159 1398
1160 1399
1161 1400
1162 1401
1163 1402
1164 1403
1165 1404
1166 1405
1167 1406
1168 1407
1169 1408
1170 1409
1171 1410
1172 1411
1173 1412
1174 1413
1175 1414
1176 1415
1177 1416
1178 1417
1179 1418
1180 1419
1181 1420
1182 1421
1183 1422
1184 1423
1185 1424
1186 1425
1187 1426
1188 1427
1189 1428
1190 1429
1191 1430
1192 1431
1193 1432
1194 1433
1195 1434
1196 1435
1197 1436
1198 1437
1199 1438
1200 1439
1201 1440
1202 1441
1203 1442
1204 1443
1205 1444
1206 1445
1207 1446
1208 1447
1209 1448
1210 1449
1211 1450
1212 1451
1213 1452
1214 1453
1215 1454
1216 1455
1217 1456
1218 1457
1219 1458
1220 1459
1221 1460
1222 1461
1223 1462
1224 1463
$EndPeriodic
