solid Created by Gmsh
facet normal -1 0 0
  outer loop
    vertex 0 0.8506173125074283 0.597787609117763
    vertex 0 0.6925646466622742 0.697528712446488
    vertex 0 0.8613549960618433 0.7514957068082695
  endloop
endfacet
facet normal -1 -0 0
  outer loop
    vertex 0 0.3088453690744141 0.6967467520581047
    vertex 0 0.1493826874925711 0.5977876091177627
    vertex 0 0.1388128629544283 0.7514026162858429
  endloop
endfacet
facet normal -1 0 0
  outer loop
    vertex 0 0.6925646466622742 0.697528712446488
    vertex 0 0.8506173125074283 0.597787609117763
    vertex 0 0.7209936490538894 0.5502404735808372
  endloop
endfacet
facet normal -1 0 0
  outer loop
    vertex 0 0.1493826874925711 0.5977876091177627
    vertex 0 0.3088453690744141 0.6967467520581047
    vertex 0 0.2778648492985769 0.5400215897099722
  endloop
endfacet
facet normal -1 -0 0
  outer loop
    vertex 0 0.4059952396911893 0.135163461222794
    vertex 0 0.2418072307765989 0.1313072671406492
    vertex 0 0.283207576000983 0.2833193598962177
  endloop
endfacet
facet normal -1 0 0
  outer loop
    vertex 0 0.4404659175556339 0.2835712984850788
    vertex 0 0.4059952396911893 0.135163461222794
    vertex 0 0.283207576000983 0.2833193598962177
  endloop
endfacet
facet normal -1 0 0
  outer loop
    vertex 0 0.5815109568340524 0.1508426476087527
    vertex 0 0.4404659175556339 0.2835712984850788
    vertex 0 0.5825475961794457 0.3153718094250967
  endloop
endfacet
facet normal -1 0 -0
  outer loop
    vertex 0 0.4404659175556339 0.2835712984850788
    vertex 0 0.5815109568340524 0.1508426476087527
    vertex 0 0.4059952396911893 0.135163461222794
  endloop
endfacet
facet normal -1 0 0
  outer loop
    vertex 0 0.7528831044824418 0.1369493419813703
    vertex 0 0.5815109568340524 0.1508426476087527
    vertex 0 0.7127619256381447 0.2824068533715194
  endloop
endfacet
facet normal -1 0 0
  outer loop
    vertex 0 0.5815109568340524 0.1508426476087527
    vertex 0 0.5825475961794457 0.3153718094250967
    vertex 0 0.7127619256381447 0.2824068533715194
  endloop
endfacet
facet normal -1 0 0
  outer loop
    vertex 0 0.6925646466622742 0.697528712446488
    vertex 0 0.7492937717865187 0.8588713258240285
    vertex 0 0.8613549960618433 0.7514957068082695
  endloop
endfacet
facet normal -1 0 -0
  outer loop
    vertex 0 0.2507062282134787 0.8588713258240283
    vertex 0 0.3088453690744141 0.6967467520581047
    vertex 0 0.1388128629544283 0.7514026162858429
  endloop
endfacet
facet normal -1 0 0
  outer loop
    vertex 0 0.8318012084636079 0.4209213154057614
    vertex 0 0.666666666666665 0.4226497308103759
    vertex 0 0.7209936490538894 0.5502404735808372
  endloop
endfacet
facet normal -1 -0 0
  outer loop
    vertex 0 0.340090540338241 0.421369939200061
    vertex 0 0.1687852027634298 0.4203907139583832
    vertex 0 0.2778648492985769 0.5400215897099722
  endloop
endfacet
facet normal -1 0 0
  outer loop
    vertex 0 0.1687852027634298 0.4203907139583832
    vertex 0 0.340090540338241 0.421369939200061
    vertex 0 0.283207576000983 0.2833193598962177
  endloop
endfacet
facet normal -1 0 0
  outer loop
    vertex 0 0.666666666666665 0.4226497308103759
    vertex 0 0.8318012084636079 0.4209213154057614
    vertex 0 0.7127619256381447 0.2824068533715194
  endloop
endfacet
facet normal -1 0 0
  outer loop
    vertex 0 0.8506173125074283 0.597787609117763
    vertex 0 0.8318012084636079 0.4209213154057614
    vertex 0 0.7209936490538894 0.5502404735808372
  endloop
endfacet
facet normal -1 0 0
  outer loop
    vertex 0 0.1687852027634298 0.4203907139583832
    vertex 0 0.1493826874925711 0.5977876091177627
    vertex 0 0.2778648492985769 0.5400215897099722
  endloop
endfacet
facet normal -1 -0 0
  outer loop
    vertex 0 1 0.3333333333333324
    vertex 0 0.8611620212026556 0.2477062749977592
    vertex 0 0.8318012084636079 0.4209213154057614
  endloop
endfacet
facet normal -1 0 0
  outer loop
    vertex 0 0.5833333333333316 0.8556624327025941
    vertex 0 0.5043163299992668 0.7090255065787379
    vertex 0 0.4134224323256369 0.8533843361939107
  endloop
endfacet
facet normal -1 0 0
  outer loop
    vertex 0 0.5043163299992668 0.7090255065787379
    vertex 0 0.6925646466622742 0.697528712446488
    vertex 0 0.5833333333333319 0.5669872981077819
  endloop
endfacet
facet normal -1 -0 0
  outer loop
    vertex 0 0.5043163299992668 0.7090255065787379
    vertex 0 0.3088453690744141 0.6967467520581047
    vertex 0 0.4134224323256369 0.8533843361939107
  endloop
endfacet
facet normal -1 0 0
  outer loop
    vertex 0 0.1356302602983094 0.2458798294733581
    vertex 0 0 0.3333333333333324
    vertex 0 0.1687852027634298 0.4203907139583832
  endloop
endfacet
facet normal -1 0 0
  outer loop
    vertex 0 0.5833333333333316 0.8556624327025941
    vertex 0 0.7492937717865187 0.8588713258240285
    vertex 0 0.6925646466622742 0.697528712446488
  endloop
endfacet
facet normal -1 0 0
  outer loop
    vertex 0 0.5009256300262592 0.4250635842210114
    vertex 0 0.5833333333333319 0.5669872981077819
    vertex 0 0.666666666666665 0.4226497308103759
  endloop
endfacet
facet normal -1 0 0
  outer loop
    vertex 0 0 0.3333333333333324
    vertex 0 0 0.4999999999999986
    vertex 0 0.1687852027634298 0.4203907139583832
  endloop
endfacet
facet normal -1 0 -0
  outer loop
    vertex 0 0.4999999999999986 1
    vertex 0 0.5833333333333316 0.8556624327025941
    vertex 0 0.4134224323256369 0.8533843361939107
  endloop
endfacet
facet normal -1 0 0
  outer loop
    vertex 0 0.6666666666666646 1
    vertex 0 0.8333333333333321 1
    vertex 0 0.7492937717865187 0.8588713258240285
  endloop
endfacet
facet normal -1 0 -0
  outer loop
    vertex 0 0.5833333333333316 0.8556624327025941
    vertex 0 0.6925646466622742 0.697528712446488
    vertex 0 0.5043163299992668 0.7090255065787379
  endloop
endfacet
facet normal -1 0 0
  outer loop
    vertex 0 0.340090540338241 0.421369939200061
    vertex 0 0.5009256300262592 0.4250635842210114
    vertex 0 0.4404659175556339 0.2835712984850788
  endloop
endfacet
facet normal -1 0 -0
  outer loop
    vertex 0 1 0.3333333333333324
    vertex 0 1 0.1666666666666662
    vertex 0 0.8611620212026556 0.2477062749977592
  endloop
endfacet
facet normal -1 0 0
  outer loop
    vertex 0 0.3088453690744141 0.6967467520581047
    vertex 0 0.2507062282134787 0.8588713258240283
    vertex 0 0.4134224323256369 0.8533843361939107
  endloop
endfacet
facet normal -1 0 0
  outer loop
    vertex 0 0.4222204468242287 0.5638129342155495
    vertex 0 0.5833333333333319 0.5669872981077819
    vertex 0 0.5009256300262592 0.4250635842210114
  endloop
endfacet
facet normal -1 0 0
  outer loop
    vertex 0 0 0.1666666666666662
    vertex 0 0 0.3333333333333324
    vertex 0 0.1356302602983094 0.2458798294733581
  endloop
endfacet
facet normal -1 0 0
  outer loop
    vertex 0 0 0.4999999999999986
    vertex 0 0 0.6666666666666646
    vertex 0 0.1493826874925711 0.5977876091177627
  endloop
endfacet
facet normal -1 0 0
  outer loop
    vertex 0 0.1666666666666662 1
    vertex 0 0.3333333333333324 1
    vertex 0 0.2507062282134787 0.8588713258240283
  endloop
endfacet
facet normal -1 0 0
  outer loop
    vertex 0 0.6666666666666646 0
    vertex 0 0.4999999999999986 0
    vertex 0 0.5815109568340524 0.1508426476087527
  endloop
endfacet
facet normal -1 0 0
  outer loop
    vertex 0 0 0.4999999999999986
    vertex 0 0.1493826874925711 0.5977876091177627
    vertex 0 0.1687852027634298 0.4203907139583832
  endloop
endfacet
facet normal -1 0 0
  outer loop
    vertex 0 0.2507062282134787 0.8588713258240283
    vertex 0 0.3333333333333324 1
    vertex 0 0.4134224323256369 0.8533843361939107
  endloop
endfacet
facet normal -1 0 -0
  outer loop
    vertex 0 1 0.4999999999999986
    vertex 0 1 0.3333333333333324
    vertex 0 0.8318012084636079 0.4209213154057614
  endloop
endfacet
facet normal -1 0 -0
  outer loop
    vertex 0 0.4222204468242287 0.5638129342155495
    vertex 0 0.5009256300262592 0.4250635842210114
    vertex 0 0.340090540338241 0.421369939200061
  endloop
endfacet
facet normal -1 0 0
  outer loop
    vertex 0 0.3333333333333324 1
    vertex 0 0.4999999999999986 1
    vertex 0 0.4134224323256369 0.8533843361939107
  endloop
endfacet
facet normal -1 0 0
  outer loop
    vertex 0 0.4999999999999986 1
    vertex 0 0.6666666666666646 1
    vertex 0 0.5833333333333316 0.8556624327025941
  endloop
endfacet
facet normal -1 0 -0
  outer loop
    vertex 0 1 0.6666666666666646
    vertex 0 1 0.4999999999999986
    vertex 0 0.8506173125074283 0.597787609117763
  endloop
endfacet
facet normal -1 0 -0
  outer loop
    vertex 0 0.8506173125074283 0.597787609117763
    vertex 0 1 0.4999999999999986
    vertex 0 0.8318012084636079 0.4209213154057614
  endloop
endfacet
facet normal -1 0 0
  outer loop
    vertex 0 0.5043163299992668 0.7090255065787379
    vertex 0 0.4222204468242287 0.5638129342155495
    vertex 0 0.3088453690744141 0.6967467520581047
  endloop
endfacet
facet normal -1 0 -0
  outer loop
    vertex 0 0.5043163299992668 0.7090255065787379
    vertex 0 0.5833333333333319 0.5669872981077819
    vertex 0 0.4222204468242287 0.5638129342155495
  endloop
endfacet
facet normal -1 0 0
  outer loop
    vertex 0 0.5833333333333316 0.8556624327025941
    vertex 0 0.6666666666666646 1
    vertex 0 0.7492937717865187 0.8588713258240285
  endloop
endfacet
facet normal -1 0 0
  outer loop
    vertex 0 0.1356302602983094 0.2458798294733581
    vertex 0 0.1687852027634298 0.4203907139583832
    vertex 0 0.283207576000983 0.2833193598962177
  endloop
endfacet
facet normal -1 0 -0
  outer loop
    vertex 0 0.8318012084636079 0.4209213154057614
    vertex 0 0.8611620212026556 0.2477062749977592
    vertex 0 0.7127619256381447 0.2824068533715194
  endloop
endfacet
facet normal -1 0 -0
  outer loop
    vertex 0 1 0.8333333333333321
    vertex 0 1 0.6666666666666646
    vertex 0 0.8613549960618433 0.7514957068082695
  endloop
endfacet
facet normal -1 0 0
  outer loop
    vertex 0 0 0.6666666666666646
    vertex 0 0 0.8333333333333321
    vertex 0 0.1388128629544283 0.7514026162858429
  endloop
endfacet
facet normal -1 0 0
  outer loop
    vertex 0 0.8333333333333321 0
    vertex 0 0.6666666666666646 0
    vertex 0 0.7528831044824418 0.1369493419813703
  endloop
endfacet
facet normal -1 0 0
  outer loop
    vertex 0 0.5815109568340524 0.1508426476087527
    vertex 0 0.4999999999999986 0
    vertex 0 0.4059952396911893 0.135163461222794
  endloop
endfacet
facet normal -1 0 0
  outer loop
    vertex 0 0.4404659175556339 0.2835712984850788
    vertex 0 0.5009256300262592 0.4250635842210114
    vertex 0 0.5825475961794457 0.3153718094250967
  endloop
endfacet
facet normal -1 -0 0
  outer loop
    vertex 0 1 0.6666666666666646
    vertex 0 0.8506173125074283 0.597787609117763
    vertex 0 0.8613549960618433 0.7514957068082695
  endloop
endfacet
facet normal -1 0 0
  outer loop
    vertex 0 0.6666666666666646 0
    vertex 0 0.5815109568340524 0.1508426476087527
    vertex 0 0.7528831044824418 0.1369493419813703
  endloop
endfacet
facet normal -1 0 0
  outer loop
    vertex 0 0.1493826874925711 0.5977876091177627
    vertex 0 0 0.6666666666666646
    vertex 0 0.1388128629544283 0.7514026162858429
  endloop
endfacet
facet normal -1 0 0
  outer loop
    vertex 0 0.3333333333333324 0
    vertex 0 0.1666666666666662 0
    vertex 0 0.2418072307765989 0.1313072671406492
  endloop
endfacet
facet normal -1 0 0
  outer loop
    vertex 0 0.5833333333333319 0.5669872981077819
    vertex 0 0.6925646466622742 0.697528712446488
    vertex 0 0.7209936490538894 0.5502404735808372
  endloop
endfacet
facet normal -1 0 -0
  outer loop
    vertex 0 0.3088453690744141 0.6967467520581047
    vertex 0 0.4222204468242287 0.5638129342155495
    vertex 0 0.2778648492985769 0.5400215897099722
  endloop
endfacet
facet normal -1 0 0
  outer loop
    vertex 0 0.8333333333333321 1
    vertex 0 1 1
    vertex 0 0.8779915320718527 0.8779915320718527
  endloop
endfacet
facet normal -1 0 -0
  outer loop
    vertex 0 1 1
    vertex 0 1 0.8333333333333321
    vertex 0 0.8779915320718527 0.8779915320718527
  endloop
endfacet
facet normal -1 0 0
  outer loop
    vertex 0 1 0
    vertex 0 0.8333333333333321 0
    vertex 0 0.8779915320718541 0.1220084679281456
  endloop
endfacet
facet normal -1 0 0
  outer loop
    vertex 0 0 0.8333333333333321
    vertex 0 0 1
    vertex 0 0.1220084679281455 0.8779915320718541
  endloop
endfacet
facet normal -1 0 0
  outer loop
    vertex 0 0 1
    vertex 0 0.1666666666666662 1
    vertex 0 0.1220084679281455 0.8779915320718541
  endloop
endfacet
facet normal -1 0 -0
  outer loop
    vertex 0 1 0.1666666666666662
    vertex 0 1 0
    vertex 0 0.8779915320718541 0.1220084679281456
  endloop
endfacet
facet normal -1 0 0
  outer loop
    vertex 0 0.3333333333333324 0
    vertex 0 0.2418072307765989 0.1313072671406492
    vertex 0 0.4059952396911893 0.135163461222794
  endloop
endfacet
facet normal -1 0 0
  outer loop
    vertex 0 0 0
    vertex 0 0 0.1666666666666662
    vertex 0 0.1211598774258424 0.1211598774258424
  endloop
endfacet
facet normal -1 0 0
  outer loop
    vertex 0 0.1666666666666662 0
    vertex 0 0 0
    vertex 0 0.1211598774258424 0.1211598774258424
  endloop
endfacet
facet normal -1 0 0
  outer loop
    vertex 0 0.5009256300262592 0.4250635842210114
    vertex 0 0.666666666666665 0.4226497308103759
    vertex 0 0.5825475961794457 0.3153718094250967
  endloop
endfacet
facet normal -1 0 0
  outer loop
    vertex 0 0.4999999999999986 0
    vertex 0 0.3333333333333324 0
    vertex 0 0.4059952396911893 0.135163461222794
  endloop
endfacet
facet normal -1 0 0
  outer loop
    vertex 0 0.2418072307765989 0.1313072671406492
    vertex 0 0.1356302602983094 0.2458798294733581
    vertex 0 0.283207576000983 0.2833193598962177
  endloop
endfacet
facet normal -1 -0 0
  outer loop
    vertex 0 0.8611620212026556 0.2477062749977592
    vertex 0 0.7528831044824418 0.1369493419813703
    vertex 0 0.7127619256381447 0.2824068533715194
  endloop
endfacet
facet normal -1 0 -0
  outer loop
    vertex 0 0.340090540338241 0.421369939200061
    vertex 0 0.4404659175556339 0.2835712984850788
    vertex 0 0.283207576000983 0.2833193598962177
  endloop
endfacet
facet normal -1 0 0
  outer loop
    vertex 0 0.666666666666665 0.4226497308103759
    vertex 0 0.5833333333333319 0.5669872981077819
    vertex 0 0.7209936490538894 0.5502404735808372
  endloop
endfacet
facet normal -1 0 0
  outer loop
    vertex 0 0.4222204468242287 0.5638129342155495
    vertex 0 0.340090540338241 0.421369939200061
    vertex 0 0.2778648492985769 0.5400215897099722
  endloop
endfacet
facet normal -1 0 0
  outer loop
    vertex 0 0.8333333333333321 0
    vertex 0 0.7528831044824418 0.1369493419813703
    vertex 0 0.8779915320718541 0.1220084679281456
  endloop
endfacet
facet normal -1 0 0
  outer loop
    vertex 0 0.1388128629544283 0.7514026162858429
    vertex 0 0 0.8333333333333321
    vertex 0 0.1220084679281455 0.8779915320718541
  endloop
endfacet
facet normal -1 -0 0
  outer loop
    vertex 0 1 0.8333333333333321
    vertex 0 0.8613549960618433 0.7514957068082695
    vertex 0 0.8779915320718527 0.8779915320718527
  endloop
endfacet
facet normal -1 0 0
  outer loop
    vertex 0 0 0.1666666666666662
    vertex 0 0.1356302602983094 0.2458798294733581
    vertex 0 0.1211598774258424 0.1211598774258424
  endloop
endfacet
facet normal -1 0 -0
  outer loop
    vertex 0 0.1666666666666662 1
    vertex 0 0.2507062282134787 0.8588713258240283
    vertex 0 0.1220084679281455 0.8779915320718541
  endloop
endfacet
facet normal -1 0 0
  outer loop
    vertex 0 0.7492937717865187 0.8588713258240285
    vertex 0 0.8333333333333321 1
    vertex 0 0.8779915320718527 0.8779915320718527
  endloop
endfacet
facet normal -1 0 0
  outer loop
    vertex 0 0.8611620212026556 0.2477062749977592
    vertex 0 1 0.1666666666666662
    vertex 0 0.8779915320718541 0.1220084679281456
  endloop
endfacet
facet normal -1 0 0
  outer loop
    vertex 0 0.5825475961794457 0.3153718094250967
    vertex 0 0.666666666666665 0.4226497308103759
    vertex 0 0.7127619256381447 0.2824068533715194
  endloop
endfacet
facet normal -1 0 0
  outer loop
    vertex 0 0.7528831044824418 0.1369493419813703
    vertex 0 0.8611620212026556 0.2477062749977592
    vertex 0 0.8779915320718541 0.1220084679281456
  endloop
endfacet
facet normal -1 -0 0
  outer loop
    vertex 0 0.2507062282134787 0.8588713258240283
    vertex 0 0.1388128629544283 0.7514026162858429
    vertex 0 0.1220084679281455 0.8779915320718541
  endloop
endfacet
facet normal -1 0 0
  outer loop
    vertex 0 0.8613549960618433 0.7514957068082695
    vertex 0 0.7492937717865187 0.8588713258240285
    vertex 0 0.8779915320718527 0.8779915320718527
  endloop
endfacet
facet normal -1 0 -0
  outer loop
    vertex 0 0.1356302602983094 0.2458798294733581
    vertex 0 0.2418072307765989 0.1313072671406492
    vertex 0 0.1211598774258424 0.1211598774258424
  endloop
endfacet
facet normal -1 0 0
  outer loop
    vertex 0 0.2418072307765989 0.1313072671406492
    vertex 0 0.1666666666666662 0
    vertex 0 0.1211598774258424 0.1211598774258424
  endloop
endfacet
facet normal 1 0 -0
  outer loop
    vertex 1 0.697528712446488 0.6925646466622739
    vertex 1 0.7514957068082695 0.8613549960618434
    vertex 1 0.5977876091177629 0.8506173125074279
  endloop
endfacet
facet normal 1 -0 0
  outer loop
    vertex 1 0.5977876091177626 0.1493826874925709
    vertex 1 0.7514051943308966 0.1388270992305415
    vertex 1 0.6967684076365563 0.308964953793765
  endloop
endfacet
facet normal 1 0 0
  outer loop
    vertex 1 0.5977876091177629 0.8506173125074279
    vertex 1 0.5502404735808378 0.7209936490538891
    vertex 1 0.697528712446488 0.6925646466622739
  endloop
endfacet
facet normal 1 0 0
  outer loop
    vertex 1 0.6967684076365563 0.308964953793765
    vertex 1 0.5403355914375439 0.2779307368082874
    vertex 1 0.5977876091177626 0.1493826874925709
  endloop
endfacet
facet normal 1 0 -0
  outer loop
    vertex 1 0.2722221709498887 0.4199000080986987
    vertex 1 0.3131019839180587 0.5784344142880585
    vertex 1 0.1508426476087527 0.5815109568340524
  endloop
endfacet
facet normal 1 0 0
  outer loop
    vertex 1 0.1508426476087527 0.5815109568340524
    vertex 1 0.1148745817404412 0.4194237047101676
    vertex 1 0.2722221709498887 0.4199000080986987
  endloop
endfacet
facet normal 1 0 0
  outer loop
    vertex 1 0.2722221709498887 0.4199000080986987
    vertex 1 0.1148745817404412 0.4194237047101676
    vertex 1 0.1513080901435648 0.2623742252847558
  endloop
endfacet
facet normal 1 0 0
  outer loop
    vertex 1 0.1513080901435648 0.2623742252847558
    vertex 1 0.3044802942638073 0.2661276371112273
    vertex 1 0.2722221709498887 0.4199000080986987
  endloop
endfacet
facet normal 1 0 -0
  outer loop
    vertex 1 0.1508426476087527 0.5815109568340524
    vertex 1 0.2820285491203464 0.7120763953229133
    vertex 1 0.1369493419813703 0.7528831044824418
  endloop
endfacet
facet normal 1 0 0
  outer loop
    vertex 1 0.3131019839180587 0.5784344142880585
    vertex 1 0.2820285491203464 0.7120763953229133
    vertex 1 0.1508426476087527 0.5815109568340524
  endloop
endfacet
facet normal 1 0 0
  outer loop
    vertex 1 0.858871325824028 0.7492937717865189
    vertex 1 0.7514957068082695 0.8613549960618434
    vertex 1 0.697528712446488 0.6925646466622739
  endloop
endfacet
facet normal 1 0 0
  outer loop
    vertex 1 0.6967684076365563 0.308964953793765
    vertex 1 0.7514051943308966 0.1388270992305415
    vertex 1 0.8588713258240283 0.2507062282134787
  endloop
endfacet
facet normal 1 0 -0
  outer loop
    vertex 1 0.4226497308103761 0.6666666666666643
    vertex 1 0.5502404735808378 0.7209936490538891
    vertex 1 0.4209213154057616 0.8318012084636077
  endloop
endfacet
facet normal 1 0 -0
  outer loop
    vertex 1 0.4220429753551876 0.1691750301123359
    vertex 1 0.5403355914375439 0.2779307368082874
    vertex 1 0.421266030862663 0.3399105658185371
  endloop
endfacet
facet normal 1 0 0
  outer loop
    vertex 1 0.421266030862663 0.3399105658185371
    vertex 1 0.3044802942638073 0.2661276371112273
    vertex 1 0.4220429753551876 0.1691750301123359
  endloop
endfacet
facet normal 1 0 0
  outer loop
    vertex 1 0.4209213154057616 0.8318012084636077
    vertex 1 0.2820285491203464 0.7120763953229133
    vertex 1 0.4226497308103761 0.6666666666666643
  endloop
endfacet
facet normal 1 -0 0
  outer loop
    vertex 1 0.4209213154057616 0.8318012084636077
    vertex 1 0.5502404735808378 0.7209936490538891
    vertex 1 0.5977876091177629 0.8506173125074279
  endloop
endfacet
facet normal 1 0 0
  outer loop
    vertex 1 0.5977876091177626 0.1493826874925709
    vertex 1 0.5403355914375439 0.2779307368082874
    vertex 1 0.4220429753551876 0.1691750301123359
  endloop
endfacet
facet normal 1 0 0
  outer loop
    vertex 1 1 0.8333333333333321
    vertex 1 0.858871325824028 0.7492937717865189
    vertex 1 1 0.6666666666666646
  endloop
endfacet
facet normal 1 0 0
  outer loop
    vertex 1 1 0.6666666666666646
    vertex 1 0.858871325824028 0.7492937717865189
    vertex 1 0.8556624327025939 0.5833333333333316
  endloop
endfacet
facet normal 1 0 0
  outer loop
    vertex 1 0.697528712446488 0.6925646466622739
    vertex 1 0.7090255065787379 0.5043163299992666
    vertex 1 0.8556624327025939 0.5833333333333316
  endloop
endfacet
facet normal 1 -0 0
  outer loop
    vertex 1 0.2477062749977593 0.8611620212026556
    vertex 1 0.4209213154057616 0.8318012084636077
    vertex 1 0.3333333333333324 1
  endloop
endfacet
facet normal 1 0 0
  outer loop
    vertex 1 0.858871325824028 0.7492937717865189
    vertex 1 0.697528712446488 0.6925646466622739
    vertex 1 0.8556624327025939 0.5833333333333316
  endloop
endfacet
facet normal 1 0 0
  outer loop
    vertex 1 0.7090255065787379 0.5043163299992666
    vertex 1 0.6967684076365563 0.308964953793765
    vertex 1 0.8558140217517579 0.4175037597021233
  endloop
endfacet
facet normal 1 -0 0
  outer loop
    vertex 1 0.3333333333333324 1
    vertex 1 0.4209213154057616 0.8318012084636077
    vertex 1 0.4999999999999986 1
  endloop
endfacet
facet normal 1 0 0
  outer loop
    vertex 1 0.8558140217517579 0.4175037597021233
    vertex 1 0.6967684076365563 0.308964953793765
    vertex 1 0.8588713258240283 0.2507062282134787
  endloop
endfacet
facet normal 1 0 0
  outer loop
    vertex 1 0.4250635842210114 0.5009256300262586
    vertex 1 0.421266030862663 0.3399105658185371
    vertex 1 0.5638129342155495 0.4222204468242281
  endloop
endfacet
facet normal 1 0 0
  outer loop
    vertex 1 0.4999999999999986 1
    vertex 1 0.4209213154057616 0.8318012084636077
    vertex 1 0.5977876091177629 0.8506173125074279
  endloop
endfacet
facet normal 1 0 0
  outer loop
    vertex 1 1 0.3333333333333324
    vertex 1 0.8558140217517579 0.4175037597021233
    vertex 1 0.8588713258240283 0.2507062282134787
  endloop
endfacet
facet normal 1 -0 0
  outer loop
    vertex 1 0.7090255065787379 0.5043163299992666
    vertex 1 0.8558140217517579 0.4175037597021233
    vertex 1 0.8556624327025939 0.5833333333333316
  endloop
endfacet
facet normal 1 0 0
  outer loop
    vertex 1 0.5669872981077819 0.5833333333333311
    vertex 1 0.5638129342155495 0.4222204468242281
    vertex 1 0.7090255065787379 0.5043163299992666
  endloop
endfacet
facet normal 1 -0 0
  outer loop
    vertex 1 0.5638129342155495 0.4222204468242281
    vertex 1 0.6967684076365563 0.308964953793765
    vertex 1 0.7090255065787379 0.5043163299992666
  endloop
endfacet
facet normal 1 0 0
  outer loop
    vertex 1 0.5669872981077819 0.5833333333333311
    vertex 1 0.4226497308103761 0.6666666666666643
    vertex 1 0.4250635842210114 0.5009256300262586
  endloop
endfacet
facet normal 1 0 0
  outer loop
    vertex 1 0.4250635842210114 0.5009256300262586
    vertex 1 0.2722221709498887 0.4199000080986987
    vertex 1 0.421266030862663 0.3399105658185371
  endloop
endfacet
facet normal 1 0 0
  outer loop
    vertex 1 1 0.3333333333333324
    vertex 1 0.8588713258240283 0.2507062282134787
    vertex 1 1 0.1666666666666662
  endloop
endfacet
facet normal 1 0 0
  outer loop
    vertex 1 0.8556624327025939 0.5833333333333316
    vertex 1 0.8558140217517579 0.4175037597021233
    vertex 1 1 0.4999999999999986
  endloop
endfacet
facet normal 1 0 0
  outer loop
    vertex 1 0.4999999999999986 0
    vertex 1 0.4220429753551876 0.1691750301123359
    vertex 1 0.3333333333333324 0
  endloop
endfacet
facet normal 1 0 0
  outer loop
    vertex 1 0.5977876091177626 0.1493826874925709
    vertex 1 0.4220429753551876 0.1691750301123359
    vertex 1 0.4999999999999986 0
  endloop
endfacet
facet normal 1 0 0
  outer loop
    vertex 1 0 0.1666666666666662
    vertex 1 0.1513080901435648 0.2623742252847558
    vertex 1 0 0.3333333333333324
  endloop
endfacet
facet normal 1 0 0
  outer loop
    vertex 1 0 0.4999999999999986
    vertex 1 0.1508426476087527 0.5815109568340524
    vertex 1 0 0.6666666666666646
  endloop
endfacet
facet normal 1 -0 0
  outer loop
    vertex 1 0.1666666666666662 1
    vertex 1 0.2477062749977593 0.8611620212026556
    vertex 1 0.3333333333333324 1
  endloop
endfacet
facet normal 1 0 0
  outer loop
    vertex 1 0.6666666666666646 0
    vertex 1 0.5977876091177626 0.1493826874925709
    vertex 1 0.4999999999999986 0
  endloop
endfacet
facet normal 1 0 0
  outer loop
    vertex 1 0.697528712446488 0.6925646466622739
    vertex 1 0.5669872981077819 0.5833333333333311
    vertex 1 0.7090255065787379 0.5043163299992666
  endloop
endfacet
facet normal 1 0 0
  outer loop
    vertex 1 0.5669872981077819 0.5833333333333311
    vertex 1 0.4250635842210114 0.5009256300262586
    vertex 1 0.5638129342155495 0.4222204468242281
  endloop
endfacet
facet normal 1 0 0
  outer loop
    vertex 1 1 0.4999999999999986
    vertex 1 0.8558140217517579 0.4175037597021233
    vertex 1 1 0.3333333333333324
  endloop
endfacet
facet normal 1 -0 0
  outer loop
    vertex 1 0.4999999999999986 1
    vertex 1 0.5977876091177629 0.8506173125074279
    vertex 1 0.6666666666666646 1
  endloop
endfacet
facet normal 1 0 0
  outer loop
    vertex 1 1 0.6666666666666646
    vertex 1 0.8556624327025939 0.5833333333333316
    vertex 1 1 0.4999999999999986
  endloop
endfacet
facet normal 1 0 0
  outer loop
    vertex 1 0.2477062749977593 0.8611620212026556
    vertex 1 0.2820285491203464 0.7120763953229133
    vertex 1 0.4209213154057616 0.8318012084636077
  endloop
endfacet
facet normal 1 -0 0
  outer loop
    vertex 1 0.6666666666666646 1
    vertex 1 0.7514957068082695 0.8613549960618434
    vertex 1 0.8333333333333321 1
  endloop
endfacet
facet normal 1 0 0
  outer loop
    vertex 1 0 0.6666666666666646
    vertex 1 0.1369493419813703 0.7528831044824418
    vertex 1 0 0.8333333333333321
  endloop
endfacet
facet normal 1 0 0
  outer loop
    vertex 1 0.8333333333333321 0
    vertex 1 0.7514051943308966 0.1388270992305415
    vertex 1 0.6666666666666646 0
  endloop
endfacet
facet normal 1 0 0
  outer loop
    vertex 1 0.3333333333333324 0
    vertex 1 0.2555622040077321 0.139278356241809
    vertex 1 0.1666666666666662 0
  endloop
endfacet
facet normal 1 0 0
  outer loop
    vertex 1 0.4220429753551876 0.1691750301123359
    vertex 1 0.3044802942638073 0.2661276371112273
    vertex 1 0.2555622040077321 0.139278356241809
  endloop
endfacet
facet normal 1 0 0
  outer loop
    vertex 1 0.4250635842210114 0.5009256300262586
    vertex 1 0.3131019839180587 0.5784344142880585
    vertex 1 0.2722221709498887 0.4199000080986987
  endloop
endfacet
facet normal 1 0 0
  outer loop
    vertex 1 0.1513080901435648 0.2623742252847558
    vertex 1 0.1148745817404412 0.4194237047101676
    vertex 1 0 0.3333333333333324
  endloop
endfacet
facet normal 1 -0 0
  outer loop
    vertex 1 0 0.4999999999999986
    vertex 1 0.1148745817404412 0.4194237047101676
    vertex 1 0.1508426476087527 0.5815109568340524
  endloop
endfacet
facet normal 1 0 0
  outer loop
    vertex 1 0.5977876091177629 0.8506173125074279
    vertex 1 0.7514957068082695 0.8613549960618434
    vertex 1 0.6666666666666646 1
  endloop
endfacet
facet normal 1 0 -0
  outer loop
    vertex 1 0.6666666666666646 0
    vertex 1 0.7514051943308966 0.1388270992305415
    vertex 1 0.5977876091177626 0.1493826874925709
  endloop
endfacet
facet normal 1 0 0
  outer loop
    vertex 1 0.1508426476087527 0.5815109568340524
    vertex 1 0.1369493419813703 0.7528831044824418
    vertex 1 0 0.6666666666666646
  endloop
endfacet
facet normal 1 0 0
  outer loop
    vertex 1 0.4220429753551876 0.1691750301123359
    vertex 1 0.2555622040077321 0.139278356241809
    vertex 1 0.3333333333333324 0
  endloop
endfacet
facet normal 1 0 0
  outer loop
    vertex 1 0.697528712446488 0.6925646466622739
    vertex 1 0.5502404735808378 0.7209936490538891
    vertex 1 0.5669872981077819 0.5833333333333311
  endloop
endfacet
facet normal 1 0 0
  outer loop
    vertex 1 0.5638129342155495 0.4222204468242281
    vertex 1 0.5403355914375439 0.2779307368082874
    vertex 1 0.6967684076365563 0.308964953793765
  endloop
endfacet
facet normal 1 -0 0
  outer loop
    vertex 1 0.8333333333333321 1
    vertex 1 0.8779915320718531 0.8779915320718531
    vertex 1 1 1
  endloop
endfacet
facet normal 1 0 0
  outer loop
    vertex 1 1 1
    vertex 1 0.8779915320718531 0.8779915320718531
    vertex 1 1 0.8333333333333321
  endloop
endfacet
facet normal 1 0 0
  outer loop
    vertex 1 0 0
    vertex 1 0.1220084679281459 0.1220084679281459
    vertex 1 0 0.1666666666666662
  endloop
endfacet
facet normal 1 0 0
  outer loop
    vertex 1 0 0.8333333333333321
    vertex 1 0.1220084679281456 0.8779915320718541
    vertex 1 0 1
  endloop
endfacet
facet normal 1 0 0
  outer loop
    vertex 1 0.1666666666666662 0
    vertex 1 0.1220084679281459 0.1220084679281459
    vertex 1 0 0
  endloop
endfacet
facet normal 1 0 0
  outer loop
    vertex 1 1 0
    vertex 1 0.8779915320718541 0.1220084679281456
    vertex 1 0.8333333333333321 0
  endloop
endfacet
facet normal 1 -0 0
  outer loop
    vertex 1 0 1
    vertex 1 0.1220084679281456 0.8779915320718541
    vertex 1 0.1666666666666662 1
  endloop
endfacet
facet normal 1 0 0
  outer loop
    vertex 1 1 0.1666666666666662
    vertex 1 0.8779915320718541 0.1220084679281456
    vertex 1 1 0
  endloop
endfacet
facet normal 1 0 0
  outer loop
    vertex 1 0.4226497308103761 0.6666666666666643
    vertex 1 0.3131019839180587 0.5784344142880585
    vertex 1 0.4250635842210114 0.5009256300262586
  endloop
endfacet
facet normal 1 0 0
  outer loop
    vertex 1 0 0.3333333333333324
    vertex 1 0.1148745817404412 0.4194237047101676
    vertex 1 0 0.4999999999999986
  endloop
endfacet
facet normal 1 -0 0
  outer loop
    vertex 1 0.1369493419813703 0.7528831044824418
    vertex 1 0.2820285491203464 0.7120763953229133
    vertex 1 0.2477062749977593 0.8611620212026556
  endloop
endfacet
facet normal 1 0 0
  outer loop
    vertex 1 0.2722221709498887 0.4199000080986987
    vertex 1 0.3044802942638073 0.2661276371112273
    vertex 1 0.421266030862663 0.3399105658185371
  endloop
endfacet
facet normal 1 0 -0
  outer loop
    vertex 1 0.2555622040077321 0.139278356241809
    vertex 1 0.3044802942638073 0.2661276371112273
    vertex 1 0.1513080901435648 0.2623742252847558
  endloop
endfacet
facet normal 1 0 0
  outer loop
    vertex 1 0.5669872981077819 0.5833333333333311
    vertex 1 0.5502404735808378 0.7209936490538891
    vertex 1 0.4226497308103761 0.6666666666666643
  endloop
endfacet
facet normal 1 -0 0
  outer loop
    vertex 1 0.421266030862663 0.3399105658185371
    vertex 1 0.5403355914375439 0.2779307368082874
    vertex 1 0.5638129342155495 0.4222204468242281
  endloop
endfacet
facet normal 1 0 -0
  outer loop
    vertex 1 0.8333333333333321 0
    vertex 1 0.8779915320718541 0.1220084679281456
    vertex 1 0.7514051943308966 0.1388270992305415
  endloop
endfacet
facet normal 1 0 0
  outer loop
    vertex 1 0.1369493419813703 0.7528831044824418
    vertex 1 0.1220084679281456 0.8779915320718541
    vertex 1 0 0.8333333333333321
  endloop
endfacet
facet normal 1 0 0
  outer loop
    vertex 1 0.2555622040077321 0.139278356241809
    vertex 1 0.1220084679281459 0.1220084679281459
    vertex 1 0.1666666666666662 0
  endloop
endfacet
facet normal 1 0 0
  outer loop
    vertex 1 0.7514957068082695 0.8613549960618434
    vertex 1 0.8779915320718531 0.8779915320718531
    vertex 1 0.8333333333333321 1
  endloop
endfacet
facet normal 1 0 0
  outer loop
    vertex 1 0.1666666666666662 1
    vertex 1 0.1220084679281456 0.8779915320718541
    vertex 1 0.2477062749977593 0.8611620212026556
  endloop
endfacet
facet normal 1 -0 0
  outer loop
    vertex 1 0 0.1666666666666662
    vertex 1 0.1220084679281459 0.1220084679281459
    vertex 1 0.1513080901435648 0.2623742252847558
  endloop
endfacet
facet normal 1 0 0
  outer loop
    vertex 1 1 0.8333333333333321
    vertex 1 0.8779915320718531 0.8779915320718531
    vertex 1 0.858871325824028 0.7492937717865189
  endloop
endfacet
facet normal 1 0 0
  outer loop
    vertex 1 0.8588713258240283 0.2507062282134787
    vertex 1 0.8779915320718541 0.1220084679281456
    vertex 1 1 0.1666666666666662
  endloop
endfacet
facet normal 1 0 0
  outer loop
    vertex 1 0.4226497308103761 0.6666666666666643
    vertex 1 0.2820285491203464 0.7120763953229133
    vertex 1 0.3131019839180587 0.5784344142880585
  endloop
endfacet
facet normal 1 -0 0
  outer loop
    vertex 1 0.7514051943308966 0.1388270992305415
    vertex 1 0.8779915320718541 0.1220084679281456
    vertex 1 0.8588713258240283 0.2507062282134787
  endloop
endfacet
facet normal 1 0 0
  outer loop
    vertex 1 0.2477062749977593 0.8611620212026556
    vertex 1 0.1220084679281456 0.8779915320718541
    vertex 1 0.1369493419813703 0.7528831044824418
  endloop
endfacet
facet normal 1 0 -0
  outer loop
    vertex 1 0.858871325824028 0.7492937717865189
    vertex 1 0.8779915320718531 0.8779915320718531
    vertex 1 0.7514957068082695 0.8613549960618434
  endloop
endfacet
facet normal 1 0 0
  outer loop
    vertex 1 0.1513080901435648 0.2623742252847558
    vertex 1 0.1220084679281459 0.1220084679281459
    vertex 1 0.2555622040077321 0.139278356241809
  endloop
endfacet
facet normal 0 -1 0
  outer loop
    vertex 0.597787609117763 0 0.8506173125074283
    vertex 0.697528712446488 0 0.6925646466622742
    vertex 0.7514957068082695 0 0.8613549960618433
  endloop
endfacet
facet normal 0 -1 -0
  outer loop
    vertex 0.6967467520581047 0 0.3088453690744141
    vertex 0.5977876091177627 0 0.1493826874925711
    vertex 0.7514026162858429 0 0.1388128629544283
  endloop
endfacet
facet normal 0 -1 0
  outer loop
    vertex 0.697528712446488 0 0.6925646466622742
    vertex 0.597787609117763 0 0.8506173125074283
    vertex 0.5502404735808372 0 0.7209936490538894
  endloop
endfacet
facet normal 0 -1 0
  outer loop
    vertex 0.5977876091177627 0 0.1493826874925711
    vertex 0.6967467520581047 0 0.3088453690744141
    vertex 0.5400215897099722 0 0.2778648492985769
  endloop
endfacet
facet normal 0 -1 -0
  outer loop
    vertex 0.135163461222794 0 0.4059952396911893
    vertex 0.1313072671406492 0 0.2418072307765989
    vertex 0.2833193598962177 0 0.283207576000983
  endloop
endfacet
facet normal 0 -1 0
  outer loop
    vertex 0.2835712984850788 0 0.4404659175556339
    vertex 0.135163461222794 0 0.4059952396911893
    vertex 0.2833193598962177 0 0.283207576000983
  endloop
endfacet
facet normal 0 -1 0
  outer loop
    vertex 0.1508426476087527 0 0.5815109568340524
    vertex 0.2835712984850788 0 0.4404659175556339
    vertex 0.3153718094250967 0 0.5825475961794457
  endloop
endfacet
facet normal -0 -1 0
  outer loop
    vertex 0.2835712984850788 0 0.4404659175556339
    vertex 0.1508426476087527 0 0.5815109568340524
    vertex 0.135163461222794 0 0.4059952396911893
  endloop
endfacet
facet normal 0 -1 0
  outer loop
    vertex 0.1369493419813703 0 0.7528831044824418
    vertex 0.1508426476087527 0 0.5815109568340524
    vertex 0.2824068533715194 0 0.7127619256381447
  endloop
endfacet
facet normal 0 -1 0
  outer loop
    vertex 0.1508426476087527 0 0.5815109568340524
    vertex 0.3153718094250967 0 0.5825475961794457
    vertex 0.2824068533715194 0 0.7127619256381447
  endloop
endfacet
facet normal 0 -1 0
  outer loop
    vertex 0.697528712446488 0 0.6925646466622742
    vertex 0.8588713258240285 0 0.7492937717865187
    vertex 0.7514957068082695 0 0.8613549960618433
  endloop
endfacet
facet normal -0 -1 0
  outer loop
    vertex 0.8588713258240283 0 0.2507062282134787
    vertex 0.6967467520581047 0 0.3088453690744141
    vertex 0.7514026162858429 0 0.1388128629544283
  endloop
endfacet
facet normal 0 -1 0
  outer loop
    vertex 0.4209213154057614 0 0.8318012084636079
    vertex 0.4226497308103759 0 0.666666666666665
    vertex 0.5502404735808372 0 0.7209936490538894
  endloop
endfacet
facet normal 0 -1 -0
  outer loop
    vertex 0.421369939200061 0 0.340090540338241
    vertex 0.4203907139583832 0 0.1687852027634298
    vertex 0.5400215897099722 0 0.2778648492985769
  endloop
endfacet
facet normal 0 -1 0
  outer loop
    vertex 0.4203907139583832 0 0.1687852027634298
    vertex 0.421369939200061 0 0.340090540338241
    vertex 0.2833193598962177 0 0.283207576000983
  endloop
endfacet
facet normal 0 -1 0
  outer loop
    vertex 0.4226497308103759 0 0.666666666666665
    vertex 0.4209213154057614 0 0.8318012084636079
    vertex 0.2824068533715194 0 0.7127619256381447
  endloop
endfacet
facet normal 0 -1 0
  outer loop
    vertex 0.597787609117763 0 0.8506173125074283
    vertex 0.4209213154057614 0 0.8318012084636079
    vertex 0.5502404735808372 0 0.7209936490538894
  endloop
endfacet
facet normal 0 -1 0
  outer loop
    vertex 0.4203907139583832 0 0.1687852027634298
    vertex 0.5977876091177627 0 0.1493826874925711
    vertex 0.5400215897099722 0 0.2778648492985769
  endloop
endfacet
facet normal 0 -1 -0
  outer loop
    vertex 0.3333333333333324 0 1
    vertex 0.2477062749977592 0 0.8611620212026556
    vertex 0.4209213154057614 0 0.8318012084636079
  endloop
endfacet
facet normal 0 -1 0
  outer loop
    vertex 0.8556624327025941 0 0.5833333333333316
    vertex 0.7090255065787379 0 0.5043163299992668
    vertex 0.8533843361939107 0 0.4134224323256369
  endloop
endfacet
facet normal 0 -1 0
  outer loop
    vertex 0.7090255065787379 0 0.5043163299992668
    vertex 0.697528712446488 0 0.6925646466622742
    vertex 0.5669872981077819 0 0.5833333333333319
  endloop
endfacet
facet normal 0 -1 -0
  outer loop
    vertex 0.7090255065787379 0 0.5043163299992668
    vertex 0.6967467520581047 0 0.3088453690744141
    vertex 0.8533843361939107 0 0.4134224323256369
  endloop
endfacet
facet normal 0 -1 0
  outer loop
    vertex 0.2458798294733581 0 0.1356302602983094
    vertex 0.3333333333333324 0 0
    vertex 0.4203907139583832 0 0.1687852027634298
  endloop
endfacet
facet normal 0 -1 0
  outer loop
    vertex 0.8556624327025941 0 0.5833333333333316
    vertex 0.8588713258240285 0 0.7492937717865187
    vertex 0.697528712446488 0 0.6925646466622742
  endloop
endfacet
facet normal 0 -1 0
  outer loop
    vertex 0.4250635842210114 0 0.5009256300262592
    vertex 0.5669872981077819 0 0.5833333333333319
    vertex 0.4226497308103759 0 0.666666666666665
  endloop
endfacet
facet normal -0 -1 0
  outer loop
    vertex 1 0 0.4999999999999986
    vertex 0.8556624327025941 0 0.5833333333333316
    vertex 0.8533843361939107 0 0.4134224323256369
  endloop
endfacet
facet normal 0 -1 0
  outer loop
    vertex 1 0 0.6666666666666646
    vertex 1 0 0.8333333333333321
    vertex 0.8588713258240285 0 0.7492937717865187
  endloop
endfacet
facet normal 0 -1 0
  outer loop
    vertex 0.3333333333333324 0 0
    vertex 0.4999999999999986 0 0
    vertex 0.4203907139583832 0 0.1687852027634298
  endloop
endfacet
facet normal -0 -1 0
  outer loop
    vertex 0.8556624327025941 0 0.5833333333333316
    vertex 0.697528712446488 0 0.6925646466622742
    vertex 0.7090255065787379 0 0.5043163299992668
  endloop
endfacet
facet normal 0 -1 0
  outer loop
    vertex 0.421369939200061 0 0.340090540338241
    vertex 0.4250635842210114 0 0.5009256300262592
    vertex 0.2835712984850788 0 0.4404659175556339
  endloop
endfacet
facet normal -0 -1 0
  outer loop
    vertex 0.3333333333333324 0 1
    vertex 0.1666666666666662 0 1
    vertex 0.2477062749977592 0 0.8611620212026556
  endloop
endfacet
facet normal 0 -1 0
  outer loop
    vertex 0.6967467520581047 0 0.3088453690744141
    vertex 0.8588713258240283 0 0.2507062282134787
    vertex 0.8533843361939107 0 0.4134224323256369
  endloop
endfacet
facet normal 0 -1 0
  outer loop
    vertex 0.5638129342155495 0 0.4222204468242287
    vertex 0.5669872981077819 0 0.5833333333333319
    vertex 0.4250635842210114 0 0.5009256300262592
  endloop
endfacet
facet normal 0 -1 0
  outer loop
    vertex 0 0 0.6666666666666646
    vertex 0 0 0.4999999999999986
    vertex 0.1508426476087527 0 0.5815109568340524
  endloop
endfacet
facet normal 0 -1 0
  outer loop
    vertex 1 0 0.1666666666666662
    vertex 1 0 0.3333333333333324
    vertex 0.8588713258240283 0 0.2507062282134787
  endloop
endfacet
facet normal 0 -1 0
  outer loop
    vertex 0.1666666666666662 0 0
    vertex 0.3333333333333324 0 0
    vertex 0.2458798294733581 0 0.1356302602983094
  endloop
endfacet
facet normal 0 -1 0
  outer loop
    vertex 0.4999999999999986 0 0
    vertex 0.6666666666666646 0 0
    vertex 0.5977876091177627 0 0.1493826874925711
  endloop
endfacet
facet normal 0 -1 0
  outer loop
    vertex 0.8588713258240283 0 0.2507062282134787
    vertex 1 0 0.3333333333333324
    vertex 0.8533843361939107 0 0.4134224323256369
  endloop
endfacet
facet normal 0 -1 0
  outer loop
    vertex 0.4999999999999986 0 0
    vertex 0.5977876091177627 0 0.1493826874925711
    vertex 0.4203907139583832 0 0.1687852027634298
  endloop
endfacet
facet normal -0 -1 0
  outer loop
    vertex 0.4999999999999986 0 1
    vertex 0.3333333333333324 0 1
    vertex 0.4209213154057614 0 0.8318012084636079
  endloop
endfacet
facet normal -0 -1 0
  outer loop
    vertex 0.5638129342155495 0 0.4222204468242287
    vertex 0.4250635842210114 0 0.5009256300262592
    vertex 0.421369939200061 0 0.340090540338241
  endloop
endfacet
facet normal 0 -1 0
  outer loop
    vertex 1 0 0.3333333333333324
    vertex 1 0 0.4999999999999986
    vertex 0.8533843361939107 0 0.4134224323256369
  endloop
endfacet
facet normal 0 -1 0
  outer loop
    vertex 1 0 0.4999999999999986
    vertex 1 0 0.6666666666666646
    vertex 0.8556624327025941 0 0.5833333333333316
  endloop
endfacet
facet normal -0 -1 0
  outer loop
    vertex 0.6666666666666646 0 1
    vertex 0.4999999999999986 0 1
    vertex 0.597787609117763 0 0.8506173125074283
  endloop
endfacet
facet normal -0 -1 0
  outer loop
    vertex 0.597787609117763 0 0.8506173125074283
    vertex 0.4999999999999986 0 1
    vertex 0.4209213154057614 0 0.8318012084636079
  endloop
endfacet
facet normal 0 -1 0
  outer loop
    vertex 0.7090255065787379 0 0.5043163299992668
    vertex 0.5638129342155495 0 0.4222204468242287
    vertex 0.6967467520581047 0 0.3088453690744141
  endloop
endfacet
facet normal -0 -1 0
  outer loop
    vertex 0.7090255065787379 0 0.5043163299992668
    vertex 0.5669872981077819 0 0.5833333333333319
    vertex 0.5638129342155495 0 0.4222204468242287
  endloop
endfacet
facet normal 0 -1 0
  outer loop
    vertex 0.8556624327025941 0 0.5833333333333316
    vertex 1 0 0.6666666666666646
    vertex 0.8588713258240285 0 0.7492937717865187
  endloop
endfacet
facet normal 0 -1 0
  outer loop
    vertex 0.2458798294733581 0 0.1356302602983094
    vertex 0.4203907139583832 0 0.1687852027634298
    vertex 0.2833193598962177 0 0.283207576000983
  endloop
endfacet
facet normal -0 -1 0
  outer loop
    vertex 0.4209213154057614 0 0.8318012084636079
    vertex 0.2477062749977592 0 0.8611620212026556
    vertex 0.2824068533715194 0 0.7127619256381447
  endloop
endfacet
facet normal -0 -1 0
  outer loop
    vertex 0.8333333333333321 0 1
    vertex 0.6666666666666646 0 1
    vertex 0.7514957068082695 0 0.8613549960618433
  endloop
endfacet
facet normal 0 -1 0
  outer loop
    vertex 0.6666666666666646 0 0
    vertex 0.8333333333333321 0 0
    vertex 0.7514026162858429 0 0.1388128629544283
  endloop
endfacet
facet normal 0 -1 0
  outer loop
    vertex 0 0 0.8333333333333321
    vertex 0 0 0.6666666666666646
    vertex 0.1369493419813703 0 0.7528831044824418
  endloop
endfacet
facet normal 0 -1 0
  outer loop
    vertex 0.1508426476087527 0 0.5815109568340524
    vertex 0 0 0.4999999999999986
    vertex 0.135163461222794 0 0.4059952396911893
  endloop
endfacet
facet normal 0 -1 0
  outer loop
    vertex 0.2835712984850788 0 0.4404659175556339
    vertex 0.4250635842210114 0 0.5009256300262592
    vertex 0.3153718094250967 0 0.5825475961794457
  endloop
endfacet
facet normal 0 -1 -0
  outer loop
    vertex 0.6666666666666646 0 1
    vertex 0.597787609117763 0 0.8506173125074283
    vertex 0.7514957068082695 0 0.8613549960618433
  endloop
endfacet
facet normal 0 -1 0
  outer loop
    vertex 0 0 0.6666666666666646
    vertex 0.1508426476087527 0 0.5815109568340524
    vertex 0.1369493419813703 0 0.7528831044824418
  endloop
endfacet
facet normal 0 -1 0
  outer loop
    vertex 0.5977876091177627 0 0.1493826874925711
    vertex 0.6666666666666646 0 0
    vertex 0.7514026162858429 0 0.1388128629544283
  endloop
endfacet
facet normal 0 -1 0
  outer loop
    vertex 0 0 0.3333333333333324
    vertex 0 0 0.1666666666666662
    vertex 0.1313072671406492 0 0.2418072307765989
  endloop
endfacet
facet normal 0 -1 0
  outer loop
    vertex 0.5669872981077819 0 0.5833333333333319
    vertex 0.697528712446488 0 0.6925646466622742
    vertex 0.5502404735808372 0 0.7209936490538894
  endloop
endfacet
facet normal -0 -1 0
  outer loop
    vertex 0.6967467520581047 0 0.3088453690744141
    vertex 0.5638129342155495 0 0.4222204468242287
    vertex 0.5400215897099722 0 0.2778648492985769
  endloop
endfacet
facet normal 0 -1 0
  outer loop
    vertex 1 0 0.8333333333333321
    vertex 1 0 1
    vertex 0.8779915320718527 0 0.8779915320718527
  endloop
endfacet
facet normal -0 -1 0
  outer loop
    vertex 1 0 1
    vertex 0.8333333333333321 0 1
    vertex 0.8779915320718527 0 0.8779915320718527
  endloop
endfacet
facet normal 0 -1 0
  outer loop
    vertex 0 0 1
    vertex 0 0 0.8333333333333321
    vertex 0.1220084679281456 0 0.8779915320718541
  endloop
endfacet
facet normal 0 -1 0
  outer loop
    vertex 0.8333333333333321 0 0
    vertex 1 0 0
    vertex 0.8779915320718541 0 0.1220084679281455
  endloop
endfacet
facet normal -0 -1 0
  outer loop
    vertex 0.1666666666666662 0 1
    vertex 0 0 1
    vertex 0.1220084679281456 0 0.8779915320718541
  endloop
endfacet
facet normal 0 -1 0
  outer loop
    vertex 1 0 0
    vertex 1 0 0.1666666666666662
    vertex 0.8779915320718541 0 0.1220084679281455
  endloop
endfacet
facet normal 0 -1 0
  outer loop
    vertex 0 0 0.3333333333333324
    vertex 0.1313072671406492 0 0.2418072307765989
    vertex 0.135163461222794 0 0.4059952396911893
  endloop
endfacet
facet normal 0 -1 0
  outer loop
    vertex 0 0 0.1666666666666662
    vertex 0 0 0
    vertex 0.1211598774258424 0 0.1211598774258424
  endloop
endfacet
facet normal 0 -1 0
  outer loop
    vertex 0 0 0
    vertex 0.1666666666666662 0 0
    vertex 0.1211598774258424 0 0.1211598774258424
  endloop
endfacet
facet normal 0 -1 0
  outer loop
    vertex 0.4250635842210114 0 0.5009256300262592
    vertex 0.4226497308103759 0 0.666666666666665
    vertex 0.3153718094250967 0 0.5825475961794457
  endloop
endfacet
facet normal 0 -1 0
  outer loop
    vertex 0 0 0.4999999999999986
    vertex 0 0 0.3333333333333324
    vertex 0.135163461222794 0 0.4059952396911893
  endloop
endfacet
facet normal 0 -1 0
  outer loop
    vertex 0.1313072671406492 0 0.2418072307765989
    vertex 0.2458798294733581 0 0.1356302602983094
    vertex 0.2833193598962177 0 0.283207576000983
  endloop
endfacet
facet normal 0 -1 -0
  outer loop
    vertex 0.2477062749977592 0 0.8611620212026556
    vertex 0.1369493419813703 0 0.7528831044824418
    vertex 0.2824068533715194 0 0.7127619256381447
  endloop
endfacet
facet normal -0 -1 0
  outer loop
    vertex 0.421369939200061 0 0.340090540338241
    vertex 0.2835712984850788 0 0.4404659175556339
    vertex 0.2833193598962177 0 0.283207576000983
  endloop
endfacet
facet normal 0 -1 0
  outer loop
    vertex 0.4226497308103759 0 0.666666666666665
    vertex 0.5669872981077819 0 0.5833333333333319
    vertex 0.5502404735808372 0 0.7209936490538894
  endloop
endfacet
facet normal 0 -1 0
  outer loop
    vertex 0.5638129342155495 0 0.4222204468242287
    vertex 0.421369939200061 0 0.340090540338241
    vertex 0.5400215897099722 0 0.2778648492985769
  endloop
endfacet
facet normal 0 -1 0
  outer loop
    vertex 0 0 0.8333333333333321
    vertex 0.1369493419813703 0 0.7528831044824418
    vertex 0.1220084679281456 0 0.8779915320718541
  endloop
endfacet
facet normal 0 -1 0
  outer loop
    vertex 0.7514026162858429 0 0.1388128629544283
    vertex 0.8333333333333321 0 0
    vertex 0.8779915320718541 0 0.1220084679281455
  endloop
endfacet
facet normal 0 -1 -0
  outer loop
    vertex 0.8333333333333321 0 1
    vertex 0.7514957068082695 0 0.8613549960618433
    vertex 0.8779915320718527 0 0.8779915320718527
  endloop
endfacet
facet normal 0 -1 0
  outer loop
    vertex 0.1666666666666662 0 0
    vertex 0.2458798294733581 0 0.1356302602983094
    vertex 0.1211598774258424 0 0.1211598774258424
  endloop
endfacet
facet normal -0 -1 0
  outer loop
    vertex 1 0 0.1666666666666662
    vertex 0.8588713258240283 0 0.2507062282134787
    vertex 0.8779915320718541 0 0.1220084679281455
  endloop
endfacet
facet normal 0 -1 0
  outer loop
    vertex 0.8588713258240285 0 0.7492937717865187
    vertex 1 0 0.8333333333333321
    vertex 0.8779915320718527 0 0.8779915320718527
  endloop
endfacet
facet normal 0 -1 0
  outer loop
    vertex 0.2477062749977592 0 0.8611620212026556
    vertex 0.1666666666666662 0 1
    vertex 0.1220084679281456 0 0.8779915320718541
  endloop
endfacet
facet normal 0 -1 0
  outer loop
    vertex 0.3153718094250967 0 0.5825475961794457
    vertex 0.4226497308103759 0 0.666666666666665
    vertex 0.2824068533715194 0 0.7127619256381447
  endloop
endfacet
facet normal 0 -1 0
  outer loop
    vertex 0.1369493419813703 0 0.7528831044824418
    vertex 0.2477062749977592 0 0.8611620212026556
    vertex 0.1220084679281456 0 0.8779915320718541
  endloop
endfacet
facet normal 0 -1 -0
  outer loop
    vertex 0.8588713258240283 0 0.2507062282134787
    vertex 0.7514026162858429 0 0.1388128629544283
    vertex 0.8779915320718541 0 0.1220084679281455
  endloop
endfacet
facet normal 0 -1 0
  outer loop
    vertex 0.7514957068082695 0 0.8613549960618433
    vertex 0.8588713258240285 0 0.7492937717865187
    vertex 0.8779915320718527 0 0.8779915320718527
  endloop
endfacet
facet normal -0 -1 0
  outer loop
    vertex 0.2458798294733581 0 0.1356302602983094
    vertex 0.1313072671406492 0 0.2418072307765989
    vertex 0.1211598774258424 0 0.1211598774258424
  endloop
endfacet
facet normal 0 -1 0
  outer loop
    vertex 0.1313072671406492 0 0.2418072307765989
    vertex 0 0 0.1666666666666662
    vertex 0.1211598774258424 0 0.1211598774258424
  endloop
endfacet
facet normal -0 1 0
  outer loop
    vertex 0.597787609117763 1 0.8506173125074283
    vertex 0.7514957068082695 1 0.8613549960618433
    vertex 0.697528712446488 1 0.6925646466622742
  endloop
endfacet
facet normal 0 1 0
  outer loop
    vertex 0.6967467520581047 1 0.3088453690744141
    vertex 0.7514026162858429 1 0.1388128629544283
    vertex 0.5977876091177627 1 0.1493826874925711
  endloop
endfacet
facet normal 0 1 0
  outer loop
    vertex 0.697528712446488 1 0.6925646466622742
    vertex 0.5502404735808372 1 0.7209936490538894
    vertex 0.597787609117763 1 0.8506173125074283
  endloop
endfacet
facet normal 0 1 -0
  outer loop
    vertex 0.5977876091177627 1 0.1493826874925711
    vertex 0.5403312603218534 1 0.2779068198644176
    vertex 0.6967467520581047 1 0.3088453690744141
  endloop
endfacet
facet normal 0 1 -0
  outer loop
    vertex 0.1513080901435647 1 0.262374225284756
    vertex 0.1148745817404412 1 0.4194237047101677
    vertex 0.2722221709498885 1 0.4199000080986991
  endloop
endfacet
facet normal 0 1 0
  outer loop
    vertex 0.1508426476087526 1 0.5815109568340524
    vertex 0.3131019839180586 1 0.5784344142880589
    vertex 0.2722221709498885 1 0.4199000080986991
  endloop
endfacet
facet normal 0 1 0
  outer loop
    vertex 0.2722221709498885 1 0.4199000080986991
    vertex 0.1148745817404412 1 0.4194237047101677
    vertex 0.1508426476087526 1 0.5815109568340524
  endloop
endfacet
facet normal 0 1 0
  outer loop
    vertex 0.2722221709498885 1 0.4199000080986991
    vertex 0.3044802942638072 1 0.2661276371112275
    vertex 0.1513080901435647 1 0.262374225284756
  endloop
endfacet
facet normal 0 1 0
  outer loop
    vertex 0.1369493419813703 1 0.7528831044824418
    vertex 0.2820285491203464 1 0.7120763953229134
    vertex 0.1508426476087526 1 0.5815109568340524
  endloop
endfacet
facet normal -0 1 0
  outer loop
    vertex 0.1508426476087526 1 0.5815109568340524
    vertex 0.2820285491203464 1 0.7120763953229134
    vertex 0.3131019839180586 1 0.5784344142880589
  endloop
endfacet
facet normal 0 1 0
  outer loop
    vertex 0.697528712446488 1 0.6925646466622742
    vertex 0.7514957068082695 1 0.8613549960618433
    vertex 0.8588713258240285 1 0.7492937717865187
  endloop
endfacet
facet normal 0 1 0
  outer loop
    vertex 0.8588713258240283 1 0.2507062282134787
    vertex 0.7514026162858429 1 0.1388128629544283
    vertex 0.6967467520581047 1 0.3088453690744141
  endloop
endfacet
facet normal 0 1 0
  outer loop
    vertex 0.4209213154057614 1 0.8318012084636079
    vertex 0.5502404735808372 1 0.7209936490538894
    vertex 0.4226497308103759 1 0.666666666666665
  endloop
endfacet
facet normal 0 1 0
  outer loop
    vertex 0.4212660308626628 1 0.3399105658185376
    vertex 0.5403312603218534 1 0.2779068198644176
    vertex 0.4220429753551876 1 0.1691750301123361
  endloop
endfacet
facet normal 0 1 0
  outer loop
    vertex 0.4220429753551876 1 0.1691750301123361
    vertex 0.3044802942638072 1 0.2661276371112275
    vertex 0.4212660308626628 1 0.3399105658185376
  endloop
endfacet
facet normal 0 1 0
  outer loop
    vertex 0.4226497308103759 1 0.666666666666665
    vertex 0.2820285491203464 1 0.7120763953229134
    vertex 0.4209213154057614 1 0.8318012084636079
  endloop
endfacet
facet normal 0 1 0
  outer loop
    vertex 0.597787609117763 1 0.8506173125074283
    vertex 0.5502404735808372 1 0.7209936490538894
    vertex 0.4209213154057614 1 0.8318012084636079
  endloop
endfacet
facet normal -0 1 0
  outer loop
    vertex 0.4220429753551876 1 0.1691750301123361
    vertex 0.5403312603218534 1 0.2779068198644176
    vertex 0.5977876091177627 1 0.1493826874925711
  endloop
endfacet
facet normal 0 1 0
  outer loop
    vertex 0.3333333333333324 1 1
    vertex 0.4209213154057614 1 0.8318012084636079
    vertex 0.2477062749977592 1 0.8611620212026556
  endloop
endfacet
facet normal 0 1 0
  outer loop
    vertex 0.8556624327025941 1 0.5833333333333316
    vertex 0.8533843361939107 1 0.4134224323256369
    vertex 0.7090255065787379 1 0.5043163299992668
  endloop
endfacet
facet normal 0 1 0
  outer loop
    vertex 0.7090255065787379 1 0.5043163299992668
    vertex 0.5669872981077819 1 0.5833333333333319
    vertex 0.697528712446488 1 0.6925646466622742
  endloop
endfacet
facet normal 0 1 0
  outer loop
    vertex 0.7090255065787379 1 0.5043163299992668
    vertex 0.8533843361939107 1 0.4134224323256369
    vertex 0.6967467520581047 1 0.3088453690744141
  endloop
endfacet
facet normal 0 1 -0
  outer loop
    vertex 0.8556624327025941 1 0.5833333333333316
    vertex 0.697528712446488 1 0.6925646466622742
    vertex 0.8588713258240285 1 0.7492937717865187
  endloop
endfacet
facet normal 0 1 -0
  outer loop
    vertex 0.4250635842210113 1 0.5009256300262592
    vertex 0.4226497308103759 1 0.666666666666665
    vertex 0.5669872981077819 1 0.5833333333333319
  endloop
endfacet
facet normal 0 1 0
  outer loop
    vertex 1 1 0.4999999999999986
    vertex 0.8533843361939107 1 0.4134224323256369
    vertex 0.8556624327025941 1 0.5833333333333316
  endloop
endfacet
facet normal 0 1 -0
  outer loop
    vertex 1 1 0.6666666666666646
    vertex 0.8588713258240285 1 0.7492937717865187
    vertex 1 1 0.8333333333333321
  endloop
endfacet
facet normal 0 1 0
  outer loop
    vertex 0.3333333333333324 1 0
    vertex 0.4220429753551876 1 0.1691750301123361
    vertex 0.4999999999999986 1 0
  endloop
endfacet
facet normal 0 1 0
  outer loop
    vertex 0.8556624327025941 1 0.5833333333333316
    vertex 0.7090255065787379 1 0.5043163299992668
    vertex 0.697528712446488 1 0.6925646466622742
  endloop
endfacet
facet normal 0 1 0
  outer loop
    vertex 0 1 0.3333333333333324
    vertex 0.1513080901435647 1 0.262374225284756
    vertex 0 1 0.1666666666666662
  endloop
endfacet
facet normal 0 1 0
  outer loop
    vertex 0.3333333333333324 1 1
    vertex 0.2477062749977592 1 0.8611620212026556
    vertex 0.1666666666666662 1 1
  endloop
endfacet
facet normal -0 1 0
  outer loop
    vertex 0.6967467520581047 1 0.3088453690744141
    vertex 0.8533843361939107 1 0.4134224323256369
    vertex 0.8588713258240283 1 0.2507062282134787
  endloop
endfacet
facet normal 0 1 -0
  outer loop
    vertex 0.5638129342155495 1 0.4222204468242287
    vertex 0.4250635842210113 1 0.5009256300262592
    vertex 0.5669872981077819 1 0.5833333333333319
  endloop
endfacet
facet normal 0 1 -0
  outer loop
    vertex 0.4212660308626628 1 0.3399105658185376
    vertex 0.2722221709498885 1 0.4199000080986991
    vertex 0.4250635842210113 1 0.5009256300262592
  endloop
endfacet
facet normal 0 1 0
  outer loop
    vertex 0 1 0.6666666666666646
    vertex 0.1508426476087526 1 0.5815109568340524
    vertex 0 1 0.4999999999999986
  endloop
endfacet
facet normal 0 1 -0
  outer loop
    vertex 1 1 0.1666666666666662
    vertex 0.8588713258240283 1 0.2507062282134787
    vertex 1 1 0.3333333333333324
  endloop
endfacet
facet normal 0 1 0
  outer loop
    vertex 0.4999999999999986 1 0
    vertex 0.5977876091177627 1 0.1493826874925711
    vertex 0.6666666666666646 1 0
  endloop
endfacet
facet normal 0 1 -0
  outer loop
    vertex 0.8588713258240283 1 0.2507062282134787
    vertex 0.8533843361939107 1 0.4134224323256369
    vertex 1 1 0.3333333333333324
  endloop
endfacet
facet normal 0 1 -0
  outer loop
    vertex 0.4999999999999986 1 0
    vertex 0.4220429753551876 1 0.1691750301123361
    vertex 0.5977876091177627 1 0.1493826874925711
  endloop
endfacet
facet normal 0 1 0
  outer loop
    vertex 0.4999999999999986 1 1
    vertex 0.4209213154057614 1 0.8318012084636079
    vertex 0.3333333333333324 1 1
  endloop
endfacet
facet normal 0 1 0
  outer loop
    vertex 0.5638129342155495 1 0.4222204468242287
    vertex 0.4212660308626628 1 0.3399105658185376
    vertex 0.4250635842210113 1 0.5009256300262592
  endloop
endfacet
facet normal 0 1 -0
  outer loop
    vertex 1 1 0.3333333333333324
    vertex 0.8533843361939107 1 0.4134224323256369
    vertex 1 1 0.4999999999999986
  endloop
endfacet
facet normal 0 1 -0
  outer loop
    vertex 1 1 0.4999999999999986
    vertex 0.8556624327025941 1 0.5833333333333316
    vertex 1 1 0.6666666666666646
  endloop
endfacet
facet normal 0 1 0
  outer loop
    vertex 0.6666666666666646 1 1
    vertex 0.597787609117763 1 0.8506173125074283
    vertex 0.4999999999999986 1 1
  endloop
endfacet
facet normal 0 1 0
  outer loop
    vertex 0.597787609117763 1 0.8506173125074283
    vertex 0.4209213154057614 1 0.8318012084636079
    vertex 0.4999999999999986 1 1
  endloop
endfacet
facet normal 0 1 0
  outer loop
    vertex 0.7090255065787379 1 0.5043163299992668
    vertex 0.6967467520581047 1 0.3088453690744141
    vertex 0.5638129342155495 1 0.4222204468242287
  endloop
endfacet
facet normal 0 1 0
  outer loop
    vertex 0.7090255065787379 1 0.5043163299992668
    vertex 0.5638129342155495 1 0.4222204468242287
    vertex 0.5669872981077819 1 0.5833333333333319
  endloop
endfacet
facet normal 0 1 0
  outer loop
    vertex 0.8556624327025941 1 0.5833333333333316
    vertex 0.8588713258240285 1 0.7492937717865187
    vertex 1 1 0.6666666666666646
  endloop
endfacet
facet normal 0 1 0
  outer loop
    vertex 0.4209213154057614 1 0.8318012084636079
    vertex 0.2820285491203464 1 0.7120763953229134
    vertex 0.2477062749977592 1 0.8611620212026556
  endloop
endfacet
facet normal 0 1 0
  outer loop
    vertex 0.8333333333333321 1 1
    vertex 0.7514957068082695 1 0.8613549960618433
    vertex 0.6666666666666646 1 1
  endloop
endfacet
facet normal 0 1 0
  outer loop
    vertex 0.6666666666666646 1 0
    vertex 0.7514026162858429 1 0.1388128629544283
    vertex 0.8333333333333321 1 0
  endloop
endfacet
facet normal 0 1 0
  outer loop
    vertex 0 1 0.8333333333333321
    vertex 0.1369493419813703 1 0.7528831044824418
    vertex 0 1 0.6666666666666646
  endloop
endfacet
facet normal 0 1 0
  outer loop
    vertex 0.1666666666666662 1 0
    vertex 0.2555622040077321 1 0.139278356241809
    vertex 0.3333333333333324 1 0
  endloop
endfacet
facet normal 0 1 0
  outer loop
    vertex 0.2555622040077321 1 0.139278356241809
    vertex 0.3044802942638072 1 0.2661276371112275
    vertex 0.4220429753551876 1 0.1691750301123361
  endloop
endfacet
facet normal -0 1 0
  outer loop
    vertex 0 1 0.3333333333333324
    vertex 0.1148745817404412 1 0.4194237047101677
    vertex 0.1513080901435647 1 0.262374225284756
  endloop
endfacet
facet normal 0 1 0
  outer loop
    vertex 0.2722221709498885 1 0.4199000080986991
    vertex 0.3131019839180586 1 0.5784344142880589
    vertex 0.4250635842210113 1 0.5009256300262592
  endloop
endfacet
facet normal 0 1 0
  outer loop
    vertex 0.1508426476087526 1 0.5815109568340524
    vertex 0.1148745817404412 1 0.4194237047101677
    vertex 0 1 0.4999999999999986
  endloop
endfacet
facet normal 0 1 0
  outer loop
    vertex 0.6666666666666646 1 1
    vertex 0.7514957068082695 1 0.8613549960618433
    vertex 0.597787609117763 1 0.8506173125074283
  endloop
endfacet
facet normal -0 1 0
  outer loop
    vertex 0 1 0.6666666666666646
    vertex 0.1369493419813703 1 0.7528831044824418
    vertex 0.1508426476087526 1 0.5815109568340524
  endloop
endfacet
facet normal 0 1 0
  outer loop
    vertex 0.5977876091177627 1 0.1493826874925711
    vertex 0.7514026162858429 1 0.1388128629544283
    vertex 0.6666666666666646 1 0
  endloop
endfacet
facet normal 0 1 -0
  outer loop
    vertex 0.3333333333333324 1 0
    vertex 0.2555622040077321 1 0.139278356241809
    vertex 0.4220429753551876 1 0.1691750301123361
  endloop
endfacet
facet normal 0 1 -0
  outer loop
    vertex 0.5669872981077819 1 0.5833333333333319
    vertex 0.5502404735808372 1 0.7209936490538894
    vertex 0.697528712446488 1 0.6925646466622742
  endloop
endfacet
facet normal 0 1 0
  outer loop
    vertex 0.6967467520581047 1 0.3088453690744141
    vertex 0.5403312603218534 1 0.2779068198644176
    vertex 0.5638129342155495 1 0.4222204468242287
  endloop
endfacet
facet normal 0 1 -0
  outer loop
    vertex 1 1 0.8333333333333321
    vertex 0.8779915320718527 1 0.8779915320718527
    vertex 1 1 1
  endloop
endfacet
facet normal 0 1 0
  outer loop
    vertex 1 1 1
    vertex 0.8779915320718527 1 0.8779915320718527
    vertex 0.8333333333333321 1 1
  endloop
endfacet
facet normal 0 1 0
  outer loop
    vertex 0 1 1
    vertex 0.1220084679281456 1 0.8779915320718541
    vertex 0 1 0.8333333333333321
  endloop
endfacet
facet normal 0 1 0
  outer loop
    vertex 0 1 0.1666666666666662
    vertex 0.1220084679281459 1 0.1220084679281459
    vertex 0 1 0
  endloop
endfacet
facet normal 0 1 0
  outer loop
    vertex 0 1 0
    vertex 0.1220084679281459 1 0.1220084679281459
    vertex 0.1666666666666662 1 0
  endloop
endfacet
facet normal 0 1 0
  outer loop
    vertex 0.8333333333333321 1 0
    vertex 0.8779915320718541 1 0.1220084679281455
    vertex 1 1 0
  endloop
endfacet
facet normal 0 1 0
  outer loop
    vertex 0.1666666666666662 1 1
    vertex 0.1220084679281456 1 0.8779915320718541
    vertex 0 1 1
  endloop
endfacet
facet normal 0 1 -0
  outer loop
    vertex 1 1 0
    vertex 0.8779915320718541 1 0.1220084679281455
    vertex 1 1 0.1666666666666662
  endloop
endfacet
facet normal 0 1 0
  outer loop
    vertex 0.4250635842210113 1 0.5009256300262592
    vertex 0.3131019839180586 1 0.5784344142880589
    vertex 0.4226497308103759 1 0.666666666666665
  endloop
endfacet
facet normal 0 1 0
  outer loop
    vertex 0 1 0.4999999999999986
    vertex 0.1148745817404412 1 0.4194237047101677
    vertex 0 1 0.3333333333333324
  endloop
endfacet
facet normal 0 1 0
  outer loop
    vertex 0.2477062749977592 1 0.8611620212026556
    vertex 0.2820285491203464 1 0.7120763953229134
    vertex 0.1369493419813703 1 0.7528831044824418
  endloop
endfacet
facet normal 0 1 0
  outer loop
    vertex 0.4212660308626628 1 0.3399105658185376
    vertex 0.3044802942638072 1 0.2661276371112275
    vertex 0.2722221709498885 1 0.4199000080986991
  endloop
endfacet
facet normal -0 1 0
  outer loop
    vertex 0.1513080901435647 1 0.262374225284756
    vertex 0.3044802942638072 1 0.2661276371112275
    vertex 0.2555622040077321 1 0.139278356241809
  endloop
endfacet
facet normal -0 1 0
  outer loop
    vertex 0.4226497308103759 1 0.666666666666665
    vertex 0.5502404735808372 1 0.7209936490538894
    vertex 0.5669872981077819 1 0.5833333333333319
  endloop
endfacet
facet normal 0 1 0
  outer loop
    vertex 0.5638129342155495 1 0.4222204468242287
    vertex 0.5403312603218534 1 0.2779068198644176
    vertex 0.4212660308626628 1 0.3399105658185376
  endloop
endfacet
facet normal -0 1 0
  outer loop
    vertex 0 1 0.8333333333333321
    vertex 0.1220084679281456 1 0.8779915320718541
    vertex 0.1369493419813703 1 0.7528831044824418
  endloop
endfacet
facet normal 0 1 0
  outer loop
    vertex 0.7514026162858429 1 0.1388128629544283
    vertex 0.8779915320718541 1 0.1220084679281455
    vertex 0.8333333333333321 1 0
  endloop
endfacet
facet normal 0 1 -0
  outer loop
    vertex 0.1666666666666662 1 0
    vertex 0.1220084679281459 1 0.1220084679281459
    vertex 0.2555622040077321 1 0.139278356241809
  endloop
endfacet
facet normal 0 1 0
  outer loop
    vertex 0.8333333333333321 1 1
    vertex 0.8779915320718527 1 0.8779915320718527
    vertex 0.7514957068082695 1 0.8613549960618433
  endloop
endfacet
facet normal 0 1 0
  outer loop
    vertex 1 1 0.1666666666666662
    vertex 0.8779915320718541 1 0.1220084679281455
    vertex 0.8588713258240283 1 0.2507062282134787
  endloop
endfacet
facet normal 0 1 0
  outer loop
    vertex 0.1513080901435647 1 0.262374225284756
    vertex 0.1220084679281459 1 0.1220084679281459
    vertex 0 1 0.1666666666666662
  endloop
endfacet
facet normal 0 1 0
  outer loop
    vertex 0.8588713258240285 1 0.7492937717865187
    vertex 0.8779915320718527 1 0.8779915320718527
    vertex 1 1 0.8333333333333321
  endloop
endfacet
facet normal 0 1 0
  outer loop
    vertex 0.2477062749977592 1 0.8611620212026556
    vertex 0.1220084679281456 1 0.8779915320718541
    vertex 0.1666666666666662 1 1
  endloop
endfacet
facet normal 0 1 -0
  outer loop
    vertex 0.3131019839180586 1 0.5784344142880589
    vertex 0.2820285491203464 1 0.7120763953229134
    vertex 0.4226497308103759 1 0.666666666666665
  endloop
endfacet
facet normal 0 1 -0
  outer loop
    vertex 0.1369493419813703 1 0.7528831044824418
    vertex 0.1220084679281456 1 0.8779915320718541
    vertex 0.2477062749977592 1 0.8611620212026556
  endloop
endfacet
facet normal 0 1 0
  outer loop
    vertex 0.8588713258240283 1 0.2507062282134787
    vertex 0.8779915320718541 1 0.1220084679281455
    vertex 0.7514026162858429 1 0.1388128629544283
  endloop
endfacet
facet normal -0 1 0
  outer loop
    vertex 0.7514957068082695 1 0.8613549960618433
    vertex 0.8779915320718527 1 0.8779915320718527
    vertex 0.8588713258240285 1 0.7492937717865187
  endloop
endfacet
facet normal 0 1 0
  outer loop
    vertex 0.2555622040077321 1 0.139278356241809
    vertex 0.1220084679281459 1 0.1220084679281459
    vertex 0.1513080901435647 1 0.262374225284756
  endloop
endfacet
facet normal 0 0 -1
  outer loop
    vertex 0.697528712446488 0.6925646466622739 0
    vertex 0.5977876091177629 0.8506173125074279 0
    vertex 0.7514957068082695 0.8613549960618434 0
  endloop
endfacet
facet normal 0 0 -1
  outer loop
    vertex 0.5977876091177626 0.1493826874925709 0
    vertex 0.6967684076365563 0.308964953793765 0
    vertex 0.7514051943308966 0.1388270992305415 0
  endloop
endfacet
facet normal 0 -0 -1
  outer loop
    vertex 0.5977876091177629 0.8506173125074279 0
    vertex 0.697528712446488 0.6925646466622739 0
    vertex 0.5502404735808378 0.7209936490538891 0
  endloop
endfacet
facet normal 0 0 -1
  outer loop
    vertex 0.6967684076365563 0.308964953793765 0
    vertex 0.5977876091177626 0.1493826874925709 0
    vertex 0.5403355914375439 0.2779307368082874 0
  endloop
endfacet
facet normal 0 0 -1
  outer loop
    vertex 0.2722221709498887 0.4199000080986986 0
    vertex 0.1508426476087527 0.5815109568340524 0
    vertex 0.3131019839180587 0.5784344142880585 0
  endloop
endfacet
facet normal 0 -0 -1
  outer loop
    vertex 0.1508426476087527 0.5815109568340524 0
    vertex 0.2722221709498887 0.4199000080986986 0
    vertex 0.1148745817404412 0.4194237047101676 0
  endloop
endfacet
facet normal 0 0 -1
  outer loop
    vertex 0.2722221709498887 0.4199000080986986 0
    vertex 0.1513080901435648 0.2623742252847558 0
    vertex 0.1148745817404412 0.4194237047101676 0
  endloop
endfacet
facet normal 0 0 -1
  outer loop
    vertex 0.1513080901435648 0.2623742252847558 0
    vertex 0.2722221709498887 0.4199000080986986 0
    vertex 0.3044802942638072 0.2661276371112273 0
  endloop
endfacet
facet normal 0 0 -1
  outer loop
    vertex 0.1508426476087527 0.5815109568340524 0
    vertex 0.1369493419813703 0.7528831044824418 0
    vertex 0.2820285491203464 0.7120763953229133 0
  endloop
endfacet
facet normal 0 0 -1
  outer loop
    vertex 0.3131019839180587 0.5784344142880585 0
    vertex 0.1508426476087527 0.5815109568340524 0
    vertex 0.2820285491203464 0.7120763953229133 0
  endloop
endfacet
facet normal -0 0 -1
  outer loop
    vertex 0.858871325824028 0.7492937717865189 0
    vertex 0.697528712446488 0.6925646466622739 0
    vertex 0.7514957068082695 0.8613549960618434 0
  endloop
endfacet
facet normal 0 0 -1
  outer loop
    vertex 0.6967684076365563 0.308964953793765 0
    vertex 0.8588713258240283 0.2507062282134787 0
    vertex 0.7514051943308966 0.1388270992305415 0
  endloop
endfacet
facet normal 0 0 -1
  outer loop
    vertex 0.4226497308103761 0.6666666666666643 0
    vertex 0.4209213154057616 0.8318012084636077 0
    vertex 0.5502404735808378 0.7209936490538891 0
  endloop
endfacet
facet normal 0 0 -1
  outer loop
    vertex 0.4220429753551876 0.1691750301123359 0
    vertex 0.421266030862663 0.3399105658185371 0
    vertex 0.5403355914375439 0.2779307368082874 0
  endloop
endfacet
facet normal 0 -0 -1
  outer loop
    vertex 0.421266030862663 0.3399105658185371 0
    vertex 0.4220429753551876 0.1691750301123359 0
    vertex 0.3044802942638072 0.2661276371112273 0
  endloop
endfacet
facet normal 0 -0 -1
  outer loop
    vertex 0.4209213154057616 0.8318012084636077 0
    vertex 0.4226497308103761 0.6666666666666643 0
    vertex 0.2820285491203464 0.7120763953229133 0
  endloop
endfacet
facet normal 0 0 -1
  outer loop
    vertex 0.4209213154057616 0.8318012084636077 0
    vertex 0.5977876091177629 0.8506173125074279 0
    vertex 0.5502404735808378 0.7209936490538891 0
  endloop
endfacet
facet normal 0 0 -1
  outer loop
    vertex 0.5977876091177626 0.1493826874925709 0
    vertex 0.4220429753551876 0.1691750301123359 0
    vertex 0.5403355914375439 0.2779307368082874 0
  endloop
endfacet
facet normal 0 -0 -1
  outer loop
    vertex 1 0.8333333333333321 0
    vertex 1 0.6666666666666646 0
    vertex 0.858871325824028 0.7492937717865189 0
  endloop
endfacet
facet normal -0 0 -1
  outer loop
    vertex 1 0.6666666666666646 0
    vertex 0.8556624327025939 0.5833333333333316 0
    vertex 0.858871325824028 0.7492937717865189 0
  endloop
endfacet
facet normal 0 0 -1
  outer loop
    vertex 0.697528712446488 0.6925646466622739 0
    vertex 0.8556624327025939 0.5833333333333316 0
    vertex 0.7090255065787379 0.5043163299992666 0
  endloop
endfacet
facet normal 0 0 -1
  outer loop
    vertex 0.2477062749977593 0.8611620212026556 0
    vertex 0.3333333333333324 1 0
    vertex 0.4209213154057616 0.8318012084636077 0
  endloop
endfacet
facet normal 0 -0 -1
  outer loop
    vertex 0.7090255065787379 0.5043163299992666 0
    vertex 0.8558140217517579 0.4175037597021233 0
    vertex 0.6967684076365563 0.308964953793765 0
  endloop
endfacet
facet normal 0 0 -1
  outer loop
    vertex 0.3333333333333324 1 0
    vertex 0.4999999999999986 1 0
    vertex 0.4209213154057616 0.8318012084636077 0
  endloop
endfacet
facet normal 0 0 -1
  outer loop
    vertex 0.858871325824028 0.7492937717865189 0
    vertex 0.8556624327025939 0.5833333333333316 0
    vertex 0.697528712446488 0.6925646466622739 0
  endloop
endfacet
facet normal 0 -0 -1
  outer loop
    vertex 0.8558140217517579 0.4175037597021233 0
    vertex 0.8588713258240283 0.2507062282134787 0
    vertex 0.6967684076365563 0.308964953793765 0
  endloop
endfacet
facet normal 0 -0 -1
  outer loop
    vertex 0.4250635842210114 0.5009256300262586 0
    vertex 0.5638129342155495 0.4222204468242281 0
    vertex 0.421266030862663 0.3399105658185371 0
  endloop
endfacet
facet normal -0 0 -1
  outer loop
    vertex 1 0.3333333333333324 0
    vertex 0.8588713258240283 0.2507062282134787 0
    vertex 0.8558140217517579 0.4175037597021233 0
  endloop
endfacet
facet normal 0 -0 -1
  outer loop
    vertex 0.4999999999999986 1 0
    vertex 0.5977876091177629 0.8506173125074279 0
    vertex 0.4209213154057616 0.8318012084636077 0
  endloop
endfacet
facet normal 0 0 -1
  outer loop
    vertex 0.7090255065787379 0.5043163299992666 0
    vertex 0.8556624327025939 0.5833333333333316 0
    vertex 0.8558140217517579 0.4175037597021233 0
  endloop
endfacet
facet normal 0 -0 -1
  outer loop
    vertex 0.5669872981077819 0.5833333333333311 0
    vertex 0.7090255065787379 0.5043163299992666 0
    vertex 0.5638129342155495 0.4222204468242281 0
  endloop
endfacet
facet normal 0 0 -1
  outer loop
    vertex 0.5638129342155495 0.4222204468242281 0
    vertex 0.7090255065787379 0.5043163299992666 0
    vertex 0.6967684076365563 0.308964953793765 0
  endloop
endfacet
facet normal -0 0 -1
  outer loop
    vertex 0.5669872981077819 0.5833333333333311 0
    vertex 0.4250635842210114 0.5009256300262586 0
    vertex 0.4226497308103761 0.6666666666666643 0
  endloop
endfacet
facet normal 0 0 -1
  outer loop
    vertex 0.4250635842210114 0.5009256300262586 0
    vertex 0.421266030862663 0.3399105658185371 0
    vertex 0.2722221709498887 0.4199000080986986 0
  endloop
endfacet
facet normal 0 -0 -1
  outer loop
    vertex 1 0.3333333333333324 0
    vertex 1 0.1666666666666662 0
    vertex 0.8588713258240283 0.2507062282134787 0
  endloop
endfacet
facet normal 0 0 -1
  outer loop
    vertex 0.8556624327025939 0.5833333333333316 0
    vertex 1 0.4999999999999986 0
    vertex 0.8558140217517579 0.4175037597021233 0
  endloop
endfacet
facet normal 0 0 -1
  outer loop
    vertex 0.4999999999999986 0 0
    vertex 0.3333333333333324 0 0
    vertex 0.4220429753551876 0.1691750301123359 0
  endloop
endfacet
facet normal -0 0 -1
  outer loop
    vertex 0.5977876091177626 0.1493826874925709 0
    vertex 0.4999999999999986 0 0
    vertex 0.4220429753551876 0.1691750301123359 0
  endloop
endfacet
facet normal 0 0 -1
  outer loop
    vertex 0 0.1666666666666662 0
    vertex 0 0.3333333333333324 0
    vertex 0.1513080901435648 0.2623742252847558 0
  endloop
endfacet
facet normal 0 0 -1
  outer loop
    vertex 0 0.4999999999999986 0
    vertex 0 0.6666666666666646 0
    vertex 0.1508426476087527 0.5815109568340524 0
  endloop
endfacet
facet normal 0 0 -1
  outer loop
    vertex 0.6666666666666646 0 0
    vertex 0.4999999999999986 0 0
    vertex 0.5977876091177626 0.1493826874925709 0
  endloop
endfacet
facet normal 0 0 -1
  outer loop
    vertex 0.1666666666666662 1 0
    vertex 0.3333333333333324 1 0
    vertex 0.2477062749977593 0.8611620212026556 0
  endloop
endfacet
facet normal 0 -0 -1
  outer loop
    vertex 0.697528712446488 0.6925646466622739 0
    vertex 0.7090255065787379 0.5043163299992666 0
    vertex 0.5669872981077819 0.5833333333333311 0
  endloop
endfacet
facet normal 0 0 -1
  outer loop
    vertex 0.5669872981077819 0.5833333333333311 0
    vertex 0.5638129342155495 0.4222204468242281 0
    vertex 0.4250635842210114 0.5009256300262586 0
  endloop
endfacet
facet normal 0 -0 -1
  outer loop
    vertex 1 0.4999999999999986 0
    vertex 1 0.3333333333333324 0
    vertex 0.8558140217517579 0.4175037597021233 0
  endloop
endfacet
facet normal 0 -0 -1
  outer loop
    vertex 1 0.6666666666666646 0
    vertex 1 0.4999999999999986 0
    vertex 0.8556624327025939 0.5833333333333316 0
  endloop
endfacet
facet normal 0 0 -1
  outer loop
    vertex 0.4999999999999986 1 0
    vertex 0.6666666666666646 1 0
    vertex 0.5977876091177629 0.8506173125074279 0
  endloop
endfacet
facet normal 0 0 -1
  outer loop
    vertex 0.2477062749977593 0.8611620212026556 0
    vertex 0.4209213154057616 0.8318012084636077 0
    vertex 0.2820285491203464 0.7120763953229133 0
  endloop
endfacet
facet normal 0 0 -1
  outer loop
    vertex 0.6666666666666646 1 0
    vertex 0.8333333333333321 1 0
    vertex 0.7514957068082695 0.8613549960618434 0
  endloop
endfacet
facet normal 0 0 -1
  outer loop
    vertex 0 0.6666666666666646 0
    vertex 0 0.8333333333333321 0
    vertex 0.1369493419813703 0.7528831044824418 0
  endloop
endfacet
facet normal 0 0 -1
  outer loop
    vertex 0.8333333333333321 0 0
    vertex 0.6666666666666646 0 0
    vertex 0.7514051943308966 0.1388270992305415 0
  endloop
endfacet
facet normal 0 0 -1
  outer loop
    vertex 0.3333333333333324 0 0
    vertex 0.1666666666666662 0 0
    vertex 0.2555622040077321 0.139278356241809 0
  endloop
endfacet
facet normal -0 0 -1
  outer loop
    vertex 0.4220429753551876 0.1691750301123359 0
    vertex 0.2555622040077321 0.139278356241809 0
    vertex 0.3044802942638072 0.2661276371112273 0
  endloop
endfacet
facet normal -0 0 -1
  outer loop
    vertex 0.4250635842210114 0.5009256300262586 0
    vertex 0.2722221709498887 0.4199000080986986 0
    vertex 0.3131019839180587 0.5784344142880585 0
  endloop
endfacet
facet normal 0 0 -1
  outer loop
    vertex 0 0.4999999999999986 0
    vertex 0.1508426476087527 0.5815109568340524 0
    vertex 0.1148745817404412 0.4194237047101676 0
  endloop
endfacet
facet normal 0 0 -1
  outer loop
    vertex 0.1513080901435648 0.2623742252847558 0
    vertex 0 0.3333333333333324 0
    vertex 0.1148745817404412 0.4194237047101676 0
  endloop
endfacet
facet normal 0 0 -1
  outer loop
    vertex 0.5977876091177629 0.8506173125074279 0
    vertex 0.6666666666666646 1 0
    vertex 0.7514957068082695 0.8613549960618434 0
  endloop
endfacet
facet normal 0 0 -1
  outer loop
    vertex 0.6666666666666646 0 0
    vertex 0.5977876091177626 0.1493826874925709 0
    vertex 0.7514051943308966 0.1388270992305415 0
  endloop
endfacet
facet normal 0 0 -1
  outer loop
    vertex 0.1508426476087527 0.5815109568340524 0
    vertex 0 0.6666666666666646 0
    vertex 0.1369493419813703 0.7528831044824418 0
  endloop
endfacet
facet normal 0 0 -1
  outer loop
    vertex 0.4220429753551876 0.1691750301123359 0
    vertex 0.3333333333333324 0 0
    vertex 0.2555622040077321 0.139278356241809 0
  endloop
endfacet
facet normal -0 0 -1
  outer loop
    vertex 0.697528712446488 0.6925646466622739 0
    vertex 0.5669872981077819 0.5833333333333311 0
    vertex 0.5502404735808378 0.7209936490538891 0
  endloop
endfacet
facet normal 0 -0 -1
  outer loop
    vertex 0.5638129342155495 0.4222204468242281 0
    vertex 0.6967684076365563 0.308964953793765 0
    vertex 0.5403355914375439 0.2779307368082874 0
  endloop
endfacet
facet normal 0 -0 -1
  outer loop
    vertex 1 1 0
    vertex 1 0.8333333333333321 0
    vertex 0.8779915320718531 0.8779915320718531 0
  endloop
endfacet
facet normal 0 0 -1
  outer loop
    vertex 0.8333333333333321 1 0
    vertex 1 1 0
    vertex 0.8779915320718531 0.8779915320718531 0
  endloop
endfacet
facet normal 0 0 -1
  outer loop
    vertex 0 0 0
    vertex 0 0.1666666666666662 0
    vertex 0.1220084679281458 0.1220084679281458 0
  endloop
endfacet
facet normal 0 0 -1
  outer loop
    vertex 0.1666666666666662 0 0
    vertex 0 0 0
    vertex 0.1220084679281458 0.1220084679281458 0
  endloop
endfacet
facet normal 0 0 -1
  outer loop
    vertex 0 0.8333333333333321 0
    vertex 0 1 0
    vertex 0.1220084679281456 0.8779915320718541 0
  endloop
endfacet
facet normal 0 0 -1
  outer loop
    vertex 1 0 0
    vertex 0.8333333333333321 0 0
    vertex 0.8779915320718541 0.1220084679281456 0
  endloop
endfacet
facet normal 0 0 -1
  outer loop
    vertex 0 1 0
    vertex 0.1666666666666662 1 0
    vertex 0.1220084679281456 0.8779915320718541 0
  endloop
endfacet
facet normal 0 -0 -1
  outer loop
    vertex 1 0.1666666666666662 0
    vertex 1 0 0
    vertex 0.8779915320718541 0.1220084679281456 0
  endloop
endfacet
facet normal 0 -0 -1
  outer loop
    vertex 0.4226497308103761 0.6666666666666643 0
    vertex 0.4250635842210114 0.5009256300262586 0
    vertex 0.3131019839180587 0.5784344142880585 0
  endloop
endfacet
facet normal 0 0 -1
  outer loop
    vertex 0 0.3333333333333324 0
    vertex 0 0.4999999999999986 0
    vertex 0.1148745817404412 0.4194237047101676 0
  endloop
endfacet
facet normal 0 0 -1
  outer loop
    vertex 0.1369493419813703 0.7528831044824418 0
    vertex 0.2477062749977593 0.8611620212026556 0
    vertex 0.2820285491203464 0.7120763953229133 0
  endloop
endfacet
facet normal 0 0 -1
  outer loop
    vertex 0.2722221709498887 0.4199000080986986 0
    vertex 0.421266030862663 0.3399105658185371 0
    vertex 0.3044802942638072 0.2661276371112273 0
  endloop
endfacet
facet normal 0 0 -1
  outer loop
    vertex 0.2555622040077321 0.139278356241809 0
    vertex 0.1513080901435648 0.2623742252847558 0
    vertex 0.3044802942638072 0.2661276371112273 0
  endloop
endfacet
facet normal 0 0 -1
  outer loop
    vertex 0.5669872981077819 0.5833333333333311 0
    vertex 0.4226497308103761 0.6666666666666643 0
    vertex 0.5502404735808378 0.7209936490538891 0
  endloop
endfacet
facet normal 0 0 -1
  outer loop
    vertex 0.421266030862663 0.3399105658185371 0
    vertex 0.5638129342155495 0.4222204468242281 0
    vertex 0.5403355914375439 0.2779307368082874 0
  endloop
endfacet
facet normal 0 0 -1
  outer loop
    vertex 0.8333333333333321 0 0
    vertex 0.7514051943308966 0.1388270992305415 0
    vertex 0.8779915320718541 0.1220084679281456 0
  endloop
endfacet
facet normal 0 0 -1
  outer loop
    vertex 0.2555622040077321 0.139278356241809 0
    vertex 0.1666666666666662 0 0
    vertex 0.1220084679281458 0.1220084679281458 0
  endloop
endfacet
facet normal 0 0 -1
  outer loop
    vertex 0.1369493419813703 0.7528831044824418 0
    vertex 0 0.8333333333333321 0
    vertex 0.1220084679281456 0.8779915320718541 0
  endloop
endfacet
facet normal 0 0 -1
  outer loop
    vertex 0.7514957068082695 0.8613549960618434 0
    vertex 0.8333333333333321 1 0
    vertex 0.8779915320718531 0.8779915320718531 0
  endloop
endfacet
facet normal 0 -0 -1
  outer loop
    vertex 0.1666666666666662 1 0
    vertex 0.2477062749977593 0.8611620212026556 0
    vertex 0.1220084679281456 0.8779915320718541 0
  endloop
endfacet
facet normal -0 0 -1
  outer loop
    vertex 1 0.8333333333333321 0
    vertex 0.858871325824028 0.7492937717865189 0
    vertex 0.8779915320718531 0.8779915320718531 0
  endloop
endfacet
facet normal 0 0 -1
  outer loop
    vertex 0 0.1666666666666662 0
    vertex 0.1513080901435648 0.2623742252847558 0
    vertex 0.1220084679281458 0.1220084679281458 0
  endloop
endfacet
facet normal 0 0 -1
  outer loop
    vertex 0.8588713258240283 0.2507062282134787 0
    vertex 1 0.1666666666666662 0
    vertex 0.8779915320718541 0.1220084679281456 0
  endloop
endfacet
facet normal -0 0 -1
  outer loop
    vertex 0.4226497308103761 0.6666666666666643 0
    vertex 0.3131019839180587 0.5784344142880585 0
    vertex 0.2820285491203464 0.7120763953229133 0
  endloop
endfacet
facet normal 0 0 -1
  outer loop
    vertex 0.7514051943308966 0.1388270992305415 0
    vertex 0.8588713258240283 0.2507062282134787 0
    vertex 0.8779915320718541 0.1220084679281456 0
  endloop
endfacet
facet normal -0 0 -1
  outer loop
    vertex 0.2477062749977593 0.8611620212026556 0
    vertex 0.1369493419813703 0.7528831044824418 0
    vertex 0.1220084679281456 0.8779915320718541 0
  endloop
endfacet
facet normal 0 0 -1
  outer loop
    vertex 0.858871325824028 0.7492937717865189 0
    vertex 0.7514957068082695 0.8613549960618434 0
    vertex 0.8779915320718531 0.8779915320718531 0
  endloop
endfacet
facet normal 0 -0 -1
  outer loop
    vertex 0.1513080901435648 0.2623742252847558 0
    vertex 0.2555622040077321 0.139278356241809 0
    vertex 0.1220084679281458 0.1220084679281458 0
  endloop
endfacet
facet normal 0 -0 1
  outer loop
    vertex 0.6975287124464881 0.692564646662274 1
    vertex 0.7514957068082694 0.8613549960618434 1
    vertex 0.5977876091177629 0.8506173125074281 1
  endloop
endfacet
facet normal -0 0 1
  outer loop
    vertex 0.5977876091177626 0.1493826874925709 1
    vertex 0.7514051943308966 0.1388270992305415 1
    vertex 0.6967684076365566 0.3089649537937649 1
  endloop
endfacet
facet normal 0 0 1
  outer loop
    vertex 0.5977876091177629 0.8506173125074281 1
    vertex 0.5502404735808379 0.7209936490538889 1
    vertex 0.6975287124464881 0.692564646662274 1
  endloop
endfacet
facet normal 0 0 1
  outer loop
    vertex 0.6967684076365566 0.3089649537937649 1
    vertex 0.5403355914375439 0.2779307368082873 1
    vertex 0.5977876091177626 0.1493826874925709 1
  endloop
endfacet
facet normal 0 0 1
  outer loop
    vertex 0.1508426476087526 0.5815109568340523 1
    vertex 0.1148745817404412 0.4194237047101675 1
    vertex 0.2722221709498887 0.4199000080986984 1
  endloop
endfacet
facet normal 0 -0 1
  outer loop
    vertex 0.2722221709498887 0.4199000080986984 1
    vertex 0.3131019839180586 0.5784344142880582 1
    vertex 0.1508426476087526 0.5815109568340523 1
  endloop
endfacet
facet normal 0 0 1
  outer loop
    vertex 0.2722221709498887 0.4199000080986984 1
    vertex 0.1148745817404412 0.4194237047101675 1
    vertex 0.1513080901435648 0.2623742252847558 1
  endloop
endfacet
facet normal 0 0 1
  outer loop
    vertex 0.1513080901435648 0.2623742252847558 1
    vertex 0.3044802942638072 0.2661276371112272 1
    vertex 0.2722221709498887 0.4199000080986984 1
  endloop
endfacet
facet normal 0 -0 1
  outer loop
    vertex 0.1508426476087526 0.5815109568340523 1
    vertex 0.2820285491203464 0.7120763953229133 1
    vertex 0.1369493419813702 0.7528831044824418 1
  endloop
endfacet
facet normal 0 0 1
  outer loop
    vertex 0.3131019839180586 0.5784344142880582 1
    vertex 0.2820285491203464 0.7120763953229133 1
    vertex 0.1508426476087526 0.5815109568340523 1
  endloop
endfacet
facet normal 0 0 1
  outer loop
    vertex 0.858871325824028 0.7492937717865189 1
    vertex 0.7514957068082694 0.8613549960618434 1
    vertex 0.6975287124464881 0.692564646662274 1
  endloop
endfacet
facet normal 0 0 1
  outer loop
    vertex 0.6967684076365566 0.3089649537937649 1
    vertex 0.7514051943308966 0.1388270992305415 1
    vertex 0.8588713258240283 0.2507062282134787 1
  endloop
endfacet
facet normal 0 -0 1
  outer loop
    vertex 0.422649730810376 0.6666666666666641 1
    vertex 0.5502404735808379 0.7209936490538889 1
    vertex 0.4209213154057616 0.8318012084636078 1
  endloop
endfacet
facet normal 0 -0 1
  outer loop
    vertex 0.4220429753551876 0.1691750301123359 1
    vertex 0.5403355914375439 0.2779307368082873 1
    vertex 0.421266030862663 0.3399105658185371 1
  endloop
endfacet
facet normal 0 0 1
  outer loop
    vertex 0.421266030862663 0.3399105658185371 1
    vertex 0.3044802942638072 0.2661276371112272 1
    vertex 0.4220429753551876 0.1691750301123359 1
  endloop
endfacet
facet normal 0 0 1
  outer loop
    vertex 0.4209213154057616 0.8318012084636078 1
    vertex 0.2820285491203464 0.7120763953229133 1
    vertex 0.422649730810376 0.6666666666666641 1
  endloop
endfacet
facet normal -0 0 1
  outer loop
    vertex 0.4209213154057616 0.8318012084636078 1
    vertex 0.5502404735808379 0.7209936490538889 1
    vertex 0.5977876091177629 0.8506173125074281 1
  endloop
endfacet
facet normal 0 0 1
  outer loop
    vertex 0.5977876091177626 0.1493826874925709 1
    vertex 0.5403355914375439 0.2779307368082873 1
    vertex 0.4220429753551876 0.1691750301123359 1
  endloop
endfacet
facet normal 0 0 1
  outer loop
    vertex 1 0.8333333333333321 1
    vertex 0.858871325824028 0.7492937717865189 1
    vertex 1 0.6666666666666646 1
  endloop
endfacet
facet normal 0 0 1
  outer loop
    vertex 1 0.6666666666666646 1
    vertex 0.858871325824028 0.7492937717865189 1
    vertex 0.8556624327025939 0.5833333333333316 1
  endloop
endfacet
facet normal 0 0 1
  outer loop
    vertex 0.6975287124464881 0.692564646662274 1
    vertex 0.7090255065787381 0.5043163299992666 1
    vertex 0.8556624327025939 0.5833333333333316 1
  endloop
endfacet
facet normal 0 0 1
  outer loop
    vertex 0.7090255065787381 0.5043163299992666 1
    vertex 0.6967684076365566 0.3089649537937649 1
    vertex 0.8558140217517579 0.4175037597021233 1
  endloop
endfacet
facet normal 0 0 1
  outer loop
    vertex 0.858871325824028 0.7492937717865189 1
    vertex 0.6975287124464881 0.692564646662274 1
    vertex 0.8556624327025939 0.5833333333333316 1
  endloop
endfacet
facet normal 0 0 1
  outer loop
    vertex 0.8558140217517579 0.4175037597021233 1
    vertex 0.6967684076365566 0.3089649537937649 1
    vertex 0.8588713258240283 0.2507062282134787 1
  endloop
endfacet
facet normal 0 0 1
  outer loop
    vertex 0.5669872981077819 0.583333333333331 1
    vertex 0.5638129342155496 0.422220446824228 1
    vertex 0.7090255065787381 0.5043163299992666 1
  endloop
endfacet
facet normal 0 0 1
  outer loop
    vertex 1 0.3333333333333324 1
    vertex 0.8558140217517579 0.4175037597021233 1
    vertex 0.8588713258240283 0.2507062282134787 1
  endloop
endfacet
facet normal 0 0 1
  outer loop
    vertex 0.4999999999999986 1 1
    vertex 0.4209213154057616 0.8318012084636078 1
    vertex 0.5977876091177629 0.8506173125074281 1
  endloop
endfacet
facet normal -0 0 1
  outer loop
    vertex 0.7090255065787381 0.5043163299992666 1
    vertex 0.8558140217517579 0.4175037597021233 1
    vertex 0.8556624327025939 0.5833333333333316 1
  endloop
endfacet
facet normal -0 0 1
  outer loop
    vertex 0.5638129342155496 0.422220446824228 1
    vertex 0.6967684076365566 0.3089649537937649 1
    vertex 0.7090255065787381 0.5043163299992666 1
  endloop
endfacet
facet normal 0 0 1
  outer loop
    vertex 1 0.3333333333333324 1
    vertex 0.8588713258240283 0.2507062282134787 1
    vertex 1 0.1666666666666662 1
  endloop
endfacet
facet normal 0 0 1
  outer loop
    vertex 0.8556624327025939 0.5833333333333316 1
    vertex 0.8558140217517579 0.4175037597021233 1
    vertex 1 0.4999999999999986 1
  endloop
endfacet
facet normal 0 0 1
  outer loop
    vertex 0.4999999999999986 0 1
    vertex 0.4220429753551876 0.1691750301123359 1
    vertex 0.3333333333333324 0 1
  endloop
endfacet
facet normal 0 0 1
  outer loop
    vertex 0.5977876091177626 0.1493826874925709 1
    vertex 0.4220429753551876 0.1691750301123359 1
    vertex 0.4999999999999986 0 1
  endloop
endfacet
facet normal 0 0 1
  outer loop
    vertex 0 0.1666666666666662 1
    vertex 0.1513080901435648 0.2623742252847558 1
    vertex 0 0.3333333333333324 1
  endloop
endfacet
facet normal 0 0 1
  outer loop
    vertex 0 0.4999999999999986 1
    vertex 0.1508426476087526 0.5815109568340523 1
    vertex 0 0.6666666666666646 1
  endloop
endfacet
facet normal 0 0 1
  outer loop
    vertex 0.6666666666666646 0 1
    vertex 0.5977876091177626 0.1493826874925709 1
    vertex 0.4999999999999986 0 1
  endloop
endfacet
facet normal -0 0 1
  outer loop
    vertex 0.1666666666666662 1 1
    vertex 0.2477062749977592 0.8611620212026556 1
    vertex 0.3333333333333324 1 1
  endloop
endfacet
facet normal 0 0 1
  outer loop
    vertex 0.6975287124464881 0.692564646662274 1
    vertex 0.5669872981077819 0.583333333333331 1
    vertex 0.7090255065787381 0.5043163299992666 1
  endloop
endfacet
facet normal 0 0 1
  outer loop
    vertex 0.5669872981077819 0.583333333333331 1
    vertex 0.4250635842210114 0.5009256300262583 1
    vertex 0.5638129342155496 0.422220446824228 1
  endloop
endfacet
facet normal 0 0 1
  outer loop
    vertex 0.4250635842210114 0.5009256300262583 1
    vertex 0.2722221709498887 0.4199000080986984 1
    vertex 0.421266030862663 0.3399105658185371 1
  endloop
endfacet
facet normal 0 0 1
  outer loop
    vertex 1 0.4999999999999986 1
    vertex 0.8558140217517579 0.4175037597021233 1
    vertex 1 0.3333333333333324 1
  endloop
endfacet
facet normal -0 0 1
  outer loop
    vertex 0.2477062749977592 0.8611620212026556 1
    vertex 0.4209213154057616 0.8318012084636078 1
    vertex 0.3333333333333324 1 1
  endloop
endfacet
facet normal 0 0 1
  outer loop
    vertex 0.5669872981077819 0.583333333333331 1
    vertex 0.422649730810376 0.6666666666666641 1
    vertex 0.4250635842210114 0.5009256300262583 1
  endloop
endfacet
facet normal 0 0 1
  outer loop
    vertex 1 0.6666666666666646 1
    vertex 0.8556624327025939 0.5833333333333316 1
    vertex 1 0.4999999999999986 1
  endloop
endfacet
facet normal -0 0 1
  outer loop
    vertex 0.3333333333333324 1 1
    vertex 0.4209213154057616 0.8318012084636078 1
    vertex 0.4999999999999986 1 1
  endloop
endfacet
facet normal -0 0 1
  outer loop
    vertex 0.4999999999999986 1 1
    vertex 0.5977876091177629 0.8506173125074281 1
    vertex 0.6666666666666646 1 1
  endloop
endfacet
facet normal 0 0 1
  outer loop
    vertex 0.4250635842210114 0.5009256300262583 1
    vertex 0.421266030862663 0.3399105658185371 1
    vertex 0.5638129342155496 0.422220446824228 1
  endloop
endfacet
facet normal 0 0 1
  outer loop
    vertex 0.2477062749977592 0.8611620212026556 1
    vertex 0.2820285491203464 0.7120763953229133 1
    vertex 0.4209213154057616 0.8318012084636078 1
  endloop
endfacet
facet normal -0 0 1
  outer loop
    vertex 0.6666666666666646 1 1
    vertex 0.7514957068082694 0.8613549960618434 1
    vertex 0.8333333333333321 1 1
  endloop
endfacet
facet normal 0 0 1
  outer loop
    vertex 0 0.6666666666666646 1
    vertex 0.1369493419813702 0.7528831044824418 1
    vertex 0 0.8333333333333321 1
  endloop
endfacet
facet normal 0 0 1
  outer loop
    vertex 0.8333333333333321 0 1
    vertex 0.7514051943308966 0.1388270992305415 1
    vertex 0.6666666666666646 0 1
  endloop
endfacet
facet normal 0 0 1
  outer loop
    vertex 0.3333333333333324 0 1
    vertex 0.2555622040077321 0.139278356241809 1
    vertex 0.1666666666666662 0 1
  endloop
endfacet
facet normal 0 0 1
  outer loop
    vertex 0.4220429753551876 0.1691750301123359 1
    vertex 0.3044802942638072 0.2661276371112272 1
    vertex 0.2555622040077321 0.139278356241809 1
  endloop
endfacet
facet normal -0 0 1
  outer loop
    vertex 0 0.4999999999999986 1
    vertex 0.1148745817404412 0.4194237047101675 1
    vertex 0.1508426476087526 0.5815109568340523 1
  endloop
endfacet
facet normal 0 0 1
  outer loop
    vertex 0.4250635842210114 0.5009256300262583 1
    vertex 0.3131019839180586 0.5784344142880582 1
    vertex 0.2722221709498887 0.4199000080986984 1
  endloop
endfacet
facet normal 0 0 1
  outer loop
    vertex 0.1513080901435648 0.2623742252847558 1
    vertex 0.1148745817404412 0.4194237047101675 1
    vertex 0 0.3333333333333324 1
  endloop
endfacet
facet normal 0 0 1
  outer loop
    vertex 0.5977876091177629 0.8506173125074281 1
    vertex 0.7514957068082694 0.8613549960618434 1
    vertex 0.6666666666666646 1 1
  endloop
endfacet
facet normal 0 -0 1
  outer loop
    vertex 0.6666666666666646 0 1
    vertex 0.7514051943308966 0.1388270992305415 1
    vertex 0.5977876091177626 0.1493826874925709 1
  endloop
endfacet
facet normal 0 0 1
  outer loop
    vertex 0.1508426476087526 0.5815109568340523 1
    vertex 0.1369493419813702 0.7528831044824418 1
    vertex 0 0.6666666666666646 1
  endloop
endfacet
facet normal 0 0 1
  outer loop
    vertex 0.4220429753551876 0.1691750301123359 1
    vertex 0.2555622040077321 0.139278356241809 1
    vertex 0.3333333333333324 0 1
  endloop
endfacet
facet normal 0 0 1
  outer loop
    vertex 0.6975287124464881 0.692564646662274 1
    vertex 0.5502404735808379 0.7209936490538889 1
    vertex 0.5669872981077819 0.583333333333331 1
  endloop
endfacet
facet normal 0 0 1
  outer loop
    vertex 0.5638129342155496 0.422220446824228 1
    vertex 0.5403355914375439 0.2779307368082873 1
    vertex 0.6967684076365566 0.3089649537937649 1
  endloop
endfacet
facet normal 0 0 1
  outer loop
    vertex 1 1 1
    vertex 0.8779915320718531 0.8779915320718531 1
    vertex 1 0.8333333333333321 1
  endloop
endfacet
facet normal -0 0 1
  outer loop
    vertex 0.8333333333333321 1 1
    vertex 0.8779915320718531 0.8779915320718531 1
    vertex 1 1 1
  endloop
endfacet
facet normal 0 0 1
  outer loop
    vertex 0 0 1
    vertex 0.1220084679281459 0.1220084679281459 1
    vertex 0 0.1666666666666662 1
  endloop
endfacet
facet normal 0 0 1
  outer loop
    vertex 0.1666666666666662 0 1
    vertex 0.1220084679281459 0.1220084679281459 1
    vertex 0 0 1
  endloop
endfacet
facet normal 0 0 1
  outer loop
    vertex 1 0 1
    vertex 0.8779915320718541 0.1220084679281456 1
    vertex 0.8333333333333321 0 1
  endloop
endfacet
facet normal 0 0 1
  outer loop
    vertex 0 0.8333333333333321 1
    vertex 0.1220084679281455 0.8779915320718541 1
    vertex 0 1 1
  endloop
endfacet
facet normal -0 0 1
  outer loop
    vertex 0 1 1
    vertex 0.1220084679281455 0.8779915320718541 1
    vertex 0.1666666666666662 1 1
  endloop
endfacet
facet normal 0 0 1
  outer loop
    vertex 1 0.1666666666666662 1
    vertex 0.8779915320718541 0.1220084679281456 1
    vertex 1 0 1
  endloop
endfacet
facet normal 0 0 1
  outer loop
    vertex 0 0.3333333333333324 1
    vertex 0.1148745817404412 0.4194237047101675 1
    vertex 0 0.4999999999999986 1
  endloop
endfacet
facet normal 0 0 1
  outer loop
    vertex 0.422649730810376 0.6666666666666641 1
    vertex 0.3131019839180586 0.5784344142880582 1
    vertex 0.4250635842210114 0.5009256300262583 1
  endloop
endfacet
facet normal -0 0 1
  outer loop
    vertex 0.1369493419813702 0.7528831044824418 1
    vertex 0.2820285491203464 0.7120763953229133 1
    vertex 0.2477062749977592 0.8611620212026556 1
  endloop
endfacet
facet normal 0 0 1
  outer loop
    vertex 0.2722221709498887 0.4199000080986984 1
    vertex 0.3044802942638072 0.2661276371112272 1
    vertex 0.421266030862663 0.3399105658185371 1
  endloop
endfacet
facet normal 0 -0 1
  outer loop
    vertex 0.2555622040077321 0.139278356241809 1
    vertex 0.3044802942638072 0.2661276371112272 1
    vertex 0.1513080901435648 0.2623742252847558 1
  endloop
endfacet
facet normal 0 0 1
  outer loop
    vertex 0.5669872981077819 0.583333333333331 1
    vertex 0.5502404735808379 0.7209936490538889 1
    vertex 0.422649730810376 0.6666666666666641 1
  endloop
endfacet
facet normal -0 0 1
  outer loop
    vertex 0.421266030862663 0.3399105658185371 1
    vertex 0.5403355914375439 0.2779307368082873 1
    vertex 0.5638129342155496 0.422220446824228 1
  endloop
endfacet
facet normal 0 -0 1
  outer loop
    vertex 0.8333333333333321 0 1
    vertex 0.8779915320718541 0.1220084679281456 1
    vertex 0.7514051943308966 0.1388270992305415 1
  endloop
endfacet
facet normal 0 0 1
  outer loop
    vertex 0.1369493419813702 0.7528831044824418 1
    vertex 0.1220084679281455 0.8779915320718541 1
    vertex 0 0.8333333333333321 1
  endloop
endfacet
facet normal 0 0 1
  outer loop
    vertex 0.2555622040077321 0.139278356241809 1
    vertex 0.1220084679281459 0.1220084679281459 1
    vertex 0.1666666666666662 0 1
  endloop
endfacet
facet normal 0 0 1
  outer loop
    vertex 0.7514957068082694 0.8613549960618434 1
    vertex 0.8779915320718531 0.8779915320718531 1
    vertex 0.8333333333333321 1 1
  endloop
endfacet
facet normal -0 0 1
  outer loop
    vertex 0 0.1666666666666662 1
    vertex 0.1220084679281459 0.1220084679281459 1
    vertex 0.1513080901435648 0.2623742252847558 1
  endloop
endfacet
facet normal 0 0 1
  outer loop
    vertex 1 0.8333333333333321 1
    vertex 0.8779915320718531 0.8779915320718531 1
    vertex 0.858871325824028 0.7492937717865189 1
  endloop
endfacet
facet normal 0 0 1
  outer loop
    vertex 0.1666666666666662 1 1
    vertex 0.1220084679281455 0.8779915320718541 1
    vertex 0.2477062749977592 0.8611620212026556 1
  endloop
endfacet
facet normal 0 0 1
  outer loop
    vertex 0.8588713258240283 0.2507062282134787 1
    vertex 0.8779915320718541 0.1220084679281456 1
    vertex 1 0.1666666666666662 1
  endloop
endfacet
facet normal 0 0 1
  outer loop
    vertex 0.422649730810376 0.6666666666666641 1
    vertex 0.2820285491203464 0.7120763953229133 1
    vertex 0.3131019839180586 0.5784344142880582 1
  endloop
endfacet
facet normal -0 0 1
  outer loop
    vertex 0.7514051943308966 0.1388270992305415 1
    vertex 0.8779915320718541 0.1220084679281456 1
    vertex 0.8588713258240283 0.2507062282134787 1
  endloop
endfacet
facet normal 0 0 1
  outer loop
    vertex 0.2477062749977592 0.8611620212026556 1
    vertex 0.1220084679281455 0.8779915320718541 1
    vertex 0.1369493419813702 0.7528831044824418 1
  endloop
endfacet
facet normal 0 -0 1
  outer loop
    vertex 0.858871325824028 0.7492937717865189 1
    vertex 0.8779915320718531 0.8779915320718531 1
    vertex 0.7514957068082694 0.8613549960618434 1
  endloop
endfacet
facet normal 0 0 1
  outer loop
    vertex 0.1513080901435648 0.2623742252847558 1
    vertex 0.1220084679281459 0.1220084679281459 1
    vertex 0.2555622040077321 0.139278356241809 1
  endloop
endfacet
endsolid Created by Gmsh
